CRASH_RECORD_ID,CRASH_DATE,WEATHER_CONDITION,LIGHTING_CONDITION,ROADWAY_SURFACE_COND,REPORT_TYPE,DATE_POLICE_NOTIFIED,LATITUDE,LONGITUDE,LOCATION,CRASH_TYPE,CRASH_MONTH,CRASH_YEAR,CRASH_TIME
5f54a59fcb087b12ae5b1acff96a3caf4f2d37e79f8db4106558b34b8a6d2b81af02cf91b576ecd7ced08ffd10fcfd940a84f7613125b89d33636e6075064e22,2023-07-29 14:45:00,CLEAR,DAYLIGHT,DRY,ON SCENE,07/29/2023 02:45:00 PM,41.854120263,-87.665902343,POINT (-87.665902342962 41.854120262952),C,7,2023,14:45:00
fd05285e9d273fe20cbbebf84794045828a2ba589073b6c92a05f7656d6a31172e5e79847caf4c04f3bebf91ed7f2cab1a871cf53690f71f3d940f839a1c8fc4,2023-07-29 14:30:00,UNKNOWN,UNKNOWN,UNKNOWN,NOT ON SCENE (DESK REPORT),08/03/2023 01:55:00 PM,41.809781151,-87.594212812,POINT (-87.594212812011 41.809781151018),C,7,2023,14:30:00
4a1f7a24129e5e1d4a7a2fd44ab6f8822a20bcdb2f627f490af8975d8c14e9fadf2d7b533a09a7e8c2cc57a4b3563803d7d4eb4db3892337cf233f1f0f154013,2023-08-13 10:10:00,CLEAR,DAYLIGHT,DRY,ON SCENE,08/13/2023 10:29:00 AM,41.975852858,-87.70913432,POINT (-87.709134319958 41.975852858025),C,8,2023,10:10:00
1ee2180a89cc02c0b756f95b5b2755bb5cc9d93450f5caafaee5cb5c6aa75adafd251402ac205833ff78be9c9a0eb799f33d9c854975cf3a8e10c6a7d28116c7,2023-08-09 19:55:00,CLEAR,DAYLIGHT,DRY,ON SCENE,08/09/2023 08:00:00 PM,41.758245505,-87.626521907,POINT (-87.626521907009 41.758245504966),C,8,2023,19:55:00
64063a32537af636c3a234b85f6a67ecb159a34af31da51f86961959bce9cec811ae891cdf9c519c462e883749757bf53239ce9e74942d8d1e73cb81ea3dc859,2023-08-19 16:50:00,UNKNOWN,UNKNOWN,UNKNOWN,NOT ON SCENE (DESK REPORT),08/19/2023 05:30:00 PM,41.903639931,-87.65554697,POINT (-87.655546970003 41.903639930952),C,8,2023,16:50:00
5590930e0c8de54aff531280946aebabcdd5ce798a37bba57e348767963ab9972abc4995b39885f423f226e2898df17ffef38424e81ea9cabd20fa22fd10c9c3,2023-07-30 12:30:00,UNKNOWN,UNKNOWN,UNKNOWN,NOT ON SCENE (DESK REPORT),07/30/2023 05:30:00 PM,41.924441971,-87.721111935,POINT (-87.721111934959 41.924441970981),C,7,2023,12:30:00
c107aea0fb8320ca5e7676759af9399cffe67f3ac8e4292e448a54ef70cf2196867af4481c6acb568341407b99430956b7a8a30d7193127d31f16891e90eab8d,2023-09-19 17:40:00,CLEAR,DAYLIGHT,UNKNOWN,NOT ON SCENE (DESK REPORT),09/19/2023 07:00:00 PM,41.654263202,-87.608382357,POINT (-87.608382357018 41.654263202013),C,9,2023,17:40:00
39f9bf68f766b70961a951d50a848357a078576778d3825f303eb9b3e656cd39b0659b6edc8b2b67641052f0d5ae502e2109b42876dafada4caed33b04c19eef,2023-09-06 18:45:00,CLEAR,DAYLIGHT,DRY,NOT ON SCENE (DESK REPORT),09/06/2023 06:45:00 PM,41.921729807,-87.663234201,POINT (-87.663234201004 41.921729806985),C,9,2023,18:45:00
db61137bc4bb19b84665da12c4c367592e874c623f76a1159a998cf6fafa7dd225820a30a5c4dd36ff4a7147d70c85395dd9b0dfaeea511be8cc8161e8148e07,2023-07-30 18:09:00,CLEAR,DAYLIGHT,DRY,NOT ON SCENE (DESK REPORT),07/30/2023 07:25:00 PM,41.893773028,-87.712756512,POINT (-87.712756512047 41.893773027997),C,7,2023,18:09:00
8640aa03a86f10df7a8c1dafc03d1551c4a4c0262397f3ab7bccb2b62e75f94132f1f92953d980712fce89d1c374f1a30c239475c880303d9842bba5b8987775,2023-09-06 11:00:00,CLEAR,DAYLIGHT,DRY,ON SCENE,09/06/2023 11:30:00 AM,41.937252171,-87.776320528,POINT (-87.776320528037 41.937252170984),C,9,2023,11:00:00
888daacc1e40bb00d59ceb2a966047f99d067459fe6c908ca9491b41ad630358262c9db07be0284610abc9a5a53e8dbb394dbae1560af76f78e9ddb038190c45,2023-09-06 00:59:00,RAIN,"DARKNESS, LIGHTED ROAD",WET,ON SCENE,09/06/2023 12:59:00 AM,41.910530014,-87.667050586,POINT (-87.66705058601 41.910530014022),C,9,2023,00:59:00
8e2bc2311dd20bae1f3e254d27c611a9a7a81c0d272f721cf495ceba2a8eed223cfa087110247e5ba25d3522ddc1450edcf209f50c5712104579e5e3bd6ef9bb,2023-09-23 13:10:00,CLEAR,DAYLIGHT,DRY,NOT ON SCENE (DESK REPORT),09/23/2023 06:20:00 PM,41.885960618,-87.648502798,POINT (-87.648502797958 41.885960617958),C,9,2023,13:10:00
f1779af8b006d956f29723ac415bd54b61ef9acf84e38e1773eaa7241b1fa092a2841f9dae6d49fb004b99b5ff7996ec856387f0bf4182602177aefcc43b8887,2023-09-23 15:00:00,CLEAR,DAYLIGHT,UNKNOWN,NOT ON SCENE (DESK REPORT),09/23/2023 04:15:00 PM,42.010341686,-87.672331815,POINT (-87.672331815029 42.01034168595),C,9,2023,15:00:00
704a1a6726590f98281e76f9a5ddaa86155921b82a28631a4af2c331aa4749099206886b2c42b964ae06c867aa08cb2a69b7f5b57881cf2bc8786bba6b2a7c2a,2023-08-14 15:45:00,RAIN,DAYLIGHT,WET,ON SCENE,08/14/2023 03:53:00 PM,41.735751901,-87.659561832,POINT (-87.65956183196 41.735751900992),C,8,2023,15:45:00
02a3884249e68a0769443478ef297d0135fa7d7b498c64029296d595c562d1e28395ea53aa7325a5436aa44ab5e3dee060093f5ba7ab66658d520ded4a03d691,2023-07-31 02:00:00,CLEAR,"DARKNESS, LIGHTED ROAD",DRY,ON SCENE,07/31/2023 02:02:00 AM,41.718183952,-87.551164909,POINT (-87.551164909027 41.718183951986),C,7,2023,02:00:00
0a29b0429c4d0e851fb03dfe40f88defd8bdc352a1ee8c8471eef8b5495039ca7a3b60a55860d9cd3f35279673c7549abd91758b8123cf8650c7400f4f427bc9,2023-07-31 20:00:00,CLEAR,DAYLIGHT,DRY,NOT ON SCENE (DESK REPORT),08/01/2023 05:00:00 PM,41.78635453,-87.705652179,POINT (-87.705652179046 41.786354530043),C,7,2023,20:00:00
bde92bfca22985fc0b0354b01d1eb8b71e312ff6b171c194c2815eff8464a9f38d668035dfa1c0de668e8aa383cfbc4779447effa6c2853eef22df40426ec13a,2023-08-20 07:00:00,UNKNOWN,UNKNOWN,UNKNOWN,NOT ON SCENE (DESK REPORT),08/20/2023 08:35:00 AM,41.777121675,-87.692925138,POINT (-87.692925138017 41.777121674979),C,8,2023,07:00:00
d0ec570bb7a076dddf83ecc23884e58ec0625d73de48f270c932be49ee108e9f2d50a77968c6649b3def001564e9c59bb7d5a4647877173d82f8f8b5fb466acb,2023-08-20 12:16:00,CLEAR,DAYLIGHT,DRY,NOT ON SCENE (DESK REPORT),08/20/2023 01:40:00 PM,41.808749374,-87.66230696,POINT (-87.662306960034 41.808749374011),C,8,2023,12:16:00
48a4fac22764f7385c386cef481fccf06d766e3008855e3e6105fb83c957c248f25ee3be5fd835b45592c3a33280ce019fe9f61d259e41ce94984e56e8511405,2023-09-15 09:15:00,CLEAR,DAYLIGHT,DRY,NOT ON SCENE (DESK REPORT),09/21/2023 05:40:00 PM,41.773765662,-87.722781154,POINT (-87.72278115402 41.773765661984),C,9,2023,09:15:00
fe9c230df33a8c834bf81b510cd488885992b21cf1a57feec93691e4044e65da9f4f3460f32602c6205498a3571620833bbd9860450aa8514f3f3e891ab08421,2023-07-31 13:00:00,CLEAR,DAYLIGHT,DRY,NOT ON SCENE (DESK REPORT),07/31/2023 01:30:00 PM,41.924439291,-87.739490621,POINT (-87.739490621032 41.924439290993),C,7,2023,13:00:00
5692fa5d323f414ae701dc19ad144024cf56f96b0c9bce42030627b4f0fc4d16e71db998c14bbc4eca006bbf8e70238870176c3ffd5e62d3c9b366d6f8f5b46d,2023-10-08 03:45:00,CLEAR,DARKNESS,UNKNOWN,NOT ON SCENE (DESK REPORT),10/08/2023 04:35:00 AM,41.965493365,-87.65871372,POINT (-87.658713719955 41.965493364999),C,10,2023,03:45:00
61bd18c14262aa0b4b71e278dc1c821b868d0b92336a4875caa41674cd713547149a55f7f7deed97c04eae326a80db4cc0c2d63f893cacceca5d8cbd27c18b57,2023-10-08 02:15:00,CLEAR,"DARKNESS, LIGHTED ROAD",DRY,ON SCENE,10/08/2023 02:16:00 AM,41.830595328,-87.665423764,POINT (-87.665423764019 41.830595327951),C,10,2023,02:15:00
513cecd3b5153b3fa72464bb272d3fa147ade05eb03143d8d95e9e77ca5795475c4402b949ed48c5aa43b6d10ca5cbde288ee59619e7726cf9deda607d99be1c,2023-09-24 02:00:00,UNKNOWN,UNKNOWN,UNKNOWN,NOT ON SCENE (DESK REPORT),09/24/2023 07:55:00 PM,41.667111804,-87.63305917,POINT (-87.633059170025 41.667111804032),C,9,2023,02:00:00
71f07c17ca207ba5346c286d3a28842d09d59b36d616b166337377cd27b96710824865dc19b332daa1e03a99ca8103ee43aa2ed7abd9056dfe3d7f33cff88242,2023-08-13 01:25:00,CLEAR,"DARKNESS, LIGHTED ROAD",DRY,ON SCENE,08/13/2023 01:45:00 AM,41.761936607,-87.626635614,POINT (-87.626635613963 41.761936607048),C,8,2023,01:25:00
bc7ec482f6bb0e0a80ff49eee929f0e85384d3f62b8b137f6ed31f95abf070d8fa84b03d659167b77492209acbad05c7e7e8f1970b1da4965ec058b608a70e23,2023-09-07 17:30:00,CLEAR,DAYLIGHT,DRY,NOT ON SCENE (DESK REPORT),09/08/2023 11:35:00 AM,41.921729807,-87.663234201,POINT (-87.663234201004 41.921729806985),C,9,2023,17:30:00
2726bbeef554bcd5502a878fbe1539038ebc03a86e5ed7c8228cdde7bc48818fd55bbe047e56aa29f29d375bc41d9bce2eb68bbcbf96caf22302b19c682f8413,2023-08-09 07:00:00,CLEAR,DAYLIGHT,DRY,ON SCENE,08/09/2023 07:48:00 AM,41.763665021,-87.621796302,POINT (-87.621796301972 41.763665021044),C,8,2023,07:00:00
083d1d01608588748a8eb6a9ba50926411357abc81e7cf502632159c694206cd11c954340149d4d7a9054ddfd2384a6e8c7af698059a81a5b44d254afa1cfe9d,2023-08-14 13:50:00,RAIN,DAYLIGHT,WET,ON SCENE,08/14/2023 02:09:00 PM,41.923910668,-87.777386127,POINT (-87.777386127036 41.923910667953),C,8,2023,13:50:00
2a2762c3507471675211650dbab3420b6c203bdd9f53ac0ea50375a3a7eef457b48b254c5e6505aa0a5f9f998bbe574b4c1ef311dfca72f165cdae9546fcdc40,2023-08-15 17:43:00,CLEAR,DAYLIGHT,DRY,ON SCENE,08/15/2023 05:43:00 PM,41.7715331,-87.644717151,POINT (-87.644717150986 41.771533099997),C,8,2023,17:43:00
0388a8bc3bda7add86b5e25e2999588178bdfb5de2951f6059ffaa7a51193fb8a2f0c57f0b51e6bcc4e73cc8370e3020b7855d8971f8a94086bb4d118a4ef9b9,2023-08-01 14:14:00,CLEAR,DAYLIGHT,DRY,ON SCENE,08/01/2023 02:18:00 PM,41.976033133,-87.671642688,POINT (-87.671642688042 41.976033132989),C,8,2023,14:14:00
54be04f9f10fb44cb9045e4009c356d67bf76398d815c54dfebd8f8d82281d9bd94f698372c7d191a0f02d5432bc4a1a60fa93e1feeeee99b40e5f6d9b6ef118,2023-08-21 15:35:00,CLEAR,DAYLIGHT,UNKNOWN,NOT ON SCENE (DESK REPORT),08/21/2023 04:15:00 PM,41.75869138,-87.60533417,POINT (-87.605334170015 41.75869137995),C,8,2023,15:35:00
0e0482b1eb2fa321484d8cf151a8874129474e66d0cb8f7d8585fbffb1bbd172e74d6ccf7fe44fe17594707c095a236a696c8c0381f53c82268182158f66cb88,2023-08-01 23:45:00,CLEAR,"DARKNESS, LIGHTED ROAD",DRY,ON SCENE,08/01/2023 11:53:00 PM,41.866119494,-87.720927574,POINT (-87.720927573996 41.866119493974),C,8,2023,23:45:00
26e904875b56f4b54be61cb3614c69c4922b7e2be6378781b456eba660bcd8c09037b7e8f655dd0e0b47b9031423d77e48d902f0b89443af187fe8d5e307b42b,2023-08-01 15:29:00,CLEAR,DAYLIGHT,DRY,ON SCENE,08/01/2023 04:10:00 PM,41.912793335,-87.633658093,POINT (-87.633658092957 41.912793334996),C,8,2023,15:29:00
9da0d5739ba205931cb1d113c31ea330fe798cfe20494d3270de59293eafd5e6f32980cbceba79e94cbbcfe265bf53cef8b15200c412fad351f2f9493c608a7e,2023-08-21 15:28:00,CLEAR,DAYLIGHT,DRY,ON SCENE,08/21/2023 03:37:00 PM,41.984874268,-87.787555484,POINT (-87.787555484022 41.984874268025),C,8,2023,15:28:00
c2c7b03d776ed73c9c68fa16e639b67ec936859bbdd299f5013e4063528e82e67dbc54cf09588a0828d2cb36bdeb4adfcb439a3b48d0e4f6d5a13d4fb4606b8a,2023-09-24 10:25:00,CLEAR,DAYLIGHT,DRY,NOT ON SCENE (DESK REPORT),09/24/2023 11:00:00 AM,41.830728826,-87.655813252,POINT (-87.655813252029 41.830728825995),C,9,2023,10:25:00
91b3ca4b114a3f3dcb34cfd42e02e8e1fd0ccfaf1983e8439b69e199fb1248b6ee4b597f46eff24ae05421b85f8a6a5985982c7e4eb5eae49e74a131cb08538e,2023-08-01 16:30:00,CLEAR,DAYLIGHT,DRY,NOT ON SCENE (DESK REPORT),08/01/2023 06:45:00 PM,41.931607951,-87.697755776,POINT (-87.697755776035 41.931607951049),C,8,2023,16:30:00
a5148efd1daca1a75626ac46aa374cbedc7dc7c39188e6656bd42bf981e8c7e696b99bcff37c41b8444e91049ce86853dd5eaf153a76249f7b560bd6072fa435,2023-08-01 01:00:00,UNKNOWN,"DARKNESS, LIGHTED ROAD",UNKNOWN,NOT ON SCENE (DESK REPORT),08/01/2023 10:30:00 AM,41.773455972,-87.585022352,POINT (-87.585022352022 41.773455972008),C,8,2023,01:00:00
e6cafda32fd9282b52f7f352176b5ded3f75a164fd489deb2d49ea3e3a6e3e6fdce416f9d130532be43baf222857d24b86765e991132e822f98ef4280a1917dd,2023-08-21 14:30:00,CLEAR,DAYLIGHT,DRY,ON SCENE,08/21/2023 02:46:00 PM,41.975355803,-87.65189745,POINT (-87.651897449989 41.975355802966),C,8,2023,14:30:00
f788f1dbf0f0f5473e1bc495f32798c503c106d0ff795ffae3c43a4da26ef7e8b65c052e8b31a2bc89ca6f6b8ca736160ca06546ae2d2779c7b6d86a52406487,2023-08-01 18:15:00,CLEAR,DAYLIGHT,DRY,NOT ON SCENE (DESK REPORT),08/01/2023 07:30:00 PM,41.720909446,-87.676688567,POINT (-87.676688567013 41.720909446007),C,8,2023,18:15:00
2535355d96f75047afe866ec848126deede3e85b693b96bfeacfa117e0e0e571c115cff9fd08756bee151cd7ee0ff597775b1b61e9802084b464d46afa4f5410,2023-09-20 22:30:00,CLEAR,DAYLIGHT,DRY,NOT ON SCENE (DESK REPORT),09/21/2023 05:39:00 PM,41.718240663,-87.640850003,POINT (-87.640850002967 41.718240662967),C,9,2023,22:30:00
17824bcc2cc803d863595c4895618697c37e95bb8445847df2284c1d77ba5169a00f3b68f391714bdcf62de156d0456456e4e786b406e3dec380aeec0bffad3f,2023-09-05 18:05:00,CLEAR,DAYLIGHT,DRY,NOT ON SCENE (DESK REPORT),09/05/2023 07:40:00 PM,41.853925003,-87.691105149,POINT (-87.691105148972 41.853925002995),C,9,2023,18:05:00
466a8d64ee53ada7a647e93de65a54fed5458d087c7a1fedb4812c85e60a6c3dc71ed1febce6862a049fcdacbb98ee50f1f5957eb0fc8e87455f8c2f28435934,2023-08-15 18:50:00,CLEAR,DAYLIGHT,UNKNOWN,NOT ON SCENE (DESK REPORT),08/15/2023 07:37:00 PM,41.9461579,-87.656576302,POINT (-87.656576302048 41.946157900045),C,8,2023,18:50:00
b04f80dbab0e1aca77264c29988808826526b54f27dda6039d73f349a7b9b38e7f331b0cb4f7293e62336a4cc768074492a3085e4f85782e6282e9172aa0d409,2023-08-16 02:51:00,CLEAR,"DARKNESS, LIGHTED ROAD",DRY,ON SCENE,08/16/2023 03:05:00 AM,41.950676839,-87.643784743,POINT (-87.64378474303 41.950676838996),C,8,2023,02:51:00
1427cd0702d2529d261cfe3cdd8b3c44fd19d4b3b768344470890dee906251fbd20ff350799174ecfe993f887afc61b10d03d44c307cf33f48e4e8ee1aa7ae13,2023-08-16 07:00:00,CLEAR,DAYLIGHT,DRY,NOT ON SCENE (DESK REPORT),08/16/2023 07:30:00 AM,41.891011447,-87.666996498,POINT (-87.666996498025 41.891011446962),C,8,2023,07:00:00
758c4e911c8c5dfc0553aa3d039d1ddaca56db5ec6fb2a4bc26608b6af8e4d7026a6badf30c48c43754c1c2bb348e19ce650f3d238bb4a32d1638540cd19f1eb,2023-08-22 15:50:00,CLEAR,DAYLIGHT,DRY,NOT ON SCENE (DESK REPORT),08/22/2023 06:01:00 PM,41.73525899,-87.721597599,POINT (-87.721597599006 41.735258990001),C,8,2023,15:50:00
252143a7033e30525c01f82fe4e0587ee5a635ef898b1a7075fc022fe2bb1ab8827ec55be029dca895a411ba824ba81ec73a42f06d28e2661784a276dc86e5eb,2023-08-02 20:53:00,CLEAR,"DARKNESS, LIGHTED ROAD",DRY,ON SCENE,08/02/2023 08:53:00 PM,41.830728826,-87.655813252,POINT (-87.655813252029 41.830728825995),C,8,2023,20:53:00
8ed87c3f666945c630ddb1bbb69fc080edcf5c059c3227c4da654e580ddfe722c53af4ecba1b909054a30301283dd4dad6ea14b06b1d04e9b880167d11babc83,2023-09-08 15:35:00,CLEAR,DAYLIGHT,WET,ON SCENE,09/08/2023 03:41:00 PM,41.706714203,-87.653813468,POINT (-87.653813467968 41.706714202986),C,9,2023,15:35:00
ca87617224f6b18d02ecdeb01ee1d54b9e7892eaced99727cf517d5101eb370d7aba7eb19901167cbb6feceec0fe2043df00448c0eb27c0f8f7dda8a19f6b10b,2023-08-22 08:05:00,CLEAR,DAYLIGHT,DRY,NOT ON SCENE (DESK REPORT),08/22/2023 08:13:00 AM,41.945863368,-87.759519003,POINT (-87.759519002984 41.945863367999),C,8,2023,08:05:00
cd5c89884b985dec394fb089115c32a875885eb51e5ed9ae9aaf69bbd9e6e6e51f29bd0c29e0064a9d858c81cb69f600eeee52ff3b94f4f03eec9703b8f8e992,2023-08-22 15:35:00,CLEAR,DAYLIGHT,DRY,NOT ON SCENE (DESK REPORT),08/22/2023 04:43:00 PM,41.771236259,-87.724950377,POINT (-87.724950377022 41.771236259041),C,8,2023,15:35:00
7406e768c305f7f1bc8e4b494fa945da9d0f16dc9f8303b7e77bc6008adfdbfbf6a7da81c45f1554d5d3c237c78b45e5c85c9c1ee2aa9786c57918522af953d0,2023-08-02 20:50:00,CLEAR,DARKNESS,DRY,ON SCENE,08/02/2023 08:55:00 PM,41.923524728,-87.663669905,POINT (-87.663669905025 41.923524728039),C,8,2023,20:50:00
eb992317cb39c4f7d6f77104ceb311181781e954d201df55a90a964da736f32ec1b0af270801f3333eedc3af15aaf68e0959bf1b3a54186aa439097156be15d9,2023-08-22 08:34:00,CLEAR,DAYLIGHT,DRY,NOT ON SCENE (DESK REPORT),08/22/2023 11:15:00 AM,41.795225992,-87.708358282,POINT (-87.708358282013 41.795225991977),C,8,2023,08:34:00
a95b5abd4dc0b6df7648315e1cf60eb08ae379d5bbb82a97a9096b72a8cc015d8f16b9678159739198d673643a864258c0792ceaa1a7a4355fb75766df846aa3,2023-08-02 08:00:00,CLEAR,UNKNOWN,UNKNOWN,NOT ON SCENE (DESK REPORT),08/02/2023 09:30:00 AM,41.944649875,-87.756730307,POINT (-87.756730306959 41.944649874984),C,8,2023,08:00:00
d7eef728d6f8a24075e388443dae05e690dcf6ed3a0238d9216a4d3acad158d7cb06052fc51c9b583f8a54cbec11032a414d2de96fcbb5982257c87424012fb5,2023-09-08 09:35:00,RAIN,DAYLIGHT,WET,ON SCENE,09/08/2023 09:47:00 AM,41.939956718,-87.643128761,POINT (-87.643128760973 41.939956717959),C,9,2023,09:35:00
b0c815f6a1415d25c35ff7c9395f21bcd5812be827280f8f7fbbda4fca281a38ed3d27fe24fb440a72cf55368f68f22c43b3a5a78f2462c4b4351ec954c08770,2023-10-01 07:00:00,CLEAR,DAYLIGHT,DRY,NOT ON SCENE (DESK REPORT),10/01/2023 11:30:00 AM,41.690806054,-87.539043105,POINT (-87.539043104964 41.690806053966),C,10,2023,07:00:00
d170573903b6382cf3f1807a55a2c7885d2829855b73cdaee18bd93e038ef706e6c8101894e7828bc900c1a09d4395892b7d62f67d3521ea96fb4fb8c458ae58,2023-08-02 04:00:00,UNKNOWN,UNKNOWN,UNKNOWN,NOT ON SCENE (DESK REPORT),08/02/2023 02:30:00 PM,41.920725145,-87.738747987,POINT (-87.738747986953 41.920725144993),C,8,2023,04:00:00
efbed50970bc9e00e08a187f6d026ede2cd8f1b41e9f0ef0bde88d325f4aa9bf0de6b8c8b2d1f07c8b11abfa13c8bc9dbc75824c7308090a2e6659cf2b470b97,2023-09-06 15:48:00,CLEAR,DAYLIGHT,DRY,ON SCENE,09/06/2023 03:49:00 PM,41.749913202,-87.634585307,POINT (-87.634585307038 41.749913201957),C,9,2023,15:48:00
d6f60f35012b96b84ef971182566edb23ccd3fb01cf4de1027f4fc4721b96678c98c2c8148876a058571a7f5b584e7d92a81f2986a2412880487d3bafedc5bd1,2023-08-31 15:00:00,UNKNOWN,DARKNESS,UNKNOWN,NOT ON SCENE (DESK REPORT),09/06/2023 03:00:00 PM,41.737779404,-87.63894634,POINT (-87.638946339975 41.737779404014),C,8,2023,15:00:00
759ce408744a46b45cd53d414a345a380d83f370fbde1f36f2619be0d1ca5029c8331eff54756dfa3116771bdbf55c442d7a272bec5ca7e3f8b29c8130e35040,2023-09-06 13:45:00,CLEAR,DAYLIGHT,DRY,NOT ON SCENE (DESK REPORT),09/06/2023 03:10:00 PM,41.801021752,-87.682386784,POINT (-87.682386784038 41.801021751951),C,9,2023,13:45:00
2eca5f48b2592e84873025743f2a2ff0b12535dc36f40baa3b5e70808cab1c69988d580705f102c48cf1cfffc3880b265116c87ac056961f16428e15ddad5c99,2023-09-05 00:00:00,CLEAR,"DARKNESS, LIGHTED ROAD",DRY,NOT ON SCENE (DESK REPORT),09/05/2023 01:00:00 PM,41.710406145,-87.66940429,POINT (-87.669404290019 41.710406144968),C,9,2023,00:00:00
a2461bc74c8e7aa9dabe9764385789275f24a3c2677a3adc31eddb6e12db199fe3b95cb7750983c219d0ba8ebd03feccbe5c664dc7dd05e935cdda8b25169013,2023-08-17 14:20:00,CLEAR,DAYLIGHT,DRY,NOT ON SCENE (DESK REPORT),08/17/2023 04:25:00 PM,41.8820229,-87.637081412,POINT (-87.637081411989 41.88202289998),C,8,2023,14:20:00
47c8ac55258ca3b5e22f6688d5f2985a13a52e04b1e3543732c46f7e9a792a39f555f0a98ed80fab9379397fed6713ccbe3597c55bdd49a70d3e4289171371c0,2023-08-17 13:30:00,CLEAR,DAYLIGHT,DRY,NOT ON SCENE (DESK REPORT),08/17/2023 01:40:00 PM,41.995579197,-87.675876884,POINT (-87.675876883986 41.995579196996),C,8,2023,13:30:00
8ba905a8c0379f45b3587319d76c5783bab60cae45a1da8f9f8ac1a54f7891d0550c9c34aaeb573ad4e93779f49c4f6669190826f781b332ad0306988dc472a6,2023-08-17 08:34:00,CLEAR,DAYLIGHT,DRY,NOT ON SCENE (DESK REPORT),08/17/2023 10:17:00 AM,41.910217645,-87.68681776,POINT (-87.686817760033 41.91021764504),C,8,2023,08:34:00
742ff00a2748b244e82dae188df8dea99f211a4bbd617fe50a1ee449c4979ca99694eab3f3016228eb3a64a419f32b36c48c9d3c56b7cac84a30dd2d5c6832e6,2023-08-23 08:30:00,CLEAR,DAYLIGHT,DRY,ON SCENE,08/23/2023 08:31:00 AM,41.74579217,-87.635369997,POINT (-87.63536999702 41.745792169991),C,8,2023,08:30:00
7c19c8e187e343da0ee4c936edea8d8172c832b063de76b22bbbe7cf9da63308f756afedb5bf2b035e5a4e43eeedcf9c5aa8ca4972f1842d30ce053a5d04e179,2023-08-23 09:45:00,CLEAR,DAYLIGHT,DRY,NOT ON SCENE (DESK REPORT),08/23/2023 10:10:00 AM,41.99002598,-87.748472978,POINT (-87.74847297795 41.990025979963),C,8,2023,09:45:00
0f62a922e97124e59ac51467f05a785d217a7ca78036d888294f174d7affed0819f96ec246fd03e1acc140e857d62d19504353376ea7b8cacc7e974795f42895,2023-08-03 15:49:00,CLEAR,DAYLIGHT,DRY,NOT ON SCENE (DESK REPORT),08/03/2023 08:30:00 PM,41.785387445,-87.606183761,POINT (-87.606183761008 41.785387444959),C,8,2023,15:49:00
33f8abbece68d0805e0a38cec62a5f85da7b63b93fcf59fce07b708ef80b8d5c5c5afd44dd7e23c70ec6290513d863f47d7b5ba7123695523c669a03f7fe1a0c,2023-08-03 18:58:00,CLEAR,DAYLIGHT,DRY,NOT ON SCENE (DESK REPORT),08/03/2023 07:00:00 PM,41.860260262,-87.623841742,POINT (-87.623841742029 41.860260261961),C,8,2023,18:58:00
4125c3705c5c0006e5d71312fecaa2347e774431aed8f56974adc9b7d136c6b6c59672755ae80f9466877c5187a91c4e4bc5ab6bb1d7c4fe67061e6f27e1f2b4,2023-08-03 19:35:00,CLEAR,DAWN,DRY,NOT ON SCENE (DESK REPORT),08/03/2023 08:35:00 PM,41.93207393,-87.738185836,POINT (-87.738185835998 41.932073929955),C,8,2023,19:35:00
677b1bc4a0b15a056f961d15835b28197fc89f747d29d8f695b7b55a371e572a1c961d1306d4ec14602648635e7af492a04dbda158f43b2b12ea205728189680,2023-08-03 05:30:00,CLEAR,DAYLIGHT,DRY,NOT ON SCENE (DESK REPORT),08/08/2023 05:00:00 PM,41.762483498,-87.590758369,POINT (-87.590758369007 41.762483498011),C,8,2023,05:30:00
cbc67e09fef823a1ca2a1c050aa5046cf72d8efb2d4a0bf6c9edf78ce300d0aaadc4e76616de8d1c3123730d979195fb3d81047bc52f1081ba1c0f2dc6501064,2023-08-03 05:20:00,CLEAR,DAWN,DRY,ON SCENE,08/03/2023 05:37:00 AM,41.973293497,-87.80691304,POINT (-87.806913039966 41.973293497011),C,8,2023,05:20:00
a6e04efdf720adb6366d2a2ea38d67fa02e89016799a72a78706bb774a2724ff7b5b43759aa43104cb20a7d4c18b876fb7973a2bc299f8e62575e68f6aecc06a,2023-09-15 07:45:00,CLEAR,DAYLIGHT,DRY,NOT ON SCENE (DESK REPORT),09/15/2023 08:25:00 AM,41.744151639,-87.585945067,POINT (-87.585945066953 41.744151639042),C,9,2023,07:45:00
204bb0b8332ce02a3bb6752c8062dec651492672109b8e9d2e9e15ea8b7e51ccf34a65c808aa7b4bb6068fca059afeeb4c54f053b29333e9e81bc81c964bb91c,2023-09-15 21:45:00,CLEAR,"DARKNESS, LIGHTED ROAD",DRY,NOT ON SCENE (DESK REPORT),09/15/2023 10:00:00 PM,41.884600962,-87.627828521,POINT (-87.627828520965 41.884600961961),C,9,2023,21:45:00
e43349333c09539e435a8b27792c15b09d7de4ae11c132fbfc6dd30f7aa5103f82c051c2fe9cfa41072938e692087ae9c3ab91d5f895087369ce6b44e52bd0a0,2023-09-09 17:00:00,UNKNOWN,UNKNOWN,UNKNOWN,NOT ON SCENE (DESK REPORT),09/10/2023 02:20:00 PM,41.90052616,-87.712682588,POINT (-87.712682587959 41.900526159988),C,9,2023,17:00:00