CRASH_RECORD_ID,CRASH_DATE,WEATHER_CONDITION,LIGHTING_CONDITION,ROADWAY_SURFACE_COND,REPORT_TYPE,DATE_POLICE_NOTIFIED,LATITUDE,LONGITUDE,LOCATION,CRASH_TYPE,CRASH_MONTH,CRASH_YEAR,CRASH_TIME
d9968b331c9c3732074680e71649cd34781f65c3197c661743b81fe293411ff37e8b09d9bd0a75feeeb31d95a5d158c0bdea2c638e297981ebb0bc040fc6db86,2023-08-09 18:30:00,CLEAR,DAYLIGHT,UNKNOWN,NOT ON SCENE (DESK REPORT),08/09/2023 06:55:00 PM,41.712072677,-87.681644152,POINT (-87.68164415196 41.71207267704),C,8,2023,18:30:00
3b7784b36b0f26f0ad5b265eceae009c95fafd333817dcea080c04a5767db8f44049a86158b67d9efea3c331a81142a08d6c5aa778df849791d24e5a36419375,2023-09-11 16:00:00,RAIN,DAYLIGHT,WET,ON SCENE,09/11/2023 04:02:00 PM,41.74579217,-87.635369997,POINT (-87.63536999702 41.745792169991),C,9,2023,16:00:00
6d8560bc4b47824cf267c6a6dd89da9924ce7b68183081de330b24a3c2e76fa8a28e92e4fd2cfe0a06b5c07912c8f6ae0411f1f1eda176c82dfd216df0ad7b2c,2023-09-27 08:20:00,CLEAR,DAYLIGHT,WET,NOT ON SCENE (DESK REPORT),09/28/2023 11:40:00 PM,41.749903242,-87.707348392,POINT (-87.707348392008 41.749903241984),C,9,2023,08:20:00
cb1ade666b26bfeaa37d867b2768ce9cce9c98a4c86d3ef76490d4b06efb0b81b9339282b1ab0e71ab4a3cae592fc96898a2111fce32b031c8f7c758932f4791,2023-08-30 08:26:00,CLEAR,DAYLIGHT,DRY,NOT ON SCENE (DESK REPORT),08/30/2023 08:50:00 AM,41.924025937,-87.754108923,POINT (-87.754108923036 41.924025936998),C,8,2023,08:26:00
8313cde80170579f131f7eac96402c2ed9b0bdea326692281a0ee9c2b5430840f3c2fa6f2d35aa9f02f383ce39e7017a3a8476b908ba2828e192d1896e093ba5,2023-09-14 10:40:00,CLEAR,DAYLIGHT,DRY,ON SCENE,09/14/2023 10:56:00 AM,41.876926589,-87.745039137,POINT (-87.745039137038 41.876926588953),C,9,2023,10:40:00
ead83b573873290579aeee37b702e59184fac489cf17ce04e48be1d548bafd1d8565f69497758009ba0b7051e41634d15ae381dd66c1119043262aaa6ac71c47,2023-08-23 10:39:00,UNKNOWN,DAYLIGHT,UNKNOWN,NOT ON SCENE (DESK REPORT),08/24/2023 07:50:00 AM,41.739127507,-87.682448844,POINT (-87.682448843983 41.739127507001),C,8,2023,10:39:00
0c7b0820976705405da07e6358f40b49ae89efd17a96cc14441509a7057f7ce054df48bb792521dfd4432068bf7783efff05499b3030b4d517579e65e84706a6,2023-08-24 08:00:00,CLEAR,DAYLIGHT,DRY,NOT ON SCENE (DESK REPORT),08/24/2023 08:55:00 AM,41.856350127,-87.700512364,POINT (-87.700512364023 41.856350126966),C,8,2023,08:00:00
e2d27feb093905c45d03a7637c1b1b6822924ee04cc6c899bfe329177b16bab29d7829cb0b130641017e0c4067743d3b4eb010f3d001ef70a3c8efadc8e2dc2d,2023-09-30 16:00:00,CLEAR,DAYLIGHT,DRY,ON SCENE,09/30/2023 04:20:00 PM,41.857692052,-87.708927893,POINT (-87.708927892984 41.857692051978),C,9,2023,16:00:00
9e1ee0a93f02b6e85b5ba8aaefe8df93f8062580fee06db6475c2cdc1a4a1fbd76caa2fd06cfc2e3e2afe59140d85d401a104358d8c0cb57272d273ab67aab70,2023-08-24 19:10:00,CLEAR,DAYLIGHT,DRY,ON SCENE,08/24/2023 07:10:00 PM,41.953750194,-87.728489892,POINT (-87.728489892005 41.953750193958),C,8,2023,19:10:00
bb813f25e0a778d3bbe321a028315a052e29d6c6dbeb5e34097b27ccabfe23f34bdc02b3456e1298e0c392bb2f40ba4ae0c10bb329196f079f49571ef7fdcd8b,2023-09-14 15:30:00,CLEAR,DAYLIGHT,DRY,NOT ON SCENE (DESK REPORT),09/14/2023 03:44:00 PM,41.741803599,-87.740953582,POINT (-87.740953581987 41.741803598989),C,9,2023,15:30:00
da240539688b4ecb6694ddfb589c0a44ee5641bee8515d2051f9e553a45a201787e838198918f7b2d51d11309424e6e19df14bd39161dcd7c0fbd4ed4d87316e,2023-09-14 09:30:00,CLEAR,DAYLIGHT,UNKNOWN,NOT ON SCENE (DESK REPORT),09/14/2023 01:50:00 PM,41.924816512,-87.795427561,POINT (-87.795427561035 41.924816511983),C,9,2023,09:30:00
fc5b0bd9e5d38ee5263761257e9e474101cc210b9e9b5e6eca9011e67eb96db640b90f93d0bc3b4e1e36e50db6770926724869c66aecd72dd7e9cd801bf343cf,2023-09-14 20:00:00,CLEAR,"DARKNESS, LIGHTED ROAD",DRY,NOT ON SCENE (DESK REPORT),09/14/2023 09:00:00 PM,41.983563915,-87.657146291,POINT (-87.657146290975 41.983563914975),C,9,2023,20:00:00
e9a8aeec99c79bdc28c1d534413fb3b5f77e4ea3ffeca0ff582ff58a80992e80d45fbf63143e684ec09e4bc6aab4370da09691e908b00d12ab1f8c539bc9c1e4,2023-08-10 07:30:00,CLEAR,DAYLIGHT,DRY,ON SCENE,08/10/2023 07:46:00 AM,41.659687315,-87.583621707,POINT (-87.583621706984 41.659687315045),C,8,2023,07:30:00
d260c9947770cdebd31daabe619372dc1539e2873a849dab5aae3f0924ef073668812e3bcccb018ce7bb6c03cf90153da275f3859c728c3b7b04ca7844e7d8a0,2023-08-31 15:25:00,CLEAR,DAYLIGHT,DRY,ON SCENE,08/31/2023 03:25:00 PM,41.792777244,-87.752567029,POINT (-87.752567029034 41.792777243971),C,8,2023,15:25:00
db840bac2638834ef5c8edd5eaca0a0541acd8bc6d52ffbd1cf79c58648e67258fa2c411cf364a9ce39f1fe06d01ab6a80b9315b924abb4f0172c2487f7da739,2023-08-31 18:35:00,CLEAR,DUSK,UNKNOWN,NOT ON SCENE (DESK REPORT),08/31/2023 08:20:00 PM,41.90052616,-87.712682588,POINT (-87.712682587959 41.900526159988),C,8,2023,18:35:00
e23d3ec3a2e934bc2f74c234d5fc3987cee1e104031d8c1af4eb1d050631f51d7cc8256b76f40691e8dbabd8a6e3e477980b7c5bccb589130c72a67af1df6e89,2023-08-31 11:25:00,CLEAR,DAYLIGHT,DRY,ON SCENE,08/31/2023 11:26:00 AM,41.774883309,-87.602803895,POINT (-87.602803894985 41.774883308998),C,8,2023,11:25:00
28f35b2e66fba4bc46fe9ab4c2735abbd19fd6c37ef22757906c05fe5318b31a1e055667d13256ab639d98f26d8c861f03ed452daaf8e70e89219cbf9a5dfeba,2023-09-25 05:46:00,CLEAR,"DARKNESS, LIGHTED ROAD",DRY,ON SCENE,09/25/2023 05:59:00 AM,41.885583712,-87.658758596,POINT (-87.658758595989 41.885583712016),C,9,2023,05:46:00
1cc17dcdf09a0c644e11f70f8b978a08a15a568a3c267648a2053528ffe73cc7e2385ed5ada3899bc59bfe177a947f9c65c97b20f1fbf5f64e1f42d61d697f6d,2023-08-11 16:13:00,CLEAR,DAYLIGHT,DRY,ON SCENE,08/11/2023 04:13:00 PM,41.93278426,-87.717065542,POINT (-87.717065542004 41.93278425995),C,8,2023,16:13:00
2492fe4f4d547a56456ba116ae94bec8da5cec3b814e1245a8cd9e05175b43dbfc415c44a78cc66f8a667c8357d1e6e270b44034ac066ff83bf584520a3c51ff,2023-08-11 09:50:00,RAIN,DAYLIGHT,WET,NOT ON SCENE (DESK REPORT),08/11/2023 09:52:00 AM,41.741803599,-87.740953582,POINT (-87.740953581987 41.741803598989),C,8,2023,09:50:00
26dbfae63a5943a34fca675ef5c3a959e802cd3a97a9842281bc4fed3f9effcf3744c6e855b978272b1f59b77a258ab7d863c75e23d3e21e69a2738166bc84ae,2023-08-11 11:35:00,CLEAR,DAYLIGHT,DRY,NOT ON SCENE (DESK REPORT),08/11/2023 12:45:00 PM,41.953203301,-87.756048735,POINT (-87.756048735038 41.953203300975),C,8,2023,11:35:00
403c5836a4ca120526ed8d27eba1ee6bdcb33b4a66bc805ceeb912d0276ea884942be95e1e46ac4099e9de78c19f46a4663569289764751f72a2c6d9391379c9,2023-09-15 07:40:00,CLEAR,DAWN,DRY,NOT ON SCENE (DESK REPORT),09/15/2023 08:32:00 AM,41.744151639,-87.585945067,POINT (-87.585945066953 41.744151639042),C,9,2023,07:40:00
d89e0e998b73d392580e36a9c450ea4079392ab8e8f6f3b4362ac0acd2f5611a54f3554df7f125d2fa4bf440485325d3928e95d3f1faf42a189cff7917aa9b4f,2023-09-15 14:08:00,CLEAR,DAYLIGHT,DRY,ON SCENE,09/15/2023 02:09:00 PM,42.001436563,-87.660595367,POINT (-87.660595366972 42.001436563032),C,9,2023,14:08:00
ef0d4f0bd0a69b5c3b4a3d3b2f9bd190321fdc1f8871017e22087211e3c263543a80e5f07c50d11145224933e02e297e17e0949411fb6e1e11c9190daad93f1f,2023-09-15 07:50:00,CLEAR,DAYLIGHT,DRY,NOT ON SCENE (DESK REPORT),09/15/2023 08:10:00 AM,41.830860895,-87.646047677,POINT (-87.646047676999 41.830860894992),C,9,2023,07:50:00
cc408fc0ad5ed3f271167724540ec5bde1d52bf29339ea7d541b0d259f3db10ca8c2c7d47d372001a0a21e87cb1caf23dc3cefe5850648a3d53f1223c0eca1e1,2023-08-26 13:30:00,CLEAR,DAYLIGHT,DRY,NOT ON SCENE (DESK REPORT),08/26/2023 01:50:00 PM,41.682671696,-87.680726085,POINT (-87.680726085045 41.682671696043),C,8,2023,13:30:00
f77d0360281fddf1efec8660a6441c2d168c449da06614ee38e59a8f84e14027320010d84bb8afc2fb3dda479764257ef78a5df986e97b2efe1b395d40e21cdc,2023-08-23 08:55:00,CLEAR,DAYLIGHT,DRY,NOT ON SCENE (DESK REPORT),08/24/2023 10:00:00 PM,41.989727546,-87.748178979,POINT (-87.748178979 41.989727545973),C,8,2023,08:55:00
e118727e7e4776383aa00b374b5377581766f1f06f396b9a655de71afb33f7df38f29d18cf8ccac46f0796901d8dc575b2152646ceef54b5abe1abdf9d24e0b8,2023-08-24 22:30:00,CLEAR,"DARKNESS, LIGHTED ROAD",DRY,NOT ON SCENE (DESK REPORT),08/26/2023 08:30:00 AM,41.785387445,-87.606183761,POINT (-87.606183761008 41.785387444959),C,8,2023,22:30:00
5af1ca5d640894a3cfaa90ae2046bfc79f9b8516902257c9aa64063c34c67a63f07b83cac194f547b5f0af5a4661cd855108015c593f4d5d42e13b1fa3fd60aa,2023-09-29 09:45:00,UNKNOWN,UNKNOWN,UNKNOWN,NOT ON SCENE (DESK REPORT),09/29/2023 11:15:00 AM,41.750825387,-87.626474838,POINT (-87.626474838014 41.75082538699),C,9,2023,09:45:00
a357a1c60d15c17fcfe7cd8b2cd2abc7d7d08398d8f83dc02f4c16f2a4cd60b9547584cb7678231033bfcbc1161519e5d8813d3620009d614cae11d9a7ca4ef3,2023-08-12 18:50:00,CLEAR,DAYLIGHT,DRY,NOT ON SCENE (DESK REPORT),08/12/2023 07:30:00 PM,41.6621277,-87.64148984,POINT (-87.641489840003 41.662127699955),C,8,2023,18:50:00
afe1b44acc016c319f52bb517f41ecfe22d56a5695865bfba8a2cfd7469f80bfabb774e05c65cf038f78c2f5de15cb72856dc157645c1eb71f93ee31e026623e,2023-09-16 10:27:00,CLEAR,UNKNOWN,DRY,ON SCENE,09/16/2023 10:30:00 AM,41.893509192,-87.663552914,POINT (-87.663552913965 41.89350919202),C,9,2023,10:27:00
e6bc1aaa30629c3000ec4ebd4816d6874fb68b0e09bc9caed0162d786acd80fc438a27cd5863ccaad8922cf40c41a89e556480662f12e37d7cb8e2c0cefc4389,2023-09-02 15:26:00,CLEAR,DAYLIGHT,DRY,NOT ON SCENE (DESK REPORT),09/02/2023 05:40:00 PM,41.758871013,-87.586287439,POINT (-87.586287439013 41.758871012976),C,9,2023,15:26:00
3eb3bdf0c74fa9454ba10f00eefa24e110d692380b709b5f11776f0ea2bef4a47f6a884ad4547b8a08d68601a000048af41506dd8ddfa8c663b4ab7c1aef36f3,2023-10-15 11:37:00,CLEAR,DAYLIGHT,DRY,ON SCENE,10/15/2023 11:45:00 AM,41.966988776,-87.658325149,POINT (-87.658325149045 41.966988775977),C,10,2023,11:37:00
e2fbfb02a09359fd7a349416d1c98309265e8acf8dfd7890187158fe339305480b0f0b6da63c9884bd1b28ff95e10aed971c4886161ab3074a1db05158e5ffd1,2023-08-15 12:00:00,CLEAR,DAYLIGHT,DRY,NOT ON SCENE (DESK REPORT),08/27/2023 01:00:00 PM,41.902803452,-87.63756021,POINT (-87.637560210019 41.902803452031),C,8,2023,12:00:00
30ab81913d7cc5a93a8275ab8915267310d53578ef959ac121cdd1b689212f160622d62adc31f57989f04e78d59a7afe892b5a3f5c9eab7950a73b4e827cb865,2023-08-27 19:45:00,CLEAR,DAYLIGHT,DRY,NOT ON SCENE (DESK REPORT),08/27/2023 08:05:00 PM,41.882211292,-87.710898608,POINT (-87.710898608036 41.882211292041),C,8,2023,19:45:00
a3c602d27e0e96c57ef84a180befb1e53f671ea6492a0a2fec69fea7b08ba2c12b11b8791a942cb4416767defb105488fb5d3c54e9cbe525d59c1de310150858,2023-08-13 08:45:00,CLEAR,DAYLIGHT,DRY,NOT ON SCENE (DESK REPORT),08/13/2023 09:52:00 AM,41.876926589,-87.745039137,POINT (-87.745039137038 41.876926588953),C,8,2023,08:45:00
1bb359f295c9ce3a28ef76f6db30e94debbdcd2031c93914b57defb7129dfdda35833d58b4373d98a069c3d3bcd2903831748678286bc839027ace4047726b4c,2023-09-16 03:00:00,CLEAR,DARKNESS,DRY,ON SCENE,09/16/2023 01:24:00 PM,41.924420706,-87.740978787,POINT (-87.740978787009 41.924420706015),C,9,2023,03:00:00
47e562322bdc29f790885b0926e57dff0e26435216c4f9f40d49b88fff9b4d9e473d552a99fa5887d4568d2e361e5a9dc91f0eb2f8859c49aad4e41927fab338,2023-10-01 02:28:00,CLEAR,"DARKNESS, LIGHTED ROAD",DRY,ON SCENE,10/01/2023 02:28:00 AM,41.949962639,-87.836467874,POINT (-87.836467874042 41.949962639011),C,10,2023,02:28:00
a9d8bd0b9ee6898b616912c1ce1e54745731c4e171bac4bf897882bc4b6c585799e6afe8eab69f32d4df179b3c578e3710f0dcc14936ef3a2026f304461e4459,2023-09-29 19:19:00,CLEAR,"DARKNESS, LIGHTED ROAD",DRY,ON SCENE,09/29/2023 07:19:00 PM,41.744151639,-87.585945067,POINT (-87.585945066953 41.744151639042),C,9,2023,19:19:00
c5e0717e9c693dfa855ad907337bab3475072ae38bbb9ad13adf60275d16ef2598926c7fa4c03cdbbb83a61ff880e6177a81374132f1b205f79634cdeae01560,2023-04-15 17:00:00,CLEAR,DAYLIGHT,DRY,NOT ON SCENE (DESK REPORT),10/01/2023 10:00:00 AM,41.879813058,-87.725492182,POINT (-87.725492182032 41.879813057952),C,4,2023,17:00:00
987abac3e49cd89eba99422250b79783b665f8f1eab68b3ea54866fd8af282fd2d36bc5ea5418613b74b203ce8b154766f6b2b97f52b409f4c01f2dfe305ad12,2023-08-28 15:06:00,CLEAR,DAYLIGHT,DRY,ON SCENE,08/28/2023 04:05:00 PM,41.805782825,-87.606545328,POINT (-87.606545328006 41.805782825022),C,8,2023,15:06:00
7face789297b499dcd4837ec231aa5158886dd8e56dd1cf42d9b387d1ef1b9059d601bb1f440006d56f77a609308b9b583c860cc8f914283a15f13414edfe02f,2023-08-27 02:15:00,CLEAR,"DARKNESS, LIGHTED ROAD",DRY,ON SCENE,08/27/2023 09:00:00 PM,41.911155206,-87.643581885,POINT (-87.643581885026 41.911155205962),C,8,2023,02:15:00
1f5d47d606a89e733ff1ba6f3fd144cd21dce3939219b6d3fe55f0c58ab9599105311de864f9096d474ea2bd1290ae6b3699e3d94d960ef6800073859e5b422b,2023-08-14 16:55:00,RAIN,DAYLIGHT,WET,ON SCENE,08/14/2023 05:02:00 PM,42.0139834,-87.69747262,POINT (-87.697472619992 42.013983400009),C,8,2023,16:55:00
79dc1d87219208fb8b72c958202152735890c6a7498df383fb7b531ebadca1089ec495e201eda3e195262ec4604af5eb8b91c8bab9ba5073a381dc31d99c3be6,2023-08-14 18:14:00,RAIN,DAYLIGHT,WET,ON SCENE,08/14/2023 06:14:00 PM,41.989157172,-87.671730888,POINT (-87.671730888047 41.989157172049),C,8,2023,18:14:00
b6a954cb538706f344a373bd8b2dfd55c7e41811e612bb9b5843d37a4bb208f92622a0ebe4a3a80bc1b43b05316c33ed92bbf12e56a9369cfa0d4b5393e4f84c,2023-08-14 21:04:00,RAIN,DARKNESS,WET,NOT ON SCENE (DESK REPORT),08/14/2023 11:15:00 PM,41.902468382,-87.726443256,POINT (-87.726443255991 41.902468382006),C,8,2023,21:04:00
bcc6da989ad1bd993d91cf3421b9c6482ad08cfdefe6ad7cb2533068f2f930092e5c250dd329e1e56f0e10d6976aaec5622818ff1d79073d182a860a4d0a3dcb,2023-09-15 15:00:00,UNKNOWN,UNKNOWN,UNKNOWN,NOT ON SCENE (DESK REPORT),09/16/2023 10:30:00 AM,41.830728826,-87.655813252,POINT (-87.655813252029 41.830728825995),C,9,2023,15:00:00
cfeb2c578fcf079347361850a66616dc4d993bd5a5727f7b3336b61e7a4fcd3e799cb4b8af89890014fb2fc1883e591cb0386204d9dfbb1c97a4d8be8980a9f7,2023-08-14 10:30:00,CLEAR,DAYLIGHT,DRY,NOT ON SCENE (DESK REPORT),08/14/2023 11:30:00 AM,41.886339416,-87.62083615,POINT (-87.620836149956 41.886339416011),C,8,2023,10:30:00
90aeceaa66cb0c3f9b0f46997853a0f58325bf25d2ac549b6349a27a3799181c82122da3371f1b4f2869aaf41e4729b4641d51f0d23dcb7f3256ca6295515245,2023-09-04 15:00:00,CLEAR,DAYLIGHT,DRY,NOT ON SCENE (DESK REPORT),09/04/2023 04:30:00 PM,41.979313485,-87.70882789,POINT (-87.708827889998 41.979313484974),C,9,2023,15:00:00
e194deec2b2033bf08fc726f98610fff4485dbc5821f920b390f1a61184c11ce650247ba8baa8cfc821b24ff506e85fa02720fd2ac3f0efa0df44301dfb2ace1,2023-09-04 02:10:00,CLEAR,"DARKNESS, LIGHTED ROAD",DRY,NOT ON SCENE (DESK REPORT),09/04/2023 02:25:00 AM,41.917103631,-87.687248767,POINT (-87.687248767006 41.917103631009),C,9,2023,02:10:00
2b09c18cd5922f43c4e135afb6fda6b9ec2b91e79065bd43d7e285f999a2f4b9dbd0f9bb424e14f0bd176de36f72f07d474f8767af6df18a137c29879e0cd780,2023-08-29 16:44:00,CLEAR,DAYLIGHT,DRY,ON SCENE,08/29/2023 04:44:00 PM,41.878593174,-87.74920381,POINT (-87.74920380996 41.878593174001),C,8,2023,16:44:00
992eccfd013db5c0edc7cbbced5c6a01597798398ea8b142fa874429d2fcf848a60c99170c4446d76c5a5acf053b0ab2aa397c1aecfcc62fb2cbdd51bb5b8662,2023-08-23 18:45:00,CLEAR,DAYLIGHT,DRY,ON SCENE,08/23/2023 09:11:00 PM,41.785387445,-87.606183761,POINT (-87.606183761008 41.785387444959),C,8,2023,18:45:00
aa0ee684b2fb98eb7ec940a2d2d8209cce08d23231a605e46a567cca7eb37b56c68c48f2043cd3cf49bde280dd03cbb8758b5d49f029d5b76823528744253998,2023-08-25 17:45:00,CLEAR,DAYLIGHT,DRY,NOT ON SCENE (DESK REPORT),08/29/2023 01:20:00 PM,41.924490094,-87.717288131,POINT (-87.717288130979 41.924490093998),C,8,2023,17:45:00
92961cbc28811b6b76bb9bc3038fb0957186c282fddfa87c91750c0da0bc3786552140da6c4f3213f7a289dfaaa60da0212057a48a37cbea3cc4e21eddfc20ae,2023-09-19 12:30:00,RAIN,DAYLIGHT,WET,NOT ON SCENE (DESK REPORT),09/19/2023 01:12:00 PM,41.74350578,-87.62819656,POINT (-87.628196560035 41.743505780006),C,9,2023,12:30:00
353cabc05c192bc2847a3654a4ca45e268551779b41436e017c423265b5211d4b943e04ad47b9d5d8b2551812c435b7d743a93fcaf6ae3f1ba19a9e194137864,2023-08-21 15:55:00,CLEAR,DAYLIGHT,DRY,NOT ON SCENE (DESK REPORT),08/30/2023 03:30:00 PM,41.968973728,-87.655308652,POINT (-87.655308652011 41.968973727981),C,8,2023,15:55:00
15ecf370fe6d11f7fadbe5b2709957a04741ba1feab66360d0f32e52701b9dcc5f72afdc00862bf9fabb1511cdf69f016bc76128b08cd1ff325996eb727be213,2023-08-30 08:25:00,CLEAR,DAYLIGHT,DRY,ON SCENE,08/30/2023 08:27:00 AM,41.884516857,-87.647390682,POINT (-87.647390681951 41.884516857046),C,8,2023,08:25:00
dfeca1b494d5ea532b1a7a931132949f09ec61ceb12d8863468d62710511fabef9576b72ef6dacbaf0e0c413dc1fc298b288f1a5aed79d989ac8b9fe6fb8b09d,2023-08-25 15:00:00,CLEAR,DAYLIGHT,DRY,NOT ON SCENE (DESK REPORT),08/29/2023 09:45:00 AM,41.776529354,-87.790568356,POINT (-87.790568356022 41.776529354028),C,8,2023,15:00:00
6e316c73ee69c4c2cd6aa34229b73e95acc0c1afc80fa82f87730783702aa7e2e9187f3f9d63a49d40d550e1e14e3638220172c533f4d1e587389637289f8f31,2023-08-30 20:47:00,CLEAR,"DARKNESS, LIGHTED ROAD",DRY,ON SCENE,08/30/2023 09:00:00 PM,41.744151639,-87.585945067,POINT (-87.585945066953 41.744151639042),C,8,2023,20:47:00
576c0e8ed1eff3ef4e0cee8ed30fe67a4cf16a40e03d70a9b3b877133db51ef2ffa64fcfc7e030dcd2d9eabddea778aba9c57c884c23f5758e504d50788d4d7a,2023-10-01 11:55:00,CLEAR,DAYLIGHT,DRY,ON SCENE,10/01/2023 12:06:00 PM,41.751124945,-87.620853242,POINT (-87.620853241961 41.751124944981),C,10,2023,11:55:00
59dcb0214b384e6f3a4a86fcf62e691c56ba127b7424af7c5a82312507fd39f397d49dfc80befdbcfc7e51b06c75c2f2c68a87000226d6f725f0ef4cb1dfc117,2023-09-24 19:50:00,CLEAR,DAYLIGHT,DRY,ON SCENE,09/24/2023 08:09:00 PM,41.89929679,-87.681895037,POINT (-87.681895036995 41.899296790025),C,9,2023,19:50:00
25320f6cbb540dde38a4af7cf8111089c214fc22be1d890639d67dff57f89ecca8404f1bd4db22e5a95c5a626739061a37f59101e180ff6f01df0ce41b5c84aa,2023-09-18 09:00:00,CLEAR,DAYLIGHT,DRY,NOT ON SCENE (DESK REPORT),09/18/2023 09:30:00 AM,41.979254802,-87.728188507,POINT (-87.728188507001 41.979254802019),C,9,2023,09:00:00
e5f7101cb16c30b1376574d6641399e92cf9558abc1e8ba1f621a31ba2803a815a33434181abb622bc0fd8a6952bdb9d34f1363aa11ee2eaf3fb31539e989cbf,2023-08-16 09:15:00,CLEAR,DAYLIGHT,DRY,ON SCENE,08/16/2023 09:18:00 AM,41.659687315,-87.583621707,POINT (-87.583621706984 41.659687315045),C,8,2023,09:15:00
7ba2b4d8bc60c61cc3adf361b03e7d8ee0234a375494cf24b2be9d1d86b0f4ff078bc6bb7c69130389a9f4b132d407025800f91809d56f1c382c6974219cd4d0,2023-09-18 08:09:00,CLEAR,DAYLIGHT,DRY,ON SCENE,09/18/2023 08:09:00 AM,41.997161733,-87.744667385,POINT (-87.744667384963 41.997161733025),C,9,2023,08:09:00
0909b7be862c90ed72e1b015aa7eb23848769bc387001c143098aebb0e46549309156d2897a00e9d9e8944f5b3620376397ebfa96c85dc53efde9f5a6585e76e,2023-08-31 12:44:00,CLEAR,DAYLIGHT,DRY,NOT ON SCENE (DESK REPORT),08/31/2023 01:20:00 PM,41.749362768,-87.605332981,POINT (-87.605332981011 41.749362768013),C,8,2023,12:44:00
4a8441362df8bc256c2d6a8963fce17081bb12f1fe0f34a07f932770e5b4066f8805a7ce26b78ca36343e666227c1baac05ee4b42b940bb2475151b580642993,2023-08-30 06:39:00,CLEAR,DAYLIGHT,DRY,ON SCENE,08/30/2023 06:39:00 AM,41.908980328,-87.766961055,POINT (-87.766961054983 41.908980327972),C,8,2023,06:39:00
30a2da5bd185a1f64408f435cf2a9a7d1d99af71a2858966bef076b4ca8a092b961a3191986e268e33ea08a24a94dcf2ef8c11a441392d7ee77643d81037c535,2023-08-31 15:30:00,CLEAR,DAYLIGHT,DRY,NOT ON SCENE (DESK REPORT),08/31/2023 03:30:00 PM,41.84434083,-87.711276265,POINT (-87.711276264979 41.84434082995),C,8,2023,15:30:00
aaa8d73c23e87e00e52ff571b1532c641521330a827951a8941c8ee2ab7a17158ca390e70b2a545fbc3611ee9b041e62d63ea817df15ffe0713ab98c4c90ceac,2023-08-17 17:30:00,CLEAR,DAYLIGHT,DRY,NOT ON SCENE (DESK REPORT),08/17/2023 06:00:00 PM,41.974645684,-87.659970179,POINT (-87.659970178971 41.974645683985),C,8,2023,17:30:00
c1806f0e3f682ba087b2ebf89f5c1699fd57ed96b6b0c4bfab411eaeeab3149b492a7678eb64411d91aaf88b389558c05bdb5791f02ea0a65144a7160420483c,2023-08-17 15:20:00,CLEAR,DAYLIGHT,DRY,NOT ON SCENE (DESK REPORT),08/17/2023 04:00:00 PM,41.83892895,-87.646152419,POINT (-87.64615241901 41.838928949964),C,8,2023,15:20:00
7fb1c368aa6b5330c9c897995e1a71bf6668303ced5a6ab73482f620138fc223cd21f66bc5dd873d1a227d3f551110dc1668ddf42a51cd52d77b0f4afe5b20ef,2023-10-01 20:23:00,CLEAR,"DARKNESS, LIGHTED ROAD",DRY,NOT ON SCENE (DESK REPORT),10/03/2023 06:00:00 PM,41.884516857,-87.647390682,POINT (-87.647390681951 41.884516857046),C,10,2023,20:23:00
14310c0041d49d2a2298d9e4ccff4397bf1d1290a7c80321293248690bc5fefc0914b72b5a6ae72124997b685c8698da5623f150a951005e67a2beedbc39fec5,2023-08-31 19:45:00,CLEAR,DAYLIGHT,DRY,NOT ON SCENE (DESK REPORT),09/01/2023 05:00:00 PM,41.917565709,-87.700668767,POINT (-87.700668766963 41.917565709024),C,8,2023,19:45:00
252b5cee56e86280495be1f08e3e6787552b27bbc388d4e0dbd75e6d5782c7e98639ea9c7781c5ab990341af05804562933148e2ba35e3a711c0355b6bb15329,2023-09-01 18:56:00,CLEAR,DAYLIGHT,DRY,NOT ON SCENE (DESK REPORT),09/01/2023 07:30:00 PM,41.794908912,-87.616471792,POINT (-87.61647179201 41.794908912028),C,9,2023,18:56:00
2ff7192afd4681dc9da381fab358e09d674a35d1de27aa495387891ceb6a2d449f2457ded92109722a3f23461c19d10d1a72ae956acf23378f8eae79eedd6496,2023-09-01 16:13:00,CLEAR,DAYLIGHT,DRY,NOT ON SCENE (DESK REPORT),09/01/2023 06:04:00 PM,41.898607736,-87.765435936,POINT (-87.765435935974 41.898607735996),C,9,2023,16:13:00
c5d9b77c6c1995280cb39fec1e8490889f9bfc7bab298e9313fa794493ac1704e9dc9ba3151615c178664e2fb1f6833ab3f43f858fa7eb6b52552e309ae9911c,2023-09-19 04:40:00,UNKNOWN,UNKNOWN,UNKNOWN,NOT ON SCENE (DESK REPORT),09/19/2023 04:40:00 AM,41.892820994,-87.764485366,POINT (-87.764485365992 41.89282099402),C,9,2023,04:40:00
d99e52dc82d56ca5f3e56821fa740cd6f94b2626d2b73c2792b4e4768077eb8b448919d72bf58786be7e24c67a809037dc25a7389e59036be3c18da8f4d91f6e,2023-09-19 19:55:00,RAIN,"DARKNESS, LIGHTED ROAD",WET,ON SCENE,09/19/2023 08:08:00 PM,41.928513159,-87.704814777,POINT (-87.704814777027 41.928513159047),C,9,2023,19:55:00
8cae0d3d8f6f2c0ab2bdd6a455ad470be5755aae32d2d28be3d07585f7207645c840ff16740eb6e71aacc399f7ab709a79303081c705d171fdf1c4a8e06f38fd,2023-10-01 15:10:00,CLEAR,DAYLIGHT,DRY,NOT ON SCENE (DESK REPORT),10/04/2023 05:50:00 PM,41.942206868,-87.807044663,POINT (-87.807044662987 41.942206867982),C,10,2023,15:10:00