CRASH_RECORD_ID,CRASH_DATE,WEATHER_CONDITION,LIGHTING_CONDITION,ROADWAY_SURFACE_COND,REPORT_TYPE,DATE_POLICE_NOTIFIED,LATITUDE,LONGITUDE,LOCATION,CRASH_TYPE,CRASH_MONTH,CRASH_YEAR,CRASH_TIME
161ff459c7fff8e1359204d1c54db502674fdfbf7036a921e4f939bbd1cda22d7fbb9b186bacaa543131555188baeb7e13fabf1d5f837febd13c10314ff30cb5,2023-09-20 12:57:00,CLEAR,DAYLIGHT,DRY,NOT ON SCENE (DESK REPORT),09/20/2023 04:00:00 PM,41.744151639,-87.585945067,POINT (-87.585945066953 41.744151639042),C,9,2023,12:57:00
268a15fbb68e7ddfc999f12b74d88a6eb40ba5cd20fd2d77d61b6490859a974f5e060c7eba29f32337ffe1d1171356864e947fd93e3194c639cd886173918ed5,2023-09-20 14:15:00,CLEAR,DAYLIGHT,DRY,NOT ON SCENE (DESK REPORT),09/20/2023 02:35:00 PM,41.712962015,-87.535625125,POINT (-87.535625124981 41.712962015043),C,9,2023,14:15:00
83bdb8a033782bcde6022c1ba766e909a35a3fb2159cc5fe10e735a10eeaabd5ae3b7f5e7fd300bc8c1ce414291c81446c2df96f0719caf1c5476d5d74c37eb3,2023-09-20 17:05:00,CLEAR,DAYLIGHT,DRY,NOT ON SCENE (DESK REPORT),09/20/2023 06:33:00 PM,41.953203301,-87.756048735,POINT (-87.756048735038 41.953203300975),C,9,2023,17:05:00
a009d869f7f7ffdf211cb9451ca38d64889ab6238f604a11fab9bc87b269b7fc935dc777e53da0151b1404f5ae70a186a676e9515c713fc406c7a9e3ab22dc68,2023-09-20 10:00:00,CLEAR,DAYLIGHT,DRY,NOT ON SCENE (DESK REPORT),09/20/2023 10:30:00 AM,41.914624584,-87.752981314,POINT (-87.752981313983 41.914624583962),C,9,2023,10:00:00
30bad98bd9b4fb28bf2baced826f63d8c795f58e1baf5b9789861caddc44c32ed7b319de687c489d90b14eee506064eb58a9881a672a3ff0692cf9bb30e183da,2023-09-21 10:45:00,CLEAR,DAYLIGHT,DRY,NOT ON SCENE (DESK REPORT),09/21/2023 11:35:00 AM,41.860260262,-87.623841742,POINT (-87.623841742029 41.860260261961),C,9,2023,10:45:00
b8f7a91d0e8efda275366ce3d894e2410969527a8f06ac91bf32436c92ae8d275eb562b65f7cec1e0f5709e86b35e5e6a4eb5694fd63e70954d7da9e55cd9ad5,2023-09-21 15:15:00,RAIN,DAYLIGHT,WET,NOT ON SCENE (DESK REPORT),09/21/2023 03:45:00 PM,41.928297289,-87.72343007,POINT (-87.723430069976 41.928297289012),C,9,2023,15:15:00
dbdd4f015a55ce310c4edca4f1737bf315f50d87dddf63968df5aba4ce705207a9e2c3aa071366a00f927f66d4183e6eb88555fd398cb30c05b56812cc5cc0b0,2023-10-05 09:45:00,RAIN,DAYLIGHT,WET,ON SCENE,10/05/2023 09:50:00 AM,41.706714203,-87.653813468,POINT (-87.653813467968 41.706714202986),C,10,2023,09:45:00
00202b0219894bf9d35c4496d6af445aa9ebd3fb2343f8153ff30c6c071e22037ce8ebfcf84334ffff384b0c81f04e3da3331b182e4dc2b9f9c073012f6f2e17,2019-08-18 19:27:00,CLEAR,DUSK,DRY,ON SCENE,08/18/2019 07:50:00 PM,41.684964548,-87.642003216,POINT (-87.642003216025 41.684964548032),C,8,2019,19:27:00
01da938fb7e6368ee9a18a18e278823e4c45720176ce2bc5d0356b4463d1e12c892c231087682390bfac3af6cb7dd429215b1f675b533cf14b1dfd699cb9cb90,2018-07-27 10:18:00,CLEAR,DAYLIGHT,DRY,ON SCENE,07/27/2018 10:27:00 AM,41.7066395,-87.681482516,POINT (-87.681482515978 41.706639499989),C,7,2018,10:18:00
005df9eec3fe14ad044f9815364cbb5c89f256aa89dfa0daf1c9da3fd20bebde81b2d7757dc213e19934d818b82e33dd1a0538e03d05c71e90e8285f24535103,2020-05-22 04:00:00,CLEAR,DARKNESS,DRY,NOT ON SCENE (DESK REPORT),05/23/2020 02:22:00 PM,41.878184306,-87.713631887,POINT (-87.713631886981 41.878184306016),C,5,2020,04:00:00
02b7799d0e86da157420e475253801f104be48f43b181b3a75b983b0d66af69f721e9c7471717d7e147a70ea83dbee5fd284fe0f1d18bc99eecd321d9041652f,2021-11-20 20:28:00,CLEAR,"DARKNESS, LIGHTED ROAD",DRY,ON SCENE,11/20/2021 08:35:00 PM,41.77559386,-87.688558289,POINT (-87.688558288987 41.775593859964),C,11,2021,20:28:00
0211e1f766f3940dfa87375661d25b716655e908c320cc46910e8fa5fb1f1e6a9d4f714d21e8e401ec9e0a12190b6cd9f6dbc97d32d0c0fc966a02ae516e782f,2019-06-11 08:40:00,CLEAR,DAYLIGHT,DRY,NOT ON SCENE (DESK REPORT),06/11/2019 09:05:00 AM,41.794778764,-87.623828038,POINT (-87.623828038036 41.794778764028),C,6,2019,08:40:00
00a4eac3e1a1c5fed3eef8b48592d4a66a97baaa8c7a8f725963d5bfbeb5a8ac7f8a4ee9f57d54d248b08530fbdb8fcf5089d20b0e84a072cff6a2538b8aab99,2020-01-07 05:45:00,CLEAR,DAWN,DRY,ON SCENE,01/07/2020 05:51:00 AM,41.958986951,-87.933993929,POINT (-87.933993928974 41.958986950953),C,1,2020,05:45:00
012fd962737a991264ad96be4750c764803645dd288c01f80bdc9cc47d3fecb30386a118e8ee6a2de2c1d0325d7596ecf2ff35dba8c36a346f296ae4764bfc5d,2023-04-01 15:50:00,CLEAR,DAYLIGHT,DRY,ON SCENE,04/01/2023 03:50:00 PM,41.811519655,-87.664900137,POINT (-87.664900136994 41.811519655045),C,4,2023,15:50:00
01cf04f2a9c5abe1134399c128227ba2b5a45449aae1679527e89babd721dfcc0611aa280beaefdd105082b74a46ba391f0f41cacb5e7e226871d5fd5cbac66e,2019-03-17 01:53:00,CLEAR,DARKNESS,DRY,NOT ON SCENE (DESK REPORT),03/18/2019 10:54:00 AM,41.9540133,-87.707870892,POINT (-87.707870891956 41.954013299966),C,3,2019,01:53:00
02b125bee9b78c274f093ebe5c5a9f2e6bc46841521a36f49c506e6967e09194f66eca44e96360e1b421d8fd7b01216b3f6ca11c12500f0b128ca4f754ec7f09,2019-03-08 09:45:00,CLEAR,DAYLIGHT,SNOW OR SLUSH,NOT ON SCENE (DESK REPORT),03/08/2019 10:48:00 AM,41.886676655,-87.69354148,POINT (-87.693541479988 41.886676655033),C,3,2019,09:45:00
0169cacf0b7d0beaea835633ea061302f449782b2b10ceb420bff100604e9dc5881c02fa9daa187225c12339713e55ce481b33e9bf35e1e286a67a859475a297,2020-03-29 14:30:00,UNKNOWN,UNKNOWN,UNKNOWN,NOT ON SCENE (DESK REPORT),03/30/2020 11:08:00 AM,41.901524746,-87.751001472,POINT (-87.751001472036 41.901524746031),C,3,2020,14:30:00
02c798857b1e6872637370f6aef28c89d92bf0521c32b5ffb0ba6c31ea429a84f093ac86a8e3dbc6310d7e0805acfd165e9a81903d5f9993743882d4d4eb66ad,2017-12-31 03:31:00,CLEAR,"DARKNESS, LIGHTED ROAD",WET,ON SCENE,12/31/2017 03:31:00 AM,41.854118907,-87.67609568,POINT (-87.676095680016 41.854118907022),C,12,2017,03:31:00
024070aa2bafa36945b90678fb8cb77c13f867e1f11467798fe32704d948ff299ce322cd01fd767eb0dec28d9817dfadd0ae10df84bfee5af6ffe79a9e641c27,2021-10-13 11:00:00,UNKNOWN,UNKNOWN,UNKNOWN,NOT ON SCENE (DESK REPORT),10/17/2021 09:20:00 AM,41.958658962,-87.693690062,POINT (-87.693690061952 41.958658961959),C,10,2021,11:00:00
00ca990378744d45aaa887069db67afab677b51e840fb4c330189544c359d162df35324dba100c0c94fbfcecdc0f57609f6c2d6af92c38baa018d6b9b18bbb77,2016-12-06 13:15:00,CLEAR,DAYLIGHT,DRY,NOT ON SCENE (DESK REPORT),12/06/2016 02:34:00 PM,41.85276755,-87.630024824,POINT (-87.630024824031 41.852767550035),C,12,2016,13:15:00
01185eb4d8bc98c6505e54058dfaa56f07831ba07503cf54cc2362438036e3659860e6397f40fd61042f8b255bc4289877e986a8f6611278956b3a8d290c7a6e,2023-05-30 17:10:00,CLEAR,DAYLIGHT,UNKNOWN,ON SCENE,05/30/2023 05:24:00 PM,41.983148128,-87.71136489,POINT (-87.711364889983 41.983148127979),C,5,2023,17:10:00
02307f7d71dba4b6fcc92f6ee87a19c03373e256d11e9df84e4ac659b237a8499fac4f62e994f3a83607a8277d4a2cc9df972e1ab54908e1128734b9642039ee,2019-04-27 00:17:00,CLEAR,"DARKNESS, LIGHTED ROAD",DRY,ON SCENE,04/27/2019 12:17:00 AM,41.817683733,-87.6650402,POINT (-87.665040200043 41.817683733038),C,4,2019,00:17:00
00b8296fd8d9d99691a7e1fd653776c1ed0f80437b451463422dc5df3b05ed504abfc524c7ae555bdc0465da0efe0ef3d018ff47c956bd2dac23de436b406818,2023-06-30 09:30:00,CLEAR,DAYLIGHT,DRY,ON SCENE,06/30/2023 09:56:00 AM,41.960798663,-87.73123173,POINT (-87.731231730003 41.960798662999),C,6,2023,09:30:00
0129559f0a545b8265eb50564591920d6a273c2ef8ad0414cdbd660d39df9d84255fd8e4b98b9d0a3467f0915d4f14935249f93e9e13cc02b56c4289ef152484,2022-02-23 08:10:00,CLEAR,DAYLIGHT,DRY,ON SCENE,02/23/2022 08:12:00 AM,41.924820733,-87.685301935,POINT (-87.685301935013 41.924820733031),C,2,2022,08:10:00
0025176042f96b9886e6027b522ede59e77c681f8c05b0584b09fff8e31cb417b5d6f78d5fd3b45c775624bd84483ed3ee945b6b342ea4dd3dbb5456e97f069c,2019-05-31 17:30:00,CLEAR,DAYLIGHT,UNKNOWN,NOT ON SCENE (DESK REPORT),06/01/2019 07:33:00 PM,41.954105717,-87.693290369,POINT (-87.693290369008 41.954105716988),C,5,2019,17:30:00
019c6e83148673e64ee251c2616cb35f0470741dd524338004010b955b52af1b93aac32e23915a009c9607a98e7a9b35b6491b3e322fdfb3f0ac0239be46d74d,2022-03-14 09:57:00,CLEAR,DAYLIGHT,DRY,NOT ON SCENE (DESK REPORT),03/14/2022 10:15:00 AM,41.861941197,-87.706613776,POINT (-87.706613775973 41.861941196954),C,3,2022,09:57:00
01d5b4d321b0c4f5e386303d40d1a39e06e6089693ded6791f2925fb01b316ed9f95fbc1aeb764de137fda3ba5f30a2f4f1c7b6d2a82ae9a435646a18e59bebd,2018-07-01 20:20:00,CLEAR,DUSK,DRY,ON SCENE,07/01/2018 08:25:00 PM,41.901339646,-87.670033643,POINT (-87.67003364305 41.901339646042),C,7,2018,20:20:00
02db3a80566256e97b0fdec42a893543f221407018d393314b0512356e100c31a9a7561c076201c2f215a0a0a6556ec7eca632bb36ac6a098fce8420966b20fb,2022-07-16 15:37:00,CLEAR,DAYLIGHT,DRY,NOT ON SCENE (DESK REPORT),07/18/2022 07:40:00 PM,41.744151639,-87.585945067,POINT (-87.585945066953 41.744151639042),C,7,2022,15:37:00
0126747fc9ffc0edc9a38abb83d80034f897db0f739eef57f9bc75de8f2702a4c8f6dd8e49f5c2e810e1ec428bd9532fd0e6c583ca72669da9e65fc2a0a6de12,2018-03-26 14:23:00,CLEAR,DAYLIGHT,DRY,NOT ON SCENE (DESK REPORT),03/26/2018 03:20:00 PM,41.9536469,-87.732081736,POINT (-87.732081736006 41.953646899951),C,3,2018,14:23:00
01a49297193d4d49269f170101f1a915ef85576605a789157b7fbfbdffa719f94f7e0e265e5539b79ebf1bda59f081143c8d280ed436894ccb7e4a52b8aeb9f2,2022-04-09 14:50:00,CLEAR,DAYLIGHT,DRY,NOT ON SCENE (DESK REPORT),04/09/2022 03:50:00 PM,41.970327854,-87.792971525,POINT (-87.792971525021 41.970327854048),C,4,2022,14:50:00
011bd1ce98005a247e763f838a39c9977e8c776b12b634a9c11990b7ff06219c310fd693a09fc65afe731df4a8026386b08c94465be7e69cce19c3be3d057f0a,2020-09-15 06:50:00,CLEAR,DAWN,DRY,ON SCENE,09/15/2020 06:51:00 AM,41.807565059,-87.72342965,POINT (-87.723429650002 41.80756505903),C,9,2020,06:50:00
018adbb49fd568081f14233948784c79bbec8b89c925efb6c36b511fc63fa8477c3f690468826976805e5a3983c4b373da815c65d692a5f8cf79e2acf9190251,2022-08-08 21:03:00,CLOUDY/OVERCAST,"DARKNESS, LIGHTED ROAD",UNKNOWN,ON SCENE,08/08/2022 10:17:00 PM,41.895259507,-87.72592622,POINT (-87.725926219958 41.895259506969),C,8,2022,21:03:00
00395f1b6a51192f91eca673120c66a86c586b1bc080ca8d124eeaf12d9f77a9ad5c7a9865a11d4a9ccee0889cce4abda26ee0648371aa427b848047b0d12fe6,2022-11-14 14:00:00,CLEAR,DAYLIGHT,DRY,NOT ON SCENE (DESK REPORT),11/14/2022 05:47:00 PM,41.762174118,-87.558927464,POINT (-87.558927463962 41.762174118016),C,11,2022,14:00:00
02dc588a8b90260668cac9a6f5991bdf2e6a2eda58706eeed3d5fa1035eb520cab85d637ced693f5b340c96b822e506e86e11ad83a9e9810fcd52a0d2e0a3529,2022-01-23 07:40:00,SNOW,DAYLIGHT,ICE,ON SCENE,01/23/2022 07:49:00 AM,41.958986951,-87.933993929,POINT (-87.933993928974 41.958986950953),C,1,2022,07:40:00
01aeba09dec97c4a11429faa9d0d4e70ba8009b28fcf1f270e1ace560704af1fba4461761a978df172c9675957c1dc3594dc643a68f4d4d28549b15fb6ea241a,2022-08-08 15:54:00,RAIN,DAYLIGHT,WET,ON SCENE,08/08/2022 03:55:00 PM,41.875008491,-87.673536864,POINT (-87.673536864033 41.875008491025),C,8,2022,15:54:00
014365796fc9ff94a868ac8a9de661a377dd58c8e08cea44fdbce1b770a0a53f9016d1d2766b209e386fb3d02c5ad12d42d4c5d9589f404615f5eba3db85bcb1,2022-08-22 07:50:00,CLEAR,DAYLIGHT,DRY,NOT ON SCENE (DESK REPORT),08/23/2022 07:45:00 PM,41.903536788,-87.661859583,POINT (-87.661859582959 41.903536788031),C,8,2022,07:50:00
00e8853aa18b465832be981a760579a762a01a5bbaf3257c5981c3a7eab37bc0268a313b36f5237aaed08a1bcbc1929a81f935acad7f24b827ee6efe866c051e,2018-08-17 10:57:00,CLEAR,DAYLIGHT,DRY,NOT ON SCENE (DESK REPORT),08/19/2018 12:14:00 PM,41.961519135,-87.666419675,POINT (-87.666419675027 41.961519134991),C,8,2018,10:57:00
01ccceb776e37026bd697e39a0c20d3612f43d2a9c9839495bf7c302018f12fb567824de4e382534fb7ee74162f3f89724305ab2fdf90a4380adc55f7aa92cf2,2019-04-30 15:04:00,RAIN,DAYLIGHT,WET,NOT ON SCENE (DESK REPORT),04/30/2019 03:49:00 PM,41.998083252,-87.808397703,POINT (-87.808397702977 41.998083251992),C,4,2019,15:04:00
00fee1b373d93853659465f3d3480e6ad943b6d3007657980dc3a9e7964b132bcb71126116a3fa242ef3f336704e6abc8bdb289e41b8d51416ffe02bdd8b4c9d,2017-08-16 18:00:00,RAIN,"DARKNESS, LIGHTED ROAD",WET,ON SCENE,08/16/2017 08:30:00 PM,41.946253021,-87.728237694,POINT (-87.728237693977 41.946253021038),C,8,2017,18:00:00
00c9d798be8784dcc91da8e7392de707040a40327fa5c8a0971f95d7e34e91424525953fd6d967224606d81e0b4b62c2cd603844ce06d2b07bedc77e5f742f8b,2021-03-27 09:15:00,CLEAR,DAYLIGHT,DRY,NOT ON SCENE (DESK REPORT),03/27/2021 10:10:00 AM,41.895768039,-87.629678317,POINT (-87.629678317 41.895768039028),C,3,2021,09:15:00
00dc1b3975d7faa1291b7e5de14943c114d75b5e7a25850f3561a4b7d3eeb8162e4df443e974cfe04a5f1760c9f72d9b17e9bfb82df1d2444b1f1dfa7d630d39,2020-10-28 09:50:00,CLEAR,DAYLIGHT,DRY,ON SCENE,10/28/2020 09:55:00 AM,41.939021277,-87.724178248,POINT (-87.724178247957 41.939021277045),C,10,2020,09:50:00
00559a9ee0349c167dbecbdc43b7a733f432a9c390ce6fa4e28fef59ed8475058f02a5ec4f91c87d32e576924cc9417771a57a3c30ad8b482669403ebbe16a38,2021-01-29 23:58:00,SNOW,"DARKNESS, LIGHTED ROAD",SNOW OR SLUSH,ON SCENE,01/29/2021 11:59:00 PM,41.931036923,-87.791942933,POINT (-87.791942932976 41.931036922967),C,1,2021,23:58:00
0040a3ac9407345460dbace8295eac41d7aafa0b310cfcb5eadaffbdbe450261a9cfa461391e5547c7e8bb25ee0a76031afb4b044ad8eb990e32db5996048b15,2020-07-07 13:25:00,CLEAR,DAYLIGHT,DRY,ON SCENE,07/07/2020 06:32:00 PM,41.802300329,-87.592875871,POINT (-87.592875870968 41.802300329046),C,7,2020,13:25:00
02d10e927487b292eee56d477e8f874d6d2ece841a4d19e770a6265932802662904e3563ac2f48a531401c9a0a0133bae97236f5b5820a501f553a548bdf6a0d,2016-08-11 15:30:00,CLEAR,DAYLIGHT,UNKNOWN,NOT ON SCENE (DESK REPORT),08/11/2016 04:00:00 PM,41.794908912,-87.616471792,POINT (-87.61647179201 41.794908912028),C,8,2016,15:30:00
01b71af09a0d11f223de2e759cdadd243024b9c4e8e57b42b1f80534676fad69deae8397873203e319d8956dcafa51da8894eaf8c551766221c5b22f04a6146e,2022-11-12 09:00:00,CLEAR,DAYLIGHT,DRY,NOT ON SCENE (DESK REPORT),11/12/2022 10:40:00 AM,41.866501191,-87.686157599,POINT (-87.686157599021 41.866501191036),C,11,2022,09:00:00
00e47f189660cd8ba1e85fc63061bf1d8465184393f134fb8251ed7896a4ba9ed7c984ab51a01f564d6f4133c6ef8493b1a369743a4a308d4392900a286e160f,2019-03-21 22:50:00,CLEAR,"DARKNESS, LIGHTED ROAD",DRY,ON SCENE,03/21/2019 10:52:00 PM,41.741803599,-87.740953582,POINT (-87.740953581987 41.741803598989),C,3,2019,22:50:00
01bb178539bcf10ad082384fba70a2ed1bbfb8f8d59475f352be7047b80b40f08022c00febb4fc84d2ea1e58bd7e0fab82ecaee3cf43d44ff8ed9d680ae3f86a,2017-08-12 18:40:00,CLEAR,DAYLIGHT,UNKNOWN,NOT ON SCENE (DESK REPORT),08/12/2017 06:45:00 PM,41.920676631,-87.775630269,POINT (-87.775630269041 41.920676630982),C,8,2017,18:40:00
00b77419258e1e6aa377c6098d3f4b86a6168a1ef52ba2bd25795667a4747b92e67de44c57c95335df2523026b80323fe161aa6ca0087ac50a1f3579f42df1fa,2020-01-26 18:43:00,CLEAR,DARKNESS,DRY,ON SCENE,01/26/2020 06:44:00 PM,41.844607515,-87.694804642,POINT (-87.694804642033 41.844607514956),C,1,2020,18:43:00
003076614006d4d57b1aa9cad40ac1f95f9b465812ec4b26c6bef6db603228773a73334bb356d0360f44a991e5646bf3fe08f2f6ad8222109b8ba6eba12d6e66,2019-05-31 18:05:00,CLEAR,DAYLIGHT,DRY,NOT ON SCENE (DESK REPORT),05/31/2019 07:07:00 PM,41.893380429,-87.657587738,POINT (-87.657587737968 41.893380429025),C,5,2019,18:05:00
01497e357e28fe7ea8d354314a675065dfc1d2019785cfb25d87e6442035507a1827bb7a06f75a9df8fa947340502201a26762ac8e2ef74401f12ef78ceb683e,2020-01-21 15:45:00,CLEAR,DAWN,DRY,ON SCENE,01/21/2020 03:55:00 PM,41.871374327,-87.675972838,POINT (-87.675972837973 41.871374327018),C,1,2020,15:45:00
0209e21f298984f7375742b7ef27c9880b485f41123a12b5a8eb14f01171abbbc05974399b985e05a352f801869cae0f41587f39a51994338fb82aeba853eece,2018-08-30 17:45:00,CLEAR,DAYLIGHT,DRY,NOT ON SCENE (DESK REPORT),08/30/2018 05:58:00 PM,41.903825234,-87.64328636,POINT (-87.643286359995 41.903825233976),C,8,2018,17:45:00
000f8bc09f00b8f01adc9c13d83efc9086d668488ba7b3f167836da4ca93c4585fd2a98e439680adf1f2cc28a8fcd1aeb5c739b4d44977fb3069aeca6fda6f9f,2018-03-03 15:20:00,UNKNOWN,DAYLIGHT,UNKNOWN,NOT ON SCENE (DESK REPORT),03/03/2018 03:20:00 PM,41.882211292,-87.710898608,POINT (-87.710898608036 41.882211292041),C,3,2018,15:20:00
0241b60b75b74bbf9938e02b342be407af9434da620fb30cdd053fa40474fe698710f39812152eb63847876732050b88ec63f9c3c52f44a2bf74a0ea6b0a92ec,2020-05-22 04:10:00,RAIN,"DARKNESS, LIGHTED ROAD",WET,ON SCENE,05/22/2020 04:11:00 AM,41.773498605,-87.581563889,POINT (-87.581563889019 41.773498604953),C,5,2020,04:10:00
004af03c8bc02883b1b9e608969a3e7d5df7de8d145da8b7f510a3121fb282d49210751e54d3d26646cac6162a032f9515263d869667040249e127384953869a,2019-09-16 01:56:00,CLEAR,"DARKNESS, LIGHTED ROAD",DRY,ON SCENE,09/16/2019 01:56:00 AM,41.892374041,-87.627242942,POINT (-87.627242941998 41.892374041012),C,9,2019,01:56:00
01c0ddb663ca23108168df3874faa377031d71e1a0722e014773b98f396cc55b0b9093dc06369004a56791a4593b0af779f87da92763f209ad24e31a4cb5afa6,2022-10-12 09:15:00,RAIN,DAYLIGHT,WET,ON SCENE,10/12/2022 09:24:00 AM,41.750388107,-87.669438517,POINT (-87.669438516967 41.750388106952),C,10,2022,09:15:00
019c3cea001057270fe49abe25083d268223ae2a8d99b8efeaaa92e0fb79d8d110f18bda241cbb0bd5d2cdcf681208919181d5c339756f5f2c68d1531b11e6d5,2020-01-30 01:40:00,CLEAR,"DARKNESS, LIGHTED ROAD",DRY,ON SCENE,01/30/2020 01:48:00 AM,41.96536159,-87.6655912,POINT (-87.665591199993 41.965361590026),C,1,2020,01:40:00
00ba17e81050d70751360153effcd3a7bd0a699aa8924333fbc0e24eb4d2a1df26ee7406e0787c93828318c038f9bb1172ffc55a9bb36dbc5248567c54c5d4db,2017-06-15 16:30:00,CLEAR,DAYLIGHT,DRY,NOT ON SCENE (DESK REPORT),06/15/2017 05:56:00 PM,41.891621161,-87.624253929,POINT (-87.624253929022 41.891621161011),C,6,2017,16:30:00
00f653aa3bc686dcdcdc38192f68ca4ab97d2ae90de600b20a27d0fc895de5534c7d0d6e5c22f2889e053a9ff0a0b4a55ede1088f01a37c89bf803a64e52188e,2018-07-26 23:41:00,CLEAR,"DARKNESS, LIGHTED ROAD",DRY,NOT ON SCENE (DESK REPORT),07/27/2018 01:25:00 AM,41.745585752,-87.613706583,POINT (-87.613706582999 41.745585752047),C,7,2018,23:41:00
02b5f9582608605ba2ef630c61639cc6a46b2a78ca246e952fc145780d83948a5d73f87cc1c08ebd852545459d77bc3461494f12999650c2480d138c8c2c9efa,2019-08-12 17:51:00,RAIN,DAYLIGHT,WET,NOT ON SCENE (DESK REPORT),08/12/2019 07:17:00 PM,41.784385694,-87.740065946,POINT (-87.740065945952 41.784385693962),C,8,2019,17:51:00
02cd2cdce1cf2522c74a5145f9a805a493c6f05a63b81f22fbcebc0f79dd01c5497d202c73a95a5b6e062f59a02cee9bfe6b18e6258fa4edeef9d014fad6cc45,2020-06-30 14:50:00,UNKNOWN,UNKNOWN,UNKNOWN,NOT ON SCENE (DESK REPORT),07/06/2020 04:45:00 PM,42.0109408,-87.682754031,POINT (-87.68275403105 42.010940800028),C,6,2020,14:50:00
01c68f43198118e7ba03fe8b1839f8aa4b0137ec2a73353d6f96b9031de563353ea1024605d9014772b1237b3fb96f6cc418fb82dd4f2c61ad2307f4085d5e64,2021-04-20 14:00:00,CLEAR,DAYLIGHT,DRY,NOT ON SCENE (DESK REPORT),04/21/2021 01:00:00 PM,41.744151639,-87.585945067,POINT (-87.585945066953 41.744151639042),C,4,2021,14:00:00
026e98952db3de079602125d47675e0a9dc5d11b610d88bc3342379358e4e542d7107b0dd0c70d6152884c51da21f31c5edd22c2537d56b36d94c5172220c9c1,2016-02-12 17:00:00,CLEAR,DUSK,DRY,NOT ON SCENE (DESK REPORT),02/12/2016 05:15:00 PM,41.85276755,-87.630024824,POINT (-87.630024824031 41.852767550035),C,2,2016,17:00:00
009e9e67203442370272e1a13d6ee51a4155dac65e583d1bdbee1fde686de7508c14ab5f205402f72644001276718917e02985561dc71b7d4bf945f09d7d47f5,2017-06-30 16:00:00,CLEAR,DAYLIGHT,DRY,ON SCENE,06/30/2017 04:01:00 PM,41.741803599,-87.740953582,POINT (-87.740953581987 41.741803598989),C,6,2017,16:00:00
015631a983ea221e771ea88fd92b76fd00664f6fc207fb23e6104f547d64caf16d1554e28cbc0eff9eb52c7351ad7fd46d53a4129e3adee6f93e19d570340bde,2020-09-27 23:18:00,RAIN,"DARKNESS, LIGHTED ROAD",WET,ON SCENE,09/27/2020 11:18:00 PM,41.965938944,-87.688970589,POINT (-87.688970589029 41.965938944018),C,9,2020,23:18:00
02b7a24181603c177ec38cd0e1439fe9e80f23200d91da46c0917da8b49e086171cd124095ba6140056969689369ae0c8c2d373457887df0393b7cd887922d70,2020-12-11 00:29:00,CLEAR,"DARKNESS, LIGHTED ROAD",DRY,ON SCENE,12/11/2020 12:30:00 AM,41.744151639,-87.585945067,POINT (-87.585945066953 41.744151639042),C,12,2020,00:29:00
02042a7ad95e6b9c2844fe8c21989ef8527b9f2b6ceae57f095d9a4cf7ab322edd55d6e3b34d39b0fa0d80bea16d7c484feca20f14355bfd542b2d3ab1832ea2,2019-07-08 13:25:00,CLEAR,DAYLIGHT,DRY,ON SCENE,07/08/2019 01:29:00 PM,41.787738083,-87.716995823,POINT (-87.716995822975 41.787738082968),C,7,2019,13:25:00
00f25b8737ad4dca0f0ad4c6994e17623329aaa959ae28a81440c14ac9818433e34462db7aa50deb94ed4eadbb7ccab2347053ea0c6518c68f5f3b3398e1cfbf,2018-06-07 10:20:00,CLEAR,DAYLIGHT,UNKNOWN,NOT ON SCENE (DESK REPORT),06/07/2018 02:14:00 PM,41.991867173,-87.755345739,POINT (-87.755345738978 41.991867173008),C,6,2018,10:20:00
01a1ffc835b3b0927e4619c03a759b51ff0621c356b9815aaab1635552054b136f05528acd47547227a289acd7d588a449c26742e86993eb8e21f86f9e7ff91f,2018-06-20 20:55:00,CLEAR,"DARKNESS, LIGHTED ROAD",DRY,ON SCENE,06/20/2018 08:55:00 PM,41.837732675,-87.66589445,POINT (-87.665894449999 41.837732674972),C,6,2018,20:55:00
00eb0fb05e014a6957eebe2bb66bb4ef534586a6c943cc5c8e426a42439f8c37d91cbe20e5f58123bdaac4db7c222e1183cdfc5ea8937a017e53e8474eef492f,2017-12-10 08:25:00,CLEAR,DAYLIGHT,DRY,ON SCENE,12/10/2017 09:00:00 AM,41.93738647,-87.709785337,POINT (-87.709785336996 41.937386469991),C,12,2017,08:25:00
00543efda7df84e4dd5de5e970ec728a79e59bf2d4649c4185edcbf63af8bbdb2c2038864649a0d2cca67d2c0d193841a227706944b8e7c3ed6f7e4b7e7654a8,2021-04-12 14:43:00,CLEAR,DAYLIGHT,DRY,ON SCENE,04/12/2021 02:43:00 PM,41.89867634,-87.750938543,POINT (-87.750938543007 41.898676340029),C,4,2021,14:43:00
026e443be8c0bc6d5584aee86c20e9aea50143ad33eabd08a2e83ebdce32ad33f5b948c79059870572db2fbd4c7681106b1b13b17905c8248ef13898db5fb291,2021-11-24 17:40:00,CLEAR,"DARKNESS, LIGHTED ROAD",DRY,NOT ON SCENE (DESK REPORT),11/24/2021 06:50:00 PM,41.822958463,-87.691425915,POINT (-87.691425915045 41.822958462973),C,11,2021,17:40:00
02d65bd76bf3d65e35765564c76de234878dacbb68673a08a802c8e1e7dd773c99852bb233adf58053579e58dd0d0bab1e224c0e80f0f0fb5ff688e9b004c11b,2021-12-14 00:45:00,CLEAR,"DARKNESS, LIGHTED ROAD",DRY,ON SCENE,12/14/2021 12:46:00 AM,41.783663029,-87.622011411,POINT (-87.622011410971 41.783663028952),C,12,2021,00:45:00