CRASH_RECORD_ID,CRASH_DATE,WEATHER_CONDITION,LIGHTING_CONDITION,ROADWAY_SURFACE_COND,REPORT_TYPE,DATE_POLICE_NOTIFIED,LATITUDE,LONGITUDE,LOCATION,CRASH_TYPE,CRASH_MONTH,CRASH_YEAR,CRASH_TIME
00c6a4fc556eb3707536380a5b102f300cfe8a6fefaac2d17d79e975db0c294a53e8ca4646a71ca6212c22dfa0901629eaa7c4ef25e112e5ac421dac426c4621,2018-01-19 14:35:00,CLEAR,DAYLIGHT,DRY,ON SCENE,01/19/2018 02:40:00 PM,41.866711249,-87.676101605,POINT (-87.676101605034 41.866711249013),C,1,2018,14:35:00
02e7eeecfd16fdceaa4d6b5d3db3c3a232692221c1b1567fada49072898ee68e25623f5038f523bad5c189dbbf67e1f5d08c87f747cb4cf5e9d70d1d71d36264,2017-11-19 04:30:00,CLEAR,"DARKNESS, LIGHTED ROAD",DRY,NOT ON SCENE (DESK REPORT),11/19/2017 08:00:00 PM,41.932407078,-87.677153225,POINT (-87.677153224975 41.932407077992),C,11,2017,04:30:00
0466e023af7e4866529f34f20d4cd964395229f24e715696fd1093259a368fca83e477bb6e328f915f6d2496347d5b9bf9e19a84308d0a543b1fbf95485936ca,2020-07-30 17:00:00,CLEAR,DAYLIGHT,DRY,NOT ON SCENE (DESK REPORT),07/30/2020 06:40:00 PM,41.924490094,-87.717288131,POINT (-87.717288130979 41.924490093998),C,7,2020,17:00:00
03def753c76d0105940f82e9eaac6f1d87683b7a574c20c10c4018a8df6b96a1a02ba2a77c1a7835bb5ffb7fd1eff3179e01226f4955266d9b7bc8d44d2faf39,2018-05-02 12:50:00,CLEAR,DAYLIGHT,DRY,ON SCENE,05/02/2018 12:53:00 PM,41.809781151,-87.594212812,POINT (-87.594212812011 41.809781151018),C,5,2018,12:50:00
03720d10d4dc2b6852759d2a8f0d40e67e78f9d2f04badc96f1882304dfc960d288bbcc740ca40c09cc9b8869e7ed2637c72ca003021065549d380bfe914a785,2023-02-28 19:30:00,CLEAR,"DARKNESS, LIGHTED ROAD",DRY,ON SCENE,02/28/2023 07:52:00 PM,41.995192726,-87.787652253,POINT (-87.787652252958 41.995192726046),C,2,2023,19:30:00
04c2c73a86cfce606188c780e852033180a92d3c2d2a77f1554f18d7b12aa2f5a5659445183a2e0cbb9ec612e08c37f6efed995cbc5bf35fd083d261636b6a04,2017-06-28 10:50:00,CLEAR,DAYLIGHT,DRY,NOT ON SCENE (DESK REPORT),06/28/2017 01:00:00 PM,41.72885281,-87.551079417,POINT (-87.551079417016 41.728852810038),C,6,2017,10:50:00
051bd6ce813651b6c7c4c10c3be76487cb3a92693c9d0f78e31a9db5583acb66054ce0bdf91fac72a848251113388a9748fabe3e2b60ac71849b0efcf99a9873,2016-12-11 23:30:00,SNOW,"DARKNESS, LIGHTED ROAD",SNOW OR SLUSH,NOT ON SCENE (DESK REPORT),12/12/2016 09:30:00 AM,41.788641301,-87.710626415,POINT (-87.710626414955 41.788641301001),C,12,2016,23:30:00
0409cd3fd726051e019bc811f05d9c177bbd02a89b00025994e3c34643597adc5bbac3a0d4900fcde3bbed04a2dc3ef04a6097a6a46cd512c83c5d2ece4eb5c9,2022-09-22 15:15:00,CLEAR,DAYLIGHT,DRY,NOT ON SCENE (DESK REPORT),09/22/2022 04:10:00 PM,41.713638959,-87.67572858,POINT (-87.675728579995 41.713638959047),C,9,2022,15:15:00
046c0f96fdf5f7384e026821bb23fdd56d610dce11247b4cf7072f4e0308cdf5865ee8f31d71792ef005d864c064aae933213ef5e4e87a9bb2247ffe0f56f245,2019-01-24 06:45:00,CLEAR,"DARKNESS, LIGHTED ROAD",WET,NOT ON SCENE (DESK REPORT),01/24/2019 03:40:00 PM,41.794778764,-87.623828038,POINT (-87.623828038036 41.794778764028),C,1,2019,06:45:00
035dc17fd10e553ef04bd279b697899ab92c2f9cd5cfbb34e81623a6d3ab7d7526a3ad07efd238728d2d87e7e0f372fd2b8865f154f23bfb857f218497f5e843,2019-06-15 12:30:00,RAIN,DAYLIGHT,WET,NOT ON SCENE (DESK REPORT),06/15/2019 01:15:00 PM,41.97604903,-87.685854901,POINT (-87.685854901023 41.976049030028),C,6,2019,12:30:00
05975100f2464d03b1ce4cb8d703912a5882dd9b15f20b803183f0b33cc111daf08c381c860fdd4066f6813270727387a546dc5005b805d13e7632354ab2a85a,2020-07-03 19:03:00,CLEAR,DAYLIGHT,DRY,ON SCENE,07/03/2020 07:15:00 PM,41.924070913,-87.767270609,POINT (-87.767270609035 41.92407091296),C,7,2020,19:03:00
0412d3e4738462166a5440c1d2ce62ade8d9b153d5c01e3705a0fe87a2af3653ecb1530e2dd9e3b173d52673ddf326acd5a99d74cf8b2162d96914d31a41660f,2019-02-09 22:30:00,CLEAR,DUSK,DRY,NOT ON SCENE (DESK REPORT),02/09/2019 11:00:00 PM,41.873218788,-87.656949953,POINT (-87.656949952956 41.873218788006),C,2,2019,22:30:00
057d81920e5f84312fbc2f6433857242949621a2a0350303bb282fef6eeeb034b27bcc9feddfe12f8be9e29631f3c0392686fc01e67c6b736576accd6f7940bd,2022-09-05 11:56:00,CLOUDY/OVERCAST,DAYLIGHT,DRY,NOT ON SCENE (DESK REPORT),09/05/2022 12:40:00 PM,41.989727546,-87.748178979,POINT (-87.748178979 41.989727545973),C,9,2022,11:56:00
03a037a3a801d777c715a520de8a481bcb04c6a22dd01f760f38fa5fb46b41c98d355015cb90ab24a501d8e9cac3b432af541f9987947e3e5109bb1f9168e3d7,2020-07-14 21:45:00,CLEAR,DAYLIGHT,DRY,NOT ON SCENE (DESK REPORT),07/15/2020 07:15:00 AM,41.760133198,-87.559053958,POINT (-87.559053957967 41.760133197962),C,7,2020,21:45:00
047c795990cb22e57cb651be1a47e75db8d70b41c0fe19909c1691862bd5b7bcde958db4b24fb4b70da117f003284a15b8b1b864c8eb32c456cade9cb0192bce,2018-08-13 01:45:00,CLEAR,"DARKNESS, LIGHTED ROAD",DRY,ON SCENE,08/13/2018 02:00:00 AM,41.88959504,-87.701635847,POINT (-87.701635846979 41.889595039953),C,8,2018,01:45:00
0581e02de442466e7f9094b6e5754b4880c97ee6e8f900dab434939cbf94c4a0fdaa60de3904e9bbb918ad91d7a7cf5f81e6a5cf96c1e9e5f2cc049e9cc90411,2022-01-24 15:30:00,CLEAR,DAYLIGHT,UNKNOWN,NOT ON SCENE (DESK REPORT),01/24/2022 04:20:00 PM,41.8516599,-87.72453636,POINT (-87.724536359985 41.851659899998),C,1,2022,15:30:00
03c8fee8a0cb0d303e972a873228b444a47b7b1ed1e2d97a8c409203dc81a9d97abc26692d325af7428a2f8f880ab0e551e763782226b9b6a0c3e19abd7ffa23,2018-06-22 07:25:00,RAIN,DAYLIGHT,WET,ON SCENE,06/22/2018 07:27:00 AM,41.741803599,-87.740953582,POINT (-87.740953581987 41.741803598989),C,6,2018,07:25:00
05a2558531eb0174cb4d8ec5de92fdc94c1894b31923fdbb09f62e41a1eb3716ca641b84c64b6b5dd442cd4f1214eb061318d37154d66d03fb59056987645db7,2017-01-15 14:10:00,CLEAR,DAYLIGHT,DRY,NOT ON SCENE (DESK REPORT),01/15/2017 02:30:00 PM,41.911051175,-87.632435551,POINT (-87.632435550972 41.911051175023),C,1,2017,14:10:00
057c8e6a16a0b839eced2c6d6a0661804b6eba1d81a46cee29271628d8fa469bdcb1fac3cb8039a89d5feb9816e393d5d8b773c24b5818d47f0ac68f823484dc,2020-03-12 17:38:00,CLEAR,DUSK,DRY,ON SCENE,03/12/2020 05:40:00 PM,41.79616458,-87.650128788,POINT (-87.650128788043 41.79616457997),C,3,2020,17:38:00
0407b9f16f05393ded532d48e94c2c7401bd8d0ab9569af0573bf3b31a2044c0438a90f38014a4a8838b0bfdc6883087cf84334f2fc56b284839bf65bee00fcc,2017-11-18 13:11:00,RAIN,DAYLIGHT,WET,ON SCENE,11/18/2017 01:11:00 PM,41.866987673,-87.734851097,POINT (-87.734851096954 41.866987673005),C,11,2017,13:11:00
04f6245394966ed41b109ac46b18ed45b8b90c6607cebc99008d9a733b4b668d4effab8de602f2ed17854835b5efce5d76701c8d97d25c23c9814ee9e63e7a60,2018-05-10 18:00:00,CLEAR,DAYLIGHT,DRY,NOT ON SCENE (DESK REPORT),05/10/2018 06:40:00 PM,41.907776988,-87.634530631,POINT (-87.634530631024 41.907776987954),C,5,2018,18:00:00
03f119170bb70029e76fc46d670a5e89ccbeba8ca767ea1f0ba1060bdd486109e6162cab2356f86a7f12967f1e23eb94e34eeb2bea68331c30a3f3a40c7dc7da,2021-02-11 07:50:00,SNOW,DAYLIGHT,SNOW OR SLUSH,ON SCENE,02/11/2021 07:52:00 AM,41.762205433,-87.654856498,POINT (-87.654856498034 41.762205432969),C,2,2021,07:50:00
058e948c269f91dfde55a4837425b10ff83723175303134a66156dbbdb2233909900667acb899857d51241272ce31a833f96d2b93c1ca70ac56415ba90eeb320,2017-06-19 01:00:00,CLEAR,"DARKNESS, LIGHTED ROAD",DRY,NOT ON SCENE (DESK REPORT),06/19/2017 06:35:00 PM,41.798773102,-87.735718226,POINT (-87.735718225985 41.79877310197),C,6,2017,01:00:00
058cb95ce396630831569863f89511ca345f58709326e6db5aad462c4d7f2a04d5419e7eeb06f2c3b3688ca4c74a62d6101a4029c59fd3c5a36ceaf51fa64696,2018-11-20 12:14:00,CLEAR,DAYLIGHT,DRY,NOT ON SCENE (DESK REPORT),11/20/2018 01:46:00 PM,41.893918609,-87.624085833,POINT (-87.624085832985 41.893918609004),C,11,2018,12:14:00
044802edff78b91b87c91d999b59af59986534a5ec71f53c8c3839a48edeb09e525db4c3dc3d5951d0028da352d156135d56e127091fa6f89ff72bb013027ff2,2020-12-27 18:16:00,CLEAR,DAWN,DRY,ON SCENE,12/27/2020 06:17:00 PM,41.902815701,-87.717648644,POINT (-87.717648643968 41.902815700998),C,12,2020,18:16:00
0341546ceaeb646185c5c5886a2cfef940399f89c54c5b53db64bfe9fc6619669f8e5f5031d7817f524ea58337de5849fe23efa28bd7b8dacdac17e6dcfa4c36,2020-11-23 14:00:00,CLEAR,DAYLIGHT,DRY,ON SCENE,11/23/2020 02:00:00 PM,41.873860438,-87.700586149,POINT (-87.700586148982 41.873860438041),C,11,2020,14:00:00
0502f20b747ffab3e47b74e726731fc562ad7fd3e0532bab89431be48cd92e92485c90694babd90ccd254cd212c998fec15c5d730f740019a5c6673bae0813aa,2016-04-09 11:25:00,CLEAR,DAYLIGHT,DRY,NOT ON SCENE (DESK REPORT),04/09/2016 12:00:00 PM,41.86682801,-87.625963269,POINT (-87.62596326902 41.866828010004),C,4,2016,11:25:00
041f49fa1dd41b41aa9eed727744d4b37badd097e01ddb00973b5e5bb9df4b59656683c58134d1bead1651d3c3060ac4a7d32e3659c8ff6a91add0568c469f45,2018-04-05 15:07:00,CLEAR,DAYLIGHT,DRY,ON SCENE,04/05/2018 03:12:00 PM,41.744151639,-87.585945067,POINT (-87.585945066953 41.744151639042),C,4,2018,15:07:00
031c8cf12e9934c0fc221d9f6fdfebce2f717a28b572c66a06ddf5939f4d8c4c26c5c136c4c56b35aff4f563055d4992f3b65bd83087598c647c845117f18967,2017-12-29 13:00:00,CLEAR,DAYLIGHT,DRY,NOT ON SCENE (DESK REPORT),01/03/2018 09:34:00 AM,41.808749374,-87.66230696,POINT (-87.662306960034 41.808749374011),C,12,2017,13:00:00
02e1080f04528645f5be90df0b7cae84bb102a3590075201c2beae4cded6a40fe91d3f68e2b5be4cbed28838915334f7b4d44950355b25ccc0eb52bcbb921c1e,2022-10-15 21:56:00,CLEAR,"DARKNESS, LIGHTED ROAD",DRY,ON SCENE,10/15/2022 09:59:00 PM,41.75616061,-87.634583596,POINT (-87.634583595966 41.756160610031),C,10,2022,21:56:00
02e2ed3606a50dda185f5e97c57a45552087d6fbea1c4b5f3777e0503da72279211f0518aabbeca2cd8e8ee1aca6cae3f88a0531cb62bb39ac156ca3d55e0931,2018-05-09 11:30:00,RAIN,DAYLIGHT,WET,ON SCENE,05/09/2018 11:35:00 AM,41.72128957,-87.628509594,POINT (-87.628509593966 41.72128957001),C,5,2018,11:30:00
048f370dcf00e2856d0d422015c98220f70b37e918b3961e71141e111874b1a47f58a63f1d6bcf82f469514d05fdbd9e01d6927fa89fb64136e0beaf3a3c2a59,2023-01-21 05:30:00,CLEAR,"DARKNESS, LIGHTED ROAD",DRY,ON SCENE,01/21/2023 05:59:00 AM,41.790990025,-87.693576435,POINT (-87.693576435043 41.790990024997),C,1,2023,05:30:00
030f51ced858d85f09a69770f563cc74f8d3469eb3164bcb270e7dc96bfb3cec56d7bf0af9eed958a5fe0405c506c985bf4ecd445b010693f3507d12150bbb2b,2019-01-06 13:28:00,CLEAR,DAYLIGHT,DRY,NOT ON SCENE (DESK REPORT),01/06/2019 06:20:00 PM,0.0,0.0,POINT (0 0),C,1,2019,13:28:00
0542314acb96d4faeeeb193aa0e0606e8d36fa3348af609c31fcbd7a394939aad279341b3998fc9163f7490b5652c54821fa76ae56c1a7bde58c518203353601,2022-04-23 23:51:00,CLEAR,"DARKNESS, LIGHTED ROAD",DRY,ON SCENE,04/23/2022 11:51:00 PM,41.744151639,-87.585945067,POINT (-87.585945066953 41.744151639042),C,4,2022,23:51:00
03c8954b62e724022ac21064cd6c789936353554aed5e6e3194302da291c52cda85b46add49b20e3a9ef9ae802f881cdf0e63f045399a0be4b9e86511f0b9a61,2022-06-12 12:00:00,CLEAR,DAYLIGHT,UNKNOWN,NOT ON SCENE (DESK REPORT),06/14/2022 08:16:00 PM,41.844469862,-87.716531999,POINT (-87.716531999035 41.844469861986),C,6,2022,12:00:00
041630a1ec180a4e8c95470e211afea7f3c00208eb525816814c4af40520469aad9866aeefd0999ae60447989afe967a4e6ee27314566b267592dfc505200d3a,2019-07-30 11:05:00,CLEAR,DAYLIGHT,DRY,ON SCENE,07/30/2019 11:05:00 AM,41.801977655,-87.617233091,POINT (-87.617233090998 41.801977654982),C,7,2019,11:05:00
04bf7ea8d72bff69cc4c2563d977f57e45a4bb6a6def956fe67f996a5849866168d99d30312c35d85f1d2cbb54ab0dc1a5900a334748ba845f21c1935b6a7086,2023-07-06 09:20:00,CLEAR,DAYLIGHT,DRY,NOT ON SCENE (DESK REPORT),07/06/2023 10:00:00 AM,41.926157506,-87.716885712,POINT (-87.716885711983 41.926157505962),C,7,2023,09:20:00
038e36aeb372e7bf0d8d89cbea1debbb631bf09b9352d2e9ead3c6f006c76ae28fa1af5996149a78a2cdd761d0e3e7ec01a58ef244c4cf2ed6ac0a147c3e039b,2021-12-29 12:13:00,CLEAR,DAYLIGHT,DRY,ON SCENE,12/29/2021 12:13:00 PM,41.880668499,-87.739980899,POINT (-87.739980898973 41.880668498984),C,12,2021,12:13:00
02fec0dd000a1716632626240b955ee49070f5db106c0f64f5917f6307c64551eef9c66d014c4783bbb65a98e369f538113b696063347d43a7cb2ba1ef22013b,2019-09-17 18:58:00,CLEAR,DAYLIGHT,DRY,ON SCENE,09/17/2019 07:02:00 PM,41.931000176,-87.766089408,POINT (-87.766089407959 41.931000176021),C,9,2019,18:58:00
0317843433be3eb519e85987d8a95e1ea93544524f49ebd476ea50e4e8f90c946c35b1560cf516ff72ddff4f7cf127abe61139ef81470d86a254f6722fd5fe17,2023-06-01 13:39:00,CLEAR,DAYLIGHT,DRY,NOT ON SCENE (DESK REPORT),06/02/2023 09:40:00 AM,41.917188747,-87.787548488,POINT (-87.787548488041 41.917188747),C,6,2023,13:39:00
0414b5d85624bc3b0a507e42f423312ab7ea5b755d8935164c99b1375087cd5cd423b096a6e5ac81192ee78585cbb2d25a4273e5fa714122089bb7b4c794c001,2018-12-24 11:00:00,CLEAR,DAYLIGHT,DRY,NOT ON SCENE (DESK REPORT),12/24/2018 12:40:00 PM,41.93393362,-87.64597416,POINT (-87.64597416 41.933933619951),C,12,2018,11:00:00
0427860e3643b896e1a9b1f563ffdaad520cb69c7424668032fd6a5466bcc1639a9a88f0ab2dfba043e390b722a5057b9d83e43b3b0bff8c9efa3b03ef7f4df9,2022-03-21 21:45:00,CLEAR,"DARKNESS, LIGHTED ROAD",DRY,ON SCENE,03/21/2022 11:00:00 PM,41.891707527,-87.61504312,POINT (-87.615043119975 41.891707526967),C,3,2022,21:45:00
04967ad177450ceedae87392aa9e37a5829a6f464e64acbe87a1b1004a87b40ab865dc2545dfdde1c1df4445f2e3ed72fe1aae946cd08f182bfbc8614e8d14be,2023-06-10 19:30:00,CLEAR,DUSK,DRY,NOT ON SCENE (DESK REPORT),06/10/2023 08:00:00 PM,41.721256457,-87.643062482,POINT (-87.643062482016 41.72125645696),C,6,2023,19:30:00
0329e95201f16b28f957e286c5fbcbf4e3e6ab6142fdd66905705a8ab9aa608e0426cd27fb9cd9666ba02b4cf6539f376bc5535c5c80df2931a020f425d932c3,2022-07-09 13:40:00,CLEAR,DAYLIGHT,DRY,NOT ON SCENE (DESK REPORT),07/09/2022 05:46:00 PM,41.744151639,-87.585945067,POINT (-87.585945066953 41.744151639042),C,7,2022,13:40:00
0553c88a039d297f747d80c6be1b9febdfd3b05cfea9461d7f8606a62081334760d27a13eef1d0c3d5586ec23d08cbe7280e9a771d27a535bc56f24f4459f354,2019-06-27 19:15:00,CLEAR,DAYLIGHT,DRY,NOT ON SCENE (DESK REPORT),06/27/2019 07:30:00 PM,41.722573057,-87.575840321,POINT (-87.575840320973 41.722573057014),C,6,2019,19:15:00
033773326c573f40ff0b48c0f3802fdf887cd69ae4cd9617fa514cd3992f5eac7dd24203f3a74d0ba1d1fae347020f3e392fb23ffd5a8e74868183adcbd2c17b,2017-03-01 15:50:00,RAIN,DAYLIGHT,WET,ON SCENE,03/01/2017 03:57:00 PM,41.773326566,-87.579094,POINT (-87.579094000034 41.773326566024),C,3,2017,15:50:00
02eb22e6ae5a9d80f8808c60e2c485c939899ea0b51e6cc94fdfd0bf2c6292fb11ba00a161ce76b990286d724a9f514a6745808df3a8bbf74a7abdd748171c71,2020-05-10 07:10:00,RAIN,DAYLIGHT,WET,ON SCENE,05/10/2020 07:15:00 AM,41.963034913,-87.715583175,POINT (-87.715583174963 41.963034913018),C,5,2020,07:10:00
0564e565ebda939c88d5da6d613ac5789b702cbff5b8744552f9930bd571995afb81a895dfd2bc8a23e6cca53f8fc6a9afbeb38591781281a3c37ceba5cbcbd5,2019-12-10 15:15:00,CLEAR,DAYLIGHT,DRY,NOT ON SCENE (DESK REPORT),12/10/2019 03:20:00 PM,41.954196229,-87.66919262,POINT (-87.669192620028 41.954196228965),C,12,2019,15:15:00
04e639f8990cd4d1858c1ce40f07c39986a136e16d02763175c815de01b308d1d6197552ccedf8f317cf32b2a6e9d267c6c07d0b93cf85a79db38d4f17f12203,2021-12-11 20:50:00,CLEAR,"DARKNESS, LIGHTED ROAD",UNKNOWN,ON SCENE,12/11/2021 11:11:00 PM,41.909665373,-87.734821737,POINT (-87.734821736967 41.909665373049),C,12,2021,20:50:00
055fab105c9593e40825ae543be28ec76d9e7e7f2756b95a1f98af653734f0f492cc4b95acdd70b0e96737a897bb5083364882ddcec824f52b90d7154c717e44,2019-06-07 08:16:00,CLEAR,DAYLIGHT,DRY,ON SCENE,06/07/2019 08:20:00 AM,41.958986951,-87.933993929,POINT (-87.933993928974 41.958986950953),C,6,2019,08:16:00
055541001be798975c2b2d4688325732aa7667b88b7d22443f0a83869bf95ec1ef3ca886a982bc38172e4f822f18ae28f8edc643590b48be6cb6978f8b3ca75b,2019-02-11 15:00:00,CLEAR,DAYLIGHT,DRY,NOT ON SCENE (DESK REPORT),02/11/2019 04:43:00 PM,41.85299459,-87.629136748,POINT (-87.629136747987 41.852994589998),C,2,2019,15:00:00
04dbe52c3667116bd83b64c52fe56e1df67d3ae33c1d0e5669334dfede893ef2f1b81068da61cf88cf748773126cea0ccacc5846801bf843a488616fb24d1063,2023-05-14 15:35:00,CLEAR,DAYLIGHT,DRY,NOT ON SCENE (DESK REPORT),05/14/2023 03:40:00 PM,41.954105717,-87.693290369,POINT (-87.693290369008 41.954105716988),C,5,2023,15:35:00
05584eab589e61b2bcab3d21e256f2bc723d9a78767662b9607074904d4accc1c583b8fd37f89dade9eeb81169ab09c273e9eabaea9a68c23fe0edc4993e8847,2016-08-19 20:15:00,CLEAR,DAYLIGHT,DRY,NOT ON SCENE (DESK REPORT),08/19/2016 09:45:00 PM,41.762009489,-87.612901284,POINT (-87.612901284021 41.76200948897),C,8,2016,20:15:00
02f63936db6c72bc4a406562c4b0309b13510920a68da9fb3fc19445e21124beded7120a59a5b4906eab60c78cc2408ac619305c89b60bd5bcf55c725f1035fd,2021-07-19 13:51:00,CLEAR,DAYLIGHT,DRY,ON SCENE,07/19/2021 01:51:00 PM,41.78067475,-87.615487596,POINT (-87.615487596017 41.780674749957),C,7,2021,13:51:00
041bd5fc13d1600b49ccbb13c9fc36fc0a2be833ea5aed9eb810c83589d9b196217086f9771a4d50a832de8ce7024c646c8bab5216a11517aae6377f689999f8,2021-02-13 19:28:00,CLEAR,"DARKNESS, LIGHTED ROAD",SNOW OR SLUSH,ON SCENE,02/13/2021 07:31:00 PM,41.741803599,-87.740953582,POINT (-87.740953581987 41.741803598989),C,2,2021,19:28:00
053ddd4340013febafed708f1286a6e41ad92bfc216f725ec63cbd9840a8141c0885893222a55223aeb6176a0a875400557ecc684ca1b45c1cd5b72a7890f575,2016-04-26 02:14:00,CLEAR,DARKNESS,DRY,ON SCENE,04/26/2016 02:15:00 AM,41.934336553,-87.801227522,POINT (-87.801227522001 41.93433655305),C,4,2016,02:14:00
0423d57cf19840585d1003858070bea7b7c8682a432e5ca1c79f330fea0ecd4ee90e9a2e035843c5947c54aba17ec69f64d3fcf1d3c2249fe55ac54c6660a2ab,2019-04-06 20:35:00,CLEAR,"DARKNESS, LIGHTED ROAD",DRY,NOT ON SCENE (DESK REPORT),04/06/2019 09:35:00 PM,41.893380429,-87.657587738,POINT (-87.657587737968 41.893380429025),C,4,2019,20:35:00
052a460e0311d4495c78fd5b89d150e3abe76c1f23cc0a7bca8cf266693ac2b3641934ab2e03596c07a2e7b7fced05497abcf85e59ac5f7cb3ab2467d489d8e6,2020-02-15 12:00:00,CLEAR,DAYLIGHT,SNOW OR SLUSH,NOT ON SCENE (DESK REPORT),02/15/2020 12:30:00 PM,41.816892456,-87.608682115,POINT (-87.60868211498 41.816892455968),C,2,2020,12:00:00
031bad976eebc834a6187efe788dbab4edfe380bc4a790a6fceff3dfd0bb440cb224ee13efc3e5e4cf6ea262381cdad808cfefb52fb03533f6b52171b80e27aa,2017-05-24 07:30:00,CLEAR,DAYLIGHT,DRY,NOT ON SCENE (DESK REPORT),05/24/2017 01:08:00 PM,41.939108264,-87.717256893,POINT (-87.717256892992 41.939108264021),C,5,2017,07:30:00
05995ddabf59b34e77521980ffe2735b6560c8358df8b81999c73f58467f513605f62b8cd6f5540061b8dad398fc002c054f07c04106f68462a96312ae99a378,2022-05-17 14:45:00,CLEAR,DAYLIGHT,DRY,NOT ON SCENE (DESK REPORT),05/18/2022 06:55:00 AM,41.91696035,-87.701927402,POINT (-87.701927401978 41.91696035001),C,5,2022,14:45:00
05655479cb51a0c1b95f7f2d828bc7b04d03f71da030460989f81814efeaaf32d44283fa0426620bcab8fe13dedfcc0260fe3653403ddb132bfe8ea6c334ea2f,2021-08-09 17:48:00,CLEAR,DAYLIGHT,DRY,NOT ON SCENE (DESK REPORT),08/16/2021 03:00:00 PM,41.917103631,-87.687248767,POINT (-87.687248767006 41.917103631009),C,8,2021,17:48:00
04bcd59558dbc2e2e578d05114785b81a6e169fca57af5a057f3049e23c61dac14ef4ab9de34d2672ed22b44ff96e54d53675fa62468edbe79dc37b1fc699d2a,2020-08-29 16:40:00,CLEAR,DAYLIGHT,DRY,NOT ON SCENE (DESK REPORT),08/29/2020 06:20:00 PM,41.777121675,-87.692925138,POINT (-87.692925138017 41.777121674979),C,8,2020,16:40:00
031e964cd6db58ad9931ed955733bae8c4c743cb227a5943a81bd64fafb52b4cf5a9ed7a4f7ebd5001a1bce6d871707b1eb958b8f73818f35bdf60784800d6b2,2018-12-13 16:45:00,CLEAR,DAWN,DRY,NOT ON SCENE (DESK REPORT),12/13/2018 05:20:00 PM,41.77660477,-87.630256014,POINT (-87.630256014028 41.776604770038),C,12,2018,16:45:00
06d783132b48915b09ac52423364a27306e80b511dd066acfac02aa9539d09447ed311d945036151478723a57f29aa89bd8dacc65ea4c20372b64e936f7aa878,2022-12-05 13:00:00,CLEAR,DAYLIGHT,DRY,NOT ON SCENE (DESK REPORT),12/05/2022 02:00:00 PM,41.789542093,-87.601115068,POINT (-87.601115067998 41.78954209303),C,12,2022,13:00:00
05e5c4a40e9dfdbc100321970b02c250f650615bed28dc3d4bfe5faa56090b490fb9c35f0e392737229290d6292429887dccde16c4e2494443774b903675b68e,2022-11-17 07:15:00,CLEAR,DAYLIGHT,DRY,ON SCENE,11/17/2022 08:30:00 AM,41.924820733,-87.685301935,POINT (-87.685301935013 41.924820733031),C,11,2022,07:15:00
05bb3b0db6d2e2c495adaec76824707ece37dd6fa570a5bc4e3349b0048ebd1ae2add476c91fe2d60a508a42706012176eafcce1ac86f0ca91aa1adc04734d84,2018-04-16 06:30:00,SNOW,DAYLIGHT,SNOW OR SLUSH,NOT ON SCENE (DESK REPORT),04/16/2018 08:45:00 AM,41.945295295,-87.821044831,POINT (-87.821044831019 41.945295294973),C,4,2018,06:30:00
07224cd004ab02c50f23995d1c2c81c21dc05d7b1a67ea86e67d89976f1d07d6c33ca6382b775044f8a797291a8f064f481415b76e808f87cf96b8187035f8d8,2017-11-24 18:35:00,CLEAR,"DARKNESS, LIGHTED ROAD",DRY,ON SCENE,11/24/2017 06:45:00 PM,41.966471878,-87.669231243,POINT (-87.669231243006 41.966471878039),C,11,2017,18:35:00
0794b1245c7c46095044b22a4ad8f490bb20113061b8aa0b9eb331c62c2ff8a8131afbb4da6c413ef81725b6f23a0cb5bcefd5cde2a07564804e555a81785a97,2016-01-24 14:30:00,CLEAR,DAYLIGHT,DRY,NOT ON SCENE (DESK REPORT),01/24/2016 03:50:00 PM,41.906097068,-87.72657128,POINT (-87.726571279988 41.906097068043),C,1,2016,14:30:00
082a70b3f84ddc748ee8bc7632c80330c37a46cd6d56606a10dc5c36e56f6e74b07979fdcd97e8fb8fbff7b8c118f7221bc7b035ee8f58a815802aa6965c306c,2019-02-09 04:00:00,CLEAR,DARKNESS,DRY,ON SCENE,02/09/2019 04:25:00 AM,41.968135406,-87.708313269,POINT (-87.708313269047 41.968135406045),C,2,2019,04:00:00
070c87fa6c2ab54a7879c3c691de83b886689213419dcfd5cd20c867eef2b56b03a023e95532f7703991f3775b5ddbd8b1a77074ccc4a709ae90a4358da2d039,2020-09-18 12:30:00,CLEAR,DAYLIGHT,DRY,NOT ON SCENE (DESK REPORT),09/18/2020 12:30:00 PM,41.883023475,-87.744869754,POINT (-87.744869754021 41.883023475023),C,9,2020,12:30:00
071d62fa1ff0f267b4280fbeab1fc0857364982d53e74f58365344f5d8bbd3e16557345aa92925b3533c566909f0a76c7a98e60c67fe561cfed7a86f2882d9ef,2020-09-18 16:25:00,CLEAR,DAYLIGHT,DRY,NOT ON SCENE (DESK REPORT),09/18/2020 05:15:00 PM,41.785387445,-87.606183761,POINT (-87.606183761008 41.785387444959),C,9,2020,16:25:00
0738be8e65d367796eba1f07f51e6a8cc068dc9191c2eac1bbef5134b2161f7fe4c60e91b6f37c4ff614afddcdd3f0c184df82de317d75fd09fda548ce9dfe1f,2021-08-27 18:30:00,CLEAR,DAYLIGHT,DRY,NOT ON SCENE (DESK REPORT),08/27/2021 07:05:00 PM,41.822958463,-87.691425915,POINT (-87.691425915045 41.822958462973),C,8,2021,18:30:00