CRASH_RECORD_ID,CRASH_DATE,WEATHER_CONDITION,LIGHTING_CONDITION,ROADWAY_SURFACE_COND,REPORT_TYPE,DATE_POLICE_NOTIFIED,LATITUDE,LONGITUDE,LOCATION,CRASH_TYPE,CRASH_MONTH,CRASH_YEAR,CRASH_TIME
077541fad91160116cb06bc79d50cec1a7b8d7c602d89383d8ae601bd174e94d7f4ed4cac9a9ca969a70574f03ff9efe500d389c3871f814ceffbe6c5a1c88b3,2019-03-27 08:00:00,CLEAR,DAYLIGHT,DRY,NOT ON SCENE (DESK REPORT),03/27/2019 11:29:00 AM,41.876650884,-87.747056261,POINT (-87.747056261001 41.876650884046),C,3,2019,08:00:00
06928195e9f5c8dcb3b2044fe372abd7008fce56a25e434c4b215788ad109729bc514b73480e1471c7c0845a9a9d336753ff0d91c47d793df05005dd9788629d,2020-12-06 18:50:00,CLEAR,"DARKNESS, LIGHTED ROAD",DRY,ON SCENE,12/06/2020 07:09:00 PM,41.885719361,-87.627792462,POINT (-87.627792461951 41.88571936101),C,12,2020,18:50:00
05da1e5ade6e661f0803025f44d10c585c6cfd48ddf57eedb3ddfb032972ed2ec07430548e9a5e890936f2eed9ab28c8a2279beb9d899defb0e0c603a8e80a92,2021-12-15 12:00:00,CLEAR,DAYLIGHT,DRY,ON SCENE,12/15/2021 12:22:00 PM,41.723118162,-87.553998563,POINT (-87.553998562978 41.723118162044),C,12,2021,12:00:00
0715747ad03659bf4f8c41699d349d805c0a8863e7033c7f0dd4b6232d2ab96f5c7d161d9f944f4919f1d16520d6f9ebe8fe3d9175212d0f011ee4bf9137b38e,2016-10-23 03:00:00,CLEAR,"DARKNESS, LIGHTED ROAD",DRY,ON SCENE,10/23/2016 03:03:00 AM,41.893280807,-87.677100015,POINT (-87.677100014973 41.893280806986),C,10,2016,03:00:00
0856989a076cd66f9743beb8b1cec92994c69e98b707101b3caa4c6f56294e96b974583b80826330166a80c21a9f55a04c48299de0cf678e3e40fef885052fa5,2021-08-01 04:40:00,CLEAR,"DARKNESS, LIGHTED ROAD",DRY,ON SCENE,08/01/2021 04:42:00 AM,41.866711249,-87.676101605,POINT (-87.676101605034 41.866711249013),C,8,2021,04:40:00
06255832f8d8768f0fce35da2ea7e463b1c54936ccd153e27135b283d3b33e968ab006defae6c4ef50810499c4e29f51d8dee3c5245bb0978348be6a50227e72,2021-02-26 13:30:00,CLEAR,DAYLIGHT,DRY,NOT ON SCENE (DESK REPORT),02/26/2021 02:50:00 PM,41.997091834,-87.76372081,POINT (-87.763720810001 41.997091834002),C,2,2021,13:30:00
0773d2aef1a30b604ea40f897bc358195dd95e48f71e17aca66bc85489f52996a2f2d9deaf97afb1fe4f64a7a17308aed44c27a18f8494b7e42156cc0ee12720,2023-05-31 02:00:00,CLEAR,"DARKNESS, LIGHTED ROAD",DRY,ON SCENE,05/31/2023 02:04:00 AM,41.948567062,-87.75194887,POINT (-87.751948869982 41.94856706205),C,5,2023,02:00:00
066b074b9a60992208d8f40cf0156cfcc05cd139607514435ad1bc1780e8d4bf22898829828b3b6315fcedc5261aea23476ebe1ef88f1e7a070bb65bedf666da,2018-10-24 16:10:00,CLEAR,DAYLIGHT,DRY,ON SCENE,10/24/2018 04:14:00 PM,41.895499511,-87.723699547,POINT (-87.723699546998 41.895499510995),C,10,2018,16:10:00
06012e092ff56770ea8f05b24693c91c7760c8e408bee60aeb3088b18f7ed67ec5541eec296df37e4c87f3cafc9132aad342edd7f58a2197337d0257d3d4edd3,2023-05-03 18:51:00,CLEAR,DAYLIGHT,DRY,ON SCENE,05/03/2023 06:51:00 PM,41.808693143,-87.667180636,POINT (-87.66718063601 41.808693143049),C,5,2023,18:51:00
069f28b29147d3fee60d3a3dee2c68fac4605f6562646d3312367638359e65412d1d436918e0e4f1304e0c18f04525d106e37335bbb01cd4a70e699125788fcb,2016-12-17 11:30:00,CLEAR,DAYLIGHT,WET,NOT ON SCENE (DESK REPORT),12/17/2016 01:18:00 PM,41.916965489,-87.75210778,POINT (-87.752107780008 41.916965489023),C,12,2016,11:30:00
05b5a11f1acba86bf71c37acbee889d753260286a3c74904d2dc653dd4db60c53f6f0ad99bae322b65d13f03a43dbbfc26c7f4236343e2fd3a900586f463d86c,2020-08-27 10:15:00,CLEAR,DAYLIGHT,DRY,ON SCENE,08/27/2020 10:28:00 AM,41.682973474,-87.642228468,POINT (-87.642228467961 41.682973473961),C,8,2020,10:15:00
074f50577888fe85727b97fe0010aa708efe985ae1effdd2d03730c444e95bf795e54e0f7a2123d3c97b8fc80e7b822ce64fdcef7dd6f1b510a0856c7d8d669f,2019-12-08 08:14:00,CLEAR,DAYLIGHT,DRY,ON SCENE,12/08/2019 08:35:00 AM,41.75872376,-87.585590902,POINT (-87.585590902031 41.758723759994),C,12,2019,08:14:00
078cd383d86b9636ef7a6e59e7e821bc8b1c45237cb28a11d9307ddca3e3c5d3167a87130fa8f5ad2ab49517ad280c2191282939ed035422e2d38954b392ccf9,2021-08-13 01:30:00,CLEAR,"DARKNESS, LIGHTED ROAD",DRY,NOT ON SCENE (DESK REPORT),09/23/2021 03:02:00 PM,41.788690332,-87.64823499,POINT (-87.648234990012 41.788690332014),C,8,2021,01:30:00
064e66979a2970426924a31edac09282c4ede65aad5827ab5bf314b0c5404ddb82dfd349d1df97f7cdd42fa48054021295a7b5b9f873cf77a8ae5b506516ba24,2017-02-22 07:15:00,CLOUDY/OVERCAST,DAYLIGHT,WET,ON SCENE,02/22/2017 07:19:00 AM,41.854120263,-87.665902343,POINT (-87.665902342962 41.854120262952),C,2,2017,07:15:00
08433d7224508cf91c99bf9ae2c87074da21bc899aa04180a5ce9bee6eb005b0a2d1c2df79ce94aec19492032dddf3ddc2eba0ca501188084c39d41884689478,2019-12-22 15:00:00,CLEAR,DAYLIGHT,DRY,NOT ON SCENE (DESK REPORT),12/23/2019 06:42:00 PM,41.784385694,-87.740065946,POINT (-87.740065945952 41.784385693962),C,12,2019,15:00:00
06d11d0ac4bf97a43f93b78768b225c91ba0579939a4fc92ba3f426a1353607f52a8f8536eefb3a7a3e75f553d1e941841ce5b26890e986b06ad85a716fa3a2c,2019-05-14 19:30:00,CLEAR,DAYLIGHT,DRY,ON SCENE,05/14/2019 07:30:00 PM,41.950676839,-87.643784743,POINT (-87.64378474303 41.950676838996),C,5,2019,19:30:00
07b95a8a0df88d03806fb295a75d35404d1e38aaa8080da64d1de991dbae1f8503e549759e939cb2cd9949fe400ff696b67988be19c0dffd7b24d6c7802ab4d6,2017-03-02 03:30:00,CLEAR,"DARKNESS, LIGHTED ROAD",DRY,NOT ON SCENE (DESK REPORT),03/02/2017 04:20:00 AM,41.80773226,-87.595257982,POINT (-87.59525798199 41.807732259953),C,3,2017,03:30:00
08265183bea27ea87a05d458ed897d97dc706579223676d44d79e415a26db5d2218e991bcf14bb58af5141046b2999878ddcf6d04c8eeb2ffa0fe1fac403d558,2022-03-16 19:37:00,CLEAR,DARKNESS,DRY,ON SCENE,03/16/2022 07:39:00 PM,41.694577926,-87.681392215,POINT (-87.681392214993 41.694577925956),C,3,2022,19:37:00
072f71ac5ebd7f8f39e6184e8480f07cbfe2405bd37ab6fb544cb657d9d2994242ccde8ef5c5862f1f2c2936c52759b23058da6eaacec41738b50da416da0591,2018-06-13 11:45:00,UNKNOWN,UNKNOWN,UNKNOWN,NOT ON SCENE (DESK REPORT),06/13/2018 01:10:00 PM,41.938266954,-87.795761499,POINT (-87.795761499004 41.938266954026),C,6,2018,11:45:00
072dba6f2d26c2bf5375ec81576e7a88ecea821f93ca5cb3479e090508778b8899b33fd6077cabd7bd900554f3331e01c64c7f86261dded98da642e61881f652,2022-03-11 16:36:00,CLEAR,DAYLIGHT,DRY,NOT ON SCENE (DESK REPORT),03/11/2022 05:20:00 PM,42.012582905,-87.663488208,POINT (-87.663488207977 42.012582905034),C,3,2022,16:36:00
05d5848e0e32a0ada4861b993b2b976e9f7f2d927a975089adec5ef3746ef28e8f7f7e31dab013c18d9b849955af216d1a56452e266ea1c8e49831075aa3e418,2019-12-14 10:30:00,CLEAR,DAYLIGHT,DRY,NOT ON SCENE (DESK REPORT),12/14/2019 10:38:00 AM,41.817683733,-87.6650402,POINT (-87.665040200043 41.817683733038),C,12,2019,10:30:00
0640d0a59b1ba968dcd785c42f659e6ed3dd1f76866a057113b88d6f812c2ab15d3d5b4f3c6bc0a22e40db997417725e04a76aa3086b37e9d14a7c9947a4a990,2023-02-16 12:20:00,RAIN,DAYLIGHT,WET,ON SCENE,02/16/2023 12:25:00 PM,41.958986951,-87.933993929,POINT (-87.933993928974 41.958986950953),C,2,2023,12:20:00
060ad7589dbaaab949bf6ec9e7734c1f01fd7e8c531e00048d3dbaca188437c145266a945cc7b6a8772bade6c80d37561cf76fc44e66f3acd408d177e714ebc6,2022-05-06 13:15:00,RAIN,DAYLIGHT,WET,NOT ON SCENE (DESK REPORT),05/06/2022 01:45:00 PM,41.744151639,-87.585945067,POINT (-87.585945066953 41.744151639042),C,5,2022,13:15:00
06930a55d0c11a99aa8b8e9c30b4d63c2e0c22949897df547f684e8e06ffa4e393acbf710155d3d409dbe2e75260fcd46ba50bd7358e27b364f4909850350266,2018-02-11 03:00:00,SNOW,"DARKNESS, LIGHTED ROAD",SNOW OR SLUSH,NOT ON SCENE (DESK REPORT),02/12/2018 11:44:00 AM,41.968973728,-87.655308652,POINT (-87.655308652011 41.968973727981),C,2,2018,03:00:00
082714283998bba5e326d8349105c73b564ba88d1b02b4b20e2c3249186862afb9c14d1a190e4b2a5faf29baed67aea759fc0fd4d41fd2b504c0590975c3ad93,2019-05-05 15:45:00,CLEAR,DAYLIGHT,DRY,NOT ON SCENE (DESK REPORT),05/15/2019 02:05:00 PM,41.948320256,-87.818238711,POINT (-87.818238710958 41.948320255951),C,5,2019,15:45:00
0818e504c41ab2cd76484ce58cf9e6237d627a89fd5c033c08cba68c3e29c44bb4bf5460298099a2106a16c1b23917d383c9c1728f61229b264eaff61555f0a8,2023-05-15 16:30:00,UNKNOWN,UNKNOWN,UNKNOWN,NOT ON SCENE (DESK REPORT),05/16/2023 04:35:00 PM,41.997655095,-87.699498438,POINT (-87.699498437993 41.997655095),C,5,2023,16:30:00
0663b4af9f4ced9e3d88f55f00052683a20f5953e67727673c2d8220086a3e3be16c15a7fc9421b1883322e66273b78112b98b90bca956ffafc5f6027270a0a9,2021-04-28 01:00:00,CLEAR,"DARKNESS, LIGHTED ROAD",DRY,ON SCENE,04/28/2021 01:10:00 AM,41.756324658,-87.614929712,POINT (-87.614929711954 41.756324658018),C,4,2021,01:00:00
07ac66062cf1b70ce2f14ebf935d8fea1457d048dc78918fa84139221f08540202196e8103f9f84ba8813b515e290cfb8d473b0bdfcc9efdfa929e54f270f2a9,2021-10-01 07:45:00,CLEAR,DAYLIGHT,DRY,NOT ON SCENE (DESK REPORT),10/01/2021 08:45:00 AM,41.659687315,-87.583621707,POINT (-87.583621706984 41.659687315045),C,10,2021,07:45:00
078c2cb758f3e9cc9fa7fb20c27010afe1025be0970a8111af2c900c2177cb19809092648efdcd2dc7afc04fae86e4e1ca9741755d5f573bbd15b0725b0a5985,2018-07-05 10:22:00,CLEAR,DAYLIGHT,DRY,ON SCENE,07/05/2018 10:30:00 AM,41.710859781,-87.628468438,POINT (-87.628468437997 41.710859780955),C,7,2018,10:22:00
0710498c5c03c4805357cdebb617611261684f356f13b29c7c8c568ac297e133b95822f4004553d9c1df8d91492c0db58f149dfdb4b6676ee1ab9dae5c1dc1a7,2022-07-14 15:21:00,CLEAR,DAYLIGHT,DRY,NOT ON SCENE (DESK REPORT),07/14/2022 04:50:00 PM,41.994060517,-87.736319965,POINT (-87.73631996497 41.994060517003),C,7,2022,15:21:00
0661b0ebb4c52f12e6d335506e24260cd7b7e20348f863fe66f57a10dae02d1d34aa3324d5863674c9502fb143548a621acbcabfbf301dd70d68f7ddd74d24df,2021-11-05 16:30:00,CLEAR,DAYLIGHT,DRY,NOT ON SCENE (DESK REPORT),11/05/2021 05:30:00 PM,41.883749922,-87.630772022,POINT (-87.630772022024 41.883749922032),C,11,2021,16:30:00
06dbb7dae860f0cfd7178008f08f06a4b9df45b9088f1148afdc316e89c3068bb88dbf7a23281500931e7f622db49cddfd3d437f4beae930fce7571e465d96f6,2015-12-31 15:15:00,CLEAR,DAYLIGHT,DRY,NOT ON SCENE (DESK REPORT),12/31/2015 03:25:00 PM,41.879714362,-87.774496221,POINT (-87.774496220954 41.879714361958),C,12,2015,15:15:00
07cf8b845534957256f1c0dafd4f95c08037233f3d367db726f9f56686ec31ce7bc3f24e350ae9d93cde2387a6606093775ac87dfb78685050e5ef0f096f67c9,2018-04-24 18:45:00,CLEAR,DAYLIGHT,DRY,NOT ON SCENE (DESK REPORT),04/25/2018 08:05:00 AM,41.879714362,-87.774496221,POINT (-87.774496220954 41.879714361958),C,4,2018,18:45:00
0749cbfdd515e35ebfa078071b5a3aff97cf82e5ffb5bf16c3cd81623902799edff50462f46384a6c2fcbff34ccacba86163c649b1aebacbcdd5ffd5cf4718bf,2020-03-02 19:18:00,CLEAR,DARKNESS,DRY,NOT ON SCENE (DESK REPORT),03/02/2020 07:36:00 PM,41.817683733,-87.6650402,POINT (-87.665040200043 41.817683733038),C,3,2020,19:18:00
06b9d1f458ec7a05e52be44ead78c72b57ac14a86eb1e9410b00e5cd1fbd12e7362182df5728db7426c53cf0ef127b88efcf3363b3a6df4c22d50bfeb4aee175,2020-08-24 14:00:00,CLEAR,DAYLIGHT,DRY,NOT ON SCENE (DESK REPORT),08/24/2020 03:10:00 PM,41.773232394,-87.58531478,POINT (-87.585314780035 41.77323239404),C,8,2020,14:00:00
06be00feba506051f8b6eaa215ddea8f30218b50d245ee52378f4a515c025af92021e2f442e6d32d25589fc33273e0f1236aa5073b462e9491c3f50df394151f,2017-01-22 21:53:00,FOG/SMOKE/HAZE,"DARKNESS, LIGHTED ROAD",WET,ON SCENE,01/22/2017 10:07:00 PM,41.762174118,-87.558927464,POINT (-87.558927463962 41.762174118016),C,1,2017,21:53:00
069d70eeccea2c5618f64874258592d01f2adbb3142f74118e6dbcc7f683e5740b3c9ce230626a5c50c44f0b5e5cdb96be7da0c50bdae723b446a237160a40d0,2018-07-18 15:20:00,CLEAR,DAYLIGHT,UNKNOWN,NOT ON SCENE (DESK REPORT),07/18/2018 04:10:00 PM,41.881779411,-87.654380269,POINT (-87.654380269009 41.88177941105),C,7,2018,15:20:00
06b4b38ad03a6b4e6f365e75baad6792d84bf8a9b8772a0bd0d25d721242ca1abf2310d059b27cde51e66b472b02470887224e115159e1362c2f2a04300dbb9b,2019-07-19 19:29:00,CLEAR,DAYLIGHT,DRY,ON SCENE,07/19/2019 07:44:00 PM,41.875008491,-87.673536864,POINT (-87.673536864033 41.875008491025),C,7,2019,19:29:00
088ab799c18d24a86d8220311eda0b49276d32f034ed5a45589415f5a0b259e785180399c1e2ad2646409f0d1935fb6347cd2af4e4592d170ee63df37a1092f9,2017-02-21 05:30:00,RAIN,DARKNESS,WET,NOT ON SCENE (DESK REPORT),02/21/2017 10:25:00 AM,41.808765103,-87.644804499,POINT (-87.644804499005 41.808765102977),C,2,2017,05:30:00
07cb39fa66afe95d8063e085023d882cc4f8e9d9a6a3add3bd1838dd5c331648cdba9fec6e51b345c9280e4291cd6b8e6d036d844a12818e424ed74217d9d0d5,2023-05-05 23:00:00,CLEAR,"DARKNESS, LIGHTED ROAD",DRY,ON SCENE,05/06/2023 12:34:00 AM,41.775048833,-87.60595789,POINT (-87.605957890049 41.775048833022),C,5,2023,23:00:00
07e81d9c12345a1a274f94602607fc124fe9e3a041214258b661cbf4edb62707ea463e77b4259b879cd5bdb7cfe76c617e49d269a5cd8827396acaa4f82bb6c4,2020-11-12 22:35:00,RAIN,DARKNESS,WET,ON SCENE,11/12/2020 11:43:00 PM,41.882230166,-87.757516765,POINT (-87.757516764957 41.88223016602),C,11,2020,22:35:00
0837e4a0611e47baed64af145b8256b1b63f877b5d0268c8bf753ae6c485b5e3abdeeee8934b4bbda549c0ffbbf837dbae2ebb55978892a1b93f79fc8b3d7d8e,2018-01-09 13:10:00,CLEAR,DAYLIGHT,WET,ON SCENE,01/09/2018 01:15:00 PM,0.0,0.0,POINT (0 0),C,1,2018,13:10:00
065a0afe1f891c4e0e9c0a2e2608c03aa616ed324c84ad244fddf6355cb9feb1756b35a8b840b5d0b7c371a5f77f8290e00e0490392fcde882da006a84bfba43,2019-08-23 18:41:00,CLEAR,DAYLIGHT,DRY,ON SCENE,08/23/2019 06:41:00 PM,41.909669676,-87.765481309,POINT (-87.765481309016 41.909669676006),C,8,2019,18:41:00
078271c1ea78c5c01a6d73b06222276c674c4f09d7c961f7139a789c9e667d98c9696d86691db76162aa7c04aa3eb0ac88f709501a6a10ed216e661e3ca41863,2023-06-02 18:58:00,CLEAR,DAYLIGHT,DRY,NOT ON SCENE (DESK REPORT),06/02/2023 07:50:00 PM,41.874350356,-87.720538576,POINT (-87.720538575955 41.874350356029),C,6,2023,18:58:00
0687c4ac8ba5e0164095deca2f62954cbae6d0736116f8378ab092e122c0693d60b84cb74afb5e515bf4a7272f312a4951d34383dca4f84fda8728a700475efb,2018-09-20 17:00:00,CLEAR,DAYLIGHT,DRY,NOT ON SCENE (DESK REPORT),09/28/2018 02:09:00 PM,41.764544707,-87.68705707,POINT (-87.687057069958 41.764544707037),C,9,2018,17:00:00
086edc3a3e2286a44ca66c6bb3c537875187f4c97dbe54f7c0bee51b62fe728da53fc1abe20c891779d71f0e5d8d2a39ce0b6ef4bf2b899bae6f2495c4a2e3e9,2022-02-02 08:58:00,BLOWING SNOW,DAYLIGHT,SNOW OR SLUSH,ON SCENE,02/02/2022 09:10:00 AM,41.903639931,-87.65554697,POINT (-87.655546970003 41.903639930952),C,2,2022,08:58:00
06f7f96eecc774bf1d5f7bf7be543ebfaac1d73d8ef3f7fe55f021734ce24e19cfcf833850d447fc8fafb77fd668c94d0f227cc6490ad007c13d906410919a58,2021-09-17 13:25:00,CLEAR,DAYLIGHT,DRY,ON SCENE,09/17/2021 01:28:00 PM,41.997730287,-87.806645117,POINT (-87.806645117018 41.997730287008),C,9,2021,13:25:00
0663ae16a48929ff9a3c91156b710cb496dfc6217a527d5d3c63a47de88fa26c9caf976af47bd2642392c100dde529dad6271dfa3271f294224377f8d6f76c68,2020-02-22 15:30:00,CLEAR,DAYLIGHT,DRY,NOT ON SCENE (DESK REPORT),02/22/2020 04:25:00 PM,41.874350356,-87.720538576,POINT (-87.720538575955 41.874350356029),C,2,2020,15:30:00
07a1da97e5e1bfbe5bbfd429fea97e153e7666b17a98459ab53813ac6458f0f1160498fd78602da1bfd55cddb4d26675c34ec8648b10280f89e241c84b9d0cb2,2020-09-06 19:15:00,CLEAR,DARKNESS,DRY,NOT ON SCENE (DESK REPORT),09/06/2020 08:41:00 PM,41.884989876,-87.634374275,POINT (-87.634374274988 41.88498987598),C,9,2020,19:15:00
065d6c0e587cafac4700e4268c396142590a9e0132067da0f609eb3bbecb3af7b72c058b81e02b52eebff4a60d8644005632eee53745795c558b3da0eb6edb6c,2019-09-24 16:40:00,CLEAR,DAYLIGHT,DRY,ON SCENE,09/24/2019 04:43:00 PM,41.734393366,-87.643424124,POINT (-87.643424123981 41.734393365956),C,9,2019,16:40:00
06fbc149e2d217bd0073a54d8a31ab46b657b69c78ae87139229bba22b164ac24f2026400264f66a3daf108a36574a01c4cfaceb73f7ffff7f93fc116f9a48ff,2017-12-16 21:51:00,CLEAR,DARKNESS,DRY,NOT ON SCENE (DESK REPORT),12/16/2017 11:21:00 PM,41.779351179,-87.684804466,POINT (-87.684804465996 41.779351179003),C,12,2017,21:51:00
06bf605b84fd45b5cf228681951adad14e60c773a53a5e282a2f98dea2fbd57777ec3f965a9ebe71264f7c16d17b25dca4b5dbeb1e216382f36a4ba06483d760,2021-01-30 21:00:00,SNOW,"DARKNESS, LIGHTED ROAD",SNOW OR SLUSH,NOT ON SCENE (DESK REPORT),01/31/2021 11:55:00 AM,41.929209817,-87.648746265,POINT (-87.648746264964 41.929209817007),C,1,2021,21:00:00
07f3f746529190a3ac123fa6ffe5d92a6ce223267b3ee9c9b504f410c4970fafc4a5930a0b95dbe197bd07d5389b3867f7be546060560e007d3bf61ed0265b45,2020-09-17 19:40:00,CLEAR,DARKNESS,DRY,ON SCENE,09/17/2020 08:00:00 PM,41.921729807,-87.663234201,POINT (-87.663234201004 41.921729806985),C,9,2020,19:40:00
0850c738547963f6c256c13227dab31a9bbcb5493e41c859c6f9cf0fa8a2409809f9d783698fc958ab768b62c764bf8f86ad766266dd8d968fc030617bbf85d6,2022-04-11 02:38:00,CLEAR,"DARKNESS, LIGHTED ROAD",DRY,ON SCENE,04/11/2022 02:39:00 AM,41.919306036,-87.709645152,POINT (-87.70964515196 41.919306035976),C,4,2022,02:38:00
0851ac05cfe5cfc0d8d0956a2e5271692f8204442c171bf42a933f3abef1cd3652b6ef58a7928c1455a7447abe1282fe6f0c4af5d44e885a33dbd63855494a0b,2023-05-28 21:29:00,CLEAR,DAYLIGHT,DRY,NOT ON SCENE (DESK REPORT),05/30/2023 06:30:00 PM,41.948952536,-87.799620451,POINT (-87.799620450951 41.948952535973),C,5,2023,21:29:00
0836f77b09ee6fdc7dc3b932fd1547b62ff7b8c22f48011ee72c344f687a3ab758c04ea410bd5df0b14738d5c5008b2d63d6e48d34731832a0776b39d0765d1e,2017-07-17 18:15:00,CLEAR,DAYLIGHT,DRY,NOT ON SCENE (DESK REPORT),07/17/2017 08:28:00 PM,41.675901307,-87.627558858,POINT (-87.627558857969 41.675901307049),C,7,2017,18:15:00
05d493f92251b9006117d04beea25d6adaa269372087ebb17e141d72f66b4ea4a3d6aabeec0edff281c8fad97086baef6eff023284e3d6880b486306a8ce1d53,2020-07-11 20:10:00,CLEAR,DAYLIGHT,DRY,NOT ON SCENE (DESK REPORT),07/11/2020 08:25:00 PM,41.928142509,-87.705489835,POINT (-87.705489834975 41.928142508969),C,7,2020,20:10:00
05c18a18ae3bd4a0f47dfd3a0ec455c7af3ff1d187071dd78e3ccce5bc4cb5d47bf3d60d3adc135cf8d4a6237a45d540bd0454abd2949548fe21fee1a0b866b9,2018-02-19 21:56:00,RAIN,"DARKNESS, LIGHTED ROAD",WET,NOT ON SCENE (DESK REPORT),02/19/2018 09:56:00 PM,41.917103631,-87.687248767,POINT (-87.687248767006 41.917103631009),C,2,2018,21:56:00
0619193120242ee6db5a8dcf429f407b04e9813063974a399a1740db5b399e9b08a01758a0e27b98191625de34aa3e24408d4e84de99f7fdfecc8a022b6652f9,2017-11-08 21:00:00,CLEAR,"DARKNESS, LIGHTED ROAD",DRY,NOT ON SCENE (DESK REPORT),11/08/2017 09:35:00 PM,41.97600184,-87.689092635,POINT (-87.689092634969 41.97600183997),C,11,2017,21:00:00
073e33157a4e5c8568783043ac1322ecdc4cef077d3f5d2f98f458f434ba4f79d2256bb2a705f6c2ad8f87121eca33872a6354d4cbf409b16cd9fa7e6f24be46,2018-06-17 20:35:00,CLEAR,DARKNESS,DRY,ON SCENE,06/17/2018 08:47:00 PM,41.748955255,-87.546926425,POINT (-87.546926424991 41.748955254974),C,6,2018,20:35:00
081c9f0ed38c5fb1984d9adac2a43660da84c4882db6060a3004d8b82a9c0633bab68e77e32e47018ddbbf10c8f5a013f095c4d185ff40ee7e400f66c7135cd9,2019-12-23 13:37:00,CLEAR,DAYLIGHT,DRY,ON SCENE,12/23/2019 01:56:00 PM,41.945612913,-87.781249472,POINT (-87.781249472044 41.945612912979),C,12,2019,13:37:00
05d033fcbccd937233ed640356512c40e48adeef2ef67da6652dfc7ce1e40b8931a2141335bc4ca01d254c2f65c6640d4f4e9d95d1e992c0c040bfcfffc42113,2017-09-16 18:00:00,CLEAR,DUSK,DRY,ON SCENE,09/16/2017 06:05:00 PM,42.012782706,-87.672484088,POINT (-87.672484087993 42.012782706036),C,9,2017,18:00:00
06ca9c28f6307628f85fbc1597f1a544ee57cd60f245b2e3ddf3752be4b40263e8c0a8d9b934e2d70f8f0004771679a592ccf03de7f49d7e93e47cd76d72b86f,2018-04-06 17:00:00,CLEAR,DAYLIGHT,DRY,ON SCENE,04/06/2018 05:12:00 PM,41.883652693,-87.631064466,POINT (-87.631064466009 41.883652692958),C,4,2018,17:00:00
07af49b6fdce501c20a284407597c4d4c19ce4e551babf2967ad2fcb3515b02c7e02e8a989e1c9928bdb5605ffd847b4adf6df917f53058a23d403240f9fbef1,2023-05-08 05:30:00,CLEAR,DAYLIGHT,DRY,NOT ON SCENE (DESK REPORT),05/08/2023 06:35:00 AM,41.969137974,-87.763618511,POINT (-87.763618511013 41.969137974015),C,5,2023,05:30:00
0796f4490e268bd4a06601ff0e08e7e3a0c6a9542e3425954b6d2ebc9bf236abee56dd849969049f4e153208c227ecfa686263abb98ce1b225d88dc12f2f51e6,2018-11-24 00:15:00,RAIN,"DARKNESS, LIGHTED ROAD",WET,NOT ON SCENE (DESK REPORT),11/24/2018 12:45:00 AM,41.866119494,-87.720927574,POINT (-87.720927573996 41.866119493974),C,11,2018,00:15:00
066e3bd987b589671268074431a917ef598676eb20e2c45279ac0fade7a2cb479810feaabec05a173a9da6f2e82947e5cf08f5c0d8aa9d7f117fed39cf682c10,2022-10-08 10:30:00,CLEAR,DARKNESS,DRY,NOT ON SCENE (DESK REPORT),10/09/2022 01:47:00 PM,41.93134823,-87.767612131,POINT (-87.767612130984 41.931348229973),C,10,2022,10:30:00
0655b8f90ae96fac6c912ce69d75d9474ec732afa3500b68cc4a774d78acd7922d639706452984b3dc00a9eb079b208f4b5bb182d463f5a257bdb839421e892b,2016-04-17 10:00:00,CLEAR,DAYLIGHT,DRY,NOT ON SCENE (DESK REPORT),04/19/2016 09:40:00 AM,41.873860438,-87.700586149,POINT (-87.700586148982 41.873860438041),C,4,2016,10:00:00
07621e63915b373111ba8e56203deef3bc70e642ffcef13f10af3e2aebe74f1d324a4df9bf2b7f6591f1ddd6a2314239704a31e373551fd4f2e496d51adeb37c,2023-01-06 09:55:00,CLOUDY/OVERCAST,DAYLIGHT,DRY,ON SCENE,01/06/2023 10:02:00 AM,41.909227162,-87.787393764,POINT (-87.787393763972 41.909227162035),C,1,2023,09:55:00
0720faf19aaeb8728596a9cdab24921f22426d1e21eae20e2d32574960988d13f5ab4feb435c09c47422e215456faec07033b999fe043eab7f38b4eb6f6a9683,2019-09-16 11:30:00,CLEAR,DAYLIGHT,DRY,ON SCENE,09/16/2019 11:40:00 AM,41.913734769,-87.67738947,POINT (-87.677389469969 41.913734769009),C,9,2019,11:30:00
06dbe73de493441f30612796b82cd9240aab1217f94896941b2489b160667f21501e2508d9787885e1f1878c54b1cf4ab4a3a17d6bfe515c9c701c1ec4b9fff5,2019-06-13 22:00:00,CLEAR,"DARKNESS, LIGHTED ROAD",UNKNOWN,NOT ON SCENE (DESK REPORT),06/14/2019 08:20:00 PM,41.756894455,-87.59286789,POINT (-87.592867889958 41.756894454967),C,6,2019,22:00:00
07243b5750ea91da0548e69f47e16ecfe62399a5fbc65de891fa44b6d33c1fc3555bf84fd321e802fe5c047dfb3bfb168e178e3600321ab9e113504466d5a4f5,2023-06-22 16:52:00,CLEAR,DAYLIGHT,DRY,NOT ON SCENE (DESK REPORT),06/22/2023 09:50:00 PM,41.747849381,-87.706191494,POINT (-87.706191494033 41.747849381039),C,6,2023,16:52:00