CRASH_RECORD_ID,CRASH_DATE,WEATHER_CONDITION,LIGHTING_CONDITION,ROADWAY_SURFACE_COND,REPORT_TYPE,DATE_POLICE_NOTIFIED,LATITUDE,LONGITUDE,LOCATION,CRASH_TYPE,CRASH_MONTH,CRASH_YEAR,CRASH_TIME
06cb7c39cc96345b2e9b27d52b585db66725a56835faf48bcd0a21e272a9da2fcfc25c6f00c5f884707d0a7cb2a4da5ac35cb0f9a14ccb6ae5fead4047ba43fd,2020-01-03 01:56:00,CLEAR,"DARKNESS, LIGHTED ROAD",UNKNOWN,ON SCENE,01/03/2020 01:56:00 AM,41.882211292,-87.710898608,POINT (-87.710898608036 41.882211292041),C,1,2020,01:56:00
064ffeb6309216ff0052e38ae45299af8858cf033ed4b889212f9d4872389ff151c589fe1577564085a12f7a557070f05331d8d37c19ab559dd9f2b403760bc1,2018-10-25 10:45:00,CLEAR,DAYLIGHT,DRY,NOT ON SCENE (DESK REPORT),10/25/2018 02:13:00 PM,41.909665373,-87.734821737,POINT (-87.734821736967 41.909665373049),C,10,2018,10:45:00
06402e1a0f5cfbacc784045244b7b3a363a54319b36c86d81086305ac0d1811e5188cef862a24d6c8295ee66121a1003dd2c36b8244e49439cf03f92e545906c,2019-04-24 02:00:00,CLEAR,"DARKNESS, LIGHTED ROAD",DRY,NOT ON SCENE (DESK REPORT),04/24/2019 05:44:00 AM,41.946909114,-87.683469891,POINT (-87.683469891004 41.946909113959),C,4,2019,02:00:00
07fcdd2db9b3791ac5195733fd4eb7611ce4959916537c9d770cbda7a8042a216d4316556f1a2f95b9806a6203409c090c5b66e56b55f6a794c640462848905f,2018-08-25 12:00:00,UNKNOWN,UNKNOWN,UNKNOWN,NOT ON SCENE (DESK REPORT),08/27/2018 06:12:00 PM,41.982612904,-87.77936577,POINT (-87.779365770011 41.982612903954),C,8,2018,12:00:00
067e1818f08f63b811930edddc824c140f46edc6aba451c909361bd5621f4411cbd11664c0a1020790e82d2b654eb2e98582c5f41f2248e9c27be11cb532ef67,2020-02-20 08:15:00,CLEAR,DAYLIGHT,DRY,NOT ON SCENE (DESK REPORT),02/20/2020 10:10:00 AM,41.749621025,-87.682687851,POINT (-87.682687851001 41.749621025041),C,2,2020,08:15:00
06b27a12374127596ac0225b4c284931f331c95bd5a5df30fc247dadd2afd1911313bcca52b9aec0782b2c1f1add15de2cde148e56c441460b50b93cd7e29a7f,2023-06-09 02:30:00,UNKNOWN,UNKNOWN,UNKNOWN,NOT ON SCENE (DESK REPORT),06/14/2023 05:53:00 PM,41.939969909,-87.706282799,POINT (-87.706282798998 41.939969908954),C,6,2023,02:30:00
0698d5f27e83930be118e993bb81ee1c966f7a7d42e8222b8ff3519c6e33351f1ee625cc615bd8d562889f44074ab2b5de272d5114f8f45753c0b5931e8ffaa1,2018-06-13 16:50:00,CLEAR,DAYLIGHT,DRY,ON SCENE,06/13/2018 04:55:00 PM,41.953133699,-87.778487203,POINT (-87.778487203033 41.953133699025),C,6,2018,16:50:00
092e9d2e700d07dad7edc74befc6cdaa48fd1c1b33051ef1b0e17cb65882688520431a52cf278b15cc87aed083f6a79cceda51661994887723cceda2a8fcb46c,2017-08-29 19:47:00,CLEAR,DAYLIGHT,DRY,NOT ON SCENE (DESK REPORT),09/05/2017 09:15:00 PM,42.006801604,-87.661457734,POINT (-87.661457733969 42.006801603988),C,8,2017,19:47:00
0a2ee7dbcde466250a038e6610e428e32a1355772e31a19267efc08b42cc6f9bdaec7c28be1ea2db0f33bddc4593a55e7867974322ba1690e5a8ddc7c91fe3ce,2021-10-22 14:30:00,CLEAR,DAYLIGHT,DRY,NOT ON SCENE (DESK REPORT),10/22/2021 03:06:00 PM,41.817683733,-87.6650402,POINT (-87.665040200043 41.817683733038),C,10,2021,14:30:00
0993010e2369cdfd1a427ca8690cc30dc87f1d9d1c96edf7c4949b6e3ab8fbf1018a52b42113493919b959f8eb292f3405e656836fa4ef2ddebb45ba232523e5,2022-05-25 14:00:00,CLEAR,DAYLIGHT,DRY,ON SCENE,05/25/2022 02:05:00 PM,41.958986951,-87.933993929,POINT (-87.933993928974 41.958986950953),C,5,2022,14:00:00
090621247e121f0ecad03d2439e2289f57f61030c43a807f0cac1add31a695c6d7d453db351ba08faacd0c64b8922f2b0914fef0af39b493673c4eb961fe8018,2020-01-11 18:35:00,SNOW,"DARKNESS, LIGHTED ROAD",SNOW OR SLUSH,ON SCENE,01/11/2020 06:37:00 PM,41.931036923,-87.791942933,POINT (-87.791942932976 41.931036922967),C,1,2020,18:35:00
0959bd3d14965ce9a42e5bd3dd100e623d3ce49abb5b157d90a93ae30b831914d4ef57c1b586b22df347bf78df37e79783598435530103c08cee37ffc7cb4b88,2021-03-10 16:25:00,CLEAR,DAYLIGHT,DRY,ON SCENE,03/10/2021 04:27:00 PM,41.90052616,-87.712682588,POINT (-87.712682587959 41.900526159988),C,3,2021,16:25:00
09e773f4da86d3fc7aed5419b541b64840401cc410912d4fce82a992f2e1f86d4eb075c665316b7127f0e12985b67d8a8b3edee9eb794253186e9fe961263e91,2016-12-01 19:00:00,CLEAR,DARKNESS,DRY,NOT ON SCENE (DESK REPORT),12/01/2016 08:32:00 PM,41.748257658,-87.610147575,POINT (-87.610147575012 41.748257658005),C,12,2016,19:00:00
09758e869bdc722c187d51b8bc05a91080b0c9a20a4443f9436188e368ad059f1801d007279b58390c0af884e69589b1ca905665da3ba323c4a4b82bb61c0e54,2021-11-19 12:35:00,CLEAR,DAYLIGHT,DRY,NOT ON SCENE (DESK REPORT),11/23/2021 01:50:00 PM,41.917657471,-87.667476262,POINT (-87.667476261977 41.917657470954),C,11,2021,12:35:00
0b4a5ece873c63afd993c9a898dfd9852949e66ca761abfbf7b26247f8a24fbf8cc996261835efc3e4abe30a259e74a1c8af3dd0da7924702bdd7203b75ad726,2019-11-29 17:11:00,CLEAR,DUSK,DRY,ON SCENE,11/29/2019 05:11:00 PM,41.891955277,-87.617777237,POINT (-87.617777237011 41.891955276985),C,11,2019,17:11:00
0a07bf85fdb5f3e267e16bb5c96d46c8afb991e32972d40053f5501bc261a958750277ac9194346c558d8c8f28fee59588bdb83b5fb415c6b4c30e79560f1676,2018-08-19 20:30:00,CLEAR,"DARKNESS, LIGHTED ROAD",DRY,NOT ON SCENE (DESK REPORT),08/19/2018 09:15:00 PM,41.784385694,-87.740065946,POINT (-87.740065945952 41.784385693962),C,8,2018,20:30:00
093328ce66485f68659b453e9acef2a3cf46e370ae237e10038436486b8de8dee2c1c6d192f0ce26cdd10a8bdaf2f8de77c9dc2cca82fb2786da60911fd147af,2017-05-02 08:50:00,CLEAR,DAYLIGHT,DRY,NOT ON SCENE (DESK REPORT),05/03/2017 09:07:00 AM,41.983148128,-87.71136489,POINT (-87.711364889983 41.983148127979),C,5,2017,08:50:00
0b043ec88ff605c915f7be324c43a12ffd17b8d61e1e1e1ae1d3badd4027c348b4b7d177ea22c330c2f60cf87240401fc0408da7c7c18af8f6451d54ece1bee5,2022-09-18 03:00:00,CLEAR,DARKNESS,DRY,NOT ON SCENE (DESK REPORT),09/19/2022 06:40:00 PM,41.773407967,-87.57037243,POINT (-87.570372429966 41.77340796701),C,9,2022,03:00:00
09f6666e2adf92505d89f7a3eebffdac53f6d14d94323154cc6cac6edb9fe23ebe4c0e2ba278cc944ee2d359379f3f04de485cdffbb36821409203a7c7224f4e,2018-04-07 19:00:00,CLEAR,DAYLIGHT,DRY,NOT ON SCENE (DESK REPORT),04/07/2018 07:29:00 PM,41.902881894,-87.714279103,POINT (-87.714279102976 41.902881894012),C,4,2018,19:00:00
08cdf150412290de3a6eb134f91679dd55ce79e824ac4febe643d9fd6caa76e6104b1b94e502349ab627d280a03245f246a3009495358c1204c7c2965ee38518,2021-03-29 16:40:00,CLEAR,DUSK,DRY,ON SCENE,03/29/2021 07:54:00 PM,41.725910635,-87.632212381,POINT (-87.632212381048 41.725910635041),C,3,2021,16:40:00
09ec46aa0f12e3102774017bcd1f580c7d177e8e1dffdc017751bbd4c3fd8cc0c67c9942bb7dd6cb394dcda6cde2c2a806f5c9cc3d688a31c709381ca15b8fbc,2020-07-27 12:00:00,CLEAR,DAYLIGHT,DRY,NOT ON SCENE (DESK REPORT),07/27/2020 10:30:00 PM,41.784385694,-87.740065946,POINT (-87.740065945952 41.784385693962),C,7,2020,12:00:00
09c5043369c8438395c4e1031f64a10f81671d815c4c586e57b8d17fa41dcf83ab6e0902c9f4f0f2348efc114c33c96bbf4c090723d1a9aa59ac8577759c9bb1,2021-04-24 16:18:00,CLEAR,DAYLIGHT,DRY,NOT ON SCENE (DESK REPORT),04/25/2021 03:50:00 PM,41.941448237,-87.764723776,POINT (-87.764723775973 41.94144823696),C,4,2021,16:18:00
0a6c44c979800ec9079e27f3aa281389b96facf2ad2a5bc8775e065c6402f70ac7ac3bfcbeffa5a256cb2bc32160b0b504e075cc9b3041bd1b597a00ec246c77,2022-10-06 19:11:00,RAIN,DARKNESS,WET,ON SCENE,10/06/2022 07:12:00 PM,41.808749374,-87.66230696,POINT (-87.662306960034 41.808749374011),C,10,2022,19:11:00
09c667e52847b3030121368b1a2186f576b62401f687f726b77e4adccfaf72f0c566b8c2d744be03de4dd6b2a7bbd3148bda6ecfb15f219f930fd68e6d41412d,2022-05-06 17:35:00,RAIN,DAYLIGHT,WET,NOT ON SCENE (DESK REPORT),05/06/2022 06:55:00 PM,41.873665508,-87.626125479,POINT (-87.626125479035 41.873665507986),C,5,2022,17:35:00
089c3e7fd87d98e7e450a6339c01b915314ddebab1c6e9c84a287562d9b3f55e63e6236c743508a5dd845e16480c43ec0fd9a6f6272a3cb88060d9e48ade4dd6,2022-04-25 13:43:00,CLOUDY/OVERCAST,DAYLIGHT,DRY,ON SCENE,04/25/2022 03:06:00 PM,41.913774243,-87.764232685,POINT (-87.764232685009 41.913774243001),C,4,2022,13:43:00
09a212d1789082313bc6f964972a3edbb2e2f8707458f36e8b05023327b2130267194c8e9152263aafa128796053640955495feeeca28935f41285099451c24c,2018-10-13 17:25:00,CLEAR,DUSK,DRY,ON SCENE,10/13/2018 05:26:00 PM,41.83062731,-87.647149469,POINT (-87.647149469 41.830627309988),C,10,2018,17:25:00
08b5af7b7fc21765e4d9832ec6a8a3ceb387b147242dcc8a5689849f0c0c5a9eebafe9c676cf76421e8642213ef4b79dd3907e60a428ddc08673ab3aec28a56d,2022-02-07 14:30:00,CLEAR,DAYLIGHT,DRY,ON SCENE,02/07/2022 02:30:00 PM,41.886971392,-87.764954794,POINT (-87.764954793969 41.886971392025),C,2,2022,14:30:00
091a0bf5bc60c6420d9f30904a4263c296c505b2d22e5adb90f9dd596738e8b5585fb0657fb50e6d202555a456a1339321f3d875a191d068942946bede3df7eb,2018-09-06 14:52:00,RAIN,DAYLIGHT,WET,ON SCENE,09/06/2018 03:13:00 PM,41.822958463,-87.691425915,POINT (-87.691425915045 41.822958462973),C,9,2018,14:52:00
08ed44a42cf6ef9bf96c6cf137eef1a8e42e9dd8683e31cc5c7161620b7fa787c618dfb91474176f1e52a61a7663a44c9e64db3c1cacc3bbd0e90c8c0b24bd2f,2017-03-08 08:15:00,CLEAR,DAYLIGHT,DRY,NOT ON SCENE (DESK REPORT),03/08/2017 08:30:00 AM,41.920404013,-87.768350022,POINT (-87.768350021967 41.920404012953),C,3,2017,08:15:00
0a12fc078548ac1ce94ee36e91ab6ffda0d916da43fd016c2aca1e51622ec1e586455d80aadfd42142e956e243b452fd26ccfea76608a7c6a95fda777e88fdeb,2019-06-04 16:43:00,CLEAR,DAYLIGHT,DRY,ON SCENE,06/04/2019 04:43:00 PM,41.783999985,-87.615393108,POINT (-87.61539310801 41.783999985021),C,6,2019,16:43:00
09656b7311ba72e3873d49880537b08f7b7bd719abe4c3b5171890fb8b5e84cf9d0c46cd39670067d1520e4d1734d946971a3b86b8e55f731a4892735e7f00e1,2016-05-23 14:00:00,CLEAR,DAYLIGHT,DRY,NOT ON SCENE (DESK REPORT),05/23/2016 11:10:00 PM,41.784385694,-87.740065946,POINT (-87.740065945952 41.784385693962),C,5,2016,14:00:00
099e3b509804e3cf64d441f0d20b77f6bedc941e590b4b6bd2091a4328fff27d41344bc47c5dd6f96e1dbb52a1ec3409c9cc0398ee30d2cd28e405abb6e7ad0e,2021-06-18 09:00:00,CLEAR,DAYLIGHT,DRY,NOT ON SCENE (DESK REPORT),06/18/2021 10:18:00 AM,41.851075754,-87.724428464,POINT (-87.724428463973 41.851075753951),C,6,2021,09:00:00
0b25a1a780b1166efcd4f2377e9c4aa5fe9a7948e9f3ce2f060a885c339a8547d2f03ec730ad3a125d81a63e0f14c2fc68279b734807140b8573fc402d2e718d,2021-03-06 20:00:00,CLEAR,"DARKNESS, LIGHTED ROAD",DRY,NOT ON SCENE (DESK REPORT),03/08/2021 12:20:00 PM,41.89186947,-87.622748584,POINT (-87.622748583999 41.891869470026),C,3,2021,20:00:00
0b5c9ae3e936fd93a9c9dab85e638c0cb848a586a18551136fb3ae64d9ded27c813aee7ffb42704d65f640a3c54d2b023b17e13f255720cda15a41b8052ea867,2020-07-11 06:41:00,CLEAR,DAYLIGHT,DRY,ON SCENE,07/11/2020 06:53:00 AM,41.990580937,-87.694474133,POINT (-87.694474132951 41.990580936971),C,7,2020,06:41:00
0948cc3eea8f0484990ad575bfda1d028ca4d9f94082b3af0a2481027e2156a11f880fa2d8478f975513d1d1cabd838f53b135e9a5ab36caa99e7f1a19f20614,2019-08-28 13:09:00,CLEAR,DAYLIGHT,DRY,ON SCENE,08/28/2019 01:15:00 PM,41.837732675,-87.66589445,POINT (-87.665894449999 41.837732674972),C,8,2019,13:09:00
0929187a3f774a457d629f3554a683315fb8a3150cf2825ef46e8b08ea90edfa796db915920362b4b784354fa0b1671fcaa69ac6ba9fdc216fb1fbbc7c0aeee3,2023-06-24 17:18:00,CLEAR,DAYLIGHT,DRY,ON SCENE,06/24/2023 05:19:00 PM,41.727576973,-87.552936347,POINT (-87.552936347021 41.727576973024),C,6,2023,17:18:00
0ab3b32ace7674b3f9097924b1dc69c4763b035a8877d079fd28148a79381994ebec8c578e3a749586af491bcd0b202c9319da1bcf89ba0f755f939d2e425f3c,2019-12-08 04:20:00,CLEAR,DARKNESS,DRY,ON SCENE,12/08/2019 04:32:00 AM,41.764326392,-87.566344376,POINT (-87.56634437597 41.764326392046),C,12,2019,04:20:00
0a66bf9f02748aec121901d4168980b2652ae67b6b88b7264310d279176afbb1483ee7fa98dcaff320715d8aad707da660bc1621be17a10a0225e32073e56ab8,2022-02-22 12:58:00,UNKNOWN,DAYLIGHT,UNKNOWN,NOT ON SCENE (DESK REPORT),08/26/2022 08:00:00 AM,41.984874268,-87.787555484,POINT (-87.787555484022 41.984874268025),C,2,2022,12:58:00
0b635a86213ffa0a2919b532bff2178554b9160b58d2dfd21f57b96197f5d1e5d3e3affd3c3c4fa748cad3acd698f52f4d2bb90c328d5b7f88b94594bcc43495,2023-07-24 08:40:00,UNKNOWN,UNKNOWN,UNKNOWN,NOT ON SCENE (DESK REPORT),07/24/2023 05:15:00 PM,41.881817472,-87.651627211,POINT (-87.651627210982 41.881817472013),C,7,2023,08:40:00
0adc41b830b414246a3fa0db6b54789252383131ce21627b653fdc2536069442aab67fbea8385a966358b628e30d8f6ed9fc46bf9a36f1953c65887775d2f5bd,2019-04-25 10:30:00,CLEAR,DAYLIGHT,DRY,NOT ON SCENE (DESK REPORT),04/27/2019 11:00:00 AM,41.85276755,-87.630024824,POINT (-87.630024824031 41.852767550035),C,4,2019,10:30:00
0996d74ce53a133828e9858311de2fb308c4e1c60e0c9a5b316fee6eab8de24494525141d7ac7a8168e81f4f58fb0b77923dc0fad9b32a70ca1d80724d2d8d48,2020-07-02 19:45:00,CLEAR,DAYLIGHT,UNKNOWN,NOT ON SCENE (DESK REPORT),07/02/2020 07:55:00 PM,41.968759395,-87.670519772,POINT (-87.670519771961 41.968759395034),C,7,2020,19:45:00
093a8a04f2f3379042d63db1df1d9d8e246a3ae6a1ea60193ebe391401bb75afeded273d98148c1189ae19c64bb791d9f2f84f0d96772afe941716bbcc34a632,2019-08-31 17:45:00,RAIN,DAYLIGHT,WET,ON SCENE,08/31/2019 05:48:00 PM,41.801977655,-87.617233091,POINT (-87.617233090998 41.801977654982),C,8,2019,17:45:00
0abad31433440c9b1fad89b5afa7523d717c9ce5f4c7a791b80155f8e0cf9f5eb1041fdc4c9e87b121c65b2cb6fc5f160f311b144e99c8c769f29938459113d0,2017-07-09 18:09:00,CLEAR,DUSK,DRY,NOT ON SCENE (DESK REPORT),07/09/2017 06:55:00 PM,41.92386239,-87.780518942,POINT (-87.780518941961 41.923862390023),C,7,2017,18:09:00
0a55b93dfa1b5f7511d7dc06f700e3e7d3c3115a7527584660b92bd02ecf3ee842baa5d6837b22615ef5e4d02892ed83eb310ce493fe6fc683821c059a22c001,2019-11-24 18:29:00,CLEAR,"DARKNESS, LIGHTED ROAD",DRY,ON SCENE,11/24/2019 06:29:00 PM,41.88311224,-87.625517262,POINT (-87.625517262034 41.883112240036),C,11,2019,18:29:00
0a081a356000c4807dd9152ad5d3ecddd054eb0c44a9c93935048d90293c4ee4a25934482af23a2a2180082e280dffb9d8eb10e9ca190165dad368795ffee738,2023-01-26 08:05:00,SNOW,DAYLIGHT,DRY,NOT ON SCENE (DESK REPORT),01/26/2023 09:00:00 AM,41.772598544,-87.627605327,POINT (-87.627605326996 41.77259854404),C,1,2023,08:05:00
0966f94403565719971f7b47700c51170af21c510f48276dd99186f7874123f7f67bde7b7066fc4a8b140bf463efa03672b56fd6b65e7b351836ce8058b7e7a8,2021-06-28 01:20:00,RAIN,"DARKNESS, LIGHTED ROAD",WET,ON SCENE,06/28/2021 01:27:00 AM,41.779853803,-87.631809648,POINT (-87.631809647996 41.779853802992),C,6,2021,01:20:00
09ca07d5497e644398a44a91886409872f5efb61c575c175607b3af02d65ca5a6838122f320fce7084ff1603ad006ec551eebbc064de32d58e09deb3ebeee779,2019-11-12 19:30:00,CLEAR,DARKNESS,ICE,NOT ON SCENE (DESK REPORT),11/13/2019 09:30:00 AM,41.943646149,-87.65382314,POINT (-87.653823139982 41.943646148999),C,11,2019,19:30:00
088dc90f6256cde599000950d5d60ed60889964760bd24431bc55a8ffcab71cec7a1dca958ce92e1d004cbe972406de536d265a4c45a8a720f27e3d9a31f4064,2021-11-17 17:00:00,RAIN,UNKNOWN,WET,NOT ON SCENE (DESK REPORT),11/17/2021 05:30:00 PM,41.809572517,-87.611394621,POINT (-87.611394620986 41.809572516992),C,11,2021,17:00:00
0ae600aee762af8c307327a578978b7e4f893e15d07fba5b6113ae01b8e20d974e38de435b8fff75672273f307af340f7c87da4bcebb1ec685fad08d45505370,2017-01-03 17:40:00,CLEAR,"DARKNESS, LIGHTED ROAD",WET,NOT ON SCENE (DESK REPORT),01/03/2017 06:20:00 PM,41.89881048,-87.745637146,POINT (-87.745637146018 41.898810480028),C,1,2017,17:40:00
0aebf110141fe9cae70399a37534c9eeb54abdda1cc9ed90939ef6b7e1c149f39ad7eef5acb42bf03a96b343c8a1624c3b3fb8e5243bb836be39ea278fb202d0,2020-05-02 19:45:00,CLEAR,"DARKNESS, LIGHTED ROAD",DRY,NOT ON SCENE (DESK REPORT),05/02/2020 08:45:00 PM,41.794090446,-87.630527331,POINT (-87.630527331008 41.794090445987),C,5,2020,19:45:00
093167a42d253d841db80f5406a89693d8606ba352288dbc058e5b8e471e5fa4b3bac50455f03fe20d017ad1915b940ee85637559a5d74abcf3e1912758e0133,2021-08-04 15:40:00,CLEAR,DAYLIGHT,DRY,ON SCENE,08/04/2021 03:42:00 PM,41.663243314,-87.629310628,POINT (-87.62931062803 41.663243314027),C,8,2021,15:40:00
0891aa6eaa19343b3a8616fc9843a13d19378aa495b58ced45cae650ae6988a7f9a17979e11fc023dac7b3ad933eefa6b54860b4e66bc79fd088c434fdbd9da0,2018-04-09 09:20:00,SNOW,DAYLIGHT,WET,ON SCENE,04/09/2018 09:25:00 AM,41.903639931,-87.65554697,POINT (-87.655546970003 41.903639930952),C,4,2018,09:20:00
0994e463369bf5e105216d041e7b5d81de79b963bf2b1b3ee9afa05657f6e664b2049f57e75d10638b492b09d05559d2aacd570be35f43f4054014d67939bc71,2017-12-18 07:30:00,CLOUDY/OVERCAST,DAYLIGHT,DRY,ON SCENE,12/18/2017 08:54:00 AM,41.945612913,-87.781249472,POINT (-87.781249472044 41.945612912979),C,12,2017,07:30:00
09c507338299193476dfe8836461c9ef7098c52a3ca714a2e3ca2fbf1c07adba9e13ca52f5787e8aaa7cc7ce7ca4fe14115cb4c254e545f441fceb1650fdb8e9,2020-04-08 17:30:00,RAIN,DAYLIGHT,WET,ON SCENE,04/08/2020 05:38:00 PM,41.953124302,-87.779162745,POINT (-87.779162745025 41.953124301975),C,4,2020,17:30:00
0b330097b22a2abbac6541114f5cec35ad73fcbcecea247bd424236cddc2da3cbdd58f16e929171b101ce36c8d03bb578ddd25e9ff4c42d18ec93abce453182e,2021-10-03 19:51:00,CLEAR,"DARKNESS, LIGHTED ROAD",DRY,ON SCENE,10/03/2021 07:51:00 PM,41.669943759,-87.620105285,POINT (-87.62010528498 41.669943759024),C,10,2021,19:51:00
08b1ca60055b4878a46c82e1255efc2d2e70361dadc20ae31818c3ec4685ad0d4de5443aa5e8c19e3912f73567e6d373d5728a50b652c0e40b7066ad3a8ffdc0,2017-10-01 20:37:00,CLEAR,"DARKNESS, LIGHTED ROAD",DRY,ON SCENE,10/01/2017 08:38:00 PM,41.744151639,-87.585945067,POINT (-87.585945066953 41.744151639042),C,10,2017,20:37:00
08c6326239a182056d3a066d8310d16caa167767b6dc8febe66d869d61cc148b08eb76f53d50546d8831783c9076ed01bbeec4a4c17438cbe30cb0da5f6e9413,2023-04-12 13:30:00,CLEAR,DAYLIGHT,DRY,NOT ON SCENE (DESK REPORT),04/12/2023 02:00:00 PM,41.912181159,-87.694657267,POINT (-87.69465726698 41.912181158989),C,4,2023,13:30:00
08bbae4b55e763ceb22dbc79326363774c28b09cf388e202ec0f04e10382d84d29c7d3a4a9d65a99c1442a4e5ab1ec0b1515ea1272b673286f7e324cb8343032,2018-06-18 17:30:00,CLEAR,DAYLIGHT,DRY,NOT ON SCENE (DESK REPORT),06/18/2018 06:58:00 PM,41.991867173,-87.755345739,POINT (-87.755345738978 41.991867173008),C,6,2018,17:30:00
0a9227cc5481a6862824a05e6c4ed85400cb3d5818385acb7a661fc3edecad4200e3bfd951869a711843eff7b80d9fe0037cb75ff1dbc9179abe5bafcc6cb7b1,2016-11-17 14:10:00,CLEAR,DAYLIGHT,DRY,NOT ON SCENE (DESK REPORT),11/17/2016 02:38:00 PM,41.859796017,-87.647040974,POINT (-87.647040974048 41.859796017038),C,11,2016,14:10:00
092a8707b04099ab0c202de8246259950bb68dde0447b9afcf2aa16ce727a0e084f9f8324d9a2fc5082200c28eed89d6195f37e5295664f40021fa078ce6dacd,2020-09-12 11:47:00,CLEAR,DAYLIGHT,DRY,NOT ON SCENE (DESK REPORT),09/12/2020 12:30:00 PM,41.917103631,-87.687248767,POINT (-87.687248767006 41.917103631009),C,9,2020,11:47:00
09c181823cf400561d1484c01ea936541d6a2ef402efd1c3cf14a133ebd2ba5756612a68380278af9c60784d38189b49dddd25595449236844b0364897e6b24e,2022-07-20 17:40:00,CLEAR,DAYLIGHT,DRY,NOT ON SCENE (DESK REPORT),07/20/2022 07:00:00 PM,41.947988017,-87.747288494,POINT (-87.747288493953 41.947988016986),C,7,2022,17:40:00
0ad30accf7c85ec0888d6190bd93ee19e92d11f10b1ca5edc83f2ea16c646ba618e4b5fb921b87b0c4dbb64a3347796a7518a362516015b22487b2a6cfe77d98,2016-10-18 00:01:00,CLEAR,"DARKNESS, LIGHTED ROAD",DRY,NOT ON SCENE (DESK REPORT),10/19/2016 11:10:00 AM,41.995330434,-87.688735277,POINT (-87.688735277017 41.995330434038),C,10,2016,00:01:00
09fd5f811786f67f7f12003953293d93efe08f4d312a65995d4efc95f05d7d02b57495fece0c0e59f878e99c106d0fc744aee593c08e7562790e5f9b227335d3,2020-05-06 13:12:00,CLEAR,DAYLIGHT,DRY,NOT ON SCENE (DESK REPORT),05/06/2020 09:35:00 PM,41.893513416,-87.667363049,POINT (-87.667363049012 41.893513415986),C,5,2020,13:12:00
0a95ed376c4dffc897c613ceea17a7b5d12d15ed97829b349031ab07e62b141425f1b0a516c8be63689c1ecb314de50f46dbc780210acc4ac57c544bada1a3d7,2018-06-21 17:00:00,CLEAR,DAYLIGHT,DRY,NOT ON SCENE (DESK REPORT),06/21/2018 05:40:00 PM,41.692352833,-87.633466506,POINT (-87.633466506035 41.692352832956),C,6,2018,17:00:00
08bb76c91a36a9d8b2f2b62120c6870f870bbb91f9f2fa4a5fab0de9a1ccb091df8445cb4bf3b19e5379947bbfeacc1a3d800f497c37d60eae119bf95088ced6,2019-10-06 17:50:00,CLEAR,DAYLIGHT,DRY,ON SCENE,10/06/2019 05:56:00 PM,41.859710245,-87.66674951,POINT (-87.666749509977 41.85971024498),C,10,2019,17:50:00
0b23181c868f0012a90637f45acd1954fcc56ec2c609a16f643112635d4bfb74f508b1b2bb551c6e27818d6155050e37177d6b326193100720828a927c6cee51,2019-05-10 14:53:00,CLEAR,DAYLIGHT,DRY,ON SCENE,05/10/2019 02:53:00 PM,41.79573461,-87.762555326,POINT (-87.762555325992 41.795734610035),C,5,2019,14:53:00
09ecd1bb6d84df34e4bc3c0278f8caf03a95fbdd5fffea65d4005e11802dd1dc71cd353ad9c51e624139b900a8c9f323ee51115b193bdd3ee4b19a504d303e57,2018-08-20 17:00:00,CLOUDY/OVERCAST,DAYLIGHT,UNKNOWN,ON SCENE,08/20/2018 05:09:00 PM,41.886486466,-87.667158289,POINT (-87.667158288989 41.886486465981),C,8,2018,17:00:00
097eb95ff3e26f44b8ae8f38890128a3ca6158d1cd41f5a3fcb2491b1cac2eb87ad2d281f493e3200223480a6cfbe09e014466bb06428a512ffbd3c84c42d677,2017-10-02 08:26:00,CLEAR,DAYLIGHT,DRY,NOT ON SCENE (DESK REPORT),10/02/2017 10:01:00 AM,41.721256457,-87.643062482,POINT (-87.643062482016 41.72125645696),C,10,2017,08:26:00
0a6f9646cb3e9f4f2220ea7f5022b049e1679bd130e20ccfbabbab9def1988bb24e429ff564998d703298bbc9e39e87095a4ff191adc6d23ab98c358897985f2,2020-11-21 13:00:00,CLEAR,UNKNOWN,DRY,NOT ON SCENE (DESK REPORT),11/21/2020 05:30:00 PM,41.964970988,-87.689014858,POINT (-87.689014857991 41.964970988018),C,11,2020,13:00:00
0a94c8edc541652343b74052afac53196fa960c9fb563418553d36bc0b52ce7f0de6cbc5249e05d518b91c5459dfdb35dfbd50d75140156a0d44d364b20752d0,2020-02-29 09:00:00,CLEAR,DAYLIGHT,DRY,NOT ON SCENE (DESK REPORT),02/29/2020 10:30:00 AM,41.969038442,-87.667662387,POINT (-87.667662387022 41.969038442049),C,2,2020,09:00:00
0b38d63e93ec8e0381d261bcc425f6d48b9f2beaa33d60b4758fe097ef53f6f57333996e8706859da8dddd21d7dd3d922d050d5d98f706fbe563d5afac2821e7,2020-02-03 11:28:00,CLEAR,DAYLIGHT,DRY,ON SCENE,02/03/2020 11:28:00 AM,41.657107587,-87.539738187,POINT (-87.539738187007 41.657107587033),C,2,2020,11:28:00
0aaf5650c5032541f1ed2d09880210a6a9ce48002524cb849610db06357dbd62429d7576a24cb10561284278f280aa3957e17b75f1b29170e528b1db50ba713e,2018-11-09 22:15:00,CLEAR,"DARKNESS, LIGHTED ROAD",DRY,ON SCENE,11/09/2018 10:15:00 PM,41.773765662,-87.722781154,POINT (-87.72278115402 41.773765661984),C,11,2018,22:15:00