CRASH_RECORD_ID,CRASH_DATE,WEATHER_CONDITION,LIGHTING_CONDITION,ROADWAY_SURFACE_COND,REPORT_TYPE,DATE_POLICE_NOTIFIED,LATITUDE,LONGITUDE,LOCATION,CRASH_TYPE,CRASH_MONTH,CRASH_YEAR,CRASH_TIME
08d05b159911e45a4eb8405ba7fcbb6a2dbcb348c5cabb08f3d4d3a2d2250fdbdd243a2111cbbee43cb982704f956b8561e4fdb3a8e462378b84821ff84d468b,2017-12-05 16:00:00,CLEAR,"DARKNESS, LIGHTED ROAD",DRY,NOT ON SCENE (DESK REPORT),12/05/2017 05:00:00 PM,41.939285609,-87.639373796,POINT (-87.639373796021 41.939285608976),C,12,2017,16:00:00
09138f22a52a7ece37613041986ccfb133536ea81ff366b066eb3a217a1c6cec0af4b5cfec4c74d721267b03cde4721d127e855401954d899c6f464522b55aab,2021-12-16 17:30:00,UNKNOWN,UNKNOWN,UNKNOWN,NOT ON SCENE (DESK REPORT),12/23/2021 02:00:00 PM,41.838792961,-87.608902658,POINT (-87.608902658017 41.838792960988),C,12,2021,17:30:00
09dee3e2e6c04d4077101356bb59a856ca8bd4f97d466eac6e53840572135312fcd7bc933768021414412961f25cbfce4f3919fab0cff7b4de061c1d207b5d0c,2017-06-01 18:12:00,CLEAR,DAYLIGHT,DRY,ON SCENE,06/01/2017 06:16:00 PM,41.891743249,-87.713616614,POINT (-87.713616613952 41.891743248989),C,6,2017,18:12:00
09efbc9ee3a1753206824075980a839db407acb4b727bddc2f38796d4fc4659521c641079d750380c3a64a9557b3f26b3273d74006d27f8906a2be638158adae,2019-04-04 08:00:00,RAIN,DAYLIGHT,WET,NOT ON SCENE (DESK REPORT),04/04/2019 08:10:00 AM,41.917366488,-87.758870292,POINT (-87.758870292026 41.917366487953),C,4,2019,08:00:00
0ccc6ecfdb50ab7934ce058b10001cc5238c84f1060a0670cdebc4dda5a9f6e21c1b82585320ce568504393d2e6da41cd3c4632b2186b3b895ee24f7933d3241,2021-07-26 19:00:00,CLEAR,DAYLIGHT,DRY,ON SCENE,07/26/2021 07:17:00 PM,41.939682169,-87.662099011,POINT (-87.662099011032 41.939682169021),C,7,2021,19:00:00
0b9a4e8c070b079fe6a463010926e9df2e822d1894b6b3cdbc2d7a71d4f37e69941b78113cf075952a0ca36f66dc26062b30bbdae8faf970c4fd8affd8cf3608,2017-01-30 07:45:00,CLEAR,DAYLIGHT,DRY,NOT ON SCENE (DESK REPORT),01/30/2017 08:30:00 AM,41.954105717,-87.693290369,POINT (-87.693290369008 41.954105716988),C,1,2017,07:45:00
0c76a4f80ee33ce544608a4d06c075db5551d62ce83653cdc5346cce1a548eea2288f1b14bca0d0c1bbb6441c147506b843258223ae352ec893aa7e3778f92ac,2019-12-22 06:00:00,CLEAR,"DARKNESS, LIGHTED ROAD",DRY,ON SCENE,12/22/2019 09:05:00 AM,41.957913038,-87.679062414,POINT (-87.679062414002 41.957913038009),C,12,2019,06:00:00
0cffa8764fb2736274a995bbc4fcc72fdd7536b2612090486a9fc52c24d317d364e15986e4a3c3fdd0749941385c7a639e56cf90a63c26f81dc22cc5ec9ef8ba,2021-09-04 16:17:00,CLOUDY/OVERCAST,DAYLIGHT,DRY,ON SCENE,09/04/2021 04:20:00 PM,41.778889506,-87.67013745,POINT (-87.670137449955 41.778889506021),C,9,2021,16:17:00
0bfcb16acb9de193d6ff1cbe853568ce0dcc8fdd89bff5233d83b59bdf277403aa6d0d9cd01c8c9629a2187705706d1a802109cad4d0b557ab3ff5ea351cb693,2022-07-09 13:35:00,CLEAR,DAYLIGHT,UNKNOWN,NOT ON SCENE (DESK REPORT),07/09/2022 02:40:00 PM,41.844701377,-87.686217863,POINT (-87.686217862988 41.844701376999),C,7,2022,13:35:00
0df2e55e058ffacacae0ba0a8b61464cae01d390cd972309db6d8c0234db605265889ee1552c94b7a24c2ebb7b3ca08df352f54bc3bba219615fa78dbe16495f,2017-06-17 18:40:00,CLEAR,DAYLIGHT,DRY,NOT ON SCENE (DESK REPORT),06/23/2017 07:22:00 PM,41.663355654,-87.641363438,POINT (-87.641363438039 41.663355654041),C,6,2017,18:40:00
0e4cc4a444ea1817aaf4067bd203e0123ae0b501eb6f0bb29ffd4c2d1fde04500fbf6acdcc1be1b2ef1447b76a449812b508d8606ba36439c79beed4c3264c1e,2021-09-13 21:00:00,CLEAR,DARKNESS,DRY,NOT ON SCENE (DESK REPORT),09/14/2021 01:18:00 PM,41.775513703,-87.664256915,POINT (-87.664256914954 41.775513702959),C,9,2021,21:00:00
0c72637544f0174732d2b7483f1c8987f09e6fed6f9b2a3c3df1fcf5e0892cc8dcd93ca930f575ac0b7be2eb98319932793231316669b2bfe72c89e99cc41d8a,2018-10-22 18:20:00,CLEAR,"DARKNESS, LIGHTED ROAD",DRY,ON SCENE,10/22/2018 06:30:00 PM,41.97600184,-87.689092635,POINT (-87.689092634969 41.97600183997),C,10,2018,18:20:00
0b6a8f6a071eb4a249a6c9eb679e455c7444fe7283283ac4cb2e633560bd87006b67c467321b2b1edb95917553d287c190c2aff6664f804d9a7356897146e1bd,2022-12-17 19:20:00,CLEAR,"DARKNESS, LIGHTED ROAD",DRY,ON SCENE,12/17/2022 07:24:00 PM,41.837732675,-87.66589445,POINT (-87.665894449999 41.837732674972),C,12,2022,19:20:00
0d7159dc62ee2efcb402f0077d267fb7f058050d3e874a1e11f4739f61fedb8752f911cbe340536f546ed8c9733a6e1da92d1e94ea5ee5ece04725e4c45aeefe,2021-07-02 16:15:00,CLEAR,DAYLIGHT,DRY,NOT ON SCENE (DESK REPORT),07/02/2021 05:00:00 PM,41.787238652,-87.606122038,POINT (-87.606122037954 41.787238652039),C,7,2021,16:15:00
0be1181de001e3bc72fdcc40d34166428f66dacc3ff53102e018999791717f068eb33b2bff3bbbb629de9f7ff3d2fd8a1eaa46925c6aae99a635fd8a9023c0c5,2022-02-14 18:20:00,CLEAR,"DARKNESS, LIGHTED ROAD",DRY,NOT ON SCENE (DESK REPORT),02/14/2022 06:50:00 PM,41.880361726,-87.764465451,POINT (-87.764465451008 41.880361725999),C,2,2022,18:20:00
0d0fe713e8d8b5df09dad967a6fd783908acab94f546448022bfcc1f9c17957f230d6719c02cff68612356c5a7f21d048dca946f9fea693251d3528c22bcd15d,2022-07-22 17:00:00,CLEAR,DAYLIGHT,DRY,ON SCENE,07/22/2022 05:39:00 PM,41.860260262,-87.623841742,POINT (-87.623841742029 41.860260261961),C,7,2022,17:00:00
0df35649cd4942c0cd0432a15be396a3a4f461950e711066dbed7501f4c9a2f836f702593fd419a09922c37e7bdbd30f97a9f79448845a1d83a87dbfaddbe141,2021-01-03 03:00:00,SNOW,"DARKNESS, LIGHTED ROAD",SNOW OR SLUSH,ON SCENE,01/03/2021 03:00:00 AM,41.917188747,-87.787548488,POINT (-87.787548488041 41.917188747),C,1,2021,03:00:00
0bbc6344a4a80c83f6fe003e6ad62ccf2011dc4363a6cafcc979839100b2e27263c3c55c380135cd8e6a2d26bf432c653d2f7a1a22f124401e9370f0d90d947f,2016-11-20 11:50:00,UNKNOWN,DARKNESS,DRY,NOT ON SCENE (DESK REPORT),11/21/2016 12:55:00 PM,41.663355654,-87.641363438,POINT (-87.641363438039 41.663355654041),C,11,2016,11:50:00
0d674b7ef5c167bc7572c177e9dc859b9eef05547ecd7df59cebf51a51196706233e83b34be2539f570f074bd42e6e36431040fe7f8c240d70be3908c7e3cc6e,2021-01-12 19:00:00,CLEAR,DARKNESS,DRY,NOT ON SCENE (DESK REPORT),01/12/2021 07:50:00 PM,41.95344345,-87.735763334,POINT (-87.735763334033 41.953443449988),C,1,2021,19:00:00
0c910e72902f3c4ef34b20fa892c6349fa8e4d8440b31fd76dd9e4a173fd466b35d8a6351a678420c3122f1dcb00a81efce819e93657845af7c714e495ad21e0,2022-03-26 11:35:00,CLEAR,DAYLIGHT,DRY,NOT ON SCENE (DESK REPORT),03/26/2022 12:00:00 PM,41.917103631,-87.687248767,POINT (-87.687248767006 41.917103631009),C,3,2022,11:35:00
0c98f35e60b2b3e407b7ab3816363c0fbe4cade582e3542103cc7fecce7f538864358666f48ec33528ed91de9bf29740b708f69371a7a1e3c3a23e1e613d7109,2022-11-06 12:40:00,CLOUDY/OVERCAST,DAYLIGHT,WET,NOT ON SCENE (DESK REPORT),11/06/2022 04:45:00 PM,41.807985147,-87.706037416,POINT (-87.706037415983 41.80798514695),C,11,2022,12:40:00
0bcc5c5790a708a114322b41bc0ae882d9dd30dcf31eb26c12d305e720e62026d7d44cf684f0cfb6c4e521fa3880170b7fd81145755985680c048d765ffce1f1,2017-11-12 17:10:00,RAIN,"DARKNESS, LIGHTED ROAD",WET,ON SCENE,11/12/2017 05:14:00 PM,41.779074223,-87.683303371,POINT (-87.683303370959 41.779074223026),C,11,2017,17:10:00
0ddad1d8e258f6f2a9a3ab6fc0392a15bcdae72651192f4fe0d33ffa0304c680e5148532068dd99a2c5e787bbdc33ca28bce43b1bc7d81e6f35558964071a08e,2019-06-20 19:00:00,CLEAR,DAYLIGHT,DRY,NOT ON SCENE (DESK REPORT),07/14/2019 03:00:00 PM,41.954105717,-87.693290369,POINT (-87.693290369008 41.954105716988),C,6,2019,19:00:00
0d56e162b103d52aa844acaee29ccba87f9c9f19c569e48451b37b86b6da77a285c7c34323afac74531abf5422810e0fd0cb1fa069f76f626d749c4fd6628590,2020-09-04 10:30:00,CLEAR,DAYLIGHT,DRY,NOT ON SCENE (DESK REPORT),09/04/2020 06:00:00 PM,41.815432001,-87.69579779,POINT (-87.695797790047 41.815432000955),C,9,2020,10:30:00
0bd828d7d3e7649be986a5afff7a98f02a4a16ebe1aabd48b6b457a28f76796790c14700c8042c7e3ce54963ff3b5fc1dd50b44193d7da974cb99861a8737f6b,2018-11-18 06:55:00,CLEAR,DAYLIGHT,DRY,ON SCENE,11/18/2018 07:20:00 AM,41.990024694,-87.728708871,POINT (-87.728708871015 41.990024694008),C,11,2018,06:55:00
0d8fc41dfcb0944bda2be1c649bd791cc4c13bf90a86d7d3c5dcc153b6f30bf59c50b8a20860d55b0d63eca44ef9d65088b3ea069b11964c2f52975355ee5ac3,2020-11-16 14:50:00,CLEAR,DAYLIGHT,DRY,NOT ON SCENE (DESK REPORT),11/16/2020 04:30:00 PM,41.916192763,-87.66971203,POINT (-87.669712029971 41.916192763026),C,11,2020,14:50:00
0c4ed328d90a14f7828fba513b69472ebdde2bb12deab53de010360fb24ef9ad1d1f6f366e711e0379df32aa5aaadbd452409227bb575bc9762f76c749b212a3,2022-09-07 18:35:00,CLEAR,DAYLIGHT,DRY,NOT ON SCENE (DESK REPORT),09/07/2022 07:15:00 PM,41.779302992,-87.688213683,POINT (-87.688213682991 41.779302991978),C,9,2022,18:35:00
0d54a15d31253509d77e174bab0c48fa301bc696ffdf0ed29ef0b4063b3dc78db1c4d1ee4267cadcafffc0857b4aaa53c3176b8e8661e3cd6567603d7f404243,2017-04-26 16:40:00,CLEAR,DAYLIGHT,DRY,NOT ON SCENE (DESK REPORT),04/26/2017 05:00:00 PM,41.885850057,-87.763462584,POINT (-87.763462583999 41.885850056955),C,4,2017,16:40:00
0e0111d4fe422016ee5e616e8a83481bf2c38a84395890dde5576d4fd10049acffa28c8b1016217f422ca8cf87a2ff74ab14521c6ea1bb30c9a30146fd018a60,2017-12-05 21:49:00,CLEAR,DUSK,DRY,ON SCENE,12/05/2017 09:49:00 PM,41.744151639,-87.585945067,POINT (-87.585945066953 41.744151639042),C,12,2017,21:49:00
0bb3cca77b0cb31712652680531b5f53ddd7feba07733c14cceed2ccc3c4107baf70252ddc25e48aa038b3c2ab6e6dfb054dbb64a3f50261d48daa679c39d6e0,2019-06-16 12:30:00,CLEAR,DAYLIGHT,DRY,NOT ON SCENE (DESK REPORT),06/22/2019 10:00:00 AM,41.785387445,-87.606183761,POINT (-87.606183761008 41.785387444959),C,6,2019,12:30:00
0b9a16ef32362fa668872fb36501b4d0884b1ca72d9af9baa1a38880ed04217486c379c5930cf8167353bd8c89aaf6204a70a28b49bdf57d155c265502059265,2016-10-14 12:15:00,CLEAR,DAYLIGHT,DRY,NOT ON SCENE (DESK REPORT),10/14/2016 12:40:00 PM,41.876954465,-87.633884097,POINT (-87.633884096996 41.876954465016),C,10,2016,12:15:00
0cb040e012e4701d5286d1224c82206d4e18c0db01d9c27198467fa4b65fe02fbe1216cb81fa7422f4dec75575dc33714b7eec05e20833d95a5573e2e9c33489,2019-06-26 17:40:00,CLEAR,DAYLIGHT,DRY,ON SCENE,06/26/2019 06:16:00 PM,41.946065466,-87.760645922,POINT (-87.760645921962 41.94606546603),C,6,2019,17:40:00
0c8b0f72d69ea001188efc7236292ba8af9ba72077693885cd0f22379f8f545c2747c198f30afde28128f045135a6037d54e6ceb39d07c69e0dedd1fe618752c,2021-04-22 16:00:00,UNKNOWN,DAYLIGHT,UNKNOWN,NOT ON SCENE (DESK REPORT),04/22/2021 06:15:00 PM,41.876926589,-87.745039137,POINT (-87.745039137038 41.876926588953),C,4,2021,16:00:00
0b885e9c6b9af7059f7909850701a2050dcd834f9ff0d0073d28efb57d23e3c5a7c8651de6f5658494090e63c43ea78b6d4cb56230f688ac6301d5c53c70edf0,2017-03-25 21:16:00,RAIN,"DARKNESS, LIGHTED ROAD",WET,NOT ON SCENE (DESK REPORT),03/25/2017 10:18:00 PM,41.902212301,-87.74884541,POINT (-87.748845410034 41.90221230099),C,3,2017,21:16:00
0dc52de7ca77522d9f86fe4ec220fcc20bc41f7c41eaebb02c8e6130625438de521a4a1a123f186f9b3a0431c0e7680918dfd4464ca88cd39100e241fe5bcd4b,2022-12-09 16:35:00,RAIN,"DARKNESS, LIGHTED ROAD",UNKNOWN,ON SCENE,12/09/2022 04:40:00 PM,41.75872376,-87.585590902,POINT (-87.585590902031 41.758723759994),C,12,2022,16:35:00
0c83a4a4fb9f36cc4fe79b670fcdbe3ca58c63e7538209161ac84ec30a3f5bd68ebe6364a99731b7dd077015905b2783f50b61d58d710e41f1f963a486103684,2021-04-01 18:30:00,CLEAR,DAYLIGHT,DRY,NOT ON SCENE (DESK REPORT),04/01/2021 07:11:00 PM,41.97600184,-87.689092635,POINT (-87.689092634969 41.97600183997),C,4,2021,18:30:00
0e0c091160fe93e08c86bac1f3b9366cf2a212021b1b14049c7e9cd6cff616605b0ecda5f08bd9c0eea27c6fda52eb441e8d1c1cbeab784410ee4517daf6535a,2018-08-18 13:40:00,CLEAR,DAWN,DRY,ON SCENE,08/18/2018 01:45:00 PM,41.741803599,-87.740953582,POINT (-87.740953581987 41.741803598989),C,8,2018,13:40:00
0bda2a037e8bd59910b13a7d71937998961baf553002dad5dd8f57f061ed6a3c673c26c49c2f2cbad871bdb65cfd17d437e93d4192ccffd20b71af4a6d918feb,2020-09-20 16:45:00,CLEAR,DAYLIGHT,DRY,NOT ON SCENE (DESK REPORT),09/20/2020 05:10:00 PM,41.75869138,-87.60533417,POINT (-87.605334170015 41.75869137995),C,9,2020,16:45:00
0c7c5366153654e709ed0421d79fe2dc894c2b8e469fa956af678677454cbab1a18e7fde20e9c25a35a058fc57836d97625624b4905e6ecdd2cd27b9cac4210f,2017-10-13 15:15:00,CLEAR,DAYLIGHT,DRY,NOT ON SCENE (DESK REPORT),10/13/2017 03:40:00 PM,41.896725233,-87.632566357,POINT (-87.632566357044 41.896725233027),C,10,2017,15:15:00
0b86cca6f3c8b14b246e8d678ae86b0a39b9e9addaf0691cb86e4da0238932da16c3875f63acf602976960d7c15752bb0ed50f6fb7b78b96621cbd7a40efdcde,2017-05-18 09:30:00,CLEAR,DAYLIGHT,DRY,NOT ON SCENE (DESK REPORT),05/22/2017 11:50:00 AM,41.826190605,-87.637879262,POINT (-87.637879262009 41.826190604974),C,5,2017,09:30:00
0badd52c9998fc72f965984fecd19c16ea701a5c4c13da5501a3b647a1c93fcf96db2182e901769eabe5bdff5a21539a2bd8b8b701574e449dcffb97cd321fdf,2022-03-19 06:30:00,RAIN,DAYLIGHT,WET,NOT ON SCENE (DESK REPORT),03/19/2022 03:50:00 PM,41.784300519,-87.718132983,POINT (-87.718132983043 41.784300518971),C,3,2022,06:30:00
0daefe407d6fc4ec09f3c1a2f5d75824ed41f207fe4fa91a7b1cd027ca72478a2a0f7ed00cfca748c08de6121bb40191c30b5a23cf7bd3a9304674b144fcf92a,2018-02-06 08:40:00,CLEAR,DAYLIGHT,SNOW OR SLUSH,ON SCENE,02/06/2018 08:45:00 AM,41.963977765,-87.682137764,POINT (-87.682137764032 41.96397776501),C,2,2018,08:40:00
0c84aa7c317c274d6a00c0cb9510ddb1e25c8283a7b3e3b83bd283b722838301c0842f3a836e8d0198f229caad7a7643c9f05f70176d62097154c65d554ebd0b,2020-02-21 15:00:00,CLEAR,DAYLIGHT,DRY,NOT ON SCENE (DESK REPORT),02/21/2020 03:15:00 PM,41.785387445,-87.606183761,POINT (-87.606183761008 41.785387444959),C,2,2020,15:00:00
0d5441f99f42fa3e9241ad0a93d748723279344136edc100a2d7498b5997478eea636a293d1174fa955cba583077dbb2321699f227dd3b31b17d77d93dd34d9c,2020-09-17 06:40:00,CLEAR,DAYLIGHT,DRY,NOT ON SCENE (DESK REPORT),09/17/2020 01:30:00 PM,41.983790707,-87.656760371,POINT (-87.656760371006 41.983790707046),C,9,2020,06:40:00
0d5f65d80ba9545d910e9284202920084e6a2454b3e6244a18e29eab47cffe1f4247b3257cc6dcbe1fd85e792b1408b451a986a910ef6cbdffe40d604faf7242,2019-03-29 08:15:00,CLEAR,DAYLIGHT,DRY,ON SCENE,03/29/2019 08:30:00 AM,41.858536536,-87.708949724,POINT (-87.708949724043 41.85853653595),C,3,2019,08:15:00
0de9343a01cd2ab899500cbc39f6bc945c0e5d2fa03608e92adc982e0b85067fec894734957d36a15ab9b32a9a286377bbf0442fc7e126c9d7d814d23dc7575d,2017-07-22 12:30:00,UNKNOWN,UNKNOWN,UNKNOWN,NOT ON SCENE (DESK REPORT),07/22/2017 01:30:00 PM,41.964341082,-87.713091948,POINT (-87.713091947983 41.964341081991),C,7,2017,12:30:00
0c79eabaea7a51d8f4dee7145dea73f20a18aaa586019b7703874ba9e6223ce63697c456710e23fcbbc4a5601e5ba0159601ca8b863a2fe3b95f772bacd052f4,2023-03-03 17:05:00,SNOW,DUSK,SNOW OR SLUSH,ON SCENE,03/03/2023 05:11:00 PM,41.801690698,-87.645620028,POINT (-87.645620027991 41.80169069795),C,3,2023,17:05:00
0ba5603b1b03d10887875c8871c71b28a0b293ad4f782843b246b611a6855e87f72e330c8be38e19ddb0bd3e6665317a38291799172721d3e783b0c9db59ebd0,2022-06-20 14:40:00,CLEAR,DAYLIGHT,DRY,ON SCENE,06/20/2022 02:43:00 PM,41.807491756,-87.744319525,POINT (-87.744319524988 41.807491756027),C,6,2022,14:40:00
0ca3ecc55dca0dffdb397bce5cb86e6f91343c4ebeff7834f4aef12b7b49ea7a3a0ff89f511fe9b5f8207a182e6520b40752e3836df9e476de4509ba84fe5701,2022-06-08 13:22:00,RAIN,DAYLIGHT,WET,ON SCENE,06/08/2022 01:38:00 PM,41.909883748,-87.716751343,POINT (-87.716751343041 41.909883748015),C,6,2022,13:22:00
0bc5a9db35d5ac7c1aa576581949423d39b162137b9341fd478f9a5a8a0485792ba996f9c19d172a243403589329ad048cac7b4da43ac17cbe9e3777fc63fcac,2021-08-25 23:35:00,RAIN,"DARKNESS, LIGHTED ROAD",WET,NOT ON SCENE (DESK REPORT),08/25/2021 11:50:00 PM,41.924997008,-87.68905401,POINT (-87.689054009972 41.924997008049),C,8,2021,23:35:00
0e3ad461a8b9f5b386a9775b4efc96c8700c290596ef6d6d969beaa4e3f41112229b51b3ec362182830205a44ca7f13025aaea580b6286cfe6243f845d08d47c,2021-09-01 13:30:00,CLEAR,DAYLIGHT,DRY,NOT ON SCENE (DESK REPORT),09/01/2021 04:30:00 PM,41.789651746,-87.726395989,POINT (-87.726395988958 41.789651746021),C,9,2021,13:30:00
0ce32ae1df3ab9c0380cc3220bcbc5821bbe3440e7f8dc22efdfb590c26b03cb91eb0136bda2aaacb07a94e55925529274709ec7e6b28f43b827a4ed809446fe,2020-08-10 10:00:00,CLEAR,DAYLIGHT,DRY,NOT ON SCENE (DESK REPORT),08/11/2020 04:30:00 PM,41.817683733,-87.6650402,POINT (-87.665040200043 41.817683733038),C,8,2020,10:00:00
0cefb46c828b6f8a49dcfac61520355f86a162269232b4546e56ec657909198b5bad27e21626320d4bff135834f2f49d10d77123b49f3eb202b803d5533e5cbd,2017-08-28 23:20:00,CLEAR,"DARKNESS, LIGHTED ROAD",DRY,ON SCENE,08/28/2017 11:25:00 PM,41.777723587,-87.685900639,POINT (-87.685900638983 41.777723587016),C,8,2017,23:20:00
0d29a3cd6d8a783b66faf6801c9dbaed5f95c5161cd251ac0b7814da78fe4c11519582116e8160ceae2a413447a2ee4f88805927fd55e64f5ad5c698710ccf2b,2016-07-14 16:00:00,CLEAR,DAYLIGHT,DRY,NOT ON SCENE (DESK REPORT),07/19/2016 02:00:00 PM,41.960921874,-87.739753307,POINT (-87.739753307037 41.960921873996),C,7,2016,16:00:00
0d777fe1e51cf7a062f8f4bd28b8ad99f38f9a7844624559d8420bad44c58561f2a048de9282a541feacc8e38ccc3877281a9334547de1ad18d618601c5d156d,2019-12-31 22:30:00,CLEAR,"DARKNESS, LIGHTED ROAD",WET,NOT ON SCENE (DESK REPORT),12/31/2019 10:50:00 PM,41.866119494,-87.720927574,POINT (-87.720927573996 41.866119493974),C,12,2019,22:30:00
0c18424325290e9749ede78df806193222605f3689ec85529266cf5baab4a9ad89d6da8659224453bf1f8c669bfd37f23a06bd0e84e4fc3927496b7df297b55b,2021-12-02 16:07:00,CLEAR,DAYLIGHT,DRY,NOT ON SCENE (DESK REPORT),12/02/2021 05:33:00 PM,41.781244043,-87.615503198,POINT (-87.615503197999 41.781244043048),C,12,2021,16:07:00
0c827792d145e7c370f82e99b490b7a7dce7e236dc50883a6adce706f126843e52f4254541a9b97dda18b1d211af955137c2922c3406f1d11a0ec8a98a31136f,2023-07-07 18:30:00,CLEAR,DAWN,UNKNOWN,NOT ON SCENE (DESK REPORT),07/07/2023 07:15:00 PM,41.936157129,-87.750420968,POINT (-87.750420967991 41.936157129012),C,7,2023,18:30:00
0c53e25ae237ca30f3a4b08a1438406c4f1c1bb1e5dd0733a1bce211b365aad34af31c24373bd1e5754b05b87047c53eb96edc42280fd3e5b89b6926bd7c8f8c,2021-07-29 05:25:00,CLEAR,"DARKNESS, LIGHTED ROAD",DRY,ON SCENE,07/29/2021 05:28:00 AM,41.891293713,-87.647680593,POINT (-87.647680593026 41.891293712961),C,7,2021,05:25:00
0bd09b4fb8eedd7f6b193f22024cc44c1a26922a92526b9d2fe0eb413ba8cbeb3bea5589cd706e8ae18b7fc990d7072a03f687e10d9eadcd3e16177a7401ea99,2019-03-18 08:00:00,CLEAR,DAYLIGHT,DRY,NOT ON SCENE (DESK REPORT),03/18/2019 06:30:00 PM,41.723144091,-87.630109983,POINT (-87.630109983 41.723144091011),C,3,2019,08:00:00
0e091130d896787c2f723a1f1ebdf05a572f273a4181b5a9bfbadfa2b9c6333b2ed45a85ceec8dd7af4253237ea29d6e7c28b22e60144944a3e90923be668ca6,2017-07-04 23:00:00,CLEAR,DARKNESS,DRY,NOT ON SCENE (DESK REPORT),07/05/2017 01:45:00 PM,41.766756674,-87.654557957,POINT (-87.654557956956 41.766756673958),C,7,2017,23:00:00
0be1fe779de950ab4ab7816fbd0fb65ebbf24e04e231791d29ed08ef24a4c1c9507aa29f5345551a08d554e34b00ffba8c6f031ffa20abd4023f3f8b3f65668b,2022-08-10 17:45:00,CLEAR,DAYLIGHT,UNKNOWN,NOT ON SCENE (DESK REPORT),08/10/2022 06:11:00 PM,41.941883022,-87.644605003,POINT (-87.644605003003 41.941883022027),C,8,2022,17:45:00
0e051cdc91496680b2b55c289d50b30a09fccdcdb07130613d28193861275aef1d6cdbd819d357123aa36ba9339ab289ff643c9a5eb873c92191bf9bd509f994,2016-10-25 16:15:00,CLEAR,DAYLIGHT,DRY,NOT ON SCENE (DESK REPORT),11/03/2016 07:34:00 PM,41.960796183,-87.750630003,POINT (-87.75063000305 41.960796183046),C,10,2016,16:15:00
0b77c5e2138cedd159403ac38bccc41af4b9490dc5822f465fc1332d87db47de2ad7052f8678f6848a348eeb91823e55b2dd0c079bef56aedb1a01a906e3d395,2018-02-21 21:10:00,UNKNOWN,"DARKNESS, LIGHTED ROAD",UNKNOWN,NOT ON SCENE (DESK REPORT),03/01/2018 02:23:00 PM,41.954105717,-87.693290369,POINT (-87.693290369008 41.954105716988),C,2,2018,21:10:00
0babfb3720606911d98f0b38e5f9b1f2cd1fa01fe983df26e8bf575089a49cb6e439a7a9ea8af6a82fa966af2af2a7ba9d26b4112ab1a19488965ffd75881107,2020-12-18 08:30:00,CLEAR,DAYLIGHT,DRY,NOT ON SCENE (DESK REPORT),12/18/2020 12:20:00 PM,41.899422807,-87.678260554,POINT (-87.678260554048 41.899422807039),C,12,2020,08:30:00
0c381bd5d579df7d3519e327791624084d703ba47b1da8fb2fc80e4ffc70b7454bc3d76f195f6a1532f1038583ee0bcd9ba5e1433acb8cb08c1d680df3d03c7a,2021-08-02 09:00:00,UNKNOWN,UNKNOWN,UNKNOWN,NOT ON SCENE (DESK REPORT),08/02/2021 11:50:00 AM,41.808026055,-87.71995187,POINT (-87.719951869982 41.808026054987),C,8,2021,09:00:00
0c46def81dc6ea1d88796775db9aeb2a93378d3d67a639ec9a30ad2abe791f0b0919022bdec8fe8f584b6b209a9a5b3ec5dcc025daee9d00ceca4b26f0680796,2020-09-04 14:30:00,CLEAR,DAYLIGHT,DRY,NOT ON SCENE (DESK REPORT),09/05/2020 11:15:00 AM,41.721190704,-87.672008904,POINT (-87.67200890399 41.721190703986),C,9,2020,14:30:00
0d2db7ba7fbe70749587749b3a795fca34f98cbb4647f79f00e6511bbefb314ab0d17098ea88be217450b5835281f37b3c2ae58d2061075fe1fd91e653e34613,2017-09-20 08:15:00,CLEAR,DAYLIGHT,DRY,NOT ON SCENE (DESK REPORT),09/20/2017 08:34:00 AM,41.969038442,-87.667662387,POINT (-87.667662387022 41.969038442049),C,9,2017,08:15:00
0df6a9cac75cab00d6046ade50b0ed879129157f9545180e094af1255788196924f601de8c2d80f2169298105d2b5f924d90b0fa376bfecda7a35c832f475305,2022-01-13 23:04:00,CLEAR,"DARKNESS, LIGHTED ROAD",WET,ON SCENE,01/13/2022 11:04:00 PM,41.968343874,-87.740309686,POINT (-87.740309686003 41.968343873979),C,1,2022,23:04:00
0cab7d4f64e5a68ef12a41791474305097cf275f3d756258770471d8b43ff92d694b81a1375df6bd5a8b831e203a94fe18c5579c533d2f56785d7ec8cd8c9cbd,2017-12-15 17:00:00,CLEAR,DUSK,DRY,ON SCENE,12/15/2017 05:05:00 PM,41.73707143,-87.56687302,POINT (-87.566873020019 41.737071430045),C,12,2017,17:00:00
0cfa196ecc0d85cfba429e58b00cfa0ae345f9e486a915d53bfc4bb9b928d8149e27e2060b1258c5c6d3994b8c71820a4e46af55178daeadaec2fd0fa9a089f1,2019-06-15 22:06:00,CLEAR,"DARKNESS, LIGHTED ROAD",DRY,NOT ON SCENE (DESK REPORT),06/15/2019 10:20:00 PM,41.879714362,-87.774496221,POINT (-87.774496220954 41.879714361958),C,6,2019,22:06:00
0c972ec2d8a9214692bb3a716b54dbd97d38bd7bc1a29c88407a53d7471b2ed4af9727eb1f8f57e136a9c2f89fa48bc5e09adeb26585e857f2bac97f1361a2a2,2017-11-18 17:35:00,CLEAR,"DARKNESS, LIGHTED ROAD",DRY,ON SCENE,11/18/2017 05:40:00 PM,41.997730287,-87.806645117,POINT (-87.806645117018 41.997730287008),C,11,2017,17:35:00