CRASH_RECORD_ID,CRASH_DATE,WEATHER_CONDITION,LIGHTING_CONDITION,ROADWAY_SURFACE_COND,REPORT_TYPE,DATE_POLICE_NOTIFIED,LATITUDE,LONGITUDE,LOCATION,CRASH_TYPE,CRASH_MONTH,CRASH_YEAR,CRASH_TIME
0cb222129f384b5196adacac99da282b0d304bec30fdf16ceab8bb25ffa4bdf85cb46d446a0c4ed566f5eb4ffd5b7acaaa11e28a857b07e836833c7e8345abb6,2018-02-24 09:20:00,CLOUDY/OVERCAST,DAYLIGHT,DRY,NOT ON SCENE (DESK REPORT),02/24/2018 12:10:00 PM,41.809572517,-87.611394621,POINT (-87.611394620986 41.809572516992),C,2,2018,09:20:00
0dc28b9460d8060e0f9ccfd2ac608c376404941617ce01e5b6e61440358f1b19cd972b0043e6e9d3161dc9ae16ebce65eb13f4ab290cea85c15619a38f50bae3,2019-08-31 22:06:00,RAIN,"DARKNESS, LIGHTED ROAD",WET,ON SCENE,08/31/2019 10:07:00 PM,41.955648575,-87.721689894,POINT (-87.721689893972 41.955648575033),C,8,2019,22:06:00
0df2d53375ab3d9a59122f175901af1ee9c351e42b091c9ad91f0694ff5bc99bf85b59abfe72e2ba839b729867c26ec3986d267650f8d3ec86c8e0989e3919ed,2018-02-07 07:40:00,SNOW,DAYLIGHT,SNOW OR SLUSH,NOT ON SCENE (DESK REPORT),02/07/2018 09:20:00 AM,41.955549054,-87.683801946,POINT (-87.683801945993 41.955549054004),C,2,2018,07:40:00
0b82a50a8e783f982fa6459de042a43b06cd42bf49b92dcac38d5205063e33e676deab1f788f1478c9e0b374c616ebd636104945a2985105627d4a36b28c0f7f,2021-10-01 08:30:00,CLEAR,DAYLIGHT,DRY,ON SCENE,10/01/2021 08:34:00 AM,41.932604222,-87.727148226,POINT (-87.727148226037 41.932604221966),C,10,2021,08:30:00
0bdb90b8fdc5aea555fc8c94bb604a5b9aea0e8159e64340aeef993f33fed5c4ec762c475d50e7a311ce738eb6e111611673614d929b71ffa8c6af97689492fe,2022-03-12 02:17:00,CLEAR,"DARKNESS, LIGHTED ROAD",DRY,ON SCENE,03/12/2022 02:17:00 AM,41.881964491,-87.707842516,POINT (-87.707842516022 41.881964491023),C,3,2022,02:17:00
0d1a58d61d680ce591f21c009d1ac1188d039d067b57b9c4a632881f826ce07a6979fa7e1aeafc37b2dcc62fcf75fefec7c74943c57c4e261e0740033e61642e,2020-09-27 11:30:00,CLEAR,DAYLIGHT,DRY,ON SCENE,09/27/2020 11:37:00 AM,41.891621161,-87.624253929,POINT (-87.624253929022 41.891621161011),C,9,2020,11:30:00
0d1f5a382b2a61bac3e70c5e3cac454e2fe40d255ec8399123940a9f1815d7f634ab776827f5efb34ad710595074c44bfa14f640ba0cc0c39718c2d3e9b888ae,2018-11-02 15:25:00,CLEAR,DAYLIGHT,DRY,ON SCENE,11/02/2018 03:25:00 PM,41.912363131,-87.706664942,POINT (-87.706664941972 41.912363131046),C,11,2018,15:25:00
0c8648d835d39f0191126910f3caa64a16365baa2dd5762dc53f69bc8a47670b46d8c75752bc6112e77625eaa6d98aea9f1221e47f6d152631432e10cd26a8ca,2020-03-08 05:05:00,CLEAR,"DARKNESS, LIGHTED ROAD",DRY,NOT ON SCENE (DESK REPORT),03/08/2020 05:11:00 AM,41.939285933,-87.720570209,POINT (-87.72057020903 41.939285933),C,3,2020,05:05:00
0e452c36b959dcab610b59b1422339c9439aa6241577bb9a82691f466484d6529b8b96fff0780d8c796578d815553e0feaefb2c376f6bf8b181e52f83f4b2dfe,2021-10-15 11:00:00,CLEAR,DAYLIGHT,DRY,NOT ON SCENE (DESK REPORT),10/17/2021 09:45:00 AM,41.785387445,-87.606183761,POINT (-87.606183761008 41.785387444959),C,10,2021,11:00:00
0c168cda5b3b24cda84c93b442e7216b5da83bc4592ebb43c026ea484e2b848c2054c8cae45ab78617afa21de339b3b0c041ebfa134fb95b2dbd2ed0fd020f40,2021-06-05 23:00:00,CLEAR,DARKNESS,DRY,NOT ON SCENE (DESK REPORT),06/06/2021 12:50:00 PM,41.744151639,-87.585945067,POINT (-87.585945066953 41.744151639042),C,6,2021,23:00:00
0da9da59db141f95a5272ec1c8dca0d99d436dc5190a7971331e48f92472224d066219a31987c16d7c9b79a631bb55fa1b634d27eeb2187472e94d46b16e66f5,2018-11-12 19:10:00,RAIN,"DARKNESS, LIGHTED ROAD",WET,ON SCENE,11/12/2018 07:14:00 PM,41.906525513,-87.638386531,POINT (-87.638386530982 41.906525512982),C,11,2018,19:10:00
0df23d0161349ea55a6f581c8cb8a46ab92b9f6ef284401a08223bcd9f71311f320d42aefd5af838cedc146d4b2d6457a115eed47656601c4beca1c6ed656453,2019-09-30 20:55:00,CLEAR,"DARKNESS, LIGHTED ROAD",DRY,ON SCENE,09/30/2019 09:19:00 PM,41.88246084,-87.755024227,POINT (-87.755024227025 41.882460839962),C,9,2019,20:55:00
0d7cad5c40c61e5a0a738d08e47084ec97df8a86ea46af8da614842237f73604fed47264e028f22e281b967dc55779b7db94a19e24adb055ffe72e534d7dc034,2017-10-01 06:12:00,CLEAR,"DARKNESS, LIGHTED ROAD",DRY,ON SCENE,10/01/2017 06:30:00 AM,41.790990025,-87.693576435,POINT (-87.693576435043 41.790990024997),C,10,2017,06:12:00
0cc408c98f6c14d2fcecfb1a1547248bf1118f0d9a5864539e2f9e690a629a65a0b0d1577d80113168491158d9ba6038f1c5a31e83addb30416173b7bb565e94,2022-10-19 09:30:00,UNKNOWN,UNKNOWN,UNKNOWN,NOT ON SCENE (DESK REPORT),10/26/2022 07:32:00 PM,41.94375169,-87.644915824,POINT (-87.644915824017 41.943751690028),C,10,2022,09:30:00
0dfee982ff3b94bfb64175cc85dd4c5421eeeab4adfdbe49b5494c283f27b989c4460e72a718a72d359e9df2795094fdc1af0a35802fa89cdc9b513cae7a4663,2021-07-14 04:20:00,CLEAR,DAWN,DRY,ON SCENE,07/14/2021 09:10:00 AM,41.769358162,-87.566680943,POINT (-87.566680942979 41.769358162021),C,7,2021,04:20:00
0d9ba4c44ecc248aa06797590fafd3cf3cceb3f71d7dc1b1a833d26cd94f709685ac560d267dde40122b03b891a8537116828168549963c020c6e670c31f1af3,2022-05-12 14:30:00,CLEAR,DAYLIGHT,DRY,ON SCENE,05/12/2022 03:00:00 PM,41.796514387,-87.763786776,POINT (-87.763786775965 41.796514387047),C,5,2022,14:30:00
0eaca990bdef9b0dfa2870cd4e9e5c42ffcc8ad34a9d580879da6c6e4250774a68cdf91ec84679acbb20e25309aa38ae1d203986f5489ed47e3c2f726f15e8ce,2020-08-22 19:24:00,CLEAR,DARKNESS,DRY,ON SCENE,08/22/2020 07:30:00 PM,41.954196229,-87.66919262,POINT (-87.669192620028 41.954196228965),C,8,2020,19:24:00
0fc4fcebfa30017930d9441ba9d548f3e54714c60b7f24f881e36cb8f09f7d46e175c9487ff16e36e5fb38577529b6d73b6bdd0f1f37bc6038f4685c30a3971a,2016-12-20 03:00:00,CLEAR,"DARKNESS, LIGHTED ROAD",DRY,NOT ON SCENE (DESK REPORT),12/22/2016 08:30:00 AM,41.880305218,-87.693247428,POINT (-87.69324742795 41.880305217959),C,12,2016,03:00:00
0f3a2b91183b901cde2bfdb1e2c7bcf0b6fd98a782143ba7f4e12c07937619bd0b0b4e6997fc4dc910398f53f16232992cf48133165f0b6a0b0dc44bcf99ad3b,2019-06-30 11:20:00,CLEAR,DAYLIGHT,DRY,NOT ON SCENE (DESK REPORT),06/30/2019 11:31:00 AM,41.682671696,-87.680726085,POINT (-87.680726085045 41.682671696043),C,6,2019,11:20:00
0f5ae9ca952d03b02ecddef0a9893fde83d9cffc76aff1ea16d10f63c6049919fd687a637ad20bc30d7d3ab5f157f4f086349a6e80c7d816fc433a8d4c803771,2021-03-07 01:40:00,CLEAR,"DARKNESS, LIGHTED ROAD",DRY,ON SCENE,03/07/2021 01:43:00 AM,41.877152911,-87.729111894,POINT (-87.729111893958 41.877152910988),C,3,2021,01:40:00
10795a70d8ff6a91e71df66c8bdcd3071fb70c8908608923a5f9ca92b0e387aabe98764d6b62b5f799819a09308305e3a077645c409f079cdebc3a0a6a24d142,2019-01-25 21:15:00,SNOW,"DARKNESS, LIGHTED ROAD",WET,ON SCENE,01/25/2019 09:16:00 PM,41.77323448,-87.585162528,POINT (-87.585162527989 41.773234480031),C,1,2019,21:15:00
105002b9b1b52b7e7742312bdacefe090ae81109bfe890210e456dd0d085bf42dc0497641ad38c06bddf7c94cff2b31677807408aa019a3b1332bfb79593f913,2023-05-31 12:22:00,CLEAR,DAYLIGHT,DRY,NOT ON SCENE (DESK REPORT),05/31/2023 12:25:00 PM,41.794281165,-87.655224849,POINT (-87.655224848986 41.794281164986),C,5,2023,12:22:00
10e54566782823dc723168cddabcfbdb60ffe275f781d3686f9b377cfe71794a957d695b432c9b87850ff2524e8cec0244686a1c3e1af83a06ff4d075ab5fc7d,2018-03-20 07:50:00,CLEAR,DAYLIGHT,DRY,ON SCENE,03/20/2018 07:50:00 AM,41.85276755,-87.630024824,POINT (-87.630024824031 41.852767550035),C,3,2018,07:50:00
1004fa92c46481cef20fed3c8a12d79252ba8313cf1f660d127a6780b33ee3e531ab656fe10262a11251b448fbea3e221c6d44f0d4a789863dc883554087ce19,2015-12-31 19:30:00,UNKNOWN,DARKNESS,SNOW OR SLUSH,NOT ON SCENE (DESK REPORT),12/31/2015 08:00:00 PM,41.867300171,-87.627683894,POINT (-87.62768389401 41.867300170955),C,12,2015,19:30:00
0f4c9cadba84f61fe058edc2b06e06728f4edb979a1bf9819b15ceb9d388c4070884671a1c6fef5ce1fcd74069347a44fdc96f7d957445b441e56f8021a437ce,2023-05-19 15:55:00,CLOUDY/OVERCAST,DAYLIGHT,UNKNOWN,NOT ON SCENE (DESK REPORT),05/19/2023 04:20:00 PM,41.93203524,-87.690864011,POINT (-87.69086401095 41.932035239995),C,5,2023,15:55:00
110028b9c0902c75ae1bfa7d05a3ad5cea7195f226888abad6cd39dff85f1f4f21bb12037211cc2697b2dbfbce946cee8b4ae461de5aa4e616e794743e6f2271,2019-09-22 23:30:00,UNKNOWN,DAWN,WET,NOT ON SCENE (DESK REPORT),09/23/2019 12:45:00 AM,41.749362768,-87.605332981,POINT (-87.605332981011 41.749362768013),C,9,2019,23:30:00
0e9853df629d6deeab61c1696a2c733d4ddf07d449b8e5f024d93f1849cc9eade7af93fe1eebc85f2947c1a3f689d161ab7d4662931bd77433d3cee157235563,2017-12-10 08:50:00,CLEAR,DAYLIGHT,DRY,NOT ON SCENE (DESK REPORT),12/10/2017 09:29:00 AM,41.929244351,-87.775753482,POINT (-87.775753481997 41.929244350993),C,12,2017,08:50:00
1046ed052ac87f6e244c1e570a5dd057605bd00879f1cd3d083df3f7d963a8dcb153cf023ae46332e9e70df13ea850ea13a7df68f8f0f6715b13f2dc3e9ca176,2022-07-17 22:00:00,CLEAR,"DARKNESS, LIGHTED ROAD",DRY,NOT ON SCENE (DESK REPORT),07/17/2022 10:15:00 PM,41.696996939,-87.539934341,POINT (-87.539934340969 41.696996938998),C,7,2022,22:00:00
10f9de4a22525d09d46ad71c94630b12f5ff5cb09efd57580fabc6d3d544327ae4f82037ea4b3b7ceb1799157e4d1a542b33e790330067e81c86d32751a96f7f,2020-08-26 13:28:00,CLEAR,DAYLIGHT,DRY,ON SCENE,08/26/2020 01:29:00 PM,41.721256457,-87.643062482,POINT (-87.643062482016 41.72125645696),C,8,2020,13:28:00
0f6f07be44546d57dceac9a17dd148931fd78a3b975231dd0e92dea32e819a851193aad1d899ca5a02f7ebc18803e521343deba6d65bb9e442cab61270b26247,2022-05-06 21:00:00,CLEAR,UNKNOWN,DRY,NOT ON SCENE (DESK REPORT),05/07/2022 10:45:00 AM,41.674426946,-87.620256535,POINT (-87.62025653503 41.674426946014),C,5,2022,21:00:00
0eca8a16ed48bc1bdf1354054d643190b70f1784c3d18ced7643e937092b734bf879d87a1ccd652de4984c3c6842974193ce0f98b5e49534a4c6740b037397a2,2019-08-09 09:00:00,CLEAR,DAYLIGHT,DRY,NOT ON SCENE (DESK REPORT),08/09/2019 10:30:00 AM,41.847477765,-87.617218167,POINT (-87.617218166986 41.847477764972),C,8,2019,09:00:00
10ff4dad3a99fac740db31e2cfc01608c99b4e1a9c7eb0707011ed39e6f615de21becc4cc3f44dde621f8c8b7ae99bb43a68cac6f41f2fff4edd3c5c23bbd035,2019-11-24 08:40:00,CLEAR,DAYLIGHT,DRY,ON SCENE,11/24/2019 08:42:00 AM,41.796705111,-87.606421756,POINT (-87.606421756047 41.796705111008),C,11,2019,08:40:00
104474024c824ec6d4f6365c934f1e238437a81bb1166511d3e2195efeac71944d1bf9818ac4a2206d150635154711b685c8ffe39409fb3be326e58643d7368c,2022-01-01 17:00:00,CLEAR,"DARKNESS, LIGHTED ROAD",UNKNOWN,NOT ON SCENE (DESK REPORT),01/03/2022 05:45:00 PM,41.78419815,-87.741365268,POINT (-87.741365267996 41.784198149971),C,1,2022,17:00:00
10f88912c79a3ee40467a9a6aa2dbe9e994c9d9695f3b513cb8dfa90f67c9d5f2aca9c0eb5cfa10d4832329623c45ebc366cf72c4b5d0299abb88b1a9ef85ccb,2021-11-07 12:10:00,CLEAR,DAYLIGHT,DRY,NOT ON SCENE (DESK REPORT),11/07/2021 01:25:00 PM,41.939811592,-87.653163914,POINT (-87.653163914043 41.939811592022),C,11,2021,12:10:00
0e978131b6c668093c4a292cbc40d603fda74e53936750d5d63ac57a558e18a1c153bb606b885dde3e967b14321fdffc81b2ac20d4f00fce7f732c4cfd987e23,2020-08-01 12:20:00,CLEAR,DAYLIGHT,DRY,NOT ON SCENE (DESK REPORT),08/01/2020 01:55:00 PM,41.773765662,-87.722781154,POINT (-87.72278115402 41.773765661984),C,8,2020,12:20:00
0ff40031851cd0ac5a5d4cd8c670391abcc9a1188272222318daa97176b3e6e5390169013ff916acfcc1db6c7196f94926c134bb0f5571c79f409490292df583,2019-02-25 15:46:00,CLEAR,DAYLIGHT,DRY,NOT ON SCENE (DESK REPORT),02/25/2019 03:56:00 PM,41.773498605,-87.581563889,POINT (-87.581563889019 41.773498604953),C,2,2019,15:46:00
0f1abd0f8bf1ecf63316cc76c540d5604424e7a50e4e61027ea18cf762a342fc5c70d1cbee2d6eeac521eb8b3150554f989c8eb9949619682d0f269eab828858,2018-03-19 18:15:00,CLEAR,DAYLIGHT,DRY,NOT ON SCENE (DESK REPORT),03/19/2018 06:29:00 PM,41.893918609,-87.624085833,POINT (-87.624085832985 41.893918609004),C,3,2018,18:15:00
0e5a12875698e004dd30fc1b06830f59d35a2762d7d77b013537d5a97e88a737408d9214a091da82f718c8814f5dd9f8ca0e525b866ecd56d57c984d7c5510d0,2022-04-11 22:12:00,CLEAR,"DARKNESS, LIGHTED ROAD",DRY,ON SCENE,04/12/2022 12:12:00 AM,41.77323448,-87.585162528,POINT (-87.585162527989 41.773234480031),C,4,2022,22:12:00
0fb914c391a82628b8a62e5ef11770c11715f1ff67b3e45012856fc33c98baa9dc58713ab00f3a3fae1590d0dc61470e3f3a0a4eebc417bcebc144973e0f66e2,2018-09-11 15:10:00,CLEAR,DAYLIGHT,DRY,NOT ON SCENE (DESK REPORT),09/11/2018 04:40:00 PM,41.935247564,-87.654094757,POINT (-87.654094757043 41.935247564016),C,9,2018,15:10:00
0e86d7384dca6d3ec6be8475fe90770c587c821af4028fd42eb2f84e632da06affa927087804f49b59823379137c026b5c09503c44a55e7fe59df8ba546bbd04,2020-09-08 11:00:00,RAIN,DAYLIGHT,WET,NOT ON SCENE (DESK REPORT),09/08/2020 11:45:00 AM,41.8517369,-87.718227916,POINT (-87.718227916 41.851736900017),C,9,2020,11:00:00
0eee3aedb9e9ab313c29a29e9ede4531d73436383f4cb27b573260a318b87bde1978f4dd841dc8a596c3ead5e8254d9712ba829ae37b587b8ced40c0767068b9,2021-01-31 16:30:00,SNOW,DAYLIGHT,SNOW OR SLUSH,NOT ON SCENE (DESK REPORT),02/01/2021 01:30:00 PM,41.758225854,-87.632096455,POINT (-87.632096454977 41.758225854005),C,1,2021,16:30:00
0e9ee2fa76a2691496ccd73aae55f3fe6e2641cda6ec89a38eac234eb2b0e62c899ca2dd59ad540d8ff5be0c88c7423919599cf7345d44ad6ba099613234b3fc,2022-09-01 20:35:00,CLEAR,DAYLIGHT,DRY,NOT ON SCENE (DESK REPORT),09/02/2022 09:02:00 AM,41.775048833,-87.60595789,POINT (-87.605957890049 41.775048833022),C,9,2022,20:35:00
10ea29406086af4d9d2f2279772b6e01e4c4c6254e2decacc4a68a62b5cbd1bd33f3e06140acf173e303b72c58b4a7dce1d9952b01100585986fce40c650bedd,2018-03-04 00:30:00,CLEAR,"DARKNESS, LIGHTED ROAD",DRY,ON SCENE,03/04/2018 12:30:00 AM,41.891621161,-87.624253929,POINT (-87.624253929022 41.891621161011),C,3,2018,00:30:00
0f3102371e31c1aff874071aac7f4b179c9165cfc038c356130de587d03899d20498d44fe8decaf508d7002405cae6cee032ab19d67f4e6df4db4e0dd72176f5,2022-04-14 11:30:00,RAIN,DAYLIGHT,WET,NOT ON SCENE (DESK REPORT),04/15/2022 11:00:00 AM,41.73927603,-87.549486967,POINT (-87.549486966963 41.73927603),C,4,2022,11:30:00
0eed9308ca7a7b625c3a347f466755e5163b83b9534b3cdef24a1096d50c0210332729483b0ee760225d223e984f46d7b799bc40e46778b4d6f196e5a710c8c8,2023-01-31 21:40:00,CLEAR,DARKNESS,WET,ON SCENE,01/31/2023 09:43:00 PM,41.744151639,-87.585945067,POINT (-87.585945066953 41.744151639042),C,1,2023,21:40:00
1047f1688d324e5e9ef184746d33bec2baafe8367dd0ade80e8328bada037f728762d6c96caa5c6e4d2d70810361563e278fd408fd49b6646c2c3ddb690c883a,2019-03-01 22:00:00,UNKNOWN,UNKNOWN,UNKNOWN,NOT ON SCENE (DESK REPORT),03/01/2019 10:45:00 PM,41.84434083,-87.711276265,POINT (-87.711276264979 41.84434082995),C,3,2019,22:00:00
0fba5b246e2141d85baf0433cf20cf200048350c92117d9a24ba2137c09ed8e8047aca3c10c3dc77dbc1252a5bd75d699b3d72ba3df9949323b95d487769b1ce,2023-02-19 17:40:00,CLEAR,"DARKNESS, LIGHTED ROAD",DRY,ON SCENE,02/19/2023 05:42:00 PM,41.939957876,-87.727354741,POINT (-87.727354740978 41.939957876044),C,2,2023,17:40:00
0fa4884149aa03acef4572d0d6b4de24104843772f177e5b6cde4dc4e4240d6d5e24fe5eca171822bdc58764b532043ae688f943f3a56ec588f8bea0865b6079,2019-09-11 15:45:00,CLEAR,DAYLIGHT,DRY,ON SCENE,09/11/2019 03:51:00 PM,41.759853407,-87.644338447,POINT (-87.644338447024 41.759853407033),C,9,2019,15:45:00
111f4bc6f4e8781f355493e263b1202ae75b7c28808db078a1f28d7095c3d7f1c15896fee6d8f5a00cb3e83c4206a049bdfe689c882f7f77c1dd3caa7d48f8dd,2019-07-20 13:00:00,CLEAR,DAYLIGHT,DRY,NOT ON SCENE (DESK REPORT),07/25/2019 03:50:00 PM,41.912181159,-87.694657267,POINT (-87.69465726698 41.912181158989),C,7,2019,13:00:00
10a00f50ac8066eb633e0e0655b8f1c970825c9144041ad864c6f4f8ce6457d38b962faf639cc9de94e87089207fc309d26ad2acdb1f850af674d34cbaa77f3a,2018-08-03 20:00:00,CLEAR,UNKNOWN,DRY,NOT ON SCENE (DESK REPORT),08/03/2018 08:50:00 PM,41.810440446,-87.710418852,POINT (-87.710418851956 41.810440445956),C,8,2018,20:00:00
106daefe688dbd1ae51aacb576ad9b44e043b7a664dbe90c67e8f83c2cc873e5e012ff19ff03ab9e6ec5598fc53004d89ec8a2a89cad1d5b0d7a9191d72a50e0,2020-01-30 17:50:00,UNKNOWN,UNKNOWN,UNKNOWN,NOT ON SCENE (DESK REPORT),01/31/2020 04:50:00 PM,41.692257224,-87.699781039,POINT (-87.699781038957 41.692257224032),C,1,2020,17:50:00
10bd86a73699a7431ffcd233ff0551859d26861b7f883093a1bc565450b3433121fad5bb508d7d1c64ff4c62d33c91918dd731da7d0a2292b6021e96b8606c3d,2018-10-09 12:45:00,CLEAR,DAYLIGHT,DRY,NOT ON SCENE (DESK REPORT),10/09/2018 01:15:00 PM,41.852970437,-87.705143484,POINT (-87.705143483993 41.852970437023),C,10,2018,12:45:00
111617559c4a1c8ddf22c9d94b3c1cf25127f3b32579d797c1b4aede2ab7b05c12e82fc143e45a01c36c433ffafc19194f07bf8ae0db7e2ed57af075697b2810,2019-03-12 16:16:00,CLEAR,DAYLIGHT,DRY,NOT ON SCENE (DESK REPORT),03/12/2019 04:16:00 PM,41.877050528,-87.737449964,POINT (-87.73744996399 41.877050528031),C,3,2019,16:16:00
10b442deb6be081462679442f66d7a49c83e8ac17f9d8609a0cc8b4cb122ea94ea621c8ebafe3d056d98717a0134c092ebf433676f07a3e86a55b2a19f2e450f,2022-05-12 11:30:00,CLEAR,DAYLIGHT,DRY,NOT ON SCENE (DESK REPORT),05/12/2022 03:36:00 PM,41.877836738,-87.64729714,POINT (-87.647297139953 41.87783673803),C,5,2022,11:30:00
0efc2f920d5a9d11b680db78e89d9b87fccd56ec9365fd02870c77ee9e0767b7baf6dce41200101af18db77048af9823649a98cf431dcc0611e0d776778b6037,2019-09-06 23:00:00,CLEAR,"DARKNESS, LIGHTED ROAD",DRY,ON SCENE,09/06/2019 11:04:00 PM,41.989927122,-87.659278936,POINT (-87.659278935965 41.989927122034),C,9,2019,23:00:00
0f7921a79a381fd87c5330b58562222e7b8de09c61c2c1bb30cdc5a6515662ecbf503752f7b5be7db53046063236dfee478fbeec1040270cc30bef60c2f83458,2021-07-13 22:29:00,CLEAR,"DARKNESS, LIGHTED ROAD",DRY,ON SCENE,07/13/2021 10:30:00 PM,41.891663091,-87.621964903,POINT (-87.621964902962 41.891663091017),C,7,2021,22:29:00
102d7183ed0d17f40621141a211b9d1a3afe9a6bc8c24562805ad11845d8f8d686ec7600d7c00178dda63b1e67b39cb7fa13e4f979af59d348d917cb8d09d2d4,2023-01-07 09:05:00,CLEAR,DAYLIGHT,DRY,ON SCENE,01/07/2023 09:06:00 AM,41.895259507,-87.72592622,POINT (-87.725926219958 41.895259506969),C,1,2023,09:05:00
107c2f0650d25d0df964c2b01c79039a6f487a717c877fd82240bb6c2876401b1e8743f92700f86785e55ce00f3874a6320ebe7a60db03172f73f70c95100309,2018-07-19 08:54:00,CLEAR,DAYLIGHT,DRY,ON SCENE,07/19/2018 08:55:00 AM,41.744151639,-87.585945067,POINT (-87.585945066953 41.744151639042),C,7,2018,08:54:00
0ffb7bc39fdb2338c9a99b55ed746c6d978a5f6ef3be87a7cd6992e5800ea83d379855fb8b0ee4eb96cc49526c16bc2ae1a1828e78ed16bbd29c15ced14335e4,2020-11-16 09:00:00,CLEAR,DAYLIGHT,DRY,NOT ON SCENE (DESK REPORT),11/16/2020 10:00:00 AM,41.738597825,-87.587556916,POINT (-87.587556916012 41.738597824985),C,11,2020,09:00:00
0fc98b2728ba0e22843845964049dc61f3dc4a87e510cb1ad2037da164520637691dc5a829156fc7f013ca0a4c4e0f32e5b6e5c588801a3678fadb651e1d0f0c,2022-12-01 16:15:00,CLEAR,DAYLIGHT,DRY,NOT ON SCENE (DESK REPORT),12/01/2022 06:15:00 PM,41.77125351,-87.723272314,POINT (-87.723272313996 41.771253509998),C,12,2022,16:15:00
10f2859465e0b15b0d6e7729184316bc1720738573de4ee869fe022b83cefec6817b3dfbda58c7564efc26fa8e4071196170865b7797d952431db0eb56eb9a32,2018-08-23 13:30:00,CLEAR,DAYLIGHT,DRY,ON SCENE,08/23/2018 01:32:00 PM,41.749903242,-87.707348392,POINT (-87.707348392008 41.749903241984),C,8,2018,13:30:00
100f14d11e5affd56c0b0f90ff7e95accde70baf0eb3488d0bdb27a4764f99621ebdfede32ea4dad520bd3b9261c84a7749bad14009f598e9832e0ff265e8b5e,2018-07-08 18:20:00,CLEAR,DAYLIGHT,DRY,ON SCENE,07/08/2018 06:25:00 PM,41.884516857,-87.647390682,POINT (-87.647390681951 41.884516857046),C,7,2018,18:20:00
0efbc32b53a4448bdb8f2044432cfcb6cada31e50f1192ac644e8b7165a9a1e95b61e59a95a5a0ac36ac8c7f36c116488d2fefbc33626b9442e9a5f1bf2d7b4a,2023-06-09 18:00:00,CLEAR,DAYLIGHT,DRY,NOT ON SCENE (DESK REPORT),06/18/2023 09:37:00 AM,41.886070174,-87.620536589,POINT (-87.620536589034 41.88607017398),C,6,2023,18:00:00
1098d7c4fc2beae70eaec4fee165e3bdafed57e8017c9275c4605f9eca7a7db1406436b6c9f925805f4b2e9c6c870992cc2478a85b624404a3f2ddd382ea8b5e,2016-06-17 13:10:00,CLEAR,DAYLIGHT,DRY,NOT ON SCENE (DESK REPORT),06/17/2016 01:20:00 PM,41.878271982,-87.706482964,POINT (-87.706482964011 41.878271982039),C,6,2016,13:10:00
0ebe21a37ecf8f787c6d620b4f7b176d17da8d6cf3b0728df4efa132f8d80baf28057381f0c6b523ffc9f13c8dc38c141132de50557f79bf9dd488f439d64c70,2020-10-11 13:30:00,CLEAR,DAYLIGHT,DRY,ON SCENE,10/11/2020 01:55:00 PM,41.938102576,-87.80722885,POINT (-87.807228850045 41.938102575978),C,10,2020,13:30:00
0fdf79fc9ca57b10f06bea5c1af121736614e1884f6835b75e722761dcc0c3b9a918eaaf616c4baaa773ad4f1bdcc29ab39c1d1c3f7d982ca956a9d2e12b0ceb,2019-02-22 17:08:00,CLEAR,DAYLIGHT,DRY,NOT ON SCENE (DESK REPORT),02/22/2019 05:25:00 PM,41.938718652,-87.763911545,POINT (-87.76391154503 41.938718651976),C,2,2019,17:08:00
0edf58f67dbec3b37430f091174a6d87c3b6234cff0b3a5df3029bd983c2d8e2864b9787fccb3c7e0d24fa7d98bcc7f42b6515eb3992595d1e95afac0c3cb069,2018-06-18 18:08:00,CLEAR,DAYLIGHT,DRY,ON SCENE,06/18/2018 06:09:00 PM,41.77323448,-87.585162528,POINT (-87.585162527989 41.773234480031),C,6,2018,18:08:00
0faf698b7a1f6bcbdbde0186bfb07d868ea5682a67c2e8c0fa877943cdd77a51bb9aeced32233468f9dd3c0eb5b96b75c7562192a1a974b03b3338abbed2b041,2017-02-19 19:00:00,CLEAR,"DARKNESS, LIGHTED ROAD",DRY,NOT ON SCENE (DESK REPORT),02/19/2017 07:40:00 PM,42.010018661,-87.709056552,POINT (-87.709056551967 42.010018660983),C,2,2017,19:00:00
10eb246718c0c5ee1e6494237cac46efd0a3ce793a438cb54de08793097f90373c27ace0b31e5c7368b8a4274d8347936cd1c25e99a461d6ef4a11f822ebb3c8,2019-12-14 20:00:00,CLEAR,DARKNESS,DRY,NOT ON SCENE (DESK REPORT),12/15/2019 11:35:00 AM,41.844276406,-87.7147225,POINT (-87.714722500033 41.844276406013),C,12,2019,20:00:00
10d98f7c0c71a432028ce486b9c134427e21383d2153651e0f9d7692ea001624b8d1336bc46836f04fe19b752bc16e4d5e79287aa7f82512867786eeddcac97d,2017-04-10 14:40:00,CLEAR,DAYLIGHT,DRY,NOT ON SCENE (DESK REPORT),04/10/2017 03:00:00 PM,41.780085494,-87.670433661,POINT (-87.670433660973 41.780085494017),C,4,2017,14:40:00
0fe4f35e950d67b8182eb91ac51a7042a37a32513200ace5bac0395c0367a0718430c03880e85f02c2f9ba0faef86d4258d0ecc8447c72c2bc8a57fd80afbc9b,2019-03-14 14:45:00,CLEAR,DAYLIGHT,WET,NOT ON SCENE (DESK REPORT),03/14/2019 03:47:00 PM,41.916714588,-87.752753452,POINT (-87.752753452033 41.916714588024),C,3,2019,14:45:00