CRASH_RECORD_ID,CRASH_DATE,WEATHER_CONDITION,LIGHTING_CONDITION,ROADWAY_SURFACE_COND,REPORT_TYPE,DATE_POLICE_NOTIFIED,LATITUDE,LONGITUDE,LOCATION,CRASH_TYPE,CRASH_MONTH,CRASH_YEAR,CRASH_TIME
0f27add0bb210c43a0b55e7cc4b1ff7272d00d3fccb8b687f9d983fb6232edea4eacabf724325cccf436e38230502cd3cb8611c5751c13721430d084143932e1,2017-08-24 13:00:00,CLEAR,DAYLIGHT,DRY,ON SCENE,08/24/2017 02:39:00 PM,41.666869567,-87.634921919,POINT (-87.634921919012 41.666869566973),C,8,2017,13:00:00
10cce0dcccc38f06b5bc73f7ed6e422c4e028bff5097de762b1283be89fbec1cb6b1293800b9c895057f7d61ff39f41882a293976b99e97fd09b5c976fa56e85,2017-05-30 16:00:00,CLEAR,DAYLIGHT,DRY,NOT ON SCENE (DESK REPORT),06/01/2017 09:59:00 AM,41.924270719,-87.653422522,POINT (-87.653422522035 41.924270719011),C,5,2017,16:00:00
0f788e9f7cdf4724d62f28eee646e769974ea711c894f31c96e86ed2f9967445f20c03e72f189c5e588fbf7a76b64d6bd20aab496982742465a4663f90a0e98d,2023-06-26 15:20:00,CLEAR,DAYLIGHT,DRY,ON SCENE,06/26/2023 03:20:00 PM,41.763665021,-87.621796302,POINT (-87.621796301972 41.763665021044),C,6,2023,15:20:00
0e7f5d06ed7711393dc02ea421ae0ffd57b0b064dbc5021535e088aae0b6747b0bfa496ee1f089e1d832d469f2bca92b182168f595bf925c7cead3eeb41ca357,2019-04-12 10:04:00,CLEAR,DAYLIGHT,DRY,ON SCENE,04/12/2019 10:06:00 AM,41.784385694,-87.740065946,POINT (-87.740065945952 41.784385693962),C,4,2019,10:04:00
10e258e274475b5c0631129831ba3d344bf9f947cf79849ca287499cee68bde879f8ea9df9dc6414cb2e57aae1278e65815e33cd83cb6743b57ebc728198c634,2019-09-27 21:00:00,RAIN,"DARKNESS, LIGHTED ROAD",WET,NOT ON SCENE (DESK REPORT),09/28/2019 11:42:00 AM,41.741780699,-87.564722383,POINT (-87.564722382973 41.741780699022),C,9,2019,21:00:00
0ed2955d3895dd521eb15649c1ce16312aeb4a6c18c754adaaef4409e7a2e54260a8a25966e443509da2db8e615e4f7481bf53f5a4c8d1d22c7b88d6af5dea17,2018-04-08 08:18:00,CLEAR,DAYLIGHT,DRY,ON SCENE,04/08/2018 08:20:00 AM,41.72347544,-87.622083725,POINT (-87.622083724976 41.723475440005),C,4,2018,08:18:00
0f88e96fb284b4d13b7657ba656976e6ca735b6d9654435f0d1e5bc2b39c8d9033277ce6e097887fb22c833dd5636ff396db470bd2e9d9dd19a706e44de15fbf,2017-11-07 15:42:00,CLEAR,DAYLIGHT,DRY,NOT ON SCENE (DESK REPORT),11/07/2017 04:50:00 PM,41.985976968,-87.78782345,POINT (-87.787823450015 41.985976968036),C,11,2017,15:42:00
0e8e77a154e2cd8bbb1df714a5d1d552f8c5320c12dcbde1171ce503ecf6c090dc45d7f8d887c83664ed39128b0e084176521ee6c2096f69216ec24934353022,2018-02-14 12:56:00,CLEAR,DAYLIGHT,WET,ON SCENE,02/14/2018 12:56:00 PM,41.924490094,-87.717288131,POINT (-87.717288130979 41.924490093998),C,2,2018,12:56:00
0f87a84eb9da048d9db287c75215ada90e7c46f66cd254dfa2850f84424c8cf3f99d3da22012e2ec13603e4084397895844602998486303312dae788a7bee148,2018-06-30 12:53:00,CLEAR,DAYLIGHT,DRY,NOT ON SCENE (DESK REPORT),06/30/2018 01:05:00 PM,41.838472441,-87.655974359,POINT (-87.655974358952 41.838472440986),C,6,2018,12:53:00
0e9be42676c8b85a3be9cfe08eb838668ce276551061f99b424631697d331d312280f65a6de3e79a4a2f147c5884a3bbba16173f8b550d14e348181741b8f2b6,2021-01-14 14:54:00,CLEAR,DAYLIGHT,DRY,ON SCENE,01/14/2021 02:54:00 PM,41.953905539,-87.759486042,POINT (-87.759486042028 41.953905538966),C,1,2021,14:54:00
13762bb3cc7868ade8969ae9804a57b7cf64cbfae6c706662f349d1b2153bda535e3f328051e4f6257900e90013f035dbe5f054076c9a0f17e6a305462de6a94,2019-06-08 14:30:00,CLEAR,DAYLIGHT,UNKNOWN,NOT ON SCENE (DESK REPORT),06/10/2019 02:45:00 PM,41.857455079,-87.661452604,POINT (-87.661452603995 41.857455079036),C,6,2019,14:30:00
11d099081904e81a37d8338b67b9f015aff9343a9996676c872d2e2c16f18ba5d751b116e03fd596529a7e87b807aab64e9c92f5ef0ec0f7e3e1c74775b3f877,2015-10-21 14:09:00,CLEAR,DAYLIGHT,DRY,NOT ON SCENE (DESK REPORT),10/21/2015 03:26:00 PM,41.893918609,-87.624085833,POINT (-87.624085832985 41.893918609004),C,10,2015,14:09:00
137a31a95380c51de048a2750fb66f24c30bcc088d76b0e52d47833afb3cfb2d9c5597e5ca1a974ff6210d3ea589b0627fd7aa7d2b9aaf01edd906af3b943967,2023-07-02 03:06:00,RAIN,"DARKNESS, LIGHTED ROAD",WET,ON SCENE,07/02/2023 03:06:00 AM,41.851330916,-87.66817994,POINT (-87.66817994 41.851330916015),C,7,2023,03:06:00
1390d013db0a3a43384bc6f73b35cf31711807de18ebaf8920983f94b9ed7aefb5a9ec255a869347f52c595de6656d21433df2dcdebd7c8d4f5fb93daa22738b,2017-10-21 01:00:00,CLEAR,"DARKNESS, LIGHTED ROAD",DRY,NOT ON SCENE (DESK REPORT),10/21/2017 03:20:00 PM,41.869636706,-87.688408402,POINT (-87.68840840198 41.869636705974),C,10,2017,01:00:00
130e4fd7688f1fec6410c0b54f64404610bfd73eed24248d0352aa232246d0c4d2ebf124c59bcad26f66065d76ce3a32faf46414df6eada29fa239598cbdd98e,2019-07-24 13:00:00,CLEAR,DAYLIGHT,DRY,NOT ON SCENE (DESK REPORT),07/24/2019 02:08:00 PM,41.886339416,-87.62083615,POINT (-87.620836149956 41.886339416011),C,7,2019,13:00:00
11c85beaf015d4dc5cb9bc38f32ae706433aabfa9dbaad40aebcdb14104ee20b6bea002682e4a0a047108e6a6214d691682f20109efef19c8c4d4d763d9c88ad,2021-02-06 14:45:00,CLEAR,DAYLIGHT,ICE,NOT ON SCENE (DESK REPORT),02/06/2021 03:12:00 PM,41.93500366,-87.768864724,POINT (-87.768864724035 41.935003659953),C,2,2021,14:45:00
12323a2473d01ae69444e7b9024880c785ee302406b9ef5f0d60be6b1b209259c9cbe884e3f00883c0ffff7fca23b94433c3ae335781e7c876e1182a232ba438,2018-09-20 17:00:00,CLEAR,DAYLIGHT,DRY,ON SCENE,09/20/2018 05:15:00 PM,41.796705111,-87.606421756,POINT (-87.606421756047 41.796705111008),C,9,2018,17:00:00
12c12d9fd8df6fa0c9367b0f275b4c66a24780141c482dc1b9fddfe56fdfedc2f718f063e401b964fc4224433b504a0850d86a3ab14b7e49fc3e58dcf3a9bf57,2017-02-09 10:50:00,CLEAR,DAYLIGHT,DRY,NOT ON SCENE (DESK REPORT),02/09/2017 11:10:00 AM,41.953203301,-87.756048735,POINT (-87.756048735038 41.953203300975),C,2,2017,10:50:00
1336f96d02fad726626e423d45dc6fc2ffba81424fb59c338b8ee46e22ea0b116df16b29a95a6add370cbe578c6a75d5ca7db119a3da9de1366bc6e59e35b17f,2019-06-10 13:15:00,CLEAR,DAYLIGHT,DRY,NOT ON SCENE (DESK REPORT),06/10/2019 02:47:00 PM,41.969261067,-87.650422729,POINT (-87.650422728959 41.969261066974),C,6,2019,13:15:00
131e1b443b4d3cda01db587b89efabb603b4692dbe5a558cf66632db6ef833742ce612984723b48e983e162662abacf90b4ae0610526e24a3803550cb9f2efa4,2018-05-05 06:30:00,UNKNOWN,DAYLIGHT,OTHER,NOT ON SCENE (DESK REPORT),05/06/2018 05:45:00 PM,41.682409773,-87.634959873,POINT (-87.63495987299 41.682409772961),C,5,2018,06:30:00
114981fd85b7af3d480e4c1b80da88242da2645470f00479c99f56787c90d62f12a219336f8465ebf67e8ec529a57bf9e5352bbe88198dd9888ab96cddc411ab,2021-09-29 13:00:00,CLEAR,DAYLIGHT,DRY,NOT ON SCENE (DESK REPORT),09/30/2021 03:52:00 PM,41.924025937,-87.754108923,POINT (-87.754108923036 41.924025936998),C,9,2021,13:00:00
12d15a5e788a0157ad6ec478a5849206bf454e96b2e5ee1f6f0e708af29b826c283b706283a14b478633518f507fbf86a3106152723e88da89307e76bed01bce,2018-05-14 15:20:00,CLEAR,DAYLIGHT,DRY,ON SCENE,05/14/2018 03:20:00 PM,41.779853803,-87.631809648,POINT (-87.631809647996 41.779853802992),C,5,2018,15:20:00
12bf973b97ff77929befb836726eccc60e3758d806f897b5e684da47bea240eed9eecf78b2d679895dafd3d47097d753df5630f69049bb18e71dd6d461dfbe83,2018-03-21 23:00:00,CLEAR,"DARKNESS, LIGHTED ROAD",DRY,NOT ON SCENE (DESK REPORT),03/22/2018 10:15:00 PM,41.953016392,-87.771666729,POINT (-87.771666729041 41.953016391973),C,3,2018,23:00:00
12666b820625fad93289e2978af91917d01b0c4c3e4c91d48ddaff0435359be38c92b6198eb4f9d3a997908e88742c36c6ae304f39761d80ce4299e72f3584b6,2016-03-23 16:17:00,RAIN,DAYLIGHT,WET,NOT ON SCENE (DESK REPORT),03/23/2016 11:49:00 PM,41.895766038,-87.706416355,POINT (-87.706416354996 41.895766038015),C,3,2016,16:17:00
12897519e082a38e2259f3256b73a5721e1f44503650f2578170b8c5d6edfa69bed11f2a90f9cc17dcd36e92ab2624b0a87cdbfb2fb7e34678370f76bf051362,2019-04-09 14:45:00,CLEAR,DAYLIGHT,DRY,NOT ON SCENE (DESK REPORT),04/09/2019 05:00:00 PM,41.762071278,-87.57235885,POINT (-87.572358849997 41.762071277983),C,4,2019,14:45:00
131b27fa22a5f8d2fd998a1a9be809a506e8ebc668ee72a1dcbcf1986500a5d09c60ce3e36dbbec72ff7a290149288f27b9ca726c2ab037827aa6b7fc8e85fc2,2023-03-19 21:44:00,CLEAR,"DARKNESS, LIGHTED ROAD",DRY,ON SCENE,03/19/2023 09:45:00 PM,41.794602529,-87.742607215,POINT (-87.742607214988 41.794602528951),C,3,2023,21:44:00
13c51164e226a70dbe5dad7dda33bf29e07d443aaaa7193ad571daee2f5957ab90fb9db19c14fff5c6999d918ac9c6348be1b462778f50bb256819362e728af0,2018-04-11 11:35:00,CLEAR,DAYLIGHT,DRY,ON SCENE,04/11/2018 11:38:00 AM,41.873796884,-87.685064376,POINT (-87.685064375975 41.873796883969),C,4,2018,11:35:00
11388458ca85ff8b6fbfc21e0539ce81d7f40152aff970e4c84f2688e6b89d82e76a38f4bf4fe7e146a92d001adddf1ab0a271e6145a819d7f520172e4a39aae,2021-03-29 14:26:00,CLEAR,DAYLIGHT,DRY,ON SCENE,03/29/2021 02:27:00 PM,41.8820229,-87.637081412,POINT (-87.637081411989 41.88202289998),C,3,2021,14:26:00
11f729ec9767120728a5c5aa2823323682eb7d69987c925cbebaf3660d8a97e4c56bdf0332a095d83c04dce993bb3ba19c60adb686f3844e711952c47b4742c3,2018-06-22 17:02:00,CLEAR,DAYLIGHT,DRY,ON SCENE,06/22/2018 05:14:00 PM,41.781626709,-87.762015567,POINT (-87.762015567 41.781626708966),C,6,2018,17:02:00
1280830ccdc2acedb4afb7434336ba5ba85b2fa9476582aa3d96f21218f0a99a191dac5d33c1ea06fcbdf617542f7ec793ac876bcbb691608bfa44473d0f8672,2022-12-04 19:00:00,CLEAR,DARKNESS,DRY,NOT ON SCENE (DESK REPORT),12/05/2022 07:30:00 PM,41.735733511,-87.721498188,POINT (-87.721498188022 41.73573351095),C,12,2022,19:00:00
13d8103ccdfb301c0ff1200d668c03a10cd59e40be6666ed90870a09c4525e54a62bfaf7dc96c68b2518e664cbfb9c83da8c65fbb1d52453b85721254a1dc11a,2023-05-30 07:58:00,CLEAR,DAYLIGHT,DRY,ON SCENE,05/30/2023 08:35:00 AM,41.903639931,-87.65554697,POINT (-87.655546970003 41.903639930952),C,5,2023,07:58:00
12d2a477f9b89a5539353618abc1e5af3d11c3e34b2aa3a76fffad55f0aa953e8c9b67c201022b022bbb790bbe8a6bb7fee32565372ee7e0381dbbe5d8b79b43,2022-09-03 15:40:00,CLEAR,DAYLIGHT,DRY,NOT ON SCENE (DESK REPORT),09/03/2022 04:55:00 PM,41.741803599,-87.740953582,POINT (-87.740953581987 41.741803598989),C,9,2022,15:40:00
12fbb67fef7adac89cda173286ce413aa8c622ebb4b5bcb13122b557acc148965c1e5af246bbaaa1aa650ae8d44f07eb6e8d242d8827c90fc9991f49c9f39856,2022-10-25 12:00:00,CLEAR,DAYLIGHT,DRY,NOT ON SCENE (DESK REPORT),11/04/2022 02:10:00 PM,41.751124945,-87.620853242,POINT (-87.620853241961 41.751124944981),C,10,2022,12:00:00
123a53aa3bb5b950589dbb2ac38ba89aad0463b8649fc9a60bce08e9d02ca60d448e0a80d10c9c70605318b0df523fe31b70a27d8c6c68cf49d086321d3e839b,2020-12-28 16:00:00,CLEAR,DAYLIGHT,DRY,ON SCENE,12/28/2020 04:12:00 PM,41.744151639,-87.585945067,POINT (-87.585945066953 41.744151639042),C,12,2020,16:00:00
13c5706d372093a3abb58267d4e0f7a75dff42ff4677a073f3a698187204a08a370fd8128d0d90a7a086ef4ce2cf89c7d2637fe64b9a7870bf867805b66bdd0a,2020-01-21 18:20:00,CLEAR,"DARKNESS, LIGHTED ROAD",DRY,ON SCENE,01/21/2020 06:25:00 PM,41.762009489,-87.612901284,POINT (-87.612901284021 41.76200948897),C,1,2020,18:20:00
11c654a29be718dcab92356fb53a9ff6d9113403f05d33528603e42be22f1e676733689d36307e9f38327e74dc98c25120e2917dd8ef00036ba7062def02134a,2020-05-16 12:30:00,CLEAR,DAYLIGHT,DRY,ON SCENE,05/16/2020 12:40:00 PM,41.871820674,-87.64696578,POINT (-87.646965780011 41.871820674015),C,5,2020,12:30:00
12e2c20d499b8423f67ee7da2d5b78c5d5cad1904d7867338261a1bd871a6c50e488000a51146b4fe5bc5cfb68fd6c2790cc0cae681b8f4d54cf506ca10e024d,2018-03-15 14:30:00,CLEAR,DAYLIGHT,DRY,NOT ON SCENE (DESK REPORT),03/15/2018 03:11:00 PM,41.937252171,-87.776320528,POINT (-87.776320528037 41.937252170984),C,3,2018,14:30:00
1290b004e0d249608469e74a85840d45b5bfe10e9c8309b60d7ecb29bd301402416b03c0ffca3d45dbee88fe54b3ad80166f14bef176357c546b3cca24cbff5f,2022-10-30 16:21:00,CLEAR,DUSK,DRY,ON SCENE,10/30/2022 04:21:00 PM,41.895784449,-87.721352746,POINT (-87.72135274599 41.895784448963),C,10,2022,16:21:00
133bf471e541ffc4b9804c57bb86630a3322e3c8c69844bfb43087f4a9732229776ebb228c6bf2642f608073e4f8b193248ec225acaff10b8cf6dd3d15183f73,2018-04-15 04:58:00,RAIN,"DARKNESS, LIGHTED ROAD",WET,ON SCENE,04/15/2018 04:58:00 AM,41.928615792,-87.687920247,POINT (-87.687920247039 41.928615792006),C,4,2018,04:58:00
134278ee307b67a217f4a50e9b188ac0c261875d17fde49a7e027a63c23fa553db9e2d003a404fddc68061d10ec40690c83f97229a5b7a45d3154f09d9ac13bc,2023-04-11 15:15:00,CLEAR,DAYLIGHT,DRY,NOT ON SCENE (DESK REPORT),04/11/2023 04:06:00 PM,41.744151639,-87.585945067,POINT (-87.585945066953 41.744151639042),C,4,2023,15:15:00
129436ce2772edaf7be94e5def1a26460cd6d54786c7ff39f1a03f67439f3378fabff532b8f63da559feb3de4b5c5102187ad7123120acb67bcdf08f0c8651de,2019-04-27 16:30:00,FREEZING RAIN/DRIZZLE,DAYLIGHT,WET,NOT ON SCENE (DESK REPORT),04/28/2019 07:30:00 PM,41.740615655,-87.58962994,POINT (-87.589629940039 41.740615654964),C,4,2019,16:30:00
1146fa2842e72fe5fa65b7f04fcd651779242735b64726ce8e9b9f73b2e54a088a4116653a648cbf44920e6c93bd9b5b00359e25706b5abdab55b5686b806b39,2020-08-18 13:00:00,CLEAR,DAYLIGHT,WET,NOT ON SCENE (DESK REPORT),08/18/2020 02:43:00 PM,41.86682801,-87.625963269,POINT (-87.62596326902 41.866828010004),C,8,2020,13:00:00
1259c81ea306d528b433ef1ad33ebd4b39062a205e42df48fa64bbf74e9c1eb7f31e4159132c643aee03585a39b64778225933ab7439519b47c8b27707b08b9d,2019-11-13 09:20:00,CLEAR,DAYLIGHT,ICE,NOT ON SCENE (DESK REPORT),11/13/2019 10:50:00 AM,41.995579197,-87.675876884,POINT (-87.675876883986 41.995579196996),C,11,2019,09:20:00
130286e8e736d9a39cdbff7c69f40f6e465689312844cbf3b93bbe2ffdd6b7256543b59b45a66d60e4486455b415c3e450662502f4541b265182d9225bf0fa4f,2017-11-05 09:00:00,UNKNOWN,DAYLIGHT,WET,NOT ON SCENE (DESK REPORT),11/05/2017 09:00:00 AM,41.90052616,-87.712682588,POINT (-87.712682587959 41.900526159988),C,11,2017,09:00:00
12adb3070dddc2064315da72b067e77842af3b486eb79d46b4af6e8e0e64bfda1ebe8da0bdb01f92040354d5c702f955c27349af2f60d549b9ae35156faecd3f,2018-06-28 14:00:00,CLEAR,DAYLIGHT,DRY,NOT ON SCENE (DESK REPORT),06/28/2018 02:40:00 PM,41.744151639,-87.585945067,POINT (-87.585945066953 41.744151639042),C,6,2018,14:00:00
13289627101dbfcd24c695a5d97f1509d45e1d32991425a86815bd43a81174f0e2373798f46955a4695a49aa7559a4a9260fdcfed1f6be9f13557b0825e31b7e,2018-08-26 23:00:00,CLEAR,"DARKNESS, LIGHTED ROAD",DRY,ON SCENE,08/26/2018 11:00:00 PM,41.75552272,-87.588139355,POINT (-87.588139354977 41.755522720024),C,8,2018,23:00:00
125cf1d4b4761172769df4eeb6a7d3f38d612d6a5f6bbe5fd67b01514d48a3443da58a9fdbde20749b1288844a24e6111480cee119323a8d4e1c79c8ac319b52,2021-02-01 08:05:00,SNOW,DAYLIGHT,WET,ON SCENE,02/01/2021 08:15:00 AM,41.958986951,-87.933993929,POINT (-87.933993928974 41.958986950953),C,2,2021,08:05:00
121620a38725a134dabe8e3780238b0c711dbc20f09b4e84abe93e2e4af23dfe9938d3ab835a679ff60066cb175d15f77eda83a7e79839ffb8bdcb1f43b84495,2019-01-09 07:20:00,CLEAR,DAYLIGHT,DRY,ON SCENE,01/09/2019 07:27:00 AM,41.953764059,-87.711738851,POINT (-87.711738851035 41.95376405899),C,1,2019,07:20:00
117658651c1819fdf7da4bb0474379fd3c3df2b7c8d139be0ba9fc3a472bb4009434a44e48716e71a2146c6bb2dd6a7ae3d363277e5766574adea1bde3b5b5ea,2019-04-29 08:20:00,RAIN,DAYLIGHT,WET,NOT ON SCENE (DESK REPORT),04/29/2019 08:25:00 AM,41.727640922,-87.58487872,POINT (-87.584878720046 41.727640921982),C,4,2019,08:20:00
11407b4d6cc7339c251357cea4f15520f28b16f2c92be4c16d6f6a9c837eb513d3df0d4fa77cdbe515d1f55f3fcf8dfa3400fbe2e4b42a8065113a4c1739c0ab,2020-10-18 18:57:00,CLEAR,"DARKNESS, LIGHTED ROAD",DRY,ON SCENE,10/18/2020 06:57:00 PM,41.779724331,-87.664373503,POINT (-87.664373502979 41.779724331023),C,10,2020,18:57:00
139ae18cce07ef02dff876ef818fdc5357f27cdc0dd06cee0b73ca8150273b5e84c751f7323bb3d575df76e13f94cc55c1a5d83ee9ac5297012abd16545c82ea,2022-11-13 23:45:00,CLEAR,"DARKNESS, LIGHTED ROAD",DRY,ON SCENE,11/13/2022 11:57:00 PM,0.0,0.0,POINT (0 0),C,11,2022,23:45:00
13043cb157079dc5a554ef53d1552de4b7167eee37071fa4f4f3d80f2602bcbfb05b9174bc540fa75bf18a45807f0d3aed1f62a2249b1f8cf7f87d4117c2fc4a,2016-06-29 13:41:00,CLEAR,DAYLIGHT,DRY,NOT ON SCENE (DESK REPORT),06/29/2016 06:53:00 PM,41.923910668,-87.777386127,POINT (-87.777386127036 41.923910667953),C,6,2016,13:41:00
116eb87d9c6487e0c4b1f8eef1eacdb5713f6708eab531d692ed6ceac7cc7bf543b2a0c8801e9d3b5c5a9c0a40b1c41810f449440bd15050a911b497608772c3,2018-03-08 07:45:00,CLEAR,DAYLIGHT,DRY,NOT ON SCENE (DESK REPORT),03/08/2018 09:10:00 AM,41.75910874,-87.68374736,POINT (-87.683747360018 41.759108740006),C,3,2018,07:45:00
13945e334faee73935accfe51dd62b093258edbbdf5939de5c4c7aa9bea78cd319c6f4647ff40dcd4372c6b5c06ae93111c01766a10fdfedb65e1a523d441b6d,2023-02-08 21:58:00,CLEAR,"DARKNESS, LIGHTED ROAD",DRY,NOT ON SCENE (DESK REPORT),02/08/2023 11:15:00 PM,41.924025937,-87.754108923,POINT (-87.754108923036 41.924025936998),C,2,2023,21:58:00
1233a2a146e5c45dbfd0d5c3beb8100ece2faed604c8425b3769089634c1714ff5a413607bb63fd3edcfd3b91be582982d92c1038ba3c7f0d8f8089d6fe2d16f,2020-02-09 14:05:00,SNOW,DAYLIGHT,DRY,NOT ON SCENE (DESK REPORT),02/09/2020 03:05:00 PM,41.682671696,-87.680726085,POINT (-87.680726085045 41.682671696043),C,2,2020,14:05:00
1364537b34b524d3b6077d79077c299ac5270ae715e4d6f208664f7f15ad36653252129e506fbe9e91ca4676902b0bd69e73172781dcbb555a1a4949783e90a4,2019-09-29 12:00:00,RAIN,DAYLIGHT,WET,NOT ON SCENE (DESK REPORT),09/29/2019 12:30:00 PM,41.75865379,-87.586246403,POINT (-87.586246402994 41.758653790025),C,9,2019,12:00:00
11771ca0d4e761149fb60fce27c7f593a4198f10ef682c8d702ebf839ce0b36ed7873aca77104a7e2f06208021c216d0f3608a48bf37bfce039b632355626bd4,2021-01-23 07:11:00,CLEAR,DARKNESS,DRY,ON SCENE,01/23/2021 07:22:00 AM,41.772880462,-87.568474375,POINT (-87.568474374974 41.772880461982),C,1,2021,07:11:00
116bf00c1ff3ee26d84de04859e6ff392ac331ac98c9c6c8d5f8a345aec8955390bdf9eb0c76a533a56bb79825c769131ad24f2bb24964f00587ec5605b0cf45,2019-03-06 16:39:00,CLEAR,DAYLIGHT,DRY,NOT ON SCENE (DESK REPORT),03/07/2019 04:30:00 PM,41.875008491,-87.673536864,POINT (-87.673536864033 41.875008491025),C,3,2019,16:39:00
123b695129878bfafe5fa350e7086fc53ba9559f80bb919be2556230ed9a52f20f50c606daef897dd445c20105f6ea885511dca66fc862a0aaef544d0fcae90d,2018-12-12 10:42:00,CLEAR,DAYLIGHT,DRY,ON SCENE,12/12/2018 10:43:00 AM,41.822987992,-87.675742619,POINT (-87.675742619005 41.822987991983),C,12,2018,10:42:00
13905fc4c16e14fbce4eddaca5a0aaa2b8462e04ea1c88519142891b647bb5c84c93f554a121b3e8055b1498c87bb5e3d3f4af52c08efbc7d17724e1cbd2d3bd,2021-04-12 15:39:00,UNKNOWN,DAYLIGHT,UNKNOWN,NOT ON SCENE (DESK REPORT),04/12/2021 05:30:00 PM,41.809781151,-87.594212812,POINT (-87.594212812011 41.809781151018),C,4,2021,15:39:00
124575462308a4ae61ebab3214f934e5f0cdf0fa541f3ec6db86996a08b80bdf3ab950bfd1c6341f1a958fd78122c296f6e64db0b9b70c8ef2cb5bd464218548,2022-07-09 23:37:00,CLEAR,"DARKNESS, LIGHTED ROAD",DRY,ON SCENE,07/09/2022 11:44:00 PM,41.903536788,-87.661859583,POINT (-87.661859582959 41.903536788031),C,7,2022,23:37:00
11fdd014d121c665560186fcfb56a0d4a1cd36eb054b3db9ed0ad5d45e2f7bfb6e4dc4ad72dff4cc5c33150b94faddf58d5e3e99f1d1cb3ce9a799254ee62ecd,2023-05-19 15:10:00,CLOUDY/OVERCAST,DAYLIGHT,UNKNOWN,NOT ON SCENE (DESK REPORT),05/19/2023 04:50:00 PM,41.924490094,-87.717288131,POINT (-87.717288130979 41.924490093998),C,5,2023,15:10:00
1389c4298fa60bd63d7f3b1f06540043d520ca660c2ee0dcbdf49a99b72b93fff50b38489a01ea5b724d7bfdb78f7e20c4073bcb9392c33ded6a6daec7d26da1,2016-02-19 06:15:00,CLEAR,DAYLIGHT,DRY,NOT ON SCENE (DESK REPORT),02/20/2016 03:30:00 PM,41.863215395,-87.685795736,POINT (-87.685795736006 41.863215395039),C,2,2016,06:15:00
11b181653d8ea0e0b140c2213319893df7b910e17c8cc86558b7e061408227d5d3f95392f82927adedf175b1bae46df84113af57251840a605f48756f150b430,2020-07-13 13:15:00,CLEAR,DAYLIGHT,DRY,ON SCENE,07/13/2020 01:20:00 PM,41.777298211,-87.796086502,POINT (-87.796086502028 41.777298211004),C,7,2020,13:15:00
12137afdb5235686b99d1f748270f34f7d565245123ef3c64e81e888e6c804644cd4ec3ce7c84a68282052da64ca080ad91df5558fe8d3e7b0eb061608f95721,2019-05-22 20:25:00,CLEAR,DAWN,DRY,ON SCENE,05/22/2019 08:29:00 PM,41.77125351,-87.723272314,POINT (-87.723272313996 41.771253509998),C,5,2019,20:25:00
11e8592a809437720b11277f4e8b7e5de999c9d6ee906c8a52f8560f2da27315541a5f79e4c469ca0586be292b14e7464b9b5e392c0b2833190d24846d093f3f,2023-03-06 10:30:00,RAIN,DAYLIGHT,WET,NOT ON SCENE (DESK REPORT),03/06/2023 11:10:00 AM,41.903825234,-87.64328636,POINT (-87.643286359995 41.903825233976),C,3,2023,10:30:00
13eb5ec2b8ae202a16d37b3b4a4c1962cad56a2119699a3b9ac474e6c13e9e608fbc81935c359740f1f2726abcc94cf7357745448c2a178623dc46ce2694fad8,2018-09-20 09:12:00,CLOUDY/OVERCAST,DAYLIGHT,DRY,ON SCENE,09/20/2018 09:35:00 AM,41.932604222,-87.727148226,POINT (-87.727148226037 41.932604221966),C,9,2018,09:12:00
136be080b55b7ad7842ae208f99cc1bd8c555a61718881a8daa533d4b1c4b06522574629f3190b0823fd67c5cf242b7085f1b1bf5096ffe686561ced88c3a115,2019-02-13 09:29:00,SNOW,DAYLIGHT,SNOW OR SLUSH,ON SCENE,02/13/2019 09:29:00 AM,41.93883817,-87.754519818,POINT (-87.754519817975 41.938838170007),C,2,2019,09:29:00
11362ef4331b21aad5fb8875e969c2794fbd195b5ec5b12405dbab825b255e931d699ba8436cd5d74bf0a15400fb44b65177cfa39ec77f5573cf8c7c1349789d,2020-11-07 16:20:00,CLEAR,DAYLIGHT,DRY,ON SCENE,11/07/2020 04:28:00 PM,41.866119494,-87.720927574,POINT (-87.720927573996 41.866119493974),C,11,2020,16:20:00
11f5dc457009586c9e68cb9681a3a854835853b4a813d55b4306d58f405d31426d23e592662045092e0c4f0e861af4ed5b492d6f9db1472ae0a073e3e0e1405f,2022-08-25 02:00:00,UNKNOWN,"DARKNESS, LIGHTED ROAD",UNKNOWN,NOT ON SCENE (DESK REPORT),08/25/2022 09:00:00 AM,41.687356439,-87.650886026,POINT (-87.650886025976 41.687356439005),C,8,2022,02:00:00
11de83ac79051744dc3bf72a7cc52440e8a3b7e2ad7f657a96a9773344579fcf46a8df95e8a46a08fa5f6cbca671440c8675f3f77b8a102091c8e2a50ccaacc1,2018-03-12 16:30:00,CLEAR,DAYLIGHT,DRY,NOT ON SCENE (DESK REPORT),03/13/2018 04:53:00 PM,41.895499511,-87.723699547,POINT (-87.723699546998 41.895499510995),C,3,2018,16:30:00
11f3ef49c449faf3db25badbeb33be4dbb4aa8b9eab791b5586012910f3ec8dc4068e410e1b9865266090d785c9e143e866cd650253db30ef04212d56377a96c,2022-06-15 18:47:00,CLEAR,DAYLIGHT,DRY,ON SCENE,06/15/2022 06:47:00 PM,41.885719361,-87.627792462,POINT (-87.627792461951 41.88571936101),C,6,2022,18:47:00