CRASH_RECORD_ID,CRASH_DATE,WEATHER_CONDITION,LIGHTING_CONDITION,ROADWAY_SURFACE_COND,REPORT_TYPE,DATE_POLICE_NOTIFIED,LATITUDE,LONGITUDE,LOCATION,CRASH_TYPE,CRASH_MONTH,CRASH_YEAR,CRASH_TIME
132f11f0168abfa2c3bf3809692f01b130e9ceb8283056294af05fa041bc53263c54044a9e922ee1b2d968a685881c16e8221447e41188bc0475896601dd6907,2021-09-08 14:30:00,CLEAR,DAYLIGHT,DRY,NOT ON SCENE (DESK REPORT),09/08/2021 03:45:00 PM,41.985976968,-87.78782345,POINT (-87.787823450015 41.985976968036),C,9,2021,14:30:00
11ac3d5bdcad78495301b06a82f8fa066363a98e3c7f735ccc7522ccea2768f57f35260a04695f6a12663c6f14884d8ac358f8660121f2fed8d6f51f1861cde3,2019-08-27 17:01:00,CLEAR,DAYLIGHT,DRY,ON SCENE,08/27/2019 05:44:00 PM,41.844607515,-87.694804642,POINT (-87.694804642033 41.844607514956),C,8,2019,17:01:00
134bfa9303725d999bf6133c37ad8d9d65aec6aa0e507315448c2bfb234ad0c070dfeca07439bde5b707fc02f7599b71356d499f9b7b86bacf9f0447685009a2,2019-08-05 12:00:00,CLEAR,DAYLIGHT,DRY,NOT ON SCENE (DESK REPORT),08/05/2019 07:00:00 PM,41.903825234,-87.64328636,POINT (-87.643286359995 41.903825233976),C,8,2019,12:00:00
11acb6471855cdb20ccb18174b6b4ed1536ef37c42b582d02f4fbbe3c091bb30140f2cdd03cf0594bf97483602620ddb9cec15d1bb9a11af8d450fa651a93355,2022-10-20 19:31:00,CLEAR,"DARKNESS, LIGHTED ROAD",DRY,ON SCENE,10/20/2022 07:44:00 PM,41.869780623,-87.640655493,POINT (-87.640655493049 41.869780622992),C,10,2022,19:31:00
12db8a300946962be95276c82b2dc23b264141aa061c882ad8f67df6e6ccf014693332af655bf5160226022d467ab0b0c15375b1a0dd132cbd99f989822b02d5,2016-03-26 14:45:00,CLEAR,DAYLIGHT,DRY,NOT ON SCENE (DESK REPORT),03/26/2016 03:15:00 PM,41.891293713,-87.647680593,POINT (-87.647680593026 41.891293712961),C,3,2016,14:45:00
1194b58b39bb1f58ff0654b124bf8cd73e5015c77ed6919d1c1c9a078d5ab1e87f658bc86a0ddad8cac47bb353949f66af4b9129e20b4d99e5382186ad35b65e,2019-07-10 10:49:00,CLEAR,DAYLIGHT,DRY,ON SCENE,07/10/2019 10:49:00 AM,41.895784449,-87.721352746,POINT (-87.72135274599 41.895784448963),C,7,2019,10:49:00
138a38b681f5b17694915b127e7b3e4bef47c8beddb96a1669c87aaa0e8ac29c79155f85eb75152664436304c6b1d4d979b3a768e3bdf58eab3ad198c106f290,2018-10-25 16:03:00,CLEAR,DAYLIGHT,DRY,ON SCENE,10/25/2018 05:15:00 PM,41.803758706,-87.620923702,POINT (-87.620923702026 41.803758705987),C,10,2018,16:03:00
1224f18eb4e99219984ebf2db3bb67edbb80437cf076e0a11c4e3ae52729267622788f306a8d112096679e9556e51e07893f0a93a215168337c4ba0911ab9575,2020-07-16 09:30:00,CLEAR,DAYLIGHT,DRY,ON SCENE,07/16/2020 09:36:00 AM,41.858007607,-87.644942266,POINT (-87.644942265994 41.858007606958),C,7,2020,09:30:00
132f1bbf093df343704f2b71d199855d8ead9adf004dc5e07fefc687b91b8d338d4ee406d877558bc124b818448befd2f82873ce64089fb0f7a8f58ea1880a3c,2017-09-20 21:45:00,CLEAR,DARKNESS,DRY,NOT ON SCENE (DESK REPORT),09/20/2017 10:15:00 PM,41.876523231,-87.77448555,POINT (-87.774485550028 41.876523231033),C,9,2017,21:45:00
12707573165901ecc237984884139bf3349ca30c7a6724244a2b633f486b2c8544916a5bb3134de77bb9b612c47a68e0c0421ccb8a4556e4e44b0232ce929387,2018-06-08 17:00:00,CLEAR,DAYLIGHT,DRY,ON SCENE,06/08/2018 05:02:00 PM,41.97604903,-87.685854901,POINT (-87.685854901023 41.976049030028),C,6,2018,17:00:00
1282d44a83b974df1ef62f2b2a0daded5151c2bf2aec6c55808c87fb6f5b0e68050816ec890063d43f9601e2835f552a836926e213e19b6659e9e96ec60a63be,2018-11-15 15:41:00,SNOW,DUSK,SNOW OR SLUSH,ON SCENE,11/15/2018 03:42:00 PM,41.850049165,-87.724865737,POINT (-87.724865737019 41.850049164978),C,11,2018,15:41:00
1334ec54e7ad048d3865715c0ab9e60f53c77ed51a9e13c69ffc33cf586ec67a83e4bfa002b81eef51d35ceea9fed5457cd56194d98acc921f42fb4c3df91080,2023-01-02 16:30:00,UNKNOWN,UNKNOWN,UNKNOWN,NOT ON SCENE (DESK REPORT),01/04/2023 07:20:00 AM,41.924490094,-87.717288131,POINT (-87.717288130979 41.924490093998),C,1,2023,16:30:00
11b2f164edbc6f895fd1199b3e7b9369e9d94a953428ae3f2a338e2e849a2851fb64395db26d9781a16b5c7bb7deedb97b1060d7ad4becddea9eadf96c8c17a9,2022-08-25 08:15:00,RAIN,DAYLIGHT,WET,NOT ON SCENE (DESK REPORT),08/25/2022 08:30:00 AM,41.902212301,-87.74884541,POINT (-87.748845410034 41.90221230099),C,8,2022,08:15:00
13c43adb4d7bf72828ee2b0b236ddad4753fb639693b2753d2319a3b640060f4910427cdb5ffb7de230ead51a5cbf46c395130040fd9c42d1251131197ae6eed,2018-05-14 11:24:00,CLOUDY/OVERCAST,DAYLIGHT,WET,ON SCENE,05/14/2018 11:24:00 AM,41.891011447,-87.666996498,POINT (-87.666996498025 41.891011446962),C,5,2018,11:24:00
1201904aa02091ca2e95822d198df89ae1d1337afede582d4c307db9cdd566ee5030d71b73209ab3701b3c9f7948a7815ee69dedaf302ee7557ee2b355649fe9,2017-08-05 22:45:00,CLEAR,"DARKNESS, LIGHTED ROAD",DRY,ON SCENE,08/05/2017 10:58:00 PM,41.722884535,-87.550233388,POINT (-87.550233388046 41.722884535017),C,8,2017,22:45:00
12c36781702b27eab6c27494e6883f71470d9522f7b5371a3b60ce14da6bb3eb8e7bd3822823bbc8324accbf49e2105d24db0086c6e0ab94fdf596ba5e00e6da,2016-03-11 15:10:00,CLEAR,DAYLIGHT,DRY,NOT ON SCENE (DESK REPORT),03/11/2016 03:29:00 PM,41.897127426,-87.641914583,POINT (-87.641914582961 41.897127426022),C,3,2016,15:10:00
134eb5aadc30cb61e663f5d7b898abd1ee0f3e3a1fb98a7a0cc5a37769cb0f0192fd87ad27852e6b4a3838a20f99748d66d80a3a4f9b95449414c028a41ad5df,2023-01-26 18:30:00,SNOW,"DARKNESS, LIGHTED ROAD",SNOW OR SLUSH,ON SCENE,01/26/2023 06:50:00 PM,41.817683733,-87.6650402,POINT (-87.665040200043 41.817683733038),C,1,2023,18:30:00
11d148080c7ce4a39c42dc06cbed754d1897cf0c116ab5beb0ae7867e35c62046a12dcd039c546507ad58734b5d6eb5f0e0496a686d3f865374c59627f424f7b,2021-07-24 22:45:00,CLEAR,DARKNESS,DRY,ON SCENE,07/25/2021 09:00:00 AM,41.899278801,-87.726347979,POINT (-87.726347978977 41.899278800995),C,7,2021,22:45:00
122f66df6e4469b264caa4a63058d68b9046a96264bc47283e2d4a00bbf8fc3b9fb0f6219348982faf07d1f8e22eaf804d20c2b845d58994556a2968917493c3,2016-07-13 20:30:00,RAIN,DARKNESS,WET,NOT ON SCENE (DESK REPORT),07/13/2016 09:00:00 PM,41.891621161,-87.624253929,POINT (-87.624253929022 41.891621161011),C,7,2016,20:30:00
12bf0f3f797172c2ef183011801cb66503b48975b021e968b3c7a748d931ed961e28a5780b7d5e2458eda1c5885cf0e8b75bcfce6e6b7ea4b3db48e43ab8ba06,2022-07-27 16:58:00,CLEAR,DAYLIGHT,DRY,ON SCENE,07/27/2022 04:58:00 PM,41.983234951,-87.694452368,POINT (-87.69445236803 41.983234951043),C,7,2022,16:58:00
11354b8f7aeb4744215feb28016cf2b8d7ab6b69bb9d6a4be4913ff74ab3ef73d39da353a0415213ff02e6eaaf0e84e9331c59af9573e269073f01af504d49f9,2019-04-26 20:00:00,CLEAR,"DARKNESS, LIGHTED ROAD",DRY,ON SCENE,04/26/2019 11:29:00 PM,41.793145531,-87.719541577,POINT (-87.719541576988 41.793145530974),C,4,2019,20:00:00
135a24a508ebbc73d26bba067033dbaa00eb75751d5c9477075ab37de3317ef1e4d206c57cfccb818f5c8f37ff3e0b4569c2440b8b7226e56e9bf9caebd3b120,2018-11-30 15:40:00,CLEAR,DAYLIGHT,SNOW OR SLUSH,ON SCENE,11/30/2018 03:54:00 PM,41.95577458,-87.685694815,POINT (-87.685694815003 41.955774579985),C,11,2018,15:40:00
11e82f8e55040197c066db1c46c98ec370f785cc45bfa73fda3e2fe047a6beb31660b7d86fa5ff9a1f524a90d726963c377f093ec57573690f9dd81b069e8ea7,2022-05-11 15:26:00,UNKNOWN,UNKNOWN,UNKNOWN,NOT ON SCENE (DESK REPORT),05/11/2022 05:35:00 PM,41.785387445,-87.606183761,POINT (-87.606183761008 41.785387444959),C,5,2022,15:26:00
1363357fbef1c46d97ad09850143e50a637455a9dc1aaf3bf6d7a5eaf4587a9e8c53736433dc8cab1f921973bbb5ff9aeda48429492d286d266646c56ffba243,2018-05-15 07:53:00,CLEAR,DAYLIGHT,DRY,ON SCENE,05/15/2018 07:56:00 AM,41.898953023,-87.721373141,POINT (-87.721373140994 41.898953023039),C,5,2018,07:53:00
13a965e7bb39d1b91a1e74279b26c9239ba30302c75a5932f4195be90b7ae09e73facbe8236dd20f16e165d1139c5e5a4afabb4ee7264276e7e5a5598954d6e5,2020-04-20 21:26:00,RAIN,"DARKNESS, LIGHTED ROAD",WET,ON SCENE,04/20/2020 09:34:00 PM,41.794908912,-87.616471792,POINT (-87.61647179201 41.794908912028),C,4,2020,21:26:00
1331f4cb11809eb813d6a2b9618951a55e998be72d3b24adc3f125760ebba441886c77ea3733f5641d44f3b837d216f98819776c7c5623bf9d54736bec0b6058,2023-03-31 16:29:00,CLOUDY/OVERCAST,DAYLIGHT,DRY,NOT ON SCENE (DESK REPORT),03/31/2023 05:05:00 PM,41.735617589,-87.669285839,POINT (-87.669285839025 41.735617589025),C,3,2023,16:29:00
12ecbc06f59d0b29c2c8084d51cec6f60b6ed89eb4e3a6626e6b85db15c02b01a0f3e0ffb0de7273cdf4dd0e4129c05dfc27b5905c5e06c653a81d297b9b5b94,2022-11-27 03:24:00,RAIN,"DARKNESS, LIGHTED ROAD",WET,ON SCENE,11/27/2022 03:41:00 AM,41.744151639,-87.585945067,POINT (-87.585945066953 41.744151639042),C,11,2022,03:24:00
12049f56bc7b721930943089e2967e56f365a03acf467c1172e9c8129892377b2fa240322788dfba7acafca249eac685e7ee55ece00b1948f5e57809891460a3,2019-10-07 14:56:00,CLEAR,DAYLIGHT,DRY,NOT ON SCENE (DESK REPORT),10/07/2019 03:30:00 PM,41.817683733,-87.6650402,POINT (-87.665040200043 41.817683733038),C,10,2019,14:56:00
135448f3b60768a32448c7c40bd7354c3c114627f07c0b45ebe659169ac43f4e67cd1f19f84480dd93086234dfd49ef3a84d6133652970a6716b60bb2a7e9eef,2019-05-13 06:30:00,RAIN,DAWN,WET,NOT ON SCENE (DESK REPORT),05/13/2019 10:22:00 AM,41.742546491,-87.56519235,POINT (-87.565192350013 41.742546490995),C,5,2019,06:30:00
15d5e5c9cf6510a86bc04ebd61e19f889af9d41f46099caf73be9fc281dd3a9105819a6347f078f7af92fe8de2c0b05fed08f1afb42271d969d472ad3df97884,2020-05-26 00:11:00,CLEAR,"DARKNESS, LIGHTED ROAD",DRY,ON SCENE,05/26/2020 12:40:00 AM,41.877031984,-87.738968902,POINT (-87.738968902008 41.877031984042),C,5,2020,00:11:00
1554654021111f19d8fd960785c82ac9314b225d8a96a674b1c72e438601be6155c1c9034a78ea1fea6053b8e0090849cf8e7e8592b9d61b575ebffaaef014ba,2021-01-24 16:02:00,CLEAR,DAYLIGHT,DRY,NOT ON SCENE (DESK REPORT),01/24/2021 04:07:00 PM,41.902815701,-87.717648644,POINT (-87.717648643968 41.902815700998),C,1,2021,16:02:00
153097b2c5657e2bcf184a32b22235c59fbea8b0a2a6755fc76e26cf6a0d14870934bef711da18a22e81a8135e5b9e539a68954fdf79554c33168110f2c3a4d6,2022-01-19 08:20:00,CLEAR,DAYLIGHT,DRY,ON SCENE,01/19/2022 08:23:00 AM,41.908980328,-87.766961055,POINT (-87.766961054983 41.908980327972),C,1,2022,08:20:00
163022fa7d6ec0d3407abd28be3db217b4462185f56d27e3a5647220f499e497cb0a436a3f732354ac2bb07f1f091f4baf317088362ff98844c2b2962ea78ad2,2023-06-26 08:15:00,UNKNOWN,UNKNOWN,UNKNOWN,NOT ON SCENE (DESK REPORT),06/26/2023 01:26:00 PM,41.942781331,-87.652070505,POINT (-87.652070505027 41.942781331047),C,6,2023,08:15:00
1688716de426519580c721143196d3a03fec6ea2805f77797391b60d4aa1f95f5781f9746229a834a66bbb002543340f40cd28c577e5e965bc20773c8acca701,2022-01-10 10:00:00,CLEAR,DAYLIGHT,DRY,NOT ON SCENE (DESK REPORT),01/10/2022 06:53:00 PM,41.761817075,-87.712892944,POINT (-87.712892944039 41.761817074966),C,1,2022,10:00:00
15a3ce621f48c980c801e9c7f8b6da22fc29c95a26f9c60c8024623a2d4b8e34f2711d5b9badf6624bcb7d67ebb1bafea06bd97a4199baddfc18a8590db36cb5,2019-02-08 16:14:00,CLEAR,DAYLIGHT,UNKNOWN,NOT ON SCENE (DESK REPORT),02/08/2019 04:45:00 PM,0.0,0.0,POINT (0 0),C,2,2019,16:14:00
14eb207cc345cbd15a686cf5f5501b319e76332512aec78a869c78efca341a920d64a2b893ebb87277e781e6ff9cf0b6e646ada99148423df41478474e3a424e,2019-09-11 15:38:00,CLEAR,DAYLIGHT,DRY,ON SCENE,09/11/2019 03:41:00 PM,41.997131725,-87.731397698,POINT (-87.731397698024 41.997131724976),C,9,2019,15:38:00
1620afcf3780bfb4ef76dff1419e9970fb284b380fbd71df7ae68235d4aad9d3703f651d9ab43f54e4742a5417330699da6bb8044b7ce91ae26e2b33d911950f,2018-07-23 19:46:00,CLEAR,"DARKNESS, LIGHTED ROAD",DRY,NOT ON SCENE (DESK REPORT),07/23/2018 10:00:00 PM,41.789542093,-87.601115068,POINT (-87.601115067998 41.78954209303),C,7,2018,19:46:00
157b10b8b94177825bf350c1d4befd53988a3b228feacd6d2f28bc0db41397f5cad571b6818eb233f3e2239be8caeba58486caf1536551c3c2cbb78196928415,2019-04-27 00:01:00,UNKNOWN,"DARKNESS, LIGHTED ROAD",UNKNOWN,ON SCENE,04/27/2019 09:55:00 AM,41.910318888,-87.697966526,POINT (-87.697966526036 41.91031888795),C,4,2019,00:01:00
150d374614daa20ec3597c250d9af5a4b99a0dcaa1c83648b6666f80299c8ffbc7b5aab3220f32e4ae1fbea7c567923da78c1757edbec26ee04541ddbcbe1ae7,2018-09-21 20:30:00,CLEAR,"DARKNESS, LIGHTED ROAD",DRY,NOT ON SCENE (DESK REPORT),09/21/2018 09:21:00 PM,41.894228849,-87.625384759,POINT (-87.625384758996 41.894228848999),C,9,2018,20:30:00
15f531f9875a827db3ff027c7a6f5658fecb37cb9fa4194af5f3bed8c253df0f2235ca34c62629bbd8f42b6a1a170144e20121a0bfbd9f10c5f887f220be7c65,2022-12-11 19:00:00,CLEAR,"DARKNESS, LIGHTED ROAD",DRY,NOT ON SCENE (DESK REPORT),12/11/2022 08:10:00 PM,41.892374041,-87.627242942,POINT (-87.627242941998 41.892374041012),C,12,2022,19:00:00
147f3076f2e2aaa0c7c600b67741d78c742656f32e9e65f3b7c4033a8161faf5a4a61f39abdc4a80bdf7756e054a1627f923a1e0914f0442eb00ea13f3347028,2018-06-12 18:00:00,CLEAR,DAYLIGHT,DRY,NOT ON SCENE (DESK REPORT),06/30/2018 12:45:00 PM,41.873218788,-87.656949953,POINT (-87.656949952956 41.873218788006),C,6,2018,18:00:00
144960078ade39b5c26df14bce5f8d39d1be8534a4b212b411d6c2461fec09a4d4fe3cd21729b040e84775d1e9d2323897fa8abb7e82ce5614912dd67ef6ff45,2022-05-23 14:30:00,CLEAR,DAYLIGHT,DRY,NOT ON SCENE (DESK REPORT),05/23/2022 05:17:00 PM,41.920676631,-87.775630269,POINT (-87.775630269041 41.920676630982),C,5,2022,14:30:00
1579b2779e53fac55f7879f69138b573c8a245983a3540dbc82805b44f9fe35b763b9c895dc7dbab460178fa67b51c7e4cb2c31565a63b933395ad4e8f742d15,2017-07-25 10:00:00,CLEAR,DAYLIGHT,DRY,NOT ON SCENE (DESK REPORT),07/25/2017 02:00:00 PM,41.902623035,-87.719238142,POINT (-87.719238141981 41.902623035045),C,7,2017,10:00:00
155aa2ea426f982ce8cf0c69630fbf828b005a92f0d039023ba5107443c4a1458fa1f574b65b723a9f1bf4c7e1209130f8ee4a0abe65cf1a6339953fcbef846c,2021-07-18 23:45:00,CLEAR,"DARKNESS, LIGHTED ROAD",DRY,NOT ON SCENE (DESK REPORT),07/19/2021 01:28:00 AM,41.75616061,-87.634583596,POINT (-87.634583595966 41.756160610031),C,7,2021,23:45:00
15678494bf7551bd07c2c1f5d53136db90355c482318be77860587b69ce1bf3a6c75c6ee55a1cf12832503a0b5e6254dd216848788c6c80dcc052bbcda8e15b9,2018-06-09 19:00:00,CLEAR,DAYLIGHT,DRY,ON SCENE,06/09/2018 07:00:00 PM,41.994350631,-87.764730833,POINT (-87.764730832986 41.994350630951),C,6,2018,19:00:00
145b4866722ed1706621ca330b53da2c9f519b8c67020c25ddbe8beffed37a96e837f87ec3e78c83a6e66d19fd8cea06b9c3c14a85091df00f3fbc28481dee89,2022-01-12 14:50:00,CLEAR,DAYLIGHT,DRY,NOT ON SCENE (DESK REPORT),01/12/2022 03:20:00 PM,41.857621901,-87.70527585,POINT (-87.705275850039 41.857621900976),C,1,2022,14:50:00
1407e08f0739c94057f52b76d9ece5c25352f6a6e7a02a8e6cc084034dd6d80e9c8c06f7471711e523f4d80eca9dac89d6818bae3c3fdb439350f4bb6728e338,2018-09-26 08:10:00,CLEAR,DAYLIGHT,DRY,NOT ON SCENE (DESK REPORT),09/26/2018 09:10:00 AM,41.953764059,-87.711738851,POINT (-87.711738851035 41.95376405899),C,9,2018,08:10:00
15c91e0779b5e0b0dcff38cb24f01a5c0871a0d4622bc9921569503367b155b9ed3887dfdeef9cb7c6d0dc01efcba2eed2155297c4976e822879e9e9a654a901,2023-07-08 12:25:00,RAIN,DAYLIGHT,WET,ON SCENE,07/08/2023 12:25:00 PM,41.776698398,-87.604775584,POINT (-87.604775584034 41.776698398011),C,7,2023,12:25:00
142434f9ce995c9d95ea7a197481871461fa8198c6890e9cbabf2a59c9e3b240f9ce925bc4953d54bb09b603151435bd61f4472a34670fec95ebb380b4f8d3d1,2022-09-01 16:03:00,CLEAR,DAYLIGHT,DRY,ON SCENE,09/01/2022 04:20:00 PM,41.975319532,-87.659738127,POINT (-87.659738126956 41.975319532018),C,9,2022,16:03:00
1678c8674ed76bdf72579e0283ae0bf216a87f0f12e7d8675ae0a362b41c095b1be4914e4fbe54f90c837ed26084af045dc19b85589026212eab2cc3bc5cc3e3,2022-02-05 23:30:00,CLEAR,"DARKNESS, LIGHTED ROAD",SNOW OR SLUSH,NOT ON SCENE (DESK REPORT),02/06/2022 07:30:00 AM,41.84120792,-87.722172996,POINT (-87.722172995963 41.841207920006),C,2,2022,23:30:00
16b52aece516054683dc1ccb0da32be06ab44b4b4c35a1eefbeff275aa0d30547e6ef42079c7d9808a5938ab99b82b94f0390f7839a5600be6b9497d07985749,2017-03-03 16:30:00,CLEAR,DAYLIGHT,DRY,NOT ON SCENE (DESK REPORT),03/03/2017 05:19:00 PM,41.786192939,-87.701055579,POINT (-87.70105557902 41.786192938996),C,3,2017,16:30:00
15f1e7d3ec02451baa66a11b94e0a5174940907a4dfdea38467db3e72759c4612d0d3d965553c5b114a2694c3c82663b6e15ea79b6caa013a4210c4d91c8943c,2017-03-04 13:30:00,CLEAR,DAYLIGHT,DRY,ON SCENE,03/04/2017 01:50:00 PM,41.781272469,-87.674011625,POINT (-87.674011625032 41.781272468956),C,3,2017,13:30:00
15a5eee3b04d1081dd5bd8ff8e3cd5ca24a5374703d47a03946282874571bb1512afabccb25c9ed23b61721b6a79d7d6b82138467e091639bf1fb5c96c2135b4,2018-08-28 10:00:00,CLEAR,DAYLIGHT,DRY,NOT ON SCENE (DESK REPORT),08/28/2018 10:20:00 AM,41.913404772,-87.626155247,POINT (-87.626155246957 41.913404771972),C,8,2018,10:00:00
146612b53efe972ae1033ade1422ad46ac51efb0b540c036f3cc53ee3cd49027496e15bc210713083e196c9ec1aa89330a11055468c3b6f0369b62f94c3d5490,2017-11-17 16:55:00,RAIN,"DARKNESS, LIGHTED ROAD",WET,NOT ON SCENE (DESK REPORT),11/17/2017 05:51:00 PM,41.834058754,-87.68276172,POINT (-87.682761720001 41.834058754032),C,11,2017,16:55:00
14587e5cbc9ec48cf92f349d2057d474414a5976030592a69ee0c72eb7d6f3529722379addea8683fa1c26b2f6ab1d05eea432094e292fa2d4a5571d9208ed02,2023-07-04 20:48:00,CLEAR,DAWN,DRY,ON SCENE,07/04/2023 08:48:00 PM,41.895499511,-87.723699547,POINT (-87.723699546998 41.895499510995),C,7,2023,20:48:00
158fa2b2777ac3131cde2de7cc03d7bf7ebf7577d8ddc35307fa6995e3cc0c7e3627ca3eeb73f2068389e0c134c6754f68117416ff05e8af6d8d6c7e58eaee6f,2018-06-07 06:30:00,CLEAR,DAYLIGHT,DRY,NOT ON SCENE (DESK REPORT),06/07/2018 05:20:00 PM,41.953750194,-87.728489892,POINT (-87.728489892005 41.953750193958),C,6,2018,06:30:00
15f7b8b43d2d69c9ac1ced69f34cae8482c7a308d5398d9ad34a72c4193e1d1f1903d6ccc6764e5144d2f1764579e2fb6533758eb299eae2e64aaddc28aaa1a9,2020-08-21 16:05:00,CLEAR,DAYLIGHT,DRY,NOT ON SCENE (DESK REPORT),08/21/2020 04:45:00 PM,41.974645684,-87.659970179,POINT (-87.659970178971 41.974645683985),C,8,2020,16:05:00
15289ecb052a59dd293784977222b597975e36449c5be52139fb9099d3c81c5ed6416bdfc2b3c346c0bf7ce4c527f1457a5831de960f00b8f9da0c0545bad00b,2017-04-24 12:00:00,CLEAR,DAYLIGHT,DRY,NOT ON SCENE (DESK REPORT),04/25/2017 03:40:00 PM,41.995579197,-87.675876884,POINT (-87.675876883986 41.995579196996),C,4,2017,12:00:00
14e96f01d113b6c78cb110ead4f4e5a05891a6f50f00135eba9e13c2175761b3a556592e0623166bebc91c590223a236a1d8b1b4a02077a199bf5079cf981946,2020-09-24 12:35:00,CLEAR,DAYLIGHT,DRY,ON SCENE,09/24/2020 12:36:00 PM,41.758960279,-87.578523141,POINT (-87.578523140973 41.758960278959),C,9,2020,12:35:00
1661e5d2d6172c8cafbe14b9e3a5a7cac9417d9c67bf2ae76c2e6f5578c8e59b6ac72e832d8c0a0e58d56be5ffa21c96a5a6fe958b89229a0450fdfed600223f,2020-04-24 19:00:00,UNKNOWN,DAYLIGHT,UNKNOWN,NOT ON SCENE (DESK REPORT),04/28/2020 01:45:00 PM,41.817683733,-87.6650402,POINT (-87.665040200043 41.817683733038),C,4,2020,19:00:00
1667ef18e2500c680e1afb3ccda5cb9c40423d3989b9165fca114b9ea71b75e93867bc5e1b52785d01d01fcb15d7cd8ab3bef0219a4ff30c2893096b5a840ec1,2021-10-06 14:45:00,CLEAR,DAYLIGHT,DRY,NOT ON SCENE (DESK REPORT),10/06/2021 06:11:00 PM,41.744151639,-87.585945067,POINT (-87.585945066953 41.744151639042),C,10,2021,14:45:00
14c569bc7025a46ad0273174dec34763d802eb31910df21e6eb0cc4cbc4b4a5e3f459e3981e2047a3c5c5f714e130bfdd3b295d201073fc57295f4669eb7dc9c,2023-06-09 17:40:00,CLEAR,DAYLIGHT,DRY,ON SCENE,06/09/2023 05:40:00 PM,41.886971392,-87.764954794,POINT (-87.764954793969 41.886971392025),C,6,2023,17:40:00
1578e69081bb0e129479634f659b6d4c57d97dcb05a3669b35bbff23fb1c037e5bb9c56f076fb81ca1206a285f03ea545873cd3c6eb10235ffbff4d5ab918e12,2022-03-07 15:58:00,CLEAR,DAYLIGHT,DRY,ON SCENE,03/07/2022 03:58:00 PM,41.680646648,-87.656758858,POINT (-87.656758857993 41.680646648048),C,3,2022,15:58:00
157a50ac6dc80746d503db822a3c11fdd7062d5281137a1395fdc50482be0c39a7dbf281f37ab794780df4313e41ff7b2724c17425b581f2b1afe2e93fc8c869,2019-06-13 21:37:00,CLEAR,"DARKNESS, LIGHTED ROAD",DRY,NOT ON SCENE (DESK REPORT),06/13/2019 09:45:00 PM,41.931000176,-87.766089408,POINT (-87.766089407959 41.931000176021),C,6,2019,21:37:00
15ea88424f4848c1129720af2488ba75af12425eed9367302bf6338101132049902fc3ee462e0c84b0ae8c52b610bd0c906eb04b0f08d3dd13cf7cb365501494,2018-12-10 08:00:00,UNKNOWN,DAYLIGHT,UNKNOWN,NOT ON SCENE (DESK REPORT),12/12/2018 09:45:00 AM,41.74579217,-87.635369997,POINT (-87.63536999702 41.745792169991),C,12,2018,08:00:00
155d89282ac857bc6232734ae362e1a0f22f55ff483e1f60f303a36b5d6d66c51fe503c9b6204dbeca297677b4c5c836ca378ab21164d6eb63d750582fa757bc,2021-09-17 17:14:00,CLEAR,DAYLIGHT,DRY,ON SCENE,09/17/2021 05:16:00 PM,41.895768039,-87.629678317,POINT (-87.629678317 41.895768039028),C,9,2021,17:14:00
140e7b14760a8bef74e6e254490b944d24dc258f509308a17c90ced97bdc1b35eadee464576af864a88d8ef6507cccd956be65242b312f31c4da86be8d2f994b,2020-06-18 15:10:00,CLEAR,DAYLIGHT,DRY,NOT ON SCENE (DESK REPORT),06/18/2020 04:59:00 PM,41.836772906,-87.725712341,POINT (-87.72571234101 41.836772905951),C,6,2020,15:10:00
14b41e5482965dec78016b548a4962ab092a0a441cd3ee11a9fa84cac05a31c66d5d8ffe5d122592d901d62adaccab2d9a865b1ed3b66f714db3080a0d229bd4,2022-07-29 12:50:00,CLEAR,DAYLIGHT,DRY,ON SCENE,07/29/2022 12:53:00 PM,41.789798697,-87.624110825,POINT (-87.624110824989 41.789798697039),C,7,2022,12:50:00
15f329dfc2a29e90bd72adf3302d11957ce2502cef694a6745b33a0c13920a21c8f14807e0297afca9f0c7844334150cbb16ebdaf287888c247583bb0962507c,2023-05-15 19:54:00,CLEAR,DAYLIGHT,DRY,NOT ON SCENE (DESK REPORT),05/15/2023 10:01:00 PM,41.692587364,-87.632149501,POINT (-87.632149500976 41.692587364036),C,5,2023,19:54:00
164fdd2b00ab9267d5b957bb13cec35a1bb46b6e6760e5c1da828077d55758ecf82f8771eb8eb3acea1d2c245210466cff9e8b88ce35b2be778d448ee949a314,2023-07-19 18:30:00,CLEAR,DAYLIGHT,DRY,ON SCENE,07/19/2023 06:30:00 PM,41.890778991,-87.614383538,POINT (-87.614383537956 41.890778990989),C,7,2023,18:30:00
169c281ca8cd096342ada6df4b260161e53a23729b52de8da14586f787ee507aa6b6f2b6ad502f38a75a3df53abde3d1643e051b98c0e470d43d18259f2da567,2019-12-06 15:50:00,CLEAR,DAYLIGHT,DRY,NOT ON SCENE (DESK REPORT),12/06/2019 06:41:00 PM,41.744151639,-87.585945067,POINT (-87.585945066953 41.744151639042),C,12,2019,15:50:00
16924fa6d23ede82035830ffd8961d3f767aa4c9bf8bd98031d5c43f17c224e56d5c241d48875cc5e3fbe1d569745356be53806e86ec5ee4cea8fbb2dc78eab9,2023-06-26 07:30:00,CLEAR,DAYLIGHT,DRY,NOT ON SCENE (DESK REPORT),06/27/2023 09:35:00 AM,41.882730098,-87.774595285,POINT (-87.774595284983 41.882730098039),C,6,2023,07:30:00