CRASH_RECORD_ID,CRASH_DATE,WEATHER_CONDITION,LIGHTING_CONDITION,ROADWAY_SURFACE_COND,REPORT_TYPE,DATE_POLICE_NOTIFIED,LATITUDE,LONGITUDE,LOCATION,CRASH_TYPE,CRASH_MONTH,CRASH_YEAR,CRASH_TIME
15a76836b660c9b315237caeb886cb7b1fbd0d4ddb0d7f9ca6b8caa282731823de7de55f93a44584fe8c6f116bb7748278a30d1ff018aedee86e8478d5103812,2020-04-07 14:30:00,UNKNOWN,DAYLIGHT,UNKNOWN,NOT ON SCENE (DESK REPORT),04/09/2020 01:00:00 PM,41.766574964,-87.569641979,POINT (-87.569641978983 41.766574963961),C,4,2020,14:30:00
167c57d14c3d01b533137622cbf26d3350c8019d6b89e6bb1ac53bda4c98a11beeb860473f1e4a60271ebe12a4c3af0c7e7891e47c63b195832e4a3c9b0d6131,2021-04-26 11:30:00,CLEAR,DAYLIGHT,DRY,NOT ON SCENE (DESK REPORT),04/26/2021 06:02:00 PM,41.94009648,-87.64884604,POINT (-87.648846039986 41.940096480034),C,4,2021,11:30:00
15049f69c86ba82f4d2db0e61f8df5b36b27b9a2484857820a35f4ccd903a20e461be786283eb3fd054fad7e9a7dcb5341af046a92c2978a657a61d6d71e5cbc,2019-11-12 17:30:00,UNKNOWN,UNKNOWN,UNKNOWN,NOT ON SCENE (DESK REPORT),11/15/2019 11:00:00 AM,41.886070174,-87.620536589,POINT (-87.620536589034 41.88607017398),C,11,2019,17:30:00
1581de0f60647bf3562ff46f55a43509282a417871b96985c29fab1b0fa0d111b556aa7ff6a96020c96dddb30dbfb6a0f6e7a10d771dbb08d5ff4b84de932930,2018-09-10 15:00:00,CLEAR,DAYLIGHT,DRY,NOT ON SCENE (DESK REPORT),09/10/2018 06:20:00 PM,41.840704724,-87.709955505,POINT (-87.709955504966 41.840704723985),C,9,2018,15:00:00
16b477ea690a7434ececf473e0f15c6325e3b99ca42474c496c8e2ab80a88e4f2e68a8543f71446eb31817da435129922c7fef2412c4c0e34dbf82e67a21a201,2022-04-04 05:57:00,RAIN,DAWN,WET,NOT ON SCENE (DESK REPORT),04/04/2022 06:25:00 AM,41.668525654,-87.559114343,POINT (-87.559114343011 41.66852565396),C,4,2022,05:57:00
15b5cce820164aeabf2312006bc0cfdc5603c92066c394ecce30b800b5caf6efa675978cf0ba0f394b182277a1a4d9147344b7a7955396530146023dffe34b5d,2023-05-26 06:40:00,CLEAR,DAWN,DRY,ON SCENE,05/26/2023 07:00:00 AM,41.694577926,-87.681392215,POINT (-87.681392214993 41.694577925956),C,5,2023,06:40:00
161ddb8118a747c228184c53bf076e0b9601975d1257a5293618316baa57cf3dbe42b252876d3a90a746b9b1a5a6f55e3fb413d10b65272e9df5e0fc652ea4e0,2023-04-10 08:45:00,CLEAR,DAYLIGHT,DRY,NOT ON SCENE (DESK REPORT),04/10/2023 05:45:00 PM,41.920486673,-87.760804845,POINT (-87.76080484504 41.920486673022),C,4,2023,08:45:00
155f1de7610351341a7e4e9a9470c8708de5802a42ae466c9d28b73afc5591551628b9744c0effe044ec19c4b63dcd39741aa5df619d1739b20ee0aca7d5190a,2019-06-26 16:00:00,CLEAR,DAYLIGHT,DRY,ON SCENE,06/26/2019 04:00:00 PM,41.830076617,-87.690050472,POINT (-87.690050471985 41.830076617029),C,6,2019,16:00:00
15e692ba933422b7ff84cdd2a24f84ec0bddeca2fe8c7dbd46b700fb39029a1f15c89b8f00820fa45caeacded72e38a6cd0ffee889feebca13bd496770fdaf66,2021-05-06 01:30:00,UNKNOWN,UNKNOWN,UNKNOWN,ON SCENE,05/06/2021 01:35:00 AM,41.704600616,-87.602577462,POINT (-87.602577461967 41.704600615979),C,5,2021,01:30:00
16cfd6b6990df1fe0dd55a7b29d45bb2358c97c8cf5bad3083dac949bb7aeeac395cc5a84f9fbecc12908a1a81c9cef115f7b2bbc2a13ad4f6f655066d3cc9db,2018-11-14 16:15:00,CLEAR,DUSK,DRY,NOT ON SCENE (DESK REPORT),11/17/2018 10:23:00 AM,41.903825234,-87.64328636,POINT (-87.643286359995 41.903825233976),C,11,2018,16:15:00
1605d5dec4537ee323d76d28ab71bcaf9dd91cc930b228c4d72be45bd10683f7720e7191dcd88862ed53b3892e1ed0fff739433931bcc743cfada0998c9c9c1f,2021-07-17 14:15:00,CLEAR,DAYLIGHT,DRY,NOT ON SCENE (DESK REPORT),07/17/2021 03:15:00 PM,41.920676631,-87.775630269,POINT (-87.775630269041 41.920676630982),C,7,2021,14:15:00
1534a24062d0e89633977d270562561849376704da44c41ead963f67f1d39fa336ad8ab579e300c9c51241da90ddb1ce4d81358bd5cf704888a0f06bffb75221,2020-07-18 00:30:00,CLEAR,"DARKNESS, LIGHTED ROAD",DRY,ON SCENE,07/18/2020 01:05:00 AM,41.660125762,-87.58501516,POINT (-87.585015160022 41.660125762023),C,7,2020,00:30:00
165295cadbf83af4d9fea58060f82ba904e84718b770c929edc215b1aa032ee53ec3d62199982768b1aaab79c99a77338ab5a04dbd16d1efc51cad02ffcf7653,2022-01-15 12:25:00,CLEAR,DAYLIGHT,DRY,ON SCENE,01/15/2022 12:30:00 PM,41.844607515,-87.694804642,POINT (-87.694804642033 41.844607514956),C,1,2022,12:25:00
1654e8f66c96d4db64ce3061e07313de575c6e536fd77e4aaa0bff2f893321c85f66f3a736acf7ca47766fed9733d4cb7f8562466043c331a8b5434c7d36f985,2017-07-26 14:00:00,CLEAR,DAYLIGHT,DRY,NOT ON SCENE (DESK REPORT),07/26/2017 02:30:00 PM,41.83062731,-87.647149469,POINT (-87.647149469 41.830627309988),C,7,2017,14:00:00
14fc616db83000e28d672601062a56d76583c0889a764b3e62886980c9b2c096e14440fb25992478aac365e255157643f3e4133e3c8ce8cad925a06680c4e8eb,2018-07-31 11:25:00,CLEAR,DAYLIGHT,DRY,ON SCENE,07/31/2018 11:30:00 AM,41.741803599,-87.740953582,POINT (-87.740953581987 41.741803598989),C,7,2018,11:25:00
15cfb49f47e71783c28f3239dbb4991c4bba8cb9cd92bc6fde5b4a310d07319d1379d35191489816957c0596563946db226f96d5e9dd80eaab2c6144c12f6233,2017-09-10 07:45:00,CLEAR,DAYLIGHT,DRY,ON SCENE,09/10/2017 08:00:00 AM,41.844096937,-87.727993694,POINT (-87.727993693995 41.844096937042),C,9,2017,07:45:00
15e912e420f07f8f18b4fde9ef4d8650a4f6587da3ae6eac76070cdd47767fe5a5fbdd746caa96307315c7c80296a01d427ed9960f58f12c732de369d037a176,2019-07-12 19:00:00,CLEAR,DAYLIGHT,DRY,NOT ON SCENE (DESK REPORT),07/13/2019 02:10:00 PM,41.920676631,-87.775630269,POINT (-87.775630269041 41.920676630982),C,7,2019,19:00:00
15bcac7d776c0e8de729faf80ec5373093887a54419ba87346c34fd35501b231bc9383c638b6774e7191d3d4d47aa7da57ecce7014ae1dfb51cfc13219d98cb8,2020-04-29 19:18:00,RAIN,"DARKNESS, LIGHTED ROAD",WET,ON SCENE,04/29/2020 07:22:00 PM,41.895747777,-87.632840348,POINT (-87.632840348002 41.895747776955),C,4,2020,19:18:00
162d902b22708532f3f2bf004e17dc0d32d1d1c1e347f91c7d584ef45f232a126cf51b783e9a250e47fcacff0116b52606b00db15aed85e5b164dbc3afc4ca0a,2021-07-15 17:40:00,CLEAR,DAYLIGHT,DRY,NOT ON SCENE (DESK REPORT),07/15/2021 06:00:00 PM,41.769153753,-87.657718949,POINT (-87.657718948998 41.769153752952),C,7,2021,17:40:00
16c3da01ba45481b80dcc7f3d506885c059a37a341699b99bbe2cb8c0c0cc1109680cc5aed34d2179e77363784112eb651cb20f59c742178bfe2b9aa117f9db7,2020-09-22 16:00:00,CLEAR,DAYLIGHT,DRY,ON SCENE,09/22/2020 04:45:00 PM,41.770423274,-87.718073039,POINT (-87.718073038953 41.770423273967),C,9,2020,16:00:00
14ef44e9ebe8c53cbeb000ace7fc73d1235de298ac2659b4c510b26b84e23cae62bd09569fb78c5133a24a4a701e00627a155bddd7505981b2fa0641eeaf09c6,2017-06-19 20:51:00,CLEAR,DAYLIGHT,DRY,NOT ON SCENE (DESK REPORT),06/20/2017 07:50:00 AM,41.903536788,-87.661859583,POINT (-87.661859582959 41.903536788031),C,6,2017,20:51:00
1647acd4a1afacb34532b026e67062cee7f873abf66789ed51b6b7c6d1b0c1f523a7958d5029ebcc1dceb31df7a7c9f0b133d47b281efcb57f2468da3032e352,2020-02-14 17:30:00,CLEAR,"DARKNESS, LIGHTED ROAD",DRY,NOT ON SCENE (DESK REPORT),02/14/2020 06:50:00 PM,41.892374041,-87.627242942,POINT (-87.627242941998 41.892374041012),C,2,2020,17:30:00
141f24796c26fda567de0d9db86dbc74addb92ddd8622a3065197efd566068b5edee42a775941b36ceeeac268eae486141b6b3df4e8cbbd11b4fc1c26d737790,2019-08-11 02:00:00,UNKNOWN,UNKNOWN,UNKNOWN,NOT ON SCENE (DESK REPORT),08/12/2019 10:50:00 AM,41.673401606,-87.633195466,POINT (-87.633195465966 41.673401605975),C,8,2019,02:00:00
1604e4aa2a8ccebaa0cd3393405c6675b264b8f7c4fd570fee9ee7708712aad6380ce2f7e76db9cec225c0b187c23a9aa74276fa7c82e120184170d996f215dd,2017-09-24 18:15:00,CLEAR,DAYLIGHT,DRY,NOT ON SCENE (DESK REPORT),09/24/2017 06:22:00 PM,41.975383528,-87.752958923,POINT (-87.752958923026 41.975383528015),C,9,2017,18:15:00
14d8206e012a6da7cdafd16956ab28a1fddd0d5405eb44ca8aa0c992acd75eaea23a628ca39d927932e4f6b2de6825de12afb1c92dffb27aea3d4b590d150a9a,2016-01-04 16:00:00,CLEAR,DAYLIGHT,UNKNOWN,NOT ON SCENE (DESK REPORT),01/04/2016 08:55:00 PM,41.891293713,-87.647680593,POINT (-87.647680593026 41.891293712961),C,1,2016,16:00:00
14abb060ec339850d03e00416b07325951d7fd66fd0caa1171b6deab69dfb371f4f9a5c93a34ead2f3b913e2d7b866dc3a1531b3e8840a83934accf2698dec79,2021-05-26 11:00:00,CLEAR,DAYLIGHT,DRY,ON SCENE,05/26/2021 11:17:00 AM,41.858908833,-87.729904272,POINT (-87.729904271964 41.85890883299),C,5,2021,11:00:00
16c2ba3537a2df75af3cf9ceb56ecad1e6084356b01c1d3d4337a1a15202601e93c3c5aa7791231906c3ae01dbb72b696b28a75ee770b6b436f73007337fd3e2,2023-04-04 16:50:00,RAIN,DAYLIGHT,WET,ON SCENE,04/04/2023 04:58:00 PM,41.968135406,-87.708313269,POINT (-87.708313269047 41.968135406045),C,4,2023,16:50:00
14d735b2068198c785b0449abe59c143ccf8fe564776ad9b35f08e29b077ba8f1473b550d4db70002f925b5254e251f7b31c83953ea8796b796cea914105a034,2019-11-17 18:59:00,CLEAR,DARKNESS,DRY,NOT ON SCENE (DESK REPORT),11/17/2019 08:00:00 PM,41.924362085,-87.745376631,POINT (-87.745376630991 41.924362085017),C,11,2019,18:59:00
15035a1c77cc51a17f8d7e072ee4ae0b8eb7fc19accb5c1acb83f7381e547c5ba8a040cf9a0d564bdb5ea235083cba9eec8bd12b4a9766147b632bebd1220b44,2021-11-30 14:17:00,CLEAR,DAYLIGHT,DRY,ON SCENE,11/30/2021 03:01:00 PM,41.781626709,-87.762015567,POINT (-87.762015567 41.781626708966),C,11,2021,14:17:00
1655dbe582ce6b40cedc05ac84b34fa45bbeb56bb460dbfc86debac47ec0871e822785ff36885a5234ac0834a93727638fbea697f413dc379257e69f2d897dd7,2019-05-08 15:15:00,CLEAR,DAYLIGHT,DRY,NOT ON SCENE (DESK REPORT),05/08/2019 09:00:00 PM,41.99757393,-87.807559079,POINT (-87.807559079011 41.997573930043),C,5,2019,15:15:00
177d427e3fc4f65008760ced3f4f6ed213033d6d892cbab3561d072e437d342d79bcdcc08b655a4f3744a6b4ebd78d78ff70784a070784755bab634b2645b2b1,2019-01-28 08:55:00,CLOUDY/OVERCAST,DAYLIGHT,SNOW OR SLUSH,NOT ON SCENE (DESK REPORT),01/28/2019 09:35:00 AM,41.8820229,-87.637081412,POINT (-87.637081411989 41.88202289998),C,1,2019,08:55:00
1712c44939163d3c6663ab52f6656b66f98b39f7019f382eff55c667697d3d1afcf1356f5b564405cfea4b4df29cd80f9f944b3da7f2b028ca5468b6c5e23e24,2020-06-20 23:25:00,RAIN,DARKNESS,WET,ON SCENE,06/20/2020 11:29:00 PM,41.887409265,-87.760283547,POINT (-87.760283547007 41.887409264971),C,6,2020,23:25:00
18a3f9cea88604611430ce4fc59893e4cac5918bef9a9ec841b7e3a9d26d79890ba472ee9628bbf2d326eee6cd5f804f5278141c621ac9dcd462f415dec398d5,2019-09-23 18:20:00,CLEAR,"DARKNESS, LIGHTED ROAD",DRY,NOT ON SCENE (DESK REPORT),09/23/2019 07:23:00 PM,41.920676631,-87.775630269,POINT (-87.775630269041 41.920676630982),C,9,2019,18:20:00
197b5ff02b661e9ade50312757de9769a5e3dae27682bb7e2519bdf94f6eac77b0f6b6781483c0ba509c731d89684e556e9d17d96d77a1c1b0a4bbfaef41e284,2021-05-06 11:50:00,CLEAR,DAYLIGHT,DRY,ON SCENE,05/06/2021 11:55:00 AM,41.735630024,-87.604626659,POINT (-87.604626659035 41.735630023978),C,5,2021,11:50:00
18f9fe52afaf8e9312199c41557b328f1f7c91b92c63cdcd0be37fa93d1561a44f245a45091d029bb0cc3f5d7a8c4075b082ca62b0e1305228a5e5d4e7049958,2016-04-09 23:00:00,UNKNOWN,UNKNOWN,UNKNOWN,NOT ON SCENE (DESK REPORT),04/10/2016 12:45:00 PM,41.887049206,-87.750894736,POINT (-87.750894736005 41.88704920605),C,4,2016,23:00:00
17be51e9ad1d99276036a043213811f7a272ab8b714d8d91febd3c8a7041927c54eaec984a544dec6943f86cd6c8b50f6535ec3bc57dcabafce5c9f37770b79e,2023-04-24 04:30:00,CLEAR,"DARKNESS, LIGHTED ROAD",DRY,ON SCENE,04/24/2023 04:31:00 AM,41.943646149,-87.65382314,POINT (-87.653823139982 41.943646148999),C,4,2023,04:30:00
1922434430d1783902376c4a1239e7c1eb799de947d1369085dfaec07fc75dbc58fb0374c1272cbf3476a6a196d349597347e9468367e4ad198a1b914b8d036c,2016-09-30 16:00:00,CLEAR,DAYLIGHT,WET,NOT ON SCENE (DESK REPORT),10/01/2016 08:40:00 AM,42.010435143,-87.662648355,POINT (-87.662648354977 42.010435143007),C,9,2016,16:00:00
181ba23dceb51cdca052178c7f5a226f3afc566e3425bb90e577691a06a8612ec6af228ad65e59f5ba59a3671d73557039d6ac24f812821727d029f34e06f7f8,2021-11-22 23:00:00,CLEAR,DAYLIGHT,DRY,NOT ON SCENE (DESK REPORT),11/23/2021 10:30:00 AM,41.869780623,-87.640655493,POINT (-87.640655493049 41.869780622992),C,11,2021,23:00:00
17a45f11d93e0b3c350125c16d289b210607d590457656e240c37d5734bd86d7ef559bc67bb978407fa2b556fae571cb032fbc626bab3692daa808fb48f327ac,2021-09-27 11:50:00,CLEAR,DAYLIGHT,DRY,NOT ON SCENE (DESK REPORT),09/27/2021 01:00:00 PM,41.866711249,-87.676101605,POINT (-87.676101605034 41.866711249013),C,9,2021,11:50:00
18788c1d159e85730fff13b668cae45c7e850fcc5e4e7b83709759984fc780b4b10274876c4c864a09d5d2ba98c0b5121babad2646a2d29570aa9a5b0ee55f57,2023-03-10 19:53:00,FREEZING RAIN/DRIZZLE,DARKNESS,WET,ON SCENE,03/10/2023 07:53:00 PM,41.772425724,-87.654164978,POINT (-87.654164977951 41.772425724016),C,3,2023,19:53:00
179e58c39eed2908925fe4a47d7955d646992ba825a956c518339d8bccfb22469194cb8ebefeb44e0da48bdf1ee259b3adef91f64b218cb154e559ae5678275a,2021-07-30 17:00:00,CLEAR,DAYLIGHT,DRY,ON SCENE,07/30/2021 05:00:00 PM,41.682973474,-87.642228468,POINT (-87.642228467961 41.682973473961),C,7,2021,17:00:00
19b9ddb75863b63f147d909d2ecdf7a085b6048a8e2534625d2579d93a31576b17c61c8c5c41708ba31f99abed1dfbfe37331ab9c23c96aaa92cb604a9b640cc,2019-06-23 05:15:00,CLEAR,DAYLIGHT,DRY,NOT ON SCENE (DESK REPORT),06/23/2019 09:30:00 PM,41.917103631,-87.687248767,POINT (-87.687248767006 41.917103631009),C,6,2019,05:15:00
188bb5e0be2ecfb1f743c8a85940e5a7c2cb2c0ac3563fe757103b1b977b5dc0dc019eb108b1c07755f6f6e89fa7f4c31fb7fb4957a1c247a13acd467978b20e,2017-02-23 20:45:00,CLEAR,"DARKNESS, LIGHTED ROAD",WET,NOT ON SCENE (DESK REPORT),02/23/2017 08:55:00 PM,41.692333973,-87.597796115,POINT (-87.597796114959 41.692333972986),C,2,2017,20:45:00
1785ef1c3b1d547df737acf5ab9fa60b4720a155d4f11c6e8d4923f95dc89911bcf8a91985d88263b9f340834551e61675f6483bc1feeb36f3db844b2fd4b100,2017-03-03 09:35:00,CLEAR,DAYLIGHT,DRY,NOT ON SCENE (DESK REPORT),03/03/2017 10:30:00 AM,41.909020159,-87.803307926,POINT (-87.803307926018 41.909020158971),C,3,2017,09:35:00
18eb37d51c945070841b7bac61ada7fe314d52ccba0dd2398fc850db2a66d53aed3610aca3c1dbdacfdd97a2c1ce69627bfbdc3d352a15db8696a5f7bfac01fc,2017-12-05 17:32:00,CLEAR,"DARKNESS, LIGHTED ROAD",DRY,NOT ON SCENE (DESK REPORT),12/05/2017 07:10:00 PM,41.945612913,-87.781249472,POINT (-87.781249472044 41.945612912979),C,12,2017,17:32:00
1927567d922ca1116c03cade178d245414cbfca73eb912c1ee6bc4708de370c876dabbf485365023e8f9ab7b96e274795d0c59558e3f4850649064de05ba9bd2,2016-08-24 20:00:00,CLEAR,UNKNOWN,DRY,NOT ON SCENE (DESK REPORT),08/26/2016 01:00:00 PM,42.013395215,-87.680149246,POINT (-87.680149246038 42.013395214966),C,8,2016,20:00:00
18cd64f8532da0bafa1458110e55c5fd0f6fb96c5d3935a620ae38452b32e3bbaef8ecdbadf22790aaac91803aff25c7b36509782ffaa45b022ab79efc9b719f,2019-07-22 13:50:00,UNKNOWN,UNKNOWN,UNKNOWN,NOT ON SCENE (DESK REPORT),07/23/2019 09:00:00 AM,41.708817656,-87.610297661,POINT (-87.610297660959 41.708817656041),C,7,2019,13:50:00
17614948f5bfb5c86a02b0f1fd7f5caeafa91df9c7d33e11bdd81f3b857f4e9988050f96b5643df14983ad1d3d06a75c9daecc9b0180145bcdd27afb418666ca,2016-06-29 13:45:00,CLEAR,DAYLIGHT,DRY,NOT ON SCENE (DESK REPORT),06/29/2016 03:50:00 PM,41.75872376,-87.585590902,POINT (-87.585590902031 41.758723759994),C,6,2016,13:45:00
18a56fb93920bc1e126cde99cc24986042f833e7d16e953a988f136a02c6820039d6f3542048caa39e1f17db6a957cd206692510e4519c1c895ac53ff7d181cc,2022-10-25 07:38:00,RAIN,DAYLIGHT,WET,ON SCENE,10/25/2022 07:38:00 AM,41.903536788,-87.661859583,POINT (-87.661859582959 41.903536788031),C,10,2022,07:38:00
175c08fa90f0ad477f517a22b5ed82da2da0b20e44686ba56743372cb3e55d3f065926d002d422a33c35c2f38d53cd433454e9f4912cc75e819c2a6faac3b059,2021-05-27 11:50:00,CLEAR,DAYLIGHT,DRY,ON SCENE,05/27/2021 11:55:00 AM,41.958986951,-87.933993929,POINT (-87.933993928974 41.958986950953),C,5,2021,11:50:00
172db5374b0e226e29c0a74460b7d0c1737aae0231d85b765101ab5b7085976e9ce80e4f080abf8164d59c1d03a75ea8ac83c8a907ed7e7a6604e43201d5e874,2019-12-06 13:03:00,CLEAR,DAYLIGHT,DRY,ON SCENE,12/06/2019 01:03:00 PM,41.6621277,-87.64148984,POINT (-87.641489840003 41.662127699955),C,12,2019,13:03:00
191a5ac610f8b2e3e9270be0dbf525e94ca6d580ec28032425a2fa2146ba9938e184435c2e34fcecb4d3fabdc2d040096dc8efd74c0f845161d246bce2e5c76a,2019-01-10 14:52:00,CLEAR,DAYLIGHT,DRY,NOT ON SCENE (DESK REPORT),01/10/2019 03:53:00 PM,41.741803599,-87.740953582,POINT (-87.740953581987 41.741803598989),C,1,2019,14:52:00
194f8a78d680286943c0d6947b8bfe16169b68784bbb5bcb149c492561b574a228af892d4ddabd0103bce9406158355cd660c7b491be4d6a332415454beb00f8,2019-07-18 12:21:00,CLEAR,DAYLIGHT,DRY,NOT ON SCENE (DESK REPORT),07/18/2019 01:30:00 PM,41.802118543,-87.622114915,POINT (-87.622114914961 41.802118543011),C,7,2019,12:21:00
18a1279c03d01ec0a2620ff6c7e38c7418f23db034ebd7aea9f7fd37f55a6c145194c815778243fed0dba722fe8a83810dc3da969b47af2ceda847954902556c,2023-05-26 20:30:00,CLEAR,DAYLIGHT,DRY,NOT ON SCENE (DESK REPORT),05/26/2023 11:15:00 PM,41.774718564,-87.624785419,POINT (-87.624785418969 41.774718564001),C,5,2023,20:30:00
186be3942686c9a5ea77fbcf1780893a164f256c7ba7e5c2dbe78ce58375d17b823455a3fc015493b80cf76f1bbc0f9213ac6b0f52c413bd2144b86ca6a2f704,2020-11-13 18:22:00,CLEAR,DARKNESS,DRY,ON SCENE,11/13/2020 06:27:00 PM,41.993526819,-87.785155282,POINT (-87.785155281974 41.993526818998),C,11,2020,18:22:00
1885a8fc37dd7342c6a3b0303fde4c05393ed929fa910560f8de0452b9308419fda94b5453da5805baef963f44471863776efdb4461b7ba5a1cf3afc1ffb030e,2019-04-25 07:38:00,CLEAR,DAYLIGHT,DRY,ON SCENE,04/25/2019 07:47:00 AM,41.828202771,-87.703748395,POINT (-87.703748395019 41.828202770997),C,4,2019,07:38:00
17ec6a9781c05721b3d23729000784f9ed0097e067068052ce43bbbb3e2447ac1240c091002f2eef0d811f58e6ea4c154b0aedd8ba3bf3659b44166d80eee301,2021-11-02 08:15:00,CLEAR,DAYLIGHT,DRY,NOT ON SCENE (DESK REPORT),11/02/2021 10:30:00 AM,41.744151639,-87.585945067,POINT (-87.585945066953 41.744151639042),C,11,2021,08:15:00
199780d3ae2e4e17096fb2f28d432bcc87720b9952a10cf867a0d4f1b0519608f8e12dfbe2ef8a0b9e3611913ca340927cb2cd46d31b918a6872ad0ca0ef126f,2017-09-25 08:30:00,CLEAR,DAYLIGHT,DRY,NOT ON SCENE (DESK REPORT),09/25/2017 08:46:00 AM,42.006801604,-87.661457734,POINT (-87.661457733969 42.006801603988),C,9,2017,08:30:00
183437233cbf55a181fa1ff7a1be22c57ea84788135d7ead2dc32f2b703ff7d42fc71784ca7f284dfec273b4f27ab99e1fb8cb1f1fc894d5f9cf57b5cb75fce5,2022-09-08 23:53:00,CLEAR,"DARKNESS, LIGHTED ROAD",DRY,ON SCENE,09/08/2022 11:53:00 PM,41.83062731,-87.647149469,POINT (-87.647149469 41.830627309988),C,9,2022,23:53:00
1731bd425e855215a4ff5dd8e82780bbe26dda87b5e4cccbdb176de62ae7f72a77f08f77bb1ccf1160d2b11310c5b66110eccf4545ebd39eb65d57bf83f4cd6e,2022-08-16 09:45:00,CLEAR,DAYLIGHT,DRY,NOT ON SCENE (DESK REPORT),08/17/2022 09:30:00 AM,41.989727546,-87.748178979,POINT (-87.748178979 41.989727545973),C,8,2022,09:45:00
199a8f1e0f6437df3df856268eba817168067aa80bfd8ed9fb6ff646ce6e08dd8602f8fe762a4659ee38a1c0abbefae1c7728f0a9465aaf3ef97718b8122a139,2020-10-05 06:34:00,CLEAR,DAYLIGHT,DRY,ON SCENE,10/05/2020 06:40:00 AM,42.009696321,-87.66210383,POINT (-87.662103830025 42.009696320983),C,10,2020,06:34:00
19321569bb9eb9447221ec1cff17a57171da335869726b77fce7e6ff504d99f4d6f09b1fda15284ad9577c096f72ddb3e0a8c5c22e2d9a6d3787a8f53d9a4be4,2023-07-10 21:35:00,CLEAR,"DARKNESS, LIGHTED ROAD",DRY,NOT ON SCENE (DESK REPORT),07/10/2023 10:05:00 PM,41.903902732,-87.628531494,POINT (-87.628531494008 41.903902731961),C,7,2023,21:35:00
199b60bc35cd66022b8bdf1072b6bbd3e21c32b6da9548a993d9b5837351f01a05888b5a8a0768abd094ad3943566b2346069e8d876d3f79f64b550aa843f635,2022-08-21 12:55:00,CLEAR,DAYLIGHT,DRY,ON SCENE,08/21/2022 12:58:00 PM,41.978263713,-87.756423992,POINT (-87.756423991973 41.978263713006),C,8,2022,12:55:00
17cc668607de4938da97fd3410d69d0c6e3c55a377c3fdda195da0fcafce9596add84f16c3da06d005990c1a06712a3c79683586093d3e72dbaa9d2c6a06ed99,2020-01-17 06:00:00,CLEAR,"DARKNESS, LIGHTED ROAD",DRY,NOT ON SCENE (DESK REPORT),01/17/2020 06:45:00 AM,41.920676631,-87.775630269,POINT (-87.775630269041 41.920676630982),C,1,2020,06:00:00
16e1d105d69b1a58fe2e90e08b3cca6bdd3c9125d23e4621b3569b754683beedcba828a2c544a44427f8972ebe3bc38083654db4c1326e683315e7aff925c520,2019-10-11 11:35:00,RAIN,DAYLIGHT,WET,ON SCENE,10/11/2019 11:49:00 AM,41.947988017,-87.747288494,POINT (-87.747288493953 41.947988016986),C,10,2019,11:35:00
178aa17d5f97194c38e2609fb35351cfcfa88479f0628c53ddc69d79f2f44ddba9a87946a290de7eddc9b449b2f7ea3056e8e704f02dec8a5b2b17c6d8d3c3b9,2020-02-13 08:40:00,SNOW,DAYLIGHT,SNOW OR SLUSH,ON SCENE,02/13/2020 08:48:00 AM,41.751021306,-87.651180491,POINT (-87.651180490957 41.751021306041),C,2,2020,08:40:00
16f2e7a78ec738efd4ebb587b60ff29db12009b86c0f85334a81f2a3309ae30879d4b5e9d4415b8d424195821f0dfceafe253554da715946793eee010ce2a25b,2017-11-02 17:15:00,RAIN,"DARKNESS, LIGHTED ROAD",WET,ON SCENE,11/02/2017 05:17:00 PM,41.896737923,-87.620221354,POINT (-87.620221354034 41.896737923045),C,11,2017,17:15:00
17cca671736636311537bc4471f5f785a41fa40c4b704e800763dca349d11bd62caf00e628ddf351c53340d0b1d9e01e73c6b469d74541c3de12cfa02238c7f9,2023-02-04 17:30:00,CLEAR,DAYLIGHT,DRY,NOT ON SCENE (DESK REPORT),02/05/2023 02:50:00 PM,41.774303903,-87.716785853,POINT (-87.716785853015 41.774303902962),C,2,2023,17:30:00
17789708ebc353832397163ecac50b44c4bb4ec59ca14a9bd39d3741820bd8d5e5d828ea5410ab4c35f8a1c3b05b569a264437a8136e10d9b712747ffcf08736,2021-02-19 15:10:00,CLEAR,DAYLIGHT,DRY,ON SCENE,02/19/2021 03:21:00 PM,41.808153347,-87.630729565,POINT (-87.630729564986 41.808153347008),C,2,2021,15:10:00
1994d555f535eef1e140ad5e88a7aeb129131276771581e1acc5a9228c1e565f2ff97452d9ff5d26011f28b7b368c0df1119ae62ffd51a316e883c42805f98c1,2022-01-22 18:00:00,CLEAR,"DARKNESS, LIGHTED ROAD",DRY,ON SCENE,01/22/2022 06:21:00 PM,41.741803599,-87.740953582,POINT (-87.740953581987 41.741803598989),C,1,2022,18:00:00
18ed59b50d99f17f3aadbb0d11c303283858c70f1a58bc1ab27d678cc6d0b17f5eab3d77fc251bdbf2545b01b8792aaa47c2a2db5ac621b6e9d8fa9ea8b12ba9,2016-12-16 15:30:00,SNOW,DAYLIGHT,SNOW OR SLUSH,NOT ON SCENE (DESK REPORT),12/16/2016 04:40:00 PM,41.902212301,-87.74884541,POINT (-87.748845410034 41.90221230099),C,12,2016,15:30:00