CRASH_RECORD_ID,CRASH_DATE,WEATHER_CONDITION,LIGHTING_CONDITION,ROADWAY_SURFACE_COND,REPORT_TYPE,DATE_POLICE_NOTIFIED,LATITUDE,LONGITUDE,LOCATION,CRASH_TYPE,CRASH_MONTH,CRASH_YEAR,CRASH_TIME
1752f4f430066083e5a9a3a3c656db8115e7525d1ba4f799031698c360e35113bcad97966f4efbc57a85ec6b6262f96da06bafcbba37c2c3b697a5411f02d8f5,2016-03-18 09:05:00,CLEAR,DAYLIGHT,DRY,NOT ON SCENE (DESK REPORT),03/18/2016 10:20:00 AM,41.721256457,-87.643062482,POINT (-87.643062482016 41.72125645696),C,3,2016,09:05:00
17c032ff760d1136d34b0496609da4573370bb824ccd503c8879d916578fbf44dbadd3f44399c3a1ba4995113524cdee19405b35870b74aec8d873f568a23987,2019-12-02 12:55:00,CLEAR,DAYLIGHT,UNKNOWN,NOT ON SCENE (DESK REPORT),12/02/2019 01:30:00 PM,41.808320647,-87.682240771,POINT (-87.68224077098 41.808320646996),C,12,2019,12:55:00
1827e8c8718b58e66e0ff8f4de91155557f9bdf92e27b240354e503e39a8a0d4f091369485581c6a6e099f350cf7ee88b735b655b31e9b418bbbbfd17a26d536,2019-01-24 15:30:00,SNOW,DAYLIGHT,SNOW OR SLUSH,ON SCENE,01/24/2019 03:37:00 PM,41.707483157,-87.681801977,POINT (-87.681801977018 41.707483157008),C,1,2019,15:30:00
1724c9f3cd39b98757af73bb6ddcff21f25216f3589321f9df0dfd2717b8bae05670bbfa028111c6fbb5aabc79f19f6b60c85b306ea6ca9bf52fc477938f2aa4,2020-10-28 14:35:00,CLEAR,DAYLIGHT,DRY,ON SCENE,10/28/2020 03:06:00 PM,41.725902846,-87.550234673,POINT (-87.550234672966 41.72590284604),C,10,2020,14:35:00
19b9da78bc7eb8d56f252fd2cc6f06b29266f45d6de8bfcc73591f4740ffdca498742fe6b99e191d76bcca26e1650c9628dea706522145a39c95b590cc7ccffe,2018-04-10 09:00:00,CLEAR,DAYLIGHT,DRY,NOT ON SCENE (DESK REPORT),04/10/2018 09:45:00 AM,41.866501191,-87.686157599,POINT (-87.686157599021 41.866501191036),C,4,2018,09:00:00
184de51c040eb04c5e77b911fffd7f1b37435e6d22b5f769bc6cad9c00ef82ca6705c19c6088953401154630ca10c7d43e40c8878fd029c9c50bc9755323fcb5,2022-08-20 00:10:00,CLEAR,"DARKNESS, LIGHTED ROAD",DRY,ON SCENE,08/20/2022 12:15:00 AM,41.886687949,-87.647384132,POINT (-87.647384131967 41.886687949044),C,8,2022,00:10:00
19682fd17d7c4feed2ecd1d54c8f14aa28bd307cacd7a04f8521243c7f4a6ddc0d514feeb27b0ca9fbbdefe5a3d6737b11612f56e6ab3e3d35e155836a7ad447,2018-05-31 18:00:00,UNKNOWN,DAYLIGHT,UNKNOWN,NOT ON SCENE (DESK REPORT),06/01/2018 06:40:00 AM,41.741626096,-87.644703324,POINT (-87.644703324031 41.741626096015),C,5,2018,18:00:00
17f7352e173cdc02ad06d44264c273aba81d1947ccbf40440e999bec2a99024adefb8887c11ff2c4568657d9d1e8ea1587975edf94c7124a32eda9ee53c9bfce,2021-05-17 21:10:00,CLEAR,"DARKNESS, LIGHTED ROAD",DRY,NOT ON SCENE (DESK REPORT),05/17/2021 09:30:00 PM,41.926760067,-87.703402976,POINT (-87.703402976016 41.926760066958),C,5,2021,21:10:00
19ab69e9bd3d671cc56767fa61f2eb20e7090de5868a393433b39eaffcdc4408483d2b70f04894091ff78fe6be7bbca3e4e3718b37a882e374876f2f292924cf,2021-07-20 12:15:00,CLEAR,DAYLIGHT,DRY,NOT ON SCENE (DESK REPORT),07/20/2021 04:19:00 PM,41.785387445,-87.606183761,POINT (-87.606183761008 41.785387444959),C,7,2021,12:15:00
18f7ab53f686da0cc4cf5739c3186ca9911d7a345bc680f798b4d0751e7608f8fe7bc8f0c7a076e7d24dae9257034cb2967ef51c28190a528df8bbd3862a4588,2016-08-19 08:30:00,CLEAR,DAYLIGHT,DRY,NOT ON SCENE (DESK REPORT),08/19/2016 10:20:00 AM,41.886070174,-87.620536589,POINT (-87.620536589034 41.88607017398),C,8,2016,08:30:00
1871fd85b8707f8087960a4b22f5ec69f0833177c57b5538780a3cdf0eda470162bcbf62ae6914c1a10c3e7402e51fffc88bcf97a71e0e542f106b2a53268f7a,2018-04-27 13:00:00,CLEAR,DAYLIGHT,DRY,NOT ON SCENE (DESK REPORT),04/27/2018 01:50:00 PM,41.886257522,-87.761604114,POINT (-87.761604114009 41.886257521993),C,4,2018,13:00:00
176acc37667ee879c720408182e16adc371ae9b666e5260adbaaa04ef786e3c4ae18725c9d8d39fb3cb2c645a63c0251d1447bb16c9869f2ae4a9cf9946581ee,2022-01-24 07:35:00,SNOW,DAYLIGHT,SNOW OR SLUSH,ON SCENE,01/24/2022 07:44:00 AM,41.861779653,-87.630395592,POINT (-87.630395591955 41.861779652985),C,1,2022,07:35:00
18f9468f9bd242325b6dfa8e371499032acd97251813823bd6738f3496f39d5b4cf8be0cfaf5ceddcb4d19ab8b9dfe5f59296f5b3f92389605d3124008cadcfb,2021-05-11 10:55:00,UNKNOWN,DAYLIGHT,UNKNOWN,NOT ON SCENE (DESK REPORT),05/20/2021 08:30:00 PM,41.735435102,-87.552536335,POINT (-87.552536334961 41.735435102046),C,5,2021,10:55:00
1791de75369bf76a51853dd54a09376a30799249f3e1d13988034f482aef700a3cf3964810fb7e96fdc01e887dbd251ef3dc7ccdb3ed6720b24bb9f629f72627,2018-05-13 12:00:00,CLEAR,DAYLIGHT,DRY,NOT ON SCENE (DESK REPORT),05/18/2018 09:15:00 AM,41.886733709,-87.620844034,POINT (-87.620844033959 41.886733708957),C,5,2018,12:00:00
1746477cfc37ade619f87f120fbb1910d04b84642a58a7b7cf85d383bdb27b051f2f9eee6ace519e5408bd355aa1e9c74ad4f87ba3226b7de1ec9b724191f703,2018-12-06 19:30:00,CLEAR,"DARKNESS, LIGHTED ROAD",DRY,ON SCENE,12/06/2018 08:30:00 PM,41.93203524,-87.690864011,POINT (-87.69086401095 41.932035239995),C,12,2018,19:30:00
196e935c4b3563bf4f784f780623b7bf5fef74337889cf6843394fe567da0842ca5e5350319956d7250417c7218c5eedcce53c041f108e661ed521443d85aca2,2021-02-26 17:50:00,CLEAR,DUSK,DRY,NOT ON SCENE (DESK REPORT),02/26/2021 06:30:00 PM,41.912296396,-87.755615534,POINT (-87.755615533983 41.912296396036),C,2,2021,17:50:00
1939ab0213c6ea0690c95e6cfb8e64b00577709c87c79286fc56bee22b799825ed0985ba2cacc46f1b32e4259cb72ab6c0b6357e740478fecb5321f258f6f12d,2016-03-12 20:45:00,CLEAR,DARKNESS,UNKNOWN,NOT ON SCENE (DESK REPORT),03/12/2016 09:15:00 PM,41.750756265,-87.643816927,POINT (-87.643816927006 41.750756264977),C,3,2016,20:45:00
17894295eb1b969d6fe46dba54bd06ce3c89c909ddf4886f9feb1fd15f531ff755535e96635493e90b35744c314644c1bc4301528cc596ec7407921738acc633,2020-12-20 11:05:00,CLEAR,DAYLIGHT,DRY,ON SCENE,12/20/2020 11:08:00 AM,41.864111699,-87.722816928,POINT (-87.722816928045 41.864111698992),C,12,2020,11:05:00
180310f0156e6d8d59a6dabd4e31886ad9bc41fc5372320c8c71633457a939e4c54ad31b7df120167109f88d3578419ce6f122ede1ba845b18033d85c1543f01,2023-01-08 00:36:00,CLEAR,DARKNESS,DRY,ON SCENE,01/08/2023 12:44:00 AM,41.953203301,-87.756048735,POINT (-87.756048735038 41.953203300975),C,1,2023,00:36:00
19a4a6e3cfa1e4b7dce786b3c71aceb3200d76307055fcf20243d3c77e35c4673737e69f6632e5229d33ccb1f8868057ac6395ae71be3e60cf031cd0e03af3f5,2023-01-24 13:15:00,CLEAR,DAYLIGHT,UNKNOWN,NOT ON SCENE (DESK REPORT),01/24/2023 03:21:00 PM,41.977089945,-87.660033687,POINT (-87.66003368701 41.977089944963),C,1,2023,13:15:00
176aedb3026479e1632c2e6511bcd4a2a21ab72c3b78592e28cf786f499a71325f3a1d7f3ed40f52c90532801fac6700c7496c6943e0660bdbd606993bec392e,2018-03-02 12:30:00,CLEAR,DAYLIGHT,DRY,ON SCENE,03/09/2018 12:33:00 PM,41.932949882,-87.766451932,POINT (-87.766451931982 41.932949882013),C,3,2018,12:30:00
178fe34f6a5e5c1162282df42b459d1adc2717bccc72004f625e9a9671bf716829ca220bc2b1aa44c80c7217d7f575244e2614db951b0d9625624a10cee16aa5,2017-06-02 20:05:00,CLEAR,DAYLIGHT,DRY,NOT ON SCENE (DESK REPORT),06/02/2017 08:55:00 PM,41.677344191,-87.680554139,POINT (-87.680554138993 41.677344190967),C,6,2017,20:05:00
173db80d575389c1acd68950fb88764d87de91e219ac27f0bf8c02715e3461e15a3c441cd6fe10a6b70b30572bca55c9d3ab766a7d8d5c16a2d76d6210d81bd3,2020-01-21 10:30:00,CLEAR,DAYLIGHT,DRY,NOT ON SCENE (DESK REPORT),01/21/2020 11:45:00 AM,41.886676655,-87.69354148,POINT (-87.693541479988 41.886676655033),C,1,2020,10:30:00
171aa4f5b55f9df6670c189f93f65817eb259b1d88f554bf4d55d67e12ab630f9ea614720608041e220a6b8e348148eb7c1c93ae64be051931bffcc1f4b9db5d,2018-08-08 14:00:00,CLEAR,DAYLIGHT,DRY,NOT ON SCENE (DESK REPORT),08/09/2018 05:30:00 PM,42.019062458,-87.690326528,POINT (-87.690326528045 42.019062458003),C,8,2018,14:00:00
193a557f3ed1a1b531116908b0edbf9d708e90517f68c91e1c1d40f60d4a36423f469b1fe2d303bb46fe38e28313223f7107c1d20727bdebef2c3ed92b6e1774,2019-02-23 15:10:00,CLEAR,DAYLIGHT,DRY,NOT ON SCENE (DESK REPORT),02/23/2019 03:35:00 PM,41.857801741,-87.658812307,POINT (-87.65881230701 41.857801740993),C,2,2019,15:10:00
19a7cd0ab429bce5b19fb420cebe995811dc83de6565b4a13e8d038e940ee2a7d0218165ae197156996757869b43c0fd72c071e3b048adffe1821eb64dc0329f,2022-12-11 16:45:00,CLEAR,DARKNESS,DRY,ON SCENE,12/11/2022 04:47:00 PM,41.877500602,-87.774481994,POINT (-87.774481993954 41.877500602),C,12,2022,16:45:00
178a8988736ec388723939d7299d4988277dda416765a8156f3338420a251d9782b283c5cac14fc201ad934274bfd3ac11f42512a11e6ef0e4871617e0b4c643,2019-11-26 09:25:00,CLEAR,DAYLIGHT,DRY,ON SCENE,11/26/2019 09:29:00 AM,41.804229492,-87.602414186,POINT (-87.602414185986 41.804229492011),C,11,2019,09:25:00
172d54509a03ef1c88b9b255ef04f5e9b85590792bd8c9614270905ade13d53fa6a15bef3e806c418fd8574a7be49b940df8f7f3ba2b2895f931dfdcfb190007,2020-12-13 19:44:00,CLEAR,DARKNESS,DRY,ON SCENE,12/13/2020 07:45:00 PM,41.744151639,-87.585945067,POINT (-87.585945066953 41.744151639042),C,12,2020,19:44:00
17a31fd89e62a6ce6321e41f7fa95c7055939252dc0b79969a47eeb38ec117abef97183c584878871d11c3bf2853a9cb1100666025d05b8c015eb31f4c1f34c8,2020-12-09 09:00:00,CLEAR,DAYLIGHT,DRY,ON SCENE,12/09/2020 09:12:00 AM,41.909635352,-87.736949902,POINT (-87.736949901955 41.909635351989),C,12,2020,09:00:00
17b09b46290405b7ea57e5d895c60549229a8a55d8bf9b7b7b66b7ba5dfab2d4bfd55f19d0bc47d2cf0d2ab2c09ed06e3d6a8f293ca4ea52bafd2f1f17b4b72d,2020-04-03 11:09:00,CLEAR,DAYLIGHT,DRY,ON SCENE,04/03/2020 11:10:00 AM,41.774459412,-87.576089008,POINT (-87.576089008045 41.774459411975),C,4,2020,11:09:00
1728bac273fe99afe9ccc0b8f15a7ec44b7fa8b40d60caf7232739c54849bdc9f7443435b52d860b031f400551d4698286c7fce8233537d35f984a1bfb36d29d,2022-08-25 19:20:00,CLEAR,DAYLIGHT,DRY,ON SCENE,08/28/2022 04:20:00 PM,41.930921559,-87.666076347,POINT (-87.666076347042 41.930921559049),C,8,2022,19:20:00
1874bcece956cd082d3d1db258fe7f74702a3fd6a714941c57e2b0c0697af4eaf0221bde68d92fd7f5e31176ee7c3994d9fb15c014bf98be48662ae0eaeb3709,2019-09-07 11:30:00,CLEAR,DAYLIGHT,DRY,NOT ON SCENE (DESK REPORT),09/07/2019 01:30:00 PM,41.809572517,-87.611394621,POINT (-87.611394620986 41.809572516992),C,9,2019,11:30:00
1905e30fe77f26b9f308709a2b8cb04d9be71dc4d774d652b4d38ec1ea759fb8c2e7c7d4ead69b37ee5aa90d4fd6e327333875b449842dc68469e505bb2e1711,2022-12-07 12:50:00,CLOUDY/OVERCAST,DAYLIGHT,DRY,NOT ON SCENE (DESK REPORT),12/07/2022 01:10:00 PM,41.735617968,-87.682663369,POINT (-87.682663369002 41.735617967973),C,12,2022,12:50:00
182f43508390de374da25ebf8a60e94e2abc4a42af2821a5e20162d318e0d7fbcd4b9347fb8cb9202b2d4c69c7bdad01844666675452e27da2323c8e476a765c,2020-05-17 17:40:00,RAIN,DAYLIGHT,WET,NOT ON SCENE (DESK REPORT),05/17/2020 05:55:00 PM,41.857621901,-87.70527585,POINT (-87.705275850039 41.857621900976),C,5,2020,17:40:00
18166327281e2b30d7585d899b0133f9d1cbf1640c13a7aa6fddaa271b52f892ab4bda3642337e7c7d1716ecf1be4b06db979cd6254b6470c38d714bc59906fd,2020-04-24 15:52:00,CLEAR,DAYLIGHT,DRY,ON SCENE,04/24/2020 03:57:00 PM,41.761150865,-87.660335098,POINT (-87.660335098017 41.761150864985),C,4,2020,15:52:00
195439f2b3c12042ee5bb14a9b06ae6b7ec2b1330e0dbec6a44f71010d4dc33078cc91b6e3e4a8ad0b35ced766eb84744db7314953835ee447345498067ca661,2022-05-08 22:30:00,CLEAR,"DARKNESS, LIGHTED ROAD",DRY,NOT ON SCENE (DESK REPORT),05/08/2022 11:00:00 PM,41.866805857,-87.627558724,POINT (-87.62755872401 41.866805857019),C,5,2022,22:30:00
187ffba4fc8809cda41d42411841912ff7d4e55b78283113cfdadd3224e9b3538e628a28b5c5baf3e72280596722faa8c53ff8d3eb6a226b4b8c8f4c0f0a132b,2019-11-18 14:30:00,RAIN,DAYLIGHT,WET,NOT ON SCENE (DESK REPORT),11/18/2019 03:00:00 PM,41.917103631,-87.687248767,POINT (-87.687248767006 41.917103631009),C,11,2019,14:30:00
1925c6ba5762102ffbdac8de328ce50e5f5d04e27ef0dd6bbbbdccba541a97d75abab0f67031880df6cf505b216de988f53b0e5760e071972233d62cb586337a,2017-09-24 03:28:00,CLEAR,"DARKNESS, LIGHTED ROAD",DRY,ON SCENE,09/24/2017 03:29:00 AM,41.784385694,-87.740065946,POINT (-87.740065945952 41.784385693962),C,9,2017,03:28:00
178f79960a403543bd2e902f0d537f8ba82814bb622e696e073e6e2b295610808de9353294216a74e2a2e5b6ae19edab8930d62a450fb4e05ef0f9b2c82a6c50,2021-04-26 15:28:00,CLEAR,DAYLIGHT,DRY,NOT ON SCENE (DESK REPORT),04/26/2021 05:05:00 PM,41.74350578,-87.62819656,POINT (-87.628196560035 41.743505780006),C,4,2021,15:28:00
190754f727482df7b0748890cd3a551221df128916ed912d829a63a807a9e4cc6d96265fd7f09bcbab0c2e40b4749defc7adc5387a9c7b015eead0b7015396da,2019-12-22 15:00:00,CLEAR,DAWN,DRY,NOT ON SCENE (DESK REPORT),12/22/2019 03:35:00 PM,41.892374041,-87.627242942,POINT (-87.627242941998 41.892374041012),C,12,2019,15:00:00
179d2378a6d8facc8b81747d1095484f97408f79c4440ebc5ada04aea404c44231364b247319a542930e132b6e2f8d5c36925faabecef82acc5985affb3f7fe2,2018-08-15 15:35:00,CLEAR,DAYLIGHT,DRY,NOT ON SCENE (DESK REPORT),08/15/2018 06:50:00 PM,41.891621161,-87.624253929,POINT (-87.624253929022 41.891621161011),C,8,2018,15:35:00
188c8657d9067df76a15db4e3bbd783d17b307786f76f1f7e996a7fe35524c857ca2a14ef9e654aff2cb02fb885e9ac3593c9376ecbdce4fab58fad47b455038,2021-02-19 16:11:00,CLEAR,DAYLIGHT,SNOW OR SLUSH,NOT ON SCENE (DESK REPORT),02/19/2021 04:20:00 PM,41.909596143,-87.739700644,POINT (-87.739700644014 41.909596142962),C,2,2021,16:11:00
185ad108dd7dc7111071db1d8f114fd6bb135a6ebb7e3afd3bbd15046f27ee1c74da78e7d243c86d11fe99b4f3863edaef0339166906d33fa8bbd890243c9051,2019-08-28 19:30:00,CLEAR,"DARKNESS, LIGHTED ROAD",DRY,ON SCENE,08/28/2019 09:24:00 PM,41.75420264,-87.71656227,POINT (-87.71656226999 41.754202639992),C,8,2019,19:30:00
16ef0a5771d4e8d8e8bbb3932c4fb94362e6e379169f072ff9dbe1b493311ed16e46ef4c5c8f5871718caf388a19bdeba877b03fb624296b53302e7e2b7c842c,2021-04-06 07:03:00,CLEAR,DAYLIGHT,DRY,NOT ON SCENE (DESK REPORT),04/06/2021 08:34:00 AM,41.671742911,-87.642777229,POINT (-87.642777228989 41.671742910992),C,4,2021,07:03:00
1833b52ca401f02a181c8d09519084b95167908023b92f3e05d673eb16c1a6b25fa3191010a1c89ed0066494b1e49fa4eb56e97dda3fdcf1424e2e4b6bf0959d,2015-10-28 10:43:00,RAIN,"DARKNESS, LIGHTED ROAD",WET,NOT ON SCENE (DESK REPORT),10/28/2015 01:40:00 PM,41.909919754,-87.731971257,POINT (-87.73197125697 41.909919754032),C,10,2015,10:43:00
1926313099fc22b23e2a647e3af4d83eb8f41b7cdb00a046cb8bed45809fb2040cfcc977521ba6ab57e50b02648fc4f8fcb9b7f7411249b98305c39cab22dd3c,2018-05-11 05:55:00,CLEAR,DAWN,DRY,ON SCENE,05/11/2018 05:56:00 AM,0.0,0.0,POINT (0 0),C,5,2018,05:55:00
1742a3e8a927ee7e718b88a5d75a32f4c06713eca54e593d8060b9297be2bfd535107e95dfb1c9d040ed93c8e677ed0c1da2faede68e83201be24c15c5370eb3,2021-08-27 03:16:00,CLEAR,"DARKNESS, LIGHTED ROAD",DRY,ON SCENE,08/27/2021 03:16:00 AM,41.817683733,-87.6650402,POINT (-87.665040200043 41.817683733038),C,8,2021,03:16:00
197a76022b68749a32553e8c1fe6590c546795809c229e79ed4e803eeebec7c5bb206abc865c3920c0fb2f2577a3ca3fff4657e143effcbbbbc8616549aa9a2a,2020-08-17 15:00:00,CLEAR,DAYLIGHT,DRY,ON SCENE,08/17/2020 03:04:00 PM,41.936707629,-87.639291242,POINT (-87.639291241953 41.93670762895),C,8,2020,15:00:00
17f7f6cfb7239915280d4f57c868008a33154419b418e108d5e8602a10518e0f32a8aaa5ad216971bfdcbdde3805c21b38c501d04fc4955e976603bfa840da71,2016-02-14 14:30:00,SNOW,DAYLIGHT,SNOW OR SLUSH,NOT ON SCENE (DESK REPORT),02/14/2016 03:40:00 PM,41.784385694,-87.740065946,POINT (-87.740065945952 41.784385693962),C,2,2016,14:30:00
175a535165b8ea0060147c088459f15cf452959ebbca7df151a3771b71400ce9b192d525b373a11584cd28851372b8a03359962e573e0aedd3eb2be53593ac03,2021-10-10 04:50:00,CLEAR,"DARKNESS, LIGHTED ROAD",DRY,NOT ON SCENE (DESK REPORT),10/10/2021 05:15:00 AM,41.767829499,-87.723645694,POINT (-87.723645694007 41.767829498977),C,10,2021,04:50:00
18555872e6f1a5b88a43006051e8af5f11ded6f20897ffc88a505ae7e711e9633c38c40a75638c9530f1468b6f6ea29384ac033d3f25858b60c3d7c3324bc758,2019-10-19 18:00:00,CLEAR,DUSK,DRY,ON SCENE,10/19/2019 06:08:00 PM,41.749771599,-87.570002203,POINT (-87.57000220303 41.749771598975),C,10,2019,18:00:00
19470af6f76944da934e525961f3f64f7ee44edfb986d564aedbdb1a649f7797ee43ed284c7a5c4c18d8b6ee098d3f3d55ae1f2879e927ee4cb10523a630dbe0,2019-09-13 17:35:00,CLEAR,DAYLIGHT,DRY,ON SCENE,09/13/2019 05:41:00 PM,41.882211292,-87.710898608,POINT (-87.710898608036 41.882211292041),C,9,2019,17:35:00
18bc6f0b315ad1bb0112417b3019c89da980505f2cdb8559fa4e7ee192bf54a0ce0e5c92a9117c623f1dea5740570a3aa0988a283a0be83b87c78af0652c44e8,2022-11-03 09:25:00,CLEAR,DAYLIGHT,DRY,ON SCENE,11/03/2022 09:30:00 AM,41.858906154,-87.712914181,POINT (-87.712914181015 41.858906154029),C,11,2022,09:25:00
175d5001c2e55b788374934dbc8f1c98035ac93280fb58a6e9ccc1c4b3efb4b1aabf243f08272f0ecda1667c92a9dfb69261a5cac848018c8ae298e99eaba467,2016-07-07 20:45:00,UNKNOWN,UNKNOWN,UNKNOWN,NOT ON SCENE (DESK REPORT),07/07/2016 09:31:00 PM,41.724391153,-87.631225872,POINT (-87.631225871971 41.724391152965),C,7,2016,20:45:00
1852544f0a79c1fd2e58dc651fc99a8c2ec330930b00242cfd16bddc515142db230c393ad829bdf3981191bc632f6721169119cbc67bc9fe6b9f6eab7a99f34d,2020-12-10 06:25:00,CLEAR,"DARKNESS, LIGHTED ROAD",DRY,NOT ON SCENE (DESK REPORT),12/10/2020 06:35:00 PM,41.756271719,-87.644334399,POINT (-87.644334398966 41.756271718988),C,12,2020,06:25:00
1ab897150de8e14dc5c6c5e99a9d22008382ac3cd65a415b3a7ed1de66c59a308b825fed27edf3b588addb49f995698f2c791a5bb2b240c58303ef441b95a264,2019-05-17 00:19:00,CLEAR,"DARKNESS, LIGHTED ROAD",DRY,ON SCENE,05/17/2019 12:24:00 AM,41.959443594,-87.843991574,POINT (-87.843991573965 41.959443594039),C,5,2019,00:19:00
1b103c0c5793520c303f110cd7821a8c5947d7c6472d475bf02ae0419d628e7969692104db2d92df7c32ce825fe09f9ed918e15c8e4fc47636b99921d5f13bf3,2017-09-07 07:51:00,CLEAR,DAYLIGHT,DRY,ON SCENE,09/07/2017 08:04:00 AM,41.911262747,-87.635751572,POINT (-87.635751572022 41.911262746962),C,9,2017,07:51:00
1b8038a3e636cefadbaa4337a972378fdc597f29b70456196907ff2b54dd72575ef37aba743886e06dbbc4add4a074930a815dcbb97bd65315423f24b781b712,2018-03-18 13:58:00,CLEAR,DAYLIGHT,DRY,NOT ON SCENE (DESK REPORT),03/18/2018 03:45:00 PM,41.916965489,-87.75210778,POINT (-87.752107780008 41.916965489023),C,3,2018,13:58:00
1acb9cdaed1e873c9e56c1368f05b115652ce6f61c56d0e1305c1c944f275df79516db5988ac3da5533abf1618ed0f26e78ad508c9ab23d35f08ed3b8336503a,2020-05-12 13:20:00,CLEAR,DAYLIGHT,DRY,NOT ON SCENE (DESK REPORT),05/12/2020 02:00:00 PM,41.908522236,-87.745933925,POINT (-87.745933924993 41.908522235962),C,5,2020,13:20:00
1c7007c4ce79e6028a9ab5fbebef804744d35c3265ad62001d8c9df5b7a55c6a2a0831b54aba34d77e558bba62cb4096db7036592e5fe7c2cc853355c831d156,2020-10-05 21:40:00,CLEAR,"DARKNESS, LIGHTED ROAD",DRY,NOT ON SCENE (DESK REPORT),10/05/2020 10:30:00 PM,41.977089945,-87.660033687,POINT (-87.66003368701 41.977089944963),C,10,2020,21:40:00
1afd4d11a00fa062731b9cd3345c61d193361d4d6432664026af40575919efb3277c2f6ef548088eb0f6b379a1b7c0fdfbaaa47a285b6e326b92e61c480b2b83,2020-08-20 06:50:00,CLEAR,DAYLIGHT,DRY,NOT ON SCENE (DESK REPORT),08/20/2020 07:00:00 AM,41.923989529,-87.756597934,POINT (-87.756597933992 41.923989528994),C,8,2020,06:50:00
1b78bcd60fab09ad0176e9bdd56f3b1addbfd68378304130ddeb5a4797c03ef4a35dfd3d1839a94e1b593e49791d2eeed760de9bc4c9f7f09765c1e606204da6,2020-06-20 14:14:00,CLEAR,DAYLIGHT,DRY,ON SCENE,06/20/2020 02:16:00 PM,41.677906847,-87.623547768,POINT (-87.623547768006 41.677906846967),C,6,2020,14:14:00
1c8610de7dc423ae973cf95d7ba9bffc5484954b7131103ce0b5115c6579a3e75b07f7bbf1c80ce998e02ecb236621ac92c6c3e5ddea3a202cc909cffa49bf3e,2019-08-08 13:02:00,CLEAR,DAYLIGHT,DRY,ON SCENE,08/08/2019 01:08:00 PM,41.817683733,-87.6650402,POINT (-87.665040200043 41.817683733038),C,8,2019,13:02:00
1aacbbb3a42ee3d79a3439f84c4b02bd455079a2fd43180f6ef857ef7a87b72b7abee5a47c47570340fb5dcfc0286daaffd88eaf2ff3f8de2dfc04bdc632dd2f,2023-04-15 19:00:00,CLEAR,DAWN,DRY,ON SCENE,04/15/2023 07:15:00 PM,41.744151639,-87.585945067,POINT (-87.585945066953 41.744151639042),C,4,2023,19:00:00
1b971a3efb0d98d67c035a6b3c1e3bd1e95307a71b6fa8e968cff53a6aa441abd74406194a514d65ca1c541443da9fd67150dc11867893baae27cb3f669b4299,2018-12-20 17:00:00,CLEAR,"DARKNESS, LIGHTED ROAD",DRY,NOT ON SCENE (DESK REPORT),12/20/2018 06:30:00 PM,41.938100673,-87.807649244,POINT (-87.807649244012 41.93810067303),C,12,2018,17:00:00
1b131e645619c5a3c0890f50d85e48a535fd8ca822e98dbc545131a51331ebe709045607c6b72bff5b41ee706cf076112fa706a0536e65c92d9907d9df2398ee,2020-06-20 16:20:00,CLEAR,DAYLIGHT,UNKNOWN,NOT ON SCENE (DESK REPORT),06/20/2020 04:30:00 PM,41.93581702,-87.668374185,POINT (-87.668374184998 41.935817019969),C,6,2020,16:20:00
1c8d7df025f1586605c3860eecccae8828f58386e47095359a21546082db3a7a2606d456dd8a39a9d733a9e0f659019e97f88108a4bf31e65033026423885a66,2022-08-19 14:39:00,CLEAR,DAYLIGHT,DRY,NOT ON SCENE (DESK REPORT),08/19/2022 03:30:00 PM,41.909635352,-87.736949902,POINT (-87.736949901955 41.909635351989),C,8,2022,14:39:00
1c34fbd8c1b4dad8db453c0d8d5a959d027609f6fcb72dc243bad2c461c91411ecb637b8ef14abecd751ec8c15e15c1ca0dcf60af644914eeece7bfe0044ad5c,2021-10-25 18:30:00,CLEAR,DAYLIGHT,UNKNOWN,NOT ON SCENE (DESK REPORT),10/26/2021 08:14:00 AM,41.895034037,-87.738209062,POINT (-87.738209062048 41.895034036994),C,10,2021,18:30:00
1c54a84f34347b244b436ef828fa7f433fdfa3c330235dbf30c515de7d660cfe520849c63615911cdecfde695bbf75f7fd88fe385178fe444d8910a61b2179b3,2022-12-11 16:50:00,CLEAR,DAYLIGHT,DRY,NOT ON SCENE (DESK REPORT),12/11/2022 05:05:00 PM,41.744151639,-87.585945067,POINT (-87.585945066953 41.744151639042),C,12,2022,16:50:00
1a9e8b0d6ade34bc5e47c4836293bf98baa62d6a263235eb80a2e9a080880f31932a88f1c98570d0a3899d2e55bbd6fed519ba694f377087fb8ce91baad3112b,2021-10-28 09:15:00,CLEAR,DAYLIGHT,DRY,NOT ON SCENE (DESK REPORT),10/29/2021 11:30:00 AM,41.954046293,-87.678812012,POINT (-87.678812011999 41.954046293036),C,10,2021,09:15:00
1c01af8ca7c21c20878500430c98f8ea5f9d515afdec49bdc7c110ed6d4c0b57c4e27e3fabe6967c2c93f0cb2fe84f99a64b8a6f79c16eb66b4a4998a8390b87,2021-12-24 12:00:00,CLEAR,DAYLIGHT,UNKNOWN,NOT ON SCENE (DESK REPORT),02/12/2022 01:30:00 PM,41.891293713,-87.647680593,POINT (-87.647680593026 41.891293712961),C,12,2021,12:00:00
1be4104bf1040250f9561659309abf1277e1f621d688af0a4fd866b1efacf211b1010f4cc33ba0a86bfd26410083740dacb1c9a7364bd1aeb789e28c505dc3f2,2017-04-15 13:30:00,CLEAR,DAYLIGHT,DRY,NOT ON SCENE (DESK REPORT),04/15/2017 02:00:00 PM,41.895499511,-87.723699547,POINT (-87.723699546998 41.895499510995),C,4,2017,13:30:00