CRASH_RECORD_ID,CRASH_DATE,WEATHER_CONDITION,LIGHTING_CONDITION,ROADWAY_SURFACE_COND,REPORT_TYPE,DATE_POLICE_NOTIFIED,LATITUDE,LONGITUDE,LOCATION,CRASH_TYPE,CRASH_MONTH,CRASH_YEAR,CRASH_TIME
1b6dd704a653e9bfcce0e574a86365046b7ba7b652e6243fb150b6c3d117688443684aebdfc621790a1c229b454a4a5c8bd6371368a38c874c25554bd07e858d,2018-05-13 18:07:00,CLEAR,DAYLIGHT,DRY,ON SCENE,05/13/2018 06:07:00 PM,41.9558321,-87.710672638,POINT (-87.71067263799 41.955832100008),C,5,2018,18:07:00
1af8e1cff936859993e3749b30282734a494803758856f0a825927f636ab94a046340459ef6b615cecd71a3d124a0477bca2297e91db705b3275e24794452b91,2018-09-05 11:20:00,CLEAR,DAYLIGHT,DRY,NOT ON SCENE (DESK REPORT),09/05/2018 11:45:00 AM,41.800320649,-87.731632654,POINT (-87.731632653996 41.800320648972),C,9,2018,11:20:00
1b34a20c52c9cc21bcee3825cf629486da6c190175c4b61f778097a0f807b5878b11041533c723b01c0a2df4fe4e98fc35ba92034fe3cc26965ef56cd60d52e5,2021-04-27 18:10:00,CLEAR,DAYLIGHT,DRY,ON SCENE,04/27/2021 06:23:00 PM,41.921851193,-87.783223421,POINT (-87.783223421003 41.921851192982),C,4,2021,18:10:00
19dc4126491ce68e2e30601a92b9120a3f3b4cec4708db818884e1ab68bb753412c188f4ea889cf260ee403cb1a128d38a873e50bdec64ffaae71a2f602e5e6f,2019-10-23 09:05:00,CLEAR,DAYLIGHT,DRY,ON SCENE,10/23/2019 09:06:00 AM,41.974329658,-87.819524932,POINT (-87.819524932013 41.974329657994),C,10,2019,09:05:00
1be376c4fedf0c7d950b9a0e44b583d3c18034516530983bdee6de2828ddb802808a0a59e3f06ddf837d2d89aa1c08ba2e0f70364a95d7554ec0ef9a4667d75c,2018-06-12 17:20:00,CLEAR,DAYLIGHT,DRY,NOT ON SCENE (DESK REPORT),06/12/2018 05:25:00 PM,41.866501191,-87.686157599,POINT (-87.686157599021 41.866501191036),C,6,2018,17:20:00
1a5f89e78a607ea7f32cba15f10ca51e37a39fdbdb59f9d2d469a22c527c48c747b8c99858c04332e449d0d1a41549aaa0bd60426685b24406e9d52ce30fea9d,2023-05-20 12:53:00,CLEAR,DAYLIGHT,DRY,NOT ON SCENE (DESK REPORT),05/20/2023 02:40:00 PM,41.744151639,-87.585945067,POINT (-87.585945066953 41.744151639042),C,5,2023,12:53:00
1b4a07517cc3b032fd0b54701cc07856ac44ad8196a903765c77208e72fc0eeac0ad7dbc96f79b02b99d33c08d5b54d71bedcfd96d36a39ca58990169727dc2a,2021-03-19 14:15:00,CLEAR,DAYLIGHT,DRY,NOT ON SCENE (DESK REPORT),03/19/2021 03:00:00 PM,42.012582905,-87.663488208,POINT (-87.663488207977 42.012582905034),C,3,2021,14:15:00
1ad8a5980213652d65d8d08b0fda81d6d88283a0d4faba1458cf517dc59eea7e1a149c2006484b453724010d83d0a59bd26f28834d513e8dcc8a42bbdeb441bb,2017-11-02 19:00:00,RAIN,"DARKNESS, LIGHTED ROAD",WET,ON SCENE,11/02/2017 07:20:00 PM,41.86434945,-87.719319075,POINT (-87.719319075007 41.864349450029),C,11,2017,19:00:00
1a0adbd8379f2d95bb770bc9345bb4afdc1ea01751b40d7d162c8001e4cdb3a2424ef625bfbef42852a05a4d852204565a910eba41b1f0d32efbfbd766caa279,2019-10-06 08:37:00,CLEAR,DAYLIGHT,DRY,ON SCENE,10/06/2019 09:00:00 AM,41.880365336,-87.774518749,POINT (-87.774518749026 41.880365335972),C,10,2019,08:37:00
1b1886d48d2fdec083f9d46b5230ecf0554d33c296fe75a74291b21b1afaac6c8e3bb3d324f2f36022aba9f6bba8b8df00d0137eb9584bd8d508b39cfdb9604b,2022-03-29 18:00:00,UNKNOWN,UNKNOWN,UNKNOWN,NOT ON SCENE (DESK REPORT),03/29/2022 07:00:00 PM,41.781626709,-87.762015567,POINT (-87.762015567 41.781626708966),C,3,2022,18:00:00
1b6e97e5112f150e31452b153d773464e50ee4e9a9a1496f97174f82f905320e0f16942aacd1806e288bdf49a0d430b4a8154e267be141d73ad70a78d4aef63b,2019-08-30 16:25:00,CLEAR,DAYLIGHT,DRY,ON SCENE,08/30/2019 04:33:00 PM,41.871237944,-87.684879627,POINT (-87.68487962702 41.871237944048),C,8,2019,16:25:00
19f1787ffdac567ec9a495bdad04efe3f2ac6f06e054c7f690133659e6093fe378d137ea46981af4e42cd8c272af408a7411a293405aa0f99a32db7e4e26dd1d,2019-11-11 08:04:00,UNKNOWN,DAYLIGHT,SNOW OR SLUSH,ON SCENE,11/11/2019 08:05:00 AM,41.958986951,-87.933993929,POINT (-87.933993928974 41.958986950953),C,11,2019,08:04:00
1b28d2db30e7cbb1cff021d092737db968f59b9a3ef0da95bb1210e65b6eaee72ef9ba2545e846ae38d3faf68f167e5f6b3dfcb66566bcfc9cfd02c0abe7fda7,2017-04-12 16:15:00,CLEAR,DAYLIGHT,DRY,NOT ON SCENE (DESK REPORT),04/12/2017 05:24:00 PM,41.866501191,-87.686157599,POINT (-87.686157599021 41.866501191036),C,4,2017,16:15:00
1bb72f345914a3a01402337eee6b3867fad45a0c4e6b2884bde910396335d3a2d2b8c63270e4b6de75e0de1aa41b6208ea8b216d497077cdea932f3678a9c202,2019-04-18 13:40:00,RAIN,DAYLIGHT,WET,ON SCENE,04/18/2019 01:45:00 PM,41.961238465,-87.713199375,POINT (-87.713199374979 41.961238465013),C,4,2019,13:40:00
19ec7c9753b396eb1cd8d84dd7132db4d9b68696674ca5b97f0a3d71a263cee3a357eead01a1c465ed283513208e7ccb0b0607bbd3611e7b1e93b364b3fdeec3,2017-04-14 14:30:00,CLEAR,DAYLIGHT,DRY,NOT ON SCENE (DESK REPORT),04/14/2017 03:30:00 PM,41.931607951,-87.697755776,POINT (-87.697755776035 41.931607951049),C,4,2017,14:30:00
1b0a4f5b597e6cc2390e663b48d62f881c8a8ba6e3bf8627e61a71bab71644ff3ca0a7a8ff5fc3a5d5b0bfd1410150539c1f6d98e4b2b8d76e3a1c19b87474a8,2021-08-25 19:30:00,RAIN,DARKNESS,WET,ON SCENE,08/25/2021 07:35:00 PM,41.804334739,-87.718722501,POINT (-87.718722501009 41.80433473896),C,8,2021,19:30:00
1ab774549a3cae62d880cf9f7c88d4461707a33bd1873d13383bbc186455e211c2462a115d3a1811c2ef40bf3a75df3eebcbd0b90f6b5dd06f57d646ea69cb51,2021-11-19 21:20:00,CLEAR,"DARKNESS, LIGHTED ROAD",DRY,ON SCENE,11/19/2021 09:25:00 PM,41.910005731,-87.706895043,POINT (-87.706895043031 41.91000573099),C,11,2021,21:20:00
1be1741a54ec2757c8ba65877b72a144adb012353eb05755593cd21e60ad3cdf897f78a45b5a81f657b0e932ccd2313ed6b37f36dd2d28a69126d6b42476f602,2020-11-07 23:30:00,CLEAR,"DARKNESS, LIGHTED ROAD",DRY,NOT ON SCENE (DESK REPORT),11/08/2020 02:50:00 PM,41.954105717,-87.693290369,POINT (-87.693290369008 41.954105716988),C,11,2020,23:30:00
1a7963f30b8257ffe9f0e74dd0056287f872e49ec727293b9cf483a9d044a5184fc639a40bb33615cc937f585067ebd64bb09bb57cb2147920373b3894d440ca,2018-12-18 19:30:00,CLEAR,"DARKNESS, LIGHTED ROAD",DRY,NOT ON SCENE (DESK REPORT),01/02/2019 07:30:00 PM,41.932317361,-87.796590823,POINT (-87.796590823048 41.932317361034),C,12,2018,19:30:00
19ed1ed301bd3462bbf8d725f40df958f794da033c01bdb82e7f9099ac4d0acb845b63ad6e696fc6ee89fc654ee8f2067b23f48308ff91665fb6192e98166b92,2020-11-22 15:30:00,CLEAR,DAYLIGHT,DRY,NOT ON SCENE (DESK REPORT),11/28/2020 12:50:00 PM,41.90052616,-87.712682588,POINT (-87.712682587959 41.900526159988),C,11,2020,15:30:00
1a9094457ea3cee8a1b7aa76eddceaa3d1f2a506421f5b61552e5ca8e49956a288c36b26c46ed20ef76be472484b9dff2cef05c59782386ada1578a5437f47f6,2022-05-09 10:26:00,CLEAR,DAYLIGHT,DRY,ON SCENE,05/09/2022 10:45:00 AM,41.774368646,-87.593082291,POINT (-87.59308229098 41.774368646011),C,5,2022,10:26:00
1b277908bfd755574e69cc062af505b3879928c74f09a6303850b2313fb3d8eaeb00aa23d3ec7e9d8acde506586e5f14f4af52c625b7bd7dbd60f11f070a378b,2023-02-06 07:30:00,CLEAR,DAYLIGHT,DRY,NOT ON SCENE (DESK REPORT),02/06/2023 08:17:00 AM,41.749903242,-87.707348392,POINT (-87.707348392008 41.749903241984),C,2,2023,07:30:00
1b3d9692ebd5a951c93f626b28caa5d7db2efe9e26c3412c5271792d4ad2bd389239ee6433c05bae4f7b866b15d88489c73b552001fa18c0e94a9e405743d285,2021-10-18 03:30:00,CLEAR,"DARKNESS, LIGHTED ROAD",DRY,ON SCENE,10/18/2021 03:30:00 AM,41.682973474,-87.642228468,POINT (-87.642228467961 41.682973473961),C,10,2021,03:30:00
1c6bc255144e204bd8d952f49d1cda3db32b64a30ad6752cca1f158ef2c68a3f05b0c76a7416e62de5940b87a56145fc7c13b2eaa843c18f506968d4e9da3f6c,2019-05-20 08:50:00,CLEAR,DAYLIGHT,DRY,ON SCENE,05/20/2019 08:55:00 AM,41.939957876,-87.727354741,POINT (-87.727354740978 41.939957876044),C,5,2019,08:50:00
1ad882b93a7108d750cefebb7f4bba5c1f128d43a6d49e1f38ba28663595c396271b1639630ecf6ff4bf75b31e54f0329a5dc20e250c23bc2f31462e236e39f8,2018-10-23 12:00:00,CLEAR,DAYLIGHT,DRY,NOT ON SCENE (DESK REPORT),10/23/2018 05:50:00 PM,41.749903242,-87.707348392,POINT (-87.707348392008 41.749903241984),C,10,2018,12:00:00
1b7efa48bb699435905a51da1ab066f525840e233b8cdf8afd9d28c205288e2416c7bbcf7ce434cf64ab9965c09e14684674d9d9cd3fd34d7e7ca3216d76a7c0,2015-08-22 20:00:00,CLEAR,UNKNOWN,UNKNOWN,NOT ON SCENE (DESK REPORT),08/22/2015 08:45:00 PM,41.881605206,-87.753121237,POINT (-87.75312123703 41.881605205978),C,8,2015,20:00:00
1aa9e55c9000e6660f686a8d6aa790574e0c0117bc40e05bb29dc5279c87db2d373295ba545d1c16c2498f2495ce3eccf707575955e3d3c5e2c24b411e5b4de8,2023-02-19 10:30:00,CLEAR,DAYLIGHT,DRY,ON SCENE,02/19/2023 10:37:00 AM,41.893280807,-87.677100015,POINT (-87.677100014973 41.893280806986),C,2,2023,10:30:00
1a8fcc8d04c4f88410eb8fd4f63a5705d7a182a95f5ab6b9d7bdafadef524902832b96425b979fe7143ab597cda3408fe700f99c3b20839ceb72d0f08670baf2,2017-01-24 05:40:00,CLEAR,"DARKNESS, LIGHTED ROAD",DRY,NOT ON SCENE (DESK REPORT),01/24/2017 06:30:00 AM,41.997655095,-87.699498438,POINT (-87.699498437993 41.997655095),C,1,2017,05:40:00
1bb59f090f3d400124e5961bfead57667e6326f3dde8a0edf05b854ce468592ca80fea61e92c0d4ce5c680354ad61ff6e918eee43f57bc0de8d2ad99c5911b27,2021-08-05 21:45:00,CLEAR,"DARKNESS, LIGHTED ROAD",DRY,ON SCENE,08/05/2021 10:27:00 PM,41.839081721,-87.722114586,POINT (-87.722114585991 41.839081721002),C,8,2021,21:45:00
1a1d30d3510374ba56e007547a555484fc57e9163059dca05d879cf69eaad9b9627ecba197722a63ef13c44fadbb867f3afd445b81ac13af63f8295445c149ba,2018-07-01 16:00:00,CLEAR,DAYLIGHT,DRY,ON SCENE,07/01/2018 04:14:00 PM,41.946253021,-87.728237694,POINT (-87.728237693977 41.946253021038),C,7,2018,16:00:00
1c22fc3438a78f813ff26f25f475ec8c90d85c6f698a419dd4c6b75b09edb6196ed7ea932e72974b9230fc7fd6abc28b80538782eeab94379f90e674706edaa8,2016-11-08 15:00:00,CLEAR,DAYLIGHT,DRY,NOT ON SCENE (DESK REPORT),11/08/2016 03:30:00 PM,0.0,0.0,POINT (0 0),C,11,2016,15:00:00
1b3b783a0671ae4658ebb4d9ec7e727f634b296b65e87c37b4c490a6026cdd8bcc68907547347fe79585c664b82f6c41fbfe7b9808257007007d452791c97fbb,2017-03-24 09:00:00,CLEAR,DAYLIGHT,DRY,NOT ON SCENE (DESK REPORT),03/25/2017 01:10:00 PM,41.916943272,-87.737404588,POINT (-87.737404587992 41.916943272033),C,3,2017,09:00:00
1a9ff126a6c9c0995294c8322f93a4205cd79b9e036705647f27953c80f0997aea7810028d29c45026f10533923ce7e40c311cdb98fdbbf2093544a6e7ffdc49,2022-07-21 09:15:00,CLEAR,DAYLIGHT,UNKNOWN,NOT ON SCENE (DESK REPORT),07/22/2022 10:00:00 AM,41.957348841,-87.651128078,POINT (-87.651128077999 41.957348841037),C,7,2022,09:15:00
1b1838e1a34f848ae7d1514363c82c87582ea53b4914088c91e834a372291ef440c8bfa74d3c0d30bb4261d641259619b1cf1712e4a4d1204acb5a20c0126a3e,2019-01-02 16:20:00,CLEAR,"DARKNESS, LIGHTED ROAD",DRY,ON SCENE,01/02/2019 04:24:00 PM,41.75616061,-87.634583596,POINT (-87.634583595966 41.756160610031),C,1,2019,16:20:00
1a958470f08f9913589f392aea7dc59d1bf83674ca846a4d7b201403641a9d1c4b1485fc55da2dd5d717745edb16b26a5b3b844d857fe29f60384c24abd00fb8,2017-08-03 21:44:00,RAIN,DARKNESS,WET,NOT ON SCENE (DESK REPORT),08/04/2017 10:17:00 AM,41.968186352,-87.649511736,POINT (-87.649511735957 41.968186352004),C,8,2017,21:44:00
1ba25d534201c4c2b93bc45035cc233da8846fb66c8b2bf6e8dba13cb51675f7e5c7f773902794bb3ec03ad4cd24b30484693661fc3ae64e9ff9be09a4d1ec1d,2019-03-31 02:11:00,CLEAR,"DARKNESS, LIGHTED ROAD",DRY,ON SCENE,03/31/2019 02:11:00 AM,41.677344191,-87.680554139,POINT (-87.680554138993 41.677344190967),C,3,2019,02:11:00
1aece51a5e38b3a8237b6d67b5a1bae74bae8c7c1e5f2227b19a1d8dd10625c938827474a842912de9632302bca079b29e4409be81cbc4b02102cbc34a366bc9,2022-06-02 07:25:00,CLEAR,DAYLIGHT,DRY,ON SCENE,06/02/2022 07:32:00 AM,41.931036923,-87.791942933,POINT (-87.791942932976 41.931036922967),C,6,2022,07:25:00
1c5e75071398c30e7824eaac3d29273e7e14337a2e0834eb060a23a1b52b6bf5cd456d62270360bd5258c2458215525ac80094320a0ae0065697acb3024ee673,2018-04-17 14:03:00,CLEAR,DAYLIGHT,DRY,ON SCENE,04/17/2018 02:30:00 PM,41.78708643,-87.685218141,POINT (-87.685218140983 41.78708642999),C,4,2018,14:03:00
1b7e689bf8628281262445841e1aa49bf82bfa36c59ca73a88259a061b68a30d6ae4ba8288b9bc06f78a6721d85356888fae85e40152598d699850a95e0d7a30,2020-12-04 06:56:00,CLEAR,DAYLIGHT,DRY,ON SCENE,12/04/2020 07:14:00 AM,41.756948788,-87.553491699,POINT (-87.55349169901 41.756948788027),C,12,2020,06:56:00
1c46261b00a2fef467d64849781c3199ca006e109adc8a28a6a15b965f167c1e8c46066b2cab1829c0dabfcdfee018e98c9a92f6e72995346512489057d19cce,2018-10-09 17:19:00,CLEAR,DAYLIGHT,WET,ON SCENE,10/09/2018 05:36:00 PM,41.903639931,-87.65554697,POINT (-87.655546970003 41.903639930952),C,10,2018,17:19:00
1c2532fab5982337c59e5764ffc7a4136c4b9beaeff85e548dedad7b4b7d97ca5cf013d8d233be1eee7dffdacccc3c2ad3f3215a58f4365a466bd7567aaa2fbd,2016-09-20 13:30:00,CLEAR,DAYLIGHT,DRY,NOT ON SCENE (DESK REPORT),09/20/2016 04:44:00 PM,41.893918609,-87.624085833,POINT (-87.624085832985 41.893918609004),C,9,2016,13:30:00
1a967d21e317e1259752806c6fb48b2a0a59e70194e124578a51763918550a24b3ac67a7368c4681af428bf54812aa3eb75733dc4fdaaaa4f623357432e8141b,2022-06-26 19:15:00,CLEAR,DUSK,DRY,NOT ON SCENE (DESK REPORT),06/26/2022 08:10:00 PM,41.89186947,-87.622748584,POINT (-87.622748583999 41.891869470026),C,6,2022,19:15:00
1a00de2b14c5e56884d6846a8a9b47d530de845616b3e28e8fb739091b6b39a19b29dcdca3b07c3bbaff2f644e48ebc922230c9b06d9c58e95a7160c41c53a5f,2017-11-11 13:30:00,CLEAR,DAYLIGHT,DRY,NOT ON SCENE (DESK REPORT),11/11/2017 02:00:00 PM,41.758851593,-87.588851537,POINT (-87.588851536986 41.758851592962),C,11,2017,13:30:00
1c3f6cadf2c42c39cd9182ab7e53c70407686ef81e5c41d2bd306188b88864f5fa7bc1e577052291d9425ea26cdfd5ab81850878ff898900183de77e39551326,2020-06-29 04:50:00,CLEAR,"DARKNESS, LIGHTED ROAD",DRY,ON SCENE,06/29/2020 04:51:00 AM,41.784070422,-87.611359953,POINT (-87.611359953033 41.784070422009),C,6,2020,04:50:00
1a587d391ce199f99a15586a1d57ea51724bdd316e437273abaa3f4d3846176ecf11efe1925526392396a295b6e84dee2271f49bef8e073309758b16fc0bfe98,2019-08-25 14:32:00,CLEAR,DAYLIGHT,DRY,ON SCENE,08/25/2019 02:58:00 PM,41.920145795,-87.772741047,POINT (-87.772741047019 41.920145795019),C,8,2019,14:32:00
1c5aae918311aae24ff210f5d21ecb1f08295145d02c068f0e053834a66664200ae237514e321bbe49c88e58e0039fd316f577859a5ae01b693b38b32a7cd917,2017-07-19 16:20:00,CLEAR,DAYLIGHT,DRY,NOT ON SCENE (DESK REPORT),07/19/2017 06:15:00 PM,41.924490094,-87.717288131,POINT (-87.717288130979 41.924490093998),C,7,2017,16:20:00
1a6b0f3b1b46e85aa15cb4e5ab94feba0c9e69fb18ca2272638823e0d5f43f69286174291ff065b3450f350e842c5e21acc83af8441695f4a6dc6218486aa388,2016-06-26 15:45:00,CLEAR,DAYLIGHT,DRY,NOT ON SCENE (DESK REPORT),06/26/2016 04:00:00 PM,41.953613284,-87.725273285,POINT (-87.725273284963 41.95361328405),C,6,2016,15:45:00
1a8c15ee342ec97d4a021cdefd39cc4a948868eb9ce680a99956b3a811b77dbbab008b4696498b7ec1fffb4b2c0ecb4ce27c4fc6b0bcebd79e93be5daa13030a,2020-07-09 05:30:00,CLEAR,DAYLIGHT,DRY,ON SCENE,07/09/2020 10:50:00 AM,41.87791713,-87.689951896,POINT (-87.689951896005 41.877917129968),C,7,2020,05:30:00
1a5234f1705880cdbb89bb2f48831ba2984a754e2272723fddb0bcb8ac885101e5cbf18a10643d3e33062a0fa3f110960377bbba6d1c339cdbd206ea66c049c0,2021-08-06 22:01:00,RAIN,"DARKNESS, LIGHTED ROAD",WET,ON SCENE,08/06/2021 10:05:00 PM,41.876650884,-87.747056261,POINT (-87.747056261001 41.876650884046),C,8,2021,22:01:00
19f569a9e262d8ea5fde9c0cb67a1dbabb2f97aa5b30be500d956793190928398b392f544b62c4ff4f83192ef26b1ea5b3a5167297991014f123e2997fe3453e,2018-08-28 16:00:00,CLEAR,DAYLIGHT,DRY,ON SCENE,08/28/2018 04:01:00 PM,42.010018661,-87.709056552,POINT (-87.709056551967 42.010018660983),C,8,2018,16:00:00
1ab1d0b080088b89aab4236121aed9f72c30cf00591373c335fbaed1449095ad7b22a0225ddd7ed68345cf5ee5e7e92bf36e1e9967e334ef1a3134992c3bf2af,2021-07-24 14:20:00,CLEAR,DAYLIGHT,DRY,ON SCENE,07/24/2021 02:21:00 PM,41.787479696,-87.625113529,POINT (-87.625113529031 41.787479695973),C,7,2021,14:20:00
1b693ea89ad875f1f278e0c6e57d3825cc93a8763e5bc6ffefe1a6a91f5f9ce40453f5ee5c0b6a840bb8628fb6701fa9841af90d25b133af317bd2e0396d7271,2021-10-07 15:20:00,CLEAR,DAYLIGHT,DRY,ON SCENE,10/07/2021 03:26:00 PM,41.824917681,-87.607237318,POINT (-87.607237317952 41.824917681036),C,10,2021,15:20:00
1c83adfb72bca1052cc4043f7413698582b6135255080b3269c8da61bff98442dc3fd6c4c2441ae4eaac406a4abd7d7941826507eb71a2d76990a12f4af1ecd8,2023-07-08 14:10:00,CLEAR,DAYLIGHT,WET,NOT ON SCENE (DESK REPORT),07/08/2023 02:40:00 PM,41.661359155,-87.634678372,POINT (-87.634678371967 41.661359155021),C,7,2023,14:10:00
19eb4a8e8b77c34a6816ca1f6bf3aaa31b39d77bc042f78dd227cd954c6871df6d92667f703583682854146dda90ca820e212d9044c2864a39aac276d66c51c3,2021-09-10 14:50:00,CLEAR,DAYLIGHT,DRY,NOT ON SCENE (DESK REPORT),09/15/2021 04:20:00 PM,41.954010154,-87.681240941,POINT (-87.68124094099 41.954010154043),C,9,2021,14:50:00
1d9d3da6e5c1d8280eddbc7ac46158f13c3404eafc7a57b94d09431103461d915b39ac70424df12c2f710adaa161c3ab4a1d7ea6135f697984fb23804ec34109,2023-06-19 13:30:00,CLEAR,DAYLIGHT,DRY,NOT ON SCENE (DESK REPORT),06/20/2023 05:50:00 PM,41.694577926,-87.681392215,POINT (-87.681392214993 41.694577925956),C,6,2023,13:30:00
1ca0e4584e881b52c3b3d4082a51c6e1ffbb0544bd1faf4b8e28a3e41b449507735b15cdf37fd9179a5428df5d9c544289d05bf6ba8fbee05ea73334eb891fdc,2022-09-15 12:00:00,CLEAR,DAYLIGHT,DRY,NOT ON SCENE (DESK REPORT),09/15/2022 06:35:00 PM,41.916410579,-87.651948393,POINT (-87.651948392984 41.916410578987),C,9,2022,12:00:00
1cf2ae14d0386cd1461b12e322611c5a74798f452ec459a37dd576d2741d2c2721794e103860c9ec81aba13771ed5ab11e57a2a6a7eefe7622fceef9fff3ae4c,2018-12-26 18:43:00,CLEAR,"DARKNESS, LIGHTED ROAD",DRY,NOT ON SCENE (DESK REPORT),12/26/2018 07:50:00 PM,41.741803599,-87.740953582,POINT (-87.740953581987 41.741803598989),C,12,2018,18:43:00
1c95ed6e22693bd151b9a2548283d5ec26acf493fc486f801bb1ef2b35b34d8ea414bc49ac0c6eb248af9ff5176bbc5bd382ec23ca648fa8c0d038bd4c312db4,2016-01-31 15:30:00,RAIN,DAYLIGHT,WET,ON SCENE,01/31/2016 03:45:00 PM,41.850117412,-87.703834155,POINT (-87.703834155048 41.850117412024),C,1,2016,15:30:00
1f666a133a36453c07641c3fa1a73f69cdf01e6b03e7572c843c5915f39841d925d88efd321c3e7620394d4d9933536b2c2865fe14237a931350fa9df2b68bf0,2019-01-02 11:05:00,SNOW,DAYLIGHT,SNOW OR SLUSH,NOT ON SCENE (DESK REPORT),01/02/2019 11:55:00 AM,0.0,0.0,POINT (0 0),C,1,2019,11:05:00
1da52161a47978230ec06bc064bb3f157df603bb72ce55ab2aaee2218476bfb572ea0d88fe929da95a3aec380209955db76a3b9bfed5f44bcf0efae34b9d9bb9,2020-11-24 09:35:00,RAIN,DAYLIGHT,WET,ON SCENE,11/24/2020 09:40:00 AM,41.790092045,-87.684642414,POINT (-87.684642413958 41.790092045032),C,11,2020,09:35:00
1e48ab3c7166a25cd43e4bb8348820fd09c62089d753c236260a0686bbe9d6e27855fc564a9d9b1be44900ed24244ece644aa104cb87fa418b75bfdf021f5d11,2020-08-26 11:10:00,CLEAR,"DARKNESS, LIGHTED ROAD",DRY,ON SCENE,08/27/2020 12:13:00 AM,41.916300058,-87.805916091,POINT (-87.805916091044 41.916300057973),C,8,2020,11:10:00
1cf59bdbe032c0a475053aa600f05efee78cfcfb3da1ec686006c5ef6051c8f9bbdd5559efb825b3e9d0e79a39cbe1297c13abcd245989779cc0b390a9d8a287,2021-11-11 12:00:00,RAIN,DAYLIGHT,DRY,NOT ON SCENE (DESK REPORT),11/11/2021 02:30:00 PM,41.735617968,-87.682663369,POINT (-87.682663369002 41.735617967973),C,11,2021,12:00:00
1cac7dfc7db164e10806364be2e958588d1b8d4fb84bcfb4a28145174468b4339b46cca362a1eadb5f38a71908289040a888ba14313df48361fa935463373c86,2018-07-25 14:17:00,CLEAR,DAYLIGHT,DRY,NOT ON SCENE (DESK REPORT),07/25/2018 02:27:00 PM,41.903825234,-87.64328636,POINT (-87.643286359995 41.903825233976),C,7,2018,14:17:00
1dfacce4af7de92d9b74c910be59f44a1f43121c0e9c7f8495eca76d38ca3a423a7df08fb2af8bbe300643dd89a0feff076725ec2f519ccec1619b240068d805,2018-04-18 14:08:00,CLEAR,DAYLIGHT,DRY,ON SCENE,04/18/2018 02:10:00 PM,41.8820229,-87.637081412,POINT (-87.637081411989 41.88202289998),C,4,2018,14:08:00
1ca1644f04493a9071de435771154eb9ec13407e6e26d8a74cf333729f180374e849a294e2bd6db341bde8a37970c2d51aa6f7375ddfb20940e9fef0c5c6653b,2021-03-26 07:09:00,CLOUDY/OVERCAST,DAYLIGHT,WET,ON SCENE,03/26/2021 07:09:00 AM,41.911262636,-87.785217531,POINT (-87.785217531035 41.911262635984),C,3,2021,07:09:00
1f21fbb906401851b323688d73fe7005ca7009d5ae005221e0cdf0dcf141e65008e1ac44e8d922489255300b8042b0bb96997bf4f140acfc7bd4bdc2afbc3c75,2022-12-20 15:59:00,CLEAR,"DARKNESS, LIGHTED ROAD",DRY,ON SCENE,12/20/2022 04:09:00 PM,41.945998117,-87.765830456,POINT (-87.765830455971 41.945998117014),C,12,2022,15:59:00
1cadddc5721974bed0ff72ed0a3d5a64399561bafd3d31c410470c5a025bbdd9255e69eea665b1ff93f2d86b5bcfadbd128e3784d85360398b31ad73da46165a,2019-10-09 16:20:00,UNKNOWN,UNKNOWN,UNKNOWN,NOT ON SCENE (DESK REPORT),10/10/2019 04:00:00 PM,41.938675754,-87.767264242,POINT (-87.767264242029 41.938675753962),C,10,2019,16:20:00
1c94ee439f3a40cc652708e62815364d637448852286d121551b3d61abd8c2bba22e6ffa5b7863dbde974f61538057b8e1927d52415ac66cf71c7b0413ada437,2023-05-23 08:55:00,CLEAR,DAYLIGHT,DRY,NOT ON SCENE (DESK REPORT),05/23/2023 09:45:00 AM,41.843952777,-87.738047625,POINT (-87.738047625035 41.843952777003),C,5,2023,08:55:00
1d92da49796865215f511d901e11e25e9660661113a2c4a61cb47f4700eaa6792278441c62836d7f78e9a23c52dc2164af2e4faadd347e54288cf649691d1ae9,2021-06-25 11:45:00,RAIN,DAYLIGHT,WET,ON SCENE,06/25/2021 12:24:00 PM,41.910530014,-87.667050586,POINT (-87.66705058601 41.910530014022),C,6,2021,11:45:00
1e72f2ecba394a086875799b0b58d099590f089750e24fb277003c07a6396e75e5c2162220a4d298c15d67555ccfa44c7e6acf9fe321f037d90fbcae564e72ec,2021-06-27 21:00:00,CLEAR,"DARKNESS, LIGHTED ROAD",DRY,NOT ON SCENE (DESK REPORT),06/27/2021 11:00:00 PM,41.946909114,-87.683469891,POINT (-87.683469891004 41.946909113959),C,6,2021,21:00:00
1e4605b7847e54a48fd597ae3b190fdc6a1787be20f794582e1700d72ca01b5cb44a6470267b50b713eef093a5aa87f2bc462c76056ca53bde099de2cd3895b9,2016-12-10 14:20:00,CLEAR,DAYLIGHT,DRY,NOT ON SCENE (DESK REPORT),12/11/2016 01:43:00 PM,41.8198969,-87.724126177,POINT (-87.724126177005 41.819896900039),C,12,2016,14:20:00
1eb9cfeec07ab64c3f40d572d8b4238aafb51858566a72206516da21d2223a4797d6f486b9000d47b844055764e77172e51ee3e6ab7149c2294e17756004b961,2017-06-28 17:00:00,CLEAR,DAYLIGHT,DRY,NOT ON SCENE (DESK REPORT),06/28/2017 09:20:00 PM,41.891293713,-87.647680593,POINT (-87.647680593026 41.891293712961),C,6,2017,17:00:00