CRASH_RECORD_ID,CRASH_DATE,WEATHER_CONDITION,LIGHTING_CONDITION,ROADWAY_SURFACE_COND,REPORT_TYPE,DATE_POLICE_NOTIFIED,LATITUDE,LONGITUDE,LOCATION,CRASH_TYPE,CRASH_MONTH,CRASH_YEAR,CRASH_TIME
1db81b218c7e78dbcb6180dc2087d49ef87b308c14df77861dd7d9c4e4aa75788568c63c6b316123b40afee2c377214f7c8faa19995fafd4580b6997223fc8a0,2021-04-15 14:10:00,CLEAR,DAYLIGHT,DRY,ON SCENE,04/15/2021 02:12:00 PM,41.907717718,-87.745916874,POINT (-87.745916874041 41.907717717976),C,4,2021,14:10:00
1cc0c1f4602df4e5ebeb40fd5463bef0393332713823ffcdf12bf550a7526a6dee4345e31707ff03db39d0f38a93898aa0d618fb1a66f4c7988b5a86c86dcc4c,2017-01-06 11:00:00,CLEAR,UNKNOWN,DRY,NOT ON SCENE (DESK REPORT),01/06/2017 06:00:00 PM,41.909037789,-87.734005707,POINT (-87.73400570697 41.909037788991),C,1,2017,11:00:00
1f28a46bf8a05d0d3850d182f1ffe71c1b81ae355df228933028e7b89fc839565417e2abaa1975c8d9a47cddb05fb0b5480bd59444793b5946089a5230f537b9,2019-02-09 16:15:00,CLEAR,DUSK,DRY,NOT ON SCENE (DESK REPORT),02/11/2019 09:15:00 PM,41.977366733,-87.772571956,POINT (-87.772571955998 41.977366733018),C,2,2019,16:15:00
1d8d8274742a15ddb5f06640da45db2dadad3b903ce572995b886ba8325e78165119472d62253d17d232da1519ea03220d045716346475329b0fa1cae19d6265,2023-01-15 16:03:00,CLEAR,DAYLIGHT,DRY,ON SCENE,01/15/2023 04:03:00 PM,41.809781151,-87.594212812,POINT (-87.594212812011 41.809781151018),C,1,2023,16:03:00
1ca71fc90d054bf5404d36aa185d1fd7cce70636574c0ebabeff8ef77e0c2f676d8f54d14a49a4a2c99f3d13cbd6f87037a969a6211b845b65c83289edb6b255,2021-11-05 15:23:00,CLEAR,DAYLIGHT,DRY,ON SCENE,11/05/2021 03:32:00 PM,41.74579217,-87.635369997,POINT (-87.63536999702 41.745792169991),C,11,2021,15:23:00
1ea1ba6d04bcfa3c045d4c7ba69b99040ea0f4c67e3fdcfd32b72c69fb6b5d178b0df972727169666e979d0e4b4ab672c92acae0e4e1bb2591c8b9c7219031cd,2022-01-28 16:34:00,SNOW,DAYLIGHT,SNOW OR SLUSH,ON SCENE,01/28/2022 04:48:00 PM,41.886603801,-87.7436834,POINT (-87.743683400022 41.886603801046),C,1,2022,16:34:00
1e7b00ba3cbdf413d5c408ec9f746c3c297121f7df5a82ba22fd861bfc7747362a30fe82a6aeb1947fa09ea1ca9f83a20ada1e4bf66868c96fb20490792e8e39,2023-06-01 12:20:00,CLEAR,DAYLIGHT,DRY,NOT ON SCENE (DESK REPORT),06/01/2023 03:00:00 PM,41.762009489,-87.612901284,POINT (-87.612901284021 41.76200948897),C,6,2023,12:20:00
1f202771c77793577be03919b35e8275ea21912b5dbb44a4653bfc450bbce0446d4290ac096bd5643fa27c26787485897148a32dd5c9e41db1deb17eac6a7c43,2022-08-27 18:35:00,CLEAR,DAYLIGHT,DRY,ON SCENE,08/27/2022 06:38:00 PM,42.006801604,-87.661457734,POINT (-87.661457733969 42.006801603988),C,8,2022,18:35:00
1ecd61b31315d6c1cc8862ec0cd88b2ff4260d311cf5304cd9499283f41d72ba60d20068c3f65ba6c63441ecef5dc62d9d3b198d44526a5e16bfc8bdb37d95d6,2018-08-25 01:00:00,CLEAR,"DARKNESS, LIGHTED ROAD",DRY,ON SCENE,08/25/2018 01:01:00 AM,41.852029216,-87.678167079,POINT (-87.678167079024 41.852029216012),C,8,2018,01:00:00
1e00ce5cf11dc119d3561779e27ccdefd8fb60e69ee470e1a6058475ceab0824a27eada5965f237915ac86bd45c6427cd88587ad64a7748b7120716ec0d0e329,2018-08-19 01:30:00,CLEAR,DARKNESS,DRY,NOT ON SCENE (DESK REPORT),08/19/2018 02:10:00 PM,41.893380429,-87.657587738,POINT (-87.657587737968 41.893380429025),C,8,2018,01:30:00
1cfcd8629b438d4422bb96604e4250bff076203be6ae5fd8c4a2b9d9716be77428306c1adbb98e57376ff0344e2b7cf63f9c39df0505002843ce61270e7aeb76,2021-06-21 17:45:00,CLEAR,DAYLIGHT,DRY,NOT ON SCENE (DESK REPORT),06/21/2021 09:45:00 PM,41.782457244,-87.59578011,POINT (-87.595780109983 41.78245724397),C,6,2021,17:45:00
1ec90b47fccab23c2083d40795539a8768c59c629da564192a91730d6df80dda5a8878aa5abf6527e9600004ccf94af4a7ac5639c848e61656ee60857b896700,2020-07-24 23:15:00,UNKNOWN,"DARKNESS, LIGHTED ROAD",UNKNOWN,NOT ON SCENE (DESK REPORT),07/24/2020 11:45:00 PM,41.903825234,-87.64328636,POINT (-87.643286359995 41.903825233976),C,7,2020,23:15:00
1cf4d5100ba24fa891c7e2efcfdd6fd8580e694efe0644be5107d7d49de79cf58c4a9bed28c65f35215f9078b7a4c950632dfe5397cfd28ef52487299ff76b63,2020-08-31 16:30:00,CLEAR,DAYLIGHT,DRY,NOT ON SCENE (DESK REPORT),08/31/2020 05:30:00 PM,41.794908912,-87.616471792,POINT (-87.61647179201 41.794908912028),C,8,2020,16:30:00
1e42f8d560f795edfec8dd0b0794caba0fda0cac02a641ec6a6e20989986e8b4e0d6cf9bc8b561f9283747bc08a59ab1dc2a86f3d9b0c176257b337eae7b38db,2022-10-22 04:00:00,CLEAR,"DARKNESS, LIGHTED ROAD",DRY,ON SCENE,10/22/2022 04:04:00 AM,41.958986951,-87.933993929,POINT (-87.933993928974 41.958986950953),C,10,2022,04:00:00
1f5478f80b2312a884c8e0f2b2151b3390fbeade4f8eccb0cce9e2777b50edb959a7968178f48d3efcb4392fbc111ffab07a6db401f4eaa00c86b33759c90cec,2017-10-03 12:00:00,CLEAR,DAYLIGHT,DRY,NOT ON SCENE (DESK REPORT),10/03/2017 08:00:00 PM,41.902212301,-87.74884541,POINT (-87.748845410034 41.90221230099),C,10,2017,12:00:00
1dc14cfa4a5c9cf3272b36bfc736954054ec673f60dafe3a2f884c7c5cd1bb658d96e4e0f369a4b2d0c2d2d1e79e611b603162753668e32461b47e95a93e2b21,2021-11-23 11:20:00,CLEAR,DAYLIGHT,DRY,ON SCENE,11/23/2021 11:20:00 AM,41.905612968,-87.755999739,POINT (-87.755999739032 41.905612967973),C,11,2021,11:20:00
1e2a19b04028a7dea63e7e891a93826e4d36d6374dc97f19f14b4fbe556702a11597201df38a5411f384a81a8f570972bc3f3bed6e475fbb279b4939ea7aaabd,2022-06-29 15:05:00,CLEAR,DAYLIGHT,DRY,ON SCENE,06/29/2022 03:07:00 PM,41.888399178,-87.623954282,POINT (-87.623954281953 41.888399177959),C,6,2022,15:05:00
1cfa02b013dbe1ed10bc8a99aa110ac44ccdc0308e3f3936007ecf629b738300c6c5fb0f96c60db0d6ee32c31c6238f7e9a12b4e8969b43d65723447ce399c65,2021-07-08 17:07:00,CLOUDY/OVERCAST,DAYLIGHT,DRY,ON SCENE,07/08/2021 05:07:00 PM,41.883061397,-87.741722633,POINT (-87.741722632979 41.883061397037),C,7,2021,17:07:00
1d8a93051ad38e0cb98928d048032f7289303eb1ef330a74e084c701b3d603e8c697fe9ffe6385c241d1a6f0be63e3ac5580d6608ee0a7533fc58042fd58a45b,2018-09-19 17:47:00,RAIN,"DARKNESS, LIGHTED ROAD",WET,NOT ON SCENE (DESK REPORT),09/19/2018 06:01:00 PM,41.735834528,-87.652808815,POINT (-87.652808814994 41.735834528012),C,9,2018,17:47:00
1f39af67a27ed96512714f67b0a194436bd409f33b5c7058a680723464e70dda731e4f7bf62515a36a0149ab07a40b488c17dd289b4b7488b2b8dfb343cb6618,2019-01-16 16:28:00,CLEAR,DAYLIGHT,DRY,NOT ON SCENE (DESK REPORT),01/16/2019 05:05:00 PM,41.741803599,-87.740953582,POINT (-87.740953581987 41.741803598989),C,1,2019,16:28:00
1d1809972d809b81723adbe3375a5cbc566b3d0ff7f6efe77392d10f1b544ca4cb6314cb1e52618f29124d5e429f650250d6fdc66557e3813c6b22da1fcd0eb8,2018-03-25 15:35:00,CLEAR,DAYLIGHT,DRY,NOT ON SCENE (DESK REPORT),03/25/2018 03:52:00 PM,41.903825234,-87.64328636,POINT (-87.643286359995 41.903825233976),C,3,2018,15:35:00
1de0a4764034d5679f844c4cdff1951696c745f434a9405226cb5db5504a94baac9408d74b7c3966b009d445c5bd0b92ccf7753b4aae7abbe4220d349f5c805e,2019-08-20 17:18:00,CLEAR,DAYLIGHT,WET,ON SCENE,08/20/2019 05:18:00 PM,41.748661043,-87.659608158,POINT (-87.659608158012 41.748661043025),C,8,2019,17:18:00
1e2f8dcc58e03e04067f881d68a3ecb2541053981d5f368d70e6c347e7f1dc1803338e1b0f761d98d2895be987e6a94aa65418cd0f585f47f528d71b5e3ac268,2018-05-29 15:25:00,CLEAR,DAYLIGHT,DRY,ON SCENE,05/29/2018 03:28:00 PM,41.960942601,-87.738040219,POINT (-87.738040219023 41.960942601036),C,5,2018,15:25:00
1db9e7449bdd6055215d4e3c2e6aff573262671a089725f6e493e5c9a39a097a6e55be415684b98678306e111f325cbd32400828119adb7a6d8331a0590543b6,2020-08-13 14:40:00,CLEAR,DAYLIGHT,DRY,NOT ON SCENE (DESK REPORT),08/13/2020 03:00:00 PM,41.837732675,-87.66589445,POINT (-87.665894449999 41.837732674972),C,8,2020,14:40:00
1d6129948f25958aaa828c48f46ede1d07d9a14a29431fb552bf464bbfccbe5a6f1b9da6f4ee75d6de1b9f6d0aefc8be2e425fa1eb7435a30c2145c94f231686,2019-09-25 23:10:00,CLEAR,"DARKNESS, LIGHTED ROAD",DRY,ON SCENE,09/25/2019 11:12:00 PM,41.892781623,-87.615889928,POINT (-87.615889927957 41.892781623007),C,9,2019,23:10:00
1e59125a8f19658db610f7ba928b437df09da4d641495adad629da404d7ce7c1781352ffcedbd2ff56be99126ab4bac1fe35bd67976e75f8a86767abc61e6750,2021-09-30 16:35:00,CLEAR,DAYLIGHT,DRY,ON SCENE,09/30/2021 04:38:00 PM,41.868505893,-87.744688538,POINT (-87.744688537963 41.868505892977),C,9,2021,16:35:00
1ddd7a8b8cadbddd3a205637f4f61dc42040b40aad81eae4866de77bfe7d8e0340dba94955520e46023f80dd4c35e435bb99b12aa78269c9aa82c622b48ac44f,2017-12-08 10:20:00,CLEAR,DAYLIGHT,DRY,NOT ON SCENE (DESK REPORT),12/08/2017 10:35:00 AM,41.837732675,-87.66589445,POINT (-87.665894449999 41.837732674972),C,12,2017,10:20:00
1e6eecc8cd392f2f17597286faa94656b357226427d5df4c95c4f722e4d7eab247c3f35c5dcf7c3a17179b5e8f4e206fd4689bfa16ba0bc64128aaeab5267137,2021-08-04 18:20:00,CLEAR,DAYLIGHT,DRY,NOT ON SCENE (DESK REPORT),08/04/2021 08:26:00 PM,41.909294322,-87.763395828,POINT (-87.763395828035 41.909294321981),C,8,2021,18:20:00
1f4934679cd42410fa602bf4884c9ef6e706b45afee4a6125bc515570f2e290c4b8a50671fb6713c37ed09d96deebd6352f136b90e3df8f22eaf3c65ac70fc69,2019-07-26 20:15:00,CLEAR,"DARKNESS, LIGHTED ROAD",DRY,ON SCENE,07/26/2019 08:18:00 PM,41.938266954,-87.795761499,POINT (-87.795761499004 41.938266954026),C,7,2019,20:15:00
1caffb10cae38c4990323ca494d15e3137bd5147fe795518403a6a0da350bb8a9ef3d3f513ea8f628441961ee7e4af28bad4306b550181934c86ab595d6ab81c,2019-06-01 22:00:00,CLEAR,"DARKNESS, LIGHTED ROAD",DRY,ON SCENE,06/01/2019 10:00:00 PM,41.773407967,-87.57037243,POINT (-87.570372429966 41.77340796701),C,6,2019,22:00:00
1d5b993a1481955f0113b5151f1742a78712a0fb38d241a0cf7c87461524aba18ffb1c4470e4f6c1b53833e28e5c230e52a89324e7eb53ce4a8ce600e797a46d,2017-05-21 13:00:00,CLEAR,DAYLIGHT,DRY,ON SCENE,05/21/2017 01:00:00 PM,41.898904591,-87.740159804,POINT (-87.74015980403 41.898904590989),C,5,2017,13:00:00
1edd1812599857677f595001ce6e526e7877ed94556fdbf5eecb0ac68e80a858d7823ed80889a069297f539b172ede66ec73322d3cb620e38d636a202b2d4277,2019-02-12 07:50:00,RAIN,DAYLIGHT,SNOW OR SLUSH,ON SCENE,02/12/2019 07:52:00 AM,41.981194758,-87.772607878,POINT (-87.77260787798 41.981194757951),C,2,2019,07:50:00
1eabd7be78a6c10cc667e5a0a573f7b8724eb728619f858b6088d9edf466190097683e77af33621728fa6f8028811080be65b977eb0fb222259630b4a83348c7,2017-07-25 13:25:00,CLEAR,DAYLIGHT,DRY,ON SCENE,07/25/2017 02:14:00 PM,41.87879283,-87.735560757,POINT (-87.735560757035 41.878792829979),C,7,2017,13:25:00
1d0ae0a140d07ea3a8dc7211c145946b270d56d0b7e8c59618034f62047e5468045463e085485342d2d0a229d1cbf2c8dabae5660bf464da6f1a95c6450032f0,2019-02-05 08:20:00,CLEAR,DAYLIGHT,DRY,ON SCENE,02/05/2019 08:20:00 AM,41.985794138,-87.66338029,POINT (-87.663380289977 41.985794138001),C,2,2019,08:20:00
1e3583562f7ba5e5c6b593340229c1219fac19c97d196e5d35b6d2a0786ede56e34b1013fe8d420574ebdcc778388944fb9a0997f178b72d98e79e8802e33fcd,2018-10-07 15:27:00,CLOUDY/OVERCAST,DAYLIGHT,DRY,ON SCENE,10/07/2018 03:52:00 PM,41.855487087,-87.666228866,POINT (-87.666228866033 41.855487087044),C,10,2018,15:27:00
1eb50d0f52432953d8b47da81e0dc1059e283ef1b3dfc06623a83de6c209a9ebaab0def44495b073bb4ed1366b3775f30db8d99f065202923a2297b237c9777f,2021-08-30 12:30:00,CLEAR,DAYLIGHT,DRY,NOT ON SCENE (DESK REPORT),08/30/2021 01:15:00 PM,41.879813058,-87.725492182,POINT (-87.725492182032 41.879813057952),C,8,2021,12:30:00
1cd4a83c922aed19badbb901f9a6d7eef8b65448c147215c599d2acb7d52b8715b404f3ace63fb88adbfa7f95e1713f4dc4976b1ec673fbea2e8f85cd5f5de52,2020-01-02 15:50:00,CLEAR,DAYLIGHT,DRY,NOT ON SCENE (DESK REPORT),01/02/2020 04:30:00 PM,41.749903242,-87.707348392,POINT (-87.707348392008 41.749903241984),C,1,2020,15:50:00
1f22973f88f76309fcbbbb93f0b6f2e9187f90a6f598fb106b6ec3be752f64bc8bcd7af7bf1f28952be47829b9c93cac9bf7088ad2ddd8d0c549b627087b569b,2023-04-14 11:15:00,CLEAR,DAYLIGHT,DRY,NOT ON SCENE (DESK REPORT),04/14/2023 02:09:00 PM,41.744151639,-87.585945067,POINT (-87.585945066953 41.744151639042),C,4,2023,11:15:00
1da316df9c3f68606d79c682e6c853031ea5965c9ffef2d4c04d2240fe961b96f3b0b5c12419e5c479d68bf5dcacbccd46d2f059f01088618f25c67e40a1ed37,2015-10-07 15:45:00,CLEAR,DAYLIGHT,DRY,NOT ON SCENE (DESK REPORT),10/07/2015 06:35:00 PM,41.762174118,-87.558927464,POINT (-87.558927463962 41.762174118016),C,10,2015,15:45:00
1e5b89b41778f07134971a9c2701634f5ce2374ee82a9408ad41c11ef5e31c8033985c6769261098e3ac0c7888e05de8f8e17f976be5ce8280d8b2c010ad464a,2017-05-24 16:05:00,CLEAR,DAYLIGHT,DRY,NOT ON SCENE (DESK REPORT),05/24/2017 04:20:00 PM,41.867300171,-87.627683894,POINT (-87.62768389401 41.867300170955),C,5,2017,16:05:00
1e0ac438ac32898fac5c8d7d890e695f2e525ff3956d04d21823f76aa6a2106a378f49878a4da0a33f668c99dd606133671c9d696528622f15b1dcf11c6f0a01,2017-04-08 21:15:00,CLEAR,"DARKNESS, LIGHTED ROAD",DRY,NOT ON SCENE (DESK REPORT),04/16/2017 11:00:00 AM,41.785654852,-87.612225879,POINT (-87.612225878978 41.785654851966),C,4,2017,21:15:00
1d7db07f363176cfb6fdc4dc68e74865f380b127ddf3280ad552a3e4e0b05e8ba18e9921539ef70caf1307c3a80a660399edda6e2e224f40f152a26de69a591c,2016-05-31 14:20:00,CLEAR,DAYLIGHT,DRY,NOT ON SCENE (DESK REPORT),05/31/2016 02:30:00 PM,41.868635838,-87.744730162,POINT (-87.744730161967 41.868635837952),C,5,2016,14:20:00
1e6ac315e6105333ff62501073d6c328411308aeef38123fd5ecf860e888332714fe45bf7b0a8512c4bf971fcdc960a0ef1b15e33bc60d143aaa7aabb4399fa8,2021-07-01 15:34:00,CLEAR,DAYLIGHT,DRY,ON SCENE,07/01/2021 04:00:00 PM,41.902815701,-87.717648644,POINT (-87.717648643968 41.902815700998),C,7,2021,15:34:00
1ee750385b86869f7da8df26ffed845c70391f8736ae224a4214b51811c4c4afc38691a0ff84a794ecf657ac2141e266d69edf2339a2e86aa2dca555f4268ac3,2019-09-30 06:30:00,CLEAR,"DARKNESS, LIGHTED ROAD",DRY,NOT ON SCENE (DESK REPORT),09/30/2019 09:40:00 PM,41.784300519,-87.718132983,POINT (-87.718132983043 41.784300518971),C,9,2019,06:30:00
1d191ccd52478ee352b4f9326a406c7a311ce140f19fff720e4dd54946f851e3f91cfc6647be6e9845079108d5f61a21dd3afadb46b7ae34ff03f3119e3807d1,2019-12-08 12:30:00,CLEAR,DAYLIGHT,UNKNOWN,ON SCENE,12/08/2019 12:40:00 PM,41.946544136,-87.703072315,POINT (-87.703072315044 41.946544135964),C,12,2019,12:30:00
1cf8f5f40ceb474a48ebfd0b6af1e4527c2e6b25000b901ddfbee66708c84a6845d9eebda065407e57920bcd7b0944f029dc93b1a997eada67a14426f9bdd854,2017-07-26 14:00:00,CLEAR,UNKNOWN,DRY,NOT ON SCENE (DESK REPORT),07/26/2017 02:15:00 PM,41.927018439,-87.687864302,POINT (-87.687864302034 41.92701843896),C,7,2017,14:00:00
1dfdf8b0988c23b383e34caabfbf5183a9d6bf12805df10c4e679704531e715295ed560672c76b598371445a646632f8839c55ada89529abe86dc113042a4f16,2018-10-03 06:21:00,CLEAR,DAYLIGHT,DRY,NOT ON SCENE (DESK REPORT),10/03/2018 11:30:00 AM,41.784385694,-87.740065946,POINT (-87.740065945952 41.784385693962),C,10,2018,06:21:00
1ee8ad8325788d505f807e6f97b62f596f84cb9ec6b2325336847f3cb4059a221827cb217147ab88d43a09a3978e18769630e649166896fc42cdb9355fb264a6,2023-07-08 15:26:00,CLEAR,DAYLIGHT,DRY,ON SCENE,07/08/2023 03:26:00 PM,41.87540852,-87.710679097,POINT (-87.71067909701 41.875408519999),C,7,2023,15:26:00
1da1654983468d50b2720a5c63c60ad2177c330f2887b9a20f2d63c8feefd6f943b762cf3a2466268931839203d48171a30bf2fd986659a2cb291638112517ae,2020-09-26 17:40:00,CLEAR,DAYLIGHT,DRY,NOT ON SCENE (DESK REPORT),09/26/2020 06:18:00 PM,41.785387445,-87.606183761,POINT (-87.606183761008 41.785387444959),C,9,2020,17:40:00
1dec985724b6993fb1b7ad09fa5333d6c5071bd545f68aa9c1ccdbe1efde0f0c96d18dba04aa08d8e8bdbc6d8f06176ad08ea84fdae482cb5c04ec187258dcbf,2023-07-15 21:32:00,CLEAR,DUSK,DRY,ON SCENE,07/15/2023 09:32:00 PM,41.939021277,-87.724178248,POINT (-87.724178247957 41.939021277045),C,7,2023,21:32:00
1f62d8b26341b725c56a3c3125a013b6485482a388713fb6b8c797704155bb916d3a23010324ad619008196d34218484d32d91e4cdc298d6d2cf603482c42075,2019-06-15 10:30:00,CLEAR,DAYLIGHT,DRY,ON SCENE,06/15/2019 10:32:00 AM,41.7413107,-87.666791333,POINT (-87.666791332999 41.741310700047),C,6,2019,10:30:00
1ef9b708a2707c3983ee5e8c980519ee139fdee198d87ba4fda23936f0e1e44cbe6f32c500d35c0d2eee08c8dd8b3014546aa92e67ec0cea93a63f67a662c73a,2015-10-29 16:35:00,CLEAR,DAYLIGHT,DRY,NOT ON SCENE (DESK REPORT),10/31/2015 03:15:00 PM,41.896498596,-87.633140372,POINT (-87.633140371983 41.896498595985),C,10,2015,16:35:00
1d5c50fde76c32ab25bfbd4d00fef0144621a1667d831bd17c3d2fab02fa6dfb8b1a58829865a4ec4b6a615c2f86cdf079a619333e105bc1a60ce70acbf03c38,2016-06-17 10:55:00,CLEAR,DAYLIGHT,DRY,ON SCENE,06/17/2016 10:57:00 AM,41.886441473,-87.664374258,POINT (-87.664374257952 41.886441472974),C,6,2016,10:55:00
1ebf23469fae50dff49e782b468460a51506362ab6af0fdcba87c64faacec3b3d9257e83cb36563f51dc9e671d0cb0a97039fd571ead749b736d031436bac587,2016-01-27 09:00:00,CLEAR,DAYLIGHT,DRY,NOT ON SCENE (DESK REPORT),01/27/2016 01:00:00 PM,41.8820229,-87.637081412,POINT (-87.637081411989 41.88202289998),C,1,2016,09:00:00
1cdc1ad7a09294ec478452da826d353a99174e3a0997a1e829c8b2b9283b8e7477154aadd12826e547aff4607d6ec4f725c0f46773f87fbf15b30e9439cd8a5d,2017-09-14 08:50:00,CLEAR,DAYLIGHT,DRY,NOT ON SCENE (DESK REPORT),09/14/2017 05:40:00 PM,41.858321813,-87.703707726,POINT (-87.703707726023 41.858321812955),C,9,2017,08:50:00
1d31edd295d75c18277c795649ba3956c150ff4608626ffea21ebd4413dbf4f26773581e7f38777b5d98cf5125648428061224bd91c54b6848fd1dc3e605e180,2022-05-25 05:39:00,CLEAR,"DARKNESS, LIGHTED ROAD",DRY,ON SCENE,05/25/2022 05:39:00 AM,41.945289535,-87.811364685,POINT (-87.811364685041 41.945289535049),C,5,2022,05:39:00
1e5bdc7fa5fbf72e11c0a3d5cb5fae3b743eb50427350649d4e674587a94f25a7cf5c9105e71c8263bae6f0c3fd5d84fcde9fb3f15892b522ff56627ef9af575,2023-05-31 09:15:00,CLEAR,DAYLIGHT,UNKNOWN,NOT ON SCENE (DESK REPORT),05/31/2023 09:30:00 AM,42.004263099,-87.672889321,POINT (-87.672889320986 42.00426309897),C,5,2023,09:15:00
1ecd8baa3630ac4ca21d689cf10bfebc5757a25dbaaa37a9a425ad100305f8429f043b5385de7240e0105227e4b9207574d40d202829fde4e5ad98a928f6269c,2022-02-11 02:48:00,SNOW,"DARKNESS, LIGHTED ROAD",SNOW OR SLUSH,ON SCENE,02/11/2022 02:48:00 AM,41.932748996,-87.653801489,POINT (-87.653801488996 41.932748996009),C,2,2022,02:48:00
1ec7df5197ad2c75687061922a58daaedf81612ff92be2a595fc1aabda88b5fa112eec18751018249c440ccd9f2e93d90f961838b44c8db0cabffd6ad2327940,2018-09-26 08:27:00,CLEAR,DAYLIGHT,UNKNOWN,ON SCENE,09/26/2018 08:30:00 AM,41.844276406,-87.7147225,POINT (-87.714722500033 41.844276406013),C,9,2018,08:27:00
1f02065dcdc38f6008cb0ffe7deec1bfaa6baedc661c3289a3a85ffd7c1e7d4d33267239edfd887f191c2c8612f1942d83869a4a852936ce7014da8da9f74f49,2018-06-20 16:00:00,CLEAR,DAYLIGHT,UNKNOWN,NOT ON SCENE (DESK REPORT),06/20/2018 04:43:00 PM,41.901141558,-87.722450826,POINT (-87.722450825985 41.901141558013),C,6,2018,16:00:00
1e4f002053879bb7589b597ce06a3879cee1d9d0620510db0d5f0f2d5617816ae99180811fe7b50c8379e95ecd3e168603fe3f6d805aa98d9f0fb45c34ad10ff,2021-06-10 17:40:00,CLEAR,DAYLIGHT,DRY,NOT ON SCENE (DESK REPORT),06/10/2021 07:22:00 PM,41.893918609,-87.624085833,POINT (-87.624085832985 41.893918609004),C,6,2021,17:40:00
21103c4b745793749ca1cbdd6148fad08efc9f188abdffb1b296fc5f40d6b79e28556a7a6cc79a1cf83421e86c3597fa55a1098fccd740ed7d68c45cfe4c1701,2015-11-20 16:00:00,CLEAR,DAYLIGHT,DRY,NOT ON SCENE (DESK REPORT),11/20/2015 05:45:00 PM,41.744151639,-87.585945067,POINT (-87.585945066953 41.744151639042),C,11,2015,16:00:00
1ff01aca7f994b9f466d967299111c9975764100b08cd505e39354c4fc808d212434d75bf07c4b18a6cb35cfdbdca075f0a6ea5e1720499ae7d8b25603217dbe,2020-12-05 12:32:00,CLOUDY/OVERCAST,DAYLIGHT,DRY,ON SCENE,12/05/2020 12:32:00 PM,41.873381098,-87.738915643,POINT (-87.738915643016 41.873381097986),C,12,2020,12:32:00
207894626312e24d3a887c31974d73c2cb5e57bf561650164cddaa62d73cb5440612a904e5a0d2fb9b2f4a1bc17c19108e84089af2d970de5a89eac7f413c75e,2021-12-21 13:45:00,CLEAR,DAYLIGHT,DRY,NOT ON SCENE (DESK REPORT),12/21/2021 05:30:00 PM,41.89186947,-87.622748584,POINT (-87.622748583999 41.891869470026),C,12,2021,13:45:00
224b3084756319ec4dcaa48db7bf619a27ce62ea37de736578500501cbbd76a77b8da65b954d79475b53900d759e35029fe5a5264eaf80f415eb27e7ef5de0d2,2019-09-20 21:30:00,CLEAR,DARKNESS,UNKNOWN,NOT ON SCENE (DESK REPORT),09/21/2019 03:29:00 PM,41.817683733,-87.6650402,POINT (-87.665040200043 41.817683733038),C,9,2019,21:30:00
213ff6054edb6ad7c90be64c3ac8a180d60021d11978fbbb1aa7beba03f7a0d8516282b7b70cc597296bce9267344179722b0ca44fe7d3f21f0693a83164bba1,2018-04-11 08:00:00,CLEAR,DAYLIGHT,DRY,NOT ON SCENE (DESK REPORT),04/11/2018 08:34:00 AM,41.735634268,-87.682733396,POINT (-87.682733396015 41.735634268007),C,4,2018,08:00:00
20292081be567b2a64424150496e6e2ab6cdf174f78c0922704c4a078e3a93ba66c5763a59f09cfaa07bf8e060a524bf8f56ffc01e278dc434b23f4facf776c4,2023-03-17 13:00:00,CLEAR,DAYLIGHT,DRY,ON SCENE,03/17/2023 01:08:00 PM,41.903954099,-87.721171653,POINT (-87.721171653005 41.903954098986),C,3,2023,13:00:00
22409b32756301fcd57f4a36580bc392080f99b3088c7bfdeea0c50e7f8f100ce2fa3cac6c65906d4351d0276d4f76d3b10eea658354f599de539b82d80dc94f,2020-02-23 16:00:00,CLEAR,DAYLIGHT,DRY,ON SCENE,02/24/2020 06:21:00 PM,41.85668046,-87.678267598,POINT (-87.678267598008 41.856680460029),C,2,2020,16:00:00
20896e7c3f682f13da989c7e232a3ea71aba94d59169243f48bd7cd7ee82155644757b3971cff87aeb1db4a90a29247faea615b50d90a37fd41bafe758b99806,2018-05-17 17:51:00,CLEAR,DAYLIGHT,DRY,ON SCENE,05/17/2018 05:52:00 PM,41.831526841,-87.653564549,POINT (-87.653564549029 41.83152684102),C,5,2018,17:51:00
1fe38890fe4977b386a657fbc86c9a1a8a7f58438810a197a84aa5f199310546633ede5ab8f4f4d5d830d013df02e64a6776f0d83836feac002b2cf2a130570f,2019-06-15 20:53:00,CLEAR,UNKNOWN,WET,ON SCENE,06/15/2019 09:18:00 PM,41.809316525,-87.613790359,POINT (-87.613790359015 41.809316524975),C,6,2019,20:53:00
21c6357f15e6cb39633a349665e3eda2a0c474002459d7d1179fe21edf9198a121cdb8666f9a354635bd30631a35048d30eb6300cbb422bc82d092786f07652b,2016-12-12 19:15:00,CLEAR,DARKNESS,DRY,NOT ON SCENE (DESK REPORT),12/12/2016 08:17:00 PM,41.75869138,-87.60533417,POINT (-87.605334170015 41.75869137995),C,12,2016,19:15:00
21ee7364f82f7804b5629725fc43b6efd9db88f7f3aab9a1b33d6dfbc3ecef8aeb83969e5de5a60ea3742c28b67b978464c4be3f3ebe6cddf0815555ac80b9c7,2020-11-20 20:53:00,CLEAR,"DARKNESS, LIGHTED ROAD",DRY,ON SCENE,11/20/2020 09:06:00 PM,41.808183726,-87.693463345,POINT (-87.693463344983 41.808183725953),C,11,2020,20:53:00