CRASH_RECORD_ID,CRASH_DATE,WEATHER_CONDITION,LIGHTING_CONDITION,ROADWAY_SURFACE_COND,REPORT_TYPE,DATE_POLICE_NOTIFIED,LATITUDE,LONGITUDE,LOCATION,CRASH_TYPE,CRASH_MONTH,CRASH_YEAR,CRASH_TIME
209b0b3950f2b2a64cd6e0da31706c01a67e9981e8f14b7a343c6d26978d3d319ff787d305035843c29b06f434efcf2e3cc69efbf542e54489df803c41d56675,2023-03-17 11:45:00,CLEAR,DAYLIGHT,DRY,NOT ON SCENE (DESK REPORT),03/17/2023 12:15:00 PM,41.891293713,-87.647680593,POINT (-87.647680593026 41.891293712961),C,3,2023,11:45:00
22303f00aaf84b201f8aa2246a387871c7932f59d83b4bceb621b0fa21740f5eda1c993d64b03a55247808a0ed007a6e782486b6e68de88b91c1020d3d9bf6d7,2022-12-22 15:15:00,SNOW,DAYLIGHT,SNOW OR SLUSH,NOT ON SCENE (DESK REPORT),12/22/2022 04:25:00 PM,41.957179469,-87.747545428,POINT (-87.747545428003 41.957179469047),C,12,2022,15:15:00
1fa7b516d6c6e37238d6205d49faaefcbae84556b27fa6810e293c9fc54a9281bafcabf011e497c04ba80a8a82d4bdda05ff72f8cf2192db206120d6ee098949,2022-09-29 16:00:00,CLEAR,DAYLIGHT,DRY,ON SCENE,09/29/2022 04:54:00 PM,41.677906847,-87.623547768,POINT (-87.623547768006 41.677906846967),C,9,2022,16:00:00
21f53846030be58c6051919d4ab217b4ee0c8483bed9ebc706e8c870aa8e79ac1d03bddf348bea86dc23c2dd5ce47f7f130ae41ad87bb89e2e2af711843898ef,2018-04-28 21:23:00,CLEAR,DARKNESS,DRY,ON SCENE,04/28/2018 10:11:00 PM,41.883211639,-87.649885207,POINT (-87.649885206991 41.88321163902),C,4,2018,21:23:00
20c43a3bfd35030d1e4c70268c786cf8b3184d06d3790a65794d0489d77d5ba69fdfa3581769aa86343de2671dc23bfc3e790e82566fa698415bfce5523ddfd0,2021-03-21 03:00:00,CLEAR,"DARKNESS, LIGHTED ROAD",DRY,NOT ON SCENE (DESK REPORT),03/21/2021 03:55:00 AM,41.802118543,-87.622114915,POINT (-87.622114914961 41.802118543011),C,3,2021,03:00:00
2106b762f3f26f7369d04ac6d0eeb16410b45619da0bae96882f68efd607e8364162b120c245404555ad90e4b017fc7c2abb86708eeafb34428bbdc009de899e,2021-10-29 14:32:00,RAIN,DAYLIGHT,WET,NOT ON SCENE (DESK REPORT),10/29/2021 02:46:00 PM,41.786192939,-87.701055579,POINT (-87.70105557902 41.786192938996),C,10,2021,14:32:00
2247954dd76c151ee0cf5c0c78cac994ad34d1d17b817e33e20bdbc009f5f93b981bb068fe83965b712b2cfe73ea8dfabc12d3f37ab76a0ad1d3ec899d30a9e2,2018-04-07 11:30:00,CLEAR,DAYLIGHT,DRY,NOT ON SCENE (DESK REPORT),04/07/2018 12:30:00 PM,41.924997008,-87.68905401,POINT (-87.689054009972 41.924997008049),C,4,2018,11:30:00
20df0e69454f86d1a55104de390c189147f80515227ed7dbf2ff4972cde429c6dfe6c2a486812d67b49ea6f759c86a13abda96959e3bf73f527d05f5b9354265,2020-01-21 06:30:00,CLEAR,DAWN,DRY,ON SCENE,01/21/2020 06:49:00 AM,41.960532229,-87.767097026,POINT (-87.767097025983 41.960532228999),C,1,2020,06:30:00
21544ef3a503fc1e9949d7d3737ec00ffbe552fa89bdf89fb7b7dc44c40eb59c8bf4ec9836e8f65e2628bb89aee146a8f9683539a0d73cbbbff12f42f7cbc83f,2018-08-03 06:30:00,CLEAR,DAYLIGHT,DRY,NOT ON SCENE (DESK REPORT),08/06/2018 01:18:00 PM,41.931607951,-87.697755776,POINT (-87.697755776035 41.931607951049),C,8,2018,06:30:00
20134cef617bdeb97525d4c767cda4260c6e8eb18ec55b8bf65780cfcfb44a8dd351d696f3311daf84d9d69769c0718f145846aa7cc6ba479ed5cce1785ece8b,2019-06-27 18:10:00,CLEAR,DAYLIGHT,DRY,ON SCENE,06/27/2019 06:16:00 PM,41.911020923,-87.637486334,POINT (-87.637486334017 41.911020923),C,6,2019,18:10:00
222284be8ac5cdfb9e1ad9c67dbf08e280218b8742f12961258a18016bed8c4e495c44f2dc0244f77255f1820cf8cbd732ce75a565654415907d3473ba50e24f,2021-05-22 01:05:00,CLEAR,"DARKNESS, LIGHTED ROAD",DRY,ON SCENE,05/22/2021 01:05:00 AM,41.794908912,-87.616471792,POINT (-87.61647179201 41.794908912028),C,5,2021,01:05:00
21127b0015e82abe06ebdaca3a1b773a08bf551bc8969548dc178d373fceaf1c30f2f23c93b38064eb4c44aef44de9fa1c70bd3e538a5c4ca7263ec6636ce7c7,2022-01-24 09:30:00,SNOW,DAYLIGHT,SNOW OR SLUSH,NOT ON SCENE (DESK REPORT),01/24/2022 10:15:00 AM,41.887929955,-87.634089756,POINT (-87.634089756012 41.887929954969),C,1,2022,09:30:00
224c2e42d2db4bd5d55c95b3eaf22be0d035592bbec425f3c803c786a0b2a290c37396c597b1fee34c788b0602d397db39f9a8bc407a55d6774857ce48983150,2016-04-25 16:45:00,UNKNOWN,UNKNOWN,UNKNOWN,NOT ON SCENE (DESK REPORT),04/25/2016 05:15:00 PM,41.984874268,-87.787555484,POINT (-87.787555484022 41.984874268025),C,4,2016,16:45:00
204345a9160dc8355f4d928238513eb2e31a1fe45c761fed4ae5b0b3b33036f55416e9aefe5055588f5ac86e5bd3da53b96a7f03ba18f15f5856cf4c9d982a14,2020-10-08 18:00:00,CLEAR,DAYLIGHT,DRY,NOT ON SCENE (DESK REPORT),10/08/2020 06:00:00 PM,41.884600962,-87.627828521,POINT (-87.627828520965 41.884600961961),C,10,2020,18:00:00
1fd1f2f24ee4acd8efac13e24a3ce23009fb1a3232a8a45d29418fd384b5387e091bf8101b096f899ef100e40c3e73f794c6803932252dc7b812f4d530b595b4,2019-12-12 09:00:00,CLEAR,DAYLIGHT,DRY,NOT ON SCENE (DESK REPORT),12/12/2019 10:10:00 AM,41.888399178,-87.623954282,POINT (-87.623954281953 41.888399177959),C,12,2019,09:00:00
20f795046aaab64dfbe58d375e71e5e5856eebb7c3b56452507aaf7d765eceec1020ca29e1a6bf4def764b746b0027ae4e0189de32886415560a4f33de9d7159,2019-08-25 19:45:00,CLEAR,DUSK,DRY,NOT ON SCENE (DESK REPORT),08/26/2019 01:00:00 AM,41.765563782,-87.624825828,POINT (-87.624825828045 41.765563782008),C,8,2019,19:45:00
2059e9eb21d0768f2e9f83a753f5b5ec6c1529e27259a8b4fbf6dcb95ecc88b7a5d93c8d863b4e3c51429071c62129888c4bcce4819b008bcf4d7be73edb0ed7,2017-06-09 00:30:00,CLEAR,"DARKNESS, LIGHTED ROAD",DRY,NOT ON SCENE (DESK REPORT),06/09/2017 08:20:00 AM,41.8134374,-87.595051785,POINT (-87.595051784973 41.813437400006),C,6,2017,00:30:00
20847f5ead140d9929d5b607801251689920993ca4e57d1a70d6ec6f8d7adb1f6858327af3e75f85c0795312cb4036db226e83ee84a33f7bda97c3a397dc77c6,2018-02-24 21:14:00,CLOUDY/OVERCAST,"DARKNESS, LIGHTED ROAD",DRY,ON SCENE,02/24/2018 09:14:00 PM,41.740885164,-87.651195088,POINT (-87.651195088036 41.740885164006),C,2,2018,21:14:00
20a9e88408b65ec81c0b8955ede53d779133a6becd84eea1705ed481d52a014f9c5d608a87af1c348ba159ebb44b054d4eab7b8b64c81cf7da34ed9d72ceb273,2019-05-04 14:52:00,CLEAR,DAYLIGHT,DRY,ON SCENE,05/04/2019 03:09:00 PM,41.691555638,-87.692529874,POINT (-87.692529874047 41.69155563804),C,5,2019,14:52:00
21768684ffce67e1602968b831486db7705e22aad2b46d31c8874fe82bd410008b2fa792ec9d6f82438b6aaa97e110c142420790f52b6779382fe65ed8955b33,2019-12-27 10:43:00,CLEAR,DAYLIGHT,DRY,ON SCENE,12/27/2019 10:43:00 AM,41.830728826,-87.655813252,POINT (-87.655813252029 41.830728825995),C,12,2019,10:43:00
20ddad9840a970192b078c6d495a92dbbfb12cc387efcfe323cf8323c1723d17715245c8c70a6ac3da170ec70a7bf2984adc01dfe9937e6e9b22b630c48b2da6,2022-02-05 15:00:00,CLEAR,DAYLIGHT,DRY,NOT ON SCENE (DESK REPORT),02/07/2022 04:20:00 PM,41.91975438,-87.687333666,POINT (-87.687333666029 41.919754379966),C,2,2022,15:00:00
2142089def9a930faad366e8e52f38a36c9b26cce35bd7642d4396206e6c7b118517d230c29afd2928a1b8a9a4239a739e589f96b2b931539621078b1c254301,2017-02-16 17:15:00,CLEAR,DAYLIGHT,DRY,NOT ON SCENE (DESK REPORT),02/16/2017 06:30:00 PM,41.881779411,-87.654380269,POINT (-87.654380269009 41.88177941105),C,2,2017,17:15:00
217c339eb5b9a7829a071a4b5c38f9bed838234a68fb3141dfcf2afbed0eb546f9c629ed02d3b782b88749476dc0cee07521a0f0d49acbd764c1e4a9492076fc,2018-02-07 12:10:00,SNOW,DAYLIGHT,SNOW OR SLUSH,ON SCENE,02/07/2018 12:13:00 PM,41.910005731,-87.706895043,POINT (-87.706895043031 41.91000573099),C,2,2018,12:10:00
21ded56f478df63e7a6f8db9f06001d2c4afcbac01a92132aaf49d08684233782d62d789f51135bc3b5b54985248b0daf957993bf0af110296409ab2a7310279,2019-10-10 14:45:00,CLEAR,DAYLIGHT,UNKNOWN,NOT ON SCENE (DESK REPORT),10/10/2019 03:30:00 PM,41.882211292,-87.710898608,POINT (-87.710898608036 41.882211292041),C,10,2019,14:45:00
20fe168e726aeff4cb04197d95179d7df0f041cd9952b6f239ecdde2fd056b31e02118bffc24694dc2659439dc6196e4d3d09199ab9b03a5b1786fd14ed1f38a,2019-08-09 17:35:00,CLEAR,DAYLIGHT,DRY,ON SCENE,08/09/2019 05:47:00 PM,41.891955277,-87.617777237,POINT (-87.617777237011 41.891955276985),C,8,2019,17:35:00
220ff3bdc4b803715b1c4a213e6b48cabd805b3a7048eee04322b6c659efd496952e39fa29c2a187949d31e64f0958b73e97c4107b51af5896f560a980a96bfa,2017-12-09 04:00:00,SNOW,"DARKNESS, LIGHTED ROAD",SNOW OR SLUSH,NOT ON SCENE (DESK REPORT),12/09/2017 04:40:00 AM,41.972649606,-87.713508202,POINT (-87.71350820197 41.972649606005),C,12,2017,04:00:00
20a8ef0ba107cb635307b998940b031d4d546c03800333ff454a6e31c6fb151531750a26366b8647fad240fe428b9f194a514e64615bb803b18d99ae197a8670,2021-05-20 21:49:00,CLEAR,"DARKNESS, LIGHTED ROAD",DRY,ON SCENE,05/20/2021 10:00:00 PM,41.958986951,-87.933993929,POINT (-87.933993928974 41.958986950953),C,5,2021,21:49:00
21b755834ad249294397e0d595aeff4fcfbcef32e7d1123fb168a27638351894defe917823451a6d2369f1830f28445a2961e4ea35bb843acb72aa8aa8772145,2016-06-02 11:30:00,CLEAR,DAYLIGHT,DRY,NOT ON SCENE (DESK REPORT),06/02/2016 02:46:00 PM,41.693984262,-87.612044948,POINT (-87.612044947996 41.693984262024),C,6,2016,11:30:00
21d4ae8c37b8bd36317e9293f92508b7bb3e9f8b6170b02aa958e24125305aad5c1e903c85d95aae2c8a11c6ae2815095ef69f747ee26d2eee07262f9a3bce34,2023-01-02 13:15:00,CLEAR,DAYLIGHT,DRY,NOT ON SCENE (DESK REPORT),01/02/2023 06:00:00 PM,41.735733511,-87.721498188,POINT (-87.721498188022 41.73573351095),C,1,2023,13:15:00
21ac845ebe7d53a5087addf8411af4eb15acb6ec91ab7f329cfe925f8c86274aac320da448aff280a60a998c34ab9c4a263767cec152e8a1764384df2294488a,2020-03-21 06:45:00,CLEAR,DAYLIGHT,DRY,ON SCENE,03/21/2020 06:46:00 AM,41.735617968,-87.682663369,POINT (-87.682663369002 41.735617967973),C,3,2020,06:45:00
20ddc1254dc3edafc0dfd0549c043ffbcd8fc65a159d5c3d15275141146e93105faede66268989621640b2098d0b13bbe6b4d312403197fd4ae0851439fc19f1,2022-01-15 19:30:00,CLEAR,"DARKNESS, LIGHTED ROAD",DRY,NOT ON SCENE (DESK REPORT),01/15/2022 07:50:00 PM,41.942978341,-87.670803378,POINT (-87.670803378013 41.94297834098),C,1,2022,19:30:00
2044f411460521072fa3807a6154d4f8463145e8546e731d84b420b9a8613cd1adf42f960d85b61ab0175b6f95b151d1aa3fe2f43a2a5175f698a6e799b1d0be,2022-10-14 07:22:00,CLEAR,DAYLIGHT,DRY,ON SCENE,10/14/2022 07:28:00 AM,41.910005731,-87.706895043,POINT (-87.706895043031 41.91000573099),C,10,2022,07:22:00
1f94368756e6b0c83948cc1f2dbec28c0e4b8a7f078b5646ee4820a6a0b0578c91e45513655b22f8f5658d83968cf2b6eb9757fdea2b62b7cc9c71efa9e716ad,2020-01-01 00:30:00,CLEAR,"DARKNESS, LIGHTED ROAD",DRY,NOT ON SCENE (DESK REPORT),01/01/2020 04:40:00 PM,41.892374041,-87.627242942,POINT (-87.627242941998 41.892374041012),C,1,2020,00:30:00
2016588602b2e22015554dffc07ef5232e5ed74315c4f328770a516c1669c4384927c3e33fa0dc19b65ef8a290ec9c94d84dcda152aa8ab035b9315032971450,2017-03-18 21:49:00,CLEAR,"DARKNESS, LIGHTED ROAD",DRY,NOT ON SCENE (DESK REPORT),03/18/2017 09:57:00 PM,41.895499511,-87.723699547,POINT (-87.723699546998 41.895499510995),C,3,2017,21:49:00
1fe50d115a05c1bc7f9d6d545821aa3c952ec29da8a888b97a36a35da2891cbd1436d4735aabeaaf10e6a2c7ca00b40ab7ed5d788177c5b8043ba803b695a9e4,2020-02-08 20:05:00,CLEAR,"DARKNESS, LIGHTED ROAD",UNKNOWN,ON SCENE,02/08/2020 08:12:00 PM,41.744151639,-87.585945067,POINT (-87.585945066953 41.744151639042),C,2,2020,20:05:00
1ff36807be98717135254fec1f2a3680865acc1b90a9323de6b04caea03fc833013a6eed0c9e5a20f0066a9c8ff9b68771554f2614b0dc90c11a3cf6ea7aad5e,2023-02-24 02:09:00,CLEAR,"DARKNESS, LIGHTED ROAD",DRY,ON SCENE,02/24/2023 02:09:00 AM,41.758851593,-87.588851537,POINT (-87.588851536986 41.758851592962),C,2,2023,02:09:00
1ff81f59436ea82db0a582036dd36388fe9c0ee276f6887f12d5762c6a6ed4e5d1679f4518af945c6cb34e824f75292ae80313240e811535118de5329c1b1e16,2022-07-29 04:10:00,CLEAR,"DARKNESS, LIGHTED ROAD",DRY,NOT ON SCENE (DESK REPORT),07/29/2022 05:00:00 AM,41.896393332,-87.654686711,POINT (-87.654686710965 41.89639333201),C,7,2022,04:10:00
215b8171bdf5b9f0062378416c85d4289411c541f270ea8f71b2680aab64353e0edcab49d88b8520647f2eb441b9e43ece95654c810b2767867503304df5f70f,2023-03-30 14:30:00,CLEAR,DAYLIGHT,DRY,NOT ON SCENE (DESK REPORT),04/03/2023 01:37:00 PM,41.735733511,-87.721498188,POINT (-87.721498188022 41.73573351095),C,3,2023,14:30:00
217fa3e34ee2da63c14dcdb5a1e584bea5031f023c9d4be509765c92458ae23551a3eabce5d25c6eb5cbe544453e95ca85d4dd3c137cbb07303a7742df0a29c0,2019-01-30 20:10:00,CLEAR,DARKNESS,DRY,ON SCENE,01/30/2019 08:15:00 PM,41.975355803,-87.65189745,POINT (-87.651897449989 41.975355802966),C,1,2019,20:10:00
20821cacec178ced6def1601e0f497afa1ebad86e02b993cc661bbdb8009a2030a30dd58402518c524d785cb9885411bc2a18cfbfead4be69a8f98f2f4ea8921,2020-11-19 11:25:00,CLEAR,DAYLIGHT,DRY,NOT ON SCENE (DESK REPORT),11/19/2020 03:05:00 PM,41.884348941,-87.632286376,POINT (-87.632286376049 41.884348940984),C,11,2020,11:25:00
206f4ab0be64c5977b0695c5448d81c2f45c08f06f07a879049ccbaffa7084898554ad40af0d24aff262a36bdc70430708b357735f775fc2b9b75b8f652f4137,2017-11-18 08:50:00,RAIN,DAYLIGHT,WET,ON SCENE,11/18/2017 09:00:00 AM,41.990024694,-87.728708871,POINT (-87.728708871015 41.990024694008),C,11,2017,08:50:00
20c608fec3ae6b9715cd49024cd105d22d0de621502c34666a42dd843f5a103858e15cb53038275fb9254e150e286289508e0088e0a32ea5b506c244966911c2,2019-08-30 17:32:00,CLEAR,DAYLIGHT,DRY,NOT ON SCENE (DESK REPORT),08/31/2019 09:45:00 AM,41.828536876,-87.686501018,POINT (-87.686501018044 41.828536875955),C,8,2019,17:32:00
2168e0130ff804703776ac205c7d80e64d01c8c1264e5c620d176b9f7768cd4b84b85228ca9f5076affb91eeb2424d8c481416b3a2f99935ff217fe869c3d6f2,2018-10-08 02:30:00,RAIN,"DARKNESS, LIGHTED ROAD",WET,NOT ON SCENE (DESK REPORT),10/08/2018 03:10:00 AM,41.910438429,-87.686739096,POINT (-87.686739096017 41.910438429001),C,10,2018,02:30:00
1fcbb837285ced6502f53f13a381501012466be13b0fb151293ebd531553758f3e20018a6cb79512730e45d6570d7eae3fe4df38e9550382dde949858513d9e4,2021-03-01 18:19:00,CLEAR,"DARKNESS, LIGHTED ROAD",DRY,ON SCENE,03/01/2021 06:20:00 PM,41.837732675,-87.66589445,POINT (-87.665894449999 41.837732674972),C,3,2021,18:19:00
2156d313ac640d15c6aa177691367c8f0b1af967054908148a56410f6c2ddda781dc74338db37279692ff3662e7cbdbdd72d49ccd7702482a8f0a30fab763f0b,2022-05-02 09:00:00,CLEAR,DAYLIGHT,DRY,ON SCENE,05/02/2022 09:00:00 AM,41.949044886,-87.661250468,POINT (-87.661250468049 41.949044885994),C,5,2022,09:00:00
22219aae6e8af8dd5f60201c671de3b6d22c348a8880cd0e4e378ff218bc66e869eea62b38d74a240b934b5dac05158f9e32e31fb033f3d783f35df9154a73e1,2016-05-31 16:00:00,RAIN,DAYLIGHT,WET,NOT ON SCENE (DESK REPORT),06/01/2016 11:20:00 PM,41.744151639,-87.585945067,POINT (-87.585945066953 41.744151639042),C,5,2016,16:00:00
2010843a164845e49947210ab96bab2e0d5cbeadc23d89efd7b719437b72f3c354330e9e21ab0b5bc067783395fbdd111a22e974ca45f5b0a4381b0b8c83e69a,2019-01-28 18:22:00,SNOW,"DARKNESS, LIGHTED ROAD",SNOW OR SLUSH,ON SCENE,01/28/2019 06:24:00 PM,41.924270719,-87.653422522,POINT (-87.653422522035 41.924270719011),C,1,2019,18:22:00
21bd4d8747daecd4d86229a05b43b083a3981df2cfe2bb41908a43aee98910cb2406bf94ac101c49e5f288b7f939f2d08e38e3836f985390ea564abd8249f6e9,2022-12-06 09:00:00,UNKNOWN,UNKNOWN,DRY,ON SCENE,12/06/2022 06:15:00 PM,41.914723352,-87.689925182,POINT (-87.689925181989 41.914723352024),C,12,2022,09:00:00
21a496f3df012a25e3fd6da90b0d271abcaec9fa0d1b999827ad33234b541565e16e3aadd1ed6b73627a54320ccbe25285b340140653e5b6626f189299bb4b84,2022-11-29 12:33:00,CLEAR,DAYLIGHT,DRY,ON SCENE,11/29/2022 12:33:00 PM,41.866501191,-87.686157599,POINT (-87.686157599021 41.866501191036),C,11,2022,12:33:00
20a0a38d8f4cc5552118e1cb9513dd3f13bce4fc1a1fc9aaf0dcba6ffaf3b7251cc729e75709e77b75c22ac45306ef3b1223ee0dd860013f56e4a5a4bb16726f,2022-10-08 18:45:00,CLEAR,"DARKNESS, LIGHTED ROAD",DRY,NOT ON SCENE (DESK REPORT),10/08/2022 07:50:00 PM,41.995579197,-87.675876884,POINT (-87.675876883986 41.995579196996),C,10,2022,18:45:00
21f77a725ed750fae7cb51e3a4ce6b733e38b975728de85b6c28a07e60428738ec80b7a00b8fbee30c1c768b82c44f4eaf0a85945e75fbb817f909f6a64b16e1,2020-07-29 10:10:00,CLEAR,DAYLIGHT,DRY,ON SCENE,07/29/2020 10:13:00 AM,41.879813058,-87.725492182,POINT (-87.725492182032 41.879813057952),C,7,2020,10:10:00
21b8fedd71f72a987d968871cff7f87205952aa70e5d0f678819ce5c14f5b01ab44b917982ab55bd5f00e19ccd4353ff25c65555ca47ecb6db0327f3185ad294,2021-04-03 09:28:00,CLEAR,DAYLIGHT,DRY,ON SCENE,04/03/2021 09:34:00 AM,41.924439291,-87.739490621,POINT (-87.739490621032 41.924439290993),C,4,2021,09:28:00
217caa6775d3cb36ae884bb5b80a7629d05108371fd7d62cce5f1fa09650edb7bdd776f689715e8bd847ae9fb5a1f6e1b301a5d9d3f81f90ea4215cfed98cfe4,2017-07-31 18:45:00,CLEAR,DAYLIGHT,DRY,NOT ON SCENE (DESK REPORT),07/31/2017 07:55:00 PM,0.0,0.0,POINT (0 0),C,7,2017,18:45:00
22399877302459044f9a7c44dd0f8f723bd6ff1866519011fbef54e0954432492e7aa4bfbe13bb78f01cf271599f20475195dac45863f419d043ff05e8f362e6,2022-11-07 20:40:00,CLEAR,"DARKNESS, LIGHTED ROAD",DRY,ON SCENE,11/07/2022 08:47:00 PM,41.968260726,-87.716418153,POINT (-87.716418153012 41.96826072601),C,11,2022,20:40:00
2133eb7f14594f7fbacda2498f33c7b4ff20d560b1b4f1121362cac46e3546c4221928add0ffa9f64835e47b240d0dbd495b6f022176833ee08fc5feed07abbf,2020-08-29 14:58:00,CLEAR,DAYLIGHT,DRY,ON SCENE,08/29/2020 02:58:00 PM,41.773455972,-87.585022352,POINT (-87.585022352022 41.773455972008),C,8,2020,14:58:00
2118669bdfb3f4722eb08d5d48fbc023476cdf4b981587c942ad5080ae29cfbbd211cd936f9f3c6422b1c52bad5bc0a3961022111d0dfda1f67b1e836b25284d,2018-01-05 14:09:00,CLEAR,DAYLIGHT,DRY,ON SCENE,01/05/2018 03:28:00 PM,41.899278801,-87.726347979,POINT (-87.726347978977 41.899278800995),C,1,2018,14:09:00
1fabb3016f493e9c2f121c50f88a7b588b89ec80ba95b53af1e3bfbfb34ad39f69c0518a99ffac32b3fea833eeca995b63458b6233dd92ab3494b6fba3f512e7,2021-01-02 04:30:00,SNOW,DAWN,SNOW OR SLUSH,ON SCENE,01/02/2021 04:45:00 AM,41.776087494,-87.683412333,POINT (-87.683412332996 41.776087494005),C,1,2021,04:30:00
2015baf377597f9cdd6da4e2067e2fc1a47cb1c453db1e93f75893555adb88dac55361db8e782be6d16a4fa4bc42cb953002b827197a894c72fe7f17f2c63bd6,2019-07-05 12:00:00,CLEAR,DAYLIGHT,DRY,NOT ON SCENE (DESK REPORT),07/05/2019 12:25:00 PM,41.997655095,-87.699498438,POINT (-87.699498437993 41.997655095),C,7,2019,12:00:00
20812f7434b8bc460cf1b6d544cb967e52dfb9dc6202c4e9d9aeea9885711a14ebeedcbd9e71bd41dc8a996d85ae1347966ed9ea0e08ad15b1d9203b2a9392fa,2020-06-12 17:24:00,CLEAR,"DARKNESS, LIGHTED ROAD",DRY,NOT ON SCENE (DESK REPORT),06/13/2020 04:15:00 PM,41.720930072,-87.675096598,POINT (-87.675096597998 41.720930072023),C,6,2020,17:24:00
20af970d20a76458c40647143ff53a9e593f5b198075d2d8ad4fb85e3a83b6913a0ddb4502256b410860ca7dad5c447a6fefd18898c57e4c13cff568f38d0888,2022-10-19 09:20:00,CLEAR,DAYLIGHT,DRY,NOT ON SCENE (DESK REPORT),10/19/2022 09:45:00 AM,41.932710161,-87.678929038,POINT (-87.67892903804 41.932710160962),C,10,2022,09:20:00
1f8b7466c92292ae561d77352cae0c0ac6de0b2e7657d8087984565f56a837809709570c1af5f752a4757899cdf0204caa29a19f22c18f4fad8b496fc5f66c18,2023-03-22 06:25:00,CLOUDY/OVERCAST,DAWN,DRY,ON SCENE,03/22/2023 06:30:00 AM,41.983148128,-87.71136489,POINT (-87.711364889983 41.983148127979),C,3,2023,06:25:00
1faf6fff4488f84df724b65b51b56457c2be4ee8894760267ef63b67ea21b4b55b9778b55dff3726ea39adc6c7ce778a9d7c66fab959c36ba4f57738ebcdf755,2022-10-10 22:58:00,CLEAR,DARKNESS,DRY,NOT ON SCENE (DESK REPORT),10/12/2022 04:02:00 PM,41.802040988,-87.744381148,POINT (-87.744381147954 41.802040987964),C,10,2022,22:58:00
20ceae8e577567b186690dac1d9cb0ea5020775e16af43771e34b2eb1b90dcc3a51dd3043d866807ea11114b06939af30e63284e60bba602e2e155df60e6a654,2017-04-25 19:15:00,CLEAR,DARKNESS,DRY,ON SCENE,04/25/2017 10:25:00 PM,41.866501191,-87.686157599,POINT (-87.686157599021 41.866501191036),C,4,2017,19:15:00
1f8c58bfaf23c06f562d64961a2c4011cb446b3762c3dd784633d9949d98e1c16a322cdd051ded5ee84c241ab1f57c0a34030d92743201b5744c94b096b2aa98,2023-02-25 23:55:00,CLEAR,"DARKNESS, LIGHTED ROAD",DRY,ON SCENE,02/26/2023 12:05:00 AM,41.758851593,-87.588851537,POINT (-87.588851536986 41.758851592962),C,2,2023,23:55:00
1fae6cb1ba69030840ff7a26b73e157cd777523d8006f1d3f73268600e19121b2c226fdd76bd98277be47cca4758fcf8f85f5fc3cd8ef1db69e779f2e68a5f98,2022-01-30 00:40:00,CLEAR,"DARKNESS, LIGHTED ROAD",WET,ON SCENE,01/30/2022 12:58:00 AM,41.884516857,-87.647390682,POINT (-87.647390681951 41.884516857046),C,1,2022,00:40:00
1f8eee57af4cea07e37447529e783e81c99dbb149d49d4de08786bde9dbcf3616f396ecdd55814d902270f093bde31014ffa5e6466dfde1934a23aa7649da931,2021-03-12 20:40:00,CLEAR,"DARKNESS, LIGHTED ROAD",DRY,NOT ON SCENE (DESK REPORT),03/13/2021 09:12:00 AM,41.884516857,-87.647390682,POINT (-87.647390681951 41.884516857046),C,3,2021,20:40:00
20b9c2c7315604f3b9852f48adb06dd38bcb8ee3518b816088f1f3a7841e34f97814e9c3669b04a249864552b57cefc1135ef1d783f83ca685f8b9da27ecab10,2021-07-11 10:49:00,RAIN,DAYLIGHT,WET,ON SCENE,07/11/2021 11:02:00 AM,41.774128248,-87.741988303,POINT (-87.741988303031 41.774128247998),C,7,2021,10:49:00
212e0e6e1a82339b4be5fc5698ba8bf9e763847d9a576d89e63d8a24f129cb1784cc02725fe4645720ac51173d156381ea72929949d0ec136a6723b000f44100,2019-01-05 17:58:00,CLEAR,"DARKNESS, LIGHTED ROAD",DRY,ON SCENE,01/05/2019 06:01:00 PM,41.9613821,-87.693721472,POINT (-87.693721472018 41.961382099963),C,1,2019,17:58:00
216ec16af8595b576a0ebc6211e3ea648eb7a69c086c84b7bc5d8a969981e6ef5570f057e4f755617fbb142050538e10344cfb3630e819534794a065cfd2d96b,2019-10-01 12:00:00,CLEAR,DAYLIGHT,DRY,NOT ON SCENE (DESK REPORT),10/01/2019 12:20:00 PM,41.981194758,-87.772607878,POINT (-87.77260787798 41.981194757951),C,10,2019,12:00:00
1fef89d36a9a50d4963fa3844cdbfdc5c157c3489c331e4f7de5f1112634d1b9482bc2f0535e74b66b64905172e4e751c3c58a42425cccf3ee1a7c50b5ec4af2,2016-12-07 17:55:00,CLEAR,DARKNESS,DRY,NOT ON SCENE (DESK REPORT),12/08/2016 09:42:00 AM,41.803758706,-87.620923702,POINT (-87.620923702026 41.803758705987),C,12,2016,17:55:00
209e0294c07ebc1418aa53b549b9825f375afcdcb75bf104279db5a4fb1bb6c4bd65dc58eb5dfca287a0288a2c9498b1d688cdedf5c4db01ba8027d245d8ed8f,2020-04-27 20:50:00,RAIN,"DARKNESS, LIGHTED ROAD",WET,NOT ON SCENE (DESK REPORT),04/27/2020 08:58:00 PM,41.880047513,-87.764715205,POINT (-87.764715205009 41.880047512958),C,4,2020,20:50:00