CRASH_RECORD_ID,CRASH_DATE,WEATHER_CONDITION,LIGHTING_CONDITION,ROADWAY_SURFACE_COND,REPORT_TYPE,DATE_POLICE_NOTIFIED,LATITUDE,LONGITUDE,LOCATION,CRASH_TYPE,CRASH_MONTH,CRASH_YEAR,CRASH_TIME
2238152601f06d8a9fefe0d8be807af01d553b9551e2f92e9ce6a5a449769ea2ed6b7eb7e05b30b709b030914fba277c2623b2131e9c0673218d9ae5cfd5b845,2019-11-16 10:10:00,CLEAR,DAYLIGHT,DRY,ON SCENE,11/16/2019 10:15:00 AM,41.975582686,-87.71341252,POINT (-87.713412520021 41.975582686047),C,11,2019,10:10:00
222a9d240cf0a5da4bbb2e1033fd6680b97cae8b85b0954653941f5c66311890ab0722d1e416b139d1695b81744e3986ef2547fda1abb229518b979571929271,2019-11-04 11:15:00,CLEAR,DAYLIGHT,DRY,ON SCENE,11/04/2019 11:33:00 AM,41.880660067,-87.740728133,POINT (-87.740728133013 41.880660066981),C,11,2019,11:15:00
2072f34e3b8752842219f06019f906745a9ef15d01a2aa3c2e09826d0f9c984b5d76d13e15bcd265a653eb69c4e253e0bb0d3e554cbd21ba4e6e0800349c0f82,2017-09-29 17:30:00,CLEAR,DAYLIGHT,DRY,NOT ON SCENE (DESK REPORT),09/29/2017 08:20:00 PM,42.005748683,-87.660817462,POINT (-87.660817461963 42.005748682954),C,9,2017,17:30:00
21fead568ecf7103837b0b323cfdbfdbe382deb3092f67b426cf26513ea851d91acd44efe0a08eb23669088013f04f47b64e5b86db5fe9bf2dbd4cfcc3da1acc,2020-08-09 20:30:00,CLEAR,"DARKNESS, LIGHTED ROAD",DRY,NOT ON SCENE (DESK REPORT),08/10/2020 02:25:00 PM,41.972666708,-87.667361685,POINT (-87.667361685022 41.972666707978),C,8,2020,20:30:00
2522b38f51598d98236716d0617759d0be68688a9e7eecb088cf678c6a84634ca0b49f2c107275b745d847c2d020041175f5d2df669b1765e356461f6ce21b51,2023-05-02 13:00:00,CLEAR,DAYLIGHT,DRY,NOT ON SCENE (DESK REPORT),05/05/2023 08:10:00 AM,41.663355654,-87.641363438,POINT (-87.641363438039 41.663355654041),C,5,2023,13:00:00
250771cdbe71536c400cd0a4a413184c7ac302360732cf83b3558a5532234b124db4acd35ae6e1180cdc426ae85cad2a2d27057cdc4e816626e477ddaefce88b,2021-04-05 21:20:00,CLEAR,"DARKNESS, LIGHTED ROAD",DRY,NOT ON SCENE (DESK REPORT),04/05/2021 10:30:00 PM,41.759853407,-87.644338447,POINT (-87.644338447024 41.759853407033),C,4,2021,21:20:00
2464e10bfe94b5c1280aaf78e80c49ce57894e5cac521d0c15b6a18e0039d05ffd880cc22c07fddc6a4c749204a46efe51a38507e1cc5c55c56e88b34ca3d590,2019-03-25 20:00:00,CLEAR,UNKNOWN,DRY,ON SCENE,03/26/2019 01:57:00 AM,41.802118543,-87.622114915,POINT (-87.622114914961 41.802118543011),C,3,2019,20:00:00
2280388ff9a37d22fda36631d43f81a944e69483a66018eafc7bdfd04dc765e26782e806ddbf5dd3eb8242d2336b639bea85aa189a5550de6b2570a3ab380a62,2018-12-31 15:30:00,CLEAR,DAYLIGHT,DRY,NOT ON SCENE (DESK REPORT),01/02/2019 04:53:00 PM,41.924490094,-87.717288131,POINT (-87.717288130979 41.924490093998),C,12,2018,15:30:00
230102b1b6d08b3bb9a87cb032360fba57a03f14a9a2f985a334d2427960454851d02a46a33c1df5f389d6fdbaf3fa63ee5f53c598dbd426708febc56d7c5114,2018-09-16 17:20:00,CLEAR,DAYLIGHT,DRY,ON SCENE,09/16/2018 05:25:00 PM,41.903825234,-87.64328636,POINT (-87.643286359995 41.903825233976),C,9,2018,17:20:00
251075240b992acec5e9a8d567f6b27cc894b7757e6d98c50c6c8fbd4a02412111fb895ecba38f65993173b4265f9146c3ccc6c075340e171992b820635aac35,2020-01-21 11:14:00,CLEAR,DAYLIGHT,DRY,NOT ON SCENE (DESK REPORT),01/21/2020 11:30:00 AM,41.97600184,-87.689092635,POINT (-87.689092634969 41.97600183997),C,1,2020,11:14:00
249f51cb51d31a6de4eed8783973f81d83328b2c5aae98f40be04b11cdc5b964954fe404d1575b51ab64eb19ec81d0d1b19dbd5a9c1b84f9320fb37e902ecdab,2019-06-10 22:00:00,CLEAR,"DARKNESS, LIGHTED ROAD",DRY,NOT ON SCENE (DESK REPORT),06/11/2019 03:42:00 PM,41.978973027,-87.836733659,POINT (-87.83673365898 41.978973026997),C,6,2019,22:00:00
2345fcdb9f52a12c82e4c3b119ff20be2e7e092845a5ed6065367c092f79bf079ad75a19d39fc680644d38ab72c19180a64ad68423671d7314cbde193a49fe55,2022-08-27 23:25:00,CLEAR,"DARKNESS, LIGHTED ROAD",DRY,NOT ON SCENE (DESK REPORT),08/28/2022 12:15:00 AM,41.953203301,-87.756048735,POINT (-87.756048735038 41.953203300975),C,8,2022,23:25:00
24863a50a1d50221201a7a2ddc870d607756b2cd46c702140e4b727e9db286f34eb7c550f34fb32d1b569155922d25db931ce2004e065308acecc93d0f18f7cc,2016-02-28 16:15:00,CLEAR,DAYLIGHT,DRY,NOT ON SCENE (DESK REPORT),02/28/2016 04:45:00 PM,41.741803599,-87.740953582,POINT (-87.740953581987 41.741803598989),C,2,2016,16:15:00
23883c868c44b9a1c799f7c0fdb183cdf2eb887b416463b357c687243194fccf30b5d74af2c84fdfbb83b9b8b282f66f2935a76b4774ea9929966146663f8d46,2022-03-17 15:00:00,CLEAR,DAYLIGHT,DRY,NOT ON SCENE (DESK REPORT),03/17/2022 04:00:00 PM,41.910005731,-87.706895043,POINT (-87.706895043031 41.91000573099),C,3,2022,15:00:00
23f4d024df3bda341b48bae1d3adf6fb8fcdfdfce2ba454e30c59a93e9158c8f77bf94f0ee9bb231549cf9cf314d5d0ebf63a4258b5b874189a89e07ae15b5e7,2016-01-15 12:25:00,RAIN,DAYLIGHT,WET,NOT ON SCENE (DESK REPORT),01/15/2016 12:35:00 PM,41.997655095,-87.699498438,POINT (-87.699498437993 41.997655095),C,1,2016,12:25:00
24fae991ae41e5d55a5e3e794dd2f12b1c87d54559b51262db97fb460bed6c718ae85b689e06cb683aae040235b25d7e6cb177d99f3ed297cf714d8034b3ea66,2022-04-17 14:33:00,CLEAR,DAYLIGHT,UNKNOWN,NOT ON SCENE (DESK REPORT),04/17/2022 04:00:00 PM,41.992322882,-87.680021812,POINT (-87.680021812042 41.992322882016),C,4,2022,14:33:00
23791f5c47c5dbb6e6139b325ddd8b9dbb1f1e33bd29950b2faa1280b7ce76cdfd967fdb93d28e106b50e817ca743205cd1268eb461c39d2ff038926a0d4bbbd,2022-08-05 18:34:00,CLEAR,DAYLIGHT,DRY,ON SCENE,08/05/2022 06:34:00 PM,41.750388107,-87.669438517,POINT (-87.669438516967 41.750388106952),C,8,2022,18:34:00
23cbedf4040888471866515d84471232a610165397d8950d893369a526d2ba1734c96aecd0e8473014b4b24af8353785771f8611896104f4338f29aa63e9172b,2022-08-31 13:30:00,CLEAR,DAYLIGHT,DRY,NOT ON SCENE (DESK REPORT),08/31/2022 05:00:00 PM,41.729738814,-87.64329779,POINT (-87.643297790027 41.729738814043),C,8,2022,13:30:00
24f73d73cbab145c06e057ba3b0eadf5f82ea9c42bb5a9fd24ff90ebed8e880f47a8c68fa7a30031f1bd4a45bfd607323ee697504f054570755fdac0cde98203,2020-09-18 16:00:00,CLEAR,DAYLIGHT,DRY,ON SCENE,09/18/2020 04:09:00 PM,41.785387445,-87.606183761,POINT (-87.606183761008 41.785387444959),C,9,2020,16:00:00
2510c6246e75bf1682c1ac2468c353952840c6b8c9c4f3969d49cb850e9d25114ca6aab69e21cd32979ef82b351299b84d2cbd6aae0bab9d4511faa3958c92c5,2022-03-18 05:00:00,CLEAR,DARKNESS,DRY,ON SCENE,03/18/2022 05:00:00 AM,41.75616061,-87.634583596,POINT (-87.634583595966 41.756160610031),C,3,2022,05:00:00
23053b7b5a6dd17ffa5545777917f7e02d1782cb2d585b1251613ffd7ae8b263aed481474fcc48d9cf6f19a1d203036eef1d68dcde13a50fbf8eebc72dbc0f8a,2021-10-13 15:40:00,CLEAR,DAYLIGHT,DRY,NOT ON SCENE (DESK REPORT),10/15/2021 04:10:00 PM,42.00489874,-87.702943101,POINT (-87.702943100968 42.00489873996),C,10,2021,15:40:00
24dead53f4cae762ab215ac32f74e8bd834a1a6847734cae668b4e184faed05a0b050e485e496812f13fd6495b456c41676ffe979e00dd155a36e0748968dac3,2020-03-01 19:42:00,CLEAR,"DARKNESS, LIGHTED ROAD",DRY,ON SCENE,03/01/2020 07:45:00 PM,41.942612691,-87.745158091,POINT (-87.745158091015 41.942612690976),C,3,2020,19:42:00
236812b6a594fb4bda97a13ef76edbc37c6b9469e5ba11ee03b2e6a6ee0460c2c237444840999dd3b60b7fef8344483bf3fb109e9f7622bcc42036f3c0a3473c,2023-03-27 11:42:00,CLEAR,DAYLIGHT,DRY,NOT ON SCENE (DESK REPORT),03/27/2023 12:15:00 PM,41.792123048,-87.685177441,POINT (-87.68517744099 41.792123048027),C,3,2023,11:42:00
23ccce0212aca5379d357dec8410915801b1fc9b73fc51d5c472ec3af50f4fee11acaa2f5f13f6929994ecd20f18a9627c1ff49de84e82902c0a1178ee47c623,2020-07-04 03:30:00,CLEAR,DARKNESS,DRY,ON SCENE,07/04/2020 04:33:00 AM,41.893921077,-87.757867954,POINT (-87.757867953974 41.893921076998),C,7,2020,03:30:00
243d33809541a96c0d8c1ceb2b33287f6c3da6b3ab8839cb07d374dd7b6d675d20725ce176c27a0fdbd96dc0c6c1283a16158d866f14c8a667d244d565220e3c,2017-08-06 20:20:00,CLEAR,"DARKNESS, LIGHTED ROAD",DRY,NOT ON SCENE (DESK REPORT),08/07/2017 01:00:00 PM,41.881779411,-87.654380269,POINT (-87.654380269009 41.88177941105),C,8,2017,20:20:00
2503030824ac3433359ae9b0e96da0dbcff4bd4a76babc18b79f90c9991230ec4dd2323c8f9e290fae24d9e848c3d773613e27c9c5e8268d7e9c5287d529df97,2021-11-22 11:45:00,CLEAR,DARKNESS,DRY,NOT ON SCENE (DESK REPORT),11/23/2021 10:34:00 AM,41.893763455,-87.76817945,POINT (-87.768179449967 41.893763455026),C,11,2021,11:45:00
246692db4e622e75d912f9c7d5e549d2441293f0f7b2e36b693e2fef35e981db0309f40df2587253c9215dfbd10bdbe04d6c5560761d3c3e4235f2260165c005,2018-02-20 18:44:00,RAIN,"DARKNESS, LIGHTED ROAD",WET,ON SCENE,02/20/2018 06:45:00 PM,41.844607515,-87.694804642,POINT (-87.694804642033 41.844607514956),C,2,2018,18:44:00
226e37f2baba31c58d45c53b6dbc94ef6debeb450264b6962ce0d214f81cc36b99fc487b64042e6032b73a08a35e577c35b6059464cc1ec81cc668b3499a43ca,2020-12-01 21:30:00,CLEAR,"DARKNESS, LIGHTED ROAD",DRY,ON SCENE,12/01/2020 09:37:00 PM,41.836701898,-87.730569431,POINT (-87.730569430983 41.836701897973),C,12,2020,21:30:00
22deaf030520db0ce68ee4a3cc5fa8b056b5eac3d02230bf11a57f7647f17417468b38aa9e0569ca896bac5f1cf9278c3a5712faba28f97fbde20d478f408afb,2022-08-13 16:30:00,CLEAR,DAYLIGHT,DRY,NOT ON SCENE (DESK REPORT),08/13/2022 05:12:00 PM,41.776698398,-87.604775584,POINT (-87.604775584034 41.776698398011),C,8,2022,16:30:00
2296b2000e2a313a2e15864b657714e874f17417c05fb1bfe4feccdc0b30720e4f2651c1676030522c547ef6cf2877ee1d8fcd8c30126a1cb386c875c235265e,2015-12-11 11:42:00,CLEAR,DAYLIGHT,DRY,NOT ON SCENE (DESK REPORT),12/11/2015 12:48:00 PM,41.682671696,-87.680726085,POINT (-87.680726085045 41.682671696043),C,12,2015,11:42:00
228c022a41f8486e2d7c126aa252ec885f04037aa4378f6a3ed8744a3e5f88f6f9fabe209cd194af359cb7787f833826f6c6ad1d8c47d40d5376b4fd437002a1,2019-08-22 08:45:00,CLEAR,DAYLIGHT,DRY,NOT ON SCENE (DESK REPORT),08/22/2019 03:55:00 PM,41.966926771,-87.686065215,POINT (-87.686065214961 41.966926770955),C,8,2019,08:45:00
2445369506db7e72a2d55bbec45d5f99361bd22b6668e4fe6fa28ca9c18d330f3f4baffb9336114d367a784b320a54b872ffbd813a2c2d56fca1300d81d6e2fb,2018-04-22 06:22:00,CLEAR,"DARKNESS, LIGHTED ROAD",DRY,ON SCENE,04/22/2018 06:27:00 AM,41.909669676,-87.765481309,POINT (-87.765481309016 41.909669676006),C,4,2018,06:22:00
23ac8b7423831353b0a2313f13ce2711667f5070dd5b43bdcd59ceb7635b5a0afd8f4970204718396ecd2a6827f3572ce9c929a1e4cb63f7d6c8baa42c86e99e,2023-05-16 16:10:00,CLEAR,DAYLIGHT,DRY,NOT ON SCENE (DESK REPORT),05/16/2023 04:40:00 PM,41.863082204,-87.720153168,POINT (-87.720153168044 41.863082204009),C,5,2023,16:10:00
244bd2fd5b7782f6467eddcad6bf6bb2882204b3257597fd451765f7306c7e6c6b7a171915173c78e83c23ec890225005508eeb8b6f4ed944d8b6ff5cc535a65,2022-03-26 01:00:00,CLEAR,"DARKNESS, LIGHTED ROAD",DRY,NOT ON SCENE (DESK REPORT),03/26/2022 02:00:00 AM,41.830728826,-87.655813252,POINT (-87.655813252029 41.830728825995),C,3,2022,01:00:00
240f3c293f8c8346fc9c61cb55afb900933087cdd30acc35f8edf08eca3470805738171bb54ee6e70512c2e1c6aafefeb753a10910edc3deacc129c6a303d578,2020-02-22 13:49:00,CLEAR,DAYLIGHT,DRY,ON SCENE,02/22/2020 01:53:00 PM,41.961656836,-87.672582218,POINT (-87.672582218013 41.961656835969),C,2,2020,13:49:00
23a8b207615933f434a3637e3ecdb1c8abb958332f19df2595cfcbeb8769ea757ccd30e90ead3b39008df43058b0956be02a3e5b570c620d9f70775629e6f777,2020-11-01 16:35:00,CLEAR,DAYLIGHT,DRY,ON SCENE,11/01/2020 04:40:00 PM,41.765563782,-87.624825828,POINT (-87.624825828045 41.765563782008),C,11,2020,16:35:00
23f3a7740374951dbdcb9f0e21030545dab311a8daf0bebc41cdaa04b27a8f5cbbe84795603321108fb2421174d63beaff068fd947dc1306c2fc7cc0adc55b33,2020-03-31 13:20:00,CLEAR,DAYLIGHT,DRY,NOT ON SCENE (DESK REPORT),03/31/2020 02:43:00 PM,41.763986845,-87.603152594,POINT (-87.603152594044 41.763986844968),C,3,2020,13:20:00
22dfb5aa49ea766597539e796e0829fc3037adf9c84a3081ebf5c795be71590b21cbc7d78766eedc0ff331f196934ca671e8dcc60c628c7b96942c2f7e62c3db,2021-11-04 10:30:00,CLEAR,DAYLIGHT,DRY,NOT ON SCENE (DESK REPORT),11/04/2021 12:15:00 PM,41.9461579,-87.656576302,POINT (-87.656576302048 41.946157900045),C,11,2021,10:30:00
2424e84a999b280b68b6f5182786831641d09a5fc14f1c1885cd9bafbfa8a9c3e2a2eb8c57ada1fa65f31a7e538ed765fa746b483c6240c59014c327df9abc33,2017-12-09 19:35:00,SNOW,"DARKNESS, LIGHTED ROAD",WET,ON SCENE,12/09/2017 07:40:00 PM,41.932604222,-87.727148226,POINT (-87.727148226037 41.932604221966),C,12,2017,19:35:00
2296d1430130e004ce3c5a1df80565a13bcbea68a3c2688a1cf5dc3bd173ce1a3b23df34c550ef0c7e66a77d33707014a5a3ddc236406ac0723c7663e458b39e,2017-05-28 20:55:00,CLEAR,"DARKNESS, LIGHTED ROAD",DRY,ON SCENE,05/28/2017 08:55:00 PM,41.784916451,-87.650847915,POINT (-87.650847915035 41.784916450958),C,5,2017,20:55:00
22b66271721756a3a3480c8d31322282783f79e5cea4dd697b8171c7a51f76e7657f65b04e500b596820f6863fa70c1404d64f4eb4af18c59b2e4031f2c53cdf,2020-02-26 12:40:00,CLEAR,DAYLIGHT,WET,ON SCENE,02/26/2020 12:45:00 PM,41.79573461,-87.762555326,POINT (-87.762555325992 41.795734610035),C,2,2020,12:40:00
235307f2dd638f6945a343d62adc673c8d62633a142e9819e28ec519a7046aa4888c8b2dc44a42ca915b49370dd971053ccc4d09189d22aabfd7c8b59480b474,2018-10-15 09:00:00,CLEAR,DAYLIGHT,DRY,NOT ON SCENE (DESK REPORT),10/15/2018 10:05:00 AM,41.808026055,-87.71995187,POINT (-87.719951869982 41.808026054987),C,10,2018,09:00:00
225d11ecbd0cfb17f94b5d890728d4ee6d7d09309634e8d58bb6848284730cbd309850cbc862064fabdb914b670282302e0bdbd91e27328656e31a69cec57461,2017-07-05 16:42:00,CLEAR,DAYLIGHT,DRY,NOT ON SCENE (DESK REPORT),07/06/2017 03:11:00 PM,41.896737923,-87.620221354,POINT (-87.620221354034 41.896737923045),C,7,2017,16:42:00
25028e478f63d9cb5643083041e0596677c4c2ffc63d61d39a10b441c0cb45fe6d9439c0c692a71f306617c9dc643358378c9eb5e4222a8142cb8e426afc2dc5,2020-11-27 15:20:00,CLEAR,DAYLIGHT,DRY,ON SCENE,11/27/2020 04:00:00 PM,41.938266954,-87.795761499,POINT (-87.795761499004 41.938266954026),C,11,2020,15:20:00
23885e61662e5da5cf30f2de708f5b06c11036e664c66e55cb22eb473ff59a783a5f3afe5fd9145adf39766ce50cda30f4c423051f1c052aff7ee8820bff5efd,2021-06-26 21:00:00,UNKNOWN,"DARKNESS, LIGHTED ROAD",UNKNOWN,NOT ON SCENE (DESK REPORT),06/27/2021 09:10:00 PM,41.93176678,-87.737111269,POINT (-87.737111268991 41.931766779992),C,6,2021,21:00:00
2485e51d7b24f768ba3581bac684385e6849ac57433d9a4f8bd06274ce27048a1e2ecfe97f0ebe1fd0e459a963f8fc175059992cd305a0fc82cecc358cceca7d,2019-09-11 20:00:00,CLEAR,DAWN,DRY,NOT ON SCENE (DESK REPORT),09/11/2019 09:10:00 PM,41.744151639,-87.585945067,POINT (-87.585945066953 41.744151639042),C,9,2019,20:00:00
24aca662692c984f89700af89ff63a46ec48c93c4ca925d4b56cbf755c23c81cea2e59c5551d95c81a0df47cefbe9289459b10e179c3aeca7cf64817586e5368,2019-07-13 16:30:00,CLEAR,DAYLIGHT,DRY,ON SCENE,07/13/2019 04:35:00 PM,41.82742485,-87.665343368,POINT (-87.665343367962 41.827424850016),C,7,2019,16:30:00
24eb1eb90626760df9a0c586327fd734296937fa45fc41ad67d35dd0f9c4162a2128753fa48dd5a019e982900659feed8d2a8061f92c79cd42074a74a5b4c6ad,2016-05-12 14:30:00,CLEAR,DAYLIGHT,DRY,NOT ON SCENE (DESK REPORT),05/13/2016 03:30:00 PM,41.961269527,-87.710631229,POINT (-87.710631228962 41.961269526962),C,5,2016,14:30:00
22fdf38fc289f916f84d76b577917905f39109850e26716b0ad8e91a6a1f513c9ac35f33538181473914f2779b9c3bb97ca158766df45c10843e4d9a01876931,2021-06-22 15:00:00,CLEAR,DAYLIGHT,DRY,ON SCENE,06/22/2021 04:02:00 PM,41.866320835,-87.703139188,POINT (-87.70313918801 41.866320834961),C,6,2021,15:00:00
22f80d2c10b50b79d9a538c1e1c8fd525e7ad1a08224a936abec81be8f4eb44b86cc616fdf35d736efbe9566435ba82e4538087f1391d3e9da6a802bdf047476,2019-08-24 15:00:00,CLEAR,DAYLIGHT,DRY,NOT ON SCENE (DESK REPORT),08/24/2019 06:30:00 PM,41.781626709,-87.762015567,POINT (-87.762015567 41.781626708966),C,8,2019,15:00:00
225912697cace21a0ce685a962849d9787732781ea85658a3bcebdc8a2b7e0df5bc89ae1d2a4bfc8ded5241a956b55ff2fb26aa96acd8f7d6aaf30eddac22419,2021-05-14 18:10:00,CLEAR,DAYLIGHT,DRY,ON SCENE,05/14/2021 07:31:00 PM,41.975785113,-87.714994976,POINT (-87.714994975991 41.975785113021),C,5,2021,18:10:00
2441755b83c93bbfde9892430c50d08a59c5dca50e3d7b5da6620f8e18e1224d5d7049d29033703720e7ca0af808dcefb5c8a0dd5e8ab09eea96779efe68a9e4,2020-06-11 00:01:00,UNKNOWN,"DARKNESS, LIGHTED ROAD",UNKNOWN,ON SCENE,06/11/2020 03:00:00 PM,41.757314039,-87.563974832,POINT (-87.563974832032 41.757314038988),C,6,2020,00:01:00
24e6d69f7e1e0bc63fdb8b1380bfa0e0e8c4bb89d6cd577bb7fbe04a682deaa256be57cca90567532a7a1be96c3df0e4825b60955699c46062ad6dfe4f6dcbbb,2017-12-15 15:25:00,CLEAR,DAYLIGHT,DRY,ON SCENE,12/15/2017 03:30:00 PM,41.986625448,-87.703228939,POINT (-87.703228939021 41.98662544799),C,12,2017,15:25:00
242b1dc8a2580e91471c5ddee155c242f3ea7eaa922e92a78e0d64ee67206332e9d6002ee2ebab8b1a8c8e097c2d2706b04d0f165a130d7a862fad604c9c0682,2021-05-27 18:50:00,CLEAR,DAYLIGHT,DRY,NOT ON SCENE (DESK REPORT),05/27/2021 08:00:00 PM,41.990020023,-87.809224289,POINT (-87.80922428895 41.990020023035),C,5,2021,18:50:00
23d60006e1abf5f5a1844e263f0196af06b30b9ad409cd653af19a898e0817506f4115dc0c56b7009b97ab6bcfff3465f13ecad40a0ccf4a6a36e18c71781dbe,2021-12-08 17:40:00,CLEAR,DAWN,DRY,NOT ON SCENE (DESK REPORT),12/08/2021 07:30:00 PM,41.909596143,-87.739700644,POINT (-87.739700644014 41.909596142962),C,12,2021,17:40:00
23d799729d0dd98ae9bf3f2351e4c1e55467457193b07b0e8185fc49fb4766ed7eceaaef3923364c125103c7fc820ec4b9cefe382a5e6ebcdbca9cbb2127707c,2019-03-05 14:45:00,CLEAR,DAYLIGHT,DRY,NOT ON SCENE (DESK REPORT),03/05/2019 03:39:00 PM,41.741803599,-87.740953582,POINT (-87.740953581987 41.741803598989),C,3,2019,14:45:00
236dec5072aef281370293473ae6e6c60507fec5fe0d714d965027c2c34d31e0979ac391a9e95913306ecaf1c8a889ce12a15bb56004275214f11754c840ba07,2017-04-18 16:05:00,CLEAR,DAYLIGHT,DRY,NOT ON SCENE (DESK REPORT),04/22/2017 03:36:00 PM,41.817683733,-87.6650402,POINT (-87.665040200043 41.817683733038),C,4,2017,16:05:00
2508b758c0030d0f8c9fddc2c9e129e6dc774684320d189035ba2b46cf9dc390a79ac1e98f8d3e91a896922426b05cbd83c0f9a390779a13875eb29267c5419e,2018-08-20 14:20:00,CLEAR,DAYLIGHT,UNKNOWN,NOT ON SCENE (DESK REPORT),08/20/2018 03:15:00 PM,41.997228762,-87.712355632,POINT (-87.712355631957 41.997228762048),C,8,2018,14:20:00
23ee7ace085f48b5eb19513d6a2db34c62ec21b55c7cc5c6ec07d455c8826cb08469f7bf46fd9d913b2d2a3d557a1af40b1ca8c3bce106a7eed3c01f073ed9fb,2017-06-01 22:25:00,CLEAR,"DARKNESS, LIGHTED ROAD",DRY,NOT ON SCENE (DESK REPORT),06/01/2017 11:30:00 PM,41.874590031,-87.633704185,POINT (-87.633704184958 41.874590031007),C,6,2017,22:25:00
24b7842ea0f2317a52ca06cef5f4ca6f83098929aaf884cb3eaf5fc3eb80790933f42f140f215d4d7da0bcef0a35f9d6732d5d2cff6da32b13e2aa810941119e,2019-11-13 09:45:00,CLEAR,DAYLIGHT,ICE,NOT ON SCENE (DESK REPORT),11/13/2019 10:10:00 AM,41.976327925,-87.755163265,POINT (-87.755163264962 41.976327925009),C,11,2019,09:45:00
23e5ab8be3de06b34349e9df9a1adf34b5ff61bea77e8a5c0e82da83afe406825e94b4203848d2267b4f4ba211c2ffd1a186c3c2bfb94ca25e04a621b4b4da32,2023-04-21 14:35:00,CLEAR,DAYLIGHT,DRY,NOT ON SCENE (DESK REPORT),04/21/2023 04:00:00 PM,41.783866777,-87.611964499,POINT (-87.611964499003 41.783866777022),C,4,2023,14:35:00
24d82d6d9a6c8674e552f16d4f1e6b4537190d7a314e698b97c36b2948f3f84724cac1f3383531bcf4b2c3a22e836f322e7b3d58ee5c7d772784f52c5d4eb2dd,2018-03-16 06:10:00,CLEAR,DAWN,DRY,ON SCENE,03/16/2018 06:30:00 AM,41.894228849,-87.625384759,POINT (-87.625384758996 41.894228848999),C,3,2018,06:10:00
241ce34175b97aad2852574880959d61f55c41e7278ec5bb532106c8b976b035fc814cca180928e7e2b088d4eb4c451945b7b93d44171f49152df40484a55767,2018-01-16 07:18:00,SNOW,DAYLIGHT,DRY,NOT ON SCENE (DESK REPORT),01/16/2018 08:20:00 AM,41.898675904,-87.755544326,POINT (-87.755544326025 41.898675903994),C,1,2018,07:18:00
246d4dd4485e524c93fec363d8b691f7105a28ac4c6dd3639c35fc7e860d105942708b0e4c132a234b9bc8c0b3e8cb10fc525bc5f6c1f091eb796e2ff3263093,2019-01-06 20:00:00,CLEAR,"DARKNESS, LIGHTED ROAD",DRY,NOT ON SCENE (DESK REPORT),01/07/2019 11:58:00 AM,41.749362768,-87.605332981,POINT (-87.605332981011 41.749362768013),C,1,2019,20:00:00
233dc59f0e7d5e655411bc8ad3344f8f8fe1f6a72da88ac6a06988715c1d47858ea84a31cb3813f110f6145eb6758b912078ff6f44b21ebbe596a2ce32dc58fe,2019-04-23 19:35:00,CLEAR,DAYLIGHT,DRY,NOT ON SCENE (DESK REPORT),04/23/2019 08:45:00 PM,41.720930072,-87.675096598,POINT (-87.675096597998 41.720930072023),C,4,2019,19:35:00
2345426a2116db204757b19e1192b6d7861810d9b402dc34e49e3ee10253ddf95f38c30b5553bcc0d8954d6868b4698fe8fc8d7ba7d2f77346a00c4a90f3ad34,2018-11-04 18:30:00,RAIN,"DARKNESS, LIGHTED ROAD",WET,NOT ON SCENE (DESK REPORT),11/04/2018 06:40:00 PM,41.954046293,-87.678812012,POINT (-87.678812011999 41.954046293036),C,11,2018,18:30:00
234ca8341913cfece91110f4345274d9a5814096f6a35d65e2abf775af82908c53091c16a62b718bbc442e0c097363233c3716ecf738f233cf97a486e995e936,2021-12-19 05:00:00,CLEAR,DAYLIGHT,DRY,ON SCENE,12/19/2021 06:48:00 AM,41.735733511,-87.721498188,POINT (-87.721498188022 41.73573351095),C,12,2021,05:00:00
243d43cc389b4fe1ffa50b5505466b45ef9ce629d11339abe4a0b0a3bc0103d90ef8c691e894877e2da6f42dcd5bda2611e9ffca67e89603db857da795c841dd,2019-09-13 15:00:00,CLEAR,DAYLIGHT,DRY,NOT ON SCENE (DESK REPORT),09/13/2019 08:00:00 PM,41.965724538,-87.708243502,POINT (-87.708243501961 41.965724537954),C,9,2019,15:00:00
242588bb9866759dbd021ff73616b2d4c6e221c4a1c6de8869acbfb125045866c654ea126d61342340a076e5e0e89140d64da006713bf104e0a83b094358d76a,2018-05-21 15:30:00,RAIN,DAYLIGHT,WET,NOT ON SCENE (DESK REPORT),05/21/2018 04:35:00 PM,41.758960279,-87.578523141,POINT (-87.578523140973 41.758960278959),C,5,2018,15:30:00
250311655cecf993ecf2911838f7cd4179255d25d526ea99cb93dde9b010b215945b92d6082a942008360366c6d44346b848944e77ba4d016b6e27d2a7d7cd52,2019-07-19 11:15:00,CLEAR,DAYLIGHT,DRY,NOT ON SCENE (DESK REPORT),07/19/2019 12:00:00 PM,41.920676631,-87.775630269,POINT (-87.775630269041 41.920676630982),C,7,2019,11:15:00
2519406796f5d6ff9ac0e6b27c845aeca8be045aaec7c328c22d8e6284e86b1f4e8dab45951797adc273578ba32a5ae37ca79b2815a2db49d453c61196561a62,2020-03-17 16:10:00,CLEAR,DAYLIGHT,DRY,NOT ON SCENE (DESK REPORT),03/17/2020 04:25:00 PM,41.976186815,-87.701520986,POINT (-87.701520986012 41.976186815025),C,3,2020,16:10:00
2521e00b448fbe5485e07efed01946b1d550ff9e33ca3011950d72c79507e2d1aca110d65a034cf631e378326da67e0dc13683cfc275df486e85bf610b2dd3d1,2022-12-15 16:34:00,RAIN,"DARKNESS, LIGHTED ROAD",WET,NOT ON SCENE (DESK REPORT),12/30/2022 10:45:00 AM,41.903902732,-87.628531494,POINT (-87.628531494008 41.903902731961),C,12,2022,16:34:00