CRASH_RECORD_ID,CRASH_DATE,WEATHER_CONDITION,LIGHTING_CONDITION,ROADWAY_SURFACE_COND,REPORT_TYPE,DATE_POLICE_NOTIFIED,LATITUDE,LONGITUDE,LOCATION,CRASH_TYPE,CRASH_MONTH,CRASH_YEAR,CRASH_TIME
23ff25e315738ed727aab7ca4628445c65da5753d8c973fed0011b23e03184ab69ff57884ebb2129a8ae32400dd2fae5cc48027f60cf981ffd8ed14fe54dbd79,2020-01-12 02:45:00,SLEET/HAIL,"DARKNESS, LIGHTED ROAD",WET,ON SCENE,01/12/2020 02:49:00 AM,41.891293713,-87.647680593,POINT (-87.647680593026 41.891293712961),C,1,2020,02:45:00
249d199e4274ea1eafbfc9e5f688b59bb986041a39ea38c0e4de20d83f9e267a083c3232836ec2fd1dba136b39c8780d0fa518cb9742878eb3c29e7dbbfac9ab,2018-01-19 18:00:00,CLEAR,DAYLIGHT,DRY,NOT ON SCENE (DESK REPORT),01/21/2018 02:49:00 PM,41.741803599,-87.740953582,POINT (-87.740953581987 41.741803598989),C,1,2018,18:00:00
24f3efef791d49eba685c84d1ad28098ec67bdfa6e24c7e3e43116d3934ed76f3f07152772dcdd8b2a595850a060329aab223d96ed7616683d17526c5a172885,2018-12-25 15:38:00,CLEAR,DAYLIGHT,DRY,ON SCENE,12/25/2018 03:45:00 PM,41.976612107,-87.700661587,POINT (-87.700661586974 41.976612106966),C,12,2018,15:38:00
22d6b0ea40f5e4fb8aed4aaef737d469c5c39cbddacfb7199b67ef5dffff7faec05ffb293a64104c5fdbcb852ecc9d15c4963c3d968db6c61ca901ce1c548ae4,2018-04-30 15:07:00,CLEAR,DAYLIGHT,DRY,ON SCENE,04/30/2018 03:07:00 PM,41.833010486,-87.621877672,POINT (-87.621877672023 41.833010486005),C,4,2018,15:07:00
23b880323d23adad68948a261a43dee1075341849ac5b8fff3c9bee6f0cab1396077487563150ab7f7a1548de764fd9fbb4065e337b366a283258515866f35f9,2018-02-17 04:05:00,CLEAR,"DARKNESS, LIGHTED ROAD",DRY,ON SCENE,02/17/2018 04:14:00 AM,41.794090446,-87.630527331,POINT (-87.630527331008 41.794090445987),C,2,2018,04:05:00
23a17e90f3aa01135c7e20114e7523f1228fcfc94fcf600b6d6f1bef0c70aaf42de047ae710056ec79d891dfa46083425fd7c16b695ce3eb537e28aac9389cd2,2018-02-08 08:55:00,CLEAR,DAYLIGHT,DRY,NOT ON SCENE (DESK REPORT),02/08/2018 11:40:00 AM,41.989727546,-87.748178979,POINT (-87.748178979 41.989727545973),C,2,2018,08:55:00
22d5d322ec607426b90426c434c0faf935eed2043ca86538c62e67890ad75490a35267661d8f6e8dde76f08baf842a0968e7aefb052825e21d286847e6111314,2017-12-28 15:45:00,SNOW,DAYLIGHT,WET,NOT ON SCENE (DESK REPORT),12/28/2017 04:22:00 PM,41.721267719,-87.584839485,POINT (-87.584839485043 41.721267718978),C,12,2017,15:45:00
24d8fd7fc769f082ca482e98c3a59e8ae1cada419e3984293194fcaffe9dcf3676201335a46b69eea6974b0165905bad939bcfd293d4d211685795fd8093ab09,2018-12-27 03:00:00,CLEAR,DAYLIGHT,DRY,NOT ON SCENE (DESK REPORT),12/27/2018 04:14:00 PM,41.799518076,-87.73834096,POINT (-87.738340959964 41.799518076003),C,12,2018,03:00:00
226e6c62e7f922a90179ec62a20c6e22ebca8baa2b0d49126d62e211139d091c092a4270b896459d5c42c00c7fbb9fa11024409522cc5867116fd8c1ac214d98,2019-09-14 19:00:00,UNKNOWN,UNKNOWN,UNKNOWN,NOT ON SCENE (DESK REPORT),09/15/2019 03:46:00 PM,41.811212783,-87.622715905,POINT (-87.622715904997 41.811212782955),C,9,2019,19:00:00
2399654ce1dd59419cf33f4b2fba3dee5f0fb75d78e3219be1273b43bac38c05d10930d73b12c41885f81b9f99744fe28f9c48160a678dc3e86ea4c15ec81c54,2020-03-18 13:00:00,RAIN,DAYLIGHT,WET,NOT ON SCENE (DESK REPORT),03/18/2020 03:15:00 PM,41.765563782,-87.624825828,POINT (-87.624825828045 41.765563782008),C,3,2020,13:00:00
23f1173a42361c4106be5a6039e503a557fa6dcbf44b578b30942d13cf13961035b725da9e7c221066de0570b61a10a3c3515b1ad816da96ade430f1ac48ab9b,2021-11-07 09:00:00,CLEAR,DAYLIGHT,DRY,NOT ON SCENE (DESK REPORT),11/07/2021 09:21:00 AM,41.810440446,-87.710418852,POINT (-87.710418851956 41.810440445956),C,11,2021,09:00:00
233deff9b62bfb7ea77711227ab60361f83a9327c07dcd72ba66daf2ab76d9cce4e55bd13c456781660b1e5d2b271fa7be3249e79ca1393edad6b83a7b354bd2,2016-05-16 04:00:00,CLEAR,"DARKNESS, LIGHTED ROAD",DRY,NOT ON SCENE (DESK REPORT),05/16/2016 05:15:00 PM,41.996712092,-87.675661864,POINT (-87.675661863974 41.99671209201),C,5,2016,04:00:00
23b769745018f855ecdb6494050a41da4815bd07103a651407e34d7ac45406a787690f214eeac6bd22ab91698defcf6d6edac421b585f04643e684e64a7b80a2,2019-12-18 00:24:00,CLEAR,"DARKNESS, LIGHTED ROAD",DRY,ON SCENE,12/18/2019 12:25:00 AM,41.932748996,-87.653801489,POINT (-87.653801488996 41.932748996009),C,12,2019,00:24:00
22756fa08478bc9b05e5b87eb1605f1a93c0533d0d7ac0dbdebb54d15de54430a2800548babb2f5fbbe3c05f7ad5a87ca2bba0ff966fb6650c839e3c16a358c1,2019-08-30 18:32:00,CLEAR,DAYLIGHT,DRY,NOT ON SCENE (DESK REPORT),08/30/2019 07:21:00 PM,41.873860438,-87.700586149,POINT (-87.700586148982 41.873860438041),C,8,2019,18:32:00
22ff9f6009d7704c62519cc33cd050c3df378a7d8cc4e6c5b6b8b8f6e2e75e4181b03dade8d29edd5fd9b462990791f199c8a63c679058dca68adfd2d4c31ec7,2017-09-15 12:00:00,CLEAR,DAYLIGHT,DRY,NOT ON SCENE (DESK REPORT),09/19/2017 01:13:00 PM,41.964157782,-87.729272221,POINT (-87.729272221018 41.964157781994),C,9,2017,12:00:00
240b947387ef96d2573ad60a34c31239b6958f3915141623a9fe80db0812f765b83b2677fc8d003c620266d9d9f4d6d9d0e0b5428d4e1665bcc36d29e42702d1,2019-12-27 17:30:00,UNKNOWN,UNKNOWN,UNKNOWN,NOT ON SCENE (DESK REPORT),12/31/2019 02:00:00 PM,41.763665021,-87.621796302,POINT (-87.621796301972 41.763665021044),C,12,2019,17:30:00
24d2a79b8c8fd32ba6e311e52ad6544a2fc85f9ad36c289d9d7806afaa990b090e1de3e030248b0778510698a3244ee3d654f87dc609facc70eea717a0dc3b0f,2021-05-18 15:19:00,CLEAR,DAYLIGHT,DRY,NOT ON SCENE (DESK REPORT),06/01/2021 01:15:00 PM,41.8516599,-87.72453636,POINT (-87.724536359985 41.851659899998),C,5,2021,15:19:00
24c35426474736d6a68f22e27aebf953601dbf6876b571c255f765605fc965b2f3ca3628fabec1d65c6f9faf2d66aaea04c455e263f20815066af34979ee343d,2017-07-31 09:00:00,CLEAR,UNKNOWN,DRY,ON SCENE,08/01/2017 12:30:00 PM,41.914200492,-87.682288726,POINT (-87.682288726043 41.914200491972),C,7,2017,09:00:00
245f32042f0d2c73eeee623203581b88b011466445ff01c2fa0e4281da173edafae9efb81414eaa05d5d1365c19aa1c750bdc75691a93d686fa4f91d71b04103,2015-11-21 22:00:00,CLEAR,"DARKNESS, LIGHTED ROAD",DRY,NOT ON SCENE (DESK REPORT),11/23/2015 06:14:00 AM,41.89295442,-87.706330951,POINT (-87.706330951022 41.892954420011),C,11,2015,22:00:00
2277f2cb8995912e4b3259ccad036dcbb49371abd361a567a536f248ea567de5f4c239e2a749281cdb35bedb8f6b26770378ac06ff515601f31640528dc6238a,2018-06-06 03:54:00,CLEAR,"DARKNESS, LIGHTED ROAD",DRY,ON SCENE,06/06/2018 03:56:00 AM,41.880660067,-87.740728133,POINT (-87.740728133013 41.880660066981),C,6,2018,03:54:00
24b39706ec4046b1035d2fa5ac1829e4620826fcd6a7f1ffbb10b2ab42f0132b5efdf2cd3ec8d378c11ab94025e3f5a7cdbdef619c97edf0c5383e3dd24c47ee,2022-03-23 12:30:00,FREEZING RAIN/DRIZZLE,DAYLIGHT,WET,ON SCENE,03/23/2022 01:15:00 PM,41.817683733,-87.6650402,POINT (-87.665040200043 41.817683733038),C,3,2022,12:30:00
23e32ba9bfffad22a098c617e2b1e264dd24429049939e2a77686cbe4dc7bb4218836b4c00cfb8ee33e119d6c70996f86dc9dac025976b74406cce2273f3894f,2022-11-23 21:10:00,CLEAR,DARKNESS,DRY,ON SCENE,11/23/2022 09:15:00 PM,41.903639931,-87.65554697,POINT (-87.655546970003 41.903639930952),C,11,2022,21:10:00
2375d79d63afd2a88abf7bd709ce34f0a1c6a5cfc41cc8cab4a61564f5f91cfeb2b145f6c354f2e4451f377a56860fb37f4bedb96e16e194a4850aa2663a3a4c,2022-05-30 14:15:00,CLEAR,DAYLIGHT,DRY,NOT ON SCENE (DESK REPORT),05/31/2022 10:20:00 AM,41.928347381,-87.707749216,POINT (-87.70774921597 41.928347381018),C,5,2022,14:15:00
23779ec0210874ee918af3c56cd0a3c2979c42543f7fb7d74b9acb691ffc7e590c7e87f253b0f4a7099369214c95a0f7a81711595d2d720b497c643545d2855e,2018-10-25 18:58:00,CLEAR,"DARKNESS, LIGHTED ROAD",DRY,NOT ON SCENE (DESK REPORT),10/26/2018 06:15:00 AM,41.9462448,-87.746433838,POINT (-87.746433837986 41.946244799972),C,10,2018,18:58:00
2494ba91312e215981e512308665ff0bfbe343ab14a41b690eab906bbf0c5282136e2368f8c109fed2dda2b04541b696de66b47501a56c57ea522ae613c5f94b,2017-06-25 15:05:00,CLEAR,DAYLIGHT,DRY,NOT ON SCENE (DESK REPORT),06/26/2017 05:30:00 PM,41.879714362,-87.774496221,POINT (-87.774496220954 41.879714361958),C,6,2017,15:05:00
2353c5bf938ff9e28c5a8f70696bed305e001955cc9469329aa85ab48f78960f5cf5f7425918095af1daf15deb4553d1c3cbd523ab6b363d2fe5a7fceb204a0f,2018-03-04 18:40:00,CLEAR,"DARKNESS, LIGHTED ROAD",DRY,NOT ON SCENE (DESK REPORT),03/04/2018 07:00:00 PM,41.938323018,-87.777389154,POINT (-87.777389153975 41.938323017997),C,3,2018,18:40:00
25235624383383862297f478f91c3789ebb533ba3067de4746f5c83b71be96ec18eb9af6016dbf7b67ae1800af92249fbcdf67c21ef48d3e61dbd2b777baf0f6,2020-12-25 21:11:00,CLEAR,DAYLIGHT,DRY,NOT ON SCENE (DESK REPORT),12/28/2020 09:10:00 AM,41.844263487,-87.62829939,POINT (-87.628299390012 41.844263486971),C,12,2020,21:11:00
23e8f739fdac60bd653c69fcd94a67c8e626722b486c9c2c4da05ace7d6708a9694b323b736f23a4d1234851db634dd1d7ca99ee475b951104f454d2bab17c4b,2021-06-27 05:00:00,UNKNOWN,UNKNOWN,WET,NOT ON SCENE (DESK REPORT),06/27/2021 10:00:00 AM,41.927451672,-87.736965036,POINT (-87.736965035982 41.927451671969),C,6,2021,05:00:00
27421ea62724e07f8166a164d34a9a7b28326150a3005678c10cbb7db23d1ca9ac460f6ee29f8ea4ca5bded0063e5ebb43c3cee4050a1111b27b5dfd305fa142,2022-02-26 07:43:00,CLEAR,DAYLIGHT,SNOW OR SLUSH,ON SCENE,02/26/2022 07:43:00 AM,42.001223638,-87.704938469,POINT (-87.704938469035 42.001223638037),C,2,2022,07:43:00
2627284cab649d5e3374c8bfd451a22ad615543863a85ccccf4fed1efad270dc588b1bfdcfbb3466e57b2e196d7a52ce499822f97da9eb3d95f15aa823593566,2021-10-08 12:15:00,CLEAR,DAYLIGHT,UNKNOWN,NOT ON SCENE (DESK REPORT),10/08/2021 06:50:00 PM,41.890374775,-87.677042676,POINT (-87.677042676037 41.890374775033),C,10,2021,12:15:00
256d28effa242f47359ef4eea30f2825c55ff464d4125bb48494e048c3ba12c36ae90231428a7825366c845f7d5eda86845d7912859b68d959ff6b2e0426020c,2016-09-19 15:41:00,CLEAR,DAYLIGHT,DRY,NOT ON SCENE (DESK REPORT),09/19/2016 04:13:00 PM,41.907661956,-87.687297134,POINT (-87.68729713401 41.907661955971),C,9,2016,15:41:00
264788b098f96c8470187c517725ddbd044dab26334002dd3aab97c023d602c6a897a4bb60e8d1eea49c38aa8e70c96a4828d98e12b3840b65c368fca6bf4abd,2021-03-08 16:54:00,CLEAR,DAYLIGHT,DRY,ON SCENE,03/08/2021 04:54:00 PM,41.749903242,-87.707348392,POINT (-87.707348392008 41.749903241984),C,3,2021,16:54:00
2545d1f0d7fcd447e367215e5f0a9de7ae5b03deb5a63226c4f0eb39f96e22ae10dd4fd4c6e1fad4881864226021419d399eab7f05d9bc1594bf4bec81918fdf,2022-11-18 13:15:00,CLOUDY/OVERCAST,DAYLIGHT,DRY,NOT ON SCENE (DESK REPORT),11/18/2022 03:10:00 PM,41.822958463,-87.691425915,POINT (-87.691425915045 41.822958462973),C,11,2022,13:15:00
25a320bb087d5ce8617da5794d9b95526f5cd86ebdc8ff1f22181f5a16eda0951bb1374130c4519f2139da3c9a6924be75671020725b2d631d9a849388f8b08c,2017-12-09 12:00:00,CLOUDY/OVERCAST,DAYLIGHT,DRY,NOT ON SCENE (DESK REPORT),12/09/2017 12:21:00 PM,41.875560779,-87.710884921,POINT (-87.710884921013 41.875560779017),C,12,2017,12:00:00
2729b0f4ed77f242d65c7ef3576f732de412fcb2a67a712a5dba9e76f627691b87237bb2b1ced29964fc4f6dfb5c534da1e6e7e299c4528e854d90ca4b53cce7,2019-02-04 01:00:00,UNKNOWN,UNKNOWN,UNKNOWN,ON SCENE,02/04/2019 09:45:00 AM,41.953523444,-87.702969181,POINT (-87.702969180954 41.953523443989),C,2,2019,01:00:00
27f94b1b8a69a10353d7a096ff8c1c644b2ba854068606df56f2088dbbbc213a2ff83047d778c57218b70af03e46a9e6fcabeb98ccda7a5994533104d348e1be,2015-11-26 15:30:00,CLEAR,DAYLIGHT,DRY,NOT ON SCENE (DESK REPORT),11/26/2015 04:30:00 PM,41.762174118,-87.558927464,POINT (-87.558927463962 41.762174118016),C,11,2015,15:30:00
27d1ecb571d03065378bc5a9b26e2eded3d542932e450294b1c9ff8b0f26d1b6ef31f7ff2c7dd1858a5ebb029aef7f0a25d3609dd6191d463f28f3e8b82bf734,2018-04-03 07:10:00,RAIN,DAYLIGHT,WET,NOT ON SCENE (DESK REPORT),04/03/2018 10:12:00 AM,41.992012065,-87.683397358,POINT (-87.683397357988 41.992012064984),C,4,2018,07:10:00
26fbe13a6116b95ec9e64033341981284f4f51038d5ca3d83379d713858c2d51fed54208a2bdb705ea1026d0f31d29cc2d7a0969ec5216da94b949260edc7f5d,2021-07-11 12:55:00,CLOUDY/OVERCAST,DAYLIGHT,UNKNOWN,NOT ON SCENE (DESK REPORT),07/11/2021 01:22:00 PM,41.949044886,-87.661250468,POINT (-87.661250468049 41.949044885994),C,7,2021,12:55:00
2699150110471865086d1f316e7645098d9a77f50c7e640e73d7c04189ccb209769de8344e7a135b3bf19be2c4553b0432c9a1a151a8a0125332f120501308d3,2017-11-14 08:00:00,CLEAR,DAYLIGHT,DRY,NOT ON SCENE (DESK REPORT),11/14/2017 04:30:00 PM,41.838030559,-87.638910707,POINT (-87.638910706999 41.838030558995),C,11,2017,08:00:00
253c5cd1cfe586f3272225a2e750b8e8fb81026ff7a419ca2c40d6f4278f5b782ae155324952456f17e486e31eaa4efe0ffba2c07e2f58c49633d1b750442280,2016-10-03 17:20:00,CLEAR,DAYLIGHT,DRY,NOT ON SCENE (DESK REPORT),10/03/2016 07:30:00 PM,41.72885281,-87.551079417,POINT (-87.551079417016 41.728852810038),C,10,2016,17:20:00
26be3293c31b9b0b66cc0dbeb84b99bd7c472db28a3d52922e71e2e82cc23ed602784b3e6a312d6050bb3af4e957561082d1ec6a227fd3a06be9ffc5ebc4cf7f,2015-12-20 03:00:00,CLEAR,"DARKNESS, LIGHTED ROAD",DRY,NOT ON SCENE (DESK REPORT),12/20/2015 02:15:00 PM,41.975361642,-87.669205015,POINT (-87.669205015011 41.975361641965),C,12,2015,03:00:00
26273331e0f7f2e284b916298eb175c9891702cc69d0890d1ef6916345a2cb00b65e971f596b1adf6390785e41a9bde0e06f89aa9b9497450ddbf2ed2b376a25,2017-09-09 08:40:00,CLEAR,DAYLIGHT,DRY,ON SCENE,09/09/2017 08:44:00 AM,41.799298402,-87.78187316,POINT (-87.78187315999 41.799298401954),C,9,2017,08:40:00
25378e338084fad4d82d64a228c9a510b42a36e114f6242fd7a9c8a386ba2914f4a89fd85d04477ac7500a0282ef4e4b7f94fe9a5516f8318d8750faf4d3ddb8,2021-05-26 15:48:00,CLEAR,DAYLIGHT,DRY,NOT ON SCENE (DESK REPORT),05/26/2021 05:05:00 PM,41.788800392,-87.658527293,POINT (-87.65852729298 41.788800392016),C,5,2021,15:48:00
27d37a1aa1c86a6d00461eefd08a8a671c050e9831389774fb0b6445d527caa23d25148cc228014a5e2f9031dc2a4f671cd5482eb1c8cba554d9a5453e9eca60,2021-01-22 09:13:00,CLEAR,DAYLIGHT,DRY,NOT ON SCENE (DESK REPORT),01/22/2021 01:30:00 PM,41.744765667,-87.579607952,POINT (-87.579607951981 41.744765667028),C,1,2021,09:13:00
257dabddffd29c0c58a3c8dde83d16e7d8a16c69272aadb484654c478281306dc0debb249543a5f93c798efb916dba1395601eb558cfd176c0b6e25e8610a96c,2019-09-29 17:50:00,CLOUDY/OVERCAST,DAYLIGHT,WET,NOT ON SCENE (DESK REPORT),09/29/2019 09:30:00 PM,41.74350578,-87.62819656,POINT (-87.628196560035 41.743505780006),C,9,2019,17:50:00
273d8069230f5aaf39679d4b91730b12822f7eb74a0914da0e682c5a2d7d629ac5021d25fccb93761a303f7be984a9e3cd3da5a6e04a7dbeefc9533720fd1630,2019-03-29 01:35:00,RAIN,"DARKNESS, LIGHTED ROAD",WET,NOT ON SCENE (DESK REPORT),03/29/2019 01:55:00 AM,41.799518076,-87.73834096,POINT (-87.738340959964 41.799518076003),C,3,2019,01:35:00
27dcad271b3a3d379244e59af066e06e8dc058522bb3c11d9310bf0d3fe426eb8dbaacb0400178aab98e3c14949a3c8c4ed3be0f8ddeb431608af92aea7c1bda,2017-01-29 06:10:00,CLEAR,DAWN,DRY,NOT ON SCENE (DESK REPORT),01/29/2017 11:16:00 AM,42.0109408,-87.682754031,POINT (-87.68275403105 42.010940800028),C,1,2017,06:10:00
27599c086bdf738c4b23fcf69eaa2a6b31e79f7d5adcba22d6aa6cb0842f2822c1f5ceb7cb04aba03690a461f043f84ff8bfbc333295844ff8268b672a7c6676,2017-05-15 07:35:00,CLEAR,DAYLIGHT,DRY,NOT ON SCENE (DESK REPORT),05/15/2017 12:49:00 PM,41.917103631,-87.687248767,POINT (-87.687248767006 41.917103631009),C,5,2017,07:35:00
27e966206ab4443965bfd82a085ffe3f872cf7628e7662f63ee413431a9d4e983eff82ddf9aa6918baf549b467fa70b66c645b10437a8d77ea0def517db6b543,2019-11-28 19:30:00,FREEZING RAIN/DRIZZLE,"DARKNESS, LIGHTED ROAD",DRY,NOT ON SCENE (DESK REPORT),11/29/2019 05:36:00 PM,41.809572517,-87.611394621,POINT (-87.611394620986 41.809572516992),C,11,2019,19:30:00
2589c8bc92d530e4b370ae38a075920565d4487223a2e6b2431eed44e335542a154566268b3d83d9ec65951adc4118c804c9df6178acd6ebf655e7e293556da3,2018-10-07 01:00:00,UNKNOWN,UNKNOWN,UNKNOWN,ON SCENE,10/07/2018 09:30:00 AM,42.000351924,-87.704457619,POINT (-87.704457619012 42.000351924048),C,10,2018,01:00:00
26888d6cb85613c1557524166415da31fdceabd177f5e45cc427a4ef4bd7fed0e71e12a5b021b3d632b02168f2bb962cf1fc412760347845719a7290ee5db7a3,2022-01-11 07:40:00,CLEAR,DAYLIGHT,DRY,NOT ON SCENE (DESK REPORT),01/11/2022 08:40:00 AM,41.851044205,-87.634819768,POINT (-87.634819768008 41.851044205018),C,1,2022,07:40:00
267113be4ab206375d8dbd5e512852bf8132e343bd494e299a70b2f363901fa1f7b58f48c75b8bbeecf7e813fa40d18a1ebfa2a5f194e071d324ea664b8142bf,2023-05-03 06:50:00,CLEAR,DAYLIGHT,DRY,ON SCENE,05/03/2023 06:56:00 AM,41.903536788,-87.661859583,POINT (-87.661859582959 41.903536788031),C,5,2023,06:50:00
25a2ba9c8cd8655490107450f54eff8fb7a22f9e93c57a3c9b39a237505007f2671599f47fd5ea6dca5a2ecc18d02b570a75d4b09bf7cd79a0af70fef16a88a1,2017-03-25 12:00:00,CLEAR,DAYLIGHT,WET,NOT ON SCENE (DESK REPORT),03/25/2017 01:42:00 PM,41.85276755,-87.630024824,POINT (-87.630024824031 41.852767550035),C,3,2017,12:00:00
2754d0fb19d6409653e410853c4a529090f63db72e22cf8432764a1aa05bf80d81e3ff0bd372d369264eabaf8bff24c96d22ac1186cb69078e43655208d44267,2016-10-10 21:40:00,CLEAR,DARKNESS,DRY,ON SCENE,10/10/2016 09:46:00 PM,41.830048054,-87.691569539,POINT (-87.691569539003 41.830048054043),C,10,2016,21:40:00
27b05b1989295c85e0dacc4e48ee671150982c2510f4656a1c99e58d176056a1a347c038e4580a5ef06c27586757a4924a9324c17f54075890064e451023a79d,2016-12-30 11:20:00,CLEAR,DAYLIGHT,DRY,NOT ON SCENE (DESK REPORT),12/30/2016 11:47:00 AM,41.990024694,-87.728708871,POINT (-87.728708871015 41.990024694008),C,12,2016,11:20:00
27706b8c93296dfcb428a80beb76a82eaf161ba879afa48fa834209a8671e8720209722bdd1f22df5289e087e985acea38f715d87407062ef6aa426a289e054d,2020-05-27 19:08:00,CLEAR,DAYLIGHT,DRY,ON SCENE,05/27/2020 07:09:00 PM,41.87879283,-87.735560757,POINT (-87.735560757035 41.878792829979),C,5,2020,19:08:00
27d020fd9a6d08d2ccf6bb664771b277e798fb1553448acf808eacdb063303f1704c6f194bf3e54a2a011765fe0a390b623fdc6ae241e3370fa345c678ed0e12,2021-11-29 17:00:00,CLEAR,DUSK,DRY,NOT ON SCENE (DESK REPORT),11/29/2021 07:00:00 PM,41.884546961,-87.64758764,POINT (-87.647587639978 41.884546961039),C,11,2021,17:00:00
25f2decd50fd5591f0de5a22ab8c3554bf69d0fee3998ead87ff22c1cdd7f70508c9fc60d17b770b15b94b961da061a6018e50a46a2f269f1a3b50a1acc2bedf,2020-06-27 22:00:00,CLEAR,"DARKNESS, LIGHTED ROAD",DRY,NOT ON SCENE (DESK REPORT),06/28/2020 11:00:00 AM,41.931036923,-87.791942933,POINT (-87.791942932976 41.931036922967),C,6,2020,22:00:00
26f253ab7dd6397c1afbf146554a9c038ad1a6ae4fd3388918099fef852943d2157a9f3b631f10523b856fab647d88183af85f4dadbf2a288f5144e6f081b3eb,2018-11-18 17:19:00,CLEAR,DARKNESS,DRY,ON SCENE,11/18/2018 05:29:00 PM,41.89186947,-87.622748584,POINT (-87.622748583999 41.891869470026),C,11,2018,17:19:00
2794d502b7e8c46e167e7fed1d8d03b1e50f3e50baec78971f72fb9ffdef062d4d4cf3c1e3e9da8fdff02dcdf57493c727f07d99e0ba591771dc5e9f3966d418,2023-04-30 15:15:00,RAIN,DAYLIGHT,WET,ON SCENE,04/30/2023 03:27:00 PM,41.749557313,-87.707211112,POINT (-87.707211112049 41.749557313023),C,4,2023,15:15:00
263d72d3658efbe11ecb8b82d9a556e3928ec7202cd8b4fd0786bff2dc60cb31cd7ae8d5f28d1212644fd90db43c699c6c9fac5face18b26c3194a506a8a9f81,2017-12-20 11:00:00,CLEAR,DAYLIGHT,DRY,NOT ON SCENE (DESK REPORT),12/20/2017 11:25:00 AM,41.77819151,-87.705684674,POINT (-87.70568467404 41.778191509972),C,12,2017,11:00:00
270e47f4f974e4537eb450a295de895b423dd641347fb18a3e1fb477183258b867aed7b1f7de0715692c570c47406521d291c5fd6df57d3017025ca5769490ee,2017-04-26 19:05:00,CLEAR,DAYLIGHT,"SAND, MUD, DIRT",ON SCENE,04/26/2017 07:05:00 PM,41.886044968,-87.722654772,POINT (-87.722654772037 41.886044967979),C,4,2017,19:05:00
26ddceda6fb65f99fd35bd8d28d4f5f522675644c7872f227364969dc3158837cd3dc923d7a85579178ec1a2849ca399057f436da4cf39b5daac8d6837cd92de,2018-02-23 20:45:00,CLEAR,DARKNESS,DRY,NOT ON SCENE (DESK REPORT),02/23/2018 08:58:00 PM,41.968343874,-87.740309686,POINT (-87.740309686003 41.968343873979),C,2,2018,20:45:00
2634a5894c7333bbc11ca879f7c269a8cd77560cb3301cfe021964dffd897678954be696b86fe52e63a67a1eaaec389658042d423cc2da2460b9980709ec7f51,2016-05-27 17:32:00,CLEAR,DAYLIGHT,DRY,NOT ON SCENE (DESK REPORT),06/03/2016 09:35:00 AM,41.75869138,-87.60533417,POINT (-87.605334170015 41.75869137995),C,5,2016,17:32:00
2629b5d294d8a63fa404f41ca025afd832c36fdf1b654322fd1df0cbcdd1f10ccf3275ec776c69886dfed2169518964b7f011081753fe99a56ccb7092be7d29d,2021-12-30 10:56:00,CLOUDY/OVERCAST,DAYLIGHT,DRY,ON SCENE,12/30/2021 11:06:00 AM,41.989727546,-87.748178979,POINT (-87.748178979 41.989727545973),C,12,2021,10:56:00
2588f9b181d03bfe3de43c5e38f37c4f8665092334654c2ee9f7305f6c7ac62dfada485cdebffcd06db6db9ee658a6b5baf6f82114864f9362a5b4567683b1bf,2019-06-19 09:15:00,CLEAR,DAYLIGHT,DRY,NOT ON SCENE (DESK REPORT),06/19/2019 09:20:00 AM,0.0,0.0,POINT (0 0),C,6,2019,09:15:00
26ec4322e52197f34c1c670fd7fbc1a69de4dcc4390b72acaa836059d238458cda0443db6352a4e895da7f0797ac22aae4063ed88e16767b8ece142029cce17f,2020-06-14 05:29:00,CLEAR,DAYLIGHT,DRY,ON SCENE,06/14/2020 05:29:00 AM,41.981194758,-87.772607878,POINT (-87.77260787798 41.981194757951),C,6,2020,05:29:00
26f9396ef2a5ae2f1d26ae7c4f9d52922f2cfc9c81eda69c300816929f655fde13e166943157210a94d3c20f5af858c76bd0f5cc6d2631c5c9e566843fc9610e,2023-01-26 13:10:00,SNOW,DAYLIGHT,WET,NOT ON SCENE (DESK REPORT),01/26/2023 01:50:00 PM,41.728825707,-87.543011107,POINT (-87.543011107042 41.728825706969),C,1,2023,13:10:00
27160e1d6e5a1c26524b33c44050210d85bb9db0d3d21080075f9047676401b032546b9e8050f2ac9a3e9cd8b69390629285ce167e49b5110debadc6d0f097cf,2017-01-09 21:00:00,SNOW,DARKNESS,WET,NOT ON SCENE (DESK REPORT),01/09/2017 09:30:00 PM,41.931607951,-87.697755776,POINT (-87.697755776035 41.931607951049),C,1,2017,21:00:00
27fc5b3bd16d27c37c91edc407ebef5ce2622b75397e022f4e125991f9a1e21894789471e6f5ed9a0b1688a1a73a6508766c8939369822a076ed97fc56affbee,2018-12-20 22:58:00,RAIN,"DARKNESS, LIGHTED ROAD",WET,ON SCENE,12/20/2018 11:00:00 PM,41.953124302,-87.779162745,POINT (-87.779162745025 41.953124301975),C,12,2018,22:58:00
26cf345112489329c985d023edabcfc1949f20b2729491af938f31955aa41849c76b44b220487cdad0b2736030175ae816cee529f2bc3659f560ff6ab2de6300,2021-06-21 21:02:00,CLEAR,"DARKNESS, LIGHTED ROAD",DRY,ON SCENE,06/21/2021 09:10:00 PM,41.797050516,-87.796441835,POINT (-87.796441835014 41.797050515973),C,6,2021,21:02:00