CRASH_RECORD_ID,CRASH_DATE,WEATHER_CONDITION,LIGHTING_CONDITION,ROADWAY_SURFACE_COND,REPORT_TYPE,DATE_POLICE_NOTIFIED,LATITUDE,LONGITUDE,LOCATION,CRASH_TYPE,CRASH_MONTH,CRASH_YEAR,CRASH_TIME
26fd02422527d3fdf079bd8e6738e321f0fb72a7b1c4dfe7666078b53fae454f1e91b7daef5e4e94e368561d3799043d3fd0236884965f753b3aae1954a10f82,2021-09-22 08:20:00,FREEZING RAIN/DRIZZLE,DAYLIGHT,WET,ON SCENE,09/22/2021 08:35:00 AM,41.964541591,-87.656762551,POINT (-87.65676255096 41.964541590956),C,9,2021,08:20:00
26fd963cf12a44a2a964a8d45134ebfb705319a2a6dfe89b8973e5191e7faa1f9713325b1f0cbcbcb567a5d8c04787f3412b62e96cc1453e6b45d1c6bfec3e0c,2017-10-14 12:00:00,RAIN,DAYLIGHT,WET,NOT ON SCENE (DESK REPORT),10/16/2017 03:30:00 PM,41.954068242,-87.678604449,POINT (-87.678604449027 41.954068242042),C,10,2017,12:00:00
2776ed5038ac8242cdfb97949e44b821f47d135335806717c7b0f32409967f2fe7a6cec701b4fbe7294fecce535418b08e615f2e74b55b76c2b0b190f2e1fa4b,2021-11-30 16:10:00,CLEAR,"DARKNESS, LIGHTED ROAD",DRY,ON SCENE,11/30/2021 04:15:00 PM,41.94093006,-87.707457456,POINT (-87.707457455955 41.940930060036),C,11,2021,16:10:00
27bfde7c8012b530d8751dce542a2bdd3d53a841f5696d0578d9225e37f8d308a89d8ff0582e29b57940f8c3950aced177216a7d6dfddc7e2c42e14aa3646583,2019-12-03 17:45:00,CLEAR,"DARKNESS, LIGHTED ROAD",DRY,NOT ON SCENE (DESK REPORT),12/21/2019 01:20:00 PM,41.931607951,-87.697755776,POINT (-87.697755776035 41.931607951049),C,12,2019,17:45:00
272fa90fc4efd1ce5e808c325b1fffcfc839b0ed0b443c3d59b17876d01ea33d939f251809881bec2a6fbcc820151e4dade7eb75e9f90df6b83a6c33967d83a3,2022-05-18 08:30:00,CLEAR,DAYLIGHT,DRY,NOT ON SCENE (DESK REPORT),05/26/2022 08:10:00 AM,41.938323018,-87.777389154,POINT (-87.777389153975 41.938323017997),C,5,2022,08:30:00
26107ccbc2937118f4d68fbdfd0bd3c5621975afe421b6c226a0de8b278fb5ba798e86f8444d2d98f6b12edea94ab5069b74424115a37584b504955c1be1bb2d,2018-12-03 09:00:00,UNKNOWN,UNKNOWN,UNKNOWN,NOT ON SCENE (DESK REPORT),12/06/2018 04:20:00 PM,42.010341686,-87.672331815,POINT (-87.672331815029 42.01034168595),C,12,2018,09:00:00
25a56a393c1b4243bec4da90075b5d7b5defa28ff194208d9e631ad06229998ed22776e1ca7acf9fc17933e537a6fa021c3a1d805476819d814b4d571d67c973,2017-12-11 12:10:00,CLEAR,DAYLIGHT,DRY,ON SCENE,12/11/2017 01:20:00 PM,41.864124324,-87.666463607,POINT (-87.66646360701 41.864124323954),C,12,2017,12:10:00
268bee643cf7a8d9dd3a1f532fbb60b207bcf1289c84d9c557f97bd6ea3f9ea55ffa0e6f4dde1ddf03868b22da906105f6a207550b5a9e463ddb72b7f013077d,2016-09-13 06:15:00,CLEAR,DAYLIGHT,"SAND, MUD, DIRT",NOT ON SCENE (DESK REPORT),09/13/2016 06:40:00 AM,41.861248347,-87.69560597,POINT (-87.695605970043 41.861248346977),C,9,2016,06:15:00
273584acf0d807de02b20da9afe66c6565cb0dd0e0b4c58e4a86fef041f577ea3623f48c07cc055407c4cc170eddca27eed2cd1aed3ce8549c6be25caab6b5da,2019-08-11 09:45:00,CLEAR,DAYLIGHT,DRY,ON SCENE,08/11/2019 09:51:00 AM,41.924697278,-87.718357061,POINT (-87.718357060977 41.924697277952),C,8,2019,09:45:00
257be2138a51de55c69d70a585289287e1a665dc8664923f40151636756a7f9bfe9f68689a13763533143b81a284623ef9ae33b33f3fd2585622e45e035ff41a,2019-08-03 17:00:00,CLEAR,DAYLIGHT,DRY,NOT ON SCENE (DESK REPORT),08/03/2019 07:00:00 PM,41.809316525,-87.613790359,POINT (-87.613790359015 41.809316524975),C,8,2019,17:00:00
2794475770d2f4d0116e33c73fb9236885108609a4bef63cb2e0794897aa5e5f650644b4ef4950bc115c1080e34bed1aa417d8f08d0a4ab60578efcd791e966a,2022-05-21 16:00:00,CLEAR,DAYLIGHT,UNKNOWN,NOT ON SCENE (DESK REPORT),05/21/2022 05:45:00 PM,41.827363248,-87.621826931,POINT (-87.62182693101 41.82736324801),C,5,2022,16:00:00
272aa6c824a63f8df709213990beb147515d543a944d47676d786e7ccf70b6bde1ad5ecb2d599ccda29b8047336f08934171385b96db915a0810365c1c788ceb,2019-12-20 02:00:00,UNKNOWN,"DARKNESS, LIGHTED ROAD",DRY,NOT ON SCENE (DESK REPORT),12/21/2019 02:30:00 PM,41.799315886,-87.602970956,POINT (-87.60297095602 41.799315885962),C,12,2019,02:00:00
27ca56f3adb9494612f48a458c76849531664871c3ef6660b8f461b18e9da283b25d5563fd39e531a0668154eafef0daae9424e49cfde62afe8ee7f56d4b66f5,2021-08-31 10:00:00,CLEAR,DAYLIGHT,DRY,NOT ON SCENE (DESK REPORT),08/31/2021 10:00:00 AM,41.924490094,-87.717288131,POINT (-87.717288130979 41.924490093998),C,8,2021,10:00:00
26add26f836562a251da4553cbb8e314669ee9c86cac7103b03c2b8d8130e16de458ddaf1623ef73f71b45a515fc5753b8be67b72b84d3ff21faada0d24808dd,2020-08-28 09:23:00,CLEAR,DAYLIGHT,DRY,ON SCENE,08/28/2020 09:23:00 AM,41.920676631,-87.775630269,POINT (-87.775630269041 41.920676630982),C,8,2020,09:23:00
26079e9f468889695cd05636269a9911a3626bae2a3e45dcaa3675017f0aab762a70126976e4a5754932c86cdc303e0bb090abd86dee5c4f5583a158dc9a5c3e,2017-09-12 09:30:00,CLEAR,DAYLIGHT,DRY,NOT ON SCENE (DESK REPORT),09/12/2017 10:40:00 AM,41.868505893,-87.744688538,POINT (-87.744688537963 41.868505892977),C,9,2017,09:30:00
25b951b9ddf4f1b650261d3c3d30d7a197287b1378301b8962df48c7404a4c3cf78dfd8e48a7849cfba1b56eb325ceb421e0a575eff2e370d9ce90677b1f5963,2023-06-05 09:30:00,CLEAR,DAYLIGHT,DRY,NOT ON SCENE (DESK REPORT),06/15/2023 12:33:00 PM,41.822958463,-87.691425915,POINT (-87.691425915045 41.822958462973),C,6,2023,09:30:00
265607671caff9af7d3e56cac28fafcaf01fa3e4c83fbb29bdbf60bc59d0f1b5d9b433527bc4054ead2007ae8cfbc074f7f1e90e18883dcf889e1f59a27a03b0,2023-01-20 17:35:00,CLEAR,"DARKNESS, LIGHTED ROAD",DRY,ON SCENE,01/20/2023 05:36:00 PM,41.883130894,-87.7648112,POINT (-87.764811200001 41.88313089402),C,1,2023,17:35:00
25d339286406f038eea32898870bfdc073f0b309eec9482e8c3c963377e452d7b02fb96472cf22f7dad9ce234d963203df49f764fff16615910badc35364e9cc,2022-11-18 09:30:00,BLOWING SNOW,DAYLIGHT,SNOW OR SLUSH,ON SCENE,11/18/2022 11:37:00 AM,41.750004047,-87.551375169,POINT (-87.551375168976 41.750004046992),C,11,2022,09:30:00
2677f2eafa5906af66ff5dc721cb4394f16484edfe95c781985082a707cdc3409225f6d3517bff6c19674dfa322a8749a997a5170fb541fef5778c4b3bc98202,2017-09-18 17:50:00,CLEAR,DAYLIGHT,DRY,NOT ON SCENE (DESK REPORT),09/18/2017 05:54:00 PM,41.879714362,-87.774496221,POINT (-87.774496220954 41.879714361958),C,9,2017,17:50:00
270bb9bf24c0c4254a0e1a2eb17d160c28357203ec222d4062ddb0822c7a7ab6319baaa5377648b7301f119b1be2c2da66d86f1279bc26ad26bf45a041a4bc4d,2018-12-16 03:30:00,FOG/SMOKE/HAZE,DARKNESS,WET,ON SCENE,12/16/2018 03:35:00 AM,41.981469236,-87.692583935,POINT (-87.692583934987 41.981469235994),C,12,2018,03:30:00
2723ea1debc95f71e16fe8a1bb42b3f3ef19f01401ffbeedde08f9f4f936a465b48f865424c330e8ad1fcc1f17e7f80aff6693e43be7284ea02c76da4585cfdb,2022-10-18 11:30:00,CLEAR,DAYLIGHT,DRY,NOT ON SCENE (DESK REPORT),10/18/2022 07:08:00 PM,41.786328045,-87.705136175,POINT (-87.705136175049 41.786328044987),C,10,2022,11:30:00
265ebe5c23e34aebc2ba88a0995a98b3620757fb799db68f055c8366ecf97c0bf88195b7a613423144c06efc8bba4d92b9e4ef33a0493f59526218f22a4cb4ac,2023-07-04 17:14:00,CLEAR,DAYLIGHT,DRY,ON SCENE,07/04/2023 05:14:00 PM,41.776461756,-87.654267851,POINT (-87.654267850987 41.776461755976),C,7,2023,17:14:00
26627ade208a8cbce27173e842606241e18f7db419aca832847859d03272032cf8769e4078edfc2197473f8c867fe5e5fcb797d6d02e7380e365255511488111,2023-07-27 09:30:00,CLEAR,DAYLIGHT,DRY,ON SCENE,07/27/2023 10:08:00 AM,41.98354261,-87.658429145,POINT (-87.658429145025 41.983542609998),C,7,2023,09:30:00
25b60ab40a43fc49dc1cd6361ac2b0db9b21f289c65f596c486b0b0d8ea066fd654d98403bf24376113064121c243fa21f969bacc51164cb576d9de1e19ce9f6,2019-09-10 16:00:00,CLEAR,DAYLIGHT,DRY,NOT ON SCENE (DESK REPORT),09/10/2019 05:35:00 PM,41.848039539,-87.704403474,POINT (-87.704403474023 41.848039539014),C,9,2019,16:00:00
257b8b7fa9a1e5d8d018090822fef2422961f7603ed7168505db5a5e06cad54b7252cb0616f964803d7ca47de6f59c0e8061946c2e98acb920b6c2f3ba50e244,2022-08-28 23:20:00,CLEAR,"DARKNESS, LIGHTED ROAD",WET,ON SCENE,08/28/2022 11:23:00 PM,42.006801604,-87.661457734,POINT (-87.661457733969 42.006801603988),C,8,2022,23:20:00
255176abf448af07c461b9684c04c0036942c654529ce6ec8f8d776331e471492c3e91fdcef498d9b73e469a0f52813b2590b2e034806db2c7c39dd83d662cf3,2018-08-05 00:20:00,CLEAR,"DARKNESS, LIGHTED ROAD",DRY,NOT ON SCENE (DESK REPORT),08/05/2018 12:21:00 AM,41.933341652,-87.659591855,POINT (-87.659591855013 41.933341652029),C,8,2018,00:20:00
27a315691bbbb48cc0a0acc40db9be2df4b3cba8638fd0319ee86ac68c16403af7b5680b06097207fadaef7de8b7fba58195a9ddf49b5a0c8e59fda4000f10e9,2018-05-16 14:25:00,CLEAR,DAYLIGHT,DRY,ON SCENE,05/16/2018 02:45:00 PM,41.780498489,-87.714644241,POINT (-87.714644240962 41.780498489048),C,5,2018,14:25:00
2a830a05f7ad3b3c5caa8d813a6c3a19b6230e2cb97770090e0cc0faa083b2ba322d8d611baa86ccc3c84e1e4e665428c9f708c8d64395ac0ab3ccd5d2fd1abc,2019-11-25 19:05:00,CLEAR,DARKNESS,DRY,NOT ON SCENE (DESK REPORT),12/04/2019 10:14:00 PM,41.879813058,-87.725492182,POINT (-87.725492182032 41.879813057952),C,11,2019,19:05:00
2a0260ea256e9b1b4a3e48dc0f80444e17644591ec2bd29be5932e8bea61764bdd9fd3c79143956774509d2505998d62994272679789a196028c22cb03fcac25,2022-12-18 23:42:00,CLEAR,"DARKNESS, LIGHTED ROAD",DRY,ON SCENE,12/18/2022 11:52:00 PM,41.903825234,-87.64328636,POINT (-87.643286359995 41.903825233976),C,12,2022,23:42:00
2a1f4da177635ce87f896156a937151a682d85281cd5e09548d623e83c55fdbafe06e96a1a60cd433e2d8bb902aecc4b6489e2e0e7cb92711f413d89eae84267,2018-11-27 21:43:00,SNOW,"DARKNESS, LIGHTED ROAD",ICE,ON SCENE,11/27/2018 09:43:00 PM,41.709758192,-87.569754014,POINT (-87.569754013963 41.709758191978),C,11,2018,21:43:00
28d0b1eeac2ca39e47dbecd5294d361c274622e7a6a7131288e36c84b6bf6a50e853754f8cc8666a874fec61b016e86bb296faaf996a7032434e5e2b2d3d21e2,2019-03-19 12:30:00,CLEAR,DAYLIGHT,DRY,ON SCENE,03/19/2019 12:35:00 PM,41.938102576,-87.80722885,POINT (-87.807228850045 41.938102575978),C,3,2019,12:30:00
2abd06f3094ca0ed2ba50e45eb0d772a35e19346a25f8a1876f42539d167dc469f02a0fd355ad3900f5c743706bddca84318b64416dc4256d251c94096109855,2016-05-30 14:00:00,CLEAR,DAYLIGHT,DRY,NOT ON SCENE (DESK REPORT),05/30/2016 02:10:00 PM,41.903825234,-87.64328636,POINT (-87.643286359995 41.903825233976),C,5,2016,14:00:00
2923503bfbc49d92fb9a87a66d41284bee685aa794b175ebcc128142f2b34ad9f0c2fe2e02f2c2eb141712dd8aed32c12dafbb158dcd312f5e876cfe26065104,2023-01-04 18:32:00,RAIN,"DARKNESS, LIGHTED ROAD",WET,ON SCENE,01/04/2023 06:32:00 PM,41.754994685,-87.584345747,POINT (-87.584345747004 41.754994684966),C,1,2023,18:32:00
2ab84b62efa9d4d468c9066740fc9b7439017396114801b58ca97408ba9d45d118631697be401f572c9c274f2ee4c76a035486d0beb7acd16bd01a421fb7e44c,2018-04-28 19:12:00,CLEAR,DUSK,DRY,ON SCENE,04/28/2018 07:42:00 PM,41.794090446,-87.630527331,POINT (-87.630527331008 41.794090445987),C,4,2018,19:12:00
2885f8c9687b52c5312ddd2765bcff0646b416c3377d13275adf4246ca2b6171f2e16fc8bb2007f73bcc68230fc55933f9db6c0e04eab53ba93bb4600df397ca,2023-02-27 16:10:00,CLEAR,DAYLIGHT,DRY,NOT ON SCENE (DESK REPORT),02/27/2023 05:50:00 PM,41.758245505,-87.626521907,POINT (-87.626521907009 41.758245504966),C,2,2023,16:10:00
299f1c6fc92b75787192f670268c05987f3b4bca5916edbd7238e9ae314379420755396b1f365726103194b52c94788a2ad39dd7568ca72b5cb284e85b91146a,2022-06-20 19:00:00,CLEAR,DARKNESS,DRY,ON SCENE,06/20/2022 11:52:00 PM,41.857784901,-87.711663102,POINT (-87.711663101992 41.857784901036),C,6,2022,19:00:00
2a6414480c995d743b684340b53ca2c6fe8a9cf8525f88fdd0af4a5b1127cf3fb3e350ed3106838f883b8876cc33005389462730736d4088f583ca711132d0ff,2020-03-03 17:10:00,CLEAR,DAYLIGHT,DRY,ON SCENE,03/03/2020 05:21:00 PM,41.741803599,-87.740953582,POINT (-87.740953581987 41.741803598989),C,3,2020,17:10:00
294583a6fc3df6d38ab3d21bb728ae1df9a8741bbb858f88eace1ff346269edb89977b638ea9ca2e340f8da096030e2ce9cacf2978feb398b422410304d90aa3,2018-08-11 11:20:00,CLEAR,DAYLIGHT,DRY,ON SCENE,08/11/2018 11:29:00 AM,41.932266379,-87.688985069,POINT (-87.688985068971 41.932266378986),C,8,2018,11:20:00
2a75222bdfcd43cdda93c339f1285a0621f0f2c589a5fa9f849b48c743f1d23f9d01ed911b19eed39fd60ba350fc993765cf8e223465d1cc016474c6b5254977,2021-01-09 19:30:00,CLEAR,DAWN,DRY,NOT ON SCENE (DESK REPORT),01/09/2021 07:50:00 PM,41.894228849,-87.625384759,POINT (-87.625384758996 41.894228848999),C,1,2021,19:30:00
29a7e2b33ea78ab04f62b85a13216fcd4537049f358f2f032dcc8870bc02982fbb9fbbd32769918b2294cab9196e2bfbb638aafe2697f6783b49a70cbf2053b6,2022-10-20 15:02:00,CLEAR,DAYLIGHT,DRY,NOT ON SCENE (DESK REPORT),10/20/2022 04:30:00 PM,41.947988017,-87.747288494,POINT (-87.747288493953 41.947988016986),C,10,2022,15:02:00
292e4cf66193b944bbce85f6c6cca93dbc219012b675314702e337ac244e9ffaefb91a9cae40d485d9a79a9f3d2262f928029568f42861a75eb5d0e69803328b,2018-06-02 12:00:00,CLEAR,DAYLIGHT,DRY,NOT ON SCENE (DESK REPORT),06/02/2018 02:52:00 PM,41.878390352,-87.757767275,POINT (-87.757767275028 41.878390351978),C,6,2018,12:00:00
2a757d8c8f5b6b12440b681ee2d09531024cd5c6c1ff6418324894a7d2dc08f3beb190373b4585269ea58eeaf184783791e26dda7688ce420a883a3e2261be06,2020-07-02 11:05:00,CLEAR,UNKNOWN,DRY,NOT ON SCENE (DESK REPORT),07/02/2020 03:45:00 PM,41.885900985,-87.758793598,POINT (-87.758793598042 41.885900984968),C,7,2020,11:05:00
281546ee9a6811e12b7ca6bc9bb4f63f153ac08149a2278de53d3cefe298432b5624d799de38d9f3406d261412a00abb4d0ba3c165ed2d1b6250c13a1ab17251,2023-05-03 12:15:00,CLEAR,DAYLIGHT,DRY,NOT ON SCENE (DESK REPORT),05/03/2023 12:19:00 PM,41.691376862,-87.720174306,POINT (-87.720174306034 41.691376861978),C,5,2023,12:15:00
2836234aac85f15368f3aa6ea832064dd9af186af06e21286d15f2280fd17a93760b2698a23d61c9c975509b2646abc021cd1aaa30750a43e46a80c83b6cc6e8,2017-10-22 02:30:00,UNKNOWN,"DARKNESS, LIGHTED ROAD",UNKNOWN,ON SCENE,10/22/2017 08:16:00 AM,41.762737604,-87.56151084,POINT (-87.561510839959 41.762737604049),C,10,2017,02:30:00
283f0b2f313817e2d6f1b676d09ca9484d32920c90bbbd83fd02454ecc477c44357153e5e52f0ef659f3b38208d39d44901ed728e6eafd655db7d378a3d564e3,2022-08-30 08:30:00,CLEAR,DAYLIGHT,UNKNOWN,NOT ON SCENE (DESK REPORT),08/30/2022 11:00:00 AM,41.880556614,-87.637168587,POINT (-87.637168587045 41.880556614042),C,8,2022,08:30:00
295fc602261b9c1763110b544ad645a3dc6000ff43df138d8ad5d6928a359c21eae4709429e6db5d1438d0cd6fd8a3b22a3b16267dd169495aae7cfe0d6adb8b,2020-08-09 13:15:00,CLEAR,DAYLIGHT,DRY,NOT ON SCENE (DESK REPORT),08/09/2020 01:45:00 PM,41.898904591,-87.740159804,POINT (-87.74015980403 41.898904590989),C,8,2020,13:15:00
282c0603240f2c5cbc189e40c89dccb395123e8be1bfe6329f104f150ff957e1701dbad32e0366c3942543f44f032bff70f11f9c1723b3bf00c7e3221cf862d2,2021-10-04 13:23:00,CLEAR,DAYLIGHT,DRY,ON SCENE,10/04/2021 01:23:00 PM,41.999303444,-87.66569517,POINT (-87.665695170023 41.999303443972),C,10,2021,13:23:00
2832ee343855630b68fbc6c11ae6aeccc1948537432a9e5507c9ff1fdba2a28144347fb4685abe38251587d6e44adc05b921bb4d7ed77547048c210fc1b4c686,2019-11-04 18:30:00,CLEAR,DUSK,DRY,NOT ON SCENE (DESK REPORT),11/04/2019 07:09:00 PM,41.907717718,-87.745916874,POINT (-87.745916874041 41.907717717976),C,11,2019,18:30:00
28219945cc5ae5362dec42154cd6c9eb3fe99cdbd3fbcfae7ee68707f50918ff8ce0411e54a743c6403f95958ea2d1311cbb5f2dadafe4180f22fba25570c1bc,2017-12-11 00:25:00,CLEAR,"DARKNESS, LIGHTED ROAD",DRY,ON SCENE,12/11/2017 12:25:00 AM,41.91806312,-87.746298891,POINT (-87.746298890978 41.918063119995),C,12,2017,00:25:00
29977192763df0066add561c6ea8ad1c3dcc9d399e2091bc693fd8ed2addf703125acd71b1e64cb35c8b015128b2809948202d5251fd30ca33b45991a7f14ff6,2018-05-12 18:00:00,RAIN,DAYLIGHT,WET,NOT ON SCENE (DESK REPORT),05/12/2018 08:39:00 PM,42.0109408,-87.682754031,POINT (-87.68275403105 42.010940800028),C,5,2018,18:00:00
295761b52c954e5f126b677d42b709986116a3dc471daafc2df0e81b09eb1433c6b94ae175e320829a8ca2699c2426a17c7a872e34f9ce4fc07c845f898b5b3d,2021-07-04 01:40:00,CLEAR,DARKNESS,DRY,ON SCENE,07/04/2021 01:43:00 AM,41.958986951,-87.933993929,POINT (-87.933993928974 41.958986950953),C,7,2021,01:40:00
2a0466804ed632cd0a1d527a0d4b4feb4ff649d4db63040974b8d8cb96bcaa0e6f88201299f6e39c1ad7f7742ab400239a766cbc5b1bfca02bb8dad2971581e5,2017-11-04 13:43:00,RAIN,DAYLIGHT,DRY,NOT ON SCENE (DESK REPORT),11/04/2017 02:43:00 PM,41.741803599,-87.740953582,POINT (-87.740953581987 41.741803598989),C,11,2017,13:43:00
28067ad011836d4894a7f29fbcab002133e3cab9719f5941f8555678b46c4825ca03c4f91d21fd6a52931c5feb1d7b50aa2e936ca5a9e6832d7f8d5c73b62a15,2022-07-16 17:00:00,CLEAR,DAYLIGHT,DRY,ON SCENE,07/16/2022 05:20:00 PM,41.763192609,-87.664318438,POINT (-87.664318438028 41.763192609009),C,7,2022,17:00:00
2ab3bae97ccfdd3e7280909cb1b1a6d1296f9a3538c04ff27009996e3cf3b197d71dfd8e3283fe6382f5fdd1f3cc935756df34554d319250a5fc282b6a678593,2020-04-05 00:05:00,CLEAR,"DARKNESS, LIGHTED ROAD",DRY,ON SCENE,04/05/2020 12:07:00 AM,41.813500402,-87.702133079,POINT (-87.702133079023 41.813500401996),C,4,2020,00:05:00
2857db482bd2eaee380a0cbe88e799e038d60d33b311b9981567d64a7c9b9b24b634435b3206520b2193b6383c0be3cc781a9c44d2eda744979aecbeb7aabb15,2017-10-12 07:00:00,CLEAR,DAYLIGHT,DRY,NOT ON SCENE (DESK REPORT),10/12/2017 07:20:00 AM,41.996408885,-87.787336766,POINT (-87.787336765987 41.996408884965),C,10,2017,07:00:00
2a61e618373a752f7b7260054204a5313b9870b107879e20e11d632f27d5112be5a1e4431d30f2d41f08ab697edae2a4013bd4c7398aadf0e73706d9bd926d3d,2022-07-22 06:00:00,CLEAR,DAYLIGHT,UNKNOWN,ON SCENE,07/22/2022 03:47:00 PM,41.925540778,-87.766192945,POINT (-87.766192945004 41.925540777966),C,7,2022,06:00:00
29c954bf13f8fa1a635daae3e707cb5dd3e1a4937a42a96e65a5e1eb951f89017d6a169370fdb9677e7e8e0fc0e5360db1540ff0b4cd6ccde605ec4aaa5d08e9,2016-11-02 12:45:00,RAIN,DAYLIGHT,WET,NOT ON SCENE (DESK REPORT),11/02/2016 01:20:00 PM,41.879714362,-87.774496221,POINT (-87.774496220954 41.879714361958),C,11,2016,12:45:00
297daac581b84d476d3a93c74506e8a87b799529f0f00956f3b3382d01bb0c1b5889d3a85ec7b76b1ee82d7640cb632826075494c8d777b378f5d1d55954c063,2016-12-14 13:00:00,CLEAR,DAYLIGHT,ICE,NOT ON SCENE (DESK REPORT),12/14/2016 03:30:00 PM,41.887040052,-87.667158502,POINT (-87.667158502015 41.887040051999),C,12,2016,13:00:00
28e07f2630824a5fd6164df7194c8c1376ddf1366895c85dcf6adcbc9eb6a21296e61456c31f5afc096505c2beb28c3747cf0787c81bdb200025e36b89ced8b7,2017-12-28 12:00:00,CLOUDY/OVERCAST,DAYLIGHT,DRY,NOT ON SCENE (DESK REPORT),12/28/2017 12:26:00 PM,41.903639931,-87.65554697,POINT (-87.655546970003 41.903639930952),C,12,2017,12:00:00
28acb0046d39e9218d0a001feb7fa8f9133dcde30c12f9507d8b7cf1507d9d0fc22e892ba2f25c8dd9996ca1022c906668d689b0d9904cfc5c0542db10489b89,2021-08-16 13:00:00,CLEAR,DAYLIGHT,OTHER,NOT ON SCENE (DESK REPORT),08/16/2021 06:45:00 PM,41.785387445,-87.606183761,POINT (-87.606183761008 41.785387444959),C,8,2021,13:00:00
2a303cac3fa89e49065956a5bba9c0dcb8bd9c9e598463aad24910e15645309dcfc7cbb6417691fcef220ccc27a91fadbdf8c1386fd1c2f5cfb251096a9fa9d2,2022-09-16 15:03:00,CLEAR,DAYLIGHT,DRY,ON SCENE,09/16/2022 03:03:00 PM,41.755599125,-87.556138042,POINT (-87.556138041997 41.755599125017),C,9,2022,15:03:00
29024d2a4632df975ac68682c77c3340df99d672d4f4f39294224b09c12e360ca921c27d952e9806d689617849e2272c128c7d896589f880bb8a01d4b8d10eb2,2017-10-28 20:00:00,CLEAR,"DARKNESS, LIGHTED ROAD",DRY,ON SCENE,10/28/2017 08:45:00 PM,0.0,0.0,POINT (0 0),C,10,2017,20:00:00
298f0c7d224495c5e352d8f28351f64baaf21c0097444522e2827b4ad15c1a87d0ad1aae6d0bc81f88e38b7a1058b173f814e3e69277c474ba33f6c74203872b,2016-06-02 09:15:00,CLEAR,DAYLIGHT,DRY,NOT ON SCENE (DESK REPORT),06/03/2016 08:55:00 AM,41.917103631,-87.687248767,POINT (-87.687248767006 41.917103631009),C,6,2016,09:15:00
2a66caf4d46b2c4034f44c44360dfd02ca5baf31d4cca57a2259b1308fabbcc54b0b1b0062ed84f6a4fb95fcc22341694599d38c054b9b090459372957ace2ed,2023-04-11 22:07:00,CLEAR,"DARKNESS, LIGHTED ROAD",DRY,ON SCENE,04/12/2023 12:19:00 AM,41.73172719,-87.571792876,POINT (-87.571792875954 41.731727189963),C,4,2023,22:07:00
2a372a975cd5aef63bb355831d8aed228eefdf0bdb560830d8490c11245cbcaeb15a68fa9e5ccd8a21942ad4231c0eed909a18743b9be084aca38d23010f2945,2022-07-06 15:40:00,CLEAR,DAYLIGHT,DRY,NOT ON SCENE (DESK REPORT),07/11/2022 01:25:00 PM,41.990024694,-87.728708871,POINT (-87.728708871015 41.990024694008),C,7,2022,15:40:00
2a2335852343927591ec218020803b66bdf47ffcf677fcd45ab477d9e16a1c68e14f3221220ef8b3137e67c4aceeec66380f9a3419f3cb78d55e8b99bf6642ff,2019-08-16 16:10:00,CLEAR,DAYLIGHT,DRY,ON SCENE,08/16/2019 04:14:00 PM,41.907717718,-87.745916874,POINT (-87.745916874041 41.907717717976),C,8,2019,16:10:00
29c10119bafcf8c338e8e86aeb25e4943e41aa8dac6f694c0cc2cfe02d67e69c8cd4b4ac15dbbf20d1f7a6f67cc467bb09b4a2f6107be63f369205a95649430a,2016-09-17 13:05:00,CLEAR,DAYLIGHT,DRY,NOT ON SCENE (DESK REPORT),09/17/2016 01:45:00 PM,41.809781151,-87.594212812,POINT (-87.594212812011 41.809781151018),C,9,2016,13:05:00
2a51edcd03cb474d02b1f5aa5b23505f80e9a350e90aa6b193d7748bc37e3505b9894687867f93ebcf2446208aea35693ade83827ae5cf49daabad929034aa6c,2019-09-04 13:30:00,CLEAR,DAYLIGHT,DRY,NOT ON SCENE (DESK REPORT),09/04/2019 02:30:00 PM,41.894989505,-87.761902885,POINT (-87.761902884992 41.894989504972),C,9,2019,13:30:00
2a51b5c1f60681583de2675b95b951424e039ec0330a6e8d826b422ee1b401287b0cbd722fc2966bff5f91668f48160948a5de030a4ced778a6a65638bf694f5,2018-10-19 23:35:00,UNKNOWN,"DARKNESS, LIGHTED ROAD",UNKNOWN,NOT ON SCENE (DESK REPORT),10/22/2018 12:15:00 AM,41.997501164,-87.709206143,POINT (-87.709206143033 41.997501164025),C,10,2018,23:35:00
289797fe33b3dd61f937d2d38aca252d23740793b1395cd430a8529ef90f229a07becb90e76f06d107c0a3bd6c3a2f5e59cce7ff8cc9c1fad8e74e40d46c8401,2021-12-14 15:35:00,CLOUDY/OVERCAST,DUSK,UNKNOWN,ON SCENE,12/14/2021 03:52:00 PM,41.90052616,-87.712682588,POINT (-87.712682587959 41.900526159988),C,12,2021,15:35:00
2973e62566f082e343ba8b08e8d6efb323cea79084c225b449ea1226f67b733fac920e7f770e99581282c5ca6fa3117351624c911000cbfbda61bd55ea858031,2021-11-11 13:00:00,UNKNOWN,DAYLIGHT,UNKNOWN,NOT ON SCENE (DESK REPORT),11/11/2021 03:00:00 PM,41.779845601,-87.578814915,POINT (-87.578814914971 41.779845600988),C,11,2021,13:00:00