CRASH_RECORD_ID,CRASH_DATE,WEATHER_CONDITION,LIGHTING_CONDITION,ROADWAY_SURFACE_COND,REPORT_TYPE,DATE_POLICE_NOTIFIED,LATITUDE,LONGITUDE,LOCATION,CRASH_TYPE,CRASH_MONTH,CRASH_YEAR,CRASH_TIME
2ab32f245364015dfa1e504008b2ec619656295ce96ff9af67af4a31d8d12961898f1589fee1d6b2c53de3c36727cd37714688c58ac1b7bfbffed907d3458873,2022-09-29 22:00:00,CLEAR,"DARKNESS, LIGHTED ROAD",DRY,NOT ON SCENE (DESK REPORT),09/30/2022 10:15:00 AM,42.015901674,-87.669442135,POINT (-87.669442135045 42.015901673999),C,9,2022,22:00:00
29859215b245582aa42d28dbd699a6b2e3b52f5354e54317cc5f33a2ddeaace69cc164e14c5a2e0472ed9969a275bae7328440a706bd8f138ac584f446ae070f,2018-04-13 09:20:00,CLEAR,DAYLIGHT,DRY,NOT ON SCENE (DESK REPORT),04/13/2018 10:30:00 AM,41.735617968,-87.682663369,POINT (-87.682663369002 41.735617967973),C,4,2018,09:20:00
2886de4d0d533eff8d872eb5f4aac1ac0a27174d45b56ffe798d2f7036d4d448ac1d6a5b97c61d4f104d7886e8bb2593554e09b9c6171b2cef29802fe59ba660,2018-05-28 20:40:00,CLEAR,"DARKNESS, LIGHTED ROAD",DRY,ON SCENE,05/28/2018 09:39:00 PM,41.793666729,-87.701266774,POINT (-87.701266773982 41.793666728969),C,5,2018,20:40:00
2a31aa10348499dc7aa43dab8200ea9352e0d2fefda621562c8e8e75a9450accd2020934c92af4e1d397f8c2b6392c1dd971d9bbbeae8f12db1e87b8ca1216ff,2019-10-26 16:50:00,RAIN,DAYLIGHT,WET,ON SCENE,10/26/2019 04:50:00 PM,41.741803599,-87.740953582,POINT (-87.740953581987 41.741803598989),C,10,2019,16:50:00
2abb3dd914316438af82a768ff733f1e23c3498e1efe069a60266ed9f559ca50f29ee791c4737f9b479424ab389d71f9d5b247bc1319333cd1b0fb3f268230ef,2019-05-02 17:06:00,CLEAR,DAYLIGHT,DRY,ON SCENE,05/02/2019 05:10:00 PM,41.836027553,-87.704935332,POINT (-87.70493533204 41.836027553007),C,5,2019,17:06:00
29f739f3c746c44c7cbf66cba62e1359716fdaf927372f9e7efc5cca07f48647cdf3ba3dbb6b659ddb6fe64751cbcf1a307bf0ecd35380b7445c3703d537380e,2020-01-08 12:30:00,CLEAR,DAYLIGHT,UNKNOWN,NOT ON SCENE (DESK REPORT),01/08/2020 01:32:00 PM,41.969261067,-87.650422729,POINT (-87.650422728959 41.969261066974),C,1,2020,12:30:00
28cb585a6cf706d4cd2087acf87e61587bb4da3f6e2987ae09da829eeb6292230f582318bec2de1a89fa1bbacbbae27c6c7d16ac755f18cb0cdfc040f2d7504b,2022-07-29 11:30:00,CLEAR,DAYLIGHT,DRY,NOT ON SCENE (DESK REPORT),07/29/2022 12:05:00 PM,41.830860895,-87.646047677,POINT (-87.646047676999 41.830860894992),C,7,2022,11:30:00
28a52e9eb0f395aa112329ba452df8211fbf7893ccc68ded51fa7106a1e4954af79012d9371916d963cb0eaf45b6837c187867ec5b56e3aaff1b7b64ea05ee6c,2022-10-29 17:40:00,CLEAR,DAYLIGHT,DRY,NOT ON SCENE (DESK REPORT),10/30/2022 03:45:00 PM,41.953203301,-87.756048735,POINT (-87.756048735038 41.953203300975),C,10,2022,17:40:00
28b0f3b87d850ce78665498e8eccf82e292251df72654d0f97ee919cb9d9a9d6a853452783e640b9b01fcc0642ea71803c029772899eac54e9137527ec3692e3,2021-06-06 20:55:00,CLEAR,"DARKNESS, LIGHTED ROAD",DRY,NOT ON SCENE (DESK REPORT),06/06/2021 10:50:00 PM,41.898711995,-87.73837944,POINT (-87.738379440019 41.89871199496),C,6,2021,20:55:00
2966ad078ee5998e796c5c4b93a8fe0bfc1c8870ced3e84331527458da4a96550c38cd825302452d358d0ab31f1e52c1ffadb63f10d13fec38d43d536d0487a5,2017-03-14 16:50:00,CLEAR,DAYLIGHT,WET,NOT ON SCENE (DESK REPORT),03/14/2017 05:15:00 PM,41.903639931,-87.65554697,POINT (-87.655546970003 41.903639930952),C,3,2017,16:50:00
29923a3a1de684662882dc86542634704f538f141ca65a6985f26eb0472ba1f7f1c333b9a038e6ce7de016c2ffd14f1919f4816659caf621817f8d3c07c29a61,2020-02-10 09:35:00,CLEAR,DAYLIGHT,DRY,ON SCENE,02/11/2020 09:35:00 AM,41.908009406,-87.643491086,POINT (-87.64349108603 41.908009405972),C,2,2020,09:35:00
2a62eab849a297ffc65b1b897bc7244a07fecd9143725c71693e7eee6694e7e37638593022a291784e5da2e82b0e22d7289d61941b161b34900ff7c6180ac82e,2022-10-15 16:00:00,CLEAR,DUSK,DRY,NOT ON SCENE (DESK REPORT),10/16/2022 10:15:00 AM,41.946909114,-87.683469891,POINT (-87.683469891004 41.946909113959),C,10,2022,16:00:00
28e3080303c0778ebb8fd5bf7d0ac827e14dd3740a49431639939da31ca0e9a46521860df254b9d9cbc89467681cc4459f51c241fba8bd877c05e7246c0af632,2018-07-12 13:35:00,CLEAR,DAYLIGHT,DRY,ON SCENE,07/12/2018 01:35:00 PM,41.794090446,-87.630527331,POINT (-87.630527331008 41.794090445987),C,7,2018,13:35:00
292dd99534b2d52f6b1dd1ce1c536c8baf3ad70cb8b10ee2f2e1c6f391b80c62dff55c27828b5b3c89a20fc0ecb00f9061fa4c5bcf70d4c06a29ceb21bbe0bf8,2016-06-17 15:45:00,CLEAR,DAYLIGHT,DRY,NOT ON SCENE (DESK REPORT),06/17/2016 04:30:00 PM,41.884546961,-87.64758764,POINT (-87.647587639978 41.884546961039),C,6,2016,15:45:00
288bdf03343b2f58550699c4a6c3d4f19b82c1d3d9ee8cc7e61df57415aee8e1f8ee71aaec3d5ed5673e698548151a2921f3b12bb9b9e91d757dab48e5df1983,2017-09-04 16:10:00,RAIN,DAYLIGHT,DRY,ON SCENE,09/04/2017 04:10:00 PM,41.968371229,-87.782421321,POINT (-87.782421320989 41.968371228969),C,9,2017,16:10:00
2a2a939ba8f8a59cd796428332e6baf1a100da8cc6196cf9c8a02fdbdeadd78753c5525227848efac4deb08fead6961145e28e5afa944f2579c2cb276109752a,2020-09-28 09:40:00,CLOUDY/OVERCAST,DAYLIGHT,WET,ON SCENE,09/28/2020 09:45:00 AM,41.741803599,-87.740953582,POINT (-87.740953581987 41.741803598989),C,9,2020,09:40:00
29b53414601822c21a3c8547f90c519b5b3f0bc15bcac86c92478925a8007020b11a2a691dc966ff5a57746bf3b2c29257c159c417eb92661aad3133a7916bf1,2016-03-14 11:30:00,CLEAR,DAYLIGHT,DRY,NOT ON SCENE (DESK REPORT),03/21/2016 11:30:00 AM,41.931607951,-87.697755776,POINT (-87.697755776035 41.931607951049),C,3,2016,11:30:00
28238ceda8fb586e2ec46ee0a1117bd5bba8d39d28219f776fc9173ce6529eb37e782575da63dfb7cbc6d906f32d0053b4b802d05802ec0b278df9477386bf87,2018-01-13 22:02:00,CLEAR,"DARKNESS, LIGHTED ROAD",DRY,ON SCENE,01/13/2018 10:50:00 PM,41.969261067,-87.650422729,POINT (-87.650422728959 41.969261066974),C,1,2018,22:02:00
2957f8c8680ab22ec1bf77d1620b5686b6ee02687fa1d82c7aa6f2fdd1e3e70d964280dfcd40ee2f6dad90da31075fa92dd6cf18a73c25478b2f6061590ff5e1,2017-12-31 19:38:00,CLEAR,DARKNESS,DRY,ON SCENE,12/31/2017 07:38:00 PM,41.771236259,-87.724950377,POINT (-87.724950377022 41.771236259041),C,12,2017,19:38:00
28736c6d516a83fffebf2f9aef6f74bebe852cd0ee7c0fdbdd2a293d83e3e8426c25e7802eeabd0f090952da5c41b6afa91d47711acd62f9cd3cdc633cf4c818,2018-09-11 22:25:00,CLEAR,"DARKNESS, LIGHTED ROAD",UNKNOWN,ON SCENE,09/11/2018 10:27:00 PM,41.97978009,-87.80712782,POINT (-87.807127820044 41.979780090014),C,9,2018,22:25:00
2995ab70ec82dffe857af51c09049a665aa80ef19e3b60b3775a910cb1d99f339ddee5b9dea0e35d24ff486bca508424e991bcfdac9e7f0bbee9aa4ad85e18d7,2018-05-03 10:20:00,CLEAR,DAYLIGHT,DRY,NOT ON SCENE (DESK REPORT),05/03/2018 02:00:00 PM,41.989727546,-87.748178979,POINT (-87.748178979 41.989727545973),C,5,2018,10:20:00
2a63fa5097caeca65f156577c79d22d927033743f725ccfdd5e694d422603e997ea0eb454b67faf7dbc1c508ea336c0eb9c13b2f64fce5e0d43f3313ff649f98,2016-10-10 17:00:00,CLEAR,DAYLIGHT,DRY,NOT ON SCENE (DESK REPORT),10/10/2016 06:00:00 PM,41.983208978,-87.699307663,POINT (-87.699307663 41.983208978045),C,10,2016,17:00:00
281e0e8850a6cd2e3e8eeb80c90b139b2db92c1bf46afee809b1729df5438cfb3751ec3ee05b79df5f1c494445b87d2401035259f024c6abb680b7e3edecae8d,2021-08-23 12:00:00,CLEAR,DAYLIGHT,DRY,NOT ON SCENE (DESK REPORT),08/24/2021 10:50:00 AM,41.744151639,-87.585945067,POINT (-87.585945066953 41.744151639042),C,8,2021,12:00:00
2858b2e610cddacc24b1c85446f7767141b502a8b2b862251fc009f0017f5c85540a87208989d7efa170d20e355f7928413ee56fa7924037e339287de1958c1c,2017-11-19 20:05:00,CLEAR,"DARKNESS, LIGHTED ROAD",DRY,ON SCENE,11/19/2017 08:09:00 PM,42.01372401,-87.708797171,POINT (-87.708797170984 42.013724009968),C,11,2017,20:05:00
2afdea51cccc6c6e81e1cbe6192e48ff93d9bf1fee36d92a6b5b31302a0408784479bcb08e982d3aee759e81808d0c1d7a5dc113a2e945b0743e6220878fddc2,2022-04-22 12:50:00,RAIN,DAYLIGHT,WET,ON SCENE,04/22/2022 12:56:00 PM,41.862331035,-87.711586346,POINT (-87.711586346018 41.862331035045),C,4,2022,12:50:00
2bef7f229251ec21eb2f8ee925d6e0b809a6aa43458298e038f7cc2cc73316056436f9f18b836b26dabc46fc4a843ca78f0a2c3af918b9fd8910b642b573f347,2018-07-08 17:58:00,CLEAR,DAYLIGHT,DRY,NOT ON SCENE (DESK REPORT),07/08/2018 07:02:00 PM,41.885719361,-87.627792462,POINT (-87.627792461951 41.88571936101),C,7,2018,17:58:00
2b5120491fa3cb4fa73a5609f41605f9f0a9d7db8d117055d5c4beba15898ef0cb324defc7fa11270080804cfb719f063f375de2f4124d679ec812a74c0eefa7,2019-02-11 10:00:00,CLEAR,DAYLIGHT,DRY,NOT ON SCENE (DESK REPORT),02/11/2019 01:30:00 PM,41.760116978,-87.651707845,POINT (-87.651707844986 41.760116977962),C,2,2019,10:00:00
2c77b3e55f18443ff687aebe051c5c99078d2d4b99ac855ee92a615c551d4072ed90e202a3636a3a59a65f260e9852db7796a7681c0b5221649eeca3dcd79638,2018-05-12 04:30:00,CLOUDY/OVERCAST,"DARKNESS, LIGHTED ROAD",DRY,ON SCENE,05/12/2018 04:30:00 AM,41.779916296,-87.64117441,POINT (-87.64117441001 41.779916296024),C,5,2018,04:30:00
2d45fbfb3976df2eaf23894e4c29c4992cbff6bbda3dff5de134916cb209d4f25ce2ea70cd4b1e8dfe1e10dff7e2b60bb4fc795cee00700f9ac3d4da470e56e7,2017-08-28 19:30:00,CLEAR,DAYLIGHT,DRY,NOT ON SCENE (DESK REPORT),08/28/2017 08:36:00 PM,41.849703344,-87.678081477,POINT (-87.678081476994 41.849703343965),C,8,2017,19:30:00
2ae1a36102b2f4775c63e08dfc4afe40283bd329f4eb5569946b60de44c8d3f9f0309ecef30d01eb84f7cd7dcd184dcc8ea95e83b46f7aa0b8b4ae0fdcc687c2,2023-04-18 05:59:00,CLEAR,DAYLIGHT,DRY,ON SCENE,04/18/2023 06:17:00 AM,41.997730287,-87.806645117,POINT (-87.806645117018 41.997730287008),C,4,2023,05:59:00
2af4c333b58040b943e76bb73bcbfaf6cbfcf5500c16b34b108fd13b2f12327a418d1accc0ff2ddf2815c8193dd8018a5813d94bb4bd036cc099db3dced6963a,2018-11-26 10:01:00,SNOW,DAYLIGHT,SNOW OR SLUSH,NOT ON SCENE (DESK REPORT),11/26/2018 11:11:00 AM,41.892020973,-87.624017623,POINT (-87.624017622955 41.892020973043),C,11,2018,10:01:00
2d601fca5a94a1f84b163871216aba69b0221f58bebf9b5e28bc1f9bcd3b97b8f0808b1e5d4175d01ab092817cb80919d14ff414ad18f0a66af405ff5a201387,2023-04-15 13:25:00,CLEAR,DAYLIGHT,DRY,NOT ON SCENE (DESK REPORT),04/15/2023 01:28:00 PM,41.858908833,-87.729904272,POINT (-87.729904271964 41.85890883299),C,4,2023,13:25:00
2b12b9d4c9e1e8d522ca31c7744d83259116c39c6ddf084ce073fc1261723f48ede67acfdd9e37835a7bc5146e5f954cbe6150b05eed38de0af2fff1c3188b18,2021-08-31 16:00:00,CLEAR,DAYLIGHT,DRY,ON SCENE,08/31/2021 04:00:00 PM,41.771378374,-87.682257916,POINT (-87.682257916023 41.771378373993),C,8,2021,16:00:00
2b04115928fe4fe42c432f2cd8a502e8b3fa1baeac6f63789af05b7b9b0943c948d5dae6eb5d2c27439bace9e893326ce3fcfb2f15f8fa40d7f0ca4ff5e4d347,2023-01-20 16:00:00,CLEAR,DAYLIGHT,DRY,NOT ON SCENE (DESK REPORT),01/21/2023 01:30:00 PM,41.871374327,-87.675972838,POINT (-87.675972837973 41.871374327018),C,1,2023,16:00:00
2d19d747fa7f3729e3cd6f3e6db24732dfe453b26e0ceab3d9bad42142aa6d4250192247ee351dab95d5d978b7d37ae60206a35331fabd767097ab5a1f3649b2,2022-09-24 10:15:00,CLEAR,DAYLIGHT,DRY,NOT ON SCENE (DESK REPORT),09/24/2022 10:30:00 AM,41.985976968,-87.78782345,POINT (-87.787823450015 41.985976968036),C,9,2022,10:15:00
2bded6f75c4291bcfaf4a909846a50e0898584ba1f653330a3587d3a718e5f035546c2745152f369140eb7ad086a994460acc1f8faa1bd7941d383f13b8410bc,2018-12-07 19:18:00,CLEAR,"DARKNESS, LIGHTED ROAD",DRY,NOT ON SCENE (DESK REPORT),12/07/2018 09:15:00 PM,41.898281926,-87.623676538,POINT (-87.623676537964 41.898281925955),C,12,2018,19:18:00
2c58510b2a0879b36203d377caf4a099c024e6836212bd8a3dbaac5b2aeffd6562d1558c404e0c6044072e687f5bad95e9af44bde76a7a9a139d8995b301382f,2021-11-21 08:00:00,RAIN,DAYLIGHT,WET,ON SCENE,11/21/2021 08:05:00 AM,41.90332402,-87.755945409,POINT (-87.755945409018 41.903324020024),C,11,2021,08:00:00
2cf0db6d2ca132018f212a766c9bbb2ea49d3b88d8652897524bab5ed777f5bff991ac42bd3289793aeb0bb9eba33fb35361a035d85dc85d4b8e033cb778c949,2022-11-06 18:50:00,CLEAR,DAYLIGHT,DRY,NOT ON SCENE (DESK REPORT),11/06/2022 09:40:00 PM,41.744151639,-87.585945067,POINT (-87.585945066953 41.744151639042),C,11,2022,18:50:00
2b78c94f7ecc2558f15a604198b98a88b5560d820fa0f02f7ebf1087f2cf74d574abeb58286de5817afee9f051c28b04c44f8095aaf7cac54e44294d33287990,2019-02-02 17:15:00,UNKNOWN,UNKNOWN,UNKNOWN,ON SCENE,02/02/2019 05:53:00 PM,41.961656836,-87.672582218,POINT (-87.672582218013 41.961656835969),C,2,2019,17:15:00
2b2148db41f630049c0e6f97be2f252945cd837097e787703a5b37b6216568c83ae0734d4832186e1e2d2d630c18fa7418ce839f7ce45c0ca86d3fb6349c84ae,2020-09-17 19:05:00,CLEAR,DUSK,DRY,NOT ON SCENE (DESK REPORT),09/18/2020 09:54:00 AM,41.882211292,-87.710898608,POINT (-87.710898608036 41.882211292041),C,9,2020,19:05:00
2cc91d44668b6d7e7aa769c74714b0eff3891719c806c054b6e983b1843b74fa4d8c8699dc62c9629af770856e75e8c6a14f4572a16ee34b2ddc10f4ba10f576,2016-09-24 18:45:00,CLEAR,DUSK,DRY,ON SCENE,09/24/2016 07:35:00 PM,41.741374167,-87.721506394,POINT (-87.721506393957 41.741374166961),C,9,2016,18:45:00
2aec2fb8654c6074232375ce44b82743f66ebc74ca470d9c2941e4c5223b4357a7746e43ce0892cd38aaaaa2f460d67815a1b856ff1b9dc08df69653da677925,2023-07-15 01:54:00,RAIN,"DARKNESS, LIGHTED ROAD",WET,NOT ON SCENE (DESK REPORT),07/15/2023 02:08:00 AM,41.891134744,-87.647295851,POINT (-87.64729585103 41.891134744023),C,7,2023,01:54:00
2adc1f8d607346404882fc26b3ab66502b5de23f9e332ff3d1f989bf0916cb7973738d973547e96b3c6d1ed434ecbb3039602d302836980e7aa57525d1357f77,2022-10-25 07:15:00,CLEAR,UNKNOWN,DRY,ON SCENE,10/25/2022 07:44:00 AM,41.976239078,-87.658076766,POINT (-87.658076765981 41.976239078013),C,10,2022,07:15:00
2d19e9ff119b66d885151d2cadc5fae7eea849fcad3582e7d37b89a8af75e65d358e009d41531eea9d0b9c4200b86874bb6eee6b87d119cfc9737907989faed8,2021-07-02 14:30:00,UNKNOWN,DAYLIGHT,UNKNOWN,NOT ON SCENE (DESK REPORT),07/07/2021 10:00:00 AM,41.758960279,-87.578523141,POINT (-87.578523140973 41.758960278959),C,7,2021,14:30:00
2d2a7035aefb9410c24830e358d8f21463459a8a20ff5fde5d25c1930c26e7ef201e5026b85b7dac00bc638431d0f19fb7e7b6c4192e9f25183a7dd4d79c400b,2023-04-15 15:00:00,UNKNOWN,UNKNOWN,UNKNOWN,NOT ON SCENE (DESK REPORT),04/19/2023 11:00:00 AM,41.924490094,-87.717288131,POINT (-87.717288130979 41.924490093998),C,4,2023,15:00:00
2b3213dc875a74d46ef0ed164667b9ce5f94c96d21b9f2d7769d0c68e02dd5158ad10ab391c7c33aa87d5a436f739e41eb478114d49db313a3c06bac8f24626f,2017-10-14 02:00:00,UNKNOWN,UNKNOWN,UNKNOWN,ON SCENE,10/14/2017 01:50:00 PM,41.764664005,-87.676839088,POINT (-87.676839088029 41.76466400504),C,10,2017,02:00:00
2b4d43f0857a1294475800d3bd3c38f9e6dac428909f8bf16bd798bac5a1a88713b39e96bad7be2a8b33086c1d1be3b31d6e4570aecf123f0f2d46b8d9741983,2019-04-21 20:50:00,CLEAR,"DARKNESS, LIGHTED ROAD",DRY,NOT ON SCENE (DESK REPORT),04/21/2019 09:55:00 PM,41.891621161,-87.624253929,POINT (-87.624253929022 41.891621161011),C,4,2019,20:50:00
2d1548d614db7fc03f2536705806782e2103724b163d0fb6f074ed46eb9f52b10dcfded404d96935e3e97d6cd718db3a7de7c2f2c2965e9eadf6802ce8440d4f,2022-01-13 07:40:00,CLEAR,DAYLIGHT,DRY,NOT ON SCENE (DESK REPORT),01/13/2022 09:45:00 AM,41.9613821,-87.693721472,POINT (-87.693721472018 41.961382099963),C,1,2022,07:40:00
2ccb5dbc6733a294a7e4793db195653446ffe80f42f0d7b2a0dbe4a774bda387849f0185767bc746466bfeb2b33752dc09455d5b85137d031b181b9ee0b3ef4f,2018-02-26 13:50:00,CLEAR,DAYLIGHT,DRY,NOT ON SCENE (DESK REPORT),02/26/2018 02:25:00 PM,42.006801604,-87.661457734,POINT (-87.661457733969 42.006801603988),C,2,2018,13:50:00
2d90abd661d3591c4ee152f4202c2df382eb1ce51d11748a14c5727a21cc309b943ba1f13ce7c20c5e85995a53133538cc25c31d5a0c6a4050b1058dd4aca146,2022-12-03 14:40:00,CLEAR,DAYLIGHT,DRY,NOT ON SCENE (DESK REPORT),12/03/2022 03:00:00 PM,41.779351179,-87.684804466,POINT (-87.684804465996 41.779351179003),C,12,2022,14:40:00
2c9927da7abacd8c3ea82b6b990f7d61188af65c9253304293719b8841cef3099526912adebe341dc953b1dc2cca929a171404235682787bfb298c0893c33d04,2019-12-05 09:30:00,CLEAR,"DARKNESS, LIGHTED ROAD",UNKNOWN,NOT ON SCENE (DESK REPORT),12/09/2019 11:20:00 AM,41.997655095,-87.699498438,POINT (-87.699498437993 41.997655095),C,12,2019,09:30:00
2d8de74a77fb5c22389dc27c6f46c690b22a92f0a4d0a74a02019cc34b667616241d93aa021b7bfe993a873f227af4a41864f0af4b01c65409490bdc9cd2bfd0,2023-02-23 18:40:00,CLEAR,"DARKNESS, LIGHTED ROAD",DRY,NOT ON SCENE (DESK REPORT),02/23/2023 06:40:00 PM,41.702875349,-87.547553995,POINT (-87.547553995031 41.702875348985),C,2,2023,18:40:00
2c2097e195e2e70990676b492a3f2c4e54544f63dfbc54a456095a501782471515a083c8b8de40e2120af761e8970d022d2f2d166426f063d5357b3738f27ad4,2023-01-09 16:00:00,UNKNOWN,UNKNOWN,UNKNOWN,NOT ON SCENE (DESK REPORT),01/09/2023 05:00:00 PM,41.879813058,-87.725492182,POINT (-87.725492182032 41.879813057952),C,1,2023,16:00:00
2b7b6d5b0932e38e2d7e558bafd22b70dd7b2485168f93744cf6fc52dbbbcb9f926614a4066879925524cbc818ddfdd152d743e9caeef3577041d693199e9790,2017-04-01 15:05:00,CLEAR,DAYLIGHT,DRY,NOT ON SCENE (DESK REPORT),04/01/2017 03:25:00 PM,41.75872376,-87.585590902,POINT (-87.585590902031 41.758723759994),C,4,2017,15:05:00
2b72e3b3fd3375b4d8c8bc8a4fe7a69cb7a6cd0681b942ae768f6321e94599281889974b965c74429c929bb9cd5e7c07a5fd704f94d1b0cc991ec1d6333ff14f,2015-11-26 13:30:00,UNKNOWN,UNKNOWN,UNKNOWN,NOT ON SCENE (DESK REPORT),11/27/2015 01:30:00 PM,41.851753289,-87.714854932,POINT (-87.714854932039 41.851753289003),C,11,2015,13:30:00
2ce836c8d5360ef1cf76b5756da528f7d39e7e694b0e5c85966efd11135f5a119e301ee4a790f41d9ed17b5e81046efd5126495d9eb3495b00f204ec2d9a8131,2020-10-07 08:28:00,CLEAR,DAYLIGHT,DRY,ON SCENE,10/07/2020 08:30:00 AM,41.873860438,-87.700586149,POINT (-87.700586148982 41.873860438041),C,10,2020,08:28:00
2c760886185d663fbb7d9df07d995c43625664be8903d1fe83bfff4bb1b3d3a2bd7da74e869a039e9625305b5998aec8b3b25380473e1168e2f20cf4fac1f2c1,2022-10-13 08:08:00,CLEAR,DAYLIGHT,DRY,NOT ON SCENE (DESK REPORT),10/13/2022 09:34:00 AM,41.735634268,-87.682733396,POINT (-87.682733396015 41.735634268007),C,10,2022,08:08:00
2b7cc4afb022afa090bdd6673bfab3261c32324b06d8ce454a947254414c488de0bda5ab8bb0f2459244f3bb8bcce22cd17ae9c3e018264b2f6c192474a6c9bc,2023-03-30 08:30:00,CLEAR,DAYLIGHT,OTHER,NOT ON SCENE (DESK REPORT),03/30/2023 10:43:00 AM,41.960168681,-87.782360111,POINT (-87.78236011098 41.960168680968),C,3,2023,08:30:00
2b4fff95089451cd6cb165c6d8012aae6975c92bc862b08d60758b8fc9edee5337495d48a3b0949d3e9042101bdf902fff11c64affddb9e76f162795542ca7f2,2023-07-28 09:31:00,CLEAR,DAYLIGHT,DRY,ON SCENE,07/28/2023 09:31:00 AM,41.996819861,-87.722894106,POINT (-87.72289410601 41.996819861017),C,7,2023,09:31:00
2caddd64a310dc6fd978e9c72d2e1994955b6b0a18099f4553085799437b85d3253989e57a6a1a5cb5e91cf79417f55bef34e8d572f9faea621aebe872f5ca66,2020-11-01 21:15:00,CLEAR,"DARKNESS, LIGHTED ROAD",DRY,ON SCENE,11/01/2020 09:16:00 PM,41.960532229,-87.767097026,POINT (-87.767097025983 41.960532228999),C,11,2020,21:15:00
2c6b388354063c5a112a100b153f29d26931ced2c1c756dbeb18d03b3fe32761476ad5eaa284dfa367af41182c581b79e73e4f4082607044fc08c74c738a9e15,2021-06-21 16:30:00,CLEAR,DAYLIGHT,DRY,ON SCENE,06/21/2021 04:30:00 PM,41.999168129,-87.81017609,POINT (-87.810176089956 41.999168128972),C,6,2021,16:30:00
2d0d365d8045b0f557229eeda62e5f164a06355411ddedc09ffe278e4040e86864d91c6f10c2a26d07607501b6dcbf8988ab667e3c1ec0ed6bb437e226904a51,2016-01-21 18:15:00,CLEAR,"DARKNESS, LIGHTED ROAD",DRY,NOT ON SCENE (DESK REPORT),01/22/2016 10:10:00 AM,41.710406145,-87.66940429,POINT (-87.669404290019 41.710406144968),C,1,2016,18:15:00
2d8f8986c8aaa16c58aecba930109464665c8db7d619a3503df8271c6a51456a8de9636f307b254fef5b12f32227670d956bcee18bfae3e647ed2d3c75ff37bc,2017-07-25 13:20:00,CLEAR,DAYLIGHT,DRY,ON SCENE,07/25/2017 01:21:00 PM,41.909294322,-87.763395828,POINT (-87.763395828035 41.909294321981),C,7,2017,13:20:00
2bd034284b3451357dfad9d562ff7874eccb9473f3bf07938bd948662bfc90e3f15f309f6defbf166f01798d3639b75b0e157ae4b82c217b866252a7cae9bc69,2016-08-08 05:00:00,CLEAR,DAWN,DRY,NOT ON SCENE (DESK REPORT),08/08/2016 07:15:00 AM,41.931542261,-87.708776823,POINT (-87.70877682296 41.931542260981),C,8,2016,05:00:00
2bc6d3074f4636c0748208f1b9b98cb60f0ed243e32e5945d840ef2f083dc68216aa246caf03766df1e27a4bb832765719a0df8218bd716254b7e2760bec70fa,2022-05-15 18:25:00,CLEAR,DAYLIGHT,DRY,NOT ON SCENE (DESK REPORT),05/16/2022 02:03:00 PM,41.872497742,-87.725253192,POINT (-87.725253192011 41.872497742004),C,5,2022,18:25:00
2cb0c8ebd9dc4ced17ff968f5f61400e3f8b26c1593a0c87749aa04cc392fd7ccf83acc1b8dbb8ddec92b5a9c8d4ae712789bdc981b89f3d6fdc14e009fedf4c,2018-01-20 16:25:00,CLEAR,DAYLIGHT,DRY,ON SCENE,01/20/2018 04:28:00 PM,41.931372851,-87.750391963,POINT (-87.750391963 41.931372850962),C,1,2018,16:25:00
2aeccdefc8ee06c7072e2176983ef1607567b083a13999196e4bd2008a405ceb84e8fde68bf51eb0c2eba1af81edc5ceade74ef54e0da7a77b132b8ab52c45cc,2023-01-30 10:00:00,CLEAR,DAYLIGHT,DRY,NOT ON SCENE (DESK REPORT),02/02/2023 11:59:00 AM,41.879813058,-87.725492182,POINT (-87.725492182032 41.879813057952),C,1,2023,10:00:00
2d1579f7270e1e2d6042ccf923ebfe20c15e9409d7865f000184f3dd1dbd98b3ceac59fa2ebec52381599d514703d9d6d9e564b0a3c69dc1b8339a3454c2a8c9,2023-04-09 03:17:00,CLEAR,"DARKNESS, LIGHTED ROAD",DRY,ON SCENE,04/09/2023 03:23:00 AM,41.882211292,-87.710898608,POINT (-87.710898608036 41.882211292041),C,4,2023,03:17:00
2b4b052342c961994f4919560ebad2406c2e7d7fa72aaa818a1cf90261eb1a3abe3de22365986cdf8e893b6a9b5eff5cb8177822228787eba93b1d5dc0b7040f,2022-08-29 13:45:00,UNKNOWN,DAYLIGHT,UNKNOWN,NOT ON SCENE (DESK REPORT),08/29/2022 02:30:00 PM,41.894228849,-87.625384759,POINT (-87.625384758996 41.894228848999),C,8,2022,13:45:00
2d137e4d5aef97e66581b4f3a4917a4bbc7c849f4b15047974dd0acba479ac63ea443eeac7598e094f517addeec6e13e58875b7cff5b4ab5f219331a0ba2a115,2021-06-07 19:49:00,CLEAR,DAYLIGHT,DRY,ON SCENE,06/07/2021 07:52:00 PM,41.968353784,-87.727891335,POINT (-87.727891334988 41.968353783982),C,6,2021,19:49:00
2ce5e84c799c2cc03d558e4788a0c9edf64170c06c1151dee3869c23f5c5c5792f0c4b73cd6d2363e24e50424fba6d0c2ca15d91331e026bf3ce5162f70c533f,2022-10-20 14:55:00,CLEAR,DAYLIGHT,DRY,ON SCENE,10/20/2022 03:05:00 PM,41.857588084,-87.736995647,POINT (-87.736995647 41.85758808397),C,10,2022,14:55:00
2b1e84603afe64ded3034a63f6f6fb8a17d0d555862035f9aa3ba2e5bff4cbe737fe85f7261142ebd7f2384bb19a13e73d219065d543360122a5dc6edb2529a6,2022-03-12 13:00:00,CLEAR,DAYLIGHT,DRY,NOT ON SCENE (DESK REPORT),03/14/2022 02:35:00 PM,41.818930522,-87.689478253,POINT (-87.689478252956 41.81893052199),C,3,2022,13:00:00