CRASH_RECORD_ID,CRASH_DATE,WEATHER_CONDITION,LIGHTING_CONDITION,ROADWAY_SURFACE_COND,REPORT_TYPE,DATE_POLICE_NOTIFIED,LATITUDE,LONGITUDE,LOCATION,CRASH_TYPE,CRASH_MONTH,CRASH_YEAR,CRASH_TIME
2d4cb9a1c68ce9fa42d46f0621735ead08028449538f1f06b30500ffd8985a6c42b80d6ad0cc1cce46e7ed1c710019088a7718e4d59371d0a5821e46807af3cc,2022-07-16 02:02:00,RAIN,"DARKNESS, LIGHTED ROAD",WET,ON SCENE,07/16/2022 02:05:00 AM,41.817310074,-87.704189652,POINT (-87.704189652008 41.817310074009),C,7,2022,02:02:00
2b87e75b5377a16b958468c9e66e8d38b08db985b53071447b3d00e5e8b720daecf4e510f5f87af49ae74cd174fd0ab921c51c5009421da067122b310475c893,2023-01-07 05:15:00,CLEAR,"DARKNESS, LIGHTED ROAD",DRY,NOT ON SCENE (DESK REPORT),01/07/2023 06:20:00 AM,41.784385694,-87.740065946,POINT (-87.740065945952 41.784385693962),C,1,2023,05:15:00
2c12d402d8015ca425523093456041f4f8ae9d8e8d5aa08ea4d1c48d942caeac96f54e687f01148086fbb7c323b83e99e99fec25afd64356762372e28e928628,2022-09-22 16:15:00,CLEAR,DAYLIGHT,DRY,NOT ON SCENE (DESK REPORT),09/24/2022 12:15:00 PM,41.831395524,-87.619184252,POINT (-87.619184252032 41.831395523976),C,9,2022,16:15:00
2c3570c2d426522bfa1c704e99cb89f06ff899ba5d0504c851ecad23d04745892f0f7a42c25475c710ad73f0023c1c45cb89b80d9ecb83a29cd2c5f218be73e4,2019-03-14 01:30:00,CLEAR,"DARKNESS, LIGHTED ROAD",WET,ON SCENE,03/14/2019 01:34:00 AM,41.865915837,-87.73546229,POINT (-87.735462289979 41.865915837007),C,3,2019,01:30:00
2b02411da128b489836794715f78f71f48ccb3283306cd10200ca7258fa93bea129368dc628b38cc6b5b1de7e7c60a0931384ffdfce2dfc50aca4705191ad868,2022-05-18 18:10:00,UNKNOWN,UNKNOWN,UNKNOWN,NOT ON SCENE (DESK REPORT),05/21/2022 06:30:00 PM,41.926931277,-87.662833151,POINT (-87.662833150978 41.926931277004),C,5,2022,18:10:00
2aeb33434d23d69bda87db14801fffede79f215b736f097c0ce18597d9cb0c4aeb7360f30174e1d258b3a866cdfa98b14a6c3523725583b127be45874d6017de,2022-03-19 23:52:00,CLEAR,"DARKNESS, LIGHTED ROAD",WET,ON SCENE,03/19/2022 11:56:00 PM,41.880660067,-87.740728133,POINT (-87.740728133013 41.880660066981),C,3,2022,23:52:00
2bb384ea4ab1b4c651032bac12c73ad2f8833d00a246763109aff7e7b4e423f1e88ebc4c8ad369cd583e9e32c95afb7262949d397026689d0388340195415c08,2018-10-21 14:04:00,CLEAR,DAYLIGHT,DRY,ON SCENE,10/21/2018 02:23:00 PM,41.750388107,-87.669438517,POINT (-87.669438516967 41.750388106952),C,10,2018,14:04:00
2ae50c64b548964e02813e2fac1c9a61d662ecd43d7ed07afd9e79af3280141ebafffe54f20baacf7dc354dfeef97c2e4bd050a69a3b3f3e9d57e2fac08b4138,2016-09-16 15:00:00,CLEAR,DAYLIGHT,DRY,NOT ON SCENE (DESK REPORT),09/16/2016 05:54:00 PM,41.814930534,-87.723998861,POINT (-87.723998860978 41.814930533982),C,9,2016,15:00:00
2c93a556af1db6e9b40ca876130620268b4b70a59c56ad83a750474ca2ebf37e292442a62248e756c1cfbc0c57ec9531963dd82ae7c97f6a9d7bd49000876886,2022-05-11 15:27:00,CLEAR,DAYLIGHT,DRY,NOT ON SCENE (DESK REPORT),05/21/2022 07:30:00 PM,41.785387445,-87.606183761,POINT (-87.606183761008 41.785387444959),C,5,2022,15:27:00
2b0e3b0feae8de762463f48a3b10a22c007e182cc31a05258928b453d2e653b6d13f2347c65ee3e99557dd9f77adbdf2e9784e044924eee50efaf18356310b69,2017-01-15 18:30:00,CLEAR,"DARKNESS, LIGHTED ROAD",DRY,NOT ON SCENE (DESK REPORT),01/15/2017 11:04:00 PM,41.913722778,-87.64796414,POINT (-87.64796413995 41.913722777982),C,1,2017,18:30:00
2afec13dfe47f7057b5c4afad226694daf65215fd2d6e64b88832c4c042a8559ae7bbd8bf978035cc2b1918db5ae7cc217f84d3f6b31db865cca8c4bdac42845,2019-08-08 16:30:00,CLEAR,DAYLIGHT,DRY,NOT ON SCENE (DESK REPORT),08/13/2019 02:00:00 PM,41.722576439,-87.575586689,POINT (-87.575586688968 41.722576438997),C,8,2019,16:30:00
2bed97438bd13ea39f4d07e8b28b4f407c80335ac23970a5ebcd56402d49db48924159cf95779ffbab220972613a8f919cd46f2ec0b0560c0a5180ed7ce54be1,2020-04-10 12:21:00,CLEAR,DAYLIGHT,DRY,NOT ON SCENE (DESK REPORT),04/10/2020 01:10:00 PM,41.876673758,-87.654450835,POINT (-87.65445083499 41.876673758026),C,4,2020,12:21:00
2d119d9f8061036fe14f09ef966974da68a1cfe92e80d633cf7360290ed821c420175e8aa69b206a1b8df9e39c0050dc15ec0bd6101ae8e9ff4b2e4a501a9eb2,2020-07-19 11:40:00,RAIN,DAYLIGHT,WET,NOT ON SCENE (DESK REPORT),07/19/2020 01:35:00 PM,41.891955277,-87.617777237,POINT (-87.617777237011 41.891955276985),C,7,2020,11:40:00
2c14cdaff92c44cbf5c7be738d433ad49cfe4267bb80d489847235806d3e63f6b8084ce3d7de5e0b5dcc7f853ce2bf416632f6e676f1840d67f90e5a0f160ecf,2020-07-12 00:01:00,CLEAR,DARKNESS,DRY,NOT ON SCENE (DESK REPORT),07/12/2020 12:00:00 PM,41.912439164,-87.700547655,POINT (-87.700547654991 41.912439164043),C,7,2020,00:01:00
2b6e8d8dd94bd1323c115411d8459df796c8bfc2ed2bc3cb41f6f748c684a80c7f379905e5a025107dfe9370681f3321a5667e62b2501b9f7d18085c8e9f1d30,2020-09-22 10:00:00,CLEAR,UNKNOWN,DRY,NOT ON SCENE (DESK REPORT),09/22/2020 02:55:00 PM,41.897343006,-87.721681058,POINT (-87.721681058002 41.897343006037),C,9,2020,10:00:00
2c6a57860663621271acfee7fb829b646e23e70443e1fb95ee1e809608a509bd029693ca5d898342d71839f11b8d632185a2ca2eefd9dc2cab4b50e7bf920189,2016-06-30 09:45:00,RAIN,DAYLIGHT,DRY,NOT ON SCENE (DESK REPORT),07/08/2016 05:32:00 PM,41.78073726,-87.57647025,POINT (-87.576470250028 41.780737259974),C,6,2016,09:45:00
2af09a381d5048092c4af0a1501d61b3bdd944a799588b30ebefd393a64fa6d527cab938455723daa1a11b76c4b7e53aee70edd3787caa3584b1c855628f4de0,2023-01-09 15:30:00,CLEAR,DAYLIGHT,DRY,ON SCENE,01/09/2023 03:34:00 PM,41.982255445,-87.698982708,POINT (-87.698982708041 41.982255444989),C,1,2023,15:30:00
2bc39731d24be5e65b2ab4d2b6d80d8b6acb5da12d1a2d6b944dc82c876cad36217a686812158554aa82ebdb6c903ec8b8da7dc2e74597103c386cb7df7eaf54,2022-08-11 08:00:00,CLEAR,UNKNOWN,DRY,ON SCENE,08/11/2022 08:00:00 AM,41.867674715,-87.660409321,POINT (-87.660409320993 41.867674714989),C,8,2022,08:00:00
2d377caed3204ace9db383657c169b622f58321a8956bd0370e75327088204c865f806b0e55652d5157316e899464048f5d71b525efbe7d1fdc583c4f329da5c,2022-04-18 16:20:00,CLEAR,DAYLIGHT,UNKNOWN,NOT ON SCENE (DESK REPORT),04/18/2022 04:45:00 PM,41.942799653,-87.687941771,POINT (-87.687941770971 41.942799652999),C,4,2022,16:20:00
2ca7850cc346a2a06bfca40b9ccb533a96074e17d3fb4bd6c5379ffcede9ad7dba768dc4832e9603b0836aa31e55ee7b3331356d426ecc3225a75f97b0ee887e,2021-12-26 00:10:00,CLEAR,DUSK,DRY,ON SCENE,12/26/2021 12:15:00 AM,41.933744309,-87.717090563,POINT (-87.717090563032 41.933744308992),C,12,2021,00:10:00
2d2064c5e0dcb9e2fa0b96268ad9c6b0ef3f3634eea53c8a81a11874e12807855299b11ad201df218d89dd8639912d7c0593ee4d769b8f677d966c7726364e68,2020-07-23 18:30:00,CLEAR,DAYLIGHT,DRY,NOT ON SCENE (DESK REPORT),07/24/2020 01:50:00 PM,41.809572517,-87.611394621,POINT (-87.611394620986 41.809572516992),C,7,2020,18:30:00
2cf694968911c23f3083804532db56f13a42e41b3bd317811d56710bc11065fc4a61ab0f1e12646aec7d1e3411c63f72e0871883ae51b2902f23eaa9775c9e5c,2017-09-14 22:24:00,CLEAR,DARKNESS,DRY,ON SCENE,09/14/2017 10:24:00 PM,42.008503058,-87.692291736,POINT (-87.692291736035 42.00850305799),C,9,2017,22:24:00
2b8d813169dec7a8d1aeee3b535c79fd256d73554672d0f751c1051215b0cd92610b74016349a56d4449a663ee34a208d7f2649b76d4c65b6f26f1cd6b140e0c,2021-03-16 10:55:00,CLEAR,DAYLIGHT,DRY,NOT ON SCENE (DESK REPORT),03/16/2021 12:00:00 PM,41.982657151,-87.807063827,POINT (-87.807063827038 41.982657151046),C,3,2021,10:55:00
2b98336cca7ff587bad0c86ac96a2e611a0923955886c5ade2077ffec38600626dd25d1688a843768d7869930e0b14e1026bd7b83f0cb8999e81748e53d3ab06,2023-03-20 14:48:00,CLEAR,DAYLIGHT,DRY,ON SCENE,03/20/2023 02:48:00 PM,41.882211292,-87.710898608,POINT (-87.710898608036 41.882211292041),C,3,2023,14:48:00
2d81b9f06c55003a236330a80d2039d732d02af106f94211c57a8c4d6a7c00cfde166a4173e2df871f667cfc3d33466f69761e1f4816e2d750b103c4980fc293,2018-09-21 08:21:00,CLEAR,DAYLIGHT,DRY,NOT ON SCENE (DESK REPORT),09/21/2018 10:15:00 AM,41.895499511,-87.723699547,POINT (-87.723699546998 41.895499510995),C,9,2018,08:21:00
2c4897f24f1341d23153e18980facc228e9ed2e27a0d6a73b7385246a79561114d3f0996121818faf97fb67bbf240dc6400db442af2f412146c8745975712d0c,2017-05-22 20:00:00,CLEAR,"DARKNESS, LIGHTED ROAD",DRY,NOT ON SCENE (DESK REPORT),05/22/2017 09:30:00 PM,41.851084197,-87.638340859,POINT (-87.638340859009 41.851084197047),C,5,2017,20:00:00
2ce9a70718c9334a9e46f372044daa6ed61cc1bb5b287018dee5fe8d69bfe3f327da596dddfece481e5194ff4e039582da0e2f9aa6180f6a3d0c15de61cb5668,2022-05-12 16:00:00,UNKNOWN,UNKNOWN,UNKNOWN,NOT ON SCENE (DESK REPORT),05/13/2022 08:40:00 PM,41.779551533,-87.665029775,POINT (-87.665029775033 41.779551532973),C,5,2022,16:00:00
2b70f964ff37fbbce319fcb44bbf47abefccc7f8c45ca857e954db3bb39f0a2d1b8e574fad2943c44291a75aab7536d53ad3f06077430379d7425b2ed59e6172,2017-10-08 13:27:00,CLEAR,DAYLIGHT,DRY,ON SCENE,10/08/2017 01:45:00 PM,41.758245505,-87.626521907,POINT (-87.626521907009 41.758245504966),C,10,2017,13:27:00
2b67aa0ed5f1bda44a7ccd4adbb5f074d16920ff93d49b9b04ecf7c8a5b1feb22fc05d2c562b9e859f2b29924d929304050f5208dfd067af78e3fb67551bd955,2022-06-20 18:26:00,CLEAR,DAYLIGHT,DRY,ON SCENE,06/20/2022 07:18:00 PM,41.911020923,-87.637486334,POINT (-87.637486334017 41.911020923),C,6,2022,18:26:00
2cfc3310e7fbfb2c6844ca1e722fe6d6dfa26b38f8a139f573ebe7909d342cdb19737c6a01dba900e955645a07fbe673e21f30fd3cd7fa8773984e1df2128c79,2020-09-29 17:10:00,CLEAR,DAYLIGHT,DRY,ON SCENE,09/29/2020 05:13:00 PM,41.965938944,-87.688970589,POINT (-87.688970589029 41.965938944018),C,9,2020,17:10:00
2b31bc689d6f2ade7491395bca970011c9ce0dcdb6af8b9712535205ea23274e05778d34fef2ac8c6c56eb90b584ffebc70c545b5a1e155a42e0cea7a87a1a5b,2019-11-11 07:30:00,BLOWING SNOW,DAYLIGHT,WET,NOT ON SCENE (DESK REPORT),11/11/2019 08:20:00 AM,41.837621723,-87.670710063,POINT (-87.670710062993 41.837621723011),C,11,2019,07:30:00
2ca6ce7d35d392e9eba3c75ba7bd9c3d2831276cad96b58a0a6f13ac8f00b8b4df4118b605540fd55736a63bb2430a5b4e20f4251b0c477492902d6d75b94bcb,2020-07-03 19:00:00,CLEAR,DAYLIGHT,DRY,ON SCENE,07/03/2020 07:07:00 PM,41.746062636,-87.702143236,POINT (-87.702143235997 41.746062636044),C,7,2020,19:00:00
2bbd650ec61953304cbfe0a2d7e2c4d85da3768a468c3915ed6bbda0f0d05382db0e1bf15403751b0a71544cc93e5dc2faf79208fa36c86fc325802ccffc1bec,2020-12-16 12:15:00,CLEAR,DAYLIGHT,DRY,ON SCENE,12/16/2020 12:20:00 PM,41.984874268,-87.787555484,POINT (-87.787555484022 41.984874268025),C,12,2020,12:15:00
2fb167376837545ce41be7bd1e8a89a2fcc538604f6373a87aef5e52a1d3678c7f393d63f3e5a67671f68ec71217fcf218a5ca0c9432765fd4af818a997601d2,2016-10-21 21:00:00,CLEAR,"DARKNESS, LIGHTED ROAD",DRY,NOT ON SCENE (DESK REPORT),10/22/2016 08:12:00 AM,41.748317244,-87.687755389,POINT (-87.687755388982 41.748317243984),C,10,2016,21:00:00
2ef903625caff096e51e7250a0c9b8a0faa7720fe95d8dcebbda844079eaa1aca56b44007ee9765b70c85867b7e5db52edd510def1c9e54c684c382fb502c2f8,2020-03-28 20:08:00,CLEAR,"DARKNESS, LIGHTED ROAD",WET,ON SCENE,03/28/2020 08:08:00 PM,41.877050528,-87.737449964,POINT (-87.73744996399 41.877050528031),C,3,2020,20:08:00
3061aed8888df7953dddf1584d98a3765e0d6738992aeed201d2db419747e2e7333a23bb0635bb7dab43660e7ebfe24aca8766ff98a9cdd66bf1d96cf2e7dbf7,2023-02-22 02:40:00,RAIN,DAYLIGHT,WET,NOT ON SCENE (DESK REPORT),02/22/2023 10:38:00 PM,41.6621277,-87.64148984,POINT (-87.641489840003 41.662127699955),C,2,2023,02:40:00
2fa31830c5da7d48089f9f5b36be9c8211259339294920ed086136db65507df0b50266cb5659a734e8c58c0a71597d307e368fb288dab0a2f9f765684b1a3b02,2018-10-03 10:15:00,CLEAR,DAYLIGHT,DRY,NOT ON SCENE (DESK REPORT),10/05/2018 09:25:00 AM,41.895953607,-87.667900066,POINT (-87.667900065976 41.895953607031),C,10,2018,10:15:00
2e0c7e47382fb058a41c474b3337a6283b43c2ba5d894bc712b34170835dae8845b18f957fa2f60508b87a62da5b250945314c3a37466c54dcb3e973e31f60a6,2023-07-24 16:30:00,CLEAR,DAYLIGHT,DRY,NOT ON SCENE (DESK REPORT),07/25/2023 10:50:00 AM,41.903639931,-87.65554697,POINT (-87.655546970003 41.903639930952),C,7,2023,16:30:00
2f260ca241ee866fae26631af525919d469e0f9ecc68802c9c0b61121cb5d6758959dc1426e16c06c5b6a92a3e3b704111c613a2b5f092b195721b6fbaf4a156,2023-01-19 13:58:00,RAIN,DAYLIGHT,WET,ON SCENE,01/19/2023 01:58:00 PM,41.845445432,-87.645944506,POINT (-87.645944506011 41.84544543202),C,1,2023,13:58:00
304aae673940184ab50c42dffb97589175cadc5461ec997096a0df784cf7a3fa35ecda2cbcaceb7e47881aa2dd86bbeee8993b88e8d96e05e506aca450eaeedd,2018-01-05 16:30:00,CLEAR,DUSK,DRY,NOT ON SCENE (DESK REPORT),01/06/2018 01:20:00 PM,41.922723323,-87.77188024,POINT (-87.771880239974 41.922723323031),C,1,2018,16:30:00
2ee90b52fec94f9071eb156e3e6d3e9a90887883da9022583cb8a6554d138f099969d9dbf6f7ef657e2f2718a9f751001bc8ea9349935eb8d544ec774da78982,2018-01-09 09:53:00,CLEAR,DAYLIGHT,DRY,NOT ON SCENE (DESK REPORT),01/09/2018 11:04:00 AM,41.975355803,-87.65189745,POINT (-87.651897449989 41.975355802966),C,1,2018,09:53:00
305e664024433c9c562c65e3ab62ac9c47f6f4fb7761dadb8e18a75ef99d41af2f123a9319fb63d896a2b9dff640c26cb1ef1417bee70fc229efcf466f6c9c56,2023-05-31 17:40:00,CLEAR,DAYLIGHT,DRY,NOT ON SCENE (DESK REPORT),05/31/2023 06:05:00 PM,41.871207853,-87.676228848,POINT (-87.676228847973 41.871207853017),C,5,2023,17:40:00
2f4dcc1f7f65da32f40a4cbfb64a7e76d2b93fb44e9a0390501ff3434baad58dd17d0a58d78ba3b72be00e39a02f2b28d2908b93f31865f47c42f92eed1dadea,2018-06-15 10:20:00,CLEAR,DAYLIGHT,DRY,ON SCENE,06/15/2018 10:24:00 AM,41.809572517,-87.611394621,POINT (-87.611394620986 41.809572516992),C,6,2018,10:20:00
2eb8dfece200f5fe1021b8837c201634140b76e112b56564f3a1aa09b0928e7306951003b67a3cd7b9ac94c8e8ad9da83b438af8c05f86f91daf940b2e398a07,2023-07-09 02:14:00,CLEAR,"DARKNESS, LIGHTED ROAD",DRY,ON SCENE,07/09/2023 02:29:00 AM,41.962782731,-87.717865336,POINT (-87.717865336044 41.962782731047),C,7,2023,02:14:00
2e4a9c7d9dd197158952c88a673e1a5a106ca0e9fde6c3343d10e27e42d9239eab45b9bc422ef37dab09d654156e37ecce8102ffb855b897d19ce6744ac348b7,2018-05-17 09:40:00,CLEAR,DAYLIGHT,DRY,ON SCENE,05/17/2018 09:41:00 AM,41.868635838,-87.744730162,POINT (-87.744730161967 41.868635837952),C,5,2018,09:40:00
2dc49d544b10aa2fa6aed47618a040e2a6b644bcb2d901e6e2f8856209f2ca358fa8ca0c2165b8f96e66c4046d62b1378c27ebfdad121333472d51e7686b36ea,2018-04-26 18:25:00,CLEAR,DAYLIGHT,DRY,NOT ON SCENE (DESK REPORT),04/26/2018 07:09:00 PM,41.827363248,-87.621826931,POINT (-87.62182693101 41.82736324801),C,4,2018,18:25:00
2f7eb90627da755b281ee418515c21f3f2b35c9293e42b434bccef12fad96d87fe058edde32e40974304a11fb392ca91f6343377b6fa3b6de36798f034c10eb3,2017-10-13 12:00:00,CLEAR,DAYLIGHT,DRY,ON SCENE,10/13/2017 12:00:00 PM,41.955878977,-87.698150626,POINT (-87.698150626031 41.955878976959),C,10,2017,12:00:00
2f275bdebf69ee9571c583b42d9a2a6a2993749a5002ae4ced46a3b0bd883461bb482748be4acb226562c5e8d14196173987ec8a3f61b1856e1446013725f61c,2018-07-08 09:10:00,CLEAR,DAYLIGHT,DRY,NOT ON SCENE (DESK REPORT),07/09/2018 10:48:00 AM,41.89860121,-87.672193681,POINT (-87.672193680969 41.898601209958),C,7,2018,09:10:00
2fde939ac03dc397b3ae09efc64c029f09d0cc0dbba9c225603f7b2f2a36b24c1b569817a07f7679829e9687855458e587b364df8bb5d8774f86548f0639b73e,2020-06-12 14:10:00,CLEAR,DAYLIGHT,DRY,NOT ON SCENE (DESK REPORT),06/12/2020 02:30:00 PM,41.934190743,-87.680568464,POINT (-87.680568464025 41.934190742963),C,6,2020,14:10:00
2f1669bb50c086790ccdaeb27d52e13a9ca08bb0b1ab0613eff977889726f1dbf856431ef97ac1a587e57053f9f488e265e3c5ce81502362ed49696062b46b53,2016-03-06 20:30:00,CLEAR,"DARKNESS, LIGHTED ROAD",DRY,ON SCENE,03/06/2016 09:02:00 PM,41.782885613,-87.576189364,POINT (-87.576189364049 41.782885613035),C,3,2016,20:30:00
2ded1e83f209a9944285c70eb4a6440983e5b927df831e2dea8e45bc6d34b72b416e358d13aa76ca2e0d647707658f6f0b69cd1d87c1d79f3a7613cde3b4d15a,2019-01-28 16:40:00,SNOW,DAYLIGHT,SNOW OR SLUSH,NOT ON SCENE (DESK REPORT),01/28/2019 05:30:00 PM,41.781626709,-87.762015567,POINT (-87.762015567 41.781626708966),C,1,2019,16:40:00
2ea36293b8d2a51b99f5c27250d9fa5f70118c1065b6483f083ae87ed6b2d69f95c2b275c1ad8381c58c035d1d66e0562e30d885ae0d30af650a7cb86e3b9047,2020-02-06 10:25:00,CLEAR,"DARKNESS, LIGHTED ROAD",DRY,NOT ON SCENE (DESK REPORT),02/07/2020 09:30:00 AM,41.965206329,-87.720750796,POINT (-87.720750795978 41.965206329008),C,2,2020,10:25:00
2fd2e6caad47eab9a206d87d49f8c13f895ec5e096abad29cf6b7fa3fe194403223416a03b8cc55eaf003f0cecaef7b8782a04753b9479d302896076e1cf0fa3,2016-06-01 16:45:00,CLEAR,DAYLIGHT,DRY,NOT ON SCENE (DESK REPORT),06/01/2016 05:25:00 PM,41.884600962,-87.627828521,POINT (-87.627828520965 41.884600961961),C,6,2016,16:45:00
2f560c912d00e92e7fb9f50ebc2bd8a7b8c320566551de6b192b4d378b0ddf50c28e9c65354dd704cd4923db35602e9eb8cd9980a0bf0014d62a8529e0f03025,2020-06-18 15:00:00,CLEAR,DAYLIGHT,DRY,NOT ON SCENE (DESK REPORT),06/18/2020 04:00:00 PM,41.836772906,-87.725712341,POINT (-87.72571234101 41.836772905951),C,6,2020,15:00:00
2e126f999e6697da66430e98e0760ece9742808c19d7abbefec5d589b29924c02ce5f88c0cf1f2a94dbaf3367b4823e87f84a7e41e9532425782f691bdee825a,2019-09-25 00:03:00,CLEAR,"DARKNESS, LIGHTED ROAD",DRY,ON SCENE,09/25/2019 12:04:00 AM,41.914749229,-87.711687401,POINT (-87.711687400957 41.914749228981),C,9,2019,00:03:00
2dd0900c0c02390234db3ad9a15f6be8010698d72b2e41e0484c4495143a0e404436ebec57ed8650080be29ca9730b385044e745eff4513cae917bf0e4eaf17b,2022-01-15 07:50:00,CLEAR,DAYLIGHT,DRY,NOT ON SCENE (DESK REPORT),01/15/2022 10:00:00 AM,41.773121202,-87.613108656,POINT (-87.61310865596 41.773121202033),C,1,2022,07:50:00
2df5bf9d2a53296fcc84ad34e342360f2d20d6615b7a8ca94efacce85f3115610b685258e8c1da666bad10b1a305e2b6f848e80c39ce0b55e7d9a8a0a9454428,2022-11-15 15:30:00,UNKNOWN,UNKNOWN,UNKNOWN,NOT ON SCENE (DESK REPORT),11/16/2022 07:25:00 PM,41.792777244,-87.752567029,POINT (-87.752567029034 41.792777243971),C,11,2022,15:30:00
2f0a616fa28f93608555d4073594707c06feeba7e56c9bc262bdc89ef140ded86cb79fa022dce693f4dcb5c7bfd2c84f8070ec490814101cf8e605cc13323353,2019-07-01 10:45:00,CLEAR,DAYLIGHT,DRY,ON SCENE,07/01/2019 10:55:00 AM,41.983543465,-87.709129638,POINT (-87.709129637995 41.983543465031),C,7,2019,10:45:00
2efc8cc957deb6b7c177749ed941de705b725898227ad92115d3adb970ba627cb3b39a5bbc1121dd3f44ff7428a315add42cb5aac6ef5cca3bb9a1917746efac,2019-04-19 15:00:00,CLEAR,DAYLIGHT,DRY,NOT ON SCENE (DESK REPORT),04/19/2019 05:20:00 PM,41.838792961,-87.608902658,POINT (-87.608902658017 41.838792960988),C,4,2019,15:00:00
2fdf83c5f4e998272437ebb31d601933968b2cd37641e5a3999a82300f530c9242713619d4b93e44ff7252a4fe26a4b4876f7b1f46b009788271f2b57d54d0ed,2022-05-16 22:30:00,CLEAR,"DARKNESS, LIGHTED ROAD",DRY,ON SCENE,05/16/2022 10:35:00 PM,42.001436563,-87.660595367,POINT (-87.660595366972 42.001436563032),C,5,2022,22:30:00
307f590ed09cdde68ef77b35249f124c18d96e6d5d970f47d9d14cb36413778c7f02843827882db1e2581908aafd8c5fd25cb9a5837e0a8d2abed6f5f6d7457e,2020-11-17 17:00:00,CLEAR,"DARKNESS, LIGHTED ROAD",DRY,NOT ON SCENE (DESK REPORT),11/17/2020 06:20:00 PM,41.822862314,-87.686242701,POINT (-87.68624270101 41.822862314026),C,11,2020,17:00:00
2fdb2474ec58b3f37bd1ff593bbeb29fee9313f9b02ceb19ef5755f85e68e617f806bd330656aab49c898d6371fd1038e4c528b0df7bcf2c500bedfb017eee34,2017-05-16 10:55:00,CLEAR,DAYLIGHT,DRY,NOT ON SCENE (DESK REPORT),05/16/2017 11:30:00 AM,41.861779653,-87.630395592,POINT (-87.630395591955 41.861779652985),C,5,2017,10:55:00
2de72a594306149c08d80379dc0ca5a398d92ee70517d8d4434c21eab5d0094259055dac9f032ba23b1644c6459f5a80d691d51a82a6a0ccd360a0adea211940,2015-12-02 09:20:00,CLEAR,DAYLIGHT,WET,NOT ON SCENE (DESK REPORT),12/02/2015 01:00:00 PM,41.721267719,-87.584839485,POINT (-87.584839485043 41.721267718978),C,12,2015,09:20:00
2f923c63bf4b1594324f5156a947ada66fd85954f071fd7cfdf522a8207e95ace076e9641cdd99d3676f630acb2e6a2b86efb87d9b700913bd7e76e12682d6f4,2021-12-06 13:30:00,CLEAR,DAYLIGHT,DRY,NOT ON SCENE (DESK REPORT),12/07/2021 05:40:00 PM,41.792992462,-87.734844103,POINT (-87.734844103044 41.792992462024),C,12,2021,13:30:00
2f41032533971d16296fd045e30a010d5d281723e2cf3fa7aad34b446425767fbaac78f5b5440a8b149fedde6fd3a2e24d472eb840c27629f09d93323782e15e,2021-10-14 10:30:00,UNKNOWN,DAYLIGHT,UNKNOWN,NOT ON SCENE (DESK REPORT),10/17/2021 10:30:00 AM,42.006801604,-87.661457734,POINT (-87.661457733969 42.006801603988),C,10,2021,10:30:00
30026c6dee359075081d8ea0d52c69cae9c68e5e753b998ad8666814e20e3c41985da47cc5126dbf4fb7138ae0fb0e844e70bb3ad2083230ec7266d31aba52f0,2021-01-31 15:00:00,CLEAR,DAYLIGHT,SNOW OR SLUSH,NOT ON SCENE (DESK REPORT),02/03/2021 10:30:00 AM,41.741925055,-87.689159451,POINT (-87.689159450967 41.741925054989),C,1,2021,15:00:00
30132393095858a023d0c0c7cb4835bc56d0fbdaeb36f649ef491f4953bfaf42606ffc30dff740a8d530c6e9d630f6fe64fa8a5f3cd0be101aa290bd595c92f3,2018-10-09 08:00:00,CLEAR,DARKNESS,DRY,NOT ON SCENE (DESK REPORT),10/09/2018 01:00:00 PM,41.964157782,-87.729272221,POINT (-87.729272221018 41.964157781994),C,10,2018,08:00:00
2de2ab6cf62f8d7005d4bf1e4155949f5f62b137aab38ae82a115b4b48029ae191e01868674b71177e6e57304c44e74fada456dfb43b84ead5e7ff14f8e91fd0,2018-12-14 13:10:00,CLEAR,DAYLIGHT,DRY,NOT ON SCENE (DESK REPORT),12/15/2018 02:18:00 PM,41.940313473,-87.712389828,POINT (-87.712389828038 41.940313472966),C,12,2018,13:10:00
2f201db6b50681743c195c101db3041ff6c2d61877bb5c83f2e5b73da4cf306f0a0c6b6ceb43298c82c77846bb9b1ed39dc7412559da1952d961a56ece9c4609,2015-09-25 18:41:00,CLEAR,DAYLIGHT,DRY,NOT ON SCENE (DESK REPORT),09/25/2015 08:18:00 PM,41.751124945,-87.620853242,POINT (-87.620853241961 41.751124944981),C,9,2015,18:41:00
2ee40fcc09f41cafb6c9334a9e7db5ceb539f000f4dc1e96996c82f952fb72308b27c5224300113ab085000da22ede167a5b50fcac45fb4b50b2c2e42fb8c15c,2016-05-07 06:55:00,CLEAR,DAYLIGHT,DRY,NOT ON SCENE (DESK REPORT),05/10/2016 10:00:00 AM,41.927018439,-87.687864302,POINT (-87.687864302034 41.92701843896),C,5,2016,06:55:00
2dd7b278f009e01bdd7e6e14dac58192aa6b86c60171968031228539213156a4abca698631cd3ca523665fdb2b45df93f379b6e4b89d2bbd66ffb606add6500d,2019-09-13 13:40:00,CLEAR,DAYLIGHT,DRY,NOT ON SCENE (DESK REPORT),09/23/2019 01:40:00 PM,41.968759395,-87.670519772,POINT (-87.670519771961 41.968759395034),C,9,2019,13:40:00