CRASH_RECORD_ID,CRASH_DATE,WEATHER_CONDITION,LIGHTING_CONDITION,ROADWAY_SURFACE_COND,REPORT_TYPE,DATE_POLICE_NOTIFIED,LATITUDE,LONGITUDE,LOCATION,CRASH_TYPE,CRASH_MONTH,CRASH_YEAR,CRASH_TIME
306140cc383dc8288d0066a566e944e9e4a6bf1e8e21150a77a57362eaa30a7b1a34a037f5ea97095d96debadf5d1ee431065dae9025c500f3ef2ad0c3ac2a8d,2021-08-24 08:42:00,CLEAR,DAYLIGHT,DRY,NOT ON SCENE (DESK REPORT),08/24/2021 09:05:00 AM,41.856701942,-87.651384148,POINT (-87.651384148029 41.856701941995),C,8,2021,08:42:00
2df8ddf6f189b414b09465c3fde363ac9890f84c55317364043a06a0cb90ebc79a81af420f45fa94281e6319d5f6207430018daca41c4c1ef364fa5ffce56f60,2017-10-10 19:00:00,RAIN,"DARKNESS, LIGHTED ROAD",WET,NOT ON SCENE (DESK REPORT),10/10/2017 08:30:00 PM,41.793378954,-87.584053824,POINT (-87.584053824031 41.793378954013),C,10,2017,19:00:00
2db1b101119e8c6430da6bc46c768e1c91389f0e2ff0c2af882b244cc1c8badb82bf63b1654457c0d065172ed3a0eb67438d72124ccf870993ae907470ba7bbb,2018-09-22 19:00:00,CLEAR,DAWN,DRY,ON SCENE,09/22/2018 07:30:00 PM,41.891955277,-87.617777237,POINT (-87.617777237011 41.891955276985),C,9,2018,19:00:00
2dbda9db0ef80b25f3c150ae7de5d8020eb51a2a596ff0a52afcdaa57db235940ec4e62c3f084d57c597a67a85cf924fb86e4c5e4545fe560b65a46ec01d5e66,2021-11-13 09:39:00,CLOUDY/OVERCAST,DAYLIGHT,WET,NOT ON SCENE (DESK REPORT),11/13/2021 02:00:00 PM,41.71326357,-87.553770285,POINT (-87.55377028505 41.713263570021),C,11,2021,09:39:00
2ea753d964d077a528477a96cf0a5655e906568643e71fe0340df562bfa1260c1d15eb9989b532e69d1c95f06251bd8836c62dda7da15a9d85e56ee95854c584,2022-12-22 10:00:00,CLEAR,DAYLIGHT,DRY,NOT ON SCENE (DESK REPORT),12/22/2022 11:00:00 AM,41.741803599,-87.740953582,POINT (-87.740953581987 41.741803598989),C,12,2022,10:00:00
2f3c636fd6c312b2182f0d28a016b222bb5cb0956adf6798c79836e8d6dec85f714ab114993d43731e4301765c6cae3132bdc801b2d916cea8fa6eaa448e6d21,2022-04-24 13:30:00,UNKNOWN,DAYLIGHT,UNKNOWN,NOT ON SCENE (DESK REPORT),04/26/2022 10:15:00 AM,41.784169008,-87.692458538,POINT (-87.692458537968 41.784169008027),C,4,2022,13:30:00
302f906d712b6e5ceed24b5048cba895e4e6e469e23bd6598a17a17b614e4c8ddf1a41d1c70e4067a71f6834f12d8dc3524699fc99dcac4918b3ddccc5d3e94d,2018-08-14 11:27:00,CLEAR,DAWN,DRY,ON SCENE,08/14/2018 11:43:00 AM,41.89215357,-87.746482313,POINT (-87.746482312983 41.892153570026),C,8,2018,11:27:00
2f4e2065627bcc5acc8d4d1379cd614f41c2c9842b706a4b8f36d8f4f841672f5998569f97a3cd233332232f475865c727534686804a636c1a06203f1872b275,2020-07-09 15:40:00,CLEAR,DAYLIGHT,DRY,NOT ON SCENE (DESK REPORT),07/15/2020 06:55:00 PM,41.83062731,-87.647149469,POINT (-87.647149469 41.830627309988),C,7,2020,15:40:00
2fec0ed856edbea73c9fae1ba341ca3895f2810392b3a394dddfe0aa25dcf81a838d24b26d2b5de6af0997ab982122ecf77bcef1a772ff29343188440259a13f,2016-06-18 13:00:00,CLEAR,DAYLIGHT,UNKNOWN,NOT ON SCENE (DESK REPORT),06/18/2016 04:25:00 PM,41.75872376,-87.585590902,POINT (-87.585590902031 41.758723759994),C,6,2016,13:00:00
2ed5a07fda76bcbfeb1f9b083f46f1080f8af5f36d958c8a88409089f59eb4bb08bd3d0a1eb5fcaf956eb79d0e460d52f8cecb420891b0a5b3620599390cb4b4,2018-07-18 10:30:00,CLEAR,DAYLIGHT,DRY,ON SCENE,07/18/2018 10:39:00 AM,41.762174118,-87.558927464,POINT (-87.558927463962 41.762174118016),C,7,2018,10:30:00
2edb80847d546e456bc5a470db4a2032727ef9e9ada1f3a9e5171487f029182fc272c7ace0d101815c4503aefecf2f84e5802a10d81561fdf6b0e14cdd32957d,2019-05-15 13:45:00,CLEAR,DAYLIGHT,DRY,ON SCENE,05/15/2019 01:50:00 PM,41.749862453,-87.68732666,POINT (-87.687326660007 41.749862452973),C,5,2019,13:45:00
30588f2c63802c0ab267453cdc0adda96f0bbaae179152553ac8932b226527de1fedaa89998959066203d8b4f11f13505573acfac81c9b3774c16b8a0ac8d384,2019-04-17 16:22:00,CLEAR,DAYLIGHT,DRY,ON SCENE,04/17/2019 04:23:00 PM,41.809316525,-87.613790359,POINT (-87.613790359015 41.809316524975),C,4,2019,16:22:00
2ed85cb30f7dc8cbb4e45c5981b661281ea70a64478578c3e8d387c4aecf658ce7783e9ae1145e0d1e7f484697fd75377d509324853ef764fdcd0e4ef7da0a2c,2018-06-26 08:10:00,RAIN,DAYLIGHT,WET,ON SCENE,06/26/2018 08:12:00 AM,41.759853407,-87.644338447,POINT (-87.644338447024 41.759853407033),C,6,2018,08:10:00
2ffa9014127019bb48e16c7cf7d70e58be99d20f691c882f893850fff16dda53d52b4f1e19b8c903a302d0fc5b160338b3b8c7a1cbe596e58b9ad39809b93f03,2022-03-04 08:55:00,CLEAR,DAYLIGHT,DRY,ON SCENE,03/04/2022 08:55:00 AM,41.74579217,-87.635369997,POINT (-87.63536999702 41.745792169991),C,3,2022,08:55:00
2e7498e460b050607f505db7a5ecff9e40957396c85ad86e0849d08c161e36266c480ef9a19505575c3965f09ba6c987e97d6f9118858c544c1bf9044f7d27d3,2018-04-27 12:32:00,CLEAR,DAYLIGHT,DRY,NOT ON SCENE (DESK REPORT),04/27/2018 01:00:00 PM,41.974645684,-87.659970179,POINT (-87.659970178971 41.974645683985),C,4,2018,12:32:00
2dcc5135f3cdc0c68c3197fffb9637be27f5d972b207bd7cf416e02c356715dd39f4b40786b091cedcb8efc401b34a1cd08253a1964daaecae43c6b724f26620,2022-11-12 16:40:00,CLEAR,DAYLIGHT,DRY,NOT ON SCENE (DESK REPORT),11/12/2022 04:50:00 PM,41.75869138,-87.60533417,POINT (-87.605334170015 41.75869137995),C,11,2022,16:40:00
2e5be2db303532b821aed9fe462b4f4b7b9323d47efe1289826833881da7595db59d95fb3b4d96f75f84714e18e4b5611289b5a96127aef5602732b83feb69f8,2021-07-19 13:30:00,CLEAR,DAYLIGHT,DRY,NOT ON SCENE (DESK REPORT),07/19/2021 02:20:00 PM,42.015252313,-87.682946513,POINT (-87.682946513024 42.015252313008),C,7,2021,13:30:00
2fc6fdfab549d1a6a1f877c5dfa40b911a296d33abec6b8b1e9a53537106995e5153adbc7134518e1addb9d1349a0f2bf957d98c448d3c6f717b9fa16f3b8e10,2023-07-12 12:40:00,UNKNOWN,UNKNOWN,WET,NOT ON SCENE (DESK REPORT),07/13/2023 02:20:00 PM,41.945552923,-87.786368212,POINT (-87.786368212009 41.945552922959),C,7,2023,12:40:00
2e23553d0eaeae2935594097cf9d831511646046d76b75f5361a80b584af12753c8ff59a0c629ec2a8e0970f7707506ca0fd5a6062419a1bde638a612226dfc7,2021-05-01 02:50:00,CLEAR,"DARKNESS, LIGHTED ROAD",DRY,ON SCENE,05/01/2021 03:02:00 AM,41.764064097,-87.717006023,POINT (-87.717006022969 41.764064096962),C,5,2021,02:50:00
2f8fa02c7bf24ff62824aaf25866b3e802a6baf881d60b2c8a59ee8e8a2373beb6530479a5689552c212dae4bbc2139c723065177b696b8c1d2453ab3875ce72,2021-01-13 16:18:00,CLEAR,DAYLIGHT,DRY,ON SCENE,01/13/2021 04:20:00 PM,0.0,0.0,POINT (0 0),C,1,2021,16:18:00
2fca2bca4d883cc5a249f9bf4b0bfbfa7c5171aaa53691d7f48a32c65529cc7187998314c3c33e484e6e2be5ce867be426b3bc48c5804531eefd64d051757e92,2020-08-19 07:35:00,CLEAR,DAYLIGHT,DRY,ON SCENE,08/19/2020 07:39:00 AM,41.858908833,-87.729904272,POINT (-87.729904271964 41.85890883299),C,8,2020,07:35:00
2fe01ec4abf37af5051b12445c62e65ec0e9583c8cb374450de4f8179ee3218c8d1b368930af4463d39d6a4aa05a1063799ad757f2e8cb48504eb49d2da4de43,2017-04-02 02:00:00,CLEAR,"DARKNESS, LIGHTED ROAD",DRY,NOT ON SCENE (DESK REPORT),04/03/2017 03:20:00 PM,41.887156394,-87.725998891,POINT (-87.725998890959 41.887156394013),C,4,2017,02:00:00
30024edf2387c4094a08daa6dd18ce165465133833541b9bf7d84be28a150b2563deba8e823c8545c2dec3a0b02acc05b837d09ec515791a216037b16093e5a7,2021-08-05 19:30:00,CLEAR,DAYLIGHT,DRY,ON SCENE,08/05/2021 08:00:00 PM,41.794908912,-87.616471792,POINT (-87.61647179201 41.794908912028),C,8,2021,19:30:00
2e2e96f555826ed92276356aad414adc293c4dce79c56f0177f8dc42aa1da7ed8ef14aff4bbcbf68e0bd7d039656c62b2d38022221e03472e641455e233e5992,2022-03-01 13:24:00,CLEAR,DAYLIGHT,DRY,NOT ON SCENE (DESK REPORT),03/02/2022 07:40:00 PM,41.75869138,-87.60533417,POINT (-87.605334170015 41.75869137995),C,3,2022,13:24:00
2f2c0e0eaee32d4e31cc8f76e4c69778776f06769559c573c1d18f48cdeec4feda8ed593b4c783b9472411da56c88856f001618588f73cef46a2fbee80797a1a,2020-06-14 20:15:00,CLEAR,DAYLIGHT,DRY,ON SCENE,06/14/2020 08:32:00 PM,41.720930072,-87.675096598,POINT (-87.675096597998 41.720930072023),C,6,2020,20:15:00
306abaa9b0fee3ff6a9182c6c3117977b6ce3be75afabab35b82d4db38620db1af01d1d902f5695c6d3660528de41b7c25f2f545b0ab5c871c27e9bc9453227d,2022-11-19 23:14:00,CLEAR,"DARKNESS, LIGHTED ROAD",DRY,ON SCENE,11/19/2022 11:20:00 PM,41.884546961,-87.64758764,POINT (-87.647587639978 41.884546961039),C,11,2022,23:14:00
2e261abe348bc5450190c9b22403f2bf05f138e1b1024ea8bd532a42790d0c66a699d36897781ef744e2cd606ef8f11e680fecd6a5dad9a05b7fbbf464b0435b,2022-01-28 14:00:00,SNOW,DAYLIGHT,SNOW OR SLUSH,NOT ON SCENE (DESK REPORT),01/28/2022 02:25:00 PM,41.822958463,-87.691425915,POINT (-87.691425915045 41.822958462973),C,1,2022,14:00:00
2ecd3dd45143bdb7d5af2c5f6fb3e6cf706e168a5a959293a4b47e1f96829d4b3dc2ad2ec0ec053af6fc1cfd6f5ab5c501f7315b74243553e922ae3c0a3c8723,2021-08-25 12:45:00,CLEAR,DAYLIGHT,DRY,NOT ON SCENE (DESK REPORT),08/25/2021 02:37:00 PM,41.898953023,-87.721373141,POINT (-87.721373140994 41.898953023039),C,8,2021,12:45:00
2f138842405d54ebd6e4e5fb8f59fb541bfba5c7c20137f1c3378e6551c4ab4bb1603d29b4e8d79ce70bb1672e84198da13e8db78a6ac5f604c593e8501417cc,2017-09-03 19:00:00,CLEAR,DAYLIGHT,UNKNOWN,NOT ON SCENE (DESK REPORT),09/03/2017 07:34:00 PM,41.974645684,-87.659970179,POINT (-87.659970178971 41.974645683985),C,9,2017,19:00:00
2f2e3d24d1c1277ed5ea0a5a06a627f4caaae1f5890ddd9507f0c5fa5574c6362c7c5b47f3f291424a38cb934780dcbd905969e773d061496b1f7166e1473567,2018-01-24 12:12:00,CLEAR,DAYLIGHT,DRY,NOT ON SCENE (DESK REPORT),01/24/2018 12:27:00 PM,41.881735573,-87.765054181,POINT (-87.765054181007 41.881735573029),C,1,2018,12:12:00
2f1b27a7d635ab2e35b5d3ebd5422d4986e11179754d8f81da19e1b092dc2b7f6a02ef365ee495574c8996c50001f078ceb5c5275f8f7a604374768dcab77414,2021-12-22 16:46:00,CLEAR,"DARKNESS, LIGHTED ROAD",DRY,ON SCENE,12/22/2021 04:53:00 PM,41.866119494,-87.720927574,POINT (-87.720927573996 41.866119493974),C,12,2021,16:46:00
2fb3ee043a008e9e804f2d809af06122be026530237f18ac647d3916e38097a358b98904bdf1d347ae3d7c1ba974f608ee0f5f3270c742b457c0380e947d99d7,2016-09-25 11:05:00,CLEAR,DAYLIGHT,DRY,NOT ON SCENE (DESK REPORT),09/25/2016 11:30:00 AM,41.85276755,-87.630024824,POINT (-87.630024824031 41.852767550035),C,9,2016,11:05:00
302e53e5093706115ebe82b89a15c4510f818ce644c1421e0d1c633465bc0c611314cca57718c0530b15babab14c650b05d985c525a284846af3ffdc57edf4b6,2017-05-28 15:00:00,CLEAR,DAYLIGHT,DRY,NOT ON SCENE (DESK REPORT),05/29/2017 02:53:00 PM,41.744151639,-87.585945067,POINT (-87.585945066953 41.744151639042),C,5,2017,15:00:00
2f54555524922413d8912d8fb5641cf854c4cae57241767044a18323ce82304c010d06c9556a024784e549177661946703db24912c09ccbfaedbe9cd5c5c0323,2021-03-20 17:30:00,CLEAR,DAYLIGHT,DRY,NOT ON SCENE (DESK REPORT),03/21/2021 07:41:00 AM,41.876641751,-87.747741693,POINT (-87.747741692959 41.876641751021),C,3,2021,17:30:00
2e07bd5cc9d7425414eff67e8baaf660d93b9306e29bcd414fcf16f0b05bc332287ac454b00199ec8644e9033b5656f98fbd7307d6ed38ca6acbcc14d6411d1a,2017-08-17 06:10:00,RAIN,DAYLIGHT,DRY,NOT ON SCENE (DESK REPORT),08/17/2017 07:45:00 PM,41.888986493,-87.66063941,POINT (-87.660639409968 41.88898649296),C,8,2017,06:10:00
3017c7bb6133e58cfed2224813d4ec84ea0afd7ce4395689c5fd8bb1d733faf2d5a414bb0fb5a80565487fa510676c486be9e7120bdf1a0dd522e0b86ed790d0,2022-12-03 00:40:00,CLEAR,"DARKNESS, LIGHTED ROAD",DRY,NOT ON SCENE (DESK REPORT),12/04/2022 10:30:00 AM,41.880047513,-87.764715205,POINT (-87.764715205009 41.880047512958),C,12,2022,00:40:00
2f1dc800e5a6e7450994be75e102ed1d2483550f025609d621906393c60e0090ba96716f6df69f7ee5a5c3e81b3cf46c972961db81bed233f60ba183919ee828,2023-04-28 10:45:00,CLOUDY/OVERCAST,DAYLIGHT,DRY,NOT ON SCENE (DESK REPORT),04/28/2023 01:40:00 PM,41.691698284,-87.699046635,POINT (-87.699046634959 41.691698284039),C,4,2023,10:45:00
2fcdf33cf9af0aa673acd1a19aa48b2797f44a38559696407f6a9b8533f85348a644a34270469be9ca4c7f77a2850b4a262d4a0a9146d6624ad48eb322ab5778,2019-11-15 14:20:00,CLEAR,DAYLIGHT,DRY,NOT ON SCENE (DESK REPORT),11/15/2019 05:05:00 PM,41.73843398,-87.601378175,POINT (-87.601378174978 41.738433979986),C,11,2019,14:20:00
30783de3ca1d5a058ea75c623ac133b98100e32b476b9830a690fd1a20a54544dc136de290cfaaaf013a9dbdab33d4da549dca58acba7d4a14fc6c8b09f66909,2022-06-27 16:10:00,CLEAR,DAYLIGHT,DRY,NOT ON SCENE (DESK REPORT),06/27/2022 05:05:00 PM,41.809781151,-87.594212812,POINT (-87.594212812011 41.809781151018),C,6,2022,16:10:00
2e8cac345e25c4f9cb7f875d6aa20e3141cc1619703c4ed26a385c57e88fb69e4d07373ba80aad1fe0649d536cca81e993eba38695a9e335bbebe2e953da0996,2020-07-29 09:40:00,CLEAR,DAYLIGHT,DRY,ON SCENE,07/29/2020 09:43:00 AM,41.958986951,-87.933993929,POINT (-87.933993928974 41.958986950953),C,7,2020,09:40:00
2fc86bcb74f375a63aba8d2c296f9b87e7b027af3000fd36e629d1d1a185be2fcdd5f2b6039da39f073664f6670176aa6c2c4e3f61ef789af030e3f04a948f7a,2022-12-22 11:07:00,BLOWING SNOW,DAYLIGHT,SNOW OR SLUSH,ON SCENE,12/22/2022 11:18:00 AM,41.858906154,-87.712914181,POINT (-87.712914181015 41.858906154029),C,12,2022,11:07:00
3058cd1844f56940d46fa16fe7efcc7085b8de24974b945676ad9f4eddef8182845cbff6681a5132c4e2408b64ee06323da980a6339c788f07f3f3d37f79980d,2017-09-23 11:57:00,CLEAR,DAYLIGHT,DRY,ON SCENE,09/23/2017 12:00:00 PM,41.902468382,-87.726443256,POINT (-87.726443255991 41.902468382006),C,9,2017,11:57:00
2e1832b29de7c7e8fd723e598777aa1ae7d8fe3d8a9af4e71994643becb5bf2d3bf88737929d097f6d5f22ab1bdc7099c2ea54eea74bfca735cdb7c8dfb22fc3,2021-12-17 20:44:00,CLEAR,DAWN,DRY,ON SCENE,12/17/2021 08:45:00 PM,41.762831197,-87.679564387,POINT (-87.679564387049 41.762831196972),C,12,2021,20:44:00
2f75e46e3016f4f77cc26a8d560ee126d448961767bfdac93b06c3d616a40ab05488ee15930d856e03d70afa47ea9cb21741761f1ed1859bed29ec9297afb301,2020-07-04 21:15:00,CLEAR,"DARKNESS, LIGHTED ROAD",DRY,ON SCENE,07/04/2020 09:15:00 PM,41.756228368,-87.641513387,POINT (-87.641513387047 41.756228367994),C,7,2020,21:15:00
2dd676347fe89b87ce241138ada55f815361dd9fda4f03207258afff869f418049629b36d072bad4076d8f81c4b0763e7304f204b3e2a6ad87d05501e6c83833,2016-10-09 17:30:00,UNKNOWN,DAYLIGHT,UNKNOWN,NOT ON SCENE (DESK REPORT),10/09/2016 05:50:00 PM,41.793814747,-87.692982067,POINT (-87.692982067023 41.793814746999),C,10,2016,17:30:00
2fd1a2b11a79274da153406d394bada1b629d096d71fae3b466b928dbdf35128fbf5e7b4c68f5a4d8b31a245ef1c809b506f3d6069961e57ac637b2908cc4084,2023-01-27 08:16:00,SNOW,DAYLIGHT,WET,ON SCENE,01/27/2023 08:19:00 AM,41.882230166,-87.757516765,POINT (-87.757516764957 41.88223016602),C,1,2023,08:16:00
2edf034000d8caa6c74cbc120a9566f083a1cede4bebe9ead222fd3f8551ff3e3953159867b791ed1e60dcbe36d77194495c50f73d615ed28e5050c5e75f1dde,2019-08-19 18:45:00,CLEAR,DAYLIGHT,DRY,NOT ON SCENE (DESK REPORT),08/19/2019 07:45:00 PM,41.718176499,-87.642976135,POINT (-87.64297613496 41.71817649895),C,8,2019,18:45:00
2e90de173f3730e58f1b97ff9d030f30b97eefba66a34387ed6a3df2741ee5a5676d116e8fa097ce93f55eb1cdc273e3a436228712c2386d0ba729d61a20acb2,2021-12-29 18:58:00,CLEAR,"DARKNESS, LIGHTED ROAD",DRY,ON SCENE,12/29/2021 07:00:00 PM,41.960532229,-87.767097026,POINT (-87.767097025983 41.960532228999),C,12,2021,18:58:00
2daeb46460796609a2c7c219a63846e71b0eb2a6251c182ae37989919e93ff0c9915634685b11aa536613f275b6e02c2e417c48c9370018cd9e4b6365f51bced,2021-04-22 09:15:00,CLEAR,DAYLIGHT,DRY,NOT ON SCENE (DESK REPORT),04/22/2021 10:20:00 AM,41.97600184,-87.689092635,POINT (-87.689092634969 41.97600183997),C,4,2021,09:15:00
2f99056dcd6203b86327c2c776ae34c7fea7ff44289e54d882931b6dc1d5aea7b77ddb50a1ef020e844dbb3c87352ac5264e7cecd92d42cad8b918fcf93c8066,2019-07-08 11:50:00,CLEAR,DAYLIGHT,DRY,ON SCENE,07/08/2019 12:00:00 PM,41.996408885,-87.787336766,POINT (-87.787336765987 41.996408884965),C,7,2019,11:50:00
32d4b4141b7d9bb5341f1f7bad3c00af24aad276baf798e8ec6ab19cd28015797806695f06e3fbcf5488d672e4a7ffcfa2166bf8b218b08ed10fd81a4dd7277d,2020-05-16 23:45:00,RAIN,"DARKNESS, LIGHTED ROAD",WET,ON SCENE,05/16/2020 11:46:00 PM,41.779631861,-87.65921691,POINT (-87.659216910005 41.779631861035),C,5,2020,23:45:00
313640fafc9f74167610c00b28d53e570a6b801ae510e164c8cd4cf5feed441fac4908e7f109aa21f39ef69842af0450770e34780b74c9f141ec7cf2f45e4737,2019-08-30 07:45:00,CLEAR,DAYLIGHT,DRY,NOT ON SCENE (DESK REPORT),08/30/2019 09:15:00 AM,41.970723942,-87.679096765,POINT (-87.67909676503 41.970723941962),C,8,2019,07:45:00
32945db3290818c5ca130ce790321460cb3cdb610b50da5eea6a49b238e56b388d943bf0a5f7cd06b4a40d272ec3cea9cb1834d2b503b48930b19cd3d812afa5,2023-03-17 20:40:00,CLEAR,"DARKNESS, LIGHTED ROAD",DRY,NOT ON SCENE (DESK REPORT),03/17/2023 09:00:00 PM,41.890374775,-87.677042676,POINT (-87.677042676037 41.890374775033),C,3,2023,20:40:00
310d15f8ece2a50beac38b80a15daf7b03f96f6cda8ad10a14ec9335c859af2ac6afa26931c53557384435caaffbf41f0783e3d9b1b24833c08f4015c0bba117,2023-01-18 23:09:00,RAIN,"DARKNESS, LIGHTED ROAD",WET,ON SCENE,01/18/2023 11:14:00 PM,0.0,0.0,POINT (0 0),C,1,2023,23:09:00
3307507f30705829462e7f64d1641bf13434e5416d937d179f30c643c67b52bb6c761f126f24924d21faa15131f05f88c89e2f7954b39b7056dacee10ec0c816,2019-02-14 21:05:00,CLEAR,"DARKNESS, LIGHTED ROAD",WET,ON SCENE,02/14/2019 10:01:00 PM,41.808569494,-87.702923444,POINT (-87.702923443992 41.808569494006),C,2,2019,21:05:00
31fdb432b86fd586e014844a9c9d4730d0744aaecbc8146f177c795baf7779845a32e0259f954556d047a28f3cf0ce055b63166058a7252335074f638e669682,2022-12-01 14:45:00,CLEAR,DAYLIGHT,DRY,NOT ON SCENE (DESK REPORT),12/01/2022 04:42:00 PM,41.896737923,-87.620221354,POINT (-87.620221354034 41.896737923045),C,12,2022,14:45:00
3178b472b945bd757b02e56e06e2d0b924a55927c5b1136710a44068b5c5639524386f4d7af2b5c8628bafc7354e93a82abb3475c2de780d8f9d268214eb1ae4,2021-10-30 15:45:00,CLEAR,DARKNESS,DRY,NOT ON SCENE (DESK REPORT),10/31/2021 02:45:00 AM,41.903639931,-87.65554697,POINT (-87.655546970003 41.903639930952),C,10,2021,15:45:00
31dc0411a512f488fb36b5bdc6c02d32fbee57bf642ff8d5e1b94c92b846840cb837448a050a8acd5114f1d24a569420792dfc30009bc57dea85626db292ded6,2020-04-02 18:35:00,UNKNOWN,DAYLIGHT,UNKNOWN,ON SCENE,04/04/2020 09:30:00 AM,41.915552161,-87.698519158,POINT (-87.698519158001 41.915552160998),C,4,2020,18:35:00
31a08c4263f77b48ee806f7cac93fafeb8c7ddfaabcea1e1c5333da59b5009ddc58f23911cfd4b6b4d32bef45b638bf5870946061f969956cfd289cafb713fde,2019-02-05 08:09:00,CLOUDY/OVERCAST,DAYLIGHT,DRY,ON SCENE,02/05/2019 08:09:00 AM,41.842476558,-87.713667149,POINT (-87.713667149041 41.842476557992),C,2,2019,08:09:00
3096e3e1442e46c62ef1e9b91ffc5efb5fcc933a35a8b99312617002d0d5b87d1eb3bcdc42baf84676772a782ec87912225bae4b2d809b83789f830160dcfcba,2021-03-01 14:20:00,CLEAR,DAYLIGHT,DRY,ON SCENE,03/01/2021 02:24:00 PM,41.773765662,-87.722781154,POINT (-87.72278115402 41.773765661984),C,3,2021,14:20:00
31f72c29f05336b99e5baaf7ca2f69ca23f3f15b98295c750f2ad91ee747ca07a47d5ed6e700c6ca35f173c3b375abd05242c216284571dfd09e9f6158cd0b71,2020-02-14 17:50:00,CLEAR,"DARKNESS, LIGHTED ROAD",SNOW OR SLUSH,NOT ON SCENE (DESK REPORT),02/15/2020 12:00:00 AM,41.903347722,-87.674274115,POINT (-87.674274115014 41.903347721967),C,2,2020,17:50:00
3229a21dce740dda2afa245983d17998df380d2a8746af0d7a579142fc98c284edefeece1c917d9b0eb3f301c7f9b9ee1ad292c6011a4cf20da990f44d5cf2d8,2017-09-17 14:30:00,CLEAR,DAYLIGHT,DRY,NOT ON SCENE (DESK REPORT),09/18/2017 01:00:00 PM,41.873218788,-87.656949953,POINT (-87.656949952956 41.873218788006),C,9,2017,14:30:00
309939662e55e075577fb12bb582645b1c35b6467c8c5ca50a23a6ef04187643eaba7286739d65ba236fb86b83a4098df2e5de7b2cd0f9c203f9d3557f8d1100,2023-06-14 23:00:00,CLEAR,"DARKNESS, LIGHTED ROAD",DRY,NOT ON SCENE (DESK REPORT),06/19/2023 02:43:00 PM,41.692528363,-87.619094943,POINT (-87.619094942999 41.692528363031),C,6,2023,23:00:00
331466a417e925865ff0d267dd0fce8db0fac412bf94de738e3254a627d35c023cd68cb858efd44b04ff75f335f8d34f4ee9d972c1a58edde301847e3391bbbd,2018-11-07 17:00:00,CLEAR,DUSK,DRY,NOT ON SCENE (DESK REPORT),11/07/2018 05:26:00 PM,41.773765662,-87.722781154,POINT (-87.72278115402 41.773765661984),C,11,2018,17:00:00
330e9d22de6b0774d81e0fa61b6b62a8c4c3a38de6b801ee6f560f8b8e27d37c002035c734e11959f9fd9b4a30d7a229a84ce4ef9f4311a0f8b425f5913286f7,2021-03-23 13:38:00,CLEAR,DAYLIGHT,DRY,ON SCENE,03/23/2021 01:45:00 PM,41.884516857,-87.647390682,POINT (-87.647390681951 41.884516857046),C,3,2021,13:38:00
30f48684e77aa00fa425d1557b1cde2955d12a757310c3d6bcc192cb22f144401050e7493b48709d680c58edb4713a29bc0c063ae3917438acc4b43252705eac,2021-04-24 21:18:00,CLEAR,"DARKNESS, LIGHTED ROAD",WET,ON SCENE,04/24/2021 09:18:00 PM,41.762174118,-87.558927464,POINT (-87.558927463962 41.762174118016),C,4,2021,21:18:00
32a50d4def8c9b755ec483ee4928293d09fa6960ff2c22839aaed7a1334f175f7c60fc93ea5f13a6e1d61db7f224c6af92843e0ae87bd046d3894de87f9a8c4f,2023-06-23 23:50:00,CLEAR,"DARKNESS, LIGHTED ROAD",DRY,NOT ON SCENE (DESK REPORT),06/24/2023 12:00:00 AM,41.786192939,-87.701055579,POINT (-87.70105557902 41.786192938996),C,6,2023,23:50:00
31839f0699050e8e6596c1abe466b34a2210cfa6379856c9770a8ae56c682fe42364248d89a25765f93f9f6d6230c3752713ff9b72e2090b6ca6342711158706,2019-01-14 18:23:00,CLEAR,"DARKNESS, LIGHTED ROAD",DRY,ON SCENE,01/14/2019 06:24:00 PM,41.932748996,-87.653801489,POINT (-87.653801488996 41.932748996009),C,1,2019,18:23:00
309f32bf880643ecf413d8ea974a4ab706c9adb929976a5a10790e86ecb4282f32f57644ec365c94486552d9a3f93ea58de91e74f77f524df3093466d267fb2a,2022-11-01 15:30:00,CLEAR,DAYLIGHT,DRY,NOT ON SCENE (DESK REPORT),11/02/2022 11:33:00 AM,41.785387445,-87.606183761,POINT (-87.606183761008 41.785387444959),C,11,2022,15:30:00
32b103a865f47cf71bdf8c7bb49ba2e20fe49e0ad5b344bfc0384b66222fcb4fc4d143cf3901cd838620de67a0c6f2a5db350a8ef687c718cc8d79b55d51d36b,2017-10-25 11:40:00,CLEAR,DAYLIGHT,DRY,NOT ON SCENE (DESK REPORT),10/25/2017 04:30:00 PM,41.945312513,-87.641399522,POINT (-87.641399521992 41.945312512978),C,10,2017,11:40:00
31e54d24b81f53687b9cfb06a8141ea6506c39030122a914dd1a458c794ad901b6319c4a67c5e6852cb62d306752dfd8ffc707428f64e1371ba2b0b126233767,2019-02-09 15:39:00,CLEAR,DAYLIGHT,DRY,ON SCENE,02/09/2019 04:10:00 PM,41.891293713,-87.647680593,POINT (-87.647680593026 41.891293712961),C,2,2019,15:39:00
3290e20327fa22e9d142435e7d4a5e7187854184030dcde32e27bce29befa3ce76efe6863ad93d69826b5e4654361bc2233d327cf055363e7b41ca47f312831b,2019-12-13 07:20:00,CLEAR,DAYLIGHT,DRY,ON SCENE,12/13/2019 07:30:00 AM,41.879324531,-87.647429789,POINT (-87.647429788969 41.879324531009),C,12,2019,07:20:00