CRASH_RECORD_ID,CRASH_DATE,WEATHER_CONDITION,LIGHTING_CONDITION,ROADWAY_SURFACE_COND,REPORT_TYPE,DATE_POLICE_NOTIFIED,LATITUDE,LONGITUDE,LOCATION,CRASH_TYPE,CRASH_MONTH,CRASH_YEAR,CRASH_TIME
3322401026fb3fec1aeb9cc74d6d6cee99e0852f75cd84022b48ba81f1e8b92946cee1c9c6db86c2056e5aa59c78207b12a4b215058118e93f1289d1ffc8cae4,2023-01-30 16:30:00,SNOW,DAYLIGHT,WET,ON SCENE,01/30/2023 05:08:00 PM,41.817683733,-87.6650402,POINT (-87.665040200043 41.817683733038),C,1,2023,16:30:00
3330208c65e44005c65f279be70af6d8ae740ac4a307739d92c0442f1fec417b46c0c99c52e2711cddcc881f0f6bd4972f6dd08e96f26cc848ae07e1494b3e63,2023-04-24 16:45:00,CLEAR,DAYLIGHT,DRY,ON SCENE,04/24/2023 04:50:00 PM,41.945986533,-87.7353963,POINT (-87.735396299979 41.945986532977),C,4,2023,16:45:00
3347af47ab5d74c8a3a77407ebe40bd945f69c5bf379efd450b373a393023e9de91ce7002f0c8414aa568290a667739a48247842c085770d5798a1b6d89a471f,2019-09-25 13:09:00,CLEAR,DAYLIGHT,DRY,ON SCENE,09/25/2019 01:09:00 PM,41.921217097,-87.681797827,POINT (-87.681797826954 41.921217096999),C,9,2019,13:09:00
33137da0fee8546e9bde02425df8a3bb0cc62cfce9daeeb1379a3c76ca7cf4eb329df8b0cb446726afa42d4f0699241964c87ce23e3ff6f8f5b783065797dfeb,2021-12-05 02:00:00,UNKNOWN,"DARKNESS, LIGHTED ROAD",UNKNOWN,NOT ON SCENE (DESK REPORT),12/05/2021 12:20:00 PM,41.779622481,-87.695989918,POINT (-87.695989918014 41.779622481027),C,12,2021,02:00:00
323533aea569f7e8f39a60e9a3545385b0a0ace8ef81522fc9fe8074d8c70c6c8a1c61978f10394cbb6b17f740306fe9ad0a7169021e79c735358bb28d172e65,2016-12-18 17:50:00,SNOW,DARKNESS,ICE,NOT ON SCENE (DESK REPORT),12/18/2016 06:09:00 PM,41.84458364,-87.719535104,POINT (-87.719535104048 41.844583640005),C,12,2016,17:50:00
31a500ce954f006248fe3787957d8af219f2a142e0240f6603a54a07b2adb7f9b3b58cc299129c5e26c4367d91256e7ff538daaaa53ec79411795273b284282d,2021-09-14 23:32:00,CLEAR,"DARKNESS, LIGHTED ROAD",DRY,ON SCENE,09/14/2021 11:50:00 PM,41.75872376,-87.585590902,POINT (-87.585590902031 41.758723759994),C,9,2021,23:32:00
335abec7e8f3254771eb042540ae771a885f4d357d7f24a5728ae3ccf0e0940b052c8cc67ef88e133a71b66d275dd844a681c013c62618c5f323fe28c16f2c69,2020-06-20 16:45:00,CLEAR,DAYLIGHT,DRY,NOT ON SCENE (DESK REPORT),06/21/2020 08:00:00 AM,41.793378954,-87.584053824,POINT (-87.584053824031 41.793378954013),C,6,2020,16:45:00
320f03aea6f93f926b2e4e2a1d83264b5c875eb9e3b22cf2d73af85a2f293b9ed39cb97b4d5ae63496033af95e1361063a1afbc83a0dd328a751f1ce5829bca1,2020-11-02 18:30:00,CLEAR,DARKNESS,DRY,NOT ON SCENE (DESK REPORT),11/06/2020 08:30:00 AM,41.693015814,-87.701024776,POINT (-87.701024776006 41.693015814018),C,11,2020,18:30:00
3115279eb86e39f23bdc3a362209b590517a99d5fb4445ba43e178105890cdaa63b813a60c4f6a02313546a38b408e75b42c6bc79c23ca047ce1dc27bce9a4a7,2017-02-25 08:05:00,CLEAR,DAYLIGHT,DRY,ON SCENE,02/25/2017 08:45:00 AM,41.760702111,-87.565792923,POINT (-87.565792922985 41.760702110975),C,2,2017,08:05:00
3282bbd04343cebe6cb9bdfe9aa0b906a168e07c86fce208cbc6ca56957c40a73d1d675a6e95ec3e415ccc2f844c2833da4266a3f347c36f3fdad3963b280d98,2020-12-30 22:25:00,CLEAR,"DARKNESS, LIGHTED ROAD",SNOW OR SLUSH,NOT ON SCENE (DESK REPORT),12/30/2020 10:40:00 PM,41.68523047,-87.638633159,POINT (-87.638633158992 41.685230469969),C,12,2020,22:25:00
325e9dd8814a46ca03621ad641b1506119537b3c06497d0746073789e21951899a799458bdb248b1a533b2b09115b3c6899650c2115aa8ef31778c780c2d2f9e,2021-08-05 13:10:00,CLEAR,DAYLIGHT,DRY,ON SCENE,08/05/2021 01:24:00 PM,41.807107438,-87.723415986,POINT (-87.723415985953 41.807107438008),C,8,2021,13:10:00
3150d6b00a09d4a9eb279610ab1d16f0f6a84c8b8d1de7604d85ede83b5718ebc0bccf94c8365d0cc619a29b720ea5980fc0a4db266db0e9c1e4eca35242d9d4,2017-01-31 16:59:00,CLEAR,"DARKNESS, LIGHTED ROAD",DRY,NOT ON SCENE (DESK REPORT),01/31/2017 05:58:00 PM,41.797224573,-87.72623588,POINT (-87.726235880006 41.79722457299),C,1,2017,16:59:00
30a00345d8bbe2ac3eed526e1c8e2265f1b488532bde691b54803407ef5b2a4c27309f03e103eca79d876f9c1d3a774b859591d238d8e7072ad60d195bc3ec5d,2019-03-27 14:30:00,CLEAR,DAYLIGHT,DRY,NOT ON SCENE (DESK REPORT),03/27/2019 03:30:00 PM,41.920000585,-87.771951512,POINT (-87.771951512022 41.920000584957),C,3,2019,14:30:00
30fde4834d9c6dba6f40eab5f4f4f8b7f23687f909e9c299e4f0b47ae9d0dd22a190a3815084f45377194e2e323249ef0dcfb61843f9e8c488b561df8415b10d,2019-06-08 00:40:00,CLEAR,"DARKNESS, LIGHTED ROAD",DRY,ON SCENE,06/08/2019 12:51:00 AM,41.749903242,-87.707348392,POINT (-87.707348392008 41.749903241984),C,6,2019,00:40:00
310c1733fd0e5b88ae53492d596b42a49bfec8a1d8e59b71ce60ea5fffb9f9af6c376ac9d055c2f4023878e043eef3c0e1f85efdc82d7fc2257a45ccbeb0490e,2022-05-26 16:00:00,CLEAR,DAYLIGHT,DRY,NOT ON SCENE (DESK REPORT),05/27/2022 10:30:00 AM,41.742372827,-87.578177895,POINT (-87.578177894996 41.742372827015),C,5,2022,16:00:00
3084bb85f67e418e168486b5b9d72bad13117fde912fdad4a861539e5c61a385c6f1d37e2c85d4e6c1ef2ecaf9049969cd03bf9c845e09e9fc778db7ac78d37a,2018-08-21 17:22:00,CLEAR,DAYLIGHT,DRY,ON SCENE,08/21/2018 05:35:00 PM,41.809781151,-87.594212812,POINT (-87.594212812011 41.809781151018),C,8,2018,17:22:00
30b72d5b3f53710186b9f187d4ac4c09f59a4f1934c98208e877b445326229c06ea512174ff70c5003e9f02040e7ba56012a22a0bb7f409b6ea429068605039e,2018-01-04 17:30:00,CLEAR,"DARKNESS, LIGHTED ROAD",DRY,ON SCENE,01/04/2018 06:10:00 PM,41.945142505,-87.826551149,POINT (-87.826551149023 41.945142505036),C,1,2018,17:30:00
31515c1c6d9d9cff21c727c01ea215277f212c0bc6c0f9341f53c5cf688698d99165649cdea5adbb401fa0a7d0c7e608b8f83a518c88be32c0702f1fae4059f7,2021-07-10 22:25:00,CLEAR,"DARKNESS, LIGHTED ROAD",DRY,NOT ON SCENE (DESK REPORT),07/10/2021 11:00:00 PM,41.74350578,-87.62819656,POINT (-87.628196560035 41.743505780006),C,7,2021,22:25:00
331be3627a91de2d2646065d1a0395480dd6f097ed99c4894291e1a1d2c6295bc43001e49cd4d0308d0db9f2692ffff04d0462d7fb6b0212c90c7c5f8e85a935,2019-05-28 12:00:00,CLEAR,DAYLIGHT,DRY,NOT ON SCENE (DESK REPORT),05/28/2019 01:10:00 PM,41.952414254,-87.664818626,POINT (-87.664818625992 41.952414254017),C,5,2019,12:00:00
32660e27eb92e58311e0a73481a78da7679fca7565a26aaeda3157e4e3dea673346153df74bbba7b33ef728f1d84f6983bb9cbbdd75422e1a93d68f0b3c3adc5,2023-04-26 09:00:00,UNKNOWN,UNKNOWN,UNKNOWN,NOT ON SCENE (DESK REPORT),04/27/2023 02:00:00 PM,41.912439164,-87.700547655,POINT (-87.700547654991 41.912439164043),C,4,2023,09:00:00
31f479ecaae6f7fa049535d5e9589d2e60b7c177f4e059af3bbb18b78f67005bb4b2209547993e7fd6fd7a521a53acaf9d9d7a877eebedae063635c004445426,2018-09-26 08:30:00,CLEAR,DAYLIGHT,DRY,NOT ON SCENE (DESK REPORT),09/26/2018 08:50:00 AM,41.784385694,-87.740065946,POINT (-87.740065945952 41.784385693962),C,9,2018,08:30:00
310aeefa12e7a3f3d44ba6d4555962584fb9070fecea43b29a6149b99d6277a07ade124759f50a178f75e0dd0cdfbf5a2ad255594a0a2a5b9e3fecc6871b7d11,2021-12-20 08:30:00,CLEAR,DAYLIGHT,DRY,NOT ON SCENE (DESK REPORT),12/20/2021 01:45:00 PM,41.883314692,-87.63547051,POINT (-87.635470509974 41.883314691963),C,12,2021,08:30:00
32155a34e4db54039e902b2c43c5a28e2f891d717fb6114f5e118f59c27f2123c1ccdb31cabf1c59bc6db65f94f6d209c9a1b497a2a79888f5fb8669eae3a12f,2020-02-23 13:00:00,CLEAR,DAYLIGHT,UNKNOWN,NOT ON SCENE (DESK REPORT),02/23/2020 02:23:00 PM,41.945944089,-87.735326206,POINT (-87.735326206008 41.945944088978),C,2,2020,13:00:00
321922a503ba3f4bf32770f2cea03b1683bb5849ab5cb6c8d5a69acfef1544cbcb485d70f4d0f4a7a574e383930afe9718b9a062efb986858eacdbf674938182,2018-07-22 14:55:00,CLEAR,DAYLIGHT,DRY,ON SCENE,07/22/2018 02:59:00 PM,41.699167841,-87.679931602,POINT (-87.679931601972 41.699167840976),C,7,2018,14:55:00
30d56379921e97467e5315b1de8c4819817261fd0fd5f1402ee8e23aef3f1846850ee27f9e000b9bdfbc6148e1c764626fab90d5f563efca684ad3f85696c246,2021-06-27 19:36:00,CLEAR,DUSK,DRY,ON SCENE,06/27/2021 08:00:00 PM,41.807107438,-87.723415986,POINT (-87.723415985953 41.807107438008),C,6,2021,19:36:00
31612c739ae6ae0a0ccb92e5dab4073e20cd52b4c39264bc540e6d07d8e8b8b41ff36a762c4b1390785c1a373c5897faaa0be046d9a2bb22494b78740e5d42dd,2022-01-25 08:55:00,CLEAR,DAYLIGHT,DRY,ON SCENE,01/25/2022 08:58:00 AM,41.83667895,-87.665866034,POINT (-87.665866033994 41.836678949955),C,1,2022,08:55:00
322941e072110582cbda5140bffb4c3c7e2ebe25c67ec3ad9eab485c595e7b6e39a2b89fff261eb8edacee8f1965deee76ea0f761e09ce378b27d1fb284ebc42,2018-11-26 10:40:00,OTHER,DAYLIGHT,ICE,ON SCENE,11/26/2018 10:43:00 AM,41.978973027,-87.836733659,POINT (-87.83673365898 41.978973026997),C,11,2018,10:40:00
31841f9362e3a4cb2ca561afd4b9637320ed4750acab71632701d626487b6d710c13a542a26000c7455f58358ae86c919af09dbfb9c608373798ebf3d70d9078,2017-05-24 07:57:00,OTHER,DAYLIGHT,WET,ON SCENE,05/24/2017 08:25:00 AM,41.939537946,-87.637804858,POINT (-87.637804857995 41.939537945974),C,5,2017,07:57:00
32681050261b0c7cdb730312b27bf4961937dd699a74feb51301e296bfc38935accdd6ca18f3afae7c1f1f6f9fd263439e074973c6b2b45b5c2124374cd58826,2022-03-29 10:48:00,CLEAR,DAYLIGHT,DRY,ON SCENE,03/29/2022 10:59:00 AM,41.817683733,-87.6650402,POINT (-87.665040200043 41.817683733038),C,3,2022,10:48:00
31f09d87aefc1bf15ab0e6a01a433638bda9dba0520c5a2ac2bba0e623b1a331fd004af2bbdee616e643624b733d50b2e261e87ee8574d2d159692b61d35b387,2016-12-16 17:10:00,SNOW,DARKNESS,SNOW OR SLUSH,ON SCENE,12/16/2016 05:15:00 PM,41.783089902,-87.625548093,POINT (-87.625548092951 41.783089901973),C,12,2016,17:10:00
324aded91c9e094d4cd96e75f09b4be6cad69721af5074b9c1989fc440d69ee627e439230a8ed50ec92866e045ff4fd4021350f9b4097f3fca7d46b7020cf5e3,2018-01-06 02:07:00,CLEAR,"DARKNESS, LIGHTED ROAD",DRY,ON SCENE,01/06/2018 02:07:00 AM,41.92499166,-87.700985257,POINT (-87.700985256985 41.924991660021),C,1,2018,02:07:00
31bc20a31eba7514d32f0f7d55f7730c8bac739147b181c74b2573498f164d65414e8c8ac43775470ad7cb459235c7f26b561e513186d395d5c43cceea59ba72,2016-01-24 12:00:00,UNKNOWN,UNKNOWN,UNKNOWN,NOT ON SCENE (DESK REPORT),01/25/2016 07:15:00 PM,41.975355803,-87.65189745,POINT (-87.651897449989 41.975355802966),C,1,2016,12:00:00
315a3f424542083cf8bf8277158a6cf200df903d8414376d6bbd8dad5caf7d592fe778e6d6312a42bcb673b5589de105302340ddb5f6bb5d03d2b2a72c063c06,2021-04-12 15:30:00,CLEAR,DAYLIGHT,DRY,ON SCENE,04/12/2021 03:33:00 PM,41.744151639,-87.585945067,POINT (-87.585945066953 41.744151639042),C,4,2021,15:30:00
31ca4ebf7113312d12161dca795a9be83eb24aba0b480edf5d180d7d772aaedc70881810cda43026b7a29ddd82b948d95b2ad167406697daceb789c912803ed7,2022-04-23 20:27:00,CLEAR,"DARKNESS, LIGHTED ROAD",DRY,ON SCENE,04/23/2022 08:27:00 PM,41.898341319,-87.618057856,POINT (-87.618057855957 41.898341319021),C,4,2022,20:27:00
3105d2c6024781326a140b930bdb5b20f197257dc15317040b2543d04e2059ca72b7cf69d38f464144d0b1135f21df3e7442a5455c51b3b3feb3d008d5b9644b,2019-09-25 08:00:00,CLEAR,DAYLIGHT,DRY,ON SCENE,09/25/2019 08:09:00 AM,41.782457244,-87.59578011,POINT (-87.595780109983 41.78245724397),C,9,2019,08:00:00
309b40ef7bc86141d137a883e74eed98b36dfeee8c3d25478ac6ca0e60fa33f5233dade9021abbc13371e2301e116b6d66b2f928eb6e090c9396dad537ea1b52,2020-04-03 10:55:00,CLEAR,DAYLIGHT,DRY,ON SCENE,04/03/2020 10:59:00 AM,41.837081626,-87.704672199,POINT (-87.704672199028 41.837081625957),C,4,2020,10:55:00
335df3ca308ceb2e942c770dddf32d2e31e94d54b4dab2f9ab4ac8c611986ce93f6223313cf021709c1e745f2d8f1beee4bc820b1f2ebd6f3e30127ea67585e9,2023-04-18 08:24:00,CLEAR,DAYLIGHT,DRY,NOT ON SCENE (DESK REPORT),04/18/2023 09:24:00 AM,41.909984558,-87.708487854,POINT (-87.708487853967 41.909984557994),C,4,2023,08:24:00
31359f36f45762db4bbefd34089e8b38276a83604cbf6415e830a556a0c83c3049aea67c19f51e63746254d07795cc22c30d1013512b065d3d6a3d1bcc8d34e7,2017-05-15 08:00:00,CLEAR,DAYLIGHT,DRY,ON SCENE,05/15/2017 08:02:00 AM,41.712936772,-87.630713793,POINT (-87.630713793002 41.712936772006),C,5,2017,08:00:00
31f83e6786e4a1cdba6c211560aad8c2696251b66c03a7372b8374816637bebc668f10e0b6302eac5a3774a6e45a13110fcdaf753394e2ef12c51c351e5d4d59,2021-02-06 18:30:00,SNOW,DARKNESS,SNOW OR SLUSH,ON SCENE,02/06/2021 06:40:00 PM,41.893286586,-87.72616813,POINT (-87.726168130007 41.893286586029),C,2,2021,18:30:00
3238264affda55d2f9cb8e3672aad5b86c68cc923d3cc210e2c04599dfb43347e217dc0745af4d7d2a1612142499138af60573764a4fd7088245ccb1b26a0d3b,2019-07-01 12:00:00,CLEAR,DAYLIGHT,DRY,ON SCENE,07/01/2019 12:45:00 PM,41.808749374,-87.66230696,POINT (-87.662306960034 41.808749374011),C,7,2019,12:00:00
30bf8560ef952ee827d1fdcefe57399db81c6e3e3c6900a0c96174c52e1c9318fd84ff71741a55549e42f2541b1bbc9aa010fcb6cccbb4eac9cd59ab3d935773,2020-07-23 06:03:00,CLEAR,DAYLIGHT,DRY,ON SCENE,07/23/2020 06:07:00 AM,41.762174118,-87.558927464,POINT (-87.558927463962 41.762174118016),C,7,2020,06:03:00
31a1fec4f8864dfc4df0237edf414e4ef862dbaadcd70aa991c046ab49c64c894c5c4739c662d0a2374beb73df195e6f0308e807ecb9558b53f1730381dbac3c,2016-07-20 15:30:00,CLEAR,DAYLIGHT,DRY,NOT ON SCENE (DESK REPORT),07/20/2016 04:13:00 PM,41.838768893,-87.608273595,POINT (-87.608273594974 41.838768892981),C,7,2016,15:30:00
31097e159652931460a28b241ff62bc6f4863c39242489819999c7a30ad82ddb1bef2d123f772e3eed336a898791b3b5be2ef6a6d9546bae3eddeeed015ff82c,2018-12-14 21:10:00,CLEAR,"DARKNESS, LIGHTED ROAD",DRY,ON SCENE,12/14/2018 09:25:00 PM,41.78419815,-87.741365268,POINT (-87.741365267996 41.784198149971),C,12,2018,21:10:00
33614ebd85d3ee69473409a15e0dab01ddbba9565c50585af80d94113107ff629186bdfa0d9d06ac9a6605326db89b14a1fbefe238a8815aa8ec257c5be17a5c,2020-10-31 17:00:00,CLEAR,DAYLIGHT,DRY,NOT ON SCENE (DESK REPORT),10/31/2020 06:00:00 PM,41.685221513,-87.63975903,POINT (-87.639759029986 41.685221512972),C,10,2020,17:00:00
34111d4ba7e454b46a0d31ceec589aed376e84078bfd8d373fd72ca717c2596ffe5f2b3374024e2b6db6bae8d8da07b7d8c4cec980ed48c53fcf020b554e3bc0,2016-08-29 22:15:00,CLEAR,"DARKNESS, LIGHTED ROAD",DRY,NOT ON SCENE (DESK REPORT),08/31/2016 05:00:00 PM,41.744151639,-87.585945067,POINT (-87.585945066953 41.744151639042),C,8,2016,22:15:00
354686e3e82cbd2f870f8d54b3f7b13e83b95ea0515d14058c0fdc81dfb96493d71eb905d66676d901086ff9b7b29a5087ac96b11261da2325422bf648ad25d8,2018-03-16 11:43:00,CLEAR,DAYLIGHT,DRY,NOT ON SCENE (DESK REPORT),03/22/2018 03:40:00 PM,41.894228849,-87.625384759,POINT (-87.625384758996 41.894228848999),C,3,2018,11:43:00
35128b31726be79f0c01fdd18108ef4e400e7f62e55b59d5b9accbc6ef93ab12f070321214be6332635bb1c050d61af8d51fa25b801fab8945d185462bfe740f,2020-01-06 09:40:00,CLEAR,DAYLIGHT,DRY,ON SCENE,01/06/2020 09:43:00 AM,41.977016454,-87.747903143,POINT (-87.747903142972 41.977016454006),C,1,2020,09:40:00
355749e742641c68b03a0d75c5da4e1bb954ed0c7ca741b0fc78dde29c00b026093552b569c84caba8c7770b0dd84bd0d2e95aba75a023adf9e55c060e82e049,2021-05-08 13:34:00,CLEAR,DAYLIGHT,DRY,ON SCENE,05/08/2021 01:42:00 PM,41.801698247,-87.694166045,POINT (-87.694166045048 41.801698247026),C,5,2021,13:34:00
351b57958c64f354627256910ba3634811a11d62cbbd9abdea95d32debd2d3b2a62daba4249b67f4cdff80b5382566285ca8570dd8e5915c9b8b3e91c73320b5,2019-09-09 14:00:00,CLOUDY/OVERCAST,DAYLIGHT,DRY,ON SCENE,09/09/2019 02:21:00 PM,41.896737923,-87.620221354,POINT (-87.620221354034 41.896737923045),C,9,2019,14:00:00
3519c90e4539ff0f2c616dc0d426d820b5f5e05228149e30a0a61745a5a9512b409cb4716a7672256d5ebc8dda8cc1031b07b62f8403d00d5eebffef208092c7,2018-12-25 23:00:00,CLEAR,UNKNOWN,DRY,NOT ON SCENE (DESK REPORT),12/26/2018 02:00:00 PM,41.962339153,-87.776630502,POINT (-87.77663050204 41.962339153005),C,12,2018,23:00:00
33d7ca4dec532a5f033bc2c38b9ad81e42b4554ba1414545b036cd0f494a6a6470fa326b7c2f71544ac52ee0be656a1a1aed64b861b491e44f4f5f2ddb2c4f6c,2023-07-15 23:00:00,UNKNOWN,UNKNOWN,UNKNOWN,ON SCENE,07/16/2023 02:00:00 AM,41.762174118,-87.558927464,POINT (-87.558927463962 41.762174118016),C,7,2023,23:00:00
3572e2ccc5a752f80dd3d73b29ada8d333492eae76c9efdbe7f398fb624cd4a13256938a616a9cdbfb792ff00c612f6e37fc4820dbfafd6176e7824a53040ce7,2017-06-04 10:58:00,CLEAR,DAYLIGHT,DRY,NOT ON SCENE (DESK REPORT),06/05/2017 05:25:00 PM,41.96536159,-87.6655912,POINT (-87.665591199993 41.965361590026),C,6,2017,10:58:00
3427d5438846616da42174b9427dfaf43fb850919a628b12630633cc94c0cd76037f44a30bf39bb4a37049916abc84dbc74e1da9508e9a7f389ee963670d5ab0,2019-10-08 05:39:00,CLEAR,"DARKNESS, LIGHTED ROAD",DRY,ON SCENE,10/08/2019 05:40:00 AM,41.84434083,-87.711276265,POINT (-87.711276264979 41.84434082995),C,10,2019,05:39:00
35bcdae630357250e338c76c4698f88e47a6612bfeb45179b1aa5e749e52ad68eaa7da4d235f718f4c464d2b2b09e51341cc7850e50e0c95e4cbfc3072ff38b4,2016-06-24 16:00:00,RAIN,DAYLIGHT,DRY,NOT ON SCENE (DESK REPORT),06/24/2016 04:30:00 PM,41.725267283,-87.549347814,POINT (-87.549347814027 41.725267283036),C,6,2016,16:00:00
35087129ea2805bb47d51cce58a8b86d0528b734a3f7e64aa5ecec45e0be7d07dd547cdb6784641ca8c598ea64519c758d48daddf2d7c53d383779d8f107b00d,2016-12-10 18:25:00,SNOW,"DARKNESS, LIGHTED ROAD",SNOW OR SLUSH,NOT ON SCENE (DESK REPORT),12/10/2016 06:52:00 PM,41.912897191,-87.784876689,POINT (-87.784876689039 41.912897191039),C,12,2016,18:25:00
3632ebc83c16792d6d4ce9ca6f00ce7aa92ff3120c14454eadd024a1b850e78a770670811c128b184e907bd2ac143ac2d024c467ee602d71094f5b8d5de2b9f4,2019-09-12 07:45:00,RAIN,DAYLIGHT,WET,ON SCENE,09/12/2019 07:56:00 AM,41.844607515,-87.694804642,POINT (-87.694804642033 41.844607514956),C,9,2019,07:45:00
338ab387f14ffba14d8eec8ba469327f1e363eb1fc9a9f67f8396e3ced0327a1fb25aed4cb48fda319317f5b0fc01e165b5fe740338861987e8c6f0233a8fb42,2017-01-15 13:15:00,UNKNOWN,UNKNOWN,UNKNOWN,NOT ON SCENE (DESK REPORT),01/15/2017 04:40:00 PM,41.990020023,-87.809224289,POINT (-87.80922428895 41.990020023035),C,1,2017,13:15:00
34c330ec93267684cd86c8081c00f0f726470a6f813594aca59a2faa016f85109a4797e6b5d96fd1b112515417e71ee1f491f8e1153b23d6a5430f0e5b0c9875,2019-02-22 14:25:00,CLEAR,DAYLIGHT,DRY,ON SCENE,02/22/2019 02:52:00 PM,41.763665021,-87.621796302,POINT (-87.621796301972 41.763665021044),C,2,2019,14:25:00
33b2d2624f1e6591f23a5fb8bc47ee5617b3b11e3cb1c79e6c7565c5203c9381ce2b16a85833ea02163c5291a6685a0de096ee9f7c78b30bca9fc545a1a86948,2020-05-21 04:35:00,CLEAR,DAWN,DRY,ON SCENE,05/21/2020 04:42:00 AM,41.792992462,-87.734844103,POINT (-87.734844103044 41.792992462024),C,5,2020,04:35:00
336bdcbd3b1b0765b9da2d7b665d80f8ffd832d586ab08a5cfcdd48dcc546b0f779d1ef48e6ef7e586503e222f39228015a004fa604e212b5fcd5c4af05c63a7,2020-11-16 11:30:00,CLEAR,DAYLIGHT,DRY,NOT ON SCENE (DESK REPORT),11/16/2020 12:10:00 PM,41.965038613,-87.688944785,POINT (-87.688944785018 41.965038613011),C,11,2020,11:30:00
355da3c22d1f2e83b86d4b1bfe55213755d23c07e53e0f80a3d2fc1c8ad0647cfd5214e73c4b4387cb6c11f0db93ad16eea61b1b422715c5711ab30a28b72cfc,2022-12-20 09:40:00,CLEAR,DAYLIGHT,DRY,ON SCENE,12/20/2022 09:58:00 AM,41.898711995,-87.73837944,POINT (-87.738379440019 41.89871199496),C,12,2022,09:40:00
34f85cd474562cc6d081b9ac825db1291d92873976d5fba7e6f3b79f29f322c526afae84af87872b44f2cf17748c1b05d758e6dfdf1418e91f668fba4c05ec66,2017-01-20 15:29:00,CLEAR,DAYLIGHT,DRY,NOT ON SCENE (DESK REPORT),01/20/2017 04:40:00 PM,41.954068242,-87.678604449,POINT (-87.678604449027 41.954068242042),C,1,2017,15:29:00
34ef231a86f04e20d19ad0eaf302cb1a47b697badbf03fe010acb0bc2d61e7d5eba2a2cba2c0d4ec376f6eddba5b81a3dce2a6228c08fa9415826bd255682143,2022-02-23 08:00:00,UNKNOWN,DAYLIGHT,UNKNOWN,NOT ON SCENE (DESK REPORT),02/23/2022 09:30:00 AM,41.822567962,-87.700116173,POINT (-87.700116173046 41.822567962009),C,2,2022,08:00:00
34f6f669a31e4f311fe69547697913658eeeb3e2ec7a7acf7b4fccffc7b638da85e2b5d5ff549c35ecf1f9cf2db0f9a24789759b41483cb458daddbd35de903b,2022-05-25 15:49:00,CLEAR,DAYLIGHT,WET,ON SCENE,05/25/2022 04:27:00 PM,41.876116695,-87.693811727,POINT (-87.693811727026 41.876116694994),C,5,2022,15:49:00
355a07edc8a82cbd64e16334e15a2ac19aa230902cce258782569243d6e6f448ad5f71788ba11646c86b7a2ac983e31d4b8a7385b07c601bca8617743af94e9d,2022-05-25 14:55:00,UNKNOWN,UNKNOWN,UNKNOWN,NOT ON SCENE (DESK REPORT),05/25/2022 04:25:00 PM,41.773455972,-87.585022352,POINT (-87.585022352022 41.773455972008),C,5,2022,14:55:00
3582bebf2fcfc1a26453bedf832d9883cede96f6981f2ad587034ae98ea64125dea129d3ff68620a0bc8c5858b057f9f89ea4a9c8713c87755480cd1329eb656,2019-11-23 11:53:00,CLEAR,DAYLIGHT,DRY,NOT ON SCENE (DESK REPORT),11/24/2019 01:40:00 PM,41.822958463,-87.691425915,POINT (-87.691425915045 41.822958462973),C,11,2019,11:53:00
3430441ae86e16ccf472d3c40547467e2f138c390bebb2a42ed0c42b3662135ba449a7f82e9739e655e6542c44db88af963456a05fee376884a8ffcdec48464a,2021-02-26 16:15:00,CLEAR,DAYLIGHT,DRY,NOT ON SCENE (DESK REPORT),02/26/2021 05:00:00 PM,41.931799249,-87.775838777,POINT (-87.775838776982 41.931799248976),C,2,2021,16:15:00
33bec0e11536d387303793e926dcb71e68f8d9a08ac89da1a78cb86a844dd84df129adbfa288022855c0807cd1350c08211dd55131ba2bc255dd2198934a0c01,2019-12-15 11:55:00,CLEAR,DAYLIGHT,DRY,NOT ON SCENE (DESK REPORT),12/15/2019 12:10:00 PM,41.995579197,-87.675876884,POINT (-87.675876883986 41.995579196996),C,12,2019,11:55:00
363e6843ba825557937b2845957ba36e3da7af095be0442f2e99594161c7623f3b4254c5334150165262c92219fa04739bfb79ebefcbbd031d8e8c194c795fb6,2021-11-14 08:50:00,SLEET/HAIL,DAYLIGHT,WET,ON SCENE,11/14/2021 08:52:00 AM,41.752637977,-87.674565596,POINT (-87.674565596028 41.752637976955),C,11,2021,08:50:00
3575fdb9d0ce77581aa5e9b2fe49456c9896e7fb14a43c567afc814ced44f3baaf44cd3f544c99f5acbd4d375a3370ac44a23acf4fb754c7cca421b6ce15aff8,2020-01-22 14:57:00,CLEAR,DAYLIGHT,DRY,ON SCENE,01/22/2020 03:05:00 PM,41.885719361,-87.627792462,POINT (-87.627792461951 41.88571936101),C,1,2020,14:57:00
34aa18fb5b2c25343e42b6cfec98b5c81ff589bf63d48c14191be37dea715d338bb36ccfcdc01b8402419fdacbe0507a4e242b208dbfc321d309ced918f1161a,2021-12-10 20:20:00,RAIN,"DARKNESS, LIGHTED ROAD",WET,NOT ON SCENE (DESK REPORT),12/10/2021 08:40:00 PM,41.849871634,-87.700151099,POINT (-87.700151099037 41.849871634014),C,12,2021,20:20:00