CRASH_RECORD_ID,CRASH_DATE,WEATHER_CONDITION,LIGHTING_CONDITION,ROADWAY_SURFACE_COND,REPORT_TYPE,DATE_POLICE_NOTIFIED,LATITUDE,LONGITUDE,LOCATION,CRASH_TYPE,CRASH_MONTH,CRASH_YEAR,CRASH_TIME
3438a3feb4511edcc02a74d3cfcf0ead84bae1c06a450b00b326706e8e60ba1649e13a7c295941b6b658afba5defeb4b66a266a81291b870f133f4cce8582346,2018-09-20 08:15:00,CLEAR,DAYLIGHT,DRY,ON SCENE,09/20/2018 08:19:00 AM,41.91041392,-87.688584695,POINT (-87.688584694966 41.910413919968),C,9,2018,08:15:00
339e1fe465af5f1b7ba282ae93c6928902a451c02698a45178e70d4104b3b0a794bbfee716275532d102c6c66f04fe2482313fab6728a9f841d2c771630d447f,2021-06-19 14:48:00,UNKNOWN,UNKNOWN,UNKNOWN,NOT ON SCENE (DESK REPORT),06/19/2021 03:15:00 PM,41.822958463,-87.691425915,POINT (-87.691425915045 41.822958462973),C,6,2021,14:48:00
356b42fe96d5a26463e538a89741ff797dcb9df49cf7467df90395c9d53fc7dc7724dab28efde6455df0838e8fd7436ab7ffa5fb96c4126e3b3fac8ce8315563,2016-02-23 16:00:00,CLEAR,DAYLIGHT,DRY,NOT ON SCENE (DESK REPORT),02/23/2016 05:00:00 PM,41.902848209,-87.718451506,POINT (-87.718451506045 41.902848208995),C,2,2016,16:00:00
35179e209654e2d650e69af8756061278261b245270814fa5be93ef01512da69d1a58142ff5939b515a683315d82b0fe55031567f6b2e21737e48e66bfe91cf7,2022-01-14 21:42:00,BLOWING SNOW,"DARKNESS, LIGHTED ROAD",WET,ON SCENE,01/14/2022 10:00:00 PM,41.958986951,-87.933993929,POINT (-87.933993928974 41.958986950953),C,1,2022,21:42:00
34db7f5b3eea50d67b51bdf730ebf9da6164f94d812baf58d9a5aaf2a900d6dd16f132cdf0f1daa858993ec1b36d2b0be437adcb66f0f375e9f59a5a98b129db,2018-06-07 02:30:00,CLEAR,"DARKNESS, LIGHTED ROAD",DRY,ON SCENE,06/07/2018 02:33:00 AM,41.742506756,-87.708325073,POINT (-87.708325072957 41.742506755999),C,6,2018,02:30:00
342303ee8e5277c25442b79d87ca259b7cbb1eba1b376690517da98022ff5d3f2fbe98847a902b3fac1f7b68d0d73950f67877db2eafd6b0200d16250db76d5f,2019-10-19 00:30:00,CLEAR,"DARKNESS, LIGHTED ROAD",DRY,ON SCENE,10/19/2019 12:05:00 PM,41.805805919,-87.604687053,POINT (-87.604687053 41.80580591899),C,10,2019,00:30:00
339108d55332de89799962bc9a1ed2b3376aefd32cc02899b94cd1ea3aa267e85f6eb9eb9c06311480a73c0a573ed7fbf542006fec56f7bc6751b13434fe321a,2021-10-08 18:15:00,CLEAR,DUSK,DRY,NOT ON SCENE (DESK REPORT),10/08/2021 06:49:00 PM,41.920676631,-87.775630269,POINT (-87.775630269041 41.920676630982),C,10,2021,18:15:00
33fe2348fa54ccdfbcb2bb4883b5f92c4aa14812686bad1720fa21e40b59f385300c412e4d03393a578eddb6a44fb419c59e6fe7fdf84456f2154dfa6b2d2e5f,2021-10-26 10:43:00,CLEAR,DAYLIGHT,DRY,NOT ON SCENE (DESK REPORT),10/26/2021 11:23:00 AM,41.755803801,-87.673232706,POINT (-87.673232705986 41.755803801009),C,10,2021,10:43:00
357f0c7a28dfe38cfa918fdedd5b99c0193cb575b89cf47b1c94f5255ff9a5327875540300b95f4a2a3a46de1caa2bcb1aceb6fcea84bb6dde4077c883efee84,2021-11-30 13:53:00,CLEAR,DAYLIGHT,DRY,NOT ON SCENE (DESK REPORT),11/30/2021 02:45:00 PM,41.93175048,-87.73840266,POINT (-87.738402659985 41.931750480043),C,11,2021,13:53:00
34a9fb039b783940a92aa62e81b0abaaf208c91c2b3edb13382617fc07dd2663a2d1d8bba04ce3e98d0f2cdae081792ed434fa200d9953a0f85d746d4ee9f29c,2021-05-18 06:15:00,CLEAR,"DARKNESS, LIGHTED ROAD",DRY,NOT ON SCENE (DESK REPORT),05/18/2021 12:25:00 PM,41.744151639,-87.585945067,POINT (-87.585945066953 41.744151639042),C,5,2021,06:15:00
338aba0a231c4dda78406f7c7efac1ce3f4565971a5a3df3d206148daccbe74d76da0a0c0c4fb45e637036d9d6e6f3fcbff27cb8055d0c28bfdd891adcbfe37c,2018-01-28 12:30:00,CLEAR,DAYLIGHT,DRY,NOT ON SCENE (DESK REPORT),01/28/2018 03:00:00 PM,41.961238465,-87.713199375,POINT (-87.713199374979 41.961238465013),C,1,2018,12:30:00
359237a7e6da48894f7bfef8d8cb0ffe4e940021a10d525c5aff85a33b5f1013ddedeab918dde82515e5e1f9eb07282575e8ca650d3fc52dc1a4029be1bcbc0e,2021-04-17 16:35:00,CLEAR,DAYLIGHT,DRY,ON SCENE,04/17/2021 04:39:00 PM,41.928386635,-87.715384108,POINT (-87.715384108022 41.928386635011),C,4,2021,16:35:00
34241f536930656f149de421862566d8020949c01f8a992104969ee00e9551a209089e172b1cb085d09711e7d90813f0a440384a4b8e8c615b4543e59b0576ca,2018-11-19 17:25:00,RAIN,"DARKNESS, LIGHTED ROAD",WET,NOT ON SCENE (DESK REPORT),11/19/2018 08:30:00 PM,41.758245505,-87.626521907,POINT (-87.626521907009 41.758245504966),C,11,2018,17:25:00
341e51bc336285071f81fe5addc1a6fd04571717ca2dbe12e2097859d1d0fc7f037ac56d93e6789731de9d6dd56b31bab7f73954594df27c198a6ec3da99e94e,2023-05-14 03:00:00,CLEAR,"DARKNESS, LIGHTED ROAD",DRY,NOT ON SCENE (DESK REPORT),05/15/2023 07:20:00 PM,41.842476558,-87.713667149,POINT (-87.713667149041 41.842476557992),C,5,2023,03:00:00
34fde6d0101e515bb02f2e6d16f4c63e9e31b84b04f746d1a17085d1ad537937b0dd6216bcfd9c1d71dc9434c7aebfa581d2644eb09a758ecd5e6f895058a962,2017-12-04 20:20:00,RAIN,"DARKNESS, LIGHTED ROAD",WET,ON SCENE,12/04/2017 08:30:00 PM,41.939537946,-87.637804858,POINT (-87.637804857995 41.939537945974),C,12,2017,20:20:00
33a25141142be806b2bab98d42d13d5cb49d981b3a579a5b4fe08997a4327bcd49a4831ecff47c0e1eb28b4ac12e561db9f1da17a3280edb2f7be3cbf1232c40,2016-08-25 14:00:00,CLEAR,DAYLIGHT,DRY,NOT ON SCENE (DESK REPORT),08/26/2016 01:00:00 PM,41.924490094,-87.717288131,POINT (-87.717288130979 41.924490093998),C,8,2016,14:00:00
360f19bbc808e504f441029d055cf01fe321480ca2a30c5d74d47dc56e4af4655045d6fa8e5518847bb4eb6d2178a780e3864d7bf52eb225695b5d85b41284ab,2021-10-29 02:05:00,RAIN,"DARKNESS, LIGHTED ROAD",WET,ON SCENE,10/29/2021 02:09:00 AM,41.744151639,-87.585945067,POINT (-87.585945066953 41.744151639042),C,10,2021,02:05:00
35735e69f0dc185c55be09551206969dc8beec3a4b38af7ea95b7f20330a68498f0c6e261f5baf79524c73cb7a1334bdc9e4f544f9a67ae5922f5eb364088d12,2023-06-27 15:45:00,CLEAR,DAYLIGHT,DRY,ON SCENE,06/27/2023 04:02:00 PM,41.997719325,-87.696809864,POINT (-87.696809863964 41.997719324964),C,6,2023,15:45:00
359de0fbef1bfee985cbd47f10887a8ec4e21250d584b0108234d3a86506992aedebecdef6468faaa79e8010490bddd75eb0c0887c2c88e94889fffffade8714,2017-02-11 03:50:00,CLEAR,DUSK,DRY,ON SCENE,02/11/2017 03:54:00 AM,41.760732955,-87.611371487,POINT (-87.611371487006 41.76073295504),C,2,2017,03:50:00
339e6aefe21d8c0737d3ef6e826d1db41df7542a70e1f3de5ca00f3c54e711e3a0d9f3ec5d0a56c2c1731246cd9cc0a03d9b159d0732857acb7db1fb5889e2cf,2019-03-30 10:15:00,CLEAR,DAYLIGHT,DRY,ON SCENE,03/30/2019 11:03:00 AM,41.802300329,-87.592875871,POINT (-87.592875870968 41.802300329046),C,3,2019,10:15:00
33bb16dbf753562f685ba9f682abeac4468d724997ac430321847a58044596ffaad62106a9746eb266023d2e46bf655697ef2fb30d1721baf1dddf8f53260226,2019-04-01 16:30:00,CLEAR,DAYLIGHT,DRY,NOT ON SCENE (DESK REPORT),04/02/2019 12:20:00 PM,41.693331423,-87.611890358,POINT (-87.611890357952 41.693331423049),C,4,2019,16:30:00
348e9d1c917105df7ba116d8baa3733f4ce05f490c217a9255f891ecccedd1d40a854b8664d4296eea6a98679643eae7b862313732f608223b0e60b75994de91,2016-10-08 09:45:00,CLEAR,DAYLIGHT,DRY,ON SCENE,10/08/2016 06:28:00 PM,41.817683733,-87.6650402,POINT (-87.665040200043 41.817683733038),C,10,2016,09:45:00
34ae58dd0f4ba81bfc5908fd6a85379dba185c4f96bdd21cdd4c9d812c3bacf977d2c90d7ab41d7e541510e3391cf0235e80907e607ff0f0fd1ab199334c76c3,2020-12-24 06:10:00,CLOUDY/OVERCAST,DAYLIGHT,DRY,NOT ON SCENE (DESK REPORT),12/24/2020 01:05:00 PM,41.663355654,-87.641363438,POINT (-87.641363438039 41.663355654041),C,12,2020,06:10:00
35823fbc584ae63d3c4fb524b99c5fb1d3a14509bd94680ef48bc788c9c2fc3f27989f27165d766df52a23b16d1c1bb77c1f63e2434b8b78de90629041b47890,2020-11-19 18:15:00,CLEAR,"DARKNESS, LIGHTED ROAD",DRY,ON SCENE,11/19/2020 06:21:00 PM,41.893918609,-87.624085833,POINT (-87.624085832985 41.893918609004),C,11,2020,18:15:00
354e9b6fa752db2dce17bce5a3bb5e6a432cfdf7a3e16abf8f2954de1a72208495ffef971dbf808cf62eb3fdd414c2c9d6f0f2b8ece34cef26fc26ff6653547e,2016-01-20 06:40:00,SNOW,DAWN,SNOW OR SLUSH,NOT ON SCENE (DESK REPORT),01/20/2016 08:20:00 AM,41.81536642,-87.698882005,POINT (-87.698882004954 41.815366419958),C,1,2016,06:40:00
34789b7efff80d598b56b8210395fe05317400ad7e2bd1fdcf912eb7f0ff6972d347cb3162baf93b43e017b58e57cf6d8ddd57d1a4cd5e82b671589238b9f631,2016-09-21 14:15:00,CLEAR,DAYLIGHT,UNKNOWN,NOT ON SCENE (DESK REPORT),09/21/2016 02:50:00 PM,41.786192939,-87.701055579,POINT (-87.70105557902 41.786192938996),C,9,2016,14:15:00
34b368c1ad5149bf8171b4c9632e517d4bc518dd197da189b0623069cc10eec7a2d02fae7e9b1f7ea0f5efb5e90f4aefba19a73c24ae3d7f006cfa5b4d352f7a,2019-04-19 17:20:00,CLEAR,DAYLIGHT,DRY,NOT ON SCENE (DESK REPORT),04/19/2019 06:41:00 PM,41.898341319,-87.618057856,POINT (-87.618057855957 41.898341319021),C,4,2019,17:20:00
353406f4176280f5bf0f63656e457d27ed561a706ed8c43ed33bd10f4d0867a677449d57100795ace3bfaa6a2867f98dddea203699aa471cc2cc1adfdc60ca49,2020-06-14 09:25:00,CLEAR,DAYLIGHT,DRY,NOT ON SCENE (DESK REPORT),06/14/2020 09:40:00 AM,41.924490094,-87.717288131,POINT (-87.717288130979 41.924490093998),C,6,2020,09:25:00
345536a4b9920b995d22f3a6d79d50f1b6f1900141fae15d88fc23129112efee23ce9952328f223709fb4628d4b18890b1da679c6bc70511634bbdfa943df0cd,2017-07-12 08:15:00,CLEAR,DAYLIGHT,DRY,NOT ON SCENE (DESK REPORT),07/12/2017 04:05:00 PM,41.968759395,-87.670519772,POINT (-87.670519771961 41.968759395034),C,7,2017,08:15:00
348bc7178c4e50e328a82bb46ffcf4579006646d2ac4ab0827a8956184ed0a43d1408795b1abf486db19cd61f07e9e81feb785bf3f5a8d05fea73ba46835e14e,2019-11-08 20:05:00,CLEAR,"DARKNESS, LIGHTED ROAD",DRY,NOT ON SCENE (DESK REPORT),11/09/2019 11:57:00 AM,41.888399178,-87.623954282,POINT (-87.623954281953 41.888399177959),C,11,2019,20:05:00
35494df4cc99cc9efb84633f3aa700deb54b348c4209aeaacbd8545b4047b2b2c59e3d64a6846267d8146e5979f5e0f3a8581980444fe03073f05f9fbc35bc8f,2021-02-22 14:15:00,CLEAR,DAYLIGHT,SNOW OR SLUSH,NOT ON SCENE (DESK REPORT),02/22/2021 02:25:00 PM,41.967046018,-87.762406364,POINT (-87.762406363953 41.967046017956),C,2,2021,14:15:00
33eb5f4d053c148566ef016d32ba740b15fb7be39cbf191288c8ba5ec704d31b1f5b71657021f4dec5214b30853f058d51d945514f58f125cc1cb19941907632,2017-10-19 15:25:00,CLEAR,DAYLIGHT,DRY,ON SCENE,10/19/2017 03:30:00 PM,41.861508467,-87.694865557,POINT (-87.694865556976 41.861508466954),C,10,2017,15:25:00
358bcc365e1f38e435fd0acef91cecdce6909558a45cbe70abb9e8f6d2199bc7b6887916a3707b030f9bab3908994a9b0fa1f545cce2e231ebf4a751d6e0a0ad,2021-09-19 19:15:00,UNKNOWN,UNKNOWN,UNKNOWN,NOT ON SCENE (DESK REPORT),09/19/2021 08:40:00 PM,41.892207339,-87.638732966,POINT (-87.638732966003 41.892207338959),C,9,2021,19:15:00
34f10a803470f72df7aa36232e975fdd41c7f4dfb4438c9a2cc309be291d9f8f88bcc74bf515c1730936cec6eeac2d982477b1bcfbc543659540d0aea6c2b95a,2023-01-01 15:57:00,CLEAR,DAYLIGHT,DRY,NOT ON SCENE (DESK REPORT),01/01/2023 05:50:00 PM,41.792628542,-87.73309608,POINT (-87.733096079996 41.79262854199),C,1,2023,15:57:00
3503f986b680fa184215f87248d4c6ac7ef235f1d6d8a02f28dd10d0fd7085c33ad111f0d1bce087e45051d168db4bf78e57d94a35a1c0e831d5bc2917387a96,2018-09-25 18:30:00,CLOUDY/OVERCAST,DAWN,WET,NOT ON SCENE (DESK REPORT),09/25/2018 08:00:00 PM,41.888399178,-87.623954282,POINT (-87.623954281953 41.888399177959),C,9,2018,18:30:00
344fa3f52faf658112707d183626a77c48a4818b6e4f420d895569336ced28310f0b61d3bf19d99b4283499c0d2aa909e1a54572416e89c112f6d7388057ae41,2020-10-17 15:00:00,CLEAR,DAYLIGHT,DRY,ON SCENE,10/17/2020 04:50:00 PM,41.86334902,-87.65245901,POINT (-87.652459009985 41.863349020031),C,10,2020,15:00:00
35821d7eb5ee90a517351d749b418a623561992aa8de0c063e2833065ffd15a6c29288420dca15d2271bf6a470f41f240169e8381d3adda1a671cbea592a38fd,2018-12-27 12:30:00,RAIN,DAYLIGHT,WET,ON SCENE,12/27/2018 12:38:00 PM,41.854120263,-87.665902343,POINT (-87.665902342962 41.854120262952),C,12,2018,12:30:00
35d1ac033d36a0c4fd5556dc5d5d1cf3f58e925715d9cb0495812df1be4c50e690b743913c646518871d92ad810032d9d100aa295406affff733f2aedc4f9e6f,2021-03-20 01:43:00,CLEAR,"DARKNESS, LIGHTED ROAD",DRY,ON SCENE,03/20/2021 01:43:00 AM,41.773028656,-87.672383683,POINT (-87.672383682986 41.773028655975),C,3,2021,01:43:00
33f964389b598c790725141b6d97c02b8e6b01becdbc86036fa74fdf0b0bcd5b0666ddffcf3c1fa6bfaf8c5305cff9753b8e3fb00356fc193f5a5b25eddceb06,2016-01-14 13:50:00,CLEAR,DAYLIGHT,DRY,NOT ON SCENE (DESK REPORT),01/23/2016 03:30:00 PM,41.985976968,-87.78782345,POINT (-87.787823450015 41.985976968036),C,1,2016,13:50:00
3390ae433f7c118d5b0b14457ce15aa42e3d7e95eb80b67bc3202ab5691945b1454930d825a0c7494aa217fb8f694fdf8888ef920e13ddc1ac28620eecb3b477,2015-11-10 11:30:00,CLEAR,DAYLIGHT,DRY,ON SCENE,11/10/2015 11:45:00 AM,41.773455972,-87.585022352,POINT (-87.585022352022 41.773455972008),C,11,2015,11:30:00
35bbbd62fd507640246df14ff49556f59dc4d90876e71b99e5ac3daea82b757e0d30389018783f78004da798ac08a81c784b413eef92837a4462f6007d4eba7c,2019-04-20 23:00:00,UNKNOWN,UNKNOWN,UNKNOWN,NOT ON SCENE (DESK REPORT),04/22/2019 11:10:00 AM,41.860343721,-87.704313517,POINT (-87.70431351704 41.860343720962),C,4,2019,23:00:00
34363750b52bdded45dafdbb1bc9c6599be6a9ede75af8d6deb80902d5a3330fb9c62940d1aabb82a0a8e7f351d4a9779eb527f96c9e1d67b0a1a95752ba0d69,2021-02-23 14:00:00,CLEAR,DAYLIGHT,DRY,NOT ON SCENE (DESK REPORT),02/23/2021 02:15:00 PM,41.87301483,-87.753429815,POINT (-87.75342981496 41.873014829988),C,2,2021,14:00:00
3550c39dc5e3b17266a7b15eee6a8b0df35866939e17e3924a4ae701a64f0a8bf2b7297992743aa5e78a8ba18bb4d3fc3348767904226bc8d6f4ac390d19bd3b,2021-01-25 15:30:00,CLEAR,DAYLIGHT,DRY,ON SCENE,01/25/2021 03:36:00 PM,41.773407967,-87.57037243,POINT (-87.570372429966 41.77340796701),C,1,2021,15:30:00
35509452cc175d559a7167273f74a595d019be3ca06a0bc7628460ec729906c4eee7aa494420e5eaee83eea49f843077800c79361f44ef670fe847f513090a2c,2018-04-16 15:15:00,CLEAR,DAYLIGHT,DRY,NOT ON SCENE (DESK REPORT),04/16/2018 03:20:00 PM,41.945944152,-87.736151153,POINT (-87.736151152957 41.945944151974),C,4,2018,15:15:00
3453bbcc6ff023d4bea47733c11bd428cb21d4e0afe3dc77f59f01677d9e5afb52ebb37cd129dfc39be6569e47a5b8a6755b6730b9ddba6e157fd869ae4360d8,2022-04-26 17:58:00,CLEAR,DAYLIGHT,DRY,ON SCENE,04/26/2022 06:05:00 PM,0.0,0.0,POINT (0 0),C,4,2022,17:58:00
343d880e6668e28a50a7c2e885151e090d90ebcc9e1556db31d03b426188786f4f584284647ff1225ef58ab7bd94d0a27787c13171917ed7101a5ddace01334b,2018-11-10 14:20:00,CLEAR,DAYLIGHT,DRY,NOT ON SCENE (DESK REPORT),11/14/2018 12:05:00 PM,41.925276478,-87.653035266,POINT (-87.653035266043 41.92527647798),C,11,2018,14:20:00
3473074f31de6a1f5548fdeda0cd6492bcdf16e6eb264d1850769a2238b144ceefd394e304d8430369ee5bb36a56b3dcc5fe3dd11921db6c5148c8ce4dcfe548,2021-05-25 02:12:00,CLEAR,"DARKNESS, LIGHTED ROAD",DRY,ON SCENE,05/25/2021 02:12:00 AM,41.869457649,-87.743157599,POINT (-87.743157599033 41.86945764903),C,5,2021,02:12:00
35856f59bc79d9fde9bd5c33cec0cf7cc229e30680f0da6ad79ad9bcf499ff3f2499a7357ad91a02ac53f1b78f048b4ce8d84b09a34c5070e71356df011bab5c,2020-09-16 11:00:00,CLEAR,DAYLIGHT,DRY,ON SCENE,09/16/2020 11:00:00 AM,41.776087494,-87.683412333,POINT (-87.683412332996 41.776087494005),C,9,2020,11:00:00
36de6a2bc2df7cf1ff5cb07f1a0703b59638c4a704081263474ccff489fa709da46aa22d281f0ae37ae7732436c38fca241e39653332dedeecf4ebab4e74ffbe,2021-02-12 10:18:00,CLEAR,DAYLIGHT,DRY,NOT ON SCENE (DESK REPORT),02/12/2021 10:40:00 AM,41.861248347,-87.69560597,POINT (-87.695605970043 41.861248346977),C,2,2021,10:18:00
37bb9a08336fc48851fe37d83c732846ea5acdbab0f24236c42169f9d9b841d81ff1eab905d9f132f9d4b9cd2442bc1573cc742d1d2518368fbe6d55c00e0713,2023-07-17 14:00:00,CLEAR,DAYLIGHT,DRY,ON SCENE,07/17/2023 02:06:00 PM,41.741803599,-87.740953582,POINT (-87.740953581987 41.741803598989),C,7,2023,14:00:00
3673929c361e891c51885113280877584aa594074dc96afef7b018737e1f7245954814f45e4451aa0d5966690d44f2232af10b1deafc710a28aa0b690948f2f5,2017-05-05 07:40:00,CLEAR,DAYLIGHT,DRY,NOT ON SCENE (DESK REPORT),05/15/2017 01:15:00 PM,41.859744491,-87.664524033,POINT (-87.664524032969 41.85974449104),C,5,2017,07:40:00
38c0a6c83185ac1749b95afb83d3da241fa729f94b00e2ab6610580ab6d45e546624fb641897100da3c9a58fc25140a94e20ca915b0f4a792088aaa2f52c77d2,2018-06-12 16:00:00,CLEAR,DAYLIGHT,DRY,ON SCENE,06/12/2018 04:15:00 PM,41.898607736,-87.765435936,POINT (-87.765435935974 41.898607735996),C,6,2018,16:00:00
374f6b1015c247130402cbb805b35b6e4414c4d14f63f8352b9188d129eb96e404ae530af391f4968963fb284b9fb818428b89d8f075af171551264bfa1b2be8,2018-09-05 14:55:00,CLEAR,DAYLIGHT,DRY,ON SCENE,09/05/2018 03:01:00 PM,0.0,0.0,POINT (0 0),C,9,2018,14:55:00
37ca45622d1d2b1a508ec768c41d925de692ae93ff70379ab2f77b7f4c9f1e176a26d6d5fb33f3419bb5b8bd2a2ae9a52b456ff057119bc48709b6fb909c74dc,2019-05-14 04:50:00,CLEAR,DAYLIGHT,DRY,NOT ON SCENE (DESK REPORT),05/14/2019 04:54:00 PM,41.746513854,-87.737555747,POINT (-87.737555746991 41.746513854029),C,5,2019,04:50:00
38679e78d09c1e03189536de1bcc4e1eb41ed9ab1092d0234e88389e37eeae23ddfce2a98cf8a2e6eec3a80fb1eb7380a4f4e96998ae280a459dd6a96f713b72,2018-05-21 17:20:00,RAIN,DUSK,WET,NOT ON SCENE (DESK REPORT),05/21/2018 05:23:00 PM,41.928615792,-87.687920247,POINT (-87.687920247039 41.928615792006),C,5,2018,17:20:00
37279894fd76b44896cd8840395c1fff7060c0e9cc1ff89313c1c0f94337c4bde5c23d2a3b58637b15192a456a65fa3642d99628d5e01ac9649b8c55bf1898d0,2020-07-13 22:05:00,CLEAR,"DARKNESS, LIGHTED ROAD",DRY,ON SCENE,07/13/2020 10:11:00 PM,41.871952583,-87.763502356,POINT (-87.763502356028 41.871952582986),C,7,2020,22:05:00
368fb0890b53488243a7292a909a68c3fccd8567c43baa6bf44a336e0ace5939524d0e52001d0fed9f79038d0ccf145ff7bb1d35c1dcd6328b214a1a58975c70,2020-03-16 20:34:00,FREEZING RAIN/DRIZZLE,"DARKNESS, LIGHTED ROAD",WET,NOT ON SCENE (DESK REPORT),03/16/2020 09:30:00 PM,41.785198987,-87.769483699,POINT (-87.769483698961 41.785198986966),C,3,2020,20:34:00
37fd99198627ef65c0f9ef93bf973f4e3f10fb36eda68ac56943a5819770ff97ccea8b40a96d864acadba6c8a78363938194fe9d02d28336f69515086d92cc64,2022-11-29 14:40:00,CLEAR,DAYLIGHT,DRY,NOT ON SCENE (DESK REPORT),11/29/2022 05:18:00 PM,41.903536788,-87.661859583,POINT (-87.661859582959 41.903536788031),C,11,2022,14:40:00
373ee3d922fe91d4cd8190be07833ea015b7d87a317f68d5338761d7524c16e8518a84c878ef142d2e37a251bb1513bcf9fdcdff9420f92c687418d8627ab893,2022-10-14 08:57:00,CLEAR,DAYLIGHT,DRY,NOT ON SCENE (DESK REPORT),10/14/2022 10:20:00 AM,41.995579197,-87.675876884,POINT (-87.675876883986 41.995579196996),C,10,2022,08:57:00
38a5c197ad4997206725dcee8f72e76fa213fe7391220df577170812f9386f43e509860b99c199da3a8ce070b16a3f2fc6f91a2596a015878f787f2e62f15feb,2021-03-03 04:21:00,CLEAR,"DARKNESS, LIGHTED ROAD",DRY,ON SCENE,03/03/2021 04:21:00 AM,41.786517617,-87.67415763,POINT (-87.674157629953 41.786517616999),C,3,2021,04:21:00
37365c0c1ee365fb2b0eaf351cf4613db9a1210d2ff79487d3dbf5b1ab2f085e3f069d1ab5da7c15bde735caa64f5286a6051761e45fd0c8afbda10ff318fc17,2016-11-30 21:03:00,CLEAR,"DARKNESS, LIGHTED ROAD",DRY,NOT ON SCENE (DESK REPORT),11/30/2016 10:30:00 PM,41.794908912,-87.616471792,POINT (-87.61647179201 41.794908912028),C,11,2016,21:03:00
38246c74ddf1a8a43a95451e730a17ef43cf4bbc2bd597b825df055a8f2f840000ed65eaf32f4ffabd793429fd2ad8d857009c76c13375ea9fd4a650986ab992,2018-01-05 19:40:00,CLEAR,"DARKNESS, LIGHTED ROAD",DRY,NOT ON SCENE (DESK REPORT),01/05/2018 08:25:00 PM,41.891621161,-87.624253929,POINT (-87.624253929022 41.891621161011),C,1,2018,19:40:00
37f7099672e825e6fccdcab8af7df04402627d9bd81f58628532aef79c4801444df3dc35b2e57edb45f33ae9ab35c2a45ecfc373001ebb1c2c3f841db85b2850,2020-10-29 17:09:00,CLEAR,DAWN,DRY,ON SCENE,10/29/2020 05:11:00 PM,41.856701942,-87.651384148,POINT (-87.651384148029 41.856701941995),C,10,2020,17:09:00
387643f33f4c952465d6ba7a7c27840c399bec0cfa2967cb2ef8074e452e37c3dece3e20eb1d5564ddeadeff93da0a73b722277db81fc53b2784a7cdc91aa3df,2023-05-07 15:15:00,CLEAR,DAYLIGHT,DRY,NOT ON SCENE (DESK REPORT),05/07/2023 03:53:00 PM,41.96536159,-87.6655912,POINT (-87.665591199993 41.965361590026),C,5,2023,15:15:00
377e23daed59603433c05d20b16ec878fcd1c9d2ab96027c9cd1a02c334db9846bc3fd80488e7a25ca1232ad6a08a6cad4d4c4247413f32f9f6f98115e0c0f08,2018-09-14 17:30:00,CLEAR,DAYLIGHT,DRY,NOT ON SCENE (DESK REPORT),09/15/2018 12:20:00 PM,41.875187144,-87.640922569,POINT (-87.640922568976 41.875187144024),C,9,2018,17:30:00
36508ffd66381af902bbd0959b482ea60d45bb5f5b71c15070438d38069def545053f9c6571958a9dacd2fa0b586e57fa843e272a2b3247b71274a98b14d03b7,2022-06-22 12:47:00,CLEAR,DAYLIGHT,DRY,ON SCENE,06/22/2022 03:29:00 PM,41.843952777,-87.738047625,POINT (-87.738047625035 41.843952777003),C,6,2022,12:47:00
36ec71e83160b81af96b18d1bd9f1ea45f2b24ae302382fb5805c9770a5fc30e8a9bcbb3b1286f10de377ce61d7e557ddb0b2028c1cd35762512244560554d3e,2022-04-29 16:00:00,CLEAR,DAYLIGHT,DRY,NOT ON SCENE (DESK REPORT),04/29/2022 04:30:00 PM,41.975785113,-87.714994976,POINT (-87.714994975991 41.975785113021),C,4,2022,16:00:00
387c81beda6c79fe71ad062be0d9cbd88039c6dba9d66191a8074c3a49122e9da64f52647e1069926d90e1f9b3c02fad9f3391645ada159801351cb5ba1ac8b6,2022-05-14 23:16:00,CLEAR,"DARKNESS, LIGHTED ROAD",DRY,ON SCENE,05/14/2022 11:16:00 PM,41.722153023,-87.604249905,POINT (-87.604249905024 41.722153023049),C,5,2022,23:16:00
38364f9f0c267973cfce3fc1701b56daab854c5b594864c26996d6d6f7c33a9e3e3d09c8280895a2dc7c5f0f72ac6edcff3bd783b7d4ef150736fea4eec8a79d,2022-05-03 12:00:00,CLEAR,DAYLIGHT,DRY,NOT ON SCENE (DESK REPORT),05/09/2022 02:03:00 PM,41.903536788,-87.661859583,POINT (-87.661859582959 41.903536788031),C,5,2022,12:00:00
36881215974c5d6d45e65793b7e517e29321fcddd261e228c3117054027b90431e1853f8ad674bc285057c796f4444d2e556417c9540f255991b49d056b9deb5,2023-02-06 14:19:00,CLEAR,DAYLIGHT,DRY,NOT ON SCENE (DESK REPORT),02/09/2023 12:30:00 PM,41.958986951,-87.933993929,POINT (-87.933993928974 41.958986950953),C,2,2023,14:19:00
370276bce767a84290618f15bb1d04215a9d1db9e02f7534d0fbbe62259404e74f1586c4e7fbe175f42321855477be402ed9917947c0420df194a794c6f2a5e1,2022-07-14 00:20:00,CLEAR,"DARKNESS, LIGHTED ROAD",DRY,ON SCENE,07/14/2022 12:24:00 AM,41.951601115,-87.723734808,POINT (-87.723734807961 41.951601114998),C,7,2022,00:20:00
37c38f0b443caedb11b2051827dfcc6f8ddb2cc0cdbc8ba27d4f07ebd84f32a87f429f36022cad3c935a85633b349c229a353e25b2b8316cf3df67017881b714,2017-02-10 11:05:00,CLEAR,DAYLIGHT,DRY,NOT ON SCENE (DESK REPORT),02/10/2017 12:00:00 PM,41.738148972,-87.604720212,POINT (-87.604720212036 41.738148971951),C,2,2017,11:05:00