CRASH_RECORD_ID,CRASH_DATE,WEATHER_CONDITION,LIGHTING_CONDITION,ROADWAY_SURFACE_COND,REPORT_TYPE,DATE_POLICE_NOTIFIED,LATITUDE,LONGITUDE,LOCATION,CRASH_TYPE,CRASH_MONTH,CRASH_YEAR,CRASH_TIME
37278a14b5afa73c795b2dff9d96fece6942cd8ce7c821b191c74af89a2946cbe1d8ac2e75829f5071eaf9a226d9556e3f7559e4aa3e58a09933b6449ce14ecc,2022-09-11 15:36:00,RAIN,DAYLIGHT,WET,ON SCENE,09/11/2022 03:38:00 PM,41.866501191,-87.686157599,POINT (-87.686157599021 41.866501191036),C,9,2022,15:36:00
37e5c9f28953fd34509b0e88bcfeb87a20ff3868f6a9f8caad0189e215031f5cd62e34f08f07cfeb644f8b192aafed37ac8603e0283342d16ca01045c8fbfeb9,2019-09-21 18:24:00,CLEAR,DUSK,UNKNOWN,ON SCENE,09/21/2019 06:25:00 PM,41.976534052,-87.768327467,POINT (-87.768327467035 41.976534051981),C,9,2019,18:24:00
366085e8ba135d91210df497fa08b10be5cc1958d14d0d2337eb490cd5f7c506490ac278989fdcef9bda05978551f3881ab7f3fabc262fbcfcde04ef329a02f5,2018-02-02 15:05:00,CLEAR,DAYLIGHT,DRY,NOT ON SCENE (DESK REPORT),02/02/2018 03:50:00 PM,41.721256457,-87.643062482,POINT (-87.643062482016 41.72125645696),C,2,2018,15:05:00
3664324ce432ccf703de39d948f3ae1b849e048dfcbc6b9c2e3ef932f1825802f2bf91bacbc51c9f784e5c9d3edc2ea17632f032428bbdf05e309c21f1dbf246,2023-01-22 17:00:00,SNOW,"DARKNESS, LIGHTED ROAD",WET,NOT ON SCENE (DESK REPORT),01/22/2023 06:15:00 PM,41.705916515,-87.594129048,POINT (-87.59412904802 41.705916515013),C,1,2023,17:00:00
37e5fcc1cbd3c6042a172911f98cc17fdd37b8f3c0360d2766544cf9f64aa08de4e23447cd20327ccc6dcb371a5b9d3891f1373f4feb27e2922f891772f0c6c2,2020-05-29 18:31:00,CLEAR,DAYLIGHT,DRY,ON SCENE,05/29/2020 06:40:00 PM,41.81631234,-87.640722222,POINT (-87.640722221958 41.816312340014),C,5,2020,18:31:00
37eadb2448aabaacb49224df260d50070b8107ee85320df1ccd1f565d1fd82349588d908430085aca24e220bfaf5c7fda04e1a8dbee99b50df0b4fbc4480580c,2019-06-13 20:20:00,CLEAR,DUSK,DRY,NOT ON SCENE (DESK REPORT),06/13/2019 09:15:00 PM,41.884516857,-87.647390682,POINT (-87.647390681951 41.884516857046),C,6,2019,20:20:00
381594662b5abb380b0673b700a3769677b552cb1d771e6f7c9dd9b0251ac2309c8b92814082d83f51f9b0c53fec6fda3e6881f04099a47d79696a51942f1f92,2020-03-06 13:18:00,CLEAR,DAYLIGHT,DRY,NOT ON SCENE (DESK REPORT),03/06/2020 01:35:00 PM,41.958986951,-87.933993929,POINT (-87.933993928974 41.958986950953),C,3,2020,13:18:00
38dbe5e8582670da3f818ee5c4034046376548849469446c6e50cdfe99477737004aa8d123be0d1e38ef59046aaa765d2c82d8517bbc5f2b09be20858285c308,2018-12-09 01:36:00,CLEAR,"DARKNESS, LIGHTED ROAD",DRY,ON SCENE,12/09/2018 01:40:00 AM,41.885719361,-87.627792462,POINT (-87.627792461951 41.88571936101),C,12,2018,01:36:00
36d400110e8cb67a7bcb390129d69f4edc3e76219c6ddf0a26a7d08d023a1ed638e873827c2642a5a817aa8e283d5f11def6253582fce87a417c37f9aa8376fa,2022-10-03 07:55:00,CLEAR,DAYLIGHT,DRY,NOT ON SCENE (DESK REPORT),10/05/2022 03:05:00 PM,41.894790473,-87.759400091,POINT (-87.759400090958 41.894790472985),C,10,2022,07:55:00
376f291cb62dd07b0bcfe64464ea2e60a1a3613e20ccc273b7cc21756f26c1c8d3463369cda61592e033d52442ed2fc8ae099117914d495fe8fb7fdc9242f81f,2020-02-07 05:06:00,SNOW,DAWN,SNOW OR SLUSH,ON SCENE,02/07/2020 07:01:00 AM,41.940857342,-87.812810318,POINT (-87.81281031798 41.940857342014),C,2,2020,05:06:00
36c417bec6e923a04154e4192226eec6a3a8a601d61fa0e837ba82e92668f6c84515381edb55e30b9a0346f98ebfc57a3d2c717ba50c111eb7028c53d22c1c7f,2020-06-26 15:00:00,RAIN,DAYLIGHT,WET,NOT ON SCENE (DESK REPORT),06/26/2020 04:00:00 PM,41.789542093,-87.601115068,POINT (-87.601115067998 41.78954209303),C,6,2020,15:00:00
3735a2b6689728d5adb43241d675d6c5c67bd423cc9b3699ae3211cf8a916f6297f2389a836c49902c4a3504d17cebe7ef466997918e0187b462cfd0de480ee4,2018-03-19 20:00:00,CLEAR,"DARKNESS, LIGHTED ROAD",DRY,NOT ON SCENE (DESK REPORT),03/19/2018 10:22:00 PM,41.855630065,-87.625415361,POINT (-87.625415361031 41.855630065016),C,3,2018,20:00:00
3657d571c87c079f27dadb6a53f22faa3b9a4d604acea7c445aff6fc795c53a60a398aeed96663144a9daeb8c81157dccde179fb422251251188f4bf5a99be90,2021-10-08 01:54:00,RAIN,"DARKNESS, LIGHTED ROAD",WET,ON SCENE,10/08/2021 01:56:00 AM,41.847477765,-87.617218167,POINT (-87.617218166986 41.847477764972),C,10,2021,01:54:00
37476c44304f313ff5ff130b30ac5b426160b4ee334abaeeb5cf3bd65c78c4b195298d88b1da97acf6664b5b93d3027158cd8424a44a8e5da0d22123c506ed7f,2021-11-23 09:55:00,CLEAR,DAYLIGHT,DRY,NOT ON SCENE (DESK REPORT),11/23/2021 10:10:00 AM,41.907855981,-87.730973395,POINT (-87.730973395034 41.907855981022),C,11,2021,09:55:00
3846df8d652aa0e77aba86458a9b917dd0e19cde43b4cf16ede69b244a592124fe8313f1cf11add2df68da0c8fa34759eb8146223831d872e1a6c5d01ce7bf74,2020-10-15 18:00:00,CLEAR,DAYLIGHT,DRY,NOT ON SCENE (DESK REPORT),10/15/2020 06:20:00 PM,41.741374167,-87.721506394,POINT (-87.721506393957 41.741374166961),C,10,2020,18:00:00
38c963d88a2390cb2101e0d4004fa9529b09a99fc5ffa37f4272ace9996129d0e3a6a97015a83bed7a1866b6be2d524e2fb8201d713d3a22369edd4451271720,2018-05-03 15:00:00,RAIN,DAYLIGHT,WET,NOT ON SCENE (DESK REPORT),05/03/2018 03:03:00 PM,41.905612968,-87.755999739,POINT (-87.755999739032 41.905612967973),C,5,2018,15:00:00
373359fe2110dcea5617a945c023c6c14a5d47e9279fa43fd07631914f77c869134eaab05fc4510ba006a49a3d8e40722f5756485e2dec7294a2ec98b99e5d17,2018-05-13 17:25:00,CLOUDY/OVERCAST,DAYLIGHT,DRY,ON SCENE,05/13/2018 05:26:00 PM,41.744151639,-87.585945067,POINT (-87.585945066953 41.744151639042),C,5,2018,17:25:00
382de8ca54dc67ec8409fcdad3eec6236c51c0c4994c388d17e4d181caa44c9a1ad74444434b43a9c57a9075253460e5b569980037d439406ddfaea6c5da8df9,2021-04-15 07:30:00,UNKNOWN,DAYLIGHT,UNKNOWN,NOT ON SCENE (DESK REPORT),04/15/2021 08:30:00 AM,41.917103631,-87.687248767,POINT (-87.687248767006 41.917103631009),C,4,2021,07:30:00
36bd1db52e63896dc0bcf8ab9c8d3684e1f792c4191b4752c5e862092874c18631b2770aa199806fbbf543b1232500cb083c251eb98e915e8878c96480dd7fb5,2017-10-16 15:41:00,CLEAR,DAYLIGHT,DRY,ON SCENE,10/16/2017 03:48:00 PM,41.817683733,-87.6650402,POINT (-87.665040200043 41.817683733038),C,10,2017,15:41:00
386aaed98ce91d002b894cc6826847d23a55a0e70b39e9d50e7689568c8b45df3732779aeb00780597633fbb529287ebbe445cfdaed6755ba01cb1ac1af9e3da,2017-08-06 20:30:00,CLEAR,"DARKNESS, LIGHTED ROAD",DRY,NOT ON SCENE (DESK REPORT),08/07/2017 12:40:00 PM,41.709453774,-87.690494902,POINT (-87.690494901977 41.709453774026),C,8,2017,20:30:00
39078a21917627d5aa0fbd3c320e83b8efb9b6758d87c9155bebaa013d57d27a21b64e7852824994eaa43979b5d1b6182e1858d52020192258e15091029d275e,2017-12-22 12:56:00,CLOUDY/OVERCAST,DAYLIGHT,DRY,ON SCENE,12/22/2017 12:56:00 PM,41.741916078,-87.731527894,POINT (-87.731527894011 41.741916078034),C,12,2017,12:56:00
3711a8b61e5ef1a918df2f39eadd35650e94035f1295fc178c899a32f4f723109127cbc1f4a03c63c06a0bffec4517ec66ac442dae9809eea8d2cc6dc6575e8e,2022-04-24 12:45:00,RAIN,DAYLIGHT,WET,NOT ON SCENE (DESK REPORT),04/24/2022 01:20:00 PM,41.693015814,-87.701024776,POINT (-87.701024776006 41.693015814018),C,4,2022,12:45:00
390e5c5b5da5205d73d9efbc90636160bcd0d6a4fa4c8831fec2e246d73b1bb78e7c5a3ab0c92ac84060b8d5734edbf6cee8a5c92d81acadc16392e43537765a,2019-03-08 05:51:00,RAIN,DARKNESS,WET,ON SCENE,03/08/2019 06:08:00 AM,41.866501191,-87.686157599,POINT (-87.686157599021 41.866501191036),C,3,2019,05:51:00
3747d156ee2eea475b334fa46a42cc481c72b1c53a1442d3b2a86e74c5892738d099a96ca677d252bdbe2fff462578fd4ba79a43096a33b69f088973e859ab96,2022-05-16 16:12:00,CLEAR,DAYLIGHT,DRY,ON SCENE,05/16/2022 04:14:00 PM,41.759563648,-87.663788589,POINT (-87.663788588964 41.759563648043),C,5,2022,16:12:00
36ba02b922c459d2a01a8cc68569c5a800cdddc59bb12d0a609735da561067f3c1fc93eb0f1dfbc9a174238b53621966dc1d94f6a9ab52921e915ddff58ecaf3,2019-06-04 17:30:00,CLEAR,DAYLIGHT,DRY,NOT ON SCENE (DESK REPORT),06/05/2019 10:13:00 AM,41.673401606,-87.633195466,POINT (-87.633195465966 41.673401605975),C,6,2019,17:30:00
389f83c33660df840a32d83ca23d72050e2333be6dd3a631268e7e50a6b54f2987976be8388db3fc002502a3752bd89696656a32f99d6ded80d5571f8f961148,2017-06-03 12:00:00,CLEAR,DAYLIGHT,UNKNOWN,NOT ON SCENE (DESK REPORT),06/03/2017 01:20:00 PM,41.896393332,-87.654686711,POINT (-87.654686710965 41.89639333201),C,6,2017,12:00:00
386e01731426ce4ab9809f9a9fa97bab096bc636bbe2e5099b507ea577ba1ad3ef34a45cc8479e3c7c98acb9c462ff195d80b41e4efc6e6422590df06d9c917e,2017-11-20 01:30:00,CLEAR,"DARKNESS, LIGHTED ROAD",DRY,NOT ON SCENE (DESK REPORT),11/20/2017 01:40:00 AM,41.903825234,-87.64328636,POINT (-87.643286359995 41.903825233976),C,11,2017,01:30:00
37211a0302690dec9b15e48d25a700f4addd96aa7237345a3854bf480a19df2ca448d158a83d79b1656c0ce82982564ecd360063fcf138c3ab107239bfaf6c75,2020-05-09 10:44:00,CLEAR,DAYLIGHT,DRY,ON SCENE,05/09/2020 10:46:00 AM,41.8820229,-87.637081412,POINT (-87.637081411989 41.88202289998),C,5,2020,10:44:00
36c3f4027888c32bd70c4c9077f65559a34de0ef98e515e4ac95f8d9af1a5e3ac4e0ec7b543c151f8b83c671df39275a7731b507c5ab6a230bfc87f2766ae5bf,2021-08-03 14:20:00,RAIN,DAYLIGHT,DRY,NOT ON SCENE (DESK REPORT),08/03/2021 03:30:00 PM,41.821872443,-87.62140658,POINT (-87.621406579964 41.821872443028),C,8,2021,14:20:00
3793fd23f0fb1d38440784c535da0c38fe94e0f22e43f045a79cbc53f0ca8fce4095c04cd73ae8e89e7765e78b3991acc4bfd83d2f40fcc91c09c94246720a3c,2020-08-31 22:58:00,CLEAR,"DARKNESS, LIGHTED ROAD",DRY,ON SCENE,08/31/2020 10:58:00 PM,41.964611566,-87.688634568,POINT (-87.688634568004 41.964611566013),C,8,2020,22:58:00
385ccd3bb296bf35e18df2fdaffe254fe0b8324c7cd2272cb715088e3b03f78638a36e0bfb5d90157c84c73992b085624f3c74f7bb4882a874c2ddc44a661428,2021-10-31 10:05:00,CLEAR,DAYLIGHT,DRY,NOT ON SCENE (DESK REPORT),10/31/2021 10:40:00 AM,41.968353784,-87.727891335,POINT (-87.727891334988 41.968353783982),C,10,2021,10:05:00
39052f3eb50adcad422f2228b55f259ac23bb1b3c2fb6141b2cab5e58490e9cbdd524ed0454702a64e5622b64ed0290ac961db66b8552fc8dcccd4fb15b467d0,2022-10-22 12:00:00,UNKNOWN,UNKNOWN,DRY,ON SCENE,10/22/2022 03:30:00 PM,41.910549085,-87.631503251,POINT (-87.631503251016 41.910549084995),C,10,2022,12:00:00
37ca2e8a343bf2868448f2848e5c83f037c09e4216823a6790127962d7708aaf733a580917586831a1cce2f4545d5f339006e3ed03296e1e5030974f97e1046f,2020-07-20 13:45:00,CLEAR,DAYLIGHT,DRY,ON SCENE,07/20/2020 02:45:00 PM,41.866501191,-87.686157599,POINT (-87.686157599021 41.866501191036),C,7,2020,13:45:00
38dd22684422483285eadc68171367dff11ea1a397b72766bc5f62d7ed486242f2c0426d5a7d864213b375936f2a4972c7dda4c208a5d83393dd2ad9c69af2ff,2017-06-22 17:00:00,RAIN,DAYLIGHT,WET,ON SCENE,06/22/2017 05:44:00 PM,41.903639931,-87.65554697,POINT (-87.655546970003 41.903639930952),C,6,2017,17:00:00
37731f93eb0eff90a43cd69c89536580da87c58a3ff6ade1b69f58103afbe97aabec398fa1b76c283a263cad637157c3cf53bc04d2f6f4918d2a3e7163366d6e,2016-05-04 09:10:00,CLOUDY/OVERCAST,DAYLIGHT,DRY,NOT ON SCENE (DESK REPORT),05/04/2016 09:54:00 AM,41.910947364,-87.662496481,POINT (-87.662496481 41.910947364041),C,5,2016,09:10:00
3756770f20db34771c86039b1f84748c094cf103da2827a89913c7c7977a636a1826a8c54cba57e1724c3e3c103bc807bc5106ebb1f79870e5d20547970d9ba1,2022-04-13 16:15:00,RAIN,DAYLIGHT,WET,NOT ON SCENE (DESK REPORT),04/13/2022 04:40:00 PM,41.990024694,-87.728708871,POINT (-87.728708871015 41.990024694008),C,4,2022,16:15:00
3908b25b1f073b4eaad55e11ae5b338563509e64e7ad9f3198b23cf8d86ae4f72fb5a31570d38f1948cf25868a0c992d6fa979dcad691f2794f744616a035e83,2021-01-20 10:00:00,CLEAR,DAYLIGHT,WET,ON SCENE,01/20/2021 11:25:00 AM,41.917146981,-87.743558201,POINT (-87.743558201019 41.917146980983),C,1,2021,10:00:00
388bdea638eb7f5f66dd0a497845cb193671396a43a272d715de72b8beff7d32c40a7f88e3eca455ff9e530549bdd8d9c1964a55e42496e4b33f1b3f31a9b95e,2018-09-18 17:45:00,CLEAR,DAYLIGHT,DRY,ON SCENE,09/18/2018 05:45:00 PM,41.945072863,-87.668958318,POINT (-87.668958318021 41.945072862978),C,9,2018,17:45:00
384b5aa39608b84f0d8f610d36c0577f5b0290c13140ae08017254a0ffbedf822f2b0b1d5d3f31b0a05fe4340140c225a2d8d9dcb3e789ebe45fb131d80fce54,2020-07-14 16:30:00,CLEAR,DAYLIGHT,DRY,ON SCENE,07/14/2020 07:42:00 PM,41.850644811,-87.681780443,POINT (-87.681780442989 41.850644811027),C,7,2020,16:30:00
365113cc2bc26efc27700fc6e7d2988c1dcba533ce33b488753cd051ff31f1829d5b7d5b8a25ab5943ee756bfaea096d3b550279743c52118b62ab505c83d854,2018-03-02 13:55:00,CLEAR,DAYLIGHT,DRY,NOT ON SCENE (DESK REPORT),03/02/2018 09:15:00 PM,41.997167934,-87.71860728,POINT (-87.71860728001 41.997167933953),C,3,2018,13:55:00
38d7e6923afd2a3fb3e8207bc32b24ce50cdbab735fd821b30fc08594d916d31624942785f750954877518e08b8fc1cc1b1ddc65e5a3cb99d570f790f79f39fb,2017-10-10 08:00:00,CLEAR,DAYLIGHT,DRY,ON SCENE,10/10/2017 12:56:00 PM,41.877152911,-87.729111894,POINT (-87.729111893958 41.877152910988),C,10,2017,08:00:00
37f8a0b2e0e23173e81fb969384738c46f7aac839a627a64cff017463fa873db1f8ee2daf5ba92c6e6e5bd34fb18047a3989bffa3c96773290d0a2aec845c9c0,2022-11-23 19:55:00,CLEAR,DARKNESS,DRY,NOT ON SCENE (DESK REPORT),11/23/2022 09:30:00 PM,41.895088594,-87.721032221,POINT (-87.721032221046 41.895088593981),C,11,2022,19:55:00
3809b51c9234002b0d4e6b7514ba19b281c3c553c1edb8dcd48100b2857a5025c459fcf71b5563b3e8c5e1d1a7885f171e2fea764e7f2ebde985ec738b3786f9,2023-02-05 00:49:00,CLEAR,"DARKNESS, LIGHTED ROAD",DRY,ON SCENE,02/05/2023 12:49:00 AM,41.902082792,-87.760864427,POINT (-87.760864427018 41.902082791979),C,2,2023,00:49:00
37500a919fc5b98cf704be83bd9271893a1fbdf3c217a2545c740b01fd459acbfdd2b818d8ffbb6c3b3455d1d0cce9eb99653200d698b26ce1500df5b111a790,2023-07-27 07:00:00,CLEAR,DAYLIGHT,DRY,NOT ON SCENE (DESK REPORT),07/27/2023 11:15:00 AM,41.739343359,-87.595108858,POINT (-87.595108858015 41.739343358964),C,7,2023,07:00:00
3b1977a381c2ec0e265157aa3e6ebaff0cbdb10ad9d606f065e7094dcabf78a20832f1f897176c33d755a6f461bef296f2316523e1b29889920ba600c2d9db60,2018-06-05 15:40:00,CLEAR,DAYLIGHT,DRY,NOT ON SCENE (DESK REPORT),06/06/2018 09:58:00 AM,41.8764808,-87.759928647,POINT (-87.759928647027 41.876480799955),C,6,2018,15:40:00
3a783e1104712689e7f6b5150528d8f89d8ea5d91a7bd31f10cd1a39ce272b0bf9e8bbd1dcd5f6962ac67a4f6d81f607698dc84eda584af482c2c5c354d2626e,2017-08-12 18:45:00,CLEAR,DAYLIGHT,DRY,ON SCENE,08/12/2017 06:55:00 PM,41.779464804,-87.729033822,POINT (-87.729033821963 41.779464804011),C,8,2017,18:45:00
3b2177c2e56a67848b2a32567504706068704d2813d4c996ce429431223380271ff002b2ae0d5f8dfe029f92338dfeb82202a21a094637790d433b0a83f72f45,2022-02-08 12:30:00,CLEAR,DAYLIGHT,DRY,NOT ON SCENE (DESK REPORT),02/09/2022 10:30:00 AM,41.809781151,-87.594212812,POINT (-87.594212812011 41.809781151018),C,2,2022,12:30:00
39b0a1b20045754e72d46c20731ce27c0c1507b907830d5f45a8f30cdb7da3d73c6ee186b13ece14606e1572079dd138f4f125e1eaa2ecf3e92c93f73c1a4a67,2022-11-28 09:40:00,CLEAR,DAYLIGHT,DRY,NOT ON SCENE (DESK REPORT),11/28/2022 10:11:00 AM,41.794908912,-87.616471792,POINT (-87.61647179201 41.794908912028),C,11,2022,09:40:00
3bb065d628946dff3446f14cb1677e8ebfac32bed2d81be8205c8431bb9edf57de36c4fc780cb33ec4cd672b9c89f1e711d2139f2dea1bd6baa8ffba6292d5f8,2017-05-28 12:00:00,CLEAR,DAYLIGHT,DRY,NOT ON SCENE (DESK REPORT),05/28/2017 12:43:00 PM,41.924490094,-87.717288131,POINT (-87.717288130979 41.924490093998),C,5,2017,12:00:00
3aa86f04456b46a9eeb3e26581b2052409954226b6784eaec99a859dd5266cb230d594fe789883381ac53eebca1d561177362efcac2a9a1e86240c38d1eda36e,2018-12-08 20:35:00,CLEAR,"DARKNESS, LIGHTED ROAD",DRY,ON SCENE,12/08/2018 08:43:00 PM,41.75250718,-87.615133937,POINT (-87.615133936979 41.752507179964),C,12,2018,20:35:00
3a621f68dc31714efbc1c709f6833ed456be1e517e2fca50824e22a118dc0ba46a5712777f42086ddda2c787071d73e00c491d5ae3e589befc93a3849065ec3e,2023-04-15 01:54:00,CLEAR,"DARKNESS, LIGHTED ROAD",DRY,NOT ON SCENE (DESK REPORT),04/15/2023 12:48:00 PM,41.896737923,-87.620221354,POINT (-87.620221354034 41.896737923045),C,4,2023,01:54:00
3ae05abf968b8a95f6da131615131426024abdfad377de17d70b0234a9eb66fac55074dbf9df586fa18ff837234a589aafcfd5392cac5249d3873b230b853b36,2021-06-15 14:00:00,CLEAR,DAYLIGHT,DRY,ON SCENE,06/15/2021 02:20:00 PM,41.744151639,-87.585945067,POINT (-87.585945066953 41.744151639042),C,6,2021,14:00:00
3994f6bec27e376e8289f58b9b5b3f25be956c585c73b53279456be65d005a4d1872a163dd0d8e12a8e8107b8c437a409f9606b79296f68221dcdecb2fa1bfc3,2023-02-25 10:02:00,CLEAR,DAYLIGHT,WET,NOT ON SCENE (DESK REPORT),02/25/2023 10:30:00 AM,41.800664749,-87.644231536,POINT (-87.644231535957 41.800664748974),C,2,2023,10:02:00
39b2053e2c97db89f7c26f0de3f0bc6bfaa26d853e45e43056970be97eddd75ca79d742bd0c8d5b109f8d9f2f34b051abc8ff8b55ee66031d9350ec874c40425,2018-07-03 18:53:00,CLEAR,DAYLIGHT,DRY,ON SCENE,07/03/2018 06:54:00 PM,41.776461756,-87.654267851,POINT (-87.654267850987 41.776461755976),C,7,2018,18:53:00
394fa0d49aafb6503c1b0b021837d541d4be29d57e8b146602e6585b84d79844a0331184b50f2bba466b17d7e0838b72e236395cca5fbb65b6fa50c1c3a53854,2022-06-19 12:45:00,CLEAR,DAYLIGHT,DRY,NOT ON SCENE (DESK REPORT),06/19/2022 02:07:00 PM,41.902815701,-87.717648644,POINT (-87.717648643968 41.902815700998),C,6,2022,12:45:00
3961a3291059d08c9f3fccac242d67678ed62f4211cdf511f1c66422a7650857a548784e88ae371d7f1e0d1583e720d0cf908055a4b82c309c4c214232642c20,2019-07-29 01:52:00,CLEAR,"DARKNESS, LIGHTED ROAD",DRY,ON SCENE,07/29/2019 01:54:00 AM,41.751124945,-87.620853242,POINT (-87.620853241961 41.751124944981),C,7,2019,01:52:00
3930235ccd35d58c6c49defc5ef70135eb892f33ab7822b923d2e59ee30275ab5e5c908c2fd0287c9b00b280d2d77265408cbf3dc240ab64fda011ce93402c04,2023-02-13 18:01:00,CLEAR,"DARKNESS, LIGHTED ROAD",DRY,ON SCENE,02/13/2023 06:01:00 PM,41.659687315,-87.583621707,POINT (-87.583621706984 41.659687315045),C,2,2023,18:01:00
3b6af21e3a5f1b1883407f37b37ca59c9c54e8b37c019fdffecf8b35b4f2cbc9a02b042039ed8f2e9ad8043275a740a9d9133fe8ee2bed8c66b3760060fbcea8,2021-09-11 14:00:00,CLEAR,DAYLIGHT,DRY,NOT ON SCENE (DESK REPORT),09/13/2021 12:00:00 PM,41.659687315,-87.583621707,POINT (-87.583621706984 41.659687315045),C,9,2021,14:00:00
397b049ac1a42d40cc2d2dc34bb30680a06db2abd8ca7365472f3871817c9be636f7f0503a29dcf35c02608536df552020d7fe3bd2d75887f91ed3a192a95bc0,2020-06-07 09:53:00,CLEAR,DAYLIGHT,DRY,ON SCENE,06/07/2020 10:19:00 AM,41.910202458,-87.708596992,POINT (-87.708596991994 41.910202457983),C,6,2020,09:53:00
3bd416331dc4afb46dbff734b087e691168461f84845ca7c2e834671356b005e513d1b5985bcb235f2bd77bbb81fdf0febacd8c82e7ca0b51daea3bffc2f48d8,2015-10-10 21:00:00,CLEAR,"DARKNESS, LIGHTED ROAD",DRY,NOT ON SCENE (DESK REPORT),10/10/2015 10:20:00 PM,41.920831463,-87.71702116,POINT (-87.717021159967 41.920831462995),C,10,2015,21:00:00
3b025508d23727affee27fa1c802fbf6bfd55c57b0f01c554cb8c1319a6afa275ab5c1c8e2d1244dbc48a4e6ddeff619c52a602186518dc5233a5123db24713c,2022-12-04 05:07:00,CLEAR,"DARKNESS, LIGHTED ROAD",DRY,ON SCENE,12/04/2022 05:08:00 AM,41.769372325,-87.619395893,POINT (-87.619395892974 41.769372324993),C,12,2022,05:07:00
3bc464dbe5c0d71c751d921951e8ce19bab83abde6bb2e96681dd9276870988885e348f523636ab1f421384ba7c4cc0ff5c9b90f943be9bf6261695afdd227eb,2022-02-16 16:00:00,UNKNOWN,UNKNOWN,UNKNOWN,NOT ON SCENE (DESK REPORT),02/17/2022 08:50:00 AM,41.993713102,-87.68374645,POINT (-87.683746450032 41.993713102015),C,2,2022,16:00:00
3a4759b6c96576167e6196af6cf7fbce97b33b3b7de0fea3b6fc1a7dd3cf6570c8c06c1cded12fe36f2e2497e84536c7c2a439ed56ac44e99ac02d344a44d284,2016-03-17 20:30:00,CLEAR,"DARKNESS, LIGHTED ROAD",DRY,NOT ON SCENE (DESK REPORT),03/17/2016 08:58:00 PM,41.7781217,-87.771650073,POINT (-87.771650073038 41.778121700016),C,3,2016,20:30:00
3a21bae1677fccb1c3e2660193f441c1a4d6aa32be268114759f15d1dfa77b546e205fdf11c2e97d013c54ff2fd37bc9c5cd4199cb7f2fb265034f62f59addfc,2017-11-03 22:30:00,CLEAR,"DARKNESS, LIGHTED ROAD",DRY,ON SCENE,11/03/2017 11:10:00 PM,41.774769826,-87.785387142,POINT (-87.785387141971 41.774769826043),C,11,2017,22:30:00
3b80d33e6456df93e992fd06a01de2d705fa1c06a2e52d4702efac6178967fd19dbb092d2462d188f098c9920a091c46fed379e5f75a98b644175eb0a7ef12ef,2018-06-24 17:25:00,CLEAR,DAYLIGHT,DRY,ON SCENE,06/24/2018 05:28:00 PM,41.957216712,-87.713164018,POINT (-87.713164017999 41.957216711963),C,6,2018,17:25:00
3a1d04f278845e37dc9436b4880d73dd2ff48d7fc4d28a64d46c605578bf78a40b302dfd51e236eea5ef9d384f9c229bad382c7fd2843e7a250df569e81d64b2,2019-06-13 08:30:00,RAIN,DAYLIGHT,WET,ON SCENE,06/13/2019 11:00:00 AM,41.72562524,-87.558202469,POINT (-87.558202468955 41.725625240032),C,6,2019,08:30:00
397bf39f12aa544237826debdbe0eccc29f582e1c1a29b289898024ac517cb6940170c0757ad3856c427edb77fc540c444558c62a7fbe8e47c1991093e6ad8cb,2021-04-24 14:30:00,CLEAR,DAYLIGHT,UNKNOWN,NOT ON SCENE (DESK REPORT),04/24/2021 03:30:00 PM,41.809572517,-87.611394621,POINT (-87.611394620986 41.809572516992),C,4,2021,14:30:00
3966d164f31427dd372bd7a410284b3c4aa29d3a66f76048815723568f606a399bbae44c1ec1c6dc8d7070d1c5619c4fb4182a25614b8adf323665c0e467a5a7,2022-12-31 05:30:00,CLEAR,"DARKNESS, LIGHTED ROAD",SNOW OR SLUSH,NOT ON SCENE (DESK REPORT),12/31/2022 06:15:00 AM,41.786058996,-87.684898209,POINT (-87.684898208954 41.786058996015),C,12,2022,05:30:00
3a71f28aac4e4c37da5a8cd760df2c831c8502555297302569a59db812571d76d381d7051d14ae7bcf067505a2fbdedab826b06d420fd354f5bfdfe44ae19c94,2018-12-14 15:30:00,CLEAR,DAYLIGHT,UNKNOWN,NOT ON SCENE (DESK REPORT),12/15/2018 02:20:00 PM,41.834175771,-87.648463994,POINT (-87.648463994005 41.834175771004),C,12,2018,15:30:00
3b057c0c7c465cf945e85ec4bcfff1ce9be9db2e03e8c4e15fda13b5df1ebeda8b0912f0bcf53a2815b9ecf1f2c1d3c111dcd4fd691480e164eea85caddce775,2019-05-16 19:00:00,CLEAR,UNKNOWN,WET,NOT ON SCENE (DESK REPORT),05/17/2019 01:15:00 PM,41.704706411,-87.532721644,POINT (-87.532721643979 41.704706410981),C,5,2019,19:00:00
3a8f74853c90eff7bb8d3bb5a50a94a0860e148b93865c02c058fd89638d64a0a48e8e84b173551819735d6cdc7bb2bc738f292774e8812ec613da324fe5b98b,2017-05-26 16:15:00,RAIN,DAYLIGHT,WET,NOT ON SCENE (DESK REPORT),05/26/2017 04:45:00 PM,41.749924287,-87.581496302,POINT (-87.581496301953 41.749924286996),C,5,2017,16:15:00