CRASH_RECORD_ID,CRASH_DATE,WEATHER_CONDITION,LIGHTING_CONDITION,ROADWAY_SURFACE_COND,REPORT_TYPE,DATE_POLICE_NOTIFIED,LATITUDE,LONGITUDE,LOCATION,CRASH_TYPE,CRASH_MONTH,CRASH_YEAR,CRASH_TIME
3970168313a3fb32b7f57154bee79001abd0a3fcd0a332dc6b8128349d7525cb74ee5042e171e1314887582538c1766fd6fe12d617c53eda9d3ee091591ec24e,2016-02-24 14:15:00,SNOW,DAYLIGHT,SNOW OR SLUSH,NOT ON SCENE (DESK REPORT),02/24/2016 03:30:00 PM,41.779043483,-87.727511336,POINT (-87.727511336031 41.779043483005),C,2,2016,14:15:00
3a27363e0888ff7ad17241b5f33a51039c6c85c173d40e1d7233e50fdea9c753fb9c96f808c8777dd74dc4bd8ec9ae4a32d1685fa243764118567cb9e5017942,2023-02-08 15:48:00,UNKNOWN,UNKNOWN,UNKNOWN,NOT ON SCENE (DESK REPORT),02/08/2023 04:25:00 PM,41.924029828,-87.785602036,POINT (-87.785602035995 41.924029828018),C,2,2023,15:48:00
3bae6bf80cddda06b8015fbeff2cdb60f25a95e7826d1460dddfea7810b3ea8172010da7e23b74ca4ee1799c603ff9d64500278b1b3d36ab072aceace5f1750c,2017-07-08 07:55:00,CLEAR,DAYLIGHT,DRY,NOT ON SCENE (DESK REPORT),07/08/2017 08:15:00 AM,41.894766278,-87.753001654,POINT (-87.753001653971 41.894766277994),C,7,2017,07:55:00
39a35bc52065b882c39d443354f3975575f5b34695310641a1fc6913c4c1c0f17fa25de1ec948150a8812f21b740411d2b479bfab993686896d5e5c145270380,2019-07-13 17:00:00,CLEAR,DAYLIGHT,DRY,NOT ON SCENE (DESK REPORT),07/16/2019 12:45:00 PM,41.910132566,-87.677299472,POINT (-87.677299472027 41.910132566012),C,7,2019,17:00:00
397c9173af06675fc815f1f16a71e665b6553244e1ddffd3d80be2441330e5ac3538d7efd3f033e3273153bfa0fd4385376499cb9c60178b51adadd01bcf0a04,2018-05-05 14:52:00,CLEAR,DAYLIGHT,DRY,ON SCENE,05/05/2018 03:30:00 PM,41.996368003,-87.686317113,POINT (-87.686317112988 41.996368002969),C,5,2018,14:52:00
3941fcb25bc7c566b924db5b5816b4d19658cd0853511a3afaf9bd6e2f71a29f48682434c216d9638ca898540827ae3548c650edea9808537303f7e8e2b64f56,2017-06-18 16:30:00,CLEAR,DAYLIGHT,DRY,ON SCENE,06/18/2017 04:38:00 PM,41.773553081,-87.63697634,POINT (-87.63697634005 41.773553081039),C,6,2017,16:30:00
3aefd931752071c9005fe722efee4fdd303a13c113e9f96cccbec767122d9ab01a0937de2047fc98cc704414f120739f50c76621210ecb4aa16942a1e3d89c46,2022-06-02 16:30:00,CLEAR,DAYLIGHT,DRY,NOT ON SCENE (DESK REPORT),06/02/2022 05:30:00 PM,41.757390908,-87.65163643,POINT (-87.651636429959 41.757390907979),C,6,2022,16:30:00
394f775d2e51f9d966450769355727bb255262bc4a49477dd336974c20753c59f539fa143007d4301b34e2187bfa83b083efd6a3c6e11b233146f473054efa2b,2021-05-26 12:00:00,CLEAR,DAYLIGHT,DRY,ON SCENE,05/26/2021 12:05:00 PM,41.910899808,-87.626150711,POINT (-87.626150710962 41.910899808009),C,5,2021,12:00:00
3928a146fa84d6db91b96c56a9eced9954307783d5cfdd598917455234964dd6a4f7ec9725317443a0e558f7293889fbe50d1d4c91bb87884faf610eeb2d3190,2017-09-24 18:00:00,CLEAR,DAYLIGHT,DRY,NOT ON SCENE (DESK REPORT),09/24/2017 06:25:00 PM,41.744151639,-87.585945067,POINT (-87.585945066953 41.744151639042),C,9,2017,18:00:00
3b0f152561226bb7d3980e3320c37b36cada2197cdcf69009ce6a574e5d308a4767d1b2a76224e81c2206fece1ac1bd4c5bfa325a394122fae6590513813e8b1,2022-01-01 13:10:00,SNOW,DAYLIGHT,SNOW OR SLUSH,NOT ON SCENE (DESK REPORT),01/01/2022 02:34:00 PM,41.735617968,-87.682663369,POINT (-87.682663369002 41.735617967973),C,1,2022,13:10:00
3ba32a254a4c39ab4edd6ad1c7c68eefe664adad07f514cc488b0adeaf09fb654ea04c1cc8cbe4ce4f6a022e04b60140cca4d885dae17d7eba630efd4e30ee8f,2017-11-21 17:15:00,CLEAR,DUSK,DRY,ON SCENE,11/21/2017 05:20:00 PM,41.79075221,-87.637615987,POINT (-87.637615986956 41.790752210037),C,11,2017,17:15:00
39d3fa358f9d2779f12c2292c5253ba6f630107cd43d22d50772ccde27003202966672d69f02eb3999871eed828b4f63f582bcd2ecfe5e1b10902b93e3136664,2021-01-16 13:30:00,CLEAR,DAYLIGHT,DRY,NOT ON SCENE (DESK REPORT),01/16/2021 04:00:00 PM,41.969277061,-87.705487598,POINT (-87.705487597987 41.969277061011),C,1,2021,13:30:00
3a2696d08d0b5628527014983387166ae9323d53bdedf52da5f689af9217a9d4102d143dc62f8613afcd5db3dea2f2f39a0905743330a5c6405e77dcbceb40f3,2019-02-15 17:15:00,CLEAR,"DARKNESS, LIGHTED ROAD",DRY,NOT ON SCENE (DESK REPORT),02/15/2019 05:45:00 PM,41.932604222,-87.727148226,POINT (-87.727148226037 41.932604221966),C,2,2019,17:15:00
39821b4f0a659799fc5635a0b56a8970fb8adeb4e141ce499e3fcb7c5bd9e0d6ed2744ed8f829eb85fd45fd53d7d018a7fa605476148a7693f287019f7df9074,2022-03-08 13:00:00,CLEAR,DAYLIGHT,WET,NOT ON SCENE (DESK REPORT),03/08/2022 01:30:00 PM,41.895527078,-87.699098183,POINT (-87.699098182975 41.895527077955),C,3,2022,13:00:00
3bd76166c7a90f0043d09de56388862ea05099f8635fd12ab542cf50b1ed76a1662c250615229c63250f2731dbfae875f7117ae741c09cd672f8d11db8383d11,2023-06-23 15:15:00,CLEAR,DAYLIGHT,DRY,NOT ON SCENE (DESK REPORT),06/24/2023 04:46:00 PM,42.005748683,-87.660817462,POINT (-87.660817461963 42.005748682954),C,6,2023,15:15:00
3ba2622b6ac5be523513007199027406d779c3056ca193ba1b63e77b46dfd131c9abb3f89ef481c4adca6c7402280a12b09c44f79ebb96e2a7a22e9bfb0d91f0,2017-06-06 22:30:00,CLEAR,"DARKNESS, LIGHTED ROAD",DRY,NOT ON SCENE (DESK REPORT),06/06/2017 10:50:00 PM,41.784385694,-87.740065946,POINT (-87.740065945952 41.784385693962),C,6,2017,22:30:00
39f1b666f985e3fd6ef82217503c7e3a2b7ac8f90b19c06e850fcb231814ab1415345e15c36c4f5da9d19243c4b90994cf45516c1aa5a0e6b2fadc501ea5c7a6,2018-03-28 12:40:00,CLEAR,UNKNOWN,DRY,ON SCENE,03/28/2018 12:50:00 PM,41.729582166,-87.580718279,POINT (-87.580718278984 41.729582166003),C,3,2018,12:40:00
3aef2167f413bf7924d24bc753327f8fcf449b896dcaf77ddca71d214cf25fc38b816b863481668451e5a119670db59713e0dd4e01fbf1cc1f0f3150eb390864,2020-09-14 15:10:00,CLEAR,DAYLIGHT,DRY,ON SCENE,09/14/2020 05:07:00 PM,41.807680213,-87.616084798,POINT (-87.616084798046 41.807680212966),C,9,2020,15:10:00
3bce68b259ce3096811275e7d70deb095ca774415a95fea9944cfe23b61fa9192b617884181083cf9999a1ff38c8b63c1e260aa69d2af9a84333e01f3e92a741,2017-10-26 15:23:00,CLEAR,DAYLIGHT,DRY,NOT ON SCENE (DESK REPORT),10/26/2017 04:15:00 PM,41.895951649,-87.696858532,POINT (-87.696858531987 41.895951649044),C,10,2017,15:23:00
39cddad1a54e2a7aeb259edfb4b4bb19f24891f640273f9f1842da6a76bd81030b0009e327f797d57a291e50a3196b1bb2174dfc8938b015d1d836be81b60f33,2020-04-20 16:15:00,CLEAR,DAYLIGHT,DRY,ON SCENE,04/22/2020 04:45:00 PM,41.958986951,-87.933993929,POINT (-87.933993928974 41.958986950953),C,4,2020,16:15:00
3b984ec0c53adfb5ca7ec1c516e5afda5f6389541a949410ee09947fcb9bcd4a02eb695781a27f5a3749537c052513fd0eca793cde4bf422aeea94df9be028b2,2022-01-02 17:51:00,UNKNOWN,"DARKNESS, LIGHTED ROAD",UNKNOWN,NOT ON SCENE (DESK REPORT),01/02/2022 09:00:00 PM,41.968680809,-87.693861033,POINT (-87.693861033037 41.968680808972),C,1,2022,17:51:00
3a420a302f794309ddc2cf18998ff821e498db62011535f7bf1a66a2feb922a4b1b58f2518d520ea4a9a101a2e55a18febb8eb7b41cabdc158ef81b934acaa4c,2019-04-15 14:10:00,CLEAR,DAYLIGHT,DRY,ON SCENE,04/15/2019 02:26:00 PM,42.010018661,-87.709056552,POINT (-87.709056551967 42.010018660983),C,4,2019,14:10:00
3b7cd6bfa8ff1b2dbe834eb11446b7bb3ce65ea2813810b5993bc91b97f974c2a98f87fd9f7741a4531ad05479242af09adcbcb65ebad3841beb1e92e377eab0,2023-01-14 15:58:00,CLEAR,DAYLIGHT,DRY,ON SCENE,01/14/2023 03:58:00 PM,41.919923616,-87.659648394,POINT (-87.659648393971 41.919923616009),C,1,2023,15:58:00
3b27a1ade7968acfb9157e5616c0b5ecc6fbdf6d11b7edcad1132ffc99d41ebe8696e0661045a6e9844eb6b744e183ad1e18e04c27f3a2a870408040c24a41cd,2023-04-21 15:50:00,UNKNOWN,UNKNOWN,UNKNOWN,NOT ON SCENE (DESK REPORT),04/21/2023 04:05:00 PM,41.940630765,-87.653982104,POINT (-87.653982103976 41.940630765023),C,4,2023,15:50:00
3acff3d461b836de813386e49669976a66a22fac08e11aab0749e3b0ea4e2f6f052a0169478ab4120bc0d8ac3d9dd8dfa16c67c4cd16ecd41b593a813f90e21d,2018-10-16 21:34:00,CLEAR,"DARKNESS, LIGHTED ROAD",DRY,ON SCENE,10/16/2018 09:34:00 PM,41.939120711,-87.733354387,POINT (-87.733354386994 41.939120711026),C,10,2018,21:34:00
396f94a4ae92a1f3b08dae276ec2a75e542724bed33127f1dd1fea65e0381e427a337ba5c79186e57c94e50af5b6ac9b7e0ad24c86a2cb0008096dacde70ef51,2023-02-23 15:02:00,CLEAR,DAYLIGHT,DRY,NOT ON SCENE (DESK REPORT),02/27/2023 01:06:00 PM,41.869780623,-87.640655493,POINT (-87.640655493049 41.869780622992),C,2,2023,15:02:00
3bccd6d4a3a69f235b9bafa29f827faa96d5dc135964e367c459d5232f6e29316cc2375d8df2aaf852dc0ef245e92cd1d08be3d601b9cfd1cac0b34982d54de9,2019-09-19 03:42:00,CLEAR,"DARKNESS, LIGHTED ROAD",DRY,ON SCENE,09/19/2019 03:47:00 AM,41.881041889,-87.687423607,POINT (-87.687423607029 41.881041888962),C,9,2019,03:42:00
39a552199f130ec95a436e772663a156e0b28543ff34ae4ef7c6e9e71947312988f1c31f3e47245d086c7c20be7a2e432581aa13765d11ea652734d46694ec31,2022-12-28 22:00:00,UNKNOWN,DARKNESS,UNKNOWN,NOT ON SCENE (DESK REPORT),01/08/2023 10:45:00 PM,41.924025937,-87.754108923,POINT (-87.754108923036 41.924025936998),C,12,2022,22:00:00
3be64ee9d3f74abe49b1642271cb0bbaece026c3b1bd9bf5c42e0b84f6c83225f0c23813c3e52ab0db3cf6fa4f359b5c5c24397fe6c443fa22d972d0414bbf50,2021-04-29 07:00:00,CLEAR,DAYLIGHT,DRY,NOT ON SCENE (DESK REPORT),04/29/2021 07:30:00 AM,41.950467039,-87.762723043,POINT (-87.762723043041 41.950467038955),C,4,2021,07:00:00
3b4d26e5592f32ccdf643363646b67e91e11e79c39335d0e333b8adc82ae54a63937681f0c3c6eae2c7137e8e836303f829a4131db5302cf4c3377c69ee91b8e,2023-01-27 10:30:00,CLOUDY/OVERCAST,DAYLIGHT,WET,NOT ON SCENE (DESK REPORT),01/27/2023 11:00:00 AM,41.896393332,-87.654686711,POINT (-87.654686710965 41.89639333201),C,1,2023,10:30:00
3a19fa9befe42141791cedfb819044c4a1b581502ffac5788a3e39d55840ca6b0c0e86f558c3a9214c3fd53703c5388c8adb0df5efac1ac547a9632485b4cd67,2017-09-01 03:00:00,CLEAR,"DARKNESS, LIGHTED ROAD",DRY,ON SCENE,09/01/2017 03:07:00 AM,41.75869138,-87.60533417,POINT (-87.605334170015 41.75869137995),C,9,2017,03:00:00
39dcd1ec8c0595e3da65df6eafe554a7b8a83e598db9fce993eab3547437867df8de3f4e8cb83435dd9821ab378ce48f1b04723d87d6b5f26fdd156840f1efea,2020-01-21 11:35:00,CLEAR,DAYLIGHT,DRY,ON SCENE,01/21/2020 11:39:00 AM,41.660125762,-87.58501516,POINT (-87.585015160022 41.660125762023),C,1,2020,11:35:00
3acf879b4a3fa9bfbdc835dc32fa468ef834a0753e02d3946dd8674c5e2e8f7ccc31c5b71b1d99e273a1ffaa1a82d46edd8b7a27e2cb2c2ffbd733794f758179,2022-06-17 19:10:00,CLEAR,DAYLIGHT,DRY,NOT ON SCENE (DESK REPORT),06/17/2022 08:00:00 PM,41.917657471,-87.667476262,POINT (-87.667476261977 41.917657470954),C,6,2022,19:10:00
3b144158382ac87275c2700cd3842b7fa72428b4eca4d4227f349ed85bb942fdae667083b09622b50be03311dceefef8ae88575209dc0d0fbb6f4989e28f45fb,2022-10-21 18:32:00,CLEAR,DUSK,DRY,NOT ON SCENE (DESK REPORT),10/21/2022 09:00:00 PM,41.854343231,-87.722178979,POINT (-87.722178978955 41.854343231001),C,10,2022,18:32:00
3aadda30fa8f09cb300acf270c830525a258489eee3211ca0a355e900b65747113004f746bc629c12ed6e254533ee8321e04783073b74ec2484b5d320a890054,2018-01-12 19:08:00,SNOW,"DARKNESS, LIGHTED ROAD",WET,ON SCENE,01/12/2018 07:11:00 PM,41.911653752,-87.648145785,POINT (-87.648145784969 41.91165375204),C,1,2018,19:08:00
3bcad4c381bb6eff85602fe1d24a6d4e3060d4ee5592e6d6c1f3e13aa3d6d175dde3987b7ff8390abda720532ccb5eeb88f7adcbd7804d4ab9dba60ffa515b05,2017-06-08 19:25:00,CLEAR,DAYLIGHT,DRY,NOT ON SCENE (DESK REPORT),06/08/2017 07:45:00 PM,41.939061167,-87.638225395,POINT (-87.638225395027 41.939061166965),C,6,2017,19:25:00
39aa111e21efbd0e227350bd8aa69bf764d3f0d7d5912bea4f15da29de49500efde48864af756d97c9e93ea40f2031a4608a50aa4da7bd74a18dd6c57113dd27,2022-07-20 09:58:00,CLEAR,DAYLIGHT,DRY,ON SCENE,07/20/2022 09:58:00 AM,41.808412257,-87.673318857,POINT (-87.67331885703 41.808412256976),C,7,2022,09:58:00
39e585578032d9bf55ce331c81017f52d43f4734ec8fe0a6569d92f76a599d2b5b8576f656bb46c5d37516d7c84bc21e46e278fed26c1976b8f4d7e363ee5a9e,2018-09-28 22:40:00,CLEAR,"DARKNESS, LIGHTED ROAD",DRY,NOT ON SCENE (DESK REPORT),09/28/2018 11:00:00 PM,41.953309742,-87.747158693,POINT (-87.747158693019 41.95330974203),C,9,2018,22:40:00
3a563217e46bb7db2ba940cfbfad98bc45bb5707502ea60314710de12f0bfcb8518321a2e6b11c134f8e548156c9ec859f877fb2fdd558168b25c97d1c434780,2019-12-09 16:30:00,CLEAR,DARKNESS,DRY,NOT ON SCENE (DESK REPORT),12/09/2019 05:45:00 PM,41.844469862,-87.716531999,POINT (-87.716531999035 41.844469861986),C,12,2019,16:30:00
3d2bd29776d6566692ff39721e484c0e4fc88927d40e91d4dcf3df88929378353526705834cae961b728c34605f89fac4c86dd215eddf5031fe5b6efbc6ff712,2019-01-26 03:10:00,CLEAR,DAYLIGHT,DRY,NOT ON SCENE (DESK REPORT),01/26/2019 04:50:00 AM,41.831183413,-87.620178894,POINT (-87.620178893971 41.831183412974),C,1,2019,03:10:00
3c69eb13b04e2bc1aa7ebb4f785d6e9383f39555bbbe43429dcf6795e217bff2aca4d106e8dafc430ec0e5f83fac78922f797d2a962b57ad476a309d39c77849,2018-08-12 11:30:00,CLEAR,DAYLIGHT,DRY,ON SCENE,08/12/2018 11:31:00 AM,41.969627875,-87.64691404,POINT (-87.646914040049 41.96962787502),C,8,2018,11:30:00
3c74e7f7f9b49a7a839de646a0140b97a137a461cd287eecfb4925ef2d4f8be808e0678263fbc6f89d664b1b4a210b078086eeae88cc7e68e044295a231d69fe,2017-04-22 10:50:00,CLEAR,DAYLIGHT,DRY,NOT ON SCENE (DESK REPORT),04/22/2017 11:25:00 AM,41.847477765,-87.617218167,POINT (-87.617218166986 41.847477764972),C,4,2017,10:50:00
3dae1e1c953f62b1fe59d6d8157f687af04e46b6a0414b372d10147a23449d4605a810e70cedbe1cfc950033b93b8a5e12e09f0851c9247d61e1932044a8535c,2022-05-03 08:50:00,RAIN,DAYLIGHT,WET,ON SCENE,05/03/2022 08:51:00 AM,41.975383528,-87.752958923,POINT (-87.752958923026 41.975383528015),C,5,2022,08:50:00
3e6cf71801815782b23a61147e908c0790789b06314468b8e3abb1d4035522d0f9313909837c7958780184b2c0f7b8030e9719bbc692b3c905cbdf1625fcfcee,2020-01-29 20:00:00,CLEAR,DARKNESS,DRY,ON SCENE,01/29/2020 08:30:00 PM,41.958986951,-87.933993929,POINT (-87.933993928974 41.958986950953),C,1,2020,20:00:00
3e3ca0a042f4138904a6326b9151cf1bd1195ee7f5c95d5b322da8e26a58bbd8727b5905c4935f2b0aadb34a07da7bbeac9e5c6c2c8b704e317924279155b9ef,2017-09-16 06:54:00,CLEAR,DAWN,DRY,ON SCENE,09/16/2017 06:55:00 AM,41.920073037,-87.653287055,POINT (-87.653287055017 41.920073036992),C,9,2017,06:54:00
3db25c0ef4620a4595e602609580043ba9dad5dc28f5fd20c027652d28355ba3e0264c17a9f7dfaaab93be7e41a128a2c778fb7d46d89069fc289f859ab1ff38,2019-04-17 17:30:00,CLEAR,DAYLIGHT,DRY,NOT ON SCENE (DESK REPORT),04/17/2019 06:30:00 PM,41.85273296,-87.632667026,POINT (-87.632667025989 41.852732959959),C,4,2019,17:30:00
3cde338f053ce9a88342c6f64ebfb4a5bab95ceeac9635701295064e369e387c25095a33fdd5ad909661497b63cc885c2f28d3bbffedaefcf073474a5bd57ed3,2019-07-13 16:00:00,CLEAR,DAYLIGHT,UNKNOWN,NOT ON SCENE (DESK REPORT),07/14/2019 07:30:00 PM,41.921729807,-87.663234201,POINT (-87.663234201004 41.921729806985),C,7,2019,16:00:00
3d384455bc59eaec2e9d96c864aa61b19825235d66ec3229b75e1736411241ac9fa04f133c66462c7a01eb210f15c099382b032101e77f14d98b3f395c819005,2020-02-12 07:45:00,CLEAR,DAYLIGHT,DRY,NOT ON SCENE (DESK REPORT),02/12/2020 08:12:00 AM,41.893513416,-87.667363049,POINT (-87.667363049012 41.893513415986),C,2,2020,07:45:00
3c22094fc9de9d058b65eaf48739e9c8bb007e1c981f4799b6e570e03e7ceb771b53efdccb1fd2e895f8c84b4fc506cb539191fe5b0b91819127667f38d4443c,2020-11-14 18:30:00,UNKNOWN,UNKNOWN,UNKNOWN,NOT ON SCENE (DESK REPORT),11/21/2020 06:10:00 AM,41.954100519,-87.702056149,POINT (-87.702056148966 41.954100519015),C,11,2020,18:30:00
3e5d1ee1307c7e14b43451da05869920df2e420b50eaac08d17fefbec4b9528d60e94d590759a58b7cef27960e784f151d95187ce8d4d6d3042e00a5cb10ac57,2017-05-04 13:50:00,CLEAR,DAYLIGHT,DRY,NOT ON SCENE (DESK REPORT),05/04/2017 02:30:00 PM,41.916760313,-87.752866224,POINT (-87.752866223957 41.916760313025),C,5,2017,13:50:00
3ce85f08f878925f404357a87369ea7607f92f8a5ec5cfce213125125e2d4b3d1a3ac4a324b5df01b91b4bf80bde564d7b6facb4a904d97c37c6d345d599fb49,2019-07-27 18:28:00,UNKNOWN,UNKNOWN,DRY,NOT ON SCENE (DESK REPORT),07/29/2019 02:00:00 PM,41.924490094,-87.717288131,POINT (-87.717288130979 41.924490093998),C,7,2019,18:28:00
3d38a64c7fb34e389e88f394a3a7157c40885a2ef517a9e68329741bfbbd9621949eed690f7474bd711a4d38aa43609f3d8fc129e3ade774d1e226a02d3ba021,2019-10-18 21:00:00,CLEAR,"DARKNESS, LIGHTED ROAD",DRY,NOT ON SCENE (DESK REPORT),10/18/2019 09:25:00 PM,41.677344191,-87.680554139,POINT (-87.680554138993 41.677344190967),C,10,2019,21:00:00
3d44cd0dfd7d3c3c388c3659d2ca13f61c72739c8cafcdb6ed849fc5399cff481a0053d62fe63e9d0a534b33c9cd394b0dad2ca3ba84971b4512349eae5e8d1a,2022-12-02 18:57:00,CLEAR,"DARKNESS, LIGHTED ROAD",DRY,ON SCENE,12/02/2022 07:10:00 PM,41.960796183,-87.750630003,POINT (-87.75063000305 41.960796183046),C,12,2022,18:57:00
3e3276b08aba8cff95a81b8c5223eccf243427687bf91c7e44026af9389a8bf3e90e08529154a8974cfb8d77608f2d2502466d9340ed5560239abfd949bb0a6f,2019-08-12 18:25:00,RAIN,DAYLIGHT,WET,NOT ON SCENE (DESK REPORT),08/12/2019 08:50:00 PM,41.773814908,-87.800369163,POINT (-87.800369163018 41.773814908039),C,8,2019,18:25:00
3c3a3971869daef0166c870784512a7d71a92ec94f552bfb2e3a326b4e6352099e83ca964599a084838dde0fa64fc68999a9307ac4a807c347601f0c4879043d,2021-05-01 20:56:00,CLEAR,"DARKNESS, LIGHTED ROAD",DRY,ON SCENE,05/01/2021 09:11:00 PM,41.735617968,-87.682663369,POINT (-87.682663369002 41.735617967973),C,5,2021,20:56:00
3c2a7ad2f615ccfcc20ddade318913d80835c7213a14cc83fda3e9881029b0f96c64ee6b3af3385ddcc22dd4a9385d638cb9a6bb59855c2aeee0a15b2aedbc5e,2019-04-24 09:00:00,CLEAR,DAYLIGHT,DRY,NOT ON SCENE (DESK REPORT),04/24/2019 09:50:00 AM,41.750388107,-87.669438517,POINT (-87.669438516967 41.750388106952),C,4,2019,09:00:00
3dd5a67fc82f0a044cdad2a6b74a6cc89ff5578ed9dc1353eaf1f3916f2e0a62cd26bb2c181ab26139b9a5f2c02536bbd98993caca2f727db6509f5059183568,2023-07-10 14:43:00,CLEAR,DAYLIGHT,DRY,ON SCENE,07/10/2023 02:51:00 PM,41.785091629,-87.613114122,POINT (-87.613114122023 41.78509162896),C,7,2023,14:43:00
3c02eb95356beb65db2d3c0c28e36ed004fa4c2b633a991d2b0fbfc252e3eb4a8a4f9ae28d51b7bb9e041f3d02b0ac1d53da1561e2e7320b580520f84ba45760,2022-01-20 10:15:00,CLEAR,DAYLIGHT,DRY,NOT ON SCENE (DESK REPORT),01/20/2022 11:05:00 AM,41.975335342,-87.751655533,POINT (-87.751655533045 41.975335341992),C,1,2022,10:15:00
3d150fbf9389bb11d6f2d0edafb5f836decef47250d3cd428425213b23b3845f2742cc36cb73679b290bb2773167c8458f64b8398ce9de86ff6a9606a8e689b0,2019-09-12 13:04:00,CLEAR,DAYLIGHT,DRY,ON SCENE,09/12/2019 01:04:00 PM,41.866777061,-87.696059341,POINT (-87.696059340993 41.866777061004),C,9,2019,13:04:00
3d37834369a2ad2eec2785e4279e32df38bd579d9d40f02e6982b5d8af933bf3909b30b7edda40b05900c9f9d130d9f1e8c18557e45f79a8d20af11588b48d98,2018-09-28 12:00:00,CLEAR,DAYLIGHT,DRY,ON SCENE,09/28/2018 12:00:00 PM,41.831183413,-87.620178894,POINT (-87.620178893971 41.831183412974),C,9,2018,12:00:00
3c4e5e8c63b25479029f522747fef11cffdbcf3b861ffa961647c3335ab804a02be3b3ef35a22238e2326e420e21ae8a088868a01244a56389046f21e3e832b7,2020-07-01 22:15:00,CLEAR,"DARKNESS, LIGHTED ROAD",DRY,ON SCENE,07/01/2020 10:21:00 PM,41.866080805,-87.723884001,POINT (-87.723884001002 41.866080804984),C,7,2020,22:15:00
3d9b2a58d7ea0c1ef65ae572ec9e1c27abbdb4f1182eda5daebc64ff4d7ff5ea20e91cc68e9349a4738f5dbf6ea9da620d66130d4b0c93f7d533ed91d1593bd7,2018-06-21 11:10:00,RAIN,DAYLIGHT,WET,NOT ON SCENE (DESK REPORT),06/21/2018 11:47:00 AM,41.921695917,-87.740395454,POINT (-87.740395454041 41.921695916982),C,6,2018,11:10:00
3c37c040581ecec88867068e468fa648b6ba2b63cd48c3fd64dc4984ca6562db8d8d66bfec10fdd8764456e7255f1a876a7553c33df8c60c6ef91a3e58b9fedb,2017-06-08 17:00:00,CLEAR,DAYLIGHT,DRY,NOT ON SCENE (DESK REPORT),06/08/2017 06:08:00 PM,41.952655926,-87.806747455,POINT (-87.806747454991 41.952655925955),C,6,2017,17:00:00
3e9dde617b4e49c14e009a812df1d76906f3fd3f45b9a85aa028a7dcf394a53f6b313852858c75e3fd5fffd23ca0533e9d2db7b8fad141f386acbad16365e631,2022-05-22 07:34:00,CLEAR,DAYLIGHT,DRY,ON SCENE,05/22/2022 07:36:00 AM,41.893918609,-87.624085833,POINT (-87.624085832985 41.893918609004),C,5,2022,07:34:00
3c22790eb3e2d238cb8d2ad605f3dd3790155616919e1057325ca307e8e2dff874b44844d7e4b3e2c6ea1b4cc320433419daae32a7f744e034bc1a15ab5dfd63,2020-03-13 20:25:00,CLEAR,DAYLIGHT,DRY,NOT ON SCENE (DESK REPORT),03/13/2020 08:40:00 PM,41.976975932,-87.811838861,POINT (-87.811838860991 41.97697593198),C,3,2020,20:25:00
3dd59f67a300725763795f2b51f3d298fbdd6bfef21f9977ddb3ab6f323666d81c3c5dfd7c9475e4f9cfe45b82d9a55b446a01fa7f9b2a530eb806207a09c210,2017-09-30 13:15:00,CLEAR,DAYLIGHT,DRY,NOT ON SCENE (DESK REPORT),10/01/2017 01:00:00 PM,41.909294322,-87.763395828,POINT (-87.763395828035 41.909294321981),C,9,2017,13:15:00
3d8a138e125f7ac5c4ee63c62f401c491d11f2e3265f9af2c16eb6d0dba317e10cb343baeb556113331f1851542cf82a551776b28ed12242ba92c28c084849c4,2018-01-10 17:47:00,RAIN,"DARKNESS, LIGHTED ROAD",WET,ON SCENE,01/10/2018 05:48:00 PM,41.866501191,-87.686157599,POINT (-87.686157599021 41.866501191036),C,1,2018,17:47:00
3e1e264826d3a0ef55d1fb626121384d0398e8e85a56cffc6e83ac17324cc1074bed14a58e314b3b55e33533cc158da5f5a6cdca5c0492e68e0f1a26642c94c0,2018-04-27 18:10:00,RAIN,DAYLIGHT,WET,ON SCENE,04/27/2018 06:16:00 PM,41.909091248,-87.66131723,POINT (-87.661317230018 41.909091248043),C,4,2018,18:10:00
3ca66df4b8f275922448c63c739e6dc1437e0a73c270745faf16253f61045b611e8fc1063b450a4338610d8cbeb890ebc507bbefd02ee78a82e41c200824860a,2020-07-10 17:05:00,CLEAR,DAYLIGHT,DRY,ON SCENE,07/10/2020 05:15:00 PM,41.936906825,-87.713354848,POINT (-87.713354847977 41.936906824953),C,7,2020,17:05:00
3d427f7545c3081f0ea450466eddd16506a762380928d43414e44499b3442d64a18e87fb6d62faa5edbea7b39d514ec4ce5966391eba8e34bc045f7323ae98c8,2017-04-23 13:50:00,CLEAR,DAYLIGHT,DRY,NOT ON SCENE (DESK REPORT),04/23/2017 02:32:00 PM,41.75616061,-87.634583596,POINT (-87.634583595966 41.756160610031),C,4,2017,13:50:00
3e2a34968e1bf7409f6a3022ca2b73aaae18a2c48f13bc00a31d813b6fcf297fb35fd966eb0dc97549f6fdf06d0c1b113ce8109025cdcec8fb7912d23f87c47f,2022-07-16 14:45:00,CLEAR,DAYLIGHT,DRY,NOT ON SCENE (DESK REPORT),07/16/2022 04:30:00 PM,41.975785113,-87.714994976,POINT (-87.714994975991 41.975785113021),C,7,2022,14:45:00
3bf510baffa692f608ff6b29693ea10b7f4053fffc0c9d30a8d6cc79b5feb0abc423c24f1c731d673d8873ec5f89903b9e51eaec6a2d09402e51070e48e5c641,2018-01-30 17:39:00,CLEAR,DUSK,DRY,ON SCENE,01/30/2018 05:40:00 PM,41.909601923,-87.756550122,POINT (-87.756550121996 41.909601922998),C,1,2018,17:39:00