CRASH_RECORD_ID,CRASH_DATE,WEATHER_CONDITION,LIGHTING_CONDITION,ROADWAY_SURFACE_COND,REPORT_TYPE,DATE_POLICE_NOTIFIED,LATITUDE,LONGITUDE,LOCATION,CRASH_TYPE,CRASH_MONTH,CRASH_YEAR,CRASH_TIME
3e8dc54ab076ca91b6fa28f5948e29076b80c70887d30ead1c1af26088d851fab2a06ab1208a755d66c4f116ebc2411531e2d9ba3e65e8403e01818a22e3dc88,2022-05-19 17:30:00,CLEAR,DAYLIGHT,DRY,NOT ON SCENE (DESK REPORT),05/20/2022 11:30:00 AM,41.977089945,-87.660033687,POINT (-87.66003368701 41.977089944963),C,5,2022,17:30:00
3d5fbd1d9867828206ca713155c157cdcb47baf28fc5fd4d2f1738d0083c7b13584ed75ea7cb4de0eebf89bb870df708f89c2d97790789a041036f4901155a31,2023-07-19 21:45:00,CLEAR,"DARKNESS, LIGHTED ROAD",DRY,NOT ON SCENE (DESK REPORT),07/20/2023 04:15:00 PM,41.950676839,-87.643784743,POINT (-87.64378474303 41.950676838996),C,7,2023,21:45:00
3c0a01e78be7c05cad6faf0276c265839690f978f833faa0ace3d488110b5751e0245dfc5fc942a44e43496a5615a82e925ea518f039cc69023defbe9a4e2e19,2016-07-23 13:30:00,UNKNOWN,UNKNOWN,UNKNOWN,NOT ON SCENE (DESK REPORT),07/27/2016 07:00:00 AM,41.94325362,-87.641220858,POINT (-87.641220858032 41.943253619968),C,7,2016,13:30:00
3c7e1cc27b6508fe7e262b0fe6e8d699493fcc2258478023a38716523fe0d44fa5f499837b1fc791dc60139eebd8791ca399214fc1457178d5f0d0540798c37a,2020-03-16 12:30:00,CLEAR,DAYLIGHT,WET,ON SCENE,03/16/2020 12:37:00 PM,41.830686238,-87.659454461,POINT (-87.659454460965 41.830686238041),C,3,2020,12:30:00
3eaa48b05dca531a95c42d09c72df93f66b6d5059c576cd97d7dc301a4b363a8e3eb2b8cb36b7bd11b4c7d8855fbcc98539bb810d54462edff86fa16c880b118,2022-04-24 17:00:00,CLEAR,DAYLIGHT,DRY,NOT ON SCENE (DESK REPORT),06/03/2022 11:30:00 AM,41.830728826,-87.655813252,POINT (-87.655813252029 41.830728825995),C,4,2022,17:00:00
3c81e46267ff1850825731d53c89d76d582b65539559a5c37d5d97211ce52e2951a30db0560de47e4d1cec54a6313859d57deaebaf35c170a6bf633dd25593e5,2019-01-17 18:10:00,CLOUDY/OVERCAST,"DARKNESS, LIGHTED ROAD",DRY,NOT ON SCENE (DESK REPORT),01/18/2019 11:45:00 AM,41.944656434,-87.642926797,POINT (-87.642926796969 41.944656434018),C,1,2019,18:10:00
3d3aeb78cceeb66c19dba3d51573ac93918d501e448cefa65b5893341c497e4975dc83d7340a7b5641b035868f6bc8f8a516f64d00a7330484f402e201172e91,2022-04-19 11:58:00,CLEAR,DAYLIGHT,DRY,ON SCENE,04/19/2022 12:10:00 PM,41.939956718,-87.643128761,POINT (-87.643128760973 41.939956717959),C,4,2022,11:58:00
3dad232a9ab1dedad4e91e91b71b8ea76c4828a4077c065a673540a6c7c9980457dcf31e58e650838257e8be403acb2881fa326970f5b9c5d61b3afbefe989a1,2021-07-14 14:55:00,CLEAR,DAYLIGHT,DRY,ON SCENE,07/14/2021 02:58:00 PM,41.94375169,-87.644915824,POINT (-87.644915824017 41.943751690028),C,7,2021,14:55:00
3e8f50b25b3d1f9962f06cf8bb930ffcfda873a3d7df55498e97c84bc5154a5d615e51ed54b11a51b758c19f907403a2b9387de89540f53ddd8a78f690eaada4,2020-03-02 07:00:00,CLEAR,DAYLIGHT,DRY,NOT ON SCENE (DESK REPORT),03/09/2020 03:00:00 PM,41.953750194,-87.728489892,POINT (-87.728489892005 41.953750193958),C,3,2020,07:00:00
3c8f2d10cd5777cc3eeb89812a82baca53b267d4c5c126f0cc33b2fb2d13b12df970d4805a0c65426138834045f45a728fe111935754c8951ebd87fbc59310e5,2020-09-26 22:00:00,CLEAR,DUSK,DRY,NOT ON SCENE (DESK REPORT),09/26/2020 10:30:00 PM,41.886484174,-87.652313703,POINT (-87.652313703021 41.886484174044),C,9,2020,22:00:00
3e304d7789172ffd36f10d66e0ea5879d5912a022a5492d810bce024225f2a405e92387538fab68306e5050bdffb2868454951285075d5126271f79f5b0ed130,2018-05-23 08:45:00,CLEAR,DAYLIGHT,DRY,NOT ON SCENE (DESK REPORT),05/23/2018 09:25:00 AM,41.89867634,-87.750938543,POINT (-87.750938543007 41.898676340029),C,5,2018,08:45:00
3e75e14aacd8c58db001e4ddd9c3a3a2b7cd21813304f33af0197bcfc8c3420b4cdb313759ac9ce0874b874550e1103ab44dc20a272554f55ae4157f7c48f377,2016-10-15 06:09:00,CLOUDY/OVERCAST,DAWN,DRY,ON SCENE,10/15/2016 06:12:00 AM,41.794090446,-87.630527331,POINT (-87.630527331008 41.794090445987),C,10,2016,06:09:00
3e53083c9a8ded7fcffddd2c1374cf6cdf73898c78ff988986293a077e3e6adfd5afe3788eef9005b92ed6a020adae93e1c90fcffd46900c79f84eaa79a83e96,2020-01-06 16:00:00,CLEAR,DAYLIGHT,DRY,ON SCENE,01/06/2020 04:06:00 PM,41.868722687,-87.744694322,POINT (-87.744694321987 41.868722686998),C,1,2020,16:00:00
3c7bc3e68c4cd055213b29890e01e4e1fb618928464b90162e030051532019326be4aa024888ca8cae976c8b59e5978306edcb75c4ad24aadd952025b467f493,2019-02-09 23:40:00,CLEAR,"DARKNESS, LIGHTED ROAD",DRY,ON SCENE,02/09/2019 11:50:00 PM,41.804357658,-87.582050971,POINT (-87.582050971028 41.804357658011),C,2,2019,23:40:00
3d48cd2f2f1eb8a446c6d98ce66e1443ae778c63b9d5427b86784bbf586af691a44872ee19b654e6409559f81ed468d37ffab4a45990c62503a4f64c07bf2d29,2022-08-07 09:00:00,CLOUDY/OVERCAST,DAYLIGHT,WET,ON SCENE,08/07/2022 09:01:00 AM,41.884516857,-87.647390682,POINT (-87.647390681951 41.884516857046),C,8,2022,09:00:00
3d0e26d26f06a77205396d5b0be3c5233b67e7677a8d70ba818951d6ac58f910732c3b32eba03123b661ea939b7f0223709b704f320abb50f9fa36b11d89b970,2021-02-19 21:30:00,CLEAR,DARKNESS,SNOW OR SLUSH,ON SCENE,02/19/2021 09:48:00 PM,41.894989505,-87.761902885,POINT (-87.761902884992 41.894989504972),C,2,2021,21:30:00
3ca6f40d898771372ab832e6fb0716370ce9d4fce748172951e71129756f197eb8168fd44f7fbf209910190103e070a9ca1b59a74642a4eadece7099324d566a,2019-07-20 16:00:00,CLEAR,DAYLIGHT,DRY,NOT ON SCENE (DESK REPORT),07/29/2019 06:00:00 PM,41.744151639,-87.585945067,POINT (-87.585945066953 41.744151639042),C,7,2019,16:00:00
3c7e47003d82d5ebcb586e6c701035500571319f85eb6ed1a319539504cbbb4b7d1e006beaa70780cab8a9f2389a35794c09e53b482a6b7e8ffda05f33331132,2023-02-27 05:20:00,RAIN,DARKNESS,WET,NOT ON SCENE (DESK REPORT),02/27/2023 06:00:00 PM,41.733225101,-87.596566497,POINT (-87.596566497047 41.73322510098),C,2,2023,05:20:00
3d37b0198c91e5dba053f140440031bcee42484041b6d8110729f38714170f3c441c619065e7a1f51e00686515db2bbba4d4e7f0f2439c1e3e4d823febc0a163,2019-10-02 10:50:00,RAIN,DAWN,WET,ON SCENE,10/02/2019 10:53:00 AM,41.895768039,-87.629678317,POINT (-87.629678317 41.895768039028),C,10,2019,10:50:00
3e1c74dac90fc76ad029165965932c03ab25e9d503e633c68ec98b2f327f481d6226d331af99db7ff2f8d0ad2c5f1008bc38f681e19b4752f544c535f853292f,2018-02-04 17:45:00,SNOW,"DARKNESS, LIGHTED ROAD",SNOW OR SLUSH,NOT ON SCENE (DESK REPORT),02/04/2018 06:20:00 PM,41.924411368,-87.723713186,POINT (-87.723713185987 41.924411367997),C,2,2018,17:45:00
3c8c52b298a0f431a4b4028f3b0c2b4d565994384d8b4d7948021c34074ac0637d1405313698420cf8b3f007e5aa854498e406bd8bba2686e5949a938a8bb46c,2017-01-07 14:30:00,CLEAR,DAYLIGHT,DRY,NOT ON SCENE (DESK REPORT),01/07/2017 04:25:00 PM,41.74238939,-87.578386743,POINT (-87.578386743015 41.742389389983),C,1,2017,14:30:00
3dce35b62d7054cc4d63701811fc17acf81be0960e6406d0d9687a2d03360e666e5614d2a05574b880547a1bde6349450199cfc6a0af801ad686e0425ed66059,2019-04-15 15:15:00,CLEAR,DAYLIGHT,DRY,ON SCENE,04/16/2019 08:38:00 AM,42.017142143,-87.670910807,POINT (-87.670910806964 42.017142143045),C,4,2019,15:15:00
3bfec94191bdc869600d2c429c45a68871eb9733ce7ec6b1044194d966de58ca80c57c64e07affe8f138ef2d54183ad9ab8d5c1daedcd58477624e50db71ed18,2017-11-10 12:45:00,SNOW,DAYLIGHT,SNOW OR SLUSH,NOT ON SCENE (DESK REPORT),11/10/2017 03:15:00 PM,41.932213133,-87.653693816,POINT (-87.65369381597 41.932213133041),C,11,2017,12:45:00
3cf70d177afb8196e89cfe54321ab50f776e7660e030e869ceb5369a7fb43d2136ba3ab8e15470b38f7cdfbe38d60c6e31f54ee2706d84ce64e2fa046ae04320,2020-11-02 20:30:00,CLEAR,DARKNESS,DRY,ON SCENE,11/02/2020 08:35:00 PM,41.958986951,-87.933993929,POINT (-87.933993928974 41.958986950953),C,11,2020,20:30:00
3e4c4f261372d42befcd7593ee43f04f4a66d7ca04747760297c2cc96df6480f16d73174f236c8d45171c0ff9a75dd8f01f9c1f9ffb4af7676c0473acaea853e,2020-10-13 12:03:00,CLEAR,DAYLIGHT,DRY,ON SCENE,10/13/2020 12:06:00 PM,41.941883022,-87.644605003,POINT (-87.644605003003 41.941883022027),C,10,2020,12:03:00
3cf1c567f5e34973a6e1c665ece75b17f7dd926ba01429d22c73eb5498940b414b9a4eb4c4593e1bdc6a9f56d9fa8455451897888aeeb29dca51b19633a23f6c,2018-02-26 07:55:00,CLEAR,DAYLIGHT,DRY,ON SCENE,02/26/2018 08:00:00 AM,41.866080805,-87.723884001,POINT (-87.723884001002 41.866080804984),C,2,2018,07:55:00
3d13a33c6a8f3042f9ecd4bb17694e6f8f08d431a53733693b4600773719325f4bbbf0df1275a92fd75d40daa80ad10a0df3d46414612bd885edeedc9632eb81,2023-02-23 07:10:00,FOG/SMOKE/HAZE,DAYLIGHT,DRY,NOT ON SCENE (DESK REPORT),02/23/2023 07:30:00 AM,41.916965489,-87.75210778,POINT (-87.752107780008 41.916965489023),C,2,2023,07:10:00
3c45f2652d442ae94e3b6bfe4c6e61b5b40107a9bf013e1b03c2504cd96de61231f0419d133b7a6b3ab5af895705cdcc570d70db0c27e09ed220f90c26dce764,2021-12-18 02:39:00,RAIN,"DARKNESS, LIGHTED ROAD",WET,ON SCENE,12/18/2021 02:39:00 AM,41.746062636,-87.702143236,POINT (-87.702143235997 41.746062636044),C,12,2021,02:39:00
3cd66c2dd87cb4db05dd33b25e8bb2e127a7e7371f95de8be9373902dcae39530fbea5e770d462d70f6d82c91a63400009ee6b6cc3e9ddcaff41a1899b8fc1f3,2020-01-30 15:34:00,CLOUDY/OVERCAST,DAYLIGHT,DRY,NOT ON SCENE (DESK REPORT),01/30/2020 05:32:00 PM,41.797558326,-87.74274468,POINT (-87.742744680037 41.797558325998),C,1,2020,15:34:00
3e6c596d15e4240ec0bee0d77a1c779397e97855691f148cb3af1f04fd948d72342777910cec6b4a8b61c72a77e81f4d9e348693f85dfb09cf9b3b82234114dd,2019-07-25 15:15:00,UNKNOWN,DAYLIGHT,UNKNOWN,NOT ON SCENE (DESK REPORT),07/26/2019 11:00:00 AM,41.875008491,-87.673536864,POINT (-87.673536864033 41.875008491025),C,7,2019,15:15:00
3c9fb03505b09fef4332d6ba97abbdecb1f68403b2df047da81e81882279c5d9f4a7aca4680c55dd99bfcf0fa153827f897c9d8399db8579a68036e6e4b76848,2018-05-03 09:05:00,CLEAR,DAYLIGHT,DRY,ON SCENE,05/03/2018 09:28:00 AM,41.903536788,-87.661859583,POINT (-87.661859582959 41.903536788031),C,5,2018,09:05:00
3db0de07788d39d4f4b33201bde4088226e36d489d0c077b9cd9632739b68001565e4c2482956dbaba43dff23326075f1cbf93f9f1bb23cc64b0aa53368e16ec,2018-06-27 10:00:00,CLEAR,DAYLIGHT,DRY,ON SCENE,06/27/2018 10:05:00 AM,41.706714203,-87.653813468,POINT (-87.653813467968 41.706714202986),C,6,2018,10:00:00
3d9c753e60216ffeeb2a8e15da1370313d7c4584186726281c1550ad54af5f94281f71d41f64c1aad59d5be058e7d02565653e2d665f9140f257f619e1591ba1,2019-11-15 16:40:00,CLEAR,DUSK,WET,ON SCENE,11/15/2019 04:41:00 PM,41.878184306,-87.713631887,POINT (-87.713631886981 41.878184306016),C,11,2019,16:40:00
3d95bca08acf2688a36439cf60e4bcf6e6165eca33c51c3e18f6c0642101d4937f43fd079ae22d8dddcdf96ac796636d7e302f66945f29978e5aa930b7fa9f76,2020-04-11 23:45:00,RAIN,"DARKNESS, LIGHTED ROAD",WET,ON SCENE,04/12/2020 12:01:00 AM,41.744198076,-87.716713223,POINT (-87.716713222964 41.744198076018),C,4,2020,23:45:00
3de224267e0e94ff9d2864dc7552a425025c4ac0dba9399d4878827541cfd29bcc9e65368753786d10a163440b6bcdff4dfb12f1ed28ad1682fea72b1b3afafc,2023-01-07 08:50:00,UNKNOWN,DAYLIGHT,UNKNOWN,NOT ON SCENE (DESK REPORT),01/11/2023 10:45:00 AM,41.884589493,-87.620498427,POINT (-87.620498427013 41.88458949304),C,1,2023,08:50:00
3c50a08b9890c76e19e33e206ff40990c1fe160730625961da1d6e42056a3812d12ef0900e2c47a0bd5856312f3ab73f8fb469c682bdb18aad77659a14df7e31,2022-12-12 09:30:00,CLEAR,DAYLIGHT,DRY,NOT ON SCENE (DESK REPORT),12/12/2022 09:45:00 AM,41.945064736,-87.806851953,POINT (-87.806851953014 41.945064736015),C,12,2022,09:30:00
3bff25f18d8f9b83c2e46b4b2debb7c590cbd1fb6360fcbefe96a890e12bf2cbae5c6bd1dffaa421a5db4df5398e8a138e81fb2a2af0672175e8eac71bff8b44,2019-05-06 03:27:00,CLEAR,"DARKNESS, LIGHTED ROAD",DRY,ON SCENE,05/06/2019 03:28:00 AM,41.930775066,-87.795400106,POINT (-87.795400105985 41.930775066023),C,5,2019,03:27:00
3d977e2e971deac6d525850615110bf572dd0e2b7ee9f8ab025ab730d521bf007987bf0e91d8e97ce4ee4ff77443676fdfc62f587792a20ea647a62df0acff04,2018-04-30 18:30:00,CLEAR,DAWN,DRY,NOT ON SCENE (DESK REPORT),04/30/2018 07:00:00 PM,41.858906154,-87.712914181,POINT (-87.712914181015 41.858906154029),C,4,2018,18:30:00
3cc6740e1ab887898d11df8c3dc2655ee6399b277c5b84fcd3d3d292311f088e65aa019f25ee1ae58b97db280ad2a5885b5a416bfba285d45c614442ae6d1fae,2017-11-27 14:00:00,CLEAR,DAYLIGHT,DRY,ON SCENE,11/27/2017 02:15:00 PM,41.849964917,-87.62235952,POINT (-87.622359520021 41.849964916995),C,11,2017,14:00:00
3dfa783ea12ba40b2ed67b1534905d1614052b62a7171f29d7db3df22bdee8032762fe610c671a60531d32abf16ebea2fbdc5f86115c766ca7a25d7727514600,2016-02-23 13:15:00,CLEAR,DAYLIGHT,DRY,NOT ON SCENE (DESK REPORT),02/23/2016 01:55:00 PM,41.841258512,-87.726754515,POINT (-87.726754515002 41.84125851198),C,2,2016,13:15:00
3dbc02f37a8fabb087c73b0eac9f1c057c67d9f7485d3cec35265821b647d38cb29dcf997712af305a83ed2efcd4345f9e518b9b74394fc9b5928b7102562740,2022-08-05 08:40:00,CLEAR,DAYLIGHT,DRY,ON SCENE,08/05/2022 08:46:00 AM,41.953309742,-87.747158693,POINT (-87.747158693019 41.95330974203),C,8,2022,08:40:00
3e5d09c3351f787f388465df813cff6529a172e587c498e52937b69492f590b5dfa2427667f6ecc33f25b1996bffedc999d984271c3e6eaea1cb1c556d093b43,2022-12-29 22:30:00,UNKNOWN,DARKNESS,UNKNOWN,NOT ON SCENE (DESK REPORT),12/30/2022 05:30:00 PM,41.924025937,-87.754108923,POINT (-87.754108923036 41.924025936998),C,12,2022,22:30:00
3e7ca290674f2f53d9fac1f358347d0929406ceb237dd80e895febcf95338819e2af717b400a5eb1b2d959ca8ac59184d40373b399af94f93e78e982e6d57b7b,2017-04-15 21:00:00,CLEAR,DARKNESS,DRY,NOT ON SCENE (DESK REPORT),04/15/2017 09:30:00 PM,41.793817032,-87.619055402,POINT (-87.619055401961 41.793817032047),C,4,2017,21:00:00
3f55d7c87a3257d6747814232fdaaff95767d2e58c0855d96c1d92933d2222e86fce42bf5cb70770ac143aa2f787e6aafb577704175ddb8de3ff2c3bd536e05f,2021-11-11 13:40:00,CLOUDY/OVERCAST,DAYLIGHT,OTHER,NOT ON SCENE (DESK REPORT),11/11/2021 02:10:00 PM,41.88728187,-87.647669761,POINT (-87.647669761039 41.887281870015),C,11,2021,13:40:00
3f1d1b2fb47f6c9915f8450cbb03fe66fe8d6da54c25aef05c96f22baf351efffffe1c8ce9205bb2c1d75b510fd27368504467f8a5b3deb51884f6c7e2ac21c3,2019-06-05 11:57:00,CLEAR,DAYLIGHT,DRY,ON SCENE,06/05/2019 11:58:00 AM,41.772492963,-87.636698589,POINT (-87.636698589002 41.772492962978),C,6,2019,11:57:00
4174f6716b263543d5bd16ec49dcb7444cbe528188c1c1f24ab6c2ba76619cafb235aaa7af0f842ccf0082ac694f8577b1c4ceac902bdea73315ca598e5ebd22,2021-07-31 19:15:00,CLEAR,DAYLIGHT,DRY,NOT ON SCENE (DESK REPORT),08/09/2021 06:45:00 PM,41.827363248,-87.621826931,POINT (-87.62182693101 41.82736324801),C,7,2021,19:15:00
3ffa11ca16dd63d6d7b6cfd6e4f6cd8d900f4688b8b1ac68098c1012045a14c9bd7cecef1fc6520727a5f602e3405fdc307e6b3fea07a9a2829933c5b34f3be5,2020-10-15 09:00:00,CLEAR,DAYLIGHT,DRY,NOT ON SCENE (DESK REPORT),10/15/2020 09:20:00 AM,41.884516857,-87.647390682,POINT (-87.647390681951 41.884516857046),C,10,2020,09:00:00
40765d12ef7709c8cacbe7ccd9eb763961b5a8124fbec1a464e0f95ad95e894440f2d63eaa211cb6cf7f2a5b2c6a5a7169292f3555a236a72b0121bd1749dcb7,2018-05-31 06:30:00,CLEAR,DAWN,DRY,NOT ON SCENE (DESK REPORT),05/31/2018 07:19:00 AM,41.788800392,-87.658527293,POINT (-87.65852729298 41.788800392016),C,5,2018,06:30:00
3fa640b18346504980a5d6de4aa55d0ba7c32074b26e0199bbd6a70f21aae6bc8ce4a62a27ab043f4842202feea24c7841fb9e82779ca3d563162d1857af0ad3,2023-06-27 08:05:00,CLEAR,DAYLIGHT,DRY,ON SCENE,06/27/2023 08:10:00 AM,41.735617968,-87.682663369,POINT (-87.682663369002 41.735617967973),C,6,2023,08:05:00
4110db7cd93b0c499dbe7b6bf827c86e582b023d4168d0162d7e3e873d75f49ff1216fbf277cc669e87bb3c9b51cd5cb7da68c862646de73eb7db50311e3f050,2019-03-16 23:00:00,CLEAR,DUSK,DRY,NOT ON SCENE (DESK REPORT),03/17/2019 01:41:00 PM,41.763665021,-87.621796302,POINT (-87.621796301972 41.763665021044),C,3,2019,23:00:00
4102dc3727d938847ebaa59a5d96176cfda0528c9c8852a858ef6de581d7d415a10d5bca818ccd2457617abae27d231647a27b13b671d2284041eaa327187519,2018-08-08 14:35:00,CLEAR,DAYLIGHT,DRY,NOT ON SCENE (DESK REPORT),08/08/2018 03:17:00 PM,41.875008491,-87.673536864,POINT (-87.673536864033 41.875008491025),C,8,2018,14:35:00
415ca1413483ee739066d20b727b22208f2ef334ffa41dff77388aeab3d4fcadc65339bb0c77f86a924f20caa3f182eb0bb3f489cc25a5be73c95dd16fc8e22b,2022-05-26 07:15:00,CLEAR,DAYLIGHT,DRY,NOT ON SCENE (DESK REPORT),05/26/2022 03:45:00 PM,41.78419815,-87.741365268,POINT (-87.741365267996 41.784198149971),C,5,2022,07:15:00
40ec53213591a4a4d3a80b727fa2c9285579798a9de432b246935b451034817d0a243f3f22555040cb164becfe5c908afb87d86d75ea120c7db162e166aed251,2019-11-13 18:00:00,CLEAR,DARKNESS,DRY,ON SCENE,11/13/2019 06:01:00 PM,41.801690698,-87.645620028,POINT (-87.645620027991 41.80169069795),C,11,2019,18:00:00
3f4c65e10cda70f4171ce2025e2b0d4309b992b9c104735dd5214647ec25f8857dea0fea9c970b21b8c9287f0aa265ffa53ba84c5533212bc221d496a7a8327a,2020-03-26 15:40:00,CLEAR,DAYLIGHT,DRY,NOT ON SCENE (DESK REPORT),03/28/2020 07:08:00 PM,41.808749374,-87.66230696,POINT (-87.662306960034 41.808749374011),C,3,2020,15:40:00
41754dd1ae68b63f141e4d5649bdd84019fa4d0fce33af2738015c7d65871ce647494615ea7ace8a0747edb7c64ac8f520e051e5255b18945c5a3198656dcebc,2019-11-19 14:20:00,RAIN,DAYLIGHT,WET,NOT ON SCENE (DESK REPORT),11/19/2019 03:35:00 PM,41.74579217,-87.635369997,POINT (-87.63536999702 41.745792169991),C,11,2019,14:20:00
3eeecba2ec5cfc376bb727f71b4510eac111dcb44918bc0d2effc04027bc4580267a9af903e1209e9c8b9c982c4643e9e7834fadedc0c78b55a34d8e528d11a4,2019-02-25 19:04:00,CLEAR,"DARKNESS, LIGHTED ROAD",DRY,ON SCENE,02/25/2019 07:05:00 PM,41.961238465,-87.713199375,POINT (-87.713199374979 41.961238465013),C,2,2019,19:04:00
409507e78f3762691c913fca057ef97e6791cac7c2e3387b7a47a78ddf4c8c51b9d0466ff685c6ac20d7304c34b557aac811bf605de9031993724464261d8cc9,2021-10-10 02:00:00,CLEAR,"DARKNESS, LIGHTED ROAD",UNKNOWN,NOT ON SCENE (DESK REPORT),10/10/2021 11:15:00 AM,41.731581814,-87.583854135,POINT (-87.583854134972 41.731581813977),C,10,2021,02:00:00
3f45394b2563d62840a123c6d0014aa1e306e97e435085a02a58418563fafc57dd387cdfb576ba710f53a83a5f8d0993347d26c8eb30e027052d99f695940b0e,2020-12-10 00:53:00,CLEAR,"DARKNESS, LIGHTED ROAD",DRY,ON SCENE,12/10/2020 12:55:00 AM,41.932266379,-87.688985069,POINT (-87.688985068971 41.932266378986),C,12,2020,00:53:00
3fb44259f40d464ec12000a1c3867a23d6d69976573bfa33c495bd5b8fa6b23d881426d910fa63a90a746586b8ab178cd8764595f2fe6badc88b47f5abeb9d7a,2018-09-07 12:02:00,RAIN,DAYLIGHT,WET,ON SCENE,09/07/2018 12:12:00 PM,41.743169044,-87.663106556,POINT (-87.663106556014 41.743169044023),C,9,2018,12:02:00
3ed8f9e86eb56eba54ac3692f3198d9aaab3ecbe2bc7376c95f96da0ac3caaf3a3608c998221b759c4feb46f55bda40805e8566ced1ae7536353feebd79d278e,2016-06-08 15:30:00,CLEAR,DAYLIGHT,DRY,AMENDED,06/08/2016 04:40:00 PM,41.925276478,-87.653035266,POINT (-87.653035266043 41.92527647798),C,6,2016,15:30:00
3fbba37045bb2f29b4c4ff2c65731b34583f600b5f91f4e7fd72c93ca5cc65f6eb7007147a802168b2d310ca0a94720fc60849b32c8a4f9c1fcd233cca85af05,2023-03-16 15:18:00,CLEAR,DAYLIGHT,UNKNOWN,NOT ON SCENE (DESK REPORT),03/16/2023 09:35:00 PM,41.741803599,-87.740953582,POINT (-87.740953581987 41.741803598989),C,3,2023,15:18:00
4127a55b83c3dde83668ca2120050bbacbddce869d878cb118ac4b46fab80b6b632645e7a01cd04dd62899d4db6c3d39e801da423ba24abbccc9f7999d6759c4,2020-08-05 16:10:00,CLOUDY/OVERCAST,DAYLIGHT,DRY,ON SCENE,08/05/2020 04:15:00 PM,41.958986951,-87.933993929,POINT (-87.933993928974 41.958986950953),C,8,2020,16:10:00
4075cebc205af6b1a7b62450b30bcb780e05e435f8578812a24cbf7a421ef4f9f113e8f29736febb37f87aa1c04ae3cfe35bf0029eca105dd22e1f37ba339fb4,2016-11-23 15:30:00,RAIN,DAYLIGHT,WET,NOT ON SCENE (DESK REPORT),11/23/2016 04:00:00 PM,41.95440269,-87.644931396,POINT (-87.644931395979 41.954402690034),C,11,2016,15:30:00
4045378a9d5ff91cd7a3af26822ac3921d3ceccad2b8503e9b2bfa077196a9dc57924aa395f485d9dbafef2992981dfe6827fdc365dae9082650c416ece49fa7,2022-03-25 07:35:00,CLOUDY/OVERCAST,DAYLIGHT,DRY,NOT ON SCENE (DESK REPORT),03/25/2022 09:00:00 AM,41.74579217,-87.635369997,POINT (-87.63536999702 41.745792169991),C,3,2022,07:35:00
3f9b4923aeedd9a84c7598770bc8946ab8daf216e7e00adbcd138f058c37bbe67a340ba21b1773a9372dc795c8fb301a9cba99cd637c65249eaafeb9f3424a53,2016-09-07 13:00:00,UNKNOWN,DAYLIGHT,UNKNOWN,NOT ON SCENE (DESK REPORT),09/07/2016 07:55:00 PM,41.896508162,-87.65458548,POINT (-87.654585479969 41.896508162005),C,9,2016,13:00:00
4078a59bd1f7c35a2253f7c775edb35c3e89d8fe677f9b131f1b1c6c39ca3eca49679f70d901ec0e27fa2d44900b2d22daaa05f0c2a38d6527e89d10a7ec70c7,2023-03-31 10:00:00,CLEAR,DAYLIGHT,DRY,ON SCENE,03/31/2023 10:10:00 AM,41.744151639,-87.585945067,POINT (-87.585945066953 41.744151639042),C,3,2023,10:00:00
3ee40633f80b551a782da504d4f4e2a7461d4eb21d37ecbd0d74942ba27518b0793d0815339885c05deb76622f8115d9eec257f3d9acc673810ec50bc9b7c3dd,2020-05-02 21:09:00,CLEAR,"DARKNESS, LIGHTED ROAD",DRY,ON SCENE,05/02/2020 09:32:00 PM,41.684859123,-87.652019493,POINT (-87.652019492954 41.684859122993),C,5,2020,21:09:00
407524570044f0fbcfaba6b2594eeb151de8a45135a74fa9a095400e234c464049d353f6c6b08efb93cbadfe8a812171b9d321dbd240d3486985750b08b3f188,2020-10-14 16:45:00,CLEAR,DAYLIGHT,DRY,NOT ON SCENE (DESK REPORT),10/16/2020 05:30:00 PM,41.872497742,-87.725253192,POINT (-87.725253192011 41.872497742004),C,10,2020,16:45:00
40319975f26070a9d1a1f7284452bcb44feddcc688fe299017f160884cbc97758f429e882b560eb3e02a1f7a914614da06615a5d1d5cc9597c0cb1a388cdd6a9,2017-03-09 13:00:00,CLEAR,DAYLIGHT,DRY,NOT ON SCENE (DESK REPORT),03/11/2017 04:32:00 PM,41.913424362,-87.763291933,POINT (-87.763291933019 41.913424361981),C,3,2017,13:00:00
4144e6963ef632af1e957418a8401c273447c25b41ef609df945bb7e9121c6e97e4960c568f29c74eace25fda147eed1f3d1215047b84d4d074d0a12bf97bd16,2020-07-05 08:00:00,CLEAR,DAYLIGHT,DRY,NOT ON SCENE (DESK REPORT),07/05/2020 09:15:00 AM,41.793606501,-87.666860959,POINT (-87.666860959032 41.793606501021),C,7,2020,08:00:00
4115b4b0584c53f0098cba65422e524b749e1eab14d8ba4067bce3e6f462b6e534ae9eacf24de994255d91e01bb833cc37b6ea05406b5a75f14daff042c28392,2020-01-14 07:50:00,CLEAR,DAYLIGHT,DRY,ON SCENE,01/14/2020 07:55:00 AM,41.744151639,-87.585945067,POINT (-87.585945066953 41.744151639042),C,1,2020,07:50:00
3f18ea85be308581919c5b3a1892c9505e01a058703fce3028a0f6647beabdc61dcae96c9f6702b5ccbabc9b66fa46e908f7ae35f5c95fb8b65d65a5193edeab,2023-01-18 20:00:00,RAIN,"DARKNESS, LIGHTED ROAD",WET,NOT ON SCENE (DESK REPORT),01/18/2023 09:20:00 PM,41.910510066,-87.638720004,POINT (-87.638720003959 41.910510065958),C,1,2023,20:00:00