CRASH_RECORD_ID,CRASH_DATE,WEATHER_CONDITION,LIGHTING_CONDITION,ROADWAY_SURFACE_COND,REPORT_TYPE,DATE_POLICE_NOTIFIED,LATITUDE,LONGITUDE,LOCATION,CRASH_TYPE,CRASH_MONTH,CRASH_YEAR,CRASH_TIME
46ef39f1ced9bdd264d57334032b4151d8fddffaf761c569aa4948832e0ba97a2917aec40949e10c83e631295029433712ff9608e1d51423426b3dc47e3c7ddf,2019-01-25 21:35:00,OTHER,"DARKNESS, LIGHTED ROAD",WET,ON SCENE,01/25/2019 09:35:00 PM,41.773455972,-87.585022352,POINT (-87.585022352022 41.773455972008),C,1,2019,21:35:00
449363e657e0ff497f0737817c2bb96e9ce7d9ea5c5e79a147a68da91751502bbae2344fc923639b246bff6d240ad7d3c92d3c177cc01bbf6617cc3ef566ad23,2018-10-13 13:20:00,CLEAR,DAYLIGHT,DRY,NOT ON SCENE (DESK REPORT),10/13/2018 02:15:00 PM,41.781626709,-87.762015567,POINT (-87.762015567 41.781626708966),C,10,2018,13:20:00
461878c9a423f48d16e155fae98e1e03eb28e5fe1fc5c860f436c9b3feebd9ae3761113fdaae330a3e2e204611c625f23656c1e216209d8eea1c5d09d71e1e20,2020-08-29 07:00:00,CLEAR,DAYLIGHT,DRY,ON SCENE,08/29/2020 07:47:00 AM,41.761737587,-87.566578073,POINT (-87.566578073033 41.761737586998),C,8,2020,07:00:00
45b8868a0949140a84de5177eecb48c6c0433777d8cc4bac6ddc29f5b967be7e0d68c70bb4d7d0ca9f289cc8c1b1acc2b21609e52641f2f9b34c957d363f7ae9,2021-08-15 20:00:00,CLEAR,"DARKNESS, LIGHTED ROAD",DRY,NOT ON SCENE (DESK REPORT),08/16/2021 10:40:00 AM,41.916642364,-87.675017969,POINT (-87.675017969046 41.916642364018),C,8,2021,20:00:00
470f25b989c621a7e668e86cb72490ab2096cbcfcaab7959acde7ddc3ef182b57788e53f774d16b2b40c58691e514a8b80798bfc95863f185e5bd49dc0018cba,2022-05-01 00:15:00,UNKNOWN,UNKNOWN,UNKNOWN,NOT ON SCENE (DESK REPORT),05/01/2022 11:45:00 AM,41.794602529,-87.742607215,POINT (-87.742607214988 41.794602528951),C,5,2022,00:15:00
44c0b3aa2f50f17de8704bfacd9922a990bdfb1911e03225e27c5905dd8c81e94bbb135d54532d7caa9aa3fcbe1a22a6ffe8f466f1a1e70d43e08c105e6511a2,2019-01-26 13:05:00,CLEAR,DAYLIGHT,DRY,NOT ON SCENE (DESK REPORT),01/26/2019 01:35:00 PM,41.917639318,-87.678038224,POINT (-87.678038223988 41.917639317951),C,1,2019,13:05:00
460786c45bc8e16e222115a1bc1b50407ef1b9014c094c9f12da506c6d9dea1746fa67a6e2bbb6876750bc3132e374bd509d7f52cd104fc65bfffbc46bed4fd9,2016-11-21 14:30:00,CLEAR,DAYLIGHT,DRY,NOT ON SCENE (DESK REPORT),11/21/2016 03:18:00 PM,41.697517969,-87.697650419,POINT (-87.697650418982 41.697517969048),C,11,2016,14:30:00
44d159f37b5b0e0f4c2068f6300820bbf544ec0a4a037e5ad5dda275772a8a944938ba55fbfd9b7f5b399dd85fc995690f34151208af62c96fb67a37e978404a,2019-05-06 07:00:00,CLEAR,DAYLIGHT,DRY,NOT ON SCENE (DESK REPORT),05/06/2019 08:02:00 PM,41.942407301,-87.760984419,POINT (-87.760984418966 41.942407300974),C,5,2019,07:00:00
469f686b80fee9a884d4d290d6722c1d0e1bd90560d43f1b8208a5fce10c27cf45b46476fa25b5016e0af9181eee40392889246f589f18bf59c15fcd1f1415bc,2022-07-14 06:51:00,CLEAR,DAYLIGHT,DRY,ON SCENE,07/14/2022 07:00:00 AM,41.921729807,-87.663234201,POINT (-87.663234201004 41.921729806985),C,7,2022,06:51:00
454e5e379bad3c638f5809cbfbe06d8b75a04765f39d4e194caf550ad3a4d354b443e77410a377ad63f13d803d9286f8146419408a10693610d428d2b91e2de5,2022-07-27 09:10:00,CLEAR,DAYLIGHT,DRY,NOT ON SCENE (DESK REPORT),07/27/2022 10:00:00 AM,41.990024694,-87.728708871,POINT (-87.728708871015 41.990024694008),C,7,2022,09:10:00
46cb42fadff591c246a37ad1ea01d2edbfa287e5048ad360b0be7e6889374f23ca7dadf42b6419d4ab0b6967deec834e6b7cfd7f9168d78dde6e23d1dde058b8,2017-08-18 11:47:00,CLEAR,DAYLIGHT,DRY,ON SCENE,08/18/2017 11:47:00 AM,41.712072677,-87.681644152,POINT (-87.68164415196 41.71207267704),C,8,2017,11:47:00
473c5f116792f894a8b82cd11821e6f81afe63a54dfa3a4bf6641e0da75811629763eae3292ec9960dce1771e7840f3beba06de2d378764a4321333468ebd005,2018-06-08 16:04:00,CLOUDY/OVERCAST,DAYLIGHT,DRY,ON SCENE,06/08/2018 04:06:00 PM,41.907717718,-87.745916874,POINT (-87.745916874041 41.907717717976),C,6,2018,16:04:00
474346e6b0a830f281e20e73eb2ed6b6300c693145b78991647dcd797c1e66c0ccab1151a765475dae4aba17f6b112028c350100ddfe376b37d67ddef06e3a60,2022-05-25 16:35:00,CLEAR,DAYLIGHT,UNKNOWN,NOT ON SCENE (DESK REPORT),05/31/2022 08:04:00 PM,41.896393332,-87.654686711,POINT (-87.654686710965 41.89639333201),C,5,2022,16:35:00
447bd827983e90f21a553d28d455d1c5902c143eb6ca69f7283f9088630c4637369377fb82ce457e2f0d308d11d716a551c4f04128657829cfeac85e2215ac4f,2020-05-21 10:00:00,CLEAR,UNKNOWN,DRY,NOT ON SCENE (DESK REPORT),05/21/2020 02:10:00 PM,41.891530036,-87.705348937,POINT (-87.705348937004 41.891530035971),C,5,2020,10:00:00
46f2a8f7a9e8190c06195ece51d05e2a8390d4941f2e1599be1dc06cd2735273593bedddd6acb16f2869d9a4024b38db27a8adea749b67141c9b4e5826509a3a,2023-06-30 14:30:00,UNKNOWN,DAYLIGHT,UNKNOWN,NOT ON SCENE (DESK REPORT),07/08/2023 03:35:00 PM,41.928615792,-87.687920247,POINT (-87.687920247039 41.928615792006),C,6,2023,14:30:00
4672f8fc6b0386d2d97366eeb5a541163a570f60f32a70a113884971c8e734094b075fde39fa73906ce00b46d3ea2687782e6fc43c859436e8d409d91564b70c,2023-05-15 14:45:00,CLEAR,DAYLIGHT,DRY,ON SCENE,05/15/2023 02:47:00 PM,41.808320647,-87.682240771,POINT (-87.68224077098 41.808320646996),C,5,2023,14:45:00
471d9dc9cf02602e65f92c1445cf83fc5c1e9bf1eac23404a48cfffa6fd4ab5d12984cdaae710982b2994e9ce015c21aafa15f65741ddecf1b23787f82264217,2020-05-05 16:00:00,CLEAR,DAYLIGHT,DRY,NOT ON SCENE (DESK REPORT),05/06/2020 05:35:00 PM,41.899427256,-87.773923812,POINT (-87.773923812004 41.899427255963),C,5,2020,16:00:00
45d1875795af1a3be1b6193d181c875faaed295afadd7ce7cabe2a3a8e6c5c05d2bfc98684723f139e1ed68e78620afa3cc9a955786c6ec30e12487ca6b6021b,2018-11-30 07:45:00,CLEAR,DAYLIGHT,WET,ON SCENE,11/30/2018 08:00:00 AM,41.884516857,-87.647390682,POINT (-87.647390681951 41.884516857046),C,11,2018,07:45:00
454cb19d016dbbe2ce64bd795bf759d6fa6fb98dc66c32f05d7b789b2ab578fda7c81ff758ab3b3d112aecf05357604e0e6acb7c52429d91f8e7f33ae82f8ea3,2023-04-29 13:00:00,RAIN,DAYLIGHT,WET,NOT ON SCENE (DESK REPORT),04/29/2023 01:39:00 PM,41.912783232,-87.640004986,POINT (-87.64000498599 41.912783231988),C,4,2023,13:00:00
446ef32dd57bcacb30bf9be68b53ff3a8dabfbeac4f0859f4c50d293149aadd0e0b30bfad38d8d730d9505c7ae41826a6b8bed1d4b33bc0d8c26feece39a8b27,2022-05-06 08:30:00,RAIN,DAYLIGHT,WET,NOT ON SCENE (DESK REPORT),05/06/2022 09:30:00 AM,41.879988513,-87.630688841,POINT (-87.630688841031 41.879988513046),C,5,2022,08:30:00
4722172996f827c2343c02b75642d1e80fab12313721291e91b7fc43dce7abe99a04851ef45292ce3f40a124c50cfd69e1faa095ade1f9d77b4f4f6306a63ba3,2018-05-17 16:30:00,CLEAR,DAYLIGHT,DRY,ON SCENE,05/17/2018 04:30:00 PM,41.859949337,-87.685996725,POINT (-87.685996725044 41.859949336999),C,5,2018,16:30:00
46d9cca24306191953c4c7fa12ef76a3447788844bd51df9eb7bd4f4d7e61944f647ca993e1563c38b757566746c9e105bc1557d8fedf965ad2ffeb6fbe947e9,2020-06-10 14:35:00,CLEAR,DAYLIGHT,DRY,ON SCENE,06/10/2020 02:38:00 PM,41.884600962,-87.627828521,POINT (-87.627828520965 41.884600961961),C,6,2020,14:35:00
4660b42b9b1b6d24b2fda55e91669c52c6bfabf639a141ae979a72faaccf5a6f238225b1a2ddff5e780c8f1b02304274303256990e0b64ca6a7efcecfb9c3f41,2020-05-12 14:30:00,CLEAR,DAYLIGHT,DRY,NOT ON SCENE (DESK REPORT),05/12/2020 03:46:00 PM,41.903902732,-87.628531494,POINT (-87.628531494008 41.903902731961),C,5,2020,14:30:00
47066bd5f4d32d5e24b16f85900c8521c4880afd2f8bbe9fa0def3a98c9945ce90eab520e6c91cc9af77f16904d9b1cffaf142bbc41ea1cc89a7a01d65dfd208,2021-05-16 04:04:00,CLEAR,"DARKNESS, LIGHTED ROAD",DRY,ON SCENE,05/16/2021 04:04:00 AM,41.917014145,-87.748270028,POINT (-87.748270028031 41.917014144979),C,5,2021,04:04:00
44a057647cd4e23e8f9e93bf8ebd8905bfb7889cbbf1526b72a85ec4a6a734466da86d665f5e508fa60d36357f815fba1ee9995a54caa39a0e0a581c4689855c,2020-09-28 02:00:00,RAIN,"DARKNESS, LIGHTED ROAD",WET,ON SCENE,09/28/2020 02:43:00 AM,41.756061973,-87.639583836,POINT (-87.639583836047 41.756061972991),C,9,2020,02:00:00
45db13614b8c8fc44c951454205db8d555b8442cfde89befb757f7e74d1ad32a30d7af19c7204c03e396ddfb9332aad2d8b5c7cbc016b098099f6baa4bdf9bc2,2021-05-29 12:10:00,CLEAR,DAYLIGHT,DRY,ON SCENE,05/29/2021 12:14:00 PM,41.786076863,-87.721089648,POINT (-87.721089647953 41.786076862974),C,5,2021,12:10:00
44e67a4ef1ac5585575133853be2c04a2df7ba2305dab58c0539690252896e8d0d5fcb7b5548d2af01d719a16a863f110178003f66472532c4696ce86b1d0162,2018-10-25 19:00:00,CLEAR,DAYLIGHT,DRY,NOT ON SCENE (DESK REPORT),10/25/2018 07:30:00 PM,41.742898771,-87.669467161,POINT (-87.669467161008 41.742898770977),C,10,2018,19:00:00
45a11dfd78c39378ca90c01886382880ef131313cfb9b936f2969a19b2a6dd5f987a1ac6a47c99e51b3400d3264020947366dd01d9cb79c7df851c74a598ef77,2019-04-12 17:07:00,CLEAR,DAYLIGHT,DRY,NOT ON SCENE (DESK REPORT),04/12/2019 08:00:00 PM,41.753933237,-87.605418426,POINT (-87.605418425972 41.753933237014),C,4,2019,17:07:00
468c35fee155d57fec03fb051b1b9e2d0a97324f892bca75919d0bacf6bc09da57ffc39502e1118211e2c94db68ddf869a728c38383198d2137307ff5831b0f1,2019-03-27 06:50:00,CLEAR,DAYLIGHT,DRY,ON SCENE,03/27/2019 07:12:00 AM,41.931372851,-87.750391963,POINT (-87.750391963 41.931372850962),C,3,2019,06:50:00
45d69328a083559e9febb22833fd2f9834ca76eda31e5e977ee18cd80f0ea02fbe770ad5e540aa988588e2b20e5b7371082310fc857f3ec0c13d6e607c9b192d,2019-12-27 09:00:00,CLEAR,DAYLIGHT,DRY,NOT ON SCENE (DESK REPORT),12/27/2019 11:20:00 AM,41.883633604,-87.73787932,POINT (-87.73787932003 41.883633604041),C,12,2019,09:00:00
449c57174e0468f00a76a3845102a0fc0522144b03dd70fa89b11577536f9359c7452417616126f86073b9120e526c8c0cf55cd3c3cd625cb1c341d42ad4a1cc,2020-03-16 20:25:00,CLEAR,"DARKNESS, LIGHTED ROAD",DRY,NOT ON SCENE (DESK REPORT),03/16/2020 08:35:00 PM,41.773723921,-87.585794899,POINT (-87.585794899028 41.773723920965),C,3,2020,20:25:00
45646527cb1a84fc757cb746b7dde533304402028a068fc860c2bfdfd142f97b8ef440859d7fa8bebdf80bf1a4d8c5a67b7f643c94064824b47c5fb487ac8a15,2021-07-24 18:35:00,CLEAR,DAYLIGHT,DRY,NOT ON SCENE (DESK REPORT),07/24/2021 07:42:00 PM,41.923910668,-87.777386127,POINT (-87.777386127036 41.923910667953),C,7,2021,18:35:00
461fde7957cc771632fec0ada874aaadfb64c982b21aa1e0821fd778f167b08aff578517f0616441f98741c03f302db2ebb546f51671d4ddefc6bfb0ff0c8a9a,2018-03-06 15:05:00,CLEAR,DAYLIGHT,DRY,ON SCENE,03/06/2018 03:07:00 PM,41.874366822,-87.634508236,POINT (-87.634508235979 41.87436682198),C,3,2018,15:05:00
46e67863ec4d551f70b016801b5f7995e6483244284b3653a4c832329ae31ca9631f293b0414555b03fd66fa787396abf86aa9a0991d8b28aac7a2ab421b765a,2021-02-06 12:25:00,CLOUDY/OVERCAST,DAYLIGHT,DRY,ON SCENE,02/06/2021 12:26:00 PM,41.879813058,-87.725492182,POINT (-87.725492182032 41.879813057952),C,2,2021,12:25:00
45415bf29b05fe97128df2122b07572de197b5fd4653284fd609a74eb6c839c181a2a6c8e1ed5a6ec91747ce38ffcca278e671f2d3dfb9087aa2482edf083f09,2017-06-29 17:06:00,CLEAR,DAYLIGHT,DRY,NOT ON SCENE (DESK REPORT),06/29/2017 06:15:00 PM,41.751488337,-87.605358362,POINT (-87.60535836196 41.751488336994),C,6,2017,17:06:00
45526a7ffa0924add4ee506466cb48d3dbeaf67cd20fb744bcbc7578779e0c6e373c0b902321343dc9982b4c02f86df8eef647c93dcc9c167b761fd0b3bedb30,2017-04-14 20:00:00,CLEAR,DUSK,DRY,NOT ON SCENE (DESK REPORT),04/15/2017 08:20:00 AM,41.891450046,-87.750076569,POINT (-87.750076568954 41.891450046032),C,4,2017,20:00:00
46e4e409d62ffabf7e0b6e3ffc195f03d10558c45645ad2b02b72abf7ff1824bad2d07992b0509bb1c72fcb474c208ac3ea07043c04c81e9674d34fad58fc3bd,2021-09-03 16:50:00,CLEAR,DAYLIGHT,DRY,NOT ON SCENE (DESK REPORT),09/03/2021 05:30:00 PM,41.851075754,-87.724428464,POINT (-87.724428463973 41.851075753951),C,9,2021,16:50:00
4554d2aacfda0c9a29d2e7721e37a93f5d1fd5ac478b1a904996a9bff574f089b5b623d867d1e9a87f052ffa8e33cd912e0d0ca1d7db108f801d995ab214a983,2022-08-18 04:15:00,CLEAR,"DARKNESS, LIGHTED ROAD",DRY,ON SCENE,08/18/2022 04:20:00 AM,41.838792961,-87.608902658,POINT (-87.608902658017 41.838792960988),C,8,2022,04:15:00
45091f2bc397d7d39d0ff6b8d2ab83c320b22b6de95ce825e8a4742655ebdb07f829b5fc6d8adc5c29ab6389d870bc7af913b88099e55ffaa4340cb5b62ca986,2019-03-28 08:30:00,CLEAR,DAYLIGHT,DRY,NOT ON SCENE (DESK REPORT),03/28/2019 08:42:00 AM,41.866312657,-87.722954344,POINT (-87.722954344006 41.86631265701),C,3,2019,08:30:00
46b52e2e45888e488c7bc7be5a8a0b5d672e58a8efbde762d7f6d712371cb012fff2600c469fc90ed51fac88bdd405a107a877e1bff7c62cece617956386532c,2019-02-18 08:50:00,SNOW,DAYLIGHT,SNOW OR SLUSH,NOT ON SCENE (DESK REPORT),02/18/2019 10:00:00 AM,41.742554288,-87.575667714,POINT (-87.575667714004 41.742554288042),C,2,2019,08:50:00
4699c6ca8b26309132bcbb7dc4103011c881c3a4ee451a9ea7c8b518076a4b53050fbd364b830a8a790d70df43208f36977e8018c9c9c10a8e1d8906204822a1,2017-04-29 22:35:00,RAIN,"DARKNESS, LIGHTED ROAD",WET,NOT ON SCENE (DESK REPORT),05/02/2017 01:55:00 PM,41.843952777,-87.738047625,POINT (-87.738047625035 41.843952777003),C,4,2017,22:35:00
596dd4a047c122080bca00af8d6d91fcccf9c8edb7d4712249557e4cf371b84ef9d704254e063268867dbeb6d35e802e04ba9c53aa407dc1f1b173a2ebd4896a,2023-10-05 14:15:00,CLEAR,DAYLIGHT,DRY,NOT ON SCENE (DESK REPORT),10/05/2023 03:21:00 PM,41.975361642,-87.669205015,POINT (-87.669205015011 41.975361641965),C,10,2023,14:15:00
45b123caf09c5883739eae6100c455d527f95b39b5bcbd178152eaa1fc0bcbcc769b959e55f86d61272b2dde0059b1e156c2322891907d5cba0f0c0c3c9d1a2c,2018-12-21 23:35:00,CLEAR,"DARKNESS, LIGHTED ROAD",DRY,ON SCENE,12/21/2018 11:41:00 PM,41.997730287,-87.806645117,POINT (-87.806645117018 41.997730287008),C,12,2018,23:35:00
45eb43ba68930dd776e9e0e6617477de66a6479bd53db41a5fdbdc8eaac7eff777095b9004cc904a77be0ca2a9481d66df529c1a45c54287bb660c7b42cf7d5f,2021-01-02 13:30:00,CLEAR,DAYLIGHT,DRY,NOT ON SCENE (DESK REPORT),01/02/2021 02:01:00 PM,41.873860438,-87.700586149,POINT (-87.700586148982 41.873860438041),C,1,2021,13:30:00
468dad6f91627bfc354e097c7d22d37cdc18749e455579611559fff3676cffc097b606383c75055213a3b54885309a1cdbfb4c2afd5d661249a32444fa742586,2019-07-24 16:00:00,CLEAR,DAYLIGHT,DRY,ON SCENE,07/24/2019 04:21:00 PM,41.721476101,-87.634089094,POINT (-87.63408909403 41.721476101032),C,7,2019,16:00:00
461b29b0e435bd89a47da56203af88c9f2b98839d423abb9867e0ba8c0ed0230b6cff92b23143d062ecb777aa49d61f02b40fb6be86aaf71dda635fc57108413,2020-12-29 15:30:00,SNOW,DAYLIGHT,SNOW OR SLUSH,NOT ON SCENE (DESK REPORT),12/30/2020 01:46:00 PM,41.832771331,-87.685235314,POINT (-87.68523531401 41.832771331043),C,12,2020,15:30:00
4598f2587ad8d3b641ba46577d405f864f95789d32542c8bdb021209228d63c89ff47ab7e664bcd8e2e456556bc4b736f7c8d087e7912603e6fb5b3fb5408187,2018-05-07 14:49:00,CLEAR,DAYLIGHT,DRY,ON SCENE,05/07/2018 03:14:00 PM,41.898711995,-87.73837944,POINT (-87.738379440019 41.89871199496),C,5,2018,14:49:00
44c27c91f87b9f265b10725e2f3a3c5e0746fe4df600ea35852dd525b80e919e0bd0769a3bebe1d3825cd854b1961098fd14108e18887f3d786fd10f3abbeb15,2019-10-24 13:51:00,CLEAR,DAYLIGHT,DRY,NOT ON SCENE (DESK REPORT),10/24/2019 02:20:00 PM,41.854157235,-87.673321725,POINT (-87.673321725035 41.854157234988),C,10,2019,13:51:00
471f962a78759f2b39e4b896b290ab2b62c1904a0ead8db48e24a30f139c4a2c3fcb1e0299fe9052d71ccc314c59985b7d9b931c47a5f5244778ce2b80c0a696,2019-06-04 17:45:00,CLEAR,DAYLIGHT,DRY,NOT ON SCENE (DESK REPORT),06/04/2019 06:46:00 PM,41.958855917,-87.796567158,POINT (-87.796567158001 41.958855917036),C,6,2019,17:45:00
46d29efa9c23d19c15aa23623a422b2f171fb8f33a809f303d84c81b777202695973dbc9dffc46a61c38c0b91e7f1c7fcfc41aec0c147ccef2bc4fe98b58c46c,2017-05-15 18:11:00,CLEAR,DAYLIGHT,DRY,NOT ON SCENE (DESK REPORT),05/15/2017 06:12:00 PM,41.878327715,-87.757721073,POINT (-87.757721072965 41.878327715041),C,5,2017,18:11:00
4640a55b8c53e99a8ac87b48a200ce3d4eb3e71b9d6d863732a1fd904f92fbdcafca9944e84219b5fe8d36acf799194b4aa3e1a26176a505288b48c6c3672cba,2018-10-02 17:40:00,CLEAR,DAYLIGHT,DRY,NOT ON SCENE (DESK REPORT),10/03/2018 06:12:00 PM,41.931607951,-87.697755776,POINT (-87.697755776035 41.931607951049),C,10,2018,17:40:00
44ccfcd04640331185d0707c095d9b4abf534fd4d123b08ba13e2094a2681a071431c9e8f5d11e2a2b131e800502824ba25ace2c7171173b88833ac4396f51ad,2018-10-18 16:50:00,CLEAR,DAYLIGHT,DRY,ON SCENE,10/18/2018 05:00:00 PM,41.983148128,-87.71136489,POINT (-87.711364889983 41.983148127979),C,10,2018,16:50:00
447c987b358f82bd2fb8cb0df1af8c20049f7f48a0c74aaf94258dc9ff38aec3097235ead88d6c40dfc482a512af087a18beb13ca88507761c7d4a0e5adc15b2,2018-08-24 21:00:00,CLEAR,"DARKNESS, LIGHTED ROAD",DRY,NOT ON SCENE (DESK REPORT),08/25/2018 08:50:00 AM,41.815749343,-87.666125925,POINT (-87.666125925005 41.815749343028),C,8,2018,21:00:00
474035a58c350a09c998c8387128fd649ffcb43e5ca231f943cc0cb2e77891236f3488df8dbe981c162cd4226eed425d9dc3ef4d0713d7f57a80016e5816d9ca,2023-06-06 11:50:00,CLEAR,DAYLIGHT,DRY,NOT ON SCENE (DESK REPORT),06/06/2023 02:00:00 PM,41.693015814,-87.701024776,POINT (-87.701024776006 41.693015814018),C,6,2023,11:50:00
45a35fd8718f0320f4b7c1f2eaeab04fd6929c1a90ee8c1c9d8bd4625f77d8f3b9132492fd3068ae5ab6b889444666e9e8288f6648da415774a4657a43d7edd3,2023-03-27 21:30:00,CLEAR,"DARKNESS, LIGHTED ROAD",DRY,NOT ON SCENE (DESK REPORT),03/27/2023 11:00:00 PM,41.889192452,-87.635362475,POINT (-87.635362474977 41.889192452023),C,3,2023,21:30:00
4706dfb1435d374f59943bb9709c49bd48bb8587020b0d37bf816115628d322c28015d323f29b14a5a7079d9c456a196e1b9a5721ffef391dbf4610c50aaa4ca,2018-10-07 15:00:00,CLOUDY/OVERCAST,DAYLIGHT,DRY,NOT ON SCENE (DESK REPORT),10/07/2018 03:20:00 PM,41.8820229,-87.637081412,POINT (-87.637081411989 41.88202289998),C,10,2018,15:00:00
45d3fc5556d1f57930711d7164293ae23c447de48e112d2c272095197141d6c199965e6972ee0e225871ed2759542a63104c66c0a7b31b7a8555df5050c7efee,2023-01-26 08:50:00,SNOW,DAYLIGHT,SNOW OR SLUSH,ON SCENE,01/26/2023 08:55:00 AM,41.743691654,-87.627907911,POINT (-87.62790791105 41.743691653958),C,1,2023,08:50:00
45be6b70b47523f5661709dd69a47008caab71c01e04c82b0b3cfb1ea140d66c7ce3bc5e6058f2e025ee2fc77cfba01de7c3a20998425cece8b7df2dbceaf09c,2023-05-31 16:00:00,CLEAR,DAYLIGHT,DRY,NOT ON SCENE (DESK REPORT),05/31/2023 04:41:00 PM,41.74579217,-87.635369997,POINT (-87.63536999702 41.745792169991),C,5,2023,16:00:00
45ec12a93d10d72804075bc16d2d7cb4612cb3124939ae777cfb7e7f55296ab370761322031ff2f1961075257f172579c9e085ba078b0f93e339700efc23b8dd,2019-08-12 08:00:00,CLEAR,UNKNOWN,UNKNOWN,NOT ON SCENE (DESK REPORT),08/26/2019 09:45:00 PM,41.832718962,-87.643777286,POINT (-87.643777285987 41.832718962029),C,8,2019,08:00:00
44bf9322a04ed6126bb833413011ff6fde241985981468d5b365828644970002c7ff9e87fe428f9a8a4e2d379181804a01ecbae59ea4f387a83087feec060bd7,2023-03-05 15:08:00,CLEAR,DAYLIGHT,DRY,ON SCENE,03/05/2023 03:25:00 PM,41.873695154,-87.633757755,POINT (-87.633757754987 41.873695154),C,3,2023,15:08:00
452d2db8015a63a745623532cb849c98ae41b51f2dc16cdaff1ac15805cfac11db645c4b104a723453b1bc367429f2dba9cfd9d0d12088ec38ec1b1e56af53ea,2015-12-02 13:00:00,SNOW,DAYLIGHT,SNOW OR SLUSH,NOT ON SCENE (DESK REPORT),12/02/2015 05:00:00 PM,41.977089945,-87.660033687,POINT (-87.66003368701 41.977089944963),C,12,2015,13:00:00
4978dfb7b9c2236ace80243b50201f2a04cd4c66cdf09343a8b3067ba4e39dbdd97d62c72b8e48524aab1635dda31a2a317470f3a1e563b9a1102abeda7bd30c,2017-09-19 18:45:00,CLEAR,DAYLIGHT,DRY,NOT ON SCENE (DESK REPORT),09/19/2017 06:55:00 PM,41.903825234,-87.64328636,POINT (-87.643286359995 41.903825233976),C,9,2017,18:45:00
497c0a0a9c0f14317a059ded603352f8df611f78ad954c9929611f20a63b34483667b035a4825789aebb622e6736c4799ad038e72c91c53472d6b3b6ba51d6af,2019-11-08 18:50:00,CLEAR,"DARKNESS, LIGHTED ROAD",DRY,ON SCENE,11/08/2019 07:00:00 PM,41.939956718,-87.643128761,POINT (-87.643128760973 41.939956717959),C,11,2019,18:50:00
484f983676403553754d2273465242d2de6d1f3cb4c307ecdc9be26852747db2972cf819cb36b85a5f842cc91a68acc093cde53388d01e911fc20c890dfa91f5,2021-06-17 11:00:00,CLEAR,DAYLIGHT,DRY,NOT ON SCENE (DESK REPORT),06/18/2021 10:00:00 AM,41.891621161,-87.624253929,POINT (-87.624253929022 41.891621161011),C,6,2021,11:00:00
48394df2f97e2f99f84a73f20d9c677dafff02683d4278d74837b23aeee5706b9ef18e1fcf652bcefeb115b659dacab50e65680c70847c74d322d0156cfaf57e,2019-12-05 06:41:00,CLEAR,DAWN,DRY,ON SCENE,12/05/2019 06:52:00 AM,41.939308285,-87.718653753,POINT (-87.718653752993 41.939308285031),C,12,2019,06:41:00
48202c5abf8a879c09943e662c9a35cc2d0e14c7e05faba58867cd21033452c1cedfd47e1e7e6887fac9d1253ca1d82fdc28098a48205b3984d4648b4b2f948e,2022-09-04 11:30:00,CLEAR,DAYLIGHT,DRY,NOT ON SCENE (DESK REPORT),09/04/2022 11:40:00 AM,41.991661571,-87.673665783,POINT (-87.673665782986 41.991661571017),C,9,2022,11:30:00
487df9e3fbdb29cd831a4cc42fb2aaa86024b58d359e8ee786f20e75736762c761bee8a2fcc4ab6129334325060eb01a432e923ce5b85118d24c37518f886d7b,2017-10-08 21:00:00,CLEAR,"DARKNESS, LIGHTED ROAD",DRY,ON SCENE,10/08/2017 09:15:00 PM,41.698600938,-87.662526847,POINT (-87.662526846956 41.698600938025),C,10,2017,21:00:00
478bbf4713193ef798eea2e8eaeb3edee17df7658f64112ca1b9ad8e637a278a1f1bd57c3b1578ecd08a4fbdebec436f5a926ea1900daf47350b41a0fe91146c,2020-01-31 13:00:00,CLEAR,DAYLIGHT,DRY,ON SCENE,01/31/2020 01:15:00 PM,41.958986951,-87.933993929,POINT (-87.933993928974 41.958986950953),C,1,2020,13:00:00
4910e6fc5f30ae1b1fa6541ca92490f0ed61b05505a5549d8618e339c7a73b5043607df0e7a202ae743275b6b9a147f4fd8c07beb65d29fad12bf1168bb56847,2018-07-05 15:36:00,CLEAR,DAYLIGHT,DRY,NOT ON SCENE (DESK REPORT),07/05/2018 06:18:00 PM,41.875560779,-87.710884921,POINT (-87.710884921013 41.875560779017),C,7,2018,15:36:00
49cf9b44f303dfe422331c4bc8c6eba6d2ff1397d65dbff585573e3cf5eb6cf661411cddffee98dd5fe102b5185e0138699460aa0503920257d78fe618db3251,2019-08-11 20:25:00,CLEAR,DAYLIGHT,DRY,ON SCENE,08/11/2019 08:45:00 PM,41.691376862,-87.720174306,POINT (-87.720174306034 41.691376861978),C,8,2019,20:25:00
4952605bc32cd42fa0a73e5530669a58123860d0f8c465f1659e1ecdb91c64afae63189cffc1dfdcbca2b5c70e697b82be545d22eede6b84fbecf4c8d2fd5a5b,2021-06-23 10:30:00,CLEAR,DAYLIGHT,DRY,NOT ON SCENE (DESK REPORT),06/23/2021 04:00:00 PM,41.802118543,-87.622114915,POINT (-87.622114914961 41.802118543011),C,6,2021,10:30:00