CRASH_RECORD_ID,CRASH_DATE,WEATHER_CONDITION,LIGHTING_CONDITION,ROADWAY_SURFACE_COND,REPORT_TYPE,DATE_POLICE_NOTIFIED,LATITUDE,LONGITUDE,LOCATION,CRASH_TYPE,CRASH_MONTH,CRASH_YEAR,CRASH_TIME
47dc92b0e3ad00ecbb4114cc9d05c94de7e36d1e97f02f32dbb63547816296ab4cbdfbee5c09f283acb279dd10132425dbae72f3effd8178489d9b3f3fba8c5f,2017-06-15 17:45:00,UNKNOWN,UNKNOWN,UNKNOWN,NOT ON SCENE (DESK REPORT),06/15/2017 05:55:00 PM,41.707483157,-87.681801977,POINT (-87.681801977018 41.707483157008),C,6,2017,17:45:00
48444455606b21c206d6c58b17d032a6e43b6170fb34d95f438a7b67ef552f98f9845b2a235654c2eeae8597152641cf6ffcd286117b2eb7a76d6150b4927879,2021-02-28 14:00:00,CLEAR,DAYLIGHT,DRY,NOT ON SCENE (DESK REPORT),02/28/2021 04:12:00 PM,41.744151639,-87.585945067,POINT (-87.585945066953 41.744151639042),C,2,2021,14:00:00
4a092a81018a86ed86c32f0c390284d5ec6e53ac92c77d59278627ead3bf705421b936956613051336237ce1b495bf8a013c6a20bb8f1a5acd734418c45038bb,2019-06-09 13:57:00,CLOUDY/OVERCAST,DAYLIGHT,WET,NOT ON SCENE (DESK REPORT),06/09/2019 03:20:00 PM,41.752251354,-87.655244975,POINT (-87.655244975044 41.752251353988),C,6,2019,13:57:00
48e86c2c54f565553581b7a07ff9063c03b0288e66d902bc3c988274c346133da2086cf220956f307c3bb8a6084e6b341d27e2f620354f5e72fe0fc525c3876d,2019-05-26 02:02:00,CLEAR,"DARKNESS, LIGHTED ROAD",DRY,ON SCENE,05/26/2019 02:03:00 AM,41.75869138,-87.60533417,POINT (-87.605334170015 41.75869137995),C,5,2019,02:02:00
475961204c564ca1f55c038749742783ff27657102ffd3273793e194bda20ac4619b8a16576a532f0ae76176b5b72a3f8bba7c6e6bf294d9950ddd7ddb03c569,2020-06-27 03:00:00,CLEAR,"DARKNESS, LIGHTED ROAD",DRY,NOT ON SCENE (DESK REPORT),07/02/2020 12:50:00 PM,41.993526819,-87.785155282,POINT (-87.785155281974 41.993526818998),C,6,2020,03:00:00
48aa16f95a7fa9fa74a3c676144d5343c7c15392de38cd3edaea90fec3b06f33d2a4d48f09df738d8ae67894e2a882ed29a00ff285dcc2ec0a9441cb51b00f6f,2022-10-17 07:47:00,CLEAR,DAWN,DRY,ON SCENE,10/17/2022 07:48:00 AM,41.748145617,-87.583161862,POINT (-87.583161862032 41.748145616995),C,10,2022,07:47:00
4876cedf67617bf9c6c08c8be022881803b24b6c3d8f77ad384906281d71f495ad4c22bd06cfbc03b8761dc0fb1f6cbedd1f2c006b69e3f78806beb48b407f98,2021-10-22 16:56:00,CLEAR,DAYLIGHT,DRY,ON SCENE,10/22/2021 05:02:00 PM,41.792270479,-87.791349347,POINT (-87.791349346979 41.792270478985),C,10,2021,16:56:00
485c478366f3d35819108a6d067efc33f26e1ba8066081bcaeb90978dbb9bf9ac1ae6239b89ddcac463fef943f4af821aac9ac2bc99b12a50ab16e98b0e861d3,2017-06-24 23:50:00,CLEAR,"DARKNESS, LIGHTED ROAD",DRY,ON SCENE,06/25/2017 12:25:00 AM,41.892021274,-87.772085732,POINT (-87.772085731994 41.892021273969),C,6,2017,23:50:00
498b4a2c67d182edd806be7dfaf6e766dc192fead6cb8a2b07b5bc0f57f62d676601d70a781029a474c2cdb0d55065e2c5aa59fccd6492faf6430b854bd4e2df,2018-09-05 07:25:00,CLEAR,DAYLIGHT,DRY,ON SCENE,09/05/2018 07:30:00 AM,41.746062636,-87.702143236,POINT (-87.702143235997 41.746062636044),C,9,2018,07:25:00
48711fe7300b4537f19e5d0a5e2d22611374a77a409960b0c0c1670c5b48e3048df74c2fdc9750fb7b9c9c8c903cdf48dbde244415f847a556bd77220acfbae8,2022-11-23 10:25:00,CLEAR,DAYLIGHT,DRY,NOT ON SCENE (DESK REPORT),11/23/2022 10:50:00 AM,41.851084197,-87.638340859,POINT (-87.638340859009 41.851084197047),C,11,2022,10:25:00
487890dda314a85ad8a7de61776f13ef36b4a9d3c8991530039d55e5822d8b6cda6418b2b10500d347074441290270e4f8c76d337518c2bc624543cb8793210c,2015-10-21 16:45:00,CLEAR,DAYLIGHT,DRY,NOT ON SCENE (DESK REPORT),10/21/2015 05:38:00 PM,41.710978823,-87.623452572,POINT (-87.623452572001 41.710978823009),C,10,2015,16:45:00
49dcb7b384e8ff9b95c754022caa41acc49dec1531d25a474b5852f65e2c2c2f73c4c3083dc7089ce40bdfd1ac25f47ecc04a063ebb39372265fa829069ba1db,2019-10-27 11:02:00,CLEAR,DAYLIGHT,DRY,ON SCENE,10/27/2019 11:04:00 AM,41.958986951,-87.933993929,POINT (-87.933993928974 41.958986950953),C,10,2019,11:02:00
48eb4a0996c1761c47f1a28603ca870cecd2fbeed6577ba092a9ca3562d9856f295ca48d6ea1001fc53f5d89f57cee46eb6b3f29aa0d1d19c802b1ed52c63508,2019-02-20 18:35:00,RAIN,"DARKNESS, LIGHTED ROAD",DRY,NOT ON SCENE (DESK REPORT),02/20/2019 10:30:00 PM,41.809781151,-87.594212812,POINT (-87.594212812011 41.809781151018),C,2,2019,18:35:00
47aa2337855442460b08f9e636115b5a9786d6dd698a1a745d0b7ff37df2069664eb9dafd35053639e47c41f7dbff4cbfe0d6ceb4e5c3e589f418da7b133d484,2016-02-26 16:00:00,UNKNOWN,UNKNOWN,DRY,NOT ON SCENE (DESK REPORT),02/29/2016 04:00:00 PM,41.778044783,-87.693217276,POINT (-87.693217275991 41.778044783014),C,2,2016,16:00:00
47f6552786cc80693726fc165554ee648707cdaee041d704518234d934141a276a511297cea65da82669e6de45f28af9249e81522eb2773fd7d9abce65afa8a7,2018-12-18 08:35:00,CLEAR,DAYLIGHT,DRY,NOT ON SCENE (DESK REPORT),12/18/2018 10:00:00 AM,41.884589493,-87.620498427,POINT (-87.620498427013 41.88458949304),C,12,2018,08:35:00
499e90b7940d4809208927c427e58afe32e56a97f8d31c179c568139398c7ca710cf938dafb417a97d405803e85cbfd6a1411d649cccdf7d7be4b8dd18f6ed90,2022-03-10 11:45:00,CLEAR,DAYLIGHT,DRY,ON SCENE,03/10/2022 11:50:00 AM,41.939939616,-87.80571399,POINT (-87.80571399001 41.939939615957),C,3,2022,11:45:00
4851cbd6d471e32104d88e63e67d4cf02f76afa55314cf44a7ace8386aae019dfdc5958621de1b329e76df33b2ed904baa526825597856c8c298f8859ad432eb,2018-06-05 12:42:00,CLEAR,DAYLIGHT,DRY,NOT ON SCENE (DESK REPORT),06/05/2018 01:28:00 PM,41.924490094,-87.717288131,POINT (-87.717288130979 41.924490093998),C,6,2018,12:42:00
49723adff69ad5ab74d56933ffc143fc19ea56624b3ddade932010f662eb10feb3eaa662fa84a0ea39272e31629acde99dda55d9672a639fdd09e6607800abd4,2016-11-25 01:25:00,CLEAR,"DARKNESS, LIGHTED ROAD",DRY,ON SCENE,11/25/2016 01:27:00 AM,41.842261161,-87.724350853,POINT (-87.724350852971 41.842261160991),C,11,2016,01:25:00
49fa80deb1b8d33cab75476ff95ab15a919f937419a6ec4ab63cd0fa8402be445e68526bf1020682ce4242a891ed0ee83e4e68e9a42478d0c00ed7fba2c16f0c,2019-08-30 19:25:00,CLEAR,DARKNESS,DRY,ON SCENE,08/30/2019 07:25:00 PM,41.903156214,-87.681994938,POINT (-87.681994937961 41.903156214027),C,8,2019,19:25:00
495ac7ce154783df07de766db97ab5502c688a78416f2ba1d993717b6792659c072ea66c43b3c13a3d0e1840713e91d4628bd38e24fac6948b8f68b05e9f9665,2017-01-20 06:55:00,RAIN,DAWN,WET,NOT ON SCENE (DESK REPORT),01/20/2017 07:10:00 AM,41.990853025,-87.675780234,POINT (-87.675780233996 41.990853024988),C,1,2017,06:55:00
498134d22bff2e10b29027017799ecdacfc1c338d8e8ebd7352c5d2c1057db390e8c27f26718fe8bed5146e2ef4befd2d87faa6580e776d5b3bb04c456e0bb61,2017-08-15 11:30:00,CLEAR,DAYLIGHT,DRY,NOT ON SCENE (DESK REPORT),08/15/2017 12:05:00 PM,41.841973133,-87.636321927,POINT (-87.636321926987 41.841973133034),C,8,2017,11:30:00
48ebf5935018cddccbf25147db0ed97d2bac3410a429dc6ae6065f4cd5a3756a432170832968ab7c7fee2d8c9f5d039983f1b5d62f8ac0f4f8b454c3989d8826,2023-04-13 08:55:00,CLEAR,DAYLIGHT,DRY,ON SCENE,04/13/2023 09:00:00 AM,41.958986951,-87.933993929,POINT (-87.933993928974 41.958986950953),C,4,2023,08:55:00
49041ff597c61b411e45ed0d4fc4ad48e0de14ed93fc9bfce8295bbd7e45ee5b334cc91651ec30af368fee66082b566202b6f2134a8102cd65ad0fb54f7d8166,2021-06-24 17:16:00,RAIN,DAYLIGHT,WET,ON SCENE,06/24/2021 05:26:00 PM,42.01603378,-87.690064013,POINT (-87.690064012981 42.01603377998),C,6,2021,17:16:00
47646610fcfccbc69255d85b3b618fe8396caa40e45b34b49c9403d96004aba3a5e0ab4f4d423f6d269006250b586bfd7c1575cebd1a2ee430a973bc2e039aab,2022-12-22 03:42:00,CLEAR,"DARKNESS, LIGHTED ROAD",WET,ON SCENE,12/22/2022 03:43:00 AM,41.744151639,-87.585945067,POINT (-87.585945066953 41.744151639042),C,12,2022,03:42:00
4824de26583b2e99041948c93bc44caf27125def058bbae71ca32b46752d793e5588c47e1c1811bb07c6235502af91b18a393b06bfef7fceeedd8a10a16adc5a,2017-12-16 01:00:00,CLEAR,"DARKNESS, LIGHTED ROAD",DRY,ON SCENE,12/16/2017 01:11:00 AM,41.851584026,-87.623623384,POINT (-87.623623384015 41.851584025965),C,12,2017,01:00:00
483b4b02d71e6b4da8ce0f7782238d557227bd2a94598b3ac5f465d008bdce95662491d92a75c28e13c625522b4e72fd0253296e4cc5d333247b048e1023f1c2,2022-07-02 16:19:00,CLEAR,DAYLIGHT,DRY,NOT ON SCENE (DESK REPORT),07/02/2022 05:30:00 PM,41.991904767,-87.662554045,POINT (-87.662554044964 41.991904767047),C,7,2022,16:19:00
47caf1d0c28328f5d14c372bf3a28092280391420829df00e67399835e09b077c8d59a5b0a5eb50d2d7b06e43e64515c827edda16f9e0cfc4d3754b0c6debaf4,2020-05-03 22:22:00,CLEAR,"DARKNESS, LIGHTED ROAD",DRY,ON SCENE,05/03/2020 10:49:00 PM,41.893216223,-87.624812444,POINT (-87.624812443976 41.893216223021),C,5,2020,22:22:00
48630e9aa961017c644e85aecd02f082bb8373c753910681d9687207e857cda5b1d1536591bfb99d72e5352da109742569dd47159739fd35ad412bc1aff754ef,2016-02-18 12:59:00,CLEAR,DAYLIGHT,DRY,NOT ON SCENE (DESK REPORT),02/18/2016 01:45:00 PM,41.821072094,-87.694749076,POINT (-87.694749075969 41.821072094005),C,2,2016,12:59:00
49da60b50a7eec0f70c246d8d59927fa287ae5b094d2afbd3d81894e45bbc0eaca552df598b60950a7ae9f23f084e971a7c43e50fd8e029d1ec247c5adbb516d,2021-05-29 02:30:00,CLEAR,"DARKNESS, LIGHTED ROAD",DRY,ON SCENE,05/29/2021 02:33:00 AM,41.804357658,-87.582050971,POINT (-87.582050971028 41.804357658011),C,5,2021,02:30:00
49e387f2348845e189cab4a6ed86f3f626a8c6b4b010158cafea1f0e66236a702b3821022b38ef54617755175fc2e0a932750a26b798dbc958bae6e4a2931754,2019-10-08 05:30:00,CLEAR,"DARKNESS, LIGHTED ROAD",DRY,ON SCENE,10/08/2019 05:30:00 AM,41.648314124,-87.545234984,POINT (-87.545234983989 41.648314124036),C,10,2019,05:30:00
48a4190747ac4cc9f74820fee046336a88779a85b17a7b49d9bbc2f2238b2ce3c4b9a2b21cbb1e71cd86403fb5a91db8bb72d2392e8d2a8df8d2f6287410eb46,2023-06-03 17:30:00,CLEAR,DAYLIGHT,DRY,NOT ON SCENE (DESK REPORT),06/03/2023 06:15:00 PM,41.885850057,-87.763462584,POINT (-87.763462583999 41.885850056955),C,6,2023,17:30:00
493dc0e6bc8626762e1f35d329dc4084e592e1f0dd3dc3b27ca17fc1bd1022cbe72a3f19888bf78b3a5642bdcee5aa2cdef9b27c848cbe8839e770cc181b8150,2020-11-16 19:33:00,CLEAR,"DARKNESS, LIGHTED ROAD",DRY,ON SCENE,11/16/2020 07:47:00 PM,41.845112295,-87.705201536,POINT (-87.705201536014 41.845112294966),C,11,2020,19:33:00
48d0542b7ea908b2671ac4b896363c29b5eb0e56e179e0588a841183285591edb3f2114a785007f9c3c7983586d914f11952b79f92a85353f2b70c489fc1c5c4,2023-07-03 18:20:00,CLEAR,DAYLIGHT,DRY,ON SCENE,07/03/2023 06:24:00 PM,41.961753352,-87.663885141,POINT (-87.663885141038 41.961753351994),C,7,2023,18:20:00
47aef809b09089058c367006e71c26650be3925bd7c2a97bfc84cfa7a7fb98b9ed02532a73896185678f12e00d3cd1d05a217095171767710d1f1a4cd1ae5368,2017-04-17 03:00:00,CLEAR,DARKNESS,DRY,NOT ON SCENE (DESK REPORT),04/17/2017 07:09:00 AM,41.970394026,-87.780773805,POINT (-87.780773804994 41.970394025964),C,4,2017,03:00:00
48c19948148a296488025756cbdaf99728633f03a22d2d85f1162346dd1c28b7ff86670d9552ed97ad6d902e2b0497724a58ac7587d95fec5d0817b69b3453d8,2022-06-20 11:00:00,UNKNOWN,UNKNOWN,UNKNOWN,NOT ON SCENE (DESK REPORT),06/20/2022 02:00:00 PM,41.747906244,-87.649882019,POINT (-87.649882018964 41.747906243964),C,6,2022,11:00:00
47793c09b004907a916b5f792af176fe0f337267b8f961289461226efab7a322349f1539dc951fa203406b7fe870946331c04950aba9320b90598c9c72ce32ae,2016-03-08 17:23:00,CLEAR,DAYLIGHT,DRY,ON SCENE,03/08/2016 05:40:00 PM,41.780304839,-87.605684765,POINT (-87.605684764957 41.780304839023),C,3,2016,17:23:00
479d80cfa4214304f38a6f056950a18022aeb7fd02a5a5ed28ace09e73452df90220a9d933c9e9163554c09f01581d50f3280ce2e6eb132c64f3e39bf2ad0891,2019-04-14 11:28:00,SNOW,DAYLIGHT,SNOW OR SLUSH,NOT ON SCENE (DESK REPORT),04/14/2019 11:57:00 AM,41.710859781,-87.628468438,POINT (-87.628468437997 41.710859780955),C,4,2019,11:28:00
493f21ee5bbba0085f3880e81cc28283bdd9ef490af57e7cbc8fdab697db09931ba9061253b33b7e3158b2ea796f138ab3e300cded582c1bb73542d952a6b208,2021-10-22 21:11:00,CLEAR,"DARKNESS, LIGHTED ROAD",DRY,NOT ON SCENE (DESK REPORT),10/22/2021 09:40:00 PM,41.756894455,-87.59286789,POINT (-87.592867889958 41.756894454967),C,10,2021,21:11:00
483140b5e4aae58e1693b0a149948421cda59c846b7ad358e12c6c4f739be7f581105ae207dc8a4e2f0e483d12e6894b749b711740385903f0a681e16cd57410,2020-09-24 08:00:00,CLEAR,DAYLIGHT,DRY,NOT ON SCENE (DESK REPORT),09/27/2020 06:30:00 PM,41.686530516,-87.637501618,POINT (-87.637501617978 41.68653051601),C,9,2020,08:00:00
474ffd74159030392c13e1338f72d7d55d8becd84a827083f1577b7355194fe8613fe4cd1f7f9bb676bab59e85d4505e1a74ccc8cb9aa475b6bbb646d0effb25,2019-04-23 17:30:00,CLEAR,DUSK,DRY,ON SCENE,04/23/2019 07:52:00 PM,41.970333488,-87.687606198,POINT (-87.68760619802 41.970333488046),C,4,2019,17:30:00
49559f4ec3265c93a0f4d43eb9679b70d0fc08bc52d607cf071c484045fd52d7e9773cdaf6e40872a441aff71f60f30cfc0ce14028a4a937460fcd6ad8dc6552,2018-07-26 20:44:00,CLEAR,"DARKNESS, LIGHTED ROAD",DRY,ON SCENE,07/26/2018 08:45:00 PM,41.878685793,-87.669614611,POINT (-87.669614610988 41.878685792957),C,7,2018,20:44:00
47f0cf950485cc535a1720279a9ef5ecb36764db4d3fda7e09b74f67e5bf1ddce1b3463a4c8d8b235ac5c0b6d4a31c8992994c31dc86a493f12d747b2034de37,2017-11-01 17:10:00,RAIN,DAYLIGHT,WET,NOT ON SCENE (DESK REPORT),11/01/2017 05:25:00 PM,41.939393673,-87.712358819,POINT (-87.71235881898 41.939393673023),C,11,2017,17:10:00
480dadc679c970f9040fee548a887b2cb0e5785f3baf6f23685f459b9393a68564a76e975ac73138c354472c227e2df51cff7f1d9370d0b127503d1f854ffe7a,2018-04-05 08:19:00,CLEAR,DAYLIGHT,DRY,NOT ON SCENE (DESK REPORT),04/05/2018 09:12:00 AM,41.866501191,-87.686157599,POINT (-87.686157599021 41.866501191036),C,4,2018,08:19:00
478b935212e7232115d6c9759984bfc1d68bc31799fd595f9d6cbd59847aaf4c6a64f971c596245c64f6f9b813ef6636a168b37844869ecc25e491f670542f58,2018-02-15 15:30:00,CLEAR,DAYLIGHT,DRY,NOT ON SCENE (DESK REPORT),02/16/2018 02:30:00 PM,41.903639931,-87.65554697,POINT (-87.655546970003 41.903639930952),C,2,2018,15:30:00
4955ef0668459ebb43acd86cafc39c77d780de30062419d528557a303442cac485dec796ae07da19db08a9fa1f7ffd32072d0b8c9a805e9834371a3e31ca45d4,2018-08-26 04:50:00,CLEAR,DAYLIGHT,DRY,NOT ON SCENE (DESK REPORT),09/01/2018 07:40:00 AM,41.917544597,-87.682788418,POINT (-87.682788418021 41.917544596985),C,8,2018,04:50:00
47ac28b8e84ac9c6ef0b74d6828fdea0273a7551a8eb5f76151f9e5ed58c7a583a0bd55c67f0097b2089ff883477ad407a6e4a2078563dff66c79654d50b8a9c,2018-04-02 17:45:00,CLEAR,DAYLIGHT,DRY,NOT ON SCENE (DESK REPORT),04/02/2018 06:40:00 PM,41.920000585,-87.771951512,POINT (-87.771951512022 41.920000584957),C,4,2018,17:45:00
478f1b6e5df5d1d2010f8162338749ed4c0dd538854393cb662c1bf42537522d2f3047927fde1826dc9192bc4daf17c79559ce7adc70b84445fc423e51dda8ed,2021-08-23 14:00:00,CLEAR,DAYLIGHT,DRY,NOT ON SCENE (DESK REPORT),08/23/2021 04:11:00 PM,41.857801741,-87.658812307,POINT (-87.65881230701 41.857801740993),C,8,2021,14:00:00
481ce4bd38b84825d08e8a6833e951947f74a08716cfeb5bb89591e821771314dcb2a714b4c515b81b5fa07dd8b58d2a9fc9d347c7b30de11c9b12a5dd2706e7,2021-01-08 16:46:00,UNKNOWN,UNKNOWN,UNKNOWN,ON SCENE,01/08/2021 04:46:00 PM,41.882211292,-87.710898608,POINT (-87.710898608036 41.882211292041),C,1,2021,16:46:00
49205e9e8c20d1bbb37072543f89f0eab41cfac0a430b900d182b7fd371087b5bf96691d60df101dbeeb3b5ab1a7e748d12b739f1a4a0062c6ca9a11b27b6e5b,2022-08-06 23:45:00,CLEAR,DARKNESS,UNKNOWN,NOT ON SCENE (DESK REPORT),08/06/2022 11:55:00 PM,41.881735573,-87.765054181,POINT (-87.765054181007 41.881735573029),C,8,2022,23:45:00
48098255be67d480b31d6dbba26d0d441f08f330b81e51636abe0fb4c97737bb457a493bbb0ad40aaab097cdb32cda269eee02561cdca6c4b92eadd147ae7e04,2023-01-18 20:21:00,RAIN,"DARKNESS, LIGHTED ROAD",WET,ON SCENE,01/18/2023 08:21:00 PM,41.877836738,-87.64729714,POINT (-87.647297139953 41.87783673803),C,1,2023,20:21:00
4752818418cdbb9181d35936b147602e2dcd39a2ad776734f93035210fa81a0eae281ed83ff0b12b93e15955137837de958b0d99397d286b99b21479c149387f,2022-02-12 09:53:00,CLEAR,DAYLIGHT,DRY,ON SCENE,02/12/2022 09:53:00 AM,41.689777039,-87.670133254,POINT (-87.67013325402 41.689777038999),C,2,2022,09:53:00
49074633bb60c57687e7561ea699d483fde6ce3214da54759acc5844c230d4dc231d2bf69c3aff0b9c0641dd17040b6eb74baebb5bacff591f548f88f55eb9e5,2018-03-19 06:45:00,CLEAR,DAYLIGHT,DRY,NOT ON SCENE (DESK REPORT),03/19/2018 07:00:00 AM,42.015901674,-87.669442135,POINT (-87.669442135045 42.015901673999),C,3,2018,06:45:00
48151af9b630976eb599977c23f3f5ee1c0da8399e13d265a36feed392091f0b965102f68fb5ba0ee983d21d647cfa9fbbb9fccb0a2433d6b27eb4d7bedf6eee,2020-12-27 12:16:00,CLEAR,DAYLIGHT,DRY,ON SCENE,12/27/2020 01:28:00 PM,41.8516599,-87.72453636,POINT (-87.724536359985 41.851659899998),C,12,2020,12:16:00
486fd75269ae8a9a1252fa77140f177fc1f730bd64c77cdfc49a540edd7fddfc380c6f2b1571052ac8c59d483026f1fc91c6d4bc15a4fc916287a7d3c5d1af5a,2017-06-16 16:30:00,CLEAR,DAYLIGHT,DRY,NOT ON SCENE (DESK REPORT),06/16/2017 06:05:00 PM,41.741803599,-87.740953582,POINT (-87.740953581987 41.741803598989),C,6,2017,16:30:00
481af43b0ee2f66f39026bb535bc55963059fc929cedffba38ece19787fc318ae9b3f8a847a3de91c5127bb15356c4a0ff899defcf2ec948881f744132e1e7c9,2018-03-15 08:50:00,CLEAR,DAYLIGHT,DRY,ON SCENE,03/15/2018 08:58:00 AM,42.000966322,-87.706912298,POINT (-87.706912297994 42.000966321954),C,3,2018,08:50:00
47b9cc3df7525b8e66e43b9a68259bc8b972340949fb7f4ab52cfd705e102c39845bec9a91c1c0ea2c51cab66d6019e6d6fed2b85e2e2a9fd1ce419668914bad,2018-03-04 15:10:00,CLEAR,DAYLIGHT,DRY,NOT ON SCENE (DESK REPORT),03/04/2018 03:42:00 PM,41.903825234,-87.64328636,POINT (-87.643286359995 41.903825233976),C,3,2018,15:10:00
4876666f7947fcf2de1f9d8895ece3c3d2f9728c1f4613ced3e4ea66ca0690c85550f668c2575f9c8dc2146d31824e32d39602aa79f9c50ce52452eb4a683fd1,2022-01-24 08:00:00,CLEAR,DAYLIGHT,SNOW OR SLUSH,NOT ON SCENE (DESK REPORT),01/24/2022 03:05:00 PM,41.782946018,-87.698229577,POINT (-87.698229577042 41.782946018006),C,1,2022,08:00:00
4a1021c1c4d19a077c9dcef5f963c7ae96bfcd46f33f420e28c0bbaee0bb4a7412d4677e525e85ab0e418e051c59f8b3badbbb3384f77b6347410009db0bcb58,2018-08-15 10:05:00,CLOUDY/OVERCAST,DAYLIGHT,DRY,NOT ON SCENE (DESK REPORT),08/15/2018 12:21:00 PM,41.932855264,-87.759060397,POINT (-87.759060396986 41.932855264049),C,8,2018,10:05:00
476706ad3666359398c7074111a65841e7c368cc8769d4717f5555e5ef1c7013013df7181ca16bcb3c89d8a86e560eaa48fb69fdca9c9b5c9f3ebbf6103a713a,2021-12-15 11:00:00,UNKNOWN,UNKNOWN,UNKNOWN,NOT ON SCENE (DESK REPORT),12/15/2021 01:50:00 PM,41.953094431,-87.698067597,POINT (-87.698067596995 41.953094431048),C,12,2021,11:00:00
484d9e9d26f179c7b040b237fdf1699c9961a861bfcb1217c71da3b5d35f6924e7ac77e1bd87f77a4d45144797a47313a667a401f56a2dad193a0307d8654f7d,2021-02-07 12:43:00,CLEAR,DAYLIGHT,ICE,NOT ON SCENE (DESK REPORT),02/07/2021 01:45:00 PM,41.955818611,-87.64662351,POINT (-87.646623510041 41.955818611019),C,2,2021,12:43:00
48d9f85b904db2070f0d4a351b9d9a691eb37223a13cafa1f1045f6e452c12cc112370cb83523ddfa9bc4a0c0bf09b793b554f04825e83d25ac571e05585c5c0,2020-06-14 15:57:00,CLEAR,DAYLIGHT,DRY,NOT ON SCENE (DESK REPORT),06/14/2020 05:16:00 PM,41.894790473,-87.759400091,POINT (-87.759400090958 41.894790472985),C,6,2020,15:57:00
4987e969ba27c805b4ebf505e33ad932e364a0a6910332eb90d645c0490d8596e9d43fdd0d476ccb8aca68577ff32e77db5a93140ce5a6787a692e7775ef0899,2017-06-13 12:30:00,CLEAR,DAYLIGHT,DRY,NOT ON SCENE (DESK REPORT),06/13/2017 01:30:00 PM,41.852970437,-87.705143484,POINT (-87.705143483993 41.852970437023),C,6,2017,12:30:00
493fdf81720b0c4c6122d2e2faa4ca61e4ecd0cc3110947358784d7d7ac28502003b1015c5f853cc4fae4166592b04b21f01695ee18aac8aef9f4dd746c7af98,2018-10-27 10:30:00,CLEAR,DAYLIGHT,DRY,NOT ON SCENE (DESK REPORT),10/27/2018 12:03:00 PM,41.931607951,-87.697755776,POINT (-87.697755776035 41.931607951049),C,10,2018,10:30:00
4a10cb19049d7390704ba7a9a6a541e0f10dd9689c5946dc06129c9261d9ddce8dff0a3ce05f13c11bb825e296ed8a6a2af008058df96e4cd2e6f0c889780ef7,2019-08-08 17:25:00,CLEAR,DAYLIGHT,DRY,ON SCENE,08/08/2019 06:00:00 PM,41.912181159,-87.694657267,POINT (-87.69465726698 41.912181158989),C,8,2019,17:25:00
484b78976f820b285c97445d79c3967922d6fbee2862322d1802371ce95dda88812741ca4b6c8d93526026d3ec9df39d648865f6cd85be86529b877e1729e8fd,2022-09-17 02:32:00,CLEAR,"DARKNESS, LIGHTED ROAD",DRY,ON SCENE,09/17/2022 02:32:00 AM,41.960921874,-87.739753307,POINT (-87.739753307037 41.960921873996),C,9,2022,02:32:00
48e2834fbabddcc3d69b56fb7e9ec94f33c9ec1b01383ddfb532b2b37eb7638647fe05fcc1f8d15bb1e1ae7d3324d26e0d027ddab51a8bdca7a9d485fec6bac4,2023-02-15 08:30:00,CLOUDY/OVERCAST,DAYLIGHT,DRY,NOT ON SCENE (DESK REPORT),02/15/2023 09:20:00 AM,41.946788878,-87.675947031,POINT (-87.675947031019 41.946788878023),C,2,2023,08:30:00
47bc4ac18b131dc43f96d441dbd9d65a66cf5d94d72c17b57155fd6d560c39cc0df74d95c2e734ef00b9ce9aae5d56c4c5a6964a4f947c94eeadef4dda714a24,2019-05-04 17:52:00,CLEAR,DAYLIGHT,DRY,ON SCENE,05/04/2019 05:52:00 PM,41.785387445,-87.606183761,POINT (-87.606183761008 41.785387444959),C,5,2019,17:52:00
484281358dc2bc5cc882d1beaeaf2e7e1e22b7f6aa38d59540cf62b8d757a2814bc43bf2ae0f51c1a1250106ba787d5883df246024a7be1af1ff933a0d118ccd,2016-07-30 02:30:00,UNKNOWN,UNKNOWN,DRY,NOT ON SCENE (DESK REPORT),07/30/2016 09:00:00 PM,41.954105717,-87.693290369,POINT (-87.693290369008 41.954105716988),C,7,2016,02:30:00
4939f77ca3df93bb70c27f55f4a296e3e215865d57b973912be23af2d88f0263154798e22a0f2555c8eef41e2f5c7c14516a2d8c8ccd7d1ef269d8111ae57cf9,2019-09-19 19:30:00,CLEAR,"DARKNESS, LIGHTED ROAD",DRY,ON SCENE,09/19/2019 07:34:00 PM,41.781626709,-87.762015567,POINT (-87.762015567 41.781626708966),C,9,2019,19:30:00
474c1a47e16e919df90a45e0f739a58617a799f177652b16f029f86ed59626b20f9b1844c0afbd6f2e2c767004f0a4b0238091d1fbc7881ee1530660f347e875,2016-10-31 11:50:00,CLEAR,DAYLIGHT,DRY,NOT ON SCENE (DESK REPORT),10/31/2016 12:04:00 PM,41.879714362,-87.774496221,POINT (-87.774496220954 41.879714361958),C,10,2016,11:50:00
47e66966965740e4825f7d4857626b37742e513f949416da041145c80aacf9a40c533374cb15fa030d476e920d2b27b5f7f8aede810256efde321c532ab99342,2022-04-30 11:07:00,CLEAR,DAYLIGHT,WET,ON SCENE,04/30/2022 11:09:00 AM,41.895747777,-87.632840348,POINT (-87.632840348002 41.895747776955),C,4,2022,11:07:00
48729efb107f2bd06def0ff8be1354534979dad10929ff4f8b6c7762711ee2d61ed748fd5fcb8c8dcb5d6344bd56bf38176d25146547e6f786a18db14736ddaf,2022-10-11 19:30:00,RAIN,"DARKNESS, LIGHTED ROAD",WET,NOT ON SCENE (DESK REPORT),10/11/2022 08:00:00 PM,41.960921874,-87.739753307,POINT (-87.739753307037 41.960921873996),C,10,2022,19:30:00