CRASH_RECORD_ID,CRASH_DATE,WEATHER_CONDITION,LIGHTING_CONDITION,ROADWAY_SURFACE_COND,REPORT_TYPE,DATE_POLICE_NOTIFIED,LATITUDE,LONGITUDE,LOCATION,CRASH_TYPE,CRASH_MONTH,CRASH_YEAR,CRASH_TIME
4825c694bf79e2fcab6f525e58964ef924e23f0ade3408af0c8a301c8b023e2246c5b40b3ce91d4541e00d8c487194ed6ff5fca411743ee6f3d1e08d01aef317,2021-02-07 19:38:00,SNOW,"DARKNESS, LIGHTED ROAD",SNOW OR SLUSH,NOT ON SCENE (DESK REPORT),02/09/2021 09:30:00 PM,41.907550152,-87.758067582,POINT (-87.758067581954 41.907550152036),C,2,2021,19:38:00
48e0fe6af39fb112dd6ec8ad69ef91f08531262151c2e7a95d36f1220d6e8b15908340e61d9d3206d5cdd4561d53c01f8039d8dd10042a0a977e98e7ea33cdc6,2021-10-11 15:20:00,CLEAR,DAYLIGHT,DRY,NOT ON SCENE (DESK REPORT),10/11/2021 07:30:00 PM,41.690466235,-87.651905973,POINT (-87.651905972984 41.690466234975),C,10,2021,15:20:00
485c15365722fd4e19724171c2140e4562eae4a575e32061b76d632454ef8938558063355acffc393d1506db15760d9007bf2cb2c5d4e3be771e4aa02ff39cb6,2022-03-22 02:11:00,CLEAR,"DARKNESS, LIGHTED ROAD",DRY,ON SCENE,03/22/2022 02:13:00 AM,41.880915377,-87.773103474,POINT (-87.77310347396 41.880915376995),C,3,2022,02:11:00
4b0301adc8c1ba12a013c246078c1348116c29d207ac2004d3a8dfc3c881cd4ef49de958998006ea8e3d63128bfff2ad3ff279238dfd87c00fffc973d8e672cf,2021-09-11 00:38:00,CLEAR,"DARKNESS, LIGHTED ROAD",DRY,ON SCENE,09/11/2021 12:55:00 AM,41.838290023,-87.711107968,POINT (-87.711107967961 41.838290023025),C,9,2021,00:38:00
4b31d11ea740e1d8a4f7e673d175add558a2f85575fa041b7df063ca3666f4cf5518f89e5f345be1b258bcfd4ac515ae7580a9619e3aa5ca188132a6fa277d34,2022-10-21 15:15:00,CLEAR,DAYLIGHT,DRY,NOT ON SCENE (DESK REPORT),10/21/2022 04:10:00 PM,41.69968025,-87.701258182,POINT (-87.701258182041 41.699680249961),C,10,2022,15:15:00
4a3296aa66c42b095ac90f4d260196739a97f1dd1aa186bee506216987a1cb694108925e5fbbc8578fa3108335ba216f1b63a8773bbc63ce4e3e5ab398ce0bdf,2022-10-21 23:30:00,UNKNOWN,UNKNOWN,UNKNOWN,NOT ON SCENE (DESK REPORT),10/22/2022 12:00:00 AM,41.851905866,-87.6239257,POINT (-87.62392569999 41.851905865962),C,10,2022,23:30:00
4a3c37f7d5eeb17e1f9a88b041888c98e612964b28adda5aafb8f9a597bb2c5c2efd9fb488bf4d922767249dd47ad342bc21b1dcf9d06ddcc9ec5c189ca4763f,2018-06-23 23:50:00,CLEAR,"DARKNESS, LIGHTED ROAD",DRY,ON SCENE,06/23/2018 11:52:00 PM,41.891621161,-87.624253929,POINT (-87.624253929022 41.891621161011),C,6,2018,23:50:00
4bf2ce417c0583da72093aa507a60c504ddbc1a40d47ef1b8465ae80db2a46786d48677ada83d6b4416bd3e9d31603bd09699fe8f745d8d7b65e878bee2736cc,2018-06-11 11:30:00,RAIN,DAYLIGHT,WET,NOT ON SCENE (DESK REPORT),06/11/2018 12:00:00 PM,41.975383528,-87.752958923,POINT (-87.752958923026 41.975383528015),C,6,2018,11:30:00
4c2897ed14af60db30cb31004c6a8999df8ff14f6166382cb1f45276d34bca0983198f70ea4c7d6a10e89b84c218dfd4404b47027d3ede9228e14c6ae1e418e8,2022-06-26 15:45:00,CLEAR,DAYLIGHT,DRY,ON SCENE,06/26/2022 03:50:00 PM,41.896820103,-87.667459197,POINT (-87.667459196964 41.896820103009),C,6,2022,15:45:00
4a26c14e9764e8de2bb69d14e4ab265379fdcc955b79ca6cbc4fad232ba511c3835e71be71107c6b9892222fc62b106fa2d2d86a38497b59f68dc871f8df6200,2021-04-08 00:20:00,CLEAR,"DARKNESS, LIGHTED ROAD",DRY,ON SCENE,04/08/2021 12:24:00 AM,41.755698309,-87.591202807,POINT (-87.591202806983 41.755698309013),C,4,2021,00:20:00
4a584fb3ba43bc7430baaa3fc61be5e78df8c3f6eed6a609bf9ee2956de716a04d950dea45923a57eb1df009ecfb1f4a6fa9536212daa5114df079499e106505,2021-09-17 19:55:00,RAIN,"DARKNESS, LIGHTED ROAD",WET,NOT ON SCENE (DESK REPORT),09/17/2021 07:58:00 PM,41.844469862,-87.716531999,POINT (-87.716531999035 41.844469861986),C,9,2021,19:55:00
4a8180b45e33159d62f9950eb6408ea07833133c29314da9f9fa53f1319dbd9b61f9cf3c3410abf027a2b7cb526b7218c4e10136c5103bd3daa4bc4d957ca9dd,2023-03-16 18:00:00,CLEAR,DAYLIGHT,DRY,NOT ON SCENE (DESK REPORT),03/16/2023 07:34:00 PM,41.753031226,-87.604154541,POINT (-87.604154540981 41.753031225972),C,3,2023,18:00:00
4b7bd2eb6cf6bca825d122d7420b656bc27f04be652a06386247c79159d0268c061b5c4d94fd183c0d9badc4eb57e8828d5f0972d1fe67857326424eaaab4766,2018-12-27 17:30:00,CLEAR,DAYLIGHT,DRY,NOT ON SCENE (DESK REPORT),12/28/2018 10:00:00 AM,41.969261067,-87.650422729,POINT (-87.650422728959 41.969261066974),C,12,2018,17:30:00
4c492802e8e849486555bcd8f8bf44598880ab0a48c7a1579508871af2704c7563661854b7036a80125fda7a26a1facb4acdc6c39fe6cafb24300f686df07f10,2018-03-13 01:55:00,CLEAR,"DARKNESS, LIGHTED ROAD",DRY,NOT ON SCENE (DESK REPORT),03/13/2018 02:27:00 AM,41.924490094,-87.717288131,POINT (-87.717288130979 41.924490093998),C,3,2018,01:55:00
4c9c78a451034d0ff2047587651465408e5ef62dd94fcd0a8370e7187ac42345ee316349b49b53aa25a53aa77a70e0edc6edc28b6028547de55aee09188d39f1,2020-02-28 07:20:00,CLEAR,DAYLIGHT,DRY,NOT ON SCENE (DESK REPORT),02/28/2020 07:45:00 AM,41.881735573,-87.765054181,POINT (-87.765054181007 41.881735573029),C,2,2020,07:20:00
4cce025a867a1e2eeadc5d8501b59148fa9987c52526426e949e8e85ff97f71938e3035bf44b2d3e41a1146ee04f520940003a3c66272327abd201e9bf926a89,2020-11-18 11:00:00,CLEAR,DAYLIGHT,DRY,NOT ON SCENE (DESK REPORT),11/18/2020 05:00:00 PM,41.785387445,-87.606183761,POINT (-87.606183761008 41.785387444959),C,11,2020,11:00:00
4cb1a13f9fe73bdc0c95c796840234c616996fd528fe100c0a8c9e0767fff8df5f50829ca812fec445ae2dc3449b949df918268436d4be8916862bd6e8026c02,2023-01-17 06:22:00,CLEAR,"DARKNESS, LIGHTED ROAD",DRY,NOT ON SCENE (DESK REPORT),01/17/2023 08:23:00 PM,41.794090446,-87.630527331,POINT (-87.630527331008 41.794090445987),C,1,2023,06:22:00
4a67a14a19effb6dc1f22c461669b08638bdc95a52985d7f982012527dfd0e15ff04477dc9b273b9a2d6aa053d1a57e97d3abe71178269e264b763f45a8d5d7a,2019-05-08 05:00:00,RAIN,"DARKNESS, LIGHTED ROAD",WET,ON SCENE,05/08/2019 12:42:00 PM,41.887887723,-87.660972082,POINT (-87.660972082001 41.887887723037),C,5,2019,05:00:00
4bc054e015c3a2f26114b490fc068597d51499772a42438543f409f147f12cd926be9551b85d06a97b416f4670bf41e49e58b702c254c8c1b03103524c185aef,2018-12-14 08:00:00,CLEAR,DAYLIGHT,DRY,NOT ON SCENE (DESK REPORT),12/18/2018 10:45:00 AM,41.873218788,-87.656949953,POINT (-87.656949952956 41.873218788006),C,12,2018,08:00:00
4bead5aa84418f1c9eecde8dc1824bf44f86066d82f622e786dd4959e5fe7d517f90ca3e6dd585046ba6b0b965dee43a380ed1f2360f6b0fc0ebb63ba07fef0e,2017-04-08 06:00:00,CLEAR,DAYLIGHT,DRY,NOT ON SCENE (DESK REPORT),04/08/2017 12:42:00 PM,41.788923702,-87.708476032,POINT (-87.70847603203 41.788923701986),C,4,2017,06:00:00
4a63bac1cb93446e0d276d89cb5864c38d7bc1d1eb8bfaf904ad8f7164f45b0cda355e380414861448df6a2469c50700410133eb9fa294c035964d30aaab5fc9,2023-03-08 19:10:00,CLEAR,DAYLIGHT,DRY,NOT ON SCENE (DESK REPORT),03/09/2023 11:00:00 AM,41.932458683,-87.644690381,POINT (-87.644690381015 41.932458682964),C,3,2023,19:10:00
4a8dd506c5c16a6c935bcab6aa4e6a5c2f4dcfd580f99437cb6543155f8356293c5bf680f1d6e829c0e6991443347e1bc4e68ee4ec71a964b516422a3e3f6ca2,2023-02-13 10:40:00,CLEAR,DAYLIGHT,DRY,ON SCENE,02/13/2023 10:47:00 AM,41.876523231,-87.77448555,POINT (-87.774485550028 41.876523231033),C,2,2023,10:40:00
4c253fac13901110f3947ebd892f3ad3da0343696aa1994b7c4f570dd5552b20c1deef3ba4e9a73b1700cc8d87abf76fb8e739c0d54845929ab7d683f0f73440,2023-04-06 13:30:00,CLEAR,DAYLIGHT,DRY,NOT ON SCENE (DESK REPORT),04/06/2023 03:20:00 PM,41.741803599,-87.740953582,POINT (-87.740953581987 41.741803598989),C,4,2023,13:30:00
4a80bd3f6e3d88e8e79c3da8022982cc9d29966d06b40d87452f77f3898259179c49e23e72d7ffed214734c9515ca979cd5b0fc21937ef0d4834689dd653fa19,2021-01-03 00:01:00,SNOW,UNKNOWN,SNOW OR SLUSH,ON SCENE,01/03/2021 11:00:00 AM,41.925660873,-87.739188002,POINT (-87.739188001978 41.925660872981),C,1,2021,00:01:00
4a668842e923f486bf856e4f98bcf9d5b9c22a4e4f970e245c50574598a6ebe42543ce4ebfd36e094007fe9bcf94925b5e69c1ee3891b6c6005063865b9d3538,2023-06-22 16:00:00,CLEAR,DAYLIGHT,DRY,NOT ON SCENE (DESK REPORT),06/22/2023 07:31:00 PM,41.741374167,-87.721506394,POINT (-87.721506393957 41.741374166961),C,6,2023,16:00:00
4ac690b71859d242e0780c37d8e9e19eaf3dbe603fca18437fcea78bc8d9ed47d523299a1c97a60477f90320d5f04687eca1fc1a8312e477bea3fce5bfbc6ad5,2022-08-11 23:25:00,CLEAR,"DARKNESS, LIGHTED ROAD",DRY,ON SCENE,08/11/2022 11:25:00 PM,41.894766278,-87.753001654,POINT (-87.753001653971 41.894766277994),C,8,2022,23:25:00
4ae80bec19ee94008518c4a71bae9390d98bc0e987c4865c045bfe4aea0298a539f0b4d502e1711628316dffb87e04fe3e3e15bb13a090a0889bb210c849f783,2023-02-17 22:00:00,CLEAR,DAYLIGHT,DRY,NOT ON SCENE (DESK REPORT),02/18/2023 06:40:00 PM,41.798606857,-87.70874812,POINT (-87.708748120017 41.798606856999),C,2,2023,22:00:00
4b2bf088636eca4b03100ccbf32607ede3b854e82d09c40ddf260d668eef284cfc9e077a5b82ef3866937e7cb6b1166d4d21b5b25cca5c2d2aca49d73e0725fc,2016-09-20 07:40:00,CLEAR,DAYLIGHT,DRY,NOT ON SCENE (DESK REPORT),09/20/2016 07:45:00 AM,41.999036201,-87.67356821,POINT (-87.673568210005 41.999036200974),C,9,2016,07:40:00
4cbf98923524efb60841fdd7b07f52d5a2b5def6424402189738c1a04b264b07bdb8134c5db0f448c06991987947ec4cfbcfb052c20add86f646c77376a070f0,2022-05-19 19:45:00,CLEAR,DAYLIGHT,DRY,NOT ON SCENE (DESK REPORT),05/20/2022 10:09:00 AM,41.885781667,-87.733320133,POINT (-87.733320132975 41.885781667027),C,5,2022,19:45:00
4caad1889180859409b02fafb0bc2f6ad68a67aa3cd3d72dd355738f4e20d34eda7a8a55fa3a6618fcca501165cdfc418a75952202c254e796e263447e3a8438,2017-05-05 08:15:00,CLEAR,DAYLIGHT,DRY,NOT ON SCENE (DESK REPORT),05/05/2017 11:00:00 AM,41.76411506,-87.587289596,POINT (-87.587289595972 41.764115059985),C,5,2017,08:15:00
4ad593791c371d293f86dc3997b2b8f8e83fff17265ba8d790507e1a8775d0c0e013f0a6543a3ad79d4e69b8124f57097db700863377deaec94089678177c25f,2018-07-14 14:20:00,CLEAR,DAYLIGHT,DRY,NOT ON SCENE (DESK REPORT),07/15/2018 01:24:00 PM,41.917103631,-87.687248767,POINT (-87.687248767006 41.917103631009),C,7,2018,14:20:00
4a448673f2fd5a38cd6fd8552fc6f205151ceb6e603f7d385a3fe5467f409d53b81de7eb36ff8956f3515c6459247e9bd603ff4b4ae51b79b092b3526c65996f,2022-12-17 16:30:00,CLEAR,DAYLIGHT,DRY,NOT ON SCENE (DESK REPORT),12/26/2022 01:10:00 PM,41.910530014,-87.667050586,POINT (-87.66705058601 41.910530014022),C,12,2022,16:30:00
4ce43e8563f18035f2c7fb554c3f6f6ca9aaf3ee686236faaef6befa00097b72b9d5c3bc32e5110e054afe0206616c547840099f5d8f232f972c0aaa52cae26a,2021-01-17 05:00:00,UNKNOWN,UNKNOWN,WET,NOT ON SCENE (DESK REPORT),01/17/2021 08:55:00 AM,41.75550634,-87.563483057,POINT (-87.563483056968 41.755506340035),C,1,2021,05:00:00
4ac1f3c31deed01ffdf07b76b572b86e5efa74dcbdc9d3df47c00ce96b2db6316fbbd1026847edf6c98b9a1f9371fe579eb1c6e689c37a34b7c7563111ccddf8,2022-10-12 16:30:00,RAIN,DAYLIGHT,UNKNOWN,NOT ON SCENE (DESK REPORT),10/12/2022 07:00:00 PM,41.901167839,-87.68243879,POINT (-87.68243878999 41.901167838973),C,10,2022,16:30:00
4b51bf863b01347edf8f57c9db28e066a1a43c01e3750cd43c834c27c06496878a7ffc0014ef0f075ff280c5d733e78fcdb13bad7bebc3c1cf76f0628595ef75,2022-07-06 15:24:00,CLEAR,DAYLIGHT,DRY,ON SCENE,07/06/2022 03:24:00 PM,41.969261067,-87.650422729,POINT (-87.650422728959 41.969261066974),C,7,2022,15:24:00
4b0b249fcafe5855e0e5d9605c0d3b909b515514d81b18cbd44aed7e6d01a029a86cecee20c2bea044417e3dc5481dda19f920f1d6b35332a1a7b5212ff48507,2017-01-04 09:20:00,CLEAR,DAYLIGHT,DRY,NOT ON SCENE (DESK REPORT),01/04/2017 09:40:00 AM,41.998083252,-87.808397703,POINT (-87.808397702977 41.998083251992),C,1,2017,09:20:00
4bb2295ccb2534e66399b466369a12b185aa0a952ec0fe2c85119862f6d9205087f11c695ffe09f4dc82ffcf66cd99ff58752b89bb0d2303a41d3e1a8d728dca,2018-10-19 02:27:00,CLEAR,"DARKNESS, LIGHTED ROAD",DRY,ON SCENE,10/19/2018 02:29:00 AM,41.909988678,-87.660229778,POINT (-87.660229777957 41.909988677964),C,10,2018,02:27:00
4c211daa998a5f9e39a50103bcdccad8844c655b92c30aba2ee00c89b6ca7273e0461c35690ba0f4f5ff7baea0e6b8605204d3223aa3d3d6395117d37decb200,2019-09-06 16:15:00,CLEAR,DAYLIGHT,DRY,NOT ON SCENE (DESK REPORT),09/06/2019 07:00:00 PM,41.895527078,-87.699098183,POINT (-87.699098182975 41.895527077955),C,9,2019,16:15:00
4b75c6cd7c3364432f456c71be130b3d97936d597f8b7d6e2b29aec6d640dad8ac75d88f0853cb2b105c73aa7e1bec43a82d450c692683532cf8f7bc737df1de,2019-03-18 11:00:00,CLEAR,DAYLIGHT,DRY,ON SCENE,03/18/2019 11:03:00 AM,41.84434083,-87.711276265,POINT (-87.711276264979 41.84434082995),C,3,2019,11:00:00
4ad678d272661081aaa4fa8f2e6ec319570af4df565edf2808a016dc930a587deaac30a4c07ca6e8be0613bda8c7160b6373f32fb8a7949d3c0ffad7be86abf0,2020-06-09 13:51:00,CLEAR,DAYLIGHT,DRY,ON SCENE,06/09/2020 02:12:00 PM,41.765563782,-87.624825828,POINT (-87.624825828045 41.765563782008),C,6,2020,13:51:00
4af84a2024c5829369db55db867f54a78c5dce28a49d7bb94a0f533249ae5bb1c23f13133e202c8e9525debf6c1ca1080dc4866eba2f46a5ff232e36ebf8eb3b,2022-06-17 11:45:00,CLEAR,DAYLIGHT,DRY,NOT ON SCENE (DESK REPORT),06/18/2022 11:15:00 AM,41.802118543,-87.622114915,POINT (-87.622114914961 41.802118543011),C,6,2022,11:45:00
4c6e8f6c423270116fa6091796a41cde278d71f2362854822826b42d8ac012cc0613f0b5c9e4eb67ea4bec517c7d78239f960e41ece6fcd28dfb7b5d8104e18f,2018-01-20 10:30:00,SNOW,DAYLIGHT,WET,NOT ON SCENE (DESK REPORT),01/22/2018 06:24:00 PM,41.870373963,-87.74516,POINT (-87.745159999991 41.870373963023),C,1,2018,10:30:00
4a7f3e1b219589423c42f27203c8841c7096f7bb8566d672e46215c70ae90dfa86f1cc950b3c66e1d5313889c57ac3ce72c8bfcdb940230331786f6d45cac9cb,2019-02-05 19:50:00,CLEAR,DUSK,WET,NOT ON SCENE (DESK REPORT),02/05/2019 09:00:00 PM,41.90052616,-87.712682588,POINT (-87.712682587959 41.900526159988),C,2,2019,19:50:00
4a25fc5b267097c7dae3d10cd4ec91ebb31db36a45c062f72bed633ececcb71e0ca58728e17e4d5622543ee27938d981dd0009d1494102d3ff606a4dbf905e92,2022-08-14 18:31:00,CLEAR,DAYLIGHT,DRY,NOT ON SCENE (DESK REPORT),08/14/2022 06:51:00 PM,41.924025937,-87.754108923,POINT (-87.754108923036 41.924025936998),C,8,2022,18:31:00
4c83c61019afeb9c3b6ea57738b28790495b38fddb34f1fe506cd873066471f444d4aa48db35bc06d24266aec571aa75de0b350920ba342f328f07397f9976ef,2017-05-04 15:58:00,CLOUDY/OVERCAST,DAYLIGHT,UNKNOWN,NOT ON SCENE (DESK REPORT),05/04/2017 05:50:00 PM,41.946689517,-87.739722074,POINT (-87.73972207403 41.946689517022),C,5,2017,15:58:00
4b8d8f2d174b13fbd11627353566d09ba93c319f354dec1d6cf0988010cb0348ad0570488d7825a3699e78ba97d23a14db148f4ccfeb0fd5627f3d8fcfe14700,2018-03-25 18:12:00,CLEAR,DUSK,DRY,ON SCENE,03/25/2018 06:20:00 PM,42.000351924,-87.704457619,POINT (-87.704457619012 42.000351924048),C,3,2018,18:12:00
4b38ac116536cee95bba3ed268c52df723af6adb524bbae2ea128c7bfceb9023370d88dd197116c635d9eaa7cad5bc94a517e515a167329b90cf33a0cd0555eb,2016-01-08 21:00:00,CLEAR,"DARKNESS, LIGHTED ROAD",DRY,NOT ON SCENE (DESK REPORT),01/08/2016 09:30:00 PM,41.769270085,-87.626954543,POINT (-87.626954543028 41.769270085031),C,1,2016,21:00:00
4beac3b9199fc9489cc14c62461a672dde47e3619c87678ecffb94e54f59e545c4fefc5c551ef654cdfc480b3a60a66741b81c5649ca4ff4b22926edbfd173f6,2020-09-23 19:42:00,CLEAR,"DARKNESS, LIGHTED ROAD",DRY,ON SCENE,09/23/2020 07:52:00 PM,41.75872376,-87.585590902,POINT (-87.585590902031 41.758723759994),C,9,2020,19:42:00
4c993182ba61d3d7c7182ad320ca3b20d325cc54917eb5ac60a34fe25d124b7995e243f8c97b3daad9627dea2563d0bb17fc2e3980628c77202cbebb4610775b,2019-03-05 11:13:00,CLEAR,DAYLIGHT,ICE,ON SCENE,03/05/2019 11:13:00 AM,41.784385694,-87.740065946,POINT (-87.740065945952 41.784385693962),C,3,2019,11:13:00
4b10f2096eda1eb5e9d128ad0ad5f47702a9756800e5cc1b0875362c02561d5293ef0dcef1789628e4e3673348811f1a99cc7971c40e77f9fd31bd581fbce9ec,2022-11-14 10:15:00,CLEAR,DAYLIGHT,DRY,ON SCENE,11/14/2022 10:23:00 AM,41.646610684,-87.543149159,POINT (-87.543149158984 41.646610683972),C,11,2022,10:15:00
4a3e7653b7ce7f639b74cca8ad9c1c94843a0b9a3025a50f69581fd76168b49159b0782a5f8d1badc6b9f4b52408f629a5972ddbbf15d1632d9753fcc64361d8,2019-03-16 11:50:00,CLEAR,DAYLIGHT,DRY,NOT ON SCENE (DESK REPORT),03/16/2019 12:30:00 PM,41.949044886,-87.661250468,POINT (-87.661250468049 41.949044885994),C,3,2019,11:50:00
4ce1592c8698a64318177507a9278fea476079c8072c27bcffdb7a978ed065234f085265fd56698bb73f9550c2dd77333c3424e73d6cf68ae469e3cffe5d7335,2018-11-08 12:17:00,CLEAR,DAYLIGHT,DRY,ON SCENE,11/08/2018 12:17:00 PM,41.732369904,-87.584959138,POINT (-87.584959138013 41.732369904039),C,11,2018,12:17:00
4c669ddb9552f64f24c6b30254893b84b11eed9ea974f21bc42bf77b33fd282abd070e87016d4cc064f68952662fdab958e1e28914ca737d4c03832797917a9b,2019-04-28 18:17:00,CLEAR,DAYLIGHT,DRY,ON SCENE,04/28/2019 06:17:00 PM,41.785387445,-87.606183761,POINT (-87.606183761008 41.785387444959),C,4,2019,18:17:00
4a37841c761d97b1b769cec67eb65fb4a4e71604a42112a39b01fdd42c24a09c6714057cdf82b9f303436a97caeffa219a6d0ab25e95bbe6d81be205f0e3a71b,2020-12-19 15:13:00,CLOUDY/OVERCAST,DAYLIGHT,DRY,NOT ON SCENE (DESK REPORT),12/19/2020 05:45:00 PM,41.894228849,-87.625384759,POINT (-87.625384758996 41.894228848999),C,12,2020,15:13:00
4cb6a264aced88fdc5603461c145f9f78788b758e3012aa8e73c7312347194b497e0a8ad50ad1600630ddb9fc5f99444a27c94cc5cf7b02a58556a4d3c1f226f,2017-12-14 14:50:00,CLEAR,DUSK,DRY,ON SCENE,12/14/2017 02:50:00 PM,41.744151639,-87.585945067,POINT (-87.585945066953 41.744151639042),C,12,2017,14:50:00
4b532f5fec613304b3ae9f5d010ffcd725d2d2c89dbbe394d6bfb94022f3013e9e8089e774671fa1112f65a5bf9ddd33fa176aa2923fae49f07f92e2e11016bf,2018-11-30 23:28:00,CLEAR,"DARKNESS, LIGHTED ROAD",WET,ON SCENE,11/30/2018 11:28:00 PM,41.826641882,-87.684778549,POINT (-87.684778549039 41.826641881968),C,11,2018,23:28:00
4a2a419a59504a66c7fb0a9f7db6be9c4a5a8e0cf22fa637896d5dc86c9709e2a49684d8486336166236d29280b3e6eae3c76f2eeef6f48d2fbe78c9621b9ce5,2018-03-02 09:30:00,CLEAR,DAYLIGHT,DRY,NOT ON SCENE (DESK REPORT),03/02/2018 10:00:00 AM,41.902815701,-87.717648644,POINT (-87.717648643968 41.902815700998),C,3,2018,09:30:00
4a650f0ac649a603fbd649a352f244718d06c6f90203c7578cde26031bbb00138c928f6cfa334e771e82d75dd464cbb1ede4631c7544c4088395f74e7214d4c3,2018-09-04 07:20:00,CLEAR,DAYLIGHT,DRY,ON SCENE,09/04/2018 07:26:00 AM,41.808749374,-87.66230696,POINT (-87.662306960034 41.808749374011),C,9,2018,07:20:00
4b1b194405873e72f604dc36de47a1def20f51d7f2d88cc1d411e27c5de8c3773b7dc0abfde05556e481564ed29a5080e0de693d988b54c69def88e0a88d1bcf,2020-07-31 05:50:00,CLEAR,DAYLIGHT,DRY,ON SCENE,07/31/2020 06:10:00 AM,41.771502414,-87.610426504,POINT (-87.610426504014 41.77150241399),C,7,2020,05:50:00
4c24fc03a1854e3fd596d25921b13d7482ec740534e83fe619fd8e3d0d36c7889f96d83d1611e0105450713f27b6d0529be55c7d1f179081aabf0f61105e7641,2018-10-22 09:50:00,CLEAR,DAYLIGHT,DRY,NOT ON SCENE (DESK REPORT),10/22/2018 10:10:00 AM,41.850628047,-87.724586962,POINT (-87.724586962006 41.850628047008),C,10,2018,09:50:00
4c7f6adc2bdc4b84ec70c04b30b3910763944932af4aa587053d0a5df178a179261b4b21063ee0d3d40c7ea88615b49d34c49f2d964a824d4dc3a6ef9320fcf3,2022-06-06 16:20:00,UNKNOWN,DAYLIGHT,UNKNOWN,ON SCENE,06/06/2022 08:38:00 PM,41.909883748,-87.716751343,POINT (-87.716751343041 41.909883748015),C,6,2022,16:20:00
4c80b80929c70e62327f397ac40ed8d3213a2dd5743da6871387e658ec40d27fa8ff5ff35cf9fd07bb37f6c85b2e7e060857c6af9059b41a8b7412873460e8f6,2016-04-09 20:55:00,CLEAR,"DARKNESS, LIGHTED ROAD",DRY,NOT ON SCENE (DESK REPORT),04/09/2016 09:15:00 PM,41.685025583,-87.68109079,POINT (-87.681090789994 41.685025582968),C,4,2016,20:55:00
4c1d346543b0632cd1f8c063601d951b9da534dd525b31fe7d99150b3ade531864464b4d7da087431d15fe6a771069ccbd64b9b2c776152a42ecbe659ce51e5a,2017-05-01 15:10:00,CLEAR,DAYLIGHT,WET,NOT ON SCENE (DESK REPORT),05/01/2017 04:38:00 PM,41.682973474,-87.642228468,POINT (-87.642228467961 41.682973473961),C,5,2017,15:10:00
4b82112d48927071c56acd0c346ec46bc7e41f10ec51530e3b03e6af8396eb51022182129625a9dbbf6e7ba904cc28af08be17049129956f328f7b258b876e7f,2019-07-17 08:23:00,CLEAR,DAYLIGHT,DRY,ON SCENE,07/17/2019 08:23:00 AM,41.903536788,-87.661859583,POINT (-87.661859582959 41.903536788031),C,7,2019,08:23:00
4b8503f60df86daa484054f8a3e99da6be636b75db192df8c9fd78bc89d06611a1a8ebd1987bb5a0899125363364a71c563515dc201531cd489956447870e66a,2019-08-31 13:18:00,CLEAR,DAYLIGHT,DRY,NOT ON SCENE (DESK REPORT),08/31/2019 02:25:00 PM,41.743169044,-87.663106556,POINT (-87.663106556014 41.743169044023),C,8,2019,13:18:00
4aa88b2225fd68b920d1d073aaa988582c327f56c42ca789db27fbeff4832ab9db9a53de4d2182c0922286a5672b2377d18d762399b3da9915b74e6d341a04e8,2022-05-07 00:10:00,CLEAR,"DARKNESS, LIGHTED ROAD",DRY,ON SCENE,05/07/2022 12:18:00 AM,41.924439291,-87.739490621,POINT (-87.739490621032 41.924439290993),C,5,2022,00:10:00
4ba6c53f3fe771f43f80a26e5405b9112b2d8abeb01887302c7e27a3a8826c0713e9faeac726e2a243b972f1ef9ab6fa4da70b9bf019d0e8666af30c31b273c6,2019-08-30 09:00:00,CLEAR,DAYLIGHT,DRY,NOT ON SCENE (DESK REPORT),08/30/2019 09:13:00 AM,41.785387445,-87.606183761,POINT (-87.606183761008 41.785387444959),C,8,2019,09:00:00
4c0de4944b596ea895bf3f8a1ed4c19ea9f78e5e43ca226fa814047764f0a16a053a7a00e9582346739feb29190a0d01e69597140d351a7e558247d3bda36b23,2019-03-14 13:12:00,RAIN,DAYLIGHT,WET,ON SCENE,03/14/2019 01:29:00 PM,41.794090446,-87.630527331,POINT (-87.630527331008 41.794090445987),C,3,2019,13:12:00
4cea44f94ee55104105d48a29a557a843537f4f97724df27ba9ec8e1e0dec5ff129a99715f662571c46719397dfa4697ccb2583a880b06a7192d874161b29a14,2021-09-02 21:52:00,CLEAR,"DARKNESS, LIGHTED ROAD",DRY,ON SCENE,09/03/2021 04:00:00 PM,41.866119494,-87.720927574,POINT (-87.720927573996 41.866119493974),C,9,2021,21:52:00
4b58832a5d3381f9043123872f7191dee48f47f1bad227ef85ab420c93baafeceb0fcf0e114c3bd2a69c9bd4cf4a092543ee0d0b861257d3f02ad080d76a8057,2019-07-17 13:45:00,CLEAR,DAYLIGHT,DRY,NOT ON SCENE (DESK REPORT),07/17/2019 02:40:00 PM,41.830912925,-87.625968761,POINT (-87.625968761002 41.830912924969),C,7,2019,13:45:00
4bdb755d1d1e047c8ae87ca41a121cc6236e747b486eb9a88f134584008c3fef045aa1fde2e23e6769f66dc71291ccd1bf57754b782d3551dab40a92975dc67d,2019-08-01 09:10:00,CLEAR,DAYLIGHT,DRY,ON SCENE,08/01/2019 09:12:00 AM,41.885767285,-87.647885669,POINT (-87.64788566901 41.885767285022),C,8,2019,09:10:00