CRASH_RECORD_ID,CRASH_DATE,WEATHER_CONDITION,LIGHTING_CONDITION,ROADWAY_SURFACE_COND,REPORT_TYPE,DATE_POLICE_NOTIFIED,LATITUDE,LONGITUDE,LOCATION,CRASH_TYPE,CRASH_MONTH,CRASH_YEAR,CRASH_TIME
4a64ecbb695b92398f0c2d75017f029c53ba21e40fe059e899629cc6a78dcf18b0c47d87ca3ea27ef711f0629cb13b2433badbec0dfb30bfff70c86575cd0ecd,2023-07-02 03:25:00,RAIN,"DARKNESS, LIGHTED ROAD",WET,ON SCENE,07/02/2023 03:40:00 AM,41.764014392,-87.720187951,POINT (-87.720187951029 41.764014392026),C,7,2023,03:25:00
4beb4952d3e50fba57bd964080188203450b6af6b3bc8e6b8f5e3be7aa4aa8effe49c3d2c6ca019fcb13dede07039f61700058be276133fd817e1c238fa9deb8,2019-05-26 19:17:00,CLEAR,DAYLIGHT,DRY,ON SCENE,05/26/2019 07:17:00 PM,41.797363274,-87.698723828,POINT (-87.698723828042 41.797363274043),C,5,2019,19:17:00
4afd0a94a9b5d5536da53ba59598c083fd4dbf537a66fd4f1a0d09603121948fc6a97c11121c1788a7d1d8f3a2127bc181fef71907649d8e0428e209198ae6f5,2021-05-23 18:35:00,CLEAR,DAYLIGHT,DRY,ON SCENE,05/23/2021 06:42:00 PM,41.735070957,-87.715474617,POINT (-87.71547461699 41.735070957004),C,5,2021,18:35:00
4a5b5b9843e0d6eb4e5c6519e91482871017c37c12b3cca12b971d2857bb64d5851ea420f1fc404a8e7c81943543148bbdcb2a5dd4eaa612d3165971b3dc33a2,2018-01-25 09:40:00,CLEAR,DAYLIGHT,DRY,ON SCENE,01/25/2018 10:14:00 AM,41.721267719,-87.584839485,POINT (-87.584839485043 41.721267718978),C,1,2018,09:40:00
4a83c576c458a82261e92103ea77c0bd9b38e711b4e934b5ec3b460b1d3838aac59d6b704efc706cdc2b18ded1a4ee5dd2d4846b2782beb64e8dde968f811b26,2023-03-12 11:00:00,CLEAR,DAYLIGHT,WET,ON SCENE,03/12/2023 11:06:00 AM,41.891621161,-87.624253929,POINT (-87.624253929022 41.891621161011),C,3,2023,11:00:00
4a3bfd0ef7942122f613e5a1dccd22efd79e8fbaa3526a039ab4c21c5810ca3a843693aad46dfe93743128bf5ccb698aec895282bfa661a86bb89193c7b50afe,2017-02-23 07:40:00,CLEAR,DAYLIGHT,DRY,NOT ON SCENE (DESK REPORT),02/23/2017 08:30:00 AM,41.922127057,-87.759288684,POINT (-87.759288684047 41.922127056997),C,2,2017,07:40:00
4a9faaca1e09975e16da386c7b937dd8f48dd47d51a779dda1df8c05dee164575893bc587dd76ba3d59a3383179977234b29a96cf041b0ecd1cef5e90be6da1b,2018-04-05 20:22:00,CLEAR,"DARKNESS, LIGHTED ROAD",DRY,NOT ON SCENE (DESK REPORT),04/06/2018 05:30:00 PM,41.802310396,-87.591930532,POINT (-87.59193053204 41.802310395993),C,4,2018,20:22:00
4bb273a80cfa7b50f8bf4b81d98a94336c42dbfbf1ff7852ed216503642aaed5f9995636f02c8df40fe89f7c5e0db140396163c74e6e161152320f5a5bf28b59,2018-12-17 01:30:00,CLEAR,"DARKNESS, LIGHTED ROAD",DRY,ON SCENE,12/17/2018 01:31:00 AM,41.79573461,-87.762555326,POINT (-87.762555325992 41.795734610035),C,12,2018,01:30:00
4b74c9ad4aab028c10937e5ed6a921ea03cd92392e149772b70afc94c7449780a7ab678e6cff80d2ecc2c610e90c0347a4ad59618bc35f7cdb1fe272d2416475,2023-07-19 04:45:00,CLEAR,DAYLIGHT,DRY,NOT ON SCENE (DESK REPORT),07/19/2023 06:15:00 AM,41.733225101,-87.596566497,POINT (-87.596566497047 41.73322510098),C,7,2023,04:45:00
4acbb51a72c18e9655efaf1f1926c55f7d979dd4a254fede07453c3148001fb074a74db7901e8a1a25e1df28c6788dcd0a0e78893d6f436ed21bf6804aaef306,2018-01-19 11:50:00,CLEAR,DAYLIGHT,DRY,NOT ON SCENE (DESK REPORT),01/19/2018 12:00:00 PM,41.955688916,-87.645669582,POINT (-87.645669582022 41.95568891602),C,1,2018,11:50:00
4c9a7c3b8f93c9f9fc411cc155ebd846358860c4230aa7d5151b6d6cd4ce461711ff08b99968cf05a857f0ad91daef434b73320e572667a99b3525095a8dc42d,2020-10-20 17:39:00,CLEAR,DARKNESS,DRY,NOT ON SCENE (DESK REPORT),10/20/2020 06:23:00 PM,41.86682801,-87.625963269,POINT (-87.62596326902 41.866828010004),C,10,2020,17:39:00
4f39780f5a013fbbc3c0a5ea73a937d0d770efe36952133676cc511beeb0c604d1d5a7852af0789d223757b6bbf5e9d2e47f70a4ff10bc9b6bcab4db16137381,2018-06-01 15:15:00,CLEAR,DAYLIGHT,DRY,NOT ON SCENE (DESK REPORT),06/05/2018 12:15:00 PM,41.993772949,-87.758867947,POINT (-87.758867947042 41.993772948986),C,6,2018,15:15:00
4dfa67772d53d30a1b840d4d0d46aac2b2cad219d195a83d22184545864d48dc7e92f583edf2d3b2cbe20d3d3f2381597f63414a34d2b75a4e7d915955be313f,2022-12-02 08:10:00,CLEAR,DAYLIGHT,DRY,ON SCENE,12/02/2022 09:10:00 AM,41.972770902,-87.659623311,POINT (-87.659623310954 41.972770902028),C,12,2022,08:10:00
4fc1f2acd5290a58d393d7fd8081e1326fe2283da41d42d5b93b892d362e0a7c42877eaa152c21114b52360a1009b9d98bf7a7a5de0a145391650db638e4e022,2021-03-22 11:22:00,CLEAR,DAYLIGHT,DRY,ON SCENE,03/22/2021 11:28:00 AM,41.768982672,-87.644657428,POINT (-87.644657428037 41.768982671979),C,3,2021,11:22:00
4d01a74a6346443d6eb0d3ee55bea6a2e8935c2a031d3616137c4224d1f6254ed1e9b8d39fcdf1edeba28c2a46f7c262bcba52436773f2f237fbc7ca7e357acd,2018-09-25 07:54:00,CLEAR,DAYLIGHT,WET,NOT ON SCENE (DESK REPORT),09/25/2018 12:02:00 PM,41.928615792,-87.687920247,POINT (-87.687920247039 41.928615792006),C,9,2018,07:54:00
4f13211d6ed1c2a72c900d8746a76c867037c403b9f26b3577e450c21ae9e30647af463c31145690749e10486818126a418ba99f898ee5c421e889bd6983114c,2019-01-17 11:00:00,CLEAR,DAYLIGHT,DRY,NOT ON SCENE (DESK REPORT),01/17/2019 04:30:00 PM,41.891293713,-87.647680593,POINT (-87.647680593026 41.891293712961),C,1,2019,11:00:00
4f6a624234a728d140c8512d226b9ad682052a5b21476ba3355be8506872787e098fa835286b97c3e2317c91e63f9e98d8e318c3cf38baff5426b2f7b9c1e583,2023-06-03 00:30:00,CLEAR,"DARKNESS, LIGHTED ROAD",DRY,NOT ON SCENE (DESK REPORT),06/06/2023 11:00:00 AM,41.874590031,-87.633704185,POINT (-87.633704184958 41.874590031007),C,6,2023,00:30:00
4db7fc0282643847d9bab61eb13bb1acb15a18b94b4568e91c22acff48d0f7ae55d6adb79e47d90b47c0851bb8f4feb2600cc100562a8f87f29dda388a06cb5b,2018-02-15 17:31:00,CLEAR,"DARKNESS, LIGHTED ROAD",WET,ON SCENE,02/15/2018 05:45:00 PM,41.907717718,-87.745916874,POINT (-87.745916874041 41.907717717976),C,2,2018,17:31:00
4fa05f6acd25925604717390e09f2ef829032ef34444d5f14c2f75702d99c490184b2748bf5556ea19b5df21e0e57102a1cdb5c1b51a9caa82e3481da2cc8bff,2023-06-18 22:55:00,CLEAR,"DARKNESS, LIGHTED ROAD",DRY,ON SCENE,06/18/2023 11:00:00 PM,41.772425724,-87.654164978,POINT (-87.654164977951 41.772425724016),C,6,2023,22:55:00
4f5c3319a307dc98613c17d540c282331e55bb0778bf83c96ccf41522abc30a722376123b9a166673ca7ad33ba255aa17ee07cb4daa5c555e72f44e26360e2df,2018-10-20 08:06:00,CLEAR,DAYLIGHT,DRY,ON SCENE,10/20/2018 08:07:00 AM,41.660125762,-87.58501516,POINT (-87.585015160022 41.660125762023),C,10,2018,08:06:00
4f67c09604de37c812945f10823240d24247ca37ba39cd8a83cccc003634235625a65ba0878599202a6e049d073f601d78a911998644b121e65e90e6e584dc3f,2018-08-04 21:33:00,CLEAR,"DARKNESS, LIGHTED ROAD",DRY,ON SCENE,08/04/2018 09:52:00 PM,41.77983271,-87.633146399,POINT (-87.633146399017 41.779832710019),C,8,2018,21:33:00
4e041866ea53fbb8ebcaf582dc4f0aaa9da8f41fe32daaa18d9e6bf5ca96dddd458d274d5b42202049003411f77967c92a9ba0105952345e75367919aee8d491,2022-09-02 03:00:00,CLEAR,"DARKNESS, LIGHTED ROAD",DRY,ON SCENE,09/02/2022 03:14:00 AM,41.721150404,-87.658966651,POINT (-87.658966651043 41.721150403976),C,9,2022,03:00:00
4f3aff57a4865b9251bbb1483cf782b37f56ec9cd671d16fac061a804af4202707fdee6df1a9fd37232275b2e7dd25fd5ee26883aa11986bf7ff3631c22b34ae,2022-08-31 07:30:00,CLEAR,DAYLIGHT,DRY,NOT ON SCENE (DESK REPORT),08/31/2022 04:21:00 PM,41.924025937,-87.754108923,POINT (-87.754108923036 41.924025936998),C,8,2022,07:30:00
4f1e46d8719e0b453a914c76af32850e70274b483ca9df4bfcc9ca8d0de0b8ce3e1a2f2afa39513525842224a9613aa221e42dc7b78c8f2a1359381ce8965a85,2016-03-02 15:50:00,UNKNOWN,UNKNOWN,UNKNOWN,NOT ON SCENE (DESK REPORT),03/02/2016 04:35:00 PM,41.983014558,-87.78220528,POINT (-87.782205279991 41.983014558005),C,3,2016,15:50:00
4ea586f86e0ed4597e5fee2ee6435815bec9ffd339bfb344eff9a2bade609708c7a9b12cb71f6c9164827f2a8dcd2ab580e71f3eb3830b681b2bdebe59e69844,2016-08-21 15:03:00,CLEAR,DAYLIGHT,DRY,NOT ON SCENE (DESK REPORT),08/21/2016 04:00:00 PM,41.992896163,-87.680973163,POINT (-87.680973163042 41.992896163009),C,8,2016,15:03:00
4f821f58c989f7f17980c3859c304b9bd96347c366b7a5d006e010ed64031e121a68312904b4e55e9699f6e8d8e4be4973db01084c5158bd895cee12cd85b45d,2017-11-26 17:42:00,CLEAR,"DARKNESS, LIGHTED ROAD",DRY,ON SCENE,11/26/2017 05:45:00 PM,41.904101491,-87.631598255,POINT (-87.63159825499 41.904101490958),C,11,2017,17:42:00
4f6c18d848d8863365cbd97318b0654b72ed9b9c8bd8f83b5717f9033e35464e382d595802010a925023e4a9ac2decd68114cac3aa24c1c9766851f64dce0c6b,2022-07-01 23:15:00,CLEAR,DARKNESS,DRY,NOT ON SCENE (DESK REPORT),07/02/2022 01:20:00 PM,41.741546432,-87.70718841,POINT (-87.707188410036 41.741546432016),C,7,2022,23:15:00
4d283fb5dfd8ea09db758894dcc6af424c65fd37dc11af14257533b7410865f0dd6faf3a601a1448380c4551b851fcc9239fa8d81be0029c3b74bc32a2d9bf9c,2023-01-06 16:27:00,CLEAR,"DARKNESS, LIGHTED ROAD",UNKNOWN,NOT ON SCENE (DESK REPORT),01/06/2023 05:40:00 PM,41.744151639,-87.585945067,POINT (-87.585945066953 41.744151639042),C,1,2023,16:27:00
4f22ecd7cda42367cde72fbeab855e68b17f702ffba849a62dbb0ebdd2fde8fcadbf5d772cdd1a54436d91f36a58385dbcd65faa03503cdf62ec8e2db50b3fac,2019-09-09 12:15:00,CLEAR,DAYLIGHT,DRY,NOT ON SCENE (DESK REPORT),09/09/2019 01:10:00 PM,41.786328045,-87.705136175,POINT (-87.705136175049 41.786328044987),C,9,2019,12:15:00
4fc7c2e6412c57f3ca45637ab54fb15cbe65bd02f57a40ab6d039e6541dc619092ddee0850f096aa752f24dd45224c1bd09d00a5d865b7a42f65d4ccd7ba0763,2020-05-11 12:40:00,CLEAR,DAYLIGHT,DRY,ON SCENE,05/11/2020 12:50:00 PM,41.729738814,-87.64329779,POINT (-87.643297790027 41.729738814043),C,5,2020,12:40:00
4d41925316cc9c89855a7fd93f051766ed7ec85e2a2d1905baabbceb66a4e61c5059eed05bb7deccc875f602a0b830d05d7f13e7ca8c149b5a87b4d32a3b9bc7,2022-04-13 03:55:00,CLEAR,"DARKNESS, LIGHTED ROAD",DRY,ON SCENE,04/13/2022 04:00:00 AM,41.87879283,-87.735560757,POINT (-87.735560757035 41.878792829979),C,4,2022,03:55:00
4e73f85ed9474a2744db5177eaebe323fb9236cd6b0cd5849201af41b74faaeb4a049e5b83880f8b4517cb3ee13230985eb13d30ee7e49f2009aff9ede1260f3,2020-09-27 01:30:00,CLEAR,"DARKNESS, LIGHTED ROAD",DRY,ON SCENE,09/27/2020 01:33:00 AM,41.87540852,-87.710679097,POINT (-87.71067909701 41.875408519999),C,9,2020,01:30:00
4d5ec256203e53511ee12a7c444480db075dfa967fffc0e261d431221975a313dd82d50f51e72d98d15d2a3cd88ad258656ab764c287208afec90ccfce55905f,2015-12-30 05:35:00,CLEAR,"DARKNESS, LIGHTED ROAD",DRY,NOT ON SCENE (DESK REPORT),12/30/2015 06:20:00 AM,41.893380429,-87.657587738,POINT (-87.657587737968 41.893380429025),C,12,2015,05:35:00
4e5b15615e187b95cfaf85b8a3a645dc88ca2cc8737332f3876b0de912e2fbaab4561da54be67dce2e5c0974fe5d251d20860b3629ea781ee894ef6d17c71813,2020-02-05 12:00:00,CLEAR,DAYLIGHT,DRY,NOT ON SCENE (DESK REPORT),02/05/2020 12:24:00 PM,41.924997008,-87.68905401,POINT (-87.689054009972 41.924997008049),C,2,2020,12:00:00
4f0fe845a76497041a1f8f06082258b759b05ca71f982afda224bb293cf0a42a6e2c22ffdd2757d8a4ffd274e4cf06a45e4c070a6ca81e1da48271ff80bcf49b,2021-07-25 11:23:00,CLEAR,DAYLIGHT,DRY,ON SCENE,07/25/2021 11:25:00 AM,41.903536788,-87.661859583,POINT (-87.661859582959 41.903536788031),C,7,2021,11:23:00
4e46504587ed9034a1406ca9e4b1c479d3b54f2de04da87bb93d7b50ce616005b6e48ed0a26c1074065f76b4fe48f5316da8e202f8a4b1618e15cd386c495c3a,2016-07-06 08:35:00,RAIN,DAYLIGHT,WET,NOT ON SCENE (DESK REPORT),07/06/2016 09:30:00 AM,41.895768039,-87.629678317,POINT (-87.629678317 41.895768039028),C,7,2016,08:35:00
4d00b9a8210a13620bec30df4fde56f9d5c227e1e1a1adad5e3c406d1c1d25860b1581e4dd81bd31a5e95c24550d0ad7897bffb3b7773a9244ed62ab92c88632,2022-07-17 03:40:00,RAIN,"DARKNESS, LIGHTED ROAD",WET,NOT ON SCENE (DESK REPORT),07/17/2022 03:58:00 AM,41.83321922,-87.653610293,POINT (-87.65361029304 41.833219220019),C,7,2022,03:40:00
4d6cc660cad5bb7c39b0cb55c22474af046d63677d51cca956f6d1dc2ebce3e9d3741f9034adea21205cbb656461416bbb9c3533d334c142f6f8e339702dc740,2023-01-18 12:00:00,CLEAR,DAYLIGHT,DRY,ON SCENE,01/23/2023 05:20:00 PM,41.812651248,-87.619538078,POINT (-87.619538078019 41.81265124805),C,1,2023,12:00:00
4d77491596d678231865a6dec7e0de75eccc43cf2ffb44ad6a020d5b2abdc6c34d7ca8e567eb081c5172f50cc541ecfc43d647c114797242c1899e0c44140dc5,2019-07-18 17:00:00,CLEAR,DAYLIGHT,DRY,NOT ON SCENE (DESK REPORT),07/18/2019 05:53:00 PM,41.891621161,-87.624253929,POINT (-87.624253929022 41.891621161011),C,7,2019,17:00:00
4d48ce29da1ef7fed81e73e65267eb87d2ec9851104441048d3dd5f29ebdce90b298da23ac60530436d15f66373e178c6ba4848e0416ac9ec942f8bad1ae2fc1,2018-08-15 17:09:00,CLEAR,DAYLIGHT,DRY,NOT ON SCENE (DESK REPORT),08/15/2018 05:35:00 PM,41.822958463,-87.691425915,POINT (-87.691425915045 41.822958462973),C,8,2018,17:09:00
4d5c99c5cd4428edc291e2a51fbbb4974423cc3a26ead39a4cc2489a726e86bc739506dc9ccb6d8498054f680fcfa8efb15c62002d09f7063b100c1653283281,2019-12-16 10:17:00,CLEAR,DAYLIGHT,DRY,ON SCENE,12/16/2019 10:17:00 AM,41.871207853,-87.676228848,POINT (-87.676228847973 41.871207853017),C,12,2019,10:17:00
4e8f650f1ba5a99513479842d08200ae7645d85aa091a677554154ed6fb7e6c85a48c6f186df1d238d3d25760112b98da05cdb192ecf469cbdd3909ef678dd27,2021-09-11 05:04:00,CLEAR,DAWN,DRY,NOT ON SCENE (DESK REPORT),09/11/2021 05:55:00 AM,0.0,0.0,POINT (0 0),C,9,2021,05:04:00
4db7f6bc6c7d288bc2ee50da97941d6c7f0b2bea1207a86bbccb49b2d64678da7282b4fb268f9bf1448da80bbbf30bdc524658e1458d990720266f995e991155,2017-09-30 02:30:00,CLEAR,"DARKNESS, LIGHTED ROAD",DRY,NOT ON SCENE (DESK REPORT),09/30/2017 05:49:00 PM,41.881041889,-87.687423607,POINT (-87.687423607029 41.881041888962),C,9,2017,02:30:00
4eb91414e681a0adc0b2ec52b788b78426445b31fbdb2edccdcd687c2e5ea574ec3f3f6b4a437ee7bfb35dc832ef5915c08fa056ca389c309a8b0e92ae6293ff,2019-11-30 17:10:00,RAIN,DARKNESS,WET,NOT ON SCENE (DESK REPORT),11/30/2019 05:55:00 PM,41.744151639,-87.585945067,POINT (-87.585945066953 41.744151639042),C,11,2019,17:10:00
4e631b5769af463ddff2e3adb14dc9d006e8854a2da1cccf28cf15b9ad20fa85c4a8b5d8dcb8c2ee751dea42a013821e9009742ce2fe41bedbde081ac16add45,2018-10-16 13:40:00,CLEAR,DAYLIGHT,DRY,NOT ON SCENE (DESK REPORT),10/16/2018 09:30:00 PM,41.773455972,-87.585022352,POINT (-87.585022352022 41.773455972008),C,10,2018,13:40:00
4f649e2485160cb7dfb3526cde08c574eb18fbb27c6f6c51954d4e293085450d16fa8126049eaf21dced229130de5ea1509fa1a79a74a993819c28a8bb2367d4,2017-10-25 10:34:00,CLEAR,DAYLIGHT,DRY,ON SCENE,10/25/2017 10:34:00 AM,41.773455972,-87.585022352,POINT (-87.585022352022 41.773455972008),C,10,2017,10:34:00
4f2a888a2dc9ca18672c5cbf70ba511683f8fb790c3933823e1949301bafcaf5712792d30e57737dfc20b8fb3146e89352097e273a4490a7aceb5fb7e7c7a2a0,2018-01-05 12:15:00,CLEAR,DAYLIGHT,DRY,ON SCENE,01/12/2018 01:45:00 PM,41.886070174,-87.620536589,POINT (-87.620536589034 41.88607017398),C,1,2018,12:15:00
4dbf7d6f0e900a0604b937480030fe19ca4c0978331f01222a100405fa43921bbb4889636c980e42c2b008c23b6c7b81209121a66f47173f4e9e6f221ef36611,2022-09-02 20:00:00,SEVERE CROSS WIND GATE,DARKNESS,DRY,ON SCENE,09/02/2022 08:05:00 PM,41.744151639,-87.585945067,POINT (-87.585945066953 41.744151639042),C,9,2022,20:00:00
4d33c2fac7aaacf53e68c9fa24ac3cfd08e23f45041686356ed7fbbb92b12ff2f822953343c7a26445f6d22c198366863da971084a65aa8be87e070bece49842,2017-03-25 11:00:00,RAIN,DAYLIGHT,DRY,NOT ON SCENE (DESK REPORT),04/04/2017 02:20:00 PM,41.735634268,-87.682733396,POINT (-87.682733396015 41.735634268007),C,3,2017,11:00:00
4e84ee382aef249f6c5d351e9ef4da4d91ff927c3ed7bfc2793fb0263688c6b5cb4041dda273bfd849cfe0cdf5fed7adc77cf5ec3a84fa782581042bb958900f,2020-11-02 17:05:00,CLEAR,DAYLIGHT,DRY,NOT ON SCENE (DESK REPORT),11/03/2020 07:30:00 AM,41.932604222,-87.727148226,POINT (-87.727148226037 41.932604221966),C,11,2020,17:05:00
4e0bd1dcbef98fb9433e77bd2872217ed65ee976cede82052e03c02e8aaa2e572e045f569e8fd72d18d5d63fc3d6e4454c15047e352e10ef1cc23edf8ae97ff4,2019-06-20 12:00:00,UNKNOWN,UNKNOWN,UNKNOWN,NOT ON SCENE (DESK REPORT),06/20/2019 02:00:00 PM,41.882211292,-87.710898608,POINT (-87.710898608036 41.882211292041),C,6,2019,12:00:00
4e6856698f2f921f92093e24204c728e135887b6cd44e41099c8ea2af31bfba2b7bc76b0166ce5d0615db2ea5f1b2a0c174e0a6234e4aeb20c642d84bcd9f49d,2018-03-01 18:20:00,CLEAR,"DARKNESS, LIGHTED ROAD",DRY,NOT ON SCENE (DESK REPORT),03/01/2018 06:40:00 PM,41.92386239,-87.780518942,POINT (-87.780518941961 41.923862390023),C,3,2018,18:20:00
4e8dd5c8ca9c9b331ba2f37791342203e7c4e55bd6ffce7bf60ecb4a535db8617dd1d6c7b94acabe10272a46e4a4164a26675e7da73a3e3481bb87a59b844b81,2019-02-18 15:35:00,SNOW,DAYLIGHT,SNOW OR SLUSH,ON SCENE,02/18/2019 03:35:00 PM,41.917930176,-87.75081849,POINT (-87.750818490016 41.917930176024),C,2,2019,15:35:00
4e46697e716bb8793a5190d15027c00c618c039520ecc7de2adeefa4c8cc183df233609acd8c6f92db16e7327b308c0c13e00c8ce6bc110cdb70c250d1977e1f,2017-02-18 09:15:00,CLEAR,DAYLIGHT,DRY,ON SCENE,02/18/2017 09:30:00 AM,41.773231655,-87.58536527,POINT (-87.585365269982 41.773231655046),C,2,2017,09:15:00
4fc9b470e672f95cb03a297142d754b302c71ae1e1f637888a258281688153fe416c3aaf1e9c66333fb948b185352535a222ae58e34af6e71bdc6ee2d32e4eda,2020-01-17 07:00:00,CLEAR,DAYLIGHT,DRY,NOT ON SCENE (DESK REPORT),01/17/2020 08:00:00 AM,41.911262636,-87.785217531,POINT (-87.785217531035 41.911262635984),C,1,2020,07:00:00
4ea455332b913c0ae465ede0f01b3a4e1b908713c7dc8c43f142ccc3dab76b6d5e00bd9cdd8bc38618c5ecf03bca303846ef7d40dd17c9f460e2b2676224bde1,2016-10-23 08:00:00,CLEAR,DAYLIGHT,UNKNOWN,NOT ON SCENE (DESK REPORT),10/23/2016 08:50:00 AM,41.983790707,-87.656760371,POINT (-87.656760371006 41.983790707046),C,10,2016,08:00:00
4eb1ed521a08d472fb3e487bbacc9b7d38a09e8bd970710a3a8b66397be7e82894e2bc7770c779d331e0317517c62d6aa8295a326c961f62e0300cb10a3e5513,2021-08-30 03:00:00,CLEAR,"DARKNESS, LIGHTED ROAD",DRY,ON SCENE,08/30/2021 03:05:00 AM,41.851584026,-87.623623384,POINT (-87.623623384015 41.851584025965),C,8,2021,03:00:00
4f8096693bb3d300132ceefd65796d29497ab66d4c4e9140d57f2a1abd6e7b0447ed8f4444838eff853df6febc9080599c9ffe4e9520e039a08933266f410faf,2020-01-23 22:09:00,RAIN,"DARKNESS, LIGHTED ROAD",WET,ON SCENE,01/23/2020 10:09:00 PM,41.722892892,-87.610688187,POINT (-87.610688187039 41.72289289198),C,1,2020,22:09:00
4d327347f3a163c769158b0b0670289823e8b72c828a980e95094e0c805438356c489a19e4ad99f921ccd188bdba23b4b544cc6e8a859f47365f6b8bed155a97,2022-10-21 16:42:00,CLEAR,DUSK,DRY,NOT ON SCENE (DESK REPORT),10/21/2022 06:55:00 PM,41.882636313,-87.71066118,POINT (-87.710661180009 41.882636312962),C,10,2022,16:42:00
4f411a694481d4ecf4c329d51aad242d3e2b35ace9e1f0595df0fad850ca6cefecdaaa138fb06f8c4fde508a4816ddcb18aabbbd72b359d9fba3b1bbda650fba,2020-01-24 11:06:00,SNOW,DAWN,SNOW OR SLUSH,ON SCENE,01/24/2020 11:06:00 AM,41.938775127,-87.75439133,POINT (-87.754391329988 41.938775127012),C,1,2020,11:06:00
4edbe29e3c7c434bd2c9b081e253998bcf8bf8d251126f2b2c41bae98595640c35f21a59e0d3ec31c9c414a7bda851ddb2d23363e7a4e346e3f5c4c598092bdc,2018-12-01 18:20:00,RAIN,"DARKNESS, LIGHTED ROAD",WET,NOT ON SCENE (DESK REPORT),12/02/2018 11:37:00 AM,41.940111944,-87.806968561,POINT (-87.806968561038 41.940111944021),C,12,2018,18:20:00
4f7dc89776d7736113b2a3693c93dbcf8350395a8fb16cfc633c2a71898da84762ea5b5a033cb4b9a46af70dad8c3c4e50c0fccc93f3834ea94a4c7200a45eb0,2019-01-24 19:30:00,CLEAR,"DARKNESS, LIGHTED ROAD",UNKNOWN,NOT ON SCENE (DESK REPORT),01/24/2019 08:00:00 PM,41.939813147,-87.653090864,POINT (-87.653090863995 41.939813147049),C,1,2019,19:30:00
4d1f455f0f0509bfa62638aa9d342057c65194c4518496e9ca3362f63bc55f038df4775c623cac081662637a86ab1cc3546cef78f7a9fcca622b3e6f2b90e85d,2019-03-17 23:00:00,UNKNOWN,UNKNOWN,DRY,ON SCENE,03/18/2019 11:20:00 AM,41.858121301,-87.727229852,POINT (-87.727229851957 41.858121300996),C,3,2019,23:00:00
4fabad7ef86008d11f14b4300be9eafa4a41146860f5f961166ec44b5997d88442fd2ee14b8cca414b3f156e1fae176012646b007516bbe0e08d72c1aa417491,2020-06-01 14:30:00,CLEAR,DAYLIGHT,DRY,NOT ON SCENE (DESK REPORT),06/01/2020 06:00:00 PM,41.758330104,-87.566213081,POINT (-87.566213080951 41.758330104021),C,6,2020,14:30:00
4dd8034159dd65bfd3fd4e587719d8f2e20cad764db20a4455044cd11e51c883ff01dcef819559f56d34ddb7d05bcf834668ebad45b768b464b4e5ed88c9028b,2017-11-19 16:15:00,UNKNOWN,UNKNOWN,UNKNOWN,NOT ON SCENE (DESK REPORT),11/19/2017 05:00:00 PM,41.883859274,-87.764838974,POINT (-87.764838974 41.883859273954),C,11,2017,16:15:00
4f5e11774b859ef20315b511f95815d4d42685816e6b3ec7d3b84ff79531a4492f3778cebed4791483a67bdbfecd337269c70e563d98ad09b2fe1a09d6149132,2021-08-02 00:01:00,CLEAR,"DARKNESS, LIGHTED ROAD",DRY,ON SCENE,08/02/2021 12:06:00 AM,41.898341319,-87.618057856,POINT (-87.618057855957 41.898341319021),C,8,2021,00:01:00
4fac8a0dacd8123be0194f2f1af72e7523b39bdc90a081fb1758ae6f4a1cbe59514141d9a5b305aa6fd18eaebdedaa3aa9bf960c8f6bfc97112a2ef47e539f4c,2016-11-09 18:40:00,CLEAR,"DARKNESS, LIGHTED ROAD",DRY,NOT ON SCENE (DESK REPORT),11/09/2016 07:15:00 PM,41.878390352,-87.757767275,POINT (-87.757767275028 41.878390351978),C,11,2016,18:40:00
4d8f0a13f27ecea543d53c13363d01a0493c2465828223781abf960dfa71d8b7babbd28ab008dc06e46fe27cc4eb57e9025df4bf17c8bebae94aa6a5bf904e40,2021-07-06 16:15:00,CLEAR,DAYLIGHT,DRY,NOT ON SCENE (DESK REPORT),07/07/2021 06:00:00 AM,41.931792339,-87.7614963,POINT (-87.76149629998 41.931792338986),C,7,2021,16:15:00
4d5a4581500ecacbe95bd65540003964b848e99418c17fe759bcc4d4928968a371129ae853b3d7a8d892207a9eb7ce8f9a758d8a0236291101cc5757699c1873,2023-05-17 09:00:00,CLEAR,DAYLIGHT,DRY,NOT ON SCENE (DESK REPORT),05/17/2023 12:15:00 PM,41.843955257,-87.694495706,POINT (-87.694495706021 41.843955256958),C,5,2023,09:00:00
4f3d190c9863a10093ec2226d147e3b32b0e5c0c7a9a8b4120232e7d29c7551857221213a82490f7eea4dd3a1a9d319b69e538b818484058d01d8482fa1b6b74,2023-01-22 03:49:00,SNOW,"DARKNESS, LIGHTED ROAD",WET,ON SCENE,01/22/2023 03:51:00 AM,41.903487497,-87.664517209,POINT (-87.664517208961 41.903487497003),C,1,2023,03:49:00
4f74423f38a9e168e7034e444a9145b813f4bc06ec8b81d54fa60e54fdc20d9622ce24f953b99d6e9b9b9cc3877f72e02b057c095cf0b17dec63af7f4598be3f,2017-11-01 02:15:00,CLEAR,"DARKNESS, LIGHTED ROAD",DRY,ON SCENE,11/01/2017 02:25:00 AM,41.744151639,-87.585945067,POINT (-87.585945066953 41.744151639042),C,11,2017,02:15:00