CRASH_RECORD_ID,CRASH_DATE,WEATHER_CONDITION,LIGHTING_CONDITION,ROADWAY_SURFACE_COND,REPORT_TYPE,DATE_POLICE_NOTIFIED,LATITUDE,LONGITUDE,LOCATION,CRASH_TYPE,CRASH_MONTH,CRASH_YEAR,CRASH_TIME
4f72a4c7566c92be9af29ee443aabc6e4c9b3af1cec3347d4b916d6940e5448a0fc884481f2d097557ae11b4f32889c666405bf280e83483c998c113904e5bf2,2018-07-29 15:39:00,CLEAR,DAYLIGHT,DRY,ON SCENE,07/29/2018 03:39:00 PM,41.871952583,-87.763502356,POINT (-87.763502356028 41.871952582986),C,7,2018,15:39:00
4df0c76276c41aa59737d272cfb1cc22d26781679742218088b1e5a05c18d6ce313e1e7f347158b4fbbff176c8b91e9ab1eab86c1e050a8e85304b27edec9ab5,2021-09-23 15:00:00,CLEAR,DAYLIGHT,DRY,NOT ON SCENE (DESK REPORT),09/23/2021 04:15:00 PM,41.822958463,-87.691425915,POINT (-87.691425915045 41.822958462973),C,9,2021,15:00:00
4f81f26a62365f255e2c37055ffc230861fa2084a03c606e12997bb6b4e9c12277ef599b56c4a74af96e68162d22560e3951dd575d3400b6e4d1cb2422385fb1,2017-07-27 16:04:00,CLEAR,DAYLIGHT,DRY,NOT ON SCENE (DESK REPORT),07/27/2017 05:05:00 PM,41.741803599,-87.740953582,POINT (-87.740953581987 41.741803598989),C,7,2017,16:04:00
4d9f8bff896a70c98ed380a41b0eae300448d3e8371c5940ea7b847b67f3efc301a723b8e24b156ca2ed5c01b1252a7423a440624003e082f066086794e0d0c2,2022-05-25 22:26:00,CLEAR,"DARKNESS, LIGHTED ROAD",DRY,ON SCENE,05/25/2022 10:26:00 PM,41.75616061,-87.634583596,POINT (-87.634583595966 41.756160610031),C,5,2022,22:26:00
4f70f1842d58141ad372aae02dbf3a93ee7b83b497db0da35444c3f2173aa713279b46434d72c5e321a926f9f63e08c13b141fe1f21e0550f74c4187dce7f91f,2023-04-22 00:35:00,CLEAR,"DARKNESS, LIGHTED ROAD",DRY,ON SCENE,04/22/2023 12:35:00 AM,41.692441951,-87.644418689,POINT (-87.644418689042 41.692441951029),C,4,2023,00:35:00
4d727cecce9f36c9e3e247409dcea0a3303fe2d2a118e8f09cddaea20204713de7977c1a8401c2f44fe8be915ae2fd3e8c423f17a10046fd8b1c2b8416c26f2a,2017-09-20 14:00:00,CLEAR,DAYLIGHT,DRY,NOT ON SCENE (DESK REPORT),09/20/2017 03:40:00 PM,41.858536536,-87.708949724,POINT (-87.708949724043 41.85853653595),C,9,2017,14:00:00
4e21bac1602c946bd316ddfce5664b88b18b3657445272de7a6bb20ebcb59367cb21dffc770a11f129b5952da29c0b4cb20c65d143aaed94fff0a77fc087bd0c,2020-01-17 10:55:00,CLEAR,DAYLIGHT,DRY,ON SCENE,01/17/2020 11:00:00 AM,41.932128813,-87.708707862,POINT (-87.708707861997 41.932128813032),C,1,2020,10:55:00
4cf8fb13bab56e4564dd6213879066e5cdce5e43afe94228575886cd2325472bce97b600bf080eedbe9108623b6f942dc19e37c6ab870860290c3b95b7e49119,2023-06-25 18:38:00,CLEAR,DAYLIGHT,DRY,NOT ON SCENE (DESK REPORT),06/26/2023 01:05:00 PM,41.898341319,-87.618057856,POINT (-87.618057855957 41.898341319021),C,6,2023,18:38:00
4d308049a1b3ec13e887df6d3d9255b4c2f4a2d3675d80857aa8f1403fe20aa265a5bae2230d79740649e9e4430f7244509428f114fe21a0d68e9e044e213e81,2019-08-28 01:30:00,UNKNOWN,UNKNOWN,UNKNOWN,NOT ON SCENE (DESK REPORT),08/29/2019 02:10:00 PM,41.785595256,-87.615523562,POINT (-87.615523562033 41.785595255973),C,8,2019,01:30:00
4e85ff9fe0bdde13cc332c45f4d1171bc16a62b4a14af2599e0e7bcabd4aef34f800e5142a122a2ffa3abdc17620c692af9fd550b92bd69f357c57305df2eca6,2016-08-27 10:00:00,CLEAR,DAYLIGHT,DRY,NOT ON SCENE (DESK REPORT),08/29/2016 06:10:00 PM,41.906716146,-87.629923516,POINT (-87.629923515998 41.906716146046),C,8,2016,10:00:00
4e1b503c86dec40d1f64e907a19edf40108b91337d02f392a021c163c963372cfde8c5b16e8ecdf0a6cf86a5204722d2f78cb5e2422af3331dd619e856ba0bee,2019-03-13 08:00:00,UNKNOWN,DAYLIGHT,UNKNOWN,ON SCENE,03/13/2019 03:19:00 PM,41.944346176,-87.752101682,POINT (-87.752101682015 41.944346175996),C,3,2019,08:00:00
4e91a180a12a50e72a4438edeb76547dc067c787cc8ed8df2187f5e3ac37c0895652d7d994ec7df962c911cef29ee7279c1090b6948b42e74dd9d4617dd454ba,2023-04-05 13:05:00,CLEAR,DAYLIGHT,DRY,ON SCENE,04/05/2023 01:06:00 PM,41.793444349,-87.762176298,POINT (-87.762176298023 41.793444349042),C,4,2023,13:05:00
4edc53d337fd8826a6f3ece3260a1a3c90273cd55fd033f7a4ceb2bc7e19ae35e00420abc4b499a660cda58260739c758caac5cb0c9677dfd6b737f139ef64f7,2022-04-03 07:00:00,CLEAR,UNKNOWN,UNKNOWN,NOT ON SCENE (DESK REPORT),04/03/2022 09:15:00 AM,41.871207853,-87.676228848,POINT (-87.676228847973 41.871207853017),C,4,2022,07:00:00
4d9d4ea38ef903fd57128d2919fc3e90af426e634921d72f1f4053f2a2b2f1a7d963a30162f60075093486338731f85582bf92d845b189d78fa894e98dbfbc9d,2019-06-12 18:00:00,CLOUDY/OVERCAST,DAYLIGHT,WET,NOT ON SCENE (DESK REPORT),06/13/2019 12:49:00 AM,41.917565709,-87.700668767,POINT (-87.700668766963 41.917565709024),C,6,2019,18:00:00
4f0234bdef864c114b14f5e387a042691db044fd1b46c33be66e36e18c1543203b814f835c5759474c349149a4d904b9eb6ed0302ff40680192464267194ee89,2021-09-08 07:40:00,CLEAR,DAYLIGHT,DRY,ON SCENE,09/08/2021 07:40:00 AM,41.744151639,-87.585945067,POINT (-87.585945066953 41.744151639042),C,9,2021,07:40:00
4d28566d27996efb2014869e0c80afb71c8d410b2c9c73c21b42b20d25f56db17008adefb900d1c08a11fe02658ab52da798ceaf1274bfb6582ff279374d81f2,2021-11-25 22:30:00,CLEAR,DARKNESS,DRY,ON SCENE,11/25/2021 11:43:00 PM,41.75872376,-87.585590902,POINT (-87.585590902031 41.758723759994),C,11,2021,22:30:00
4d7256fce0db568d5189db36b959d7abaf128b6ac410ad71a4b7c1e9d16a1556372386488c7921651f779f996b3bd2ec90cbd23a09bb06ecd7a12dbbb0cecbd8,2019-09-16 16:24:00,CLEAR,DAYLIGHT,DRY,NOT ON SCENE (DESK REPORT),09/18/2019 06:40:00 PM,41.976016898,-87.728395019,POINT (-87.728395019024 41.976016898024),C,9,2019,16:24:00
4eaeeb3eece0dc505f9eda9e04b6811d2862227481757080eb62746cd71fd2875a9158d89d9452722578bde949f37b7404e07c14b6ce2a5d5b75134ee89f7c55,2018-02-05 07:50:00,SNOW,DAYLIGHT,SNOW OR SLUSH,ON SCENE,02/05/2018 07:54:00 AM,41.79616458,-87.650128788,POINT (-87.650128788043 41.79616457997),C,2,2018,07:50:00
4ee40a7bc7565081d07dc08e760b9927f29fe0d82dfa02c0306ab32e420682f9e56c4728f1b32d2830a3009f5259d1f232e121ab9ac9fedf945e982b17b25ce9,2019-04-26 00:00:00,RAIN,"DARKNESS, LIGHTED ROAD",WET,ON SCENE,04/26/2019 12:08:00 AM,41.876926589,-87.745039137,POINT (-87.745039137038 41.876926588953),C,4,2019,00:00:00
4fcf3d4a0a3278f87b98c5511be19bdb96a289f1aedd4ffef0c5a551c86691c02986e27c3f50484a4ba35836b2af2578b6645e95d75b58d8f937082c9bbd831f,2022-02-18 16:14:00,CLEAR,DAYLIGHT,DRY,NOT ON SCENE (DESK REPORT),02/18/2022 05:03:00 PM,41.836490047,-87.618373724,POINT (-87.618373724007 41.836490046973),C,2,2022,16:14:00
4f4133e4c801911459207e598d8d1c59d05fc97d17e11485db3fbdcdad0e1928cd6483416cac19dfe43a8afd0efba57837c830527c6bb0ff038cd80104a6323c,2019-05-04 13:30:00,CLEAR,DAYLIGHT,DRY,NOT ON SCENE (DESK REPORT),05/04/2019 04:15:00 PM,41.910899808,-87.626150711,POINT (-87.626150710962 41.910899808009),C,5,2019,13:30:00
50888af671287733028b441f2e5ba7d9b1ba298103aa4bd9bc7334cd737e8f1aca55829f3292338176c6b8b7288df91e5867c8c6c7ba6ed4c017b0175be98ac1,2020-06-24 15:56:00,CLEAR,DAYLIGHT,DRY,ON SCENE,06/24/2020 03:57:00 PM,41.850049165,-87.724865737,POINT (-87.724865737019 41.850049164978),C,6,2020,15:56:00
52108d1f1bc0cbc730d063365cc5788c2d1d032dd0cb117fbce2b1c57fa276c7e8f1e6bbf7a7451d7d5a6e8cb96138df852e48ee0e5999a6c9fd33f5ac9faa63,2021-07-10 15:00:00,CLEAR,DAYLIGHT,DRY,NOT ON SCENE (DESK REPORT),07/14/2021 02:00:00 PM,41.822958463,-87.691425915,POINT (-87.691425915045 41.822958462973),C,7,2021,15:00:00
51f3b49c2350a4ab6989c9d5d234e50ff8f3d344bd501c7f9e1cef431e54e2a69f1854b6bae42771f1ac7a2ea4e0407e757db924c3e90d5586a185fa5223217d,2022-12-13 10:03:00,CLEAR,DAYLIGHT,DRY,NOT ON SCENE (DESK REPORT),12/13/2022 10:35:00 AM,41.74350578,-87.62819656,POINT (-87.628196560035 41.743505780006),C,12,2022,10:03:00
506dd15df9403162d49719eb493bb196a98882ff1d00d90a35e7f99ef27093d8863fdb3619345cdaef4b777bb15c2f5176d481679f965da3ac8873f38cc09f65,2020-06-17 13:16:00,CLEAR,DAYLIGHT,DRY,ON SCENE,06/17/2020 01:36:00 PM,41.954010154,-87.681240941,POINT (-87.68124094099 41.954010154043),C,6,2020,13:16:00
51f896bc6e9b4cbcc29c8a49ef3d74828896d6b3bcded1f3a283013b2e4287043367348fa486ef8230595ad57c11d3884aeb85b622dc4582daa26c61038234bb,2018-08-20 08:30:00,UNKNOWN,DAYLIGHT,UNKNOWN,NOT ON SCENE (DESK REPORT),08/28/2018 03:53:00 PM,41.967797374,-87.757318908,POINT (-87.757318908014 41.967797374042),C,8,2018,08:30:00
5274462a1780f459f577265980e8ca7721a50b5f377ecba2243eb5394c7e9b77f4af925faf156e3fe1ab851f3a00cc851b191e2dc24d392985e9ff98e24d35f7,2018-01-04 17:50:00,CLEAR,"DARKNESS, LIGHTED ROAD",SNOW OR SLUSH,ON SCENE,01/04/2018 06:38:00 PM,41.814901663,-87.668926939,POINT (-87.668926939011 41.814901662992),C,1,2018,17:50:00
5196ac2a09ba10c7c27d536d21af79cb0e1a0a3474b1ead4e2993a548ec2f10ca7269db570e68d0ae4ade43862cc6273947aeaab86234862c6665f66dc8f7cfe,2021-08-04 11:50:00,CLEAR,DAYLIGHT,DRY,ON SCENE,08/04/2021 11:55:00 AM,41.924065868,-87.805914498,POINT (-87.805914498046 41.924065867955),C,8,2021,11:50:00
5267205e09d46628abd40c7763c910055a3405b99341c0137f2c0c57452a0981152a84a38b3a6a93841adb87d33376c9accc3cafa78c8c99555ff2575d8d1003,2016-10-28 17:19:00,CLEAR,DAYLIGHT,DRY,NOT ON SCENE (DESK REPORT),10/28/2016 06:21:00 PM,41.75869138,-87.60533417,POINT (-87.605334170015 41.75869137995),C,10,2016,17:19:00
50d7ae89f687920c4b497eb3496426749e12cb50cf9fef815caaba9cdda54f98eb0738d382087425d0a90b5d03f804879ae1e29bd4c26359f32e627830f2dfe8,2018-07-05 13:30:00,CLEAR,DAYLIGHT,DRY,NOT ON SCENE (DESK REPORT),07/06/2018 01:58:00 PM,41.855630065,-87.625415361,POINT (-87.625415361031 41.855630065016),C,7,2018,13:30:00
51dd9365ba7f3515cbcd4d9382181551a6789dc4d5bda624b1f1daf45c572504aa7f3f46ec5aa755751a9d06a51299e05d0ebe9f396282f69036c86ae6143f87,2020-06-05 18:35:00,CLEAR,DAYLIGHT,DRY,ON SCENE,06/05/2020 06:37:00 PM,41.895527078,-87.699098183,POINT (-87.699098182975 41.895527077955),C,6,2020,18:35:00
5247173f21b67eb3c475ed28d7b769b2949ccd59f7544ba83fd4690db53e71db03ccebd76ebf79bf847e6fe797bb8d4750fce0b49cc38855537adca1bfb8d392,2021-05-14 21:30:00,CLEAR,DAYLIGHT,DRY,NOT ON SCENE (DESK REPORT),05/14/2021 09:30:00 PM,41.985976968,-87.78782345,POINT (-87.787823450015 41.985976968036),C,5,2021,21:30:00
51298e67c7382d7fecad853214c4b5126eb843b4cf8ec877a02c676991091f6b0e5567620937f9e0106a77179e581a096edaba8942bc9193db08f107bb93da1c,2022-11-20 18:20:00,CLEAR,"DARKNESS, LIGHTED ROAD",DRY,ON SCENE,11/20/2022 06:22:00 PM,41.76689639,-87.658871921,POINT (-87.65887192097 41.76689639005),C,11,2022,18:20:00
500f2882a54a95536df31ec51eac62b62bfd84e2e5062ca3df34e174f652ce1eb2724c996742bcfa48b6a141a0563a6ff78f4e7dfc54aa5b9a48cf05456cfd9d,2020-07-19 17:15:00,CLEAR,DAYLIGHT,DRY,ON SCENE,07/19/2020 05:23:00 PM,41.77323448,-87.585162528,POINT (-87.585162527989 41.773234480031),C,7,2020,17:15:00
50f5db93ec1bf00bd247a60aa0da8567362146b7389f7aa2610b69ee87f5abcd3546fbc6bf702fa4f3824fff2ef907fdb22402eb058ce92218087cd72e25cce6,2015-10-03 23:00:00,UNKNOWN,UNKNOWN,UNKNOWN,NOT ON SCENE (DESK REPORT),10/06/2015 12:18:00 PM,42.005748683,-87.660817462,POINT (-87.660817461963 42.005748682954),C,10,2015,23:00:00
516922e4faab143370518bfc90b426ac7336af4f347c3978f1e63c1505a44a2d4d9ab9b884db46ed6d8b8c1f10007341d34e52abcb8b246849c7125f95ca131a,2019-06-11 13:30:00,CLEAR,DAYLIGHT,DRY,ON SCENE,06/11/2019 01:30:00 PM,41.997655095,-87.699498438,POINT (-87.699498437993 41.997655095),C,6,2019,13:30:00
50009e2e98f365202a9d5aecb609c751ef66ea85f07d22f9cfcfb0810bae6bc3a061c59bbfc2bbb86aa0911c642c8a89cd92e6b57bbeb4f0b7de8d5069260fc3,2018-06-20 07:50:00,CLEAR,DAYLIGHT,DRY,ON SCENE,06/20/2018 10:15:00 AM,41.954105717,-87.693290369,POINT (-87.693290369008 41.954105716988),C,6,2018,07:50:00
4fe9a15160ceed9e471ca11def8ca388df41972704f0fd3bd6685a9faa732771e3442fee870002255a4a45635d308b04ae45cffa5d9ec1d69b8cd6a1d121e423,2023-02-13 18:24:00,CLEAR,"DARKNESS, LIGHTED ROAD",DRY,NOT ON SCENE (DESK REPORT),02/13/2023 07:15:00 PM,41.849749265,-87.712273676,POINT (-87.712273675991 41.849749265021),C,2,2023,18:24:00
5235605bb3a9e36ada2b4d5827407f504e7757cf0303f0b57cdbf9fcb4802d560e299a3d53ebc7c9015e520c69cfb54051216d7916b39ff0a1089a8e2e12a492,2016-04-26 17:30:00,CLOUDY/OVERCAST,DAYLIGHT,DRY,NOT ON SCENE (DESK REPORT),04/27/2016 09:57:00 AM,41.785669984,-87.60589206,POINT (-87.605892059974 41.785669983996),C,4,2016,17:30:00
5147c3f161aaaf255bc653ecf2686353c73e83beb1d8b03e2f4e3d3ba7b96c712c7526faf06eb9bdd3d27e07e75177a05347df393a42ce0d713ee9f691227c53,2023-02-08 01:00:00,CLEAR,"DARKNESS, LIGHTED ROAD",DRY,ON SCENE,02/08/2023 01:10:00 AM,41.755185153,-87.597862829,POINT (-87.597862828989 41.755185153027),C,2,2023,01:00:00
525de5deb61f7b77d2ee38eaa201d74b75f0b57e5662cb58b02d4aa0ef6b4decb7894e3fa8a25fc72d187d82ea08c0b360c5d4319eefce27636215a638841d2a,2020-06-12 11:00:00,CLEAR,DAYLIGHT,DRY,ON SCENE,06/12/2020 11:01:00 AM,41.750388107,-87.669438517,POINT (-87.669438516967 41.750388106952),C,6,2020,11:00:00
50f1525018b0cf0cc7debd0428d7fa17e30c493867b4cd45ac0f537c9d6b7c033c38c34f5272473890ac5840e9760a68c4c84f5d09c0613b5fd3230a997e560a,2018-12-03 09:15:00,CLEAR,DAYLIGHT,WET,NOT ON SCENE (DESK REPORT),12/03/2018 10:03:00 AM,41.886066456,-87.620830331,POINT (-87.620830331034 41.886066456019),C,12,2018,09:15:00
4ffd6c01625b5511417eaef2442f60b55d53ed466d6773b39888d056bff91f977557844cfe776fd7d60ba131b253c1aabf7826b9a7bfd3dec38311d1d037c44c,2020-10-08 02:45:00,CLEAR,"DARKNESS, LIGHTED ROAD",DRY,ON SCENE,10/08/2020 02:47:00 AM,41.939037368,-87.711409514,POINT (-87.711409513979 41.939037368047),C,10,2020,02:45:00
52256c7b1e705d862ae7a37f628eedbe899c8318c491a5e3158cf5ab1e8ed25dd5158403c0e1194826e575a385b2f69f83bdc7a393891eb9b6ac439e5cb7b25f,2016-07-16 20:50:00,CLEAR,DAYLIGHT,DRY,NOT ON SCENE (DESK REPORT),07/17/2016 03:40:00 PM,0.0,0.0,POINT (0 0),C,7,2016,20:50:00
516df16937fccb619a4e4dd4f9163c92266e5501314f039d21108a6cbe4ccd512a03966836e832dc3336e52702996bd17a4d1d95af5fa72bc4ec7c6e12db17ea,2019-06-26 16:38:00,CLEAR,DAYLIGHT,DRY,ON SCENE,06/26/2019 04:38:00 PM,41.822958463,-87.691425915,POINT (-87.691425915045 41.822958462973),C,6,2019,16:38:00
4fd0a3e0897b3335b94cd8d5b2d2b350eb691add56c62ded0cf5fa7597f0f07367c789a2afe141853d52bdc085ec5a25f303b9f02dbd8bb1c26a5704b7925d06,2019-07-10 17:56:00,CLEAR,DAYLIGHT,DRY,ON SCENE,07/10/2019 06:16:00 PM,41.919663833,-87.773287883,POINT (-87.773287883007 41.919663832993),C,7,2019,17:56:00
519ea0fbf0e65bb8bc2f718b8cd180f8a112d5d19fd5b9a99b3dfe3daa26992fc62af6e730af52d507f9e92d76b8832a83090e08efb24cfaa92ed015a674c269,2018-05-04 13:00:00,CLEAR,DAYLIGHT,DRY,NOT ON SCENE (DESK REPORT),05/04/2018 01:38:00 PM,41.773765662,-87.722781154,POINT (-87.72278115402 41.773765661984),C,5,2018,13:00:00
503ba200c56a590cb421d1cd209497a725d42007c6c85c2d46173cf832190f1cbf63c4a9025269e02f0fc6c16919339532b94b763664967fa5b69e78c1132724,2023-06-20 13:00:00,CLEAR,DAYLIGHT,DRY,NOT ON SCENE (DESK REPORT),06/21/2023 01:25:00 PM,41.968353784,-87.727891335,POINT (-87.727891334988 41.968353783982),C,6,2023,13:00:00
51124565c1548db785777d5bebd9a7c4c6fa4d88b7c354218385f38c3abff0ae1f3cea3157e98324c06c276eadafc961ff5a08aff4db8f79cbefee031ffc19e1,2017-07-05 09:46:00,CLEAR,DAYLIGHT,DRY,ON SCENE,07/05/2017 10:06:00 AM,41.773455972,-87.585022352,POINT (-87.585022352022 41.773455972008),C,7,2017,09:46:00
50a49f4e25c6529d7889daf516a8d921100a31dfcc01b3a62eb9522201051881fd32b8656ce84154a346daaa1c59d6a5689f8186960a85216f7d2e18d243aedf,2021-07-11 00:42:00,RAIN,"DARKNESS, LIGHTED ROAD",WET,ON SCENE,07/11/2021 12:49:00 AM,41.855630065,-87.625415361,POINT (-87.625415361031 41.855630065016),C,7,2021,00:42:00
524193b9fc8cfa9dcf93ed13b722c1995faef96f1885602777fe230dad7058aa6c4a59c32c3e9fdfffac25cd65e5eb82f37da4b719f816c69f7f9b6b3e47b2d4,2018-08-21 14:15:00,CLEAR,DAYLIGHT,DRY,NOT ON SCENE (DESK REPORT),08/21/2018 03:20:00 PM,41.884552309,-87.63975418,POINT (-87.639754179988 41.884552309006),C,8,2018,14:15:00
5038a7e3fc50a974ffdfa63ef9d7fa50813570a924f6dc5d1b8f92f121e2ba8f74f2af77c1f358a6ccf3101264415c9b79541fa756b69ceece92a95a29526102,2021-10-01 07:10:00,CLEAR,DAYLIGHT,DRY,ON SCENE,10/01/2021 09:00:00 AM,41.830728826,-87.655813252,POINT (-87.655813252029 41.830728825995),C,10,2021,07:10:00
51e39705a3da0a651c83704ebc7dbaa70ba7cb283fce5f032c030da573a1ae01d0c512aa8e9b1b971dea7b781e106ce3c189db28767e165d0f27fafbdd5bd9e0,2022-12-31 14:48:00,CLEAR,DAYLIGHT,DRY,NOT ON SCENE (DESK REPORT),12/31/2022 02:58:00 PM,41.997907884,-87.686015487,POINT (-87.686015486967 41.997907883972),C,12,2022,14:48:00
50dba20862b57f9047709c8c6693a1881fe9b735afacbb88e769776055d3a0841206af818ed8c4457c4dfe02d45d1c2f035713f2c4b9f89901d7d6e26420349a,2018-08-31 22:35:00,CLEAR,"DARKNESS, LIGHTED ROAD",DRY,ON SCENE,08/31/2018 11:32:00 PM,42.001436563,-87.660595367,POINT (-87.660595366972 42.001436563032),C,8,2018,22:35:00
50bad30ca389204eca90ae851ec917ad48dda4c5ee1b6a8aa3a5d68cdcfcf68f62a33b65dee6b65e09e1c97944ce6471358159733e9665ccaff554987aab24a1,2023-07-15 02:00:00,RAIN,DARKNESS,WET,ON SCENE,07/15/2023 01:20:00 PM,41.685084923,-87.650147887,POINT (-87.650147887041 41.685084922987),C,7,2023,02:00:00
5090626b07eb649ddd40e5db605c5a23c582b934906c0481c73ae522a1e4c5baf3ad2a021ae84d71747949a0daea6a7c3256dcbab9b31d0fea7086b6e213a1cb,2016-03-10 09:30:00,CLEAR,DAYLIGHT,DRY,ON SCENE,03/10/2016 06:30:00 PM,41.784385694,-87.740065946,POINT (-87.740065945952 41.784385693962),C,3,2016,09:30:00
4ff1e83eb01fa5680b48ac9c0ac76af71c0511945f387fc4810b80808fba5b3b0435510b366765418921d270de56dbc61ecd5701397f226069370eda0727c2e6,2018-09-28 17:30:00,RAIN,DAYLIGHT,DRY,NOT ON SCENE (DESK REPORT),09/29/2018 12:55:00 PM,41.928615792,-87.687920247,POINT (-87.687920247039 41.928615792006),C,9,2018,17:30:00
504beffd1e8c6e416559cbcb2b8a85d8addada377bebc3c235302e27ff9d5734c235b970775329dd08f963b124e63f1cc0e461f51fe4a313a93e191cc6c2b089,2023-07-26 22:01:00,"BLOWING SAND, SOIL, DIRT",UNKNOWN,UNKNOWN,NOT ON SCENE (DESK REPORT),07/31/2023 11:30:00 AM,41.735474595,-87.589169053,POINT (-87.589169052966 41.735474594975),C,7,2023,22:01:00
503050f4d03ab2cfadb1f1210a23a73c25853fd285494401b467291ae7159ca6844341a37be6cd77b94336da4ee173ed96507dc9d478997901dc06409c856abb,2016-07-08 12:00:00,CLEAR,DAYLIGHT,DRY,NOT ON SCENE (DESK REPORT),07/08/2016 12:40:00 PM,41.924241066,-87.738157002,POINT (-87.738157001966 41.924241065955),C,7,2016,12:00:00
50e2f6b00f7c3664adf919c002214a99b44094ce911756ffafb707dd6e76b889dd026684b7ec1eac788a7d2afafae982f0cf6497b0b552106585b7cd7da647fe,2017-04-08 17:45:00,CLEAR,DAYLIGHT,UNKNOWN,NOT ON SCENE (DESK REPORT),04/08/2017 06:00:00 PM,41.953844811,-87.719338407,POINT (-87.719338406985 41.953844810956),C,4,2017,17:45:00
51d8f28d91629a609532a89adae374aa257b78a763e154faa166ae1d6908522274b95cdd13be36720b66114e77c54b1d6a3cf3aeeaa943674a0d89c423e6a237,2021-07-18 23:15:00,CLEAR,"DARKNESS, LIGHTED ROAD",DRY,NOT ON SCENE (DESK REPORT),07/26/2021 09:50:00 PM,41.876926589,-87.745039137,POINT (-87.745039137038 41.876926588953),C,7,2021,23:15:00
504bde684a73bc7bb11d86f4f0da3946e35b91dec3f620510c85995dabef3fabcbc5ce67cf2acc0893a33fe77dd2df35e20c77c56d71633e02ba7a06e6b740b4,2020-09-18 22:30:00,CLEAR,DARKNESS,DRY,NOT ON SCENE (DESK REPORT),09/19/2020 09:45:00 AM,41.883633604,-87.73787932,POINT (-87.73787932003 41.883633604041),C,9,2020,22:30:00
523e118afd86637bc424ed58eff0894309f3e4656ca1e1913b45610ea832d911424f28ca0bac77edcc9fff78ad1a076beca094c835c2f9907294e2c72d7cccce,2018-10-31 13:58:00,CLEAR,DAYLIGHT,DRY,ON SCENE,10/31/2018 02:08:00 PM,41.85273296,-87.632667026,POINT (-87.632667025989 41.852732959959),C,10,2018,13:58:00
507a99efc4cb185035a0b88a282161afa55ac082b1cc4fa9b8a765142638476451df4eb59dbf4e03ef78169318379355fdc076a7c94632136dc45b97dff213e4,2018-10-31 16:00:00,CLEAR,DAYLIGHT,DRY,NOT ON SCENE (DESK REPORT),11/18/2018 07:15:00 PM,41.920073037,-87.653287055,POINT (-87.653287055017 41.920073036992),C,10,2018,16:00:00
5268787c50f7deab92a5d7b0c70e94ccb9a405950ec4342ad6950b6b61799eef7cba73d300f0634f1b69d87498b1f1fee871eca9c9e3a840275f2f0602788f97,2022-03-19 01:00:00,RAIN,DAWN,WET,NOT ON SCENE (DESK REPORT),03/19/2022 06:00:00 PM,41.943646149,-87.65382314,POINT (-87.653823139982 41.943646148999),C,3,2022,01:00:00
511b0faaddd2e5f06403b6d5b6d33468489ffc7e583c196a6052a4da22d5f7b08a916debe04b60c40d0004dcf199d047e353c15bc7ab768dae6c21baefcc661f,2021-07-12 07:43:00,CLEAR,DAYLIGHT,DRY,NOT ON SCENE (DESK REPORT),07/15/2021 11:55:00 AM,41.79573461,-87.762555326,POINT (-87.762555325992 41.795734610035),C,7,2021,07:43:00
50ee91d7beeb76e0c0c1dcb7f2632c084ad7d9119293e55cb8a5fafa5cf7460674324ee112c5fbc3b177a9a9431033a5a393a5f964454ff98e273249eb794466,2023-08-06 15:13:00,CLOUDY/OVERCAST,DAYLIGHT,WET,NOT ON SCENE (DESK REPORT),08/06/2023 04:00:00 PM,41.744151639,-87.585945067,POINT (-87.585945066953 41.744151639042),C,8,2023,15:13:00
50be39e4c2ab988ff9524bbb3d94052dea9c0fe02e40e6482cfaabeeabfe7b992cf72f3f01189f8501baa436469483f3cd1f16901fa4c31986ad80c00585082f,2020-09-21 06:00:00,CLEAR,DARKNESS,DRY,ON SCENE,09/21/2020 06:05:00 AM,41.958986951,-87.933993929,POINT (-87.933993928974 41.958986950953),C,9,2020,06:00:00
50c2dc0ffcaf91009cb2dcc12c28a05534101a58b434932cc1e31b8d8054fc64b3c2244d5d139eb2143eff05467b86897bfe51d221a6800b8f2278656be43de9,2020-08-16 02:15:00,CLEAR,"DARKNESS, LIGHTED ROAD",DRY,ON SCENE,08/16/2020 02:16:00 AM,41.875431892,-87.658143676,POINT (-87.658143676003 41.875431892003),C,8,2020,02:15:00
51b7ae6fecc32e617137f9433ef956270e2f82e207740812fe5adc335d5ebacb2db5891f7993bd82e114a3a99d8fe1007483200da8fcef1e13197e07e2ab7f2b,2018-04-17 22:00:00,UNKNOWN,"DARKNESS, LIGHTED ROAD",UNKNOWN,NOT ON SCENE (DESK REPORT),04/17/2018 10:54:00 PM,41.815706199,-87.671459826,POINT (-87.671459825961 41.815706198985),C,4,2018,22:00:00
5207167f365f7d8345a47f86d6641a3f27a89d9ade5d46a6d10416ab9bb90a1e7018d4b5fc7532efde77d2305c9e0d842786382634c6d21eeb15ad01246d2458,2020-05-09 17:30:00,CLEAR,DAYLIGHT,DRY,ON SCENE,05/09/2020 05:32:00 PM,41.722562545,-87.576634534,POINT (-87.576634533992 41.722562545023),C,5,2020,17:30:00
5051d82b1c5178d62a5592eeb2e1c7ed00e6a120038b85a1fec67a025d59fbdf329208174224a30dadfa6d29bd669719b02aa616012d1fe0e5e5a99c6f2104ce,2017-06-12 01:30:00,CLEAR,"DARKNESS, LIGHTED ROAD",DRY,NOT ON SCENE (DESK REPORT),06/12/2017 09:55:00 AM,41.976262299,-87.670961104,POINT (-87.670961103964 41.976262298994),C,6,2017,01:30:00