CRASH_RECORD_ID,CRASH_DATE,WEATHER_CONDITION,LIGHTING_CONDITION,ROADWAY_SURFACE_COND,REPORT_TYPE,DATE_POLICE_NOTIFIED,LATITUDE,LONGITUDE,LOCATION,CRASH_TYPE,CRASH_MONTH,CRASH_YEAR,CRASH_TIME
517644a28f1b8dc8b40241043c1351bafc146ca8c73905832bcee37a125230e644fe75fcad9daec1949eeec64dc90a12f40d4f4c5b357a543d5e40ad4444969f,2018-03-19 15:00:00,CLEAR,DAYLIGHT,DRY,NOT ON SCENE (DESK REPORT),03/19/2018 08:08:00 PM,41.891621161,-87.624253929,POINT (-87.624253929022 41.891621161011),C,3,2018,15:00:00
51867bda80c4f8dbf3472f1351764ef0ab7c0c8487cef26accba0aad28d0912499b5f12844c422c993b030a2a37449656e7dc764e6e6bf19d32ebd8b8f86b471,2017-02-15 16:05:00,CLEAR,DAYLIGHT,DRY,NOT ON SCENE (DESK REPORT),02/15/2017 05:50:00 PM,41.995579197,-87.675876884,POINT (-87.675876883986 41.995579196996),C,2,2017,16:05:00
51ad83a2be1023831129f8c9defca5ab8b638a1ae51c92934808252024a02f8e23c642ea70d1d0052feba7de8cbda51914eb47f2e2a3205d653d234c283f6103,2017-10-16 10:00:00,CLEAR,DAYLIGHT,DRY,ON SCENE,10/16/2017 10:30:00 AM,41.903825234,-87.64328636,POINT (-87.643286359995 41.903825233976),C,10,2017,10:00:00
501949cfcab29249c788426e0dfc8ce64d8fd537232e53e275c44462b7ef27e30bf3a2c4d3641cb0cfe7f01768f6161270a10ba4d56f9735cc4291b63cd5eaab,2022-03-05 15:25:00,CLEAR,DAYLIGHT,DRY,NOT ON SCENE (DESK REPORT),03/05/2022 03:45:00 PM,41.858908833,-87.729904272,POINT (-87.729904271964 41.85890883299),C,3,2022,15:25:00
50544f9bd2748debb50702e4aa53c8e5a30182a89cf9d5e6030c4530170900ab856e352f61264a194237ac0f6d5018eec29700318908704e0f04ef47decd1f35,2018-01-06 15:32:00,CLEAR,DAYLIGHT,DRY,ON SCENE,01/06/2018 03:34:00 PM,42.007840138,-87.691010903,POINT (-87.691010903011 42.007840138019),C,1,2018,15:32:00
4fd4e7035495e83437b1bb85f8dc0d1d8ed59943676c850e0f0dde39d89e2e571afc1cb08a3444fb37a4c0d8118368465b1dd24e24a1866fb82aff8d4f8e0fd2,2021-06-30 22:45:00,CLEAR,"DARKNESS, LIGHTED ROAD",WET,ON SCENE,06/30/2021 11:58:00 PM,41.862331035,-87.711586346,POINT (-87.711586346018 41.862331035045),C,6,2021,22:45:00
50abd7edbbd6f19e16f9458548ac2e24e0b07e309c04eae1f3f868b8be8b94ffa4247333776514ebfad8e30180a8390553e376124ab9a7224ec2fdd46d393f60,2021-01-21 10:00:00,CLEAR,DAYLIGHT,DRY,NOT ON SCENE (DESK REPORT),01/21/2021 11:20:00 AM,41.747849381,-87.706191494,POINT (-87.706191494033 41.747849381039),C,1,2021,10:00:00
529493c5a6b3fa8326aae0865c519b29308c90825d768f1b5d96639197068ee370f3254b82990332efaed56aabc460814d91aaee7516cddbf059177dec1785bc,2022-05-07 22:00:00,CLEAR,"DARKNESS, LIGHTED ROAD",DRY,ON SCENE,05/07/2022 10:14:00 PM,41.894228849,-87.625384759,POINT (-87.625384758996 41.894228848999),C,5,2022,22:00:00
50d7005bbdcaa6f7316f1218b69819401fdf58a4d328f04ee45ab8e35d6aafc508cb5ffaf578778c94d9efc4ac47512b23100810173270fc30998342e6735f44,2018-04-17 08:00:00,CLEAR,DAYLIGHT,DRY,NOT ON SCENE (DESK REPORT),04/17/2018 05:03:00 PM,41.792311499,-87.789197189,POINT (-87.78919718901 41.792311498963),C,4,2018,08:00:00
52a3941f95e1632a38e4fa2cd3a28ea783a1ededf5a880fa401fb08a18c89f44ebed40f88617641e8110c4fcaf95b65c805d11927e9a748131ffaf543d2bbd2c,2016-05-08 00:55:00,CLEAR,DARKNESS,DRY,NOT ON SCENE (DESK REPORT),05/08/2016 05:00:00 AM,41.749959365,-87.700802911,POINT (-87.700802910953 41.749959364995),C,5,2016,00:55:00
515195e50f627c277ba0b32ace3f1f18aedc35aae46cd0c7f13a43317311d15866a9046f830c959125bed3e7eafc77b3e406ab7c9e894c0398ee0f5913d4443a,2021-07-20 12:00:00,CLEAR,DAYLIGHT,DRY,ON SCENE,07/20/2021 12:00:00 PM,41.728825707,-87.543011107,POINT (-87.543011107042 41.728825706969),C,7,2021,12:00:00
504a66a0a92a4d9eb009b794cea0083dad71a4e238fc07236157925b1cb045514435ac6a4ee507d471c1a134317a681440fab4c61ceb1accfc0975405f63e9b0,2021-10-15 09:55:00,CLEAR,DAYLIGHT,DRY,ON SCENE,10/15/2021 09:55:00 AM,41.805782825,-87.606545328,POINT (-87.606545328006 41.805782825022),C,10,2021,09:55:00
514e5fc1cc22dc98cb0972682baf2550a73cde5f8998b24cb45021e425b25388a623a85a89cfd78994ad1e52dceed393c1b9cd735c781d0d1581e18e30606669,2016-11-22 16:00:00,CLOUDY/OVERCAST,DUSK,DRY,NOT ON SCENE (DESK REPORT),11/22/2016 04:15:00 PM,41.85276755,-87.630024824,POINT (-87.630024824031 41.852767550035),C,11,2016,16:00:00
506f1ff883022b7c01f2f8b58da88031dc360046add6360d2ecdcf238d1d80197918a6dd2df54970fe11a7b81da9c809c43481080324189430fc1d41900f9ab1,2017-07-08 22:38:00,CLEAR,"DARKNESS, LIGHTED ROAD",DRY,ON SCENE,07/08/2017 10:38:00 PM,41.898344692,-87.772564974,POINT (-87.772564973995 41.898344691989),C,7,2017,22:38:00
5085995c0df2bd1b1720ca79b894a836c42815b1748ee5df1b9d502f0016ea693cb120b4592384bf95b229a35e86b25ac202f3ac3dc1c8af0e255e14b0f14e85,2020-01-11 19:30:00,SNOW,"DARKNESS, LIGHTED ROAD",WET,NOT ON SCENE (DESK REPORT),01/11/2020 08:30:00 PM,41.917977302,-87.671867349,POINT (-87.671867349034 41.917977302034),C,1,2020,19:30:00
500df5df74a46275f19663861ce74ddfc24d1dcf1fdd5ece7951715e66f54a88580e559225eda9f99daf92c8fe02617b8db0a25995902f6dd2136651d7223432,2017-09-29 19:50:00,CLEAR,DUSK,DRY,NOT ON SCENE (DESK REPORT),09/29/2017 08:40:00 PM,41.931036923,-87.791942933,POINT (-87.791942932976 41.931036922967),C,9,2017,19:50:00
5164e64091dbfa483da3a092509bc5459dee22b5ed16f95fa47ca757b1bc7b7b11d3b32664c06c8c5cef5b3b2dc5c7b43ccb47946d614d464296cb0492902577,2016-03-05 22:00:00,CLEAR,"DARKNESS, LIGHTED ROAD",DRY,NOT ON SCENE (DESK REPORT),03/06/2016 08:20:00 AM,41.88183668,-87.700810069,POINT (-87.700810069048 41.881836680024),C,3,2016,22:00:00
4fde91c9719d8cd96e7c147ab318bcfb11506f59d69df2897179a65c358f658f3fac9267686e88d55df923180a16d6849c1d362400b66baea1646f3c0a39dea5,2022-10-08 00:30:00,CLEAR,"DARKNESS, LIGHTED ROAD",DRY,ON SCENE,10/08/2022 12:37:00 AM,41.722730859,-87.628839051,POINT (-87.628839050952 41.722730859045),C,10,2022,00:30:00
503932f1d4da11c4e800bda07f7a083e11e972d80564524baa4630381bb0d2126dbf6a344d80e9afd5c36ce6174851a004932e895e0bf6ca0d710aaa34edb817,2018-08-02 12:15:00,CLEAR,DAYLIGHT,DRY,ON SCENE,08/02/2018 12:15:00 PM,41.769361738,-87.613549341,POINT (-87.613549340977 41.769361737994),C,8,2018,12:15:00
50b67670c906cd1a812a920f654095aacf15c09b7cc51bf0532067483e52fc1fb99a0c388a6cc95e482c7aa7f5cd1261274c7fc800e88ae8552f9946e06df590,2020-01-25 07:58:00,SNOW,DAYLIGHT,WET,ON SCENE,01/25/2020 08:00:00 AM,41.898941118,-87.737774099,POINT (-87.737774099034 41.898941117972),C,1,2020,07:58:00
5044ebcc5e1e6732b6eb3c77b6e1c5e849707de144041ed8bd915133f5f96ddcbc7d02347970088390be6890efd2ab038bb08cbeac1578b544796491b162016d,2017-10-12 12:00:00,CLEAR,DARKNESS,DRY,NOT ON SCENE (DESK REPORT),10/12/2017 05:07:00 PM,41.872709334,-87.720542107,POINT (-87.720542106967 41.872709333976),C,10,2017,12:00:00
5148e69b615fd65f8db86fbdb4762deb8e716bcfbac63e6d089dec9dfd1d710cd7cf0b20af4d2059aaca96c69618d7c2333bcd1d3a0eafc8113ba3b20d9f0732,2018-04-07 07:35:00,CLOUDY/OVERCAST,DAYLIGHT,DRY,NOT ON SCENE (DESK REPORT),04/07/2018 02:40:00 PM,41.942799653,-87.687941771,POINT (-87.687941770971 41.942799652999),C,4,2018,07:35:00
528cca0dbc84fb217260d922fa0c2e9a4b55b88df737257cff56cb7df3f77473d8d218f68e8fc5938db67e7f2317e116caaa95787f36c74802b8c8760540f03c,2017-08-15 07:00:00,CLEAR,DAYLIGHT,DRY,NOT ON SCENE (DESK REPORT),08/15/2017 05:45:00 PM,41.995579197,-87.675876884,POINT (-87.675876883986 41.995579196996),C,8,2017,07:00:00
5029007f21669f92e81670c712208a8cf4a2421d9c71ff61aac9a274c6632a53374b3233db7de9024f0f6ec05731a27cc800c41dc015f9eae7b6479a1c62efa6,2021-07-12 14:50:00,CLEAR,DAYLIGHT,DRY,NOT ON SCENE (DESK REPORT),07/12/2021 03:25:00 PM,41.764544707,-87.68705707,POINT (-87.687057069958 41.764544707037),C,7,2021,14:50:00
500c61b67ce1c8415faac66908701396c0a38c6e46fa6f4d076e1b84f9bcf926c30b5e3365eec24118c61ed609c0298108ebe44cb3b438970d1baa6ba88a1417,2017-07-19 14:55:00,UNKNOWN,UNKNOWN,UNKNOWN,NOT ON SCENE (DESK REPORT),07/19/2017 03:30:00 PM,41.953750194,-87.728489892,POINT (-87.728489892005 41.953750193958),C,7,2017,14:55:00
51f5cc48586f4a5558547ce994e16a70a59423fc2a8d4d386b2dd9588dcca8c79bf99493675f4245ecceacf2eb39808e1cfb352b689c8a60884334fd0a53f827,2017-05-23 15:00:00,RAIN,DAYLIGHT,WET,NOT ON SCENE (DESK REPORT),05/23/2017 03:24:00 PM,41.693015814,-87.701024776,POINT (-87.701024776006 41.693015814018),C,5,2017,15:00:00
5233a8f81d6101f6746f1677e313192242ce44b4bcff494dc79e817a69c1f48735778e6aa3024457aa4114f471cf138c7dbfbf1554e4d8af96e46698162fe0dd,2023-01-01 03:18:00,RAIN,"DARKNESS, LIGHTED ROAD",WET,ON SCENE,01/01/2023 03:25:00 AM,41.990304614,-87.704312836,POINT (-87.704312836005 41.990304613989),C,1,2023,03:18:00
5206820a0b351784adc97fdc90726720cf6e924e027d609ae4629cb2e914ab73a2c262439af29b2dcfe63602da3fab0dc6c0cc668d0e870883998aadafc27859,2022-02-01 21:20:00,CLEAR,"DARKNESS, LIGHTED ROAD",DRY,NOT ON SCENE (DESK REPORT),02/01/2022 10:30:00 PM,41.890188304,-87.623955698,POINT (-87.62395569798 41.890188304049),C,2,2022,21:20:00
5122f75124edf6660880fe3d19f881eff4390447e5f063e87cbe1314d918a6dc5236eba5a7859405ddebd59c1b2a5f681cdc38931b2e69a769eecc84260fd639,2019-02-16 12:44:00,CLEAR,DAYLIGHT,DRY,ON SCENE,02/16/2019 12:45:00 PM,41.756894455,-87.59286789,POINT (-87.592867889958 41.756894454967),C,2,2019,12:44:00
51a95a349ebc15cdff70b0bc0a8acca8bd0cc28a0fc1e7031bd84a346bde1c8f2532c9f1fde9845a5e6ee47193c18564897ad00ba9f6a6069799d01f5231d04d,2017-08-21 09:52:00,CLEAR,DAYLIGHT,DRY,ON SCENE,08/21/2017 09:52:00 AM,41.760684974,-87.587752316,POINT (-87.587752315986 41.760684974023),C,8,2017,09:52:00
4ffe5b0f1546977b0202f26131accfeb1e8bde5f468472f157dc73ccc3b2086613cf54fad9ae1bfedf1d203a7dcec69bf0f407ccb9e0268a15c93bf1bab6e124,2017-12-26 00:00:00,UNKNOWN,"DARKNESS, LIGHTED ROAD",ICE,ON SCENE,12/26/2017 05:15:00 AM,41.858121301,-87.727229852,POINT (-87.727229851957 41.858121300996),C,12,2017,00:00:00
508f20308bd077ee06f45d506f882995ff5db7704a9b5a05b9f70907336b1fbb3d0e11d35946069b10d329d895ec98a31463427d6046235414646cb2a33cccbd,2020-08-23 11:50:00,CLEAR,DAYLIGHT,DRY,ON SCENE,08/23/2020 12:01:00 PM,41.910524046,-87.713172702,POINT (-87.713172702015 41.910524046036),C,8,2020,11:50:00
5288ab227809102b80aafa4b23c8d1e0906fb512aa0e01f61029bc1d417244eb3403a2e69880bd5a9bd9c49bb33ca0b7a66287c6e903a250b2d93f842b981de5,2016-06-22 10:15:00,CLEAR,DAYLIGHT,DRY,NOT ON SCENE (DESK REPORT),06/22/2016 11:20:00 AM,41.883749922,-87.630772022,POINT (-87.630772022024 41.883749922032),C,6,2016,10:15:00
50e6bdee12a04a19e0d7b681f34dc56ed888873a1e38a7b3a20e55ee9ea6a02d391974c33bc6b69bfbd82499cb7e1de67cdc291d0b3044c81f9a913c9321d1ff,2020-03-18 09:04:00,CLEAR,DAYLIGHT,DRY,ON SCENE,03/18/2020 09:04:00 AM,41.866312657,-87.722954344,POINT (-87.722954344006 41.86631265701),C,3,2020,09:04:00
518854868e3785e67c7b2d9cb511289e4709612b2ce7f087515cae9a558f2882e1be79695b795ddc1225d71481e9ac6d91b9701562d597af881f45ba0abac48a,2022-09-08 08:30:00,CLEAR,DAYLIGHT,DRY,ON SCENE,09/08/2022 10:54:00 AM,41.716179213,-87.616568234,POINT (-87.61656823399 41.716179212971),C,9,2022,08:30:00
51323945a769008e241e3e08dca8aa01bdc52583a0912072f0eb63ad49f64a59cfb5cb0cbeb756ea232ee1042bd9cbb218a16e83abbe6eaf041d613b459599f5,2019-10-13 12:00:00,CLEAR,DAYLIGHT,DRY,ON SCENE,10/13/2019 12:08:00 PM,41.947988017,-87.747288494,POINT (-87.747288493953 41.947988016986),C,10,2019,12:00:00
5085e694fa711c4f260595f87d450df4443643d71584b39539002b3d0f53b1e625924ef7e3ed9c300bbae652f0ae4c740a9dbbb6514c6adc593c2ff2903e97c1,2022-09-20 13:26:00,UNKNOWN,UNKNOWN,UNKNOWN,NOT ON SCENE (DESK REPORT),09/22/2022 06:30:00 PM,41.85902703,-87.622499539,POINT (-87.622499539018 41.859027029968),C,9,2022,13:26:00
4ff35be90452c089a764b5fde49353191e266ee9406502c8532562c2975439ff7de1b7d8e8860be634d6ef450639be0c148a619df2d039bff625517be294041d,2015-10-17 11:45:00,CLEAR,UNKNOWN,UNKNOWN,NOT ON SCENE (DESK REPORT),10/20/2015 04:40:00 PM,41.756398219,-87.55486685,POINT (-87.554866849991 41.756398219009),C,10,2015,11:45:00
528eae6ba4b5e0af2e05053f7a0bee661d919053ede1775057cecc8e4677ef54b4a45f6c2bdb6469667ddd86133b21d3d0c716c47da9f1dc262ea98bbf88c5d2,2023-06-20 14:00:00,CLEAR,DAYLIGHT,DRY,NOT ON SCENE (DESK REPORT),06/20/2023 03:02:00 PM,41.910427443,-87.719151253,POINT (-87.719151252953 41.910427443043),C,6,2023,14:00:00
517428ad44e2aa694118f962cc207322f860098bb9693f3c6c8ae6d3fa8e1e58abe8d222ef66886593cbcaff7e275816d920ed58e61fe2010472e1a7e39ac2c8,2017-06-21 23:38:00,CLEAR,"DARKNESS, LIGHTED ROAD",DRY,ON SCENE,06/21/2017 11:38:00 PM,41.765563782,-87.624825828,POINT (-87.624825828045 41.765563782008),C,6,2017,23:38:00
53745bcd0f0345b001358b61aeb85d6b322f1ee132db2669c0548cb4c5b19a02617651db3c06b518d9a37fce8a689f6b1f83a89b6ba97b0c08250def693d40d5,2022-11-14 10:40:00,CLEAR,DAYLIGHT,DRY,ON SCENE,11/14/2022 10:50:00 AM,41.773455972,-87.585022352,POINT (-87.585022352022 41.773455972008),C,11,2022,10:40:00
540644eac8c09f6956afdd84bf8d5f61cfb662f4a657f4a68ad29ac921193405fff143f1c160cd697d2dab945afad8f77a6081d8aa2bcc9b508bdcb6e9391610,2018-06-01 16:00:00,CLEAR,DAYLIGHT,DRY,NOT ON SCENE (DESK REPORT),06/01/2018 09:10:00 PM,41.782987128,-87.591257583,POINT (-87.591257582986 41.782987127977),C,6,2018,16:00:00
551b2212cc2fbfd1e48cbc489f4e9eb72f2030b309d9acc14087f9e850ca4a4fda5d6e3b72811135bb2b470f664cdb3b8e912abf8eed0bfb73886fcc0e3b6a6c,2022-10-21 15:50:00,CLEAR,DAYLIGHT,DRY,NOT ON SCENE (DESK REPORT),10/21/2022 04:30:00 PM,41.871252224,-87.688022322,POINT (-87.688022321951 41.871252223987),C,10,2022,15:50:00
539ba8cee0aaaca59522c4b144ae6894c6091ef68a078ca57b10161b89d592c573eca5edc0277770e9ec9bf7041e22144407c4609e4632651520f25fb4f928c3,2019-04-08 14:25:00,CLEAR,DAYLIGHT,DRY,NOT ON SCENE (DESK REPORT),04/08/2019 03:20:00 PM,41.939186209,-87.756858211,POINT (-87.756858210994 41.939186208964),C,4,2019,14:25:00
556da1e141182a6cb95aeb57b209e070bdf1be6c770713551c03313d619d05fd8462c4a74c2dadc65b8a8d8a03aa4a5edb02becd62f088c9b094b501ee3c22c5,2019-04-29 05:45:00,RAIN,"DARKNESS, LIGHTED ROAD",WET,ON SCENE,04/29/2019 06:05:00 AM,41.804357658,-87.582050971,POINT (-87.582050971028 41.804357658011),C,4,2019,05:45:00
52d343127d419ef14103a56d0237700a32e62a515dfd5d451bdcbb4158797f2cb0f06c298f604e1296332b2e0d458951b9615e8b193b0f91482e0822bc27ad4a,2018-04-23 22:20:00,CLEAR,"DARKNESS, LIGHTED ROAD",DRY,ON SCENE,04/23/2018 10:42:00 PM,41.898675904,-87.755544326,POINT (-87.755544326025 41.898675903994),C,4,2018,22:20:00
54b7c873dbcdd1f07d50970b62fad4392062fb3b62caa2c361f775234e605d16a7d47853dd6c880c20cc3d98bd7301658815cae79c448d8c68730d4628ec65a8,2023-02-26 15:45:00,UNKNOWN,UNKNOWN,UNKNOWN,NOT ON SCENE (DESK REPORT),02/27/2023 03:45:00 PM,42.0109408,-87.682754031,POINT (-87.68275403105 42.010940800028),C,2,2023,15:45:00
54ff0a9c61bbcb4f67cc467a5ca5e239573df7bb706d377f366aa44563bed6813e48e0d0d2871b32d785b61d7ed51b2e3d33d49b8f70b63a635cd0da6c401b28,2023-06-11 16:45:00,CLEAR,DAYLIGHT,DRY,ON SCENE,06/11/2023 04:54:00 PM,41.741803599,-87.740953582,POINT (-87.740953581987 41.741803598989),C,6,2023,16:45:00
53cd6934505d8fc6158d43b297438e53d9900d0aa5fd0562c24ea90866c2f460c53e7c3440e10414d8dfb1b909313660f29dd5e5035537eb1f3cfc9727bf0fad,2022-07-12 16:00:00,CLEAR,DAYLIGHT,DRY,NOT ON SCENE (DESK REPORT),07/12/2022 04:40:00 PM,41.910702142,-87.735988252,POINT (-87.735988252023 41.910702142025),C,7,2022,16:00:00
545284f855e5b8d8f488382c0a55fc741292f3e405def3e01874bf23ce4a7fc1333795a49b12ef076fdc9def6cb7d762452ef72c0dd32c150394f59e01590c50,2018-05-19 19:40:00,CLEAR,DUSK,DRY,NOT ON SCENE (DESK REPORT),05/19/2018 07:50:00 PM,41.967805366,-87.728161725,POINT (-87.72816172504 41.967805365954),C,5,2018,19:40:00
54bcd5973102730ef012f2bef4aca38163a00b75ea5988305b062170de8cb532ec732a05890e69ac74483a2bffb294c3258c5cb732c79141b352b7463899f5da,2023-07-23 22:00:00,CLEAR,"DARKNESS, LIGHTED ROAD",DRY,ON SCENE,07/23/2023 10:02:00 PM,41.873860438,-87.700586149,POINT (-87.700586148982 41.873860438041),C,7,2023,22:00:00
5312621a2a4f2f765eac699cca7da93d2cd38f469816c45a102b1cb681ba3aa08a07ec35961d1c4ea9e4d60eaa025771476bfe743f9d55be954cbcd8025796f5,2022-12-15 21:00:00,SNOW,DARKNESS,SNOW OR SLUSH,NOT ON SCENE (DESK REPORT),12/16/2022 02:00:00 PM,41.744151639,-87.585945067,POINT (-87.585945066953 41.744151639042),C,12,2022,21:00:00
52f79ab332fb0a94ec9f8ccba2fc8289aa610643d685d32cd83333c2ba69fb4f56ad6f611c864118efdc03f4610cdb0f1435a18a30a32e5a45ba3bbf1838628f,2023-07-20 12:45:00,CLEAR,DAYLIGHT,DRY,NOT ON SCENE (DESK REPORT),07/20/2023 01:50:00 PM,41.997655095,-87.699498438,POINT (-87.699498437993 41.997655095),C,7,2023,12:45:00
54c8c46f9d62fdb085315be612e9b2677573125c97b740032ab93a1953cb199ddbce5a2c7d5dc4ee7bcf751e57790363615a1f916b3c0390dcddacf4d3c9d9b4,2019-09-05 11:20:00,CLEAR,DAYLIGHT,DRY,ON SCENE,09/05/2019 11:50:00 AM,41.879553395,-87.76498791,POINT (-87.764987909987 41.879553395028),C,9,2019,11:20:00
5348b29e8aadca20a65d0faeb909a1702cfb6c2ed5345409ef94b7f62e085f2df8861435764244c16a003b33b06676600b7bfc4d707af24e62b84de9da42929f,2022-09-16 08:15:00,UNKNOWN,DAYLIGHT,UNKNOWN,NOT ON SCENE (DESK REPORT),09/17/2022 10:44:00 AM,41.984874268,-87.787555484,POINT (-87.787555484022 41.984874268025),C,9,2022,08:15:00
5529821b5dfb2a3785269bae7281d3302997768963872db07d14b05bf285bd38507fba71244855284ca1157cd920c2e5e8f33dff66573840113a4eb0a9491df5,2017-09-12 16:00:00,CLEAR,DAYLIGHT,DRY,NOT ON SCENE (DESK REPORT),09/12/2017 05:00:00 PM,41.940888056,-87.698018017,POINT (-87.698018017013 41.940888055988),C,9,2017,16:00:00
53634257c0bbd4a3a02f5ccef9ab0bf08a48aa5ca3efb706b832a6a8fae5e64fad7639f501533197e97a19c5114cc28019367eb1cb540662f28bbfe8ddb84216,2019-11-22 00:01:00,CLEAR,"DARKNESS, LIGHTED ROAD",DRY,ON SCENE,11/22/2019 12:16:00 AM,41.770295918,-87.679954587,POINT (-87.679954587004 41.770295917978),C,11,2019,00:01:00
53c1beb07c33c6f9ada1b6fc8f06f9534ec25d2245cbe49e6042cc4365d0c21bcb3f5461588ec5c033f6c2017bb2bab329d2af35e34a2be06af86f80504e6685,2019-01-22 09:40:00,RAIN,DAYLIGHT,WET,NOT ON SCENE (DESK REPORT),01/22/2019 10:30:00 AM,41.909822653,-87.722128322,POINT (-87.722128322003 41.909822653014),C,1,2019,09:40:00
54be0d89d24bdf9034a22e892d2afbc52df79e00823c28a082ec009e930ab8239dfe9bb1b8eb83bf678d9c639792268938c2904fbf5466a84f337848d3fb5045,2021-04-23 08:32:00,CLEAR,DAYLIGHT,DRY,NOT ON SCENE (DESK REPORT),05/06/2021 03:15:00 PM,42.004884323,-87.703618992,POINT (-87.703618992042 42.004884322962),C,4,2021,08:32:00
555aec3587bf875754f1aba5486e96354de9b853b133051efefda9251c9842edcd99f90a2e6bc56ea985857fa91a50d0505850d9b1a22e3286b2c11b808ace3d,2021-07-18 21:00:00,CLEAR,DARKNESS,DRY,ON SCENE,07/18/2021 09:47:00 PM,41.706714203,-87.653813468,POINT (-87.653813467968 41.706714202986),C,7,2021,21:00:00
54b77a76eb96e3586d366f928f36020898d05d7e949305a867e0843ae6368ff1bf0c2b8750e9bc1138746ab35ed12c074856d287e8da41ed5264901d2354af6f,2016-05-13 09:05:00,CLEAR,DAYLIGHT,DRY,NOT ON SCENE (DESK REPORT),05/13/2016 11:29:00 AM,41.744151639,-87.585945067,POINT (-87.585945066953 41.744151639042),C,5,2016,09:05:00
53ff69394e7f0932537abde0e6d8c81042ccbea56a611fbd8e6583bc80fd0a025a2281d141f3da71dc3eed829a5f6d166e2789d7a13f03356a17cb98472929fa,2021-02-08 18:30:00,SNOW,DARKNESS,SNOW OR SLUSH,NOT ON SCENE (DESK REPORT),02/08/2021 07:22:00 PM,41.785387445,-87.606183761,POINT (-87.606183761008 41.785387444959),C,2,2021,18:30:00
549c43929e064c211e39c1e802bc40b2e3892396187ba36e73c58d91593408da8c042e8602a94e8cdb9a9117d3e2e0d0a6b1189f7b19b0e7a9105b0bb120d3a5,2022-02-12 15:17:00,CLEAR,DAYLIGHT,DRY,ON SCENE,02/12/2022 03:26:00 PM,41.867307094,-87.700958448,POINT (-87.700958447981 41.867307093985),C,2,2022,15:17:00
534f02303269c431540220bea6667dbb07c78956bfb6008eb6e0613ee3e28f7a631c9cce1dc908afd8921310c8beee081d8d21702c4e4e2894dbacc1ec369794,2016-09-28 08:15:00,CLEAR,DAYLIGHT,WET,NOT ON SCENE (DESK REPORT),09/28/2016 08:45:00 AM,41.8820229,-87.637081412,POINT (-87.637081411989 41.88202289998),C,9,2016,08:15:00
536a0b3e47266454aa3e30116e023948c19b96b0b2c51d87614095f5c0d71374f6138af92a7fa9379f4b8543e2274d744c39b8667fb59b21d8f06e9b2e9f4698,2023-04-24 13:00:00,CLEAR,DAYLIGHT,DRY,NOT ON SCENE (DESK REPORT),04/24/2023 01:30:00 PM,41.847477765,-87.617218167,POINT (-87.617218166986 41.847477764972),C,4,2023,13:00:00
546a6d8f4bb3cb03fe19039c71c0a978db46bb65bceae6106a7a452a18ac119bb0f86d4e41e26d511ab3b6e54efcfe25c2b003bc0c1ba74c875ccf3656eefea3,2019-06-08 01:27:00,CLEAR,"DARKNESS, LIGHTED ROAD",DRY,ON SCENE,06/08/2019 01:27:00 AM,41.800834354,-87.598061545,POINT (-87.598061545006 41.800834353999),C,6,2019,01:27:00
53e4fb93e3ab240047394e69e89d15a884e3762fe2e7e3ccb2fcad5917275b91cc4a523b934ecee1392b3dfb4813c2a22e14a1659b88561e9c3cd8ca26b58ac1,2023-02-26 11:30:00,CLEAR,DAYLIGHT,DRY,NOT ON SCENE (DESK REPORT),02/26/2023 12:00:00 PM,41.990024694,-87.728708871,POINT (-87.728708871015 41.990024694008),C,2,2023,11:30:00
554ed97f2bd087ec61bedad597a164e2fa96e2175c91a89a5085d7f6d608676472cc7e0a12018fd323a44fe79f436eeb97cdd1fb4be84058187edd3c0df03c0a,2017-10-26 16:27:00,CLEAR,DAYLIGHT,DRY,NOT ON SCENE (DESK REPORT),10/30/2017 12:10:00 PM,41.921729807,-87.663234201,POINT (-87.663234201004 41.921729806985),C,10,2017,16:27:00
5577a07eb91b24fecdebe2a0cb8563d5b5449197420aa32bd57f953af030529b7452f98ba797ee7231c9c396d662611968c796048a66d523bcdbbff66a135e37,2020-08-28 02:00:00,CLEAR,"DARKNESS, LIGHTED ROAD",DRY,ON SCENE,08/28/2020 07:31:00 PM,41.975764059,-87.749129659,POINT (-87.749129659036 41.975764058973),C,8,2020,02:00:00
549fe7894a0c59621e4a2280580b32999ad8aac31dfded5164a6519c29c67aa65cafca1bdedb1e7259a8def539b5abd6d9f4c1fb45694f8702b6b0c8eaf40ed5,2020-05-16 00:06:00,CLEAR,"DARKNESS, LIGHTED ROAD",DRY,ON SCENE,05/16/2020 12:07:00 AM,41.923793617,-87.785072221,POINT (-87.785072220998 41.923793616985),C,5,2020,00:06:00
5555ed073e1e387527aabf32e9694413d06e863d7062d273974c3cf3356dac40ad81280a7d1d068daf193407be715177bf4b6418be68c8100139716db5a2c9a0,2022-12-13 11:00:00,UNKNOWN,DAYLIGHT,UNKNOWN,NOT ON SCENE (DESK REPORT),12/14/2022 02:00:00 PM,41.876926589,-87.745039137,POINT (-87.745039137038 41.876926588953),C,12,2022,11:00:00