CRASH_RECORD_ID,CRASH_DATE,WEATHER_CONDITION,LIGHTING_CONDITION,ROADWAY_SURFACE_COND,REPORT_TYPE,DATE_POLICE_NOTIFIED,LATITUDE,LONGITUDE,LOCATION,CRASH_TYPE,CRASH_MONTH,CRASH_YEAR,CRASH_TIME
5563afae2242bd9dc760abfb3d2f8f0c3786d81c055f46220869c037073c24162dd0ab509682bafc03b5baaa817aa453e31d2ac75adf566ea9d743a9c7c4dcd2,2016-12-15 17:45:00,CLEAR,"DARKNESS, LIGHTED ROAD",SNOW OR SLUSH,NOT ON SCENE (DESK REPORT),12/15/2016 07:17:00 PM,41.938266954,-87.795761499,POINT (-87.795761499004 41.938266954026),C,12,2016,17:45:00
52ff73efba91ae71340db35689604e24889fab43994defa4ece2fb3fcb4a0b688eb4c67d770e63c5c725f3700eab2e0fb3448f4701d176c039d8f0a092489202,2022-08-18 00:30:00,CLEAR,"DARKNESS, LIGHTED ROAD",DRY,ON SCENE,08/18/2022 01:50:00 AM,41.721267719,-87.584839485,POINT (-87.584839485043 41.721267718978),C,8,2022,00:30:00
534c9eb038997e03c1718b0dfe16a929574c05bd980924489e2e8287fa329ad94068b5f90011b36284392eff7cdae03187a71d89728621beb9d1d45b77e9cae4,2021-10-21 14:45:00,CLEAR,DAYLIGHT,DRY,NOT ON SCENE (DESK REPORT),10/21/2021 04:41:00 PM,41.780318143,-87.617318573,POINT (-87.617318573023 41.780318142991),C,10,2021,14:45:00
5421b842d88167dbf024e760b6f6e7ea49c2e62946932bc023baffa762ae4223ac402a27ddbdaea699281d0d5aa062c354f8ad2de5a406c6837f666c8bfb1805,2021-10-25 17:30:00,UNKNOWN,UNKNOWN,UNKNOWN,NOT ON SCENE (DESK REPORT),10/28/2021 06:00:00 PM,41.785387445,-87.606183761,POINT (-87.606183761008 41.785387444959),C,10,2021,17:30:00
54312aa4e989b5e0af722f614a8407f8e657842fd5b2cd926a81ecb70d32e00f5309722c581892134b0615921c794568bea80a2eb3f1361509c42934fbd8d687,2023-04-30 11:18:00,CLEAR,DAYLIGHT,WET,ON SCENE,04/30/2023 11:40:00 AM,41.784344861,-87.701555471,POINT (-87.70155547095 41.784344860963),C,4,2023,11:18:00
52e162213b4e99f8b40411596140fedfd87e89e9bc11e532b3a872942f8182cdc2a9e991816191236816108e81133e5cd07b2babc6f5216a5f1a14d600749b09,2017-04-15 21:40:00,UNKNOWN,"DARKNESS, LIGHTED ROAD",UNKNOWN,NOT ON SCENE (DESK REPORT),04/15/2017 11:15:00 PM,41.809572517,-87.611394621,POINT (-87.611394620986 41.809572516992),C,4,2017,21:40:00
540a9bf615a7d610c3c55750d9925ea4cb71e1d7d59a40130479768aa48e01693c953dc22b397f722de7b4a4b658f2d8ee0255241f06783112aa8f71699ce5bc,2022-03-15 16:29:00,CLEAR,DAYLIGHT,DRY,ON SCENE,03/15/2022 04:29:00 PM,41.882211292,-87.710898608,POINT (-87.710898608036 41.882211292041),C,3,2022,16:29:00
536036dd0d356c32e03bef2587970ba4456b091b795c7e4933f5f0240f417d0489d6055380247d9c7daf595a19489084b6c98d60d1b7e06d2ef3a10cc0081029,2021-09-05 08:35:00,CLEAR,DAYLIGHT,DRY,ON SCENE,09/05/2021 08:36:00 AM,41.768265456,-87.679546299,POINT (-87.679546298979 41.768265455984),C,9,2021,08:35:00
52ffcd270d5bb924748be0c67be057e9e18b7e010116be8506981b13a898b65ba3d18d21b36ea1a5420263572eb03c94a7acaed654d368859aada035a8544cbe,2018-05-15 14:40:00,CLEAR,DAYLIGHT,DRY,ON SCENE,05/15/2018 02:42:00 PM,41.776698398,-87.604775584,POINT (-87.604775584034 41.776698398011),C,5,2018,14:40:00
54daf38e86ad41fa084eb20a4f2e863994081942322bf78ff1c6483af517c8609269ab03a0c64c9e856d23a13aaa44789f26da2cae0a3ca8569e4a906e287dbd,2018-11-21 12:45:00,CLOUDY/OVERCAST,DAYLIGHT,DRY,ON SCENE,11/21/2018 12:48:00 PM,41.885583712,-87.658758596,POINT (-87.658758595989 41.885583712016),C,11,2018,12:45:00
54b097e673274fcae2702df8d28b39883d2423ef8832b792de7ea798915e854148084ac519e13d1d3afe8bbeb22db76b1be9e9a90cb44271607b5edc68498a5b,2021-06-07 12:39:00,RAIN,DAYLIGHT,WET,ON SCENE,06/07/2021 01:40:00 PM,41.851584026,-87.623623384,POINT (-87.623623384015 41.851584025965),C,6,2021,12:39:00
541a02e5243fd3fae3451e805d65bc361bf567bd007bc223d3515b192bf90db775793249a74f69fc0306ce0261064b41c9d794b9e58465e713d05fbfa5e91fb0,2016-08-16 21:30:00,CLEAR,DARKNESS,DRY,NOT ON SCENE (DESK REPORT),08/17/2016 12:00:00 PM,41.758960279,-87.578523141,POINT (-87.578523140973 41.758960278959),C,8,2016,21:30:00
5538d443be6f568366ee1b9e7b29be64bb2b684241f67566a725967c6706b0ed194022b04bec76049a3ef4933acb309544c99cc4d9143b8c906c50265545a1c7,2022-07-11 21:40:00,CLEAR,"DARKNESS, LIGHTED ROAD",DRY,NOT ON SCENE (DESK REPORT),07/11/2022 10:10:00 PM,41.886683239,-87.64808832,POINT (-87.648088320007 41.886683238993),C,7,2022,21:40:00
52c94df4de97c51b24407ad3f43b288eed50e8eb39c12bf2ade5d67b45e6128e03b1f0c009fd9842401cb6843116841d25fbf0f76e65653aa151bb1ca0c7a1ea,2019-05-09 18:25:00,CLEAR,DAYLIGHT,DRY,ON SCENE,05/09/2019 06:29:00 PM,41.893280807,-87.677100015,POINT (-87.677100014973 41.893280806986),C,5,2019,18:25:00
53da7ecd390dbe7f9fd94f61a400d8fac5f58d3dbe64b403fb0894eae71e41e883243addd918a03f3be2b973fcf5d2b8b19f4981500a7bf174c5289fb14c1d9b,2016-04-07 14:27:00,CLOUDY/OVERCAST,DAYLIGHT,UNKNOWN,NOT ON SCENE (DESK REPORT),04/07/2016 02:50:00 PM,41.880660067,-87.740728133,POINT (-87.740728133013 41.880660066981),C,4,2016,14:27:00
531daaa5093904aa4a8c75bc2da2603d2838d35ea5e4ced4340a70964338ea9101834043b3c199c7679fd64fb4005def32e9331e1ede4ce8e71e63d4b640783d,2018-06-25 12:09:00,CLEAR,DAYLIGHT,DRY,NOT ON SCENE (DESK REPORT),06/25/2018 12:52:00 PM,41.84434083,-87.711276265,POINT (-87.711276264979 41.84434082995),C,6,2018,12:09:00
53c63b6fbdeba9446225fcc229b24750c6f111f59f59dcb0871aa62031aab5aab0ff9b224eb4bc7f5eb3e2ac3c0ddc027643098f911b121e927ee2a405c00b46,2018-02-17 12:00:00,CLEAR,DAYLIGHT,DRY,NOT ON SCENE (DESK REPORT),02/17/2018 01:49:00 PM,41.80243278,-87.728385665,POINT (-87.72838566503 41.802432779978),C,2,2018,12:00:00
52afbfc748ac8ca316db65b8e0458d8c4cf11f961f03204cbad6320b4ff847f6eed555baffaea98d35e3f6e70d7caa5b4ddd0c853057d691c5c21f5d98b4eb7a,2017-10-07 14:15:00,RAIN,"DARKNESS, LIGHTED ROAD",WET,NOT ON SCENE (DESK REPORT),10/07/2017 04:30:00 PM,41.896393332,-87.654686711,POINT (-87.654686710965 41.89639333201),C,10,2017,14:15:00
5541954ee4fb166e00cac0fbfc0ec995c27a31da028f07d0b455ef5fd49c3d0b960474a80db42a7fa75b2d8a6b54fab1f69cfd4b16a8814a52f5b9d7b60e01a0,2021-01-08 00:11:00,CLEAR,DARKNESS,DRY,ON SCENE,01/08/2021 12:11:00 AM,41.762056918,-87.590740648,POINT (-87.590740647972 41.762056917955),C,1,2021,00:11:00
5563b2973614303e66c1ff4db0f4e04f33a14cae987343541a72f9cd4055c6e7bc34bf99f99530a3072d321809c98a5299c270483359c39c97985836aa2c79a2,2021-04-13 00:19:00,CLEAR,"DARKNESS, LIGHTED ROAD",DRY,ON SCENE,04/13/2021 12:19:00 AM,41.881779411,-87.654380269,POINT (-87.654380269009 41.88177941105),C,4,2021,00:19:00
547181d5a20b408f012e5044a2515c7f2c32de8d4a08cb8819bb665d1fb190e33415ea094946618bf9de6e96a28219e35b8db3aa0292216b6575afd05437f712,2019-10-18 04:15:00,CLEAR,"DARKNESS, LIGHTED ROAD",DRY,ON SCENE,10/18/2019 04:16:00 AM,41.707483157,-87.681801977,POINT (-87.681801977018 41.707483157008),C,10,2019,04:15:00
5366ad5de81584d90e77ff6d76e06acd79f5457dc77c0536886f48be0a079686be1104e12fe6e962d3c358eced00b776579548ffb964f69b65e55af1f1bdb71a,2022-08-05 23:45:00,UNKNOWN,"DARKNESS, LIGHTED ROAD",UNKNOWN,NOT ON SCENE (DESK REPORT),08/08/2022 08:00:00 AM,41.744151639,-87.585945067,POINT (-87.585945066953 41.744151639042),C,8,2022,23:45:00
54296d50ef7a5a065cb5a453f318dc0a80766cd8682716472cffd5446a2b258e088df5ad827b21cd2f439ca25a73446f472fd30c22566056d4e18d2c459f87ff,2019-01-26 02:20:00,SNOW,"DARKNESS, LIGHTED ROAD",SNOW OR SLUSH,ON SCENE,01/26/2019 02:27:00 AM,41.809443119,-87.68548484,POINT (-87.685484840046 41.809443118951),C,1,2019,02:20:00
55009648fda330add06d596244ed460f3cc6e40aad0ef69a9c0dd91b9a19bf1bc0ce9a9e98c9c7388f0335d0fa824540a939f33d6af63ad39bd8576686b3e3b5,2021-05-25 22:00:00,CLOUDY/OVERCAST,"DARKNESS, LIGHTED ROAD",DRY,ON SCENE,05/25/2021 10:04:00 PM,41.940183287,-87.734754149,POINT (-87.734754148988 41.940183287043),C,5,2021,22:00:00
555811e6b1606539e7d548b6dd8fb779721574069683884283f5275bf07136dcffe9f69a42e3bc007c8455ba384777d96b9d101e4d69ecdef021e05fba61170a,2017-10-23 16:02:00,CLOUDY/OVERCAST,DAYLIGHT,DRY,ON SCENE,10/23/2017 04:04:00 PM,41.990580937,-87.694474133,POINT (-87.694474132951 41.990580936971),C,10,2017,16:02:00
544e47b1a07bf20e9cfc2b621cc7d8ef4f8436c1627543ff9b386ad5a02d7bae86d9f7248dd2d27ce55ad68b5d761a4e96bab92030145952a70376747d79664f,2019-01-12 17:00:00,SNOW,"DARKNESS, LIGHTED ROAD",SNOW OR SLUSH,NOT ON SCENE (DESK REPORT),01/13/2019 12:33:00 PM,42.008186749,-87.784065343,POINT (-87.784065343041 42.008186749012),C,1,2019,17:00:00
52f6735a4bcd29f337222e8319cb93fd4dfc7fc5b653c8fd2f1448b58fa7cd37747037e7f76455f143a81ae9a8ff95e5da4b9c153fd67ac39674274bb9f22c9e,2019-04-19 20:11:00,CLEAR,"DARKNESS, LIGHTED ROAD",DRY,ON SCENE,04/19/2019 08:11:00 PM,41.785526486,-87.620464502,POINT (-87.620464501981 41.785526486029),C,4,2019,20:11:00
53f4d7956136c67e304b6b53c9085b36fc39f2f1538e7a2fab6a6e80b9bc01450831f65547fa00f41e5f0d7c47316d470d0b44ae7acaa0fe6e4697907174d548,2018-11-04 01:13:00,RAIN,"DARKNESS, LIGHTED ROAD",WET,ON SCENE,11/04/2018 01:59:00 AM,41.896274407,-87.765592412,POINT (-87.765592412043 41.896274407033),C,11,2018,01:13:00
532f9377302b81d40f08d9400951b572dd26c38819da13a9ef6202e861d860d92348b12d2bc9a89ee72c1b1c37dbd7242476a7efa938da177939998b62602630,2016-07-22 19:30:00,CLEAR,DAYLIGHT,DRY,NOT ON SCENE (DESK REPORT),07/22/2016 08:27:00 PM,41.825559804,-87.616884955,POINT (-87.616884955027 41.825559803975),C,7,2016,19:30:00
5318be5360b5662d7f570b8f6ade815ebb46c200ad6db8d0311997017a5edff3c51d0839942b953767291995c02c7e1a403160d570694ac352fc3ca589f191cd,2020-02-01 12:45:00,CLEAR,DAYLIGHT,DRY,NOT ON SCENE (DESK REPORT),02/01/2020 01:19:00 PM,41.999437521,-87.689698732,POINT (-87.689698732009 41.999437520965),C,2,2020,12:45:00
556e93e985b74abf8d2f5dffcafd7607d030ee561cdaaf8a78561c12b5ad2ecc87396ae580b9103b90e4a80e70f358250db5fe36c2e8f438b084703becf401ff,2022-03-18 20:24:00,RAIN,DARKNESS,WET,NOT ON SCENE (DESK REPORT),03/19/2022 01:15:00 PM,41.866711249,-87.676101605,POINT (-87.676101605034 41.866711249013),C,3,2022,20:24:00
53d7e8505e298d4d4570fb0e5a26d04ab79a2002957aca0208f86ab375d02f15f61ea934cedab4d1b2b7f2e8c6bd8a6a8caa5af860770d7d4f069c062c548e2f,2020-09-08 13:30:00,RAIN,DAYLIGHT,WET,NOT ON SCENE (DESK REPORT),09/08/2020 03:20:00 PM,41.924809748,-87.708680137,POINT (-87.708680136999 41.924809748008),C,9,2020,13:30:00
54592dd6795f1d80da59056e503d86a00c2d5d3ee7b01f4ac23c1e850722e78ab633f49a292fec4db9b272ab8f88467061881a55b6a012e3e4440badea810bdb,2020-01-31 17:34:00,CLEAR,"DARKNESS, LIGHTED ROAD",DRY,ON SCENE,01/31/2020 05:35:00 PM,41.809316525,-87.613790359,POINT (-87.613790359015 41.809316524975),C,1,2020,17:34:00
5540f9a2ef802bd55087a6725c6000a78419726f92353d3e907977b828ff70f642cf790d8534fd2f6fa349d5247631000c816834ca42c76a1b5c47cae7059a8d,2022-09-06 08:58:00,CLEAR,DAYLIGHT,DRY,ON SCENE,09/06/2022 09:01:00 AM,41.80140618,-87.723251253,POINT (-87.723251253009 41.801406179982),C,9,2022,08:58:00
54de9e61f825a2f1a12351c811e3262d26c17b65eb641bb50b172fe345960cfce94afef87a9cf10d82e21cf2ef964aebef80845a01fdc000184e3014721d8781,2016-06-01 19:15:00,CLEAR,DAYLIGHT,DRY,NOT ON SCENE (DESK REPORT),06/02/2016 10:00:00 AM,41.751653288,-87.56386511,POINT (-87.563865109983 41.751653287983),C,6,2016,19:15:00
557209fb15a7dee57debfcc1a34641b5bc4bd175e2b5abbc70dcd0d94e4b17e33bfd0a8a45e006df77cdc079c1f6a5e7ef8198524e7ca26458481b42c51ba1ff,2022-01-03 12:30:00,SNOW,DAYLIGHT,UNKNOWN,NOT ON SCENE (DESK REPORT),01/03/2022 05:45:00 PM,41.785387445,-87.606183761,POINT (-87.606183761008 41.785387444959),C,1,2022,12:30:00
53864f348f91ca259404a6b1dec8298d7e98ba2e284f51718d2ea16d0722ccd81dfc8b9f588e64de0a7ea6c35d9985b6eb463ddded59a816dc3702634c1c83ce,2018-02-13 18:20:00,CLEAR,DARKNESS,DRY,NOT ON SCENE (DESK REPORT),02/13/2018 06:50:00 PM,41.985976968,-87.78782345,POINT (-87.787823450015 41.985976968036),C,2,2018,18:20:00
5467aa005eddce71360a26982f6a54be165345c2a41892f63c57e2f8078c49fd20b25ad8b8310b68dcc4b8e6c682ee0ca15941ed5cb09d45dd60231e828e6747,2020-02-01 22:45:00,CLEAR,"DARKNESS, LIGHTED ROAD",DRY,NOT ON SCENE (DESK REPORT),02/01/2020 11:39:00 PM,41.917103631,-87.687248767,POINT (-87.687248767006 41.917103631009),C,2,2020,22:45:00
52c796c4576756821f5219e3ad18ff24878acb6a4de7e2ef619a7defa5718dd1fa4a38f56142ba982e16cf1b0abb5c15e54d6299e3161921f2edb13670b3db13,2018-03-28 16:30:00,CLEAR,DAYLIGHT,DRY,NOT ON SCENE (DESK REPORT),03/28/2018 05:00:00 PM,41.802118543,-87.622114915,POINT (-87.622114914961 41.802118543011),C,3,2018,16:30:00
535a560e96742c51a6d5ebc5d8cfe273ad71f36da28dca9f40555826e097cff00ee7f53938787136bbec15ec63eafa118d1a97ed0a797101336f854dc0072e5b,2018-10-01 09:35:00,CLOUDY/OVERCAST,DAYLIGHT,DRY,ON SCENE,10/01/2018 09:35:00 AM,41.983790707,-87.656760371,POINT (-87.656760371006 41.983790707046),C,10,2018,09:35:00
5307eab221c6a4f6e7d0fa32be3ac7fa00bbf0eb26b595d36716dbeb9304edf998b1001edea9e6677e8f7dbd2c8ccdeeb6ae13a6ca912dfa465b3208f744e94a,2020-08-04 09:58:00,CLEAR,DAYLIGHT,DRY,ON SCENE,08/04/2020 09:58:00 AM,41.938162554,-87.656538453,POINT (-87.656538452983 41.938162553961),C,8,2020,09:58:00
54cbd3684bbb1a5af147fb54fff2afb289b88bf01761f6e6ab23ff6099f3370fde5e8fc6f23e5271ebd0cc3b19535b780c7b3afbda70ea6f2e2fe883476926ec,2022-08-12 15:00:00,CLEAR,DAYLIGHT,DRY,ON SCENE,08/12/2022 03:07:00 PM,41.990508926,-87.706622194,POINT (-87.70662219398 41.990508925961),C,8,2022,15:00:00
53831dbfebfc7ad67fc5c50897b01ca62f6874f568525a67b84a4ab354d68a4e59c8d32a2e082d02e65e457d8b5571933078433606f7ba09237534d5fa31d566,2021-11-10 13:17:00,CLEAR,DAYLIGHT,DRY,ON SCENE,11/10/2021 01:18:00 PM,41.707483157,-87.681801977,POINT (-87.681801977018 41.707483157008),C,11,2021,13:17:00
55522481791cfcb72f2bf89897d7edf6785f84011deaf8f1658b58fa6bfb013a251340c66e7f7bcba336018225e77e6fc60acb4909273a51b940f292750db059,2018-09-27 08:30:00,CLEAR,DAYLIGHT,DRY,NOT ON SCENE (DESK REPORT),09/27/2018 12:30:00 PM,41.928992182,-87.718191249,POINT (-87.718191249031 41.928992182037),C,9,2018,08:30:00
52de79c62451b2e2eef56586f87c9bfa2861d30f2273d469b8bccb6baaf268d25d23390d285c7002b919f903df216f0802e2c07974f164fd31782d34c9df6044,2021-12-04 17:15:00,CLEAR,"DARKNESS, LIGHTED ROAD",DRY,NOT ON SCENE (DESK REPORT),12/04/2021 06:30:00 PM,41.895747777,-87.632840348,POINT (-87.632840348002 41.895747776955),C,12,2021,17:15:00
54149f77b1760c5f23b7bcb286636e5055ccd893352f27d5d596223df978145521c3666754131682fb80f4e073c31af1d9177d0fa111a593da6cc2b23034df76,2018-01-16 08:30:00,SNOW,DAYLIGHT,SNOW OR SLUSH,NOT ON SCENE (DESK REPORT),01/16/2018 10:50:00 AM,41.763882632,-87.707542757,POINT (-87.707542756957 41.763882632),C,1,2018,08:30:00
54bcad2c75a8831596a8a2ab0b41d74bea38082cafd318b58e187c79f707c2aa7944631c42a173f2cd3612c86c8b5eac3eac2c8961f943bc4c0328834cb7291c,2019-07-15 07:02:00,CLEAR,DAYLIGHT,DRY,ON SCENE,07/15/2019 07:02:00 AM,41.967797374,-87.757318908,POINT (-87.757318908014 41.967797374042),C,7,2019,07:02:00
541d9090ce65f3cf00a413579b4d359aaf2d3882a68c563fbf3abf429557f800d03d41128051fef8b05561c842766a02ca9bc1c625e080a32fc7d3685674eb4d,2017-01-27 22:00:00,CLEAR,"DARKNESS, LIGHTED ROAD",DRY,NOT ON SCENE (DESK REPORT),01/28/2017 09:45:00 PM,41.969038442,-87.667662387,POINT (-87.667662387022 41.969038442049),C,1,2017,22:00:00
53c841ce623a7b856f41ff8a3f8b211181a0a73c634fefe31345c3bd8ac989f4eabddceeab5a67ee75ba70751bfd242be8d0892229a1a815296a7d27c1a1df0f,2017-08-26 21:55:00,CLEAR,"DARKNESS, LIGHTED ROAD",DRY,ON SCENE,08/26/2017 09:57:00 PM,41.997907299,-87.691257488,POINT (-87.691257487972 41.997907299045),C,8,2017,21:55:00
547ba56f6c7da8ee7b3b6c352ed43f161f59b4b3fd4efc06dc9c43e91340883aa31e8bbe8e95d3a1f8c056c555f4b6853ea5937c32527e87047023bd88d76bc1,2019-03-11 13:00:00,UNKNOWN,UNKNOWN,UNKNOWN,NOT ON SCENE (DESK REPORT),03/11/2019 04:00:00 PM,41.873099985,-87.683914278,POINT (-87.683914278039 41.873099984989),C,3,2019,13:00:00
54085560206bd47e399b4f8c228a529a893f6ade8ab5f639c206e8b329b1f092f530e893245e424079d8670a5c7327ce2c414eb43cf9bbf7f80582b8e2d960e1,2018-05-01 12:30:00,CLEAR,DAYLIGHT,DRY,ON SCENE,05/01/2018 12:40:00 PM,41.748707487,-87.613795535,POINT (-87.613795534957 41.748707487025),C,5,2018,12:30:00
5539ef42c82b2aa325182eb305d35518612b69c5160655f96e53d6b1d0e2e23fe9c1490b8a6fe5a271a50e50a8297a8dc5ee7b8313943440e8d2f8e93f1d673a,2023-03-16 17:15:00,CLOUDY/OVERCAST,DAYLIGHT,DRY,NOT ON SCENE (DESK REPORT),03/16/2023 06:40:00 PM,41.879813058,-87.725492182,POINT (-87.725492182032 41.879813057952),C,3,2023,17:15:00
52ea87f4341d1941ef32f031bb94fddeb3091906ab6b72dc2eb0f3ed3631f2170c81e9820574f11d62634f33ce9565a850a5cd7e1d50b5386475bd59d32f9b5f,2018-09-25 07:56:00,RAIN,DAYLIGHT,WET,ON SCENE,09/25/2018 08:15:00 AM,41.975863285,-87.707836481,POINT (-87.707836481034 41.975863284969),C,9,2018,07:56:00
532855d74b263f524eb880009e463486830c4ca6b025d3777e4993bcc98c43f96ac8105663fb0b3d0597836887cd953639401cdc81fdac9e6881af17c796e141,2018-02-20 16:20:00,RAIN,DAYLIGHT,WET,NOT ON SCENE (DESK REPORT),02/20/2018 04:44:00 PM,41.830728826,-87.655813252,POINT (-87.655813252029 41.830728825995),C,2,2018,16:20:00
57c64b437992839978a890c582d7cb081dc4d099501cc3b13f5a3b78edefd556879fcfc2ea2c483582c517dd1cded43f3835a952030a6cceaeffac378147e304,2016-12-19 07:15:00,CLEAR,DAYLIGHT,DRY,NOT ON SCENE (DESK REPORT),12/19/2016 08:12:00 AM,41.838299776,-87.623296812,POINT (-87.623296811988 41.83829977603),C,12,2016,07:15:00
56363483a17e506b18fb4134ee2bf0c9dc9ff085c08c709a3ef6479e95da912893f7eb85dfcf533ca641c893808b3695ffe8364ac4e601e2f3bcd3419b35aeb8,2017-07-25 15:30:00,CLEAR,DAYLIGHT,DRY,NOT ON SCENE (DESK REPORT),07/25/2017 04:20:00 PM,41.879469957,-87.636027485,POINT (-87.636027484974 41.879469956958),C,7,2017,15:30:00
57089b49593f56f1521311c9b31f1bffd23a3cfbc5e92b71d0db3b685dfb1444fca81af68afd880f604f22af5a182deb21398c268718923f12049a2857b93dc1,2021-04-13 13:30:00,UNKNOWN,UNKNOWN,UNKNOWN,NOT ON SCENE (DESK REPORT),04/13/2021 02:25:00 PM,41.959669157,-87.768096386,POINT (-87.768096386028 41.95966915702),C,4,2021,13:30:00
5617b72ab5ac7754892dcc27995ee27ec65751f842de0081d16207ff95613c23ddb27f802f97a9a4235c7c80f1d6f04448242e1f382a26b550a71dbe10cadd4b,2021-11-08 12:50:00,CLEAR,DAYLIGHT,DRY,ON SCENE,11/08/2021 12:55:00 PM,41.775734278,-87.660615112,POINT (-87.66061511204 41.77573427804),C,11,2021,12:50:00
573e0a4fc23d813b5bbe16e1f5b7bf88835e35ec0ab87772cf3aa7392535c6602c6b947a61c2f04fa8804c9747c2289d043756948217bebb3a69e5cfc764f978,2023-05-20 12:10:00,CLEAR,DAYLIGHT,UNKNOWN,NOT ON SCENE (DESK REPORT),05/20/2023 01:30:00 PM,41.744151639,-87.585945067,POINT (-87.585945066953 41.744151639042),C,5,2023,12:10:00
56ac2593232927362ed434b46877ae5c489602adf4e0df1f311e75617a43cdb2cef30ccd10180fb6ae2cb76738b9ae4f0b12d2d8d38614e5282d1f76a7d66fb5,2017-03-08 16:20:00,CLEAR,DAYLIGHT,DRY,NOT ON SCENE (DESK REPORT),03/08/2017 04:55:00 PM,41.720930072,-87.675096598,POINT (-87.675096597998 41.720930072023),C,3,2017,16:20:00
57325e50d33f9b2df154e0cad0ab3dbffe051c2ddeea4480a16129e6dc2b1461ef9ec0ee703e15b588b02d536b3cfec3f1d4852a64d2d4d2653d09169d7a1d9f,2023-02-18 11:03:00,CLEAR,DAYLIGHT,DRY,ON SCENE,02/18/2023 11:12:00 AM,41.909227162,-87.787393764,POINT (-87.787393763972 41.909227162035),C,2,2023,11:03:00
585e9259a9ea489bd9cc589f2b77be6a6fa024001b5ee8d90d4fa71ecfda66a6a88d650e86f2d7f8f885a5a2f8f6570c934d073562084525576cbdb2c97aeaf2,2019-10-16 12:24:00,CLEAR,DAYLIGHT,DRY,ON SCENE,10/16/2019 12:25:00 PM,41.974329658,-87.819524932,POINT (-87.819524932013 41.974329657994),C,10,2019,12:24:00
55bff48a4c1074a72f3b02dd6e596b5eaba36b573f6146be6ffb8fcf3e7d53e0e96e8de828d61ee1444632908cd1fa224303b6ac18c06d440f44112794198d24,2019-05-04 00:13:00,CLEAR,DARKNESS,WET,ON SCENE,05/04/2019 12:15:00 AM,41.885205167,-87.75783732,POINT (-87.757837319992 41.885205166968),C,5,2019,00:13:00
563b91e607f1b7514095142dfc8acd6ade4f1beee8f3c1d806c08093c7c7bc394cfc30cb58b1ff608bf8abe9ac4886abba43af00e67832b98ee66309677a0215,2022-09-07 15:30:00,CLEAR,DAYLIGHT,DRY,NOT ON SCENE (DESK REPORT),09/07/2022 03:50:00 PM,41.887972365,-87.644454488,POINT (-87.644454488002 41.887972364995),C,9,2022,15:30:00
56ca2818b2dc875f0a8921053090c8e6a6ba8aff1a3c33e7b2ebee57c40a11073d89d883cfa4b6c7923c6f3418faa8647845523c093e0e0618ba40d9efab393d,2016-12-09 16:45:00,CLEAR,DAYLIGHT,DRY,NOT ON SCENE (DESK REPORT),12/10/2016 11:20:00 AM,41.946909114,-87.683469891,POINT (-87.683469891004 41.946909113959),C,12,2016,16:45:00
579e949f0502515c7365646d9c44d0cd191c965b1ec01b522187b37ea94bc57d21ff32fdc4d3b133cca7eb2628a61b6be14e84e4c9f72f080b9c30945e91c560,2021-06-19 19:30:00,CLEAR,"DARKNESS, LIGHTED ROAD",DRY,NOT ON SCENE (DESK REPORT),06/20/2021 10:40:00 AM,41.90052616,-87.712682588,POINT (-87.712682587959 41.900526159988),C,6,2021,19:30:00
573af091fa6f1a0abb03325c4ab0555a977d3a4dcb8692c9672ca599eacbfd331bba4079231ac84c31aecf164929e0d4d7fd397f6578a8969b357b3388d439af,2019-07-05 00:40:00,CLEAR,"DARKNESS, LIGHTED ROAD",DRY,ON SCENE,07/05/2019 12:43:00 AM,41.872497742,-87.725253192,POINT (-87.725253192011 41.872497742004),C,7,2019,00:40:00
57eaebf55aaa9e3e5e1187c96eabf924ec54dbcfa0aafe5d3de0470497b6daf6820232a8805f2b431c27860b00d18a4235513a0aeeef4f763ab3adc6a5bffc8e,2019-02-22 12:12:00,CLEAR,DAYLIGHT,DRY,ON SCENE,02/22/2019 12:27:00 PM,41.895747777,-87.632840348,POINT (-87.632840348002 41.895747776955),C,2,2019,12:12:00
5833356ffe155279c600b248b86434448e8f39b3c7cecd6951db5b3a8a8aa11225af64d4b02bdd9b9fbd0cbeb01fdde7e5d8e00f0c9f9f001d4238af2d418d72,2022-03-30 10:30:00,CLEAR,DAYLIGHT,DRY,NOT ON SCENE (DESK REPORT),03/30/2022 10:45:00 AM,41.92386239,-87.780518942,POINT (-87.780518941961 41.923862390023),C,3,2022,10:30:00
571e60a3b23ffe55abb2db552b2977336207d3eb6ba912181fc5635c2ba49b38e98cd187b1ec749441eec1e1efeb22092bbf4695b94faa33a08b63f25a816f41,2019-02-18 07:15:00,SNOW,DAYLIGHT,SNOW OR SLUSH,ON SCENE,02/18/2019 07:45:00 AM,41.762174118,-87.558927464,POINT (-87.558927463962 41.762174118016),C,2,2019,07:15:00
55d609b8d226fc7d898026114b7a323c6f2f1412875ca5d3be71eacd16702bfc966f9027ae55c77c76abea8a48b6f8f843609c0d53c54c984576a17a8d57ee7d,2023-03-25 00:00:00,RAIN,"DARKNESS, LIGHTED ROAD",UNKNOWN,NOT ON SCENE (DESK REPORT),03/25/2023 01:50:00 AM,41.85276755,-87.630024824,POINT (-87.630024824031 41.852767550035),C,3,2023,00:00:00
55da7f93cec418ca79a16298503fe03ddceb39a6a4b92c8c4f6dac0ea568ef1cb5f966297d62dfdec30c7da9b12e377f5abc9bd24339d8bcbd4cfa80647c67fa,2020-05-20 10:30:00,CLEAR,DAYLIGHT,DRY,NOT ON SCENE (DESK REPORT),05/20/2020 10:45:00 AM,41.868635838,-87.744730162,POINT (-87.744730161967 41.868635837952),C,5,2020,10:30:00