CRASH_RECORD_ID,CRASH_DATE,WEATHER_CONDITION,LIGHTING_CONDITION,ROADWAY_SURFACE_COND,REPORT_TYPE,DATE_POLICE_NOTIFIED,LATITUDE,LONGITUDE,LOCATION,CRASH_TYPE,CRASH_MONTH,CRASH_YEAR,CRASH_TIME
56309acb7db07e2f98284375a9695f7b701d1062c65137196012350406875b61b03305aa7dfd50b4ea6dd31601bc6bfb92c876043906f6110bbac94dca4ccb2f,2018-12-12 07:20:00,CLOUDY/OVERCAST,DAYLIGHT,WET,ON SCENE,12/12/2018 07:38:00 AM,41.802300329,-87.592875871,POINT (-87.592875870968 41.802300329046),C,12,2018,07:20:00
571144eb80aabf4406a90de84a2df5e4b11f728c21622a6e93ec86321970cac7248ea7bbad168736b82670c3e6bd21740ff85362ef4de92f2335f4514354cbbc,2020-11-23 08:00:00,CLEAR,UNKNOWN,DRY,NOT ON SCENE (DESK REPORT),11/24/2020 04:00:00 PM,41.906353535,-87.714089695,POINT (-87.714089695018 41.906353534992),C,11,2020,08:00:00
56581def02da772f79661048a056ffdf83cb1f92d191c6dd9955ac60016da4d4d76f9981555dd4eb6c546802067766a399873dfde221edd5c59b325b3a7d3915,2019-09-11 11:25:00,CLEAR,DAYLIGHT,DRY,NOT ON SCENE (DESK REPORT),09/11/2019 11:55:00 AM,42.001585813,-87.66059995,POINT (-87.66059994997 42.001585812994),C,9,2019,11:25:00
562d187b3cbda6eb29e23f94a6bbf30ae6ab37d322901e7dafa1af6ef4db73da689489a32471760c3e6b9ebe1c657d9ee3f53aaf31b224868e1ab8118beee291,2022-04-23 11:50:00,CLEAR,DAYLIGHT,DRY,NOT ON SCENE (DESK REPORT),04/23/2022 12:37:00 PM,41.699147693,-87.669298871,POINT (-87.669298870969 41.699147692979),C,4,2022,11:50:00
56cbd4235d96654a1a9d471ed40729d81d97302f1a5a9db55023b534874a055a6e80cfd3824b8a3403dcf78d3decfe7c94b34bdd1d17b071846ddc6301656199,2018-07-10 13:35:00,CLEAR,DAYLIGHT,DRY,NOT ON SCENE (DESK REPORT),07/10/2018 02:05:00 PM,41.915717526,-87.701891348,POINT (-87.701891347955 41.915717525962),C,7,2018,13:35:00
58549a99e8e3d7ae4b71ab18e26a4f2446bf957823b4e1fcf0781179ee29a2f3c9fcf937d5b73b091db8ce7b07f141fe7a51314b3f3234be9e854d6a2b4f3fea,2019-11-16 18:37:00,CLEAR,DARKNESS,DRY,ON SCENE,11/16/2019 06:37:00 PM,41.744151639,-87.585945067,POINT (-87.585945066953 41.744151639042),C,11,2019,18:37:00
567d709cbb7ba42c0c73168276b5d2c902b5d61489b2ff569b2b1cf4b3844a929a5184a78aa73e18ffe281642947f9e5253f1c04eea44e00148e83532f6f5d83,2023-01-02 20:00:00,CLEAR,"DARKNESS, LIGHTED ROAD",DRY,NOT ON SCENE (DESK REPORT),01/02/2023 08:30:00 PM,41.893918609,-87.624085833,POINT (-87.624085832985 41.893918609004),C,1,2023,20:00:00
57d5b5bd76d58395f0e5fc26bb7edd09ff97640e785ab2744c1fae0e6b343acefaa300750fb4dd222960791d727f356660c8f7cf0e5ed2532fc13c2409932b08,2019-05-15 21:04:00,CLEAR,"DARKNESS, LIGHTED ROAD",DRY,NOT ON SCENE (DESK REPORT),05/15/2019 09:20:00 PM,41.764212616,-87.706622412,POINT (-87.706622412019 41.764212616001),C,5,2019,21:04:00
576ce524c2f727929070c28129bd826b0129f684623b2da0b749ac68d15e21e6bccd9b59ab7009bb7f49f03cabd60c4dde32d326e0a6e89266c2733cffc5be72,2022-04-15 15:55:00,RAIN,DAYLIGHT,WET,ON SCENE,04/15/2022 05:21:00 PM,41.730978723,-87.561123663,POINT (-87.561123663009 41.730978723007),C,4,2022,15:55:00
580edc93d30c765b4db09634ae1fec891e97fd0fe6c5a79c64d44d467f304e6d414c075cde7fa8ac6fbac50f1fddea9506e95d029491a206bea4d4ee6b9cee53,2023-03-30 13:57:00,UNKNOWN,UNKNOWN,UNKNOWN,NOT ON SCENE (DESK REPORT),03/30/2023 05:15:00 PM,41.908996544,-87.804119441,POINT (-87.804119441014 41.908996543981),C,3,2023,13:57:00
57cb049171b1c86f21d4172e32ea90c91b0e6700a3291e93fefea52fef75b09e5ca4eff82388cf4d5c3a606cfd71574ab26014cc1966c203a5b8b93d28ba7896,2018-10-12 18:06:00,CLEAR,DUSK,UNKNOWN,ON SCENE,10/12/2018 06:16:00 PM,41.852580594,-87.695321828,POINT (-87.695321828025 41.852580594034),C,10,2018,18:06:00
55c9d048e25c2a3f87a61c72909b47096328632df7defcdb6b8666be792f1d8f6e4995672996d0d7e51384ff1d0917d7e1e4bc7919168e03b0000410991fc554,2019-07-08 15:20:00,CLEAR,DAYLIGHT,DRY,NOT ON SCENE (DESK REPORT),07/08/2019 05:20:00 PM,41.785387445,-87.606183761,POINT (-87.606183761008 41.785387444959),C,7,2019,15:20:00
583c9898370f490d81984bb8d51c4ab5bcd108d646927710332c3ac30e55fb8be1ce7a03d0acbc3002aa87aea128f6852e0d3ba6136670c9564c3b963c78c8d1,2019-11-20 16:25:00,CLEAR,"DARKNESS, LIGHTED ROAD",WET,ON SCENE,11/20/2019 04:33:00 PM,41.967797374,-87.757318908,POINT (-87.757318908014 41.967797374042),C,11,2019,16:25:00
5796e06d441b9883c212f78f380bafad749888806faa8a221fdc84b4ec94d044d17f6f1329636a27bc0d0db5e4907af63735cd5ba5d6a3177e1e429d8300d3ae,2019-01-19 02:31:00,SNOW,"DARKNESS, LIGHTED ROAD",WET,ON SCENE,01/19/2019 02:31:00 AM,41.920676631,-87.775630269,POINT (-87.775630269041 41.920676630982),C,1,2019,02:31:00
56e64a3f865cc2cc00881cd1b00f90ed3b2128f530a85cfd408269319175f1d745e893cf388393bcb03eb055a68c9a5a092191f856001b1e936a9131d006f5ed,2018-11-02 12:21:00,CLEAR,DAYLIGHT,DRY,ON SCENE,11/02/2018 12:25:00 PM,41.682973474,-87.642228468,POINT (-87.642228467961 41.682973473961),C,11,2018,12:21:00
579ff94fd2aab019f71bec9bf7007a233bf967afb8847016d4c55732be4ad3897b2fa2a4c0a15b602cfb7740c4043ea3a64210aa5a2c50cd5004cb73d81eefb5,2019-11-11 09:30:00,SNOW,DAYLIGHT,ICE,ON SCENE,11/11/2019 09:45:00 AM,41.940061597,-87.683361972,POINT (-87.683361972014 41.940061597003),C,11,2019,09:30:00
56e0f6651d781b64711fa467f3bd978a320a9c0931f59f208d4eb93e73ba2557e240e83a7de7e6f58a4c750ead3d38255de1f3ddd63ada7efca9a93c7390ad4b,2022-09-15 10:26:00,CLEAR,DAYLIGHT,UNKNOWN,NOT ON SCENE (DESK REPORT),09/15/2022 11:10:00 AM,41.722644601,-87.65034388,POINT (-87.65034388002 41.72264460105),C,9,2022,10:26:00
580a823761e6f7f824b94560770411f8986dfa669f702cd8453ab6f29703f949fe771c8a397048fbbe1d820a5e79bbb29a1a7fb77487a80affbca48a59737be3,2017-09-14 23:20:00,CLEAR,"DARKNESS, LIGHTED ROAD",DRY,NOT ON SCENE (DESK REPORT),09/14/2017 11:35:00 PM,41.953750194,-87.728489892,POINT (-87.728489892005 41.953750193958),C,9,2017,23:20:00
5740a565b45c8780507272d6405ce14be777beb4406935cc5bd4dcd3682dde9f617c965f13d665657eac1a0c84753b3906dd9cc8aea5a41d019e530f68659a75,2021-10-31 02:04:00,CLEAR,"DARKNESS, LIGHTED ROAD",DRY,NOT ON SCENE (DESK REPORT),10/31/2021 02:30:00 AM,41.879460095,-87.774488458,POINT (-87.774488457981 41.879460095023),C,10,2021,02:04:00
57469c15c99ece676b478f47d5633f0bd41b831c4cd96af2e578007e210d13a816db1a94708739c6847ab672f56786f3b120ff2aa149855b73dfde945126b9e2,2020-09-09 16:10:00,CLOUDY/OVERCAST,DAYLIGHT,DRY,ON SCENE,09/09/2020 04:10:00 PM,41.801157435,-87.670706395,POINT (-87.670706394986 41.801157434957),C,9,2020,16:10:00
5661d3c27fbb9c1e9459a214b93c9e655b0de575e02416c340f8ef13d1670eeccaff0505178d2265bad18f330792e00f5b05ac67ddae8f1d03c7595777d89719,2017-10-26 09:00:00,CLEAR,DAYLIGHT,DRY,ON SCENE,10/26/2017 09:09:00 AM,41.903825234,-87.64328636,POINT (-87.643286359995 41.903825233976),C,10,2017,09:00:00
575f37e0e17eaf03d775bb73381eafce33c623ab14867256b8a6a6e49bf60ee28927e6b80cde8e8dddc1ecf530a43fbf8f92ca452ca51c288e03fef6775be213,2023-01-25 06:30:00,SNOW,DARKNESS,DRY,NOT ON SCENE (DESK REPORT),01/25/2023 03:18:00 PM,41.789542093,-87.601115068,POINT (-87.601115067998 41.78954209303),C,1,2023,06:30:00
57621502411aedaa5633e817ed8bfdc8e8296f29bc2a6c6a121d8c3a1e9225c30966085d8c8468da61dcb830e4772d4b27fff924113a0e65059e447cbeae2e2a,2021-03-23 13:52:00,CLOUDY/OVERCAST,UNKNOWN,DRY,NOT ON SCENE (DESK REPORT),03/23/2021 06:46:00 PM,41.682973474,-87.642228468,POINT (-87.642228467961 41.682973473961),C,3,2021,13:52:00
56c349fe958d1889471f7b616ced8aed49c66e1ef66675a926cc14b3a652a2fb51e8ffcc91f5dcd98567ff706547ced7f36685710b81670cf76855cd598f4fab,2021-04-20 14:30:00,UNKNOWN,UNKNOWN,UNKNOWN,NOT ON SCENE (DESK REPORT),04/21/2021 08:15:00 AM,41.744151639,-87.585945067,POINT (-87.585945066953 41.744151639042),C,4,2021,14:30:00
57c7f337c7d36ef561476cca287b0c9ca48a9cd78940b14eaf65cefe04514a27a854cbba6bae8a598cf87fd2e7ac1370bd914ffb9587c8bc6fb5c3de43158415,2020-08-06 09:15:00,CLEAR,DAYLIGHT,DRY,ON SCENE,08/06/2020 09:23:00 AM,41.751920405,-87.576136982,POINT (-87.576136982014 41.751920404952),C,8,2020,09:15:00
56e8f48b2e1986561afd7fcf1fa325f518e9677cf501c51fadd3ac7a2c5eaf0558b47847665d848da13df3e6d42c7389a3990a70f7179028f20ade2263a367bc,2020-01-05 08:40:00,CLOUDY/OVERCAST,DAYLIGHT,DRY,NOT ON SCENE (DESK REPORT),01/05/2020 09:05:00 AM,41.953886773,-87.689555386,POINT (-87.689555386039 41.953886773043),C,1,2020,08:40:00
561216a4b90ca33b95e3d9535f01ad26877f44c26606a6eb5ead5422794cfcf5f877a0c2e1102607a35c21b08855cbea10a2bed169b5a8c871bc952698b8b3f8,2018-06-13 17:00:00,CLEAR,DAYLIGHT,DRY,NOT ON SCENE (DESK REPORT),06/14/2018 03:30:00 PM,41.975553177,-87.780620676,POINT (-87.78062067605 41.975553176956),C,6,2018,17:00:00
582e4041213bad4e3e1bff8c831e5045cfc895fc556a20b2c94cb7943a7586aff9857512b60d60772115a4e3dd1b97bb6d6bcbb209a30abb3ca7a905ba614163,2022-11-02 08:30:00,CLEAR,DAYLIGHT,DRY,NOT ON SCENE (DESK REPORT),11/02/2022 10:20:00 AM,41.917366488,-87.758870292,POINT (-87.758870292026 41.917366487953),C,11,2022,08:30:00
56cfff2f249dd48300bde212e3b5e33c8d133f54768cdbb00bfc69ac305c6426474320a5f13e8d1484792aff1add0d40a47abffd20725a18ae3e4953eac3d853,2016-11-27 21:20:00,CLEAR,"DARKNESS, LIGHTED ROAD",DRY,NOT ON SCENE (DESK REPORT),11/27/2016 10:10:00 PM,41.954046293,-87.678812012,POINT (-87.678812011999 41.954046293036),C,11,2016,21:20:00
567d78ddc79f393cd3386de27443e9ab773fd530c72bc349e7b3e9bb74229a36a80d1cd8b1e76bf4bf829988e128897a26635c8bca9c240f41b6dd60680d3033,2020-12-03 18:11:00,CLEAR,DUSK,DRY,ON SCENE,12/03/2020 06:11:00 PM,41.741803599,-87.740953582,POINT (-87.740953581987 41.741803598989),C,12,2020,18:11:00
57fa2be50f22b7ce563ec623ab4391a3eb2c96d04ceccc7232ed1b9ac9ae87a2acd6fe92eecdcb430375bc18b0ad52e4e43fef22f46923fccce502474ea8a453,2019-04-29 08:30:00,RAIN,UNKNOWN,WET,NOT ON SCENE (DESK REPORT),04/29/2019 10:00:00 AM,41.804923494,-87.659695789,POINT (-87.659695788966 41.804923494002),C,4,2019,08:30:00
579c09a8f5a23a5d918aab242bf8cdec120665d68aaeef3e722a72bb555ec85cb636d40ca11b047364c0555d694048dae7925c0ef407d2a3c067bda060ac9241,2021-08-29 12:00:00,CLEAR,DAYLIGHT,DRY,ON SCENE,08/29/2021 12:00:00 PM,41.870373963,-87.74516,POINT (-87.745159999991 41.870373963023),C,8,2021,12:00:00
560514c45cf4f30cc22e384ca999275a312f91a28b34ef0d84d0dbc06a82c5d8f28b7a75096e8b650fc07ed4677cbaa3963c8197c72f0cb31dca9dc82c9ccda2,2021-10-03 17:45:00,CLEAR,DAYLIGHT,DRY,NOT ON SCENE (DESK REPORT),10/04/2021 05:20:00 PM,41.829271823,-87.606969898,POINT (-87.60696989804 41.829271822982),C,10,2021,17:45:00
55a8a776776ed6f745a49e7f25c34483aa8ce37be0d4e66ea8e7136a70452f4cc8ff3aa7f0329be1e090fefb791f3974b5427dbcff7820a18990a2a5fb743fab,2023-03-10 16:00:00,OTHER,DAYLIGHT,WET,NOT ON SCENE (DESK REPORT),03/11/2023 09:30:00 AM,41.997730287,-87.806645117,POINT (-87.806645117018 41.997730287008),C,3,2023,16:00:00
56855e645195ec310ba2e23eae104880974f3ae192c75e090a7241984b17f9416698ea2b8b8243affa75ba28b60138655e063606f1d574f0f79683d1e8d2afba,2020-07-09 14:20:00,CLEAR,DAYLIGHT,DRY,ON SCENE,07/09/2020 02:51:00 PM,42.005748683,-87.660817462,POINT (-87.660817461963 42.005748682954),C,7,2020,14:20:00
564ba51ffc007d3b5e21e787857a8f880539864da54c34b7098028c4ce8ced54989af9e10402c6a0125e62954ea93e54657cb23c72ba056ea159bf6f3c708d4e,2022-01-20 20:00:00,UNKNOWN,"DARKNESS, LIGHTED ROAD",UNKNOWN,NOT ON SCENE (DESK REPORT),01/20/2022 09:30:00 PM,41.997495257,-87.697056084,POINT (-87.69705608405 41.997495257045),C,1,2022,20:00:00
55c1ca01b4a7234886e8b52e04602db67684b3feedc5fab9a51f8a50c4ec4b702d1fb2040e690880c5777d7025c4409a41522818027f21223b2d9256d74354e3,2021-08-14 13:05:00,CLEAR,DAYLIGHT,DRY,ON SCENE,08/14/2021 01:05:00 PM,41.903347722,-87.674274115,POINT (-87.674274115014 41.903347721967),C,8,2021,13:05:00
55e8a5cd4b55da5995c9a9a9cdc32884bc593c6fcab16162f4f744a87c4835a0168175795640adf782e669bdbaa4a07d37681ef7d66e8f7866464071550444c3,2021-05-25 10:00:00,CLEAR,DAYLIGHT,DRY,NOT ON SCENE (DESK REPORT),05/25/2021 10:30:00 AM,41.785387445,-87.606183761,POINT (-87.606183761008 41.785387444959),C,5,2021,10:00:00
580c4aca9d55fdc099463bed3574e1fd9a55ae1f543285e8832e78d3a8cc0ba8d0acee633748dbcf4ff274020fa5618a687ee5ffce67ae05afff07adfe5c92a2,2020-08-24 17:43:00,CLEAR,DAYLIGHT,DRY,ON SCENE,08/24/2020 05:43:00 PM,41.775099118,-87.60306284,POINT (-87.603062840034 41.775099117959),C,8,2020,17:43:00
56dbbb7e6844e84f3a06c25c6203419eb7f9ab0fc503a09224097637bbcb2af7ce57b45022a70245bff8cd79862eb900bc8662a34f73af1c727a408caeac9582,2020-02-26 07:15:00,SNOW,DAYLIGHT,WET,NOT ON SCENE (DESK REPORT),02/26/2020 11:00:00 AM,41.931607951,-87.697755776,POINT (-87.697755776035 41.931607951049),C,2,2020,07:15:00
57eccda47131f799d4413f5ccf66ddab0fd733dca16c8f08d81b37bd0f89f387452624a9c7e85652805b27cc4a0a83ce32b7da41cc4dd55e3dc9c45ec8c34dbd,2020-07-05 00:39:00,CLEAR,"DARKNESS, LIGHTED ROAD",DRY,ON SCENE,07/05/2020 12:40:00 AM,41.809095486,-87.628723167,POINT (-87.628723167002 41.809095485967),C,7,2020,00:39:00
57db7276a0c6f28d65d9cf20215f428ac7a9250e341eca8a57b24313b4180fff0270412b5f3efe9346cd1913518377bece7ec07bebbf8c829f2d5a826fded4f6,2019-10-02 15:00:00,RAIN,DAYLIGHT,WET,NOT ON SCENE (DESK REPORT),10/03/2019 02:40:00 PM,41.953203301,-87.756048735,POINT (-87.756048735038 41.953203300975),C,10,2019,15:00:00
5620e9f56388ac6e060aeab92e612bbc025f4fbb442db0064a7fb905ba4b4a3cb8c7998667a63bec616b0855cda87c9137546322ec5a1173f5d3ca097ce2ea66,2020-08-23 13:30:00,CLEAR,DAYLIGHT,DRY,ON SCENE,08/23/2020 02:00:00 PM,41.769361738,-87.613549341,POINT (-87.613549340977 41.769361737994),C,8,2020,13:30:00
55bc63eca5dd6e4ad01bff33bd817cd68ccfb5e7232fcc2f35f168268a853d0d8c901b26505a1d225f4790a85d656eb33d7d144f72c1d9ead411144618bac33a,2016-10-20 13:50:00,CLEAR,DAYLIGHT,DRY,NOT ON SCENE (DESK REPORT),10/20/2016 04:15:00 PM,41.924888953,-87.700379982,POINT (-87.700379982012 41.924888953039),C,10,2016,13:50:00
55a93400b7185eb76aa995948679bbeed5a014e7cb10e2d2863d248ad5e751efd3e69c569c40273db8f0520767cf02b0e3f62b6d3b7f1c13ab7e3b3d68e16363,2023-05-20 22:00:00,CLEAR,"DARKNESS, LIGHTED ROAD",DRY,NOT ON SCENE (DESK REPORT),05/22/2023 01:30:00 PM,41.990508926,-87.706622194,POINT (-87.70662219398 41.990508925961),C,5,2023,22:00:00
55ca9b6ae325adeaf0d596e30773b3dbb56d8bab786a63115e39e7dceff95f76a267efe291132fa4b4b0509f360938ef636df130854eb7740d056eb8b244acd8,2017-11-21 18:16:00,CLEAR,"DARKNESS, LIGHTED ROAD",DRY,ON SCENE,11/21/2017 06:16:00 PM,41.759972272,-87.605579897,POINT (-87.605579897005 41.759972272026),C,11,2017,18:16:00
58222f4d744ddb4e67eb356cafed54efbb75540c67b0414375247cfa08b9312e9c2a12ca20e0390c8eb7ca4cd838ba80eb7785d34a3b83d9d6893001b12769b7,2020-10-13 16:28:00,CLEAR,DAYLIGHT,DRY,ON SCENE,10/13/2020 04:28:00 PM,41.998037747,-87.664387098,POINT (-87.664387098024 41.998037747035),C,10,2020,16:28:00
55c1217aa9a7164f3993b29149799f4c7e0c601ddaa5f6e854d7d10fecae7200fb3e6b6536082626994fdb1e520aedd4e2bcda4e83774684a12a5e65828186f6,2023-04-15 16:25:00,CLEAR,DAYLIGHT,DRY,ON SCENE,04/15/2023 04:25:00 PM,41.780633033,-87.664395131,POINT (-87.664395131029 41.780633033002),C,4,2023,16:25:00
569aeebbcf74102383a422cfad4d066fd6e59cb0e8f07f5514448ea6b4dd35e521e80df52a007f0d77220c76b445f58e39f888721e4906869344504bd1ff4934,2022-03-31 22:24:00,CLEAR,"DARKNESS, LIGHTED ROAD",DRY,NOT ON SCENE (DESK REPORT),03/31/2022 11:20:00 PM,41.874233002,-87.671340399,POINT (-87.671340399027 41.874233002047),C,3,2022,22:24:00
56b9a2ed442fda7323796983527fd945e973c6de077f49a06d157c10ede1344b2222d4e059fc60bd710e9541ea868ec035893fd80edfde93fc6e3b1e211e6e18,2017-07-21 07:00:00,CLEAR,DAYLIGHT,DRY,NOT ON SCENE (DESK REPORT),07/22/2017 01:12:00 PM,41.735617968,-87.682663369,POINT (-87.682663369002 41.735617967973),C,7,2017,07:00:00
56aae0a574019c87790d4d61d5a04da178603ba84d20bf897b1ba4a361a4fa52d0b5051be681cfaf5a39602f341f5b870455a74c187b7ab52bedf0eecd7e5740,2023-01-27 17:26:00,SNOW,DARKNESS,SNOW OR SLUSH,ON SCENE,01/27/2023 05:26:00 PM,41.799888717,-87.596797969,POINT (-87.596797969006 41.799888717015),C,1,2023,17:26:00
56d855a13d84bcad48e59fe54bdce8d8c8a2bcb5e80d91e4bcd6ae0a73e9c280878cce5127b044f0450fc2fc148b0611c75a5ea68fe7fa5f096e6b72c359ad05,2020-01-09 13:55:00,CLEAR,DAYLIGHT,DRY,ON SCENE,01/09/2020 01:58:00 PM,41.983208978,-87.699307663,POINT (-87.699307663 41.983208978045),C,1,2020,13:55:00
582727bf5ef890b5e8ba8868088009626e3bf3d18c2f672772874587791a2f0cc98cfe30de76c0889233dd299352b7c5ee7230fd6e30ea34efbe9f7536aedc14,2023-04-16 02:10:00,CLEAR,"DARKNESS, LIGHTED ROAD",DRY,NOT ON SCENE (DESK REPORT),04/16/2023 09:00:00 AM,41.939021277,-87.724178248,POINT (-87.724178247957 41.939021277045),C,4,2023,02:10:00
571222e783f60ee2cd6339c269f3c5c2bfbb23caf2c5832aabbacffda7b3619b43bd4bc4b770667295b868ffcc7be001ca78078bd8fec38eeede1bbc27aacdf1,2022-12-03 23:27:00,CLEAR,"DARKNESS, LIGHTED ROAD",DRY,ON SCENE,12/03/2022 11:55:00 PM,41.927018439,-87.687864302,POINT (-87.687864302034 41.92701843896),C,12,2022,23:27:00
57ce9179503cafd5d5bdcfe050db6bc793b121138609070c69964f5187898c8a8b3150fb16daea36e1c2a058687d1125ca3ce03431186bd556ae8af2b2fceaca,2020-04-16 18:55:00,CLEAR,DUSK,DRY,ON SCENE,04/16/2020 07:00:00 PM,41.911346824,-87.733847951,POINT (-87.733847951032 41.911346824028),C,4,2020,18:55:00
55c16ede512af0ad0212c92ae1ac2df7e8fe85e134201ad4f744eb68227c4f74c083b3a0dc63e21e778a986876e15f97c75b4f06a8d3b11726771bdbb6bf0ceb,2022-03-16 15:28:00,CLEAR,DAYLIGHT,DRY,NOT ON SCENE (DESK REPORT),03/16/2022 04:28:00 PM,41.74579217,-87.635369997,POINT (-87.63536999702 41.745792169991),C,3,2022,15:28:00
57d10af8374d9dc7d0b82437d54085f3975a16988422bae63b77320a85f9380cbbd21eae63b6b2a2f41503a1ed60f9e435542a75146208502b9abe06c63daac7,2020-03-31 07:01:00,UNKNOWN,UNKNOWN,UNKNOWN,ON SCENE,03/31/2020 07:02:00 AM,41.703475363,-87.563386574,POINT (-87.563386573995 41.703475362976),C,3,2020,07:01:00
579352e9714573377786e45a050edbafef2aa9a7d7e642ae9c56a478bdaddfe1ee2d84d5ff3dfe1813c81d60e0391c086c2b98c34ec4e4f5b0f26c1f81e5e22b,2019-12-22 17:45:00,CLEAR,"DARKNESS, LIGHTED ROAD",UNKNOWN,NOT ON SCENE (DESK REPORT),12/23/2019 11:22:00 AM,41.813097653,-87.603997054,POINT (-87.603997053957 41.813097653028),C,12,2019,17:45:00
560bee0609ba8c5434432380fb4e631159b947825d2ab1272c711e1f4581d5c6e7d63e6c0c23bc411b409646531fee485ccbc9cc94358c37aacad10d20fb41fc,2017-08-03 07:15:00,CLEAR,DAYLIGHT,DRY,NOT ON SCENE (DESK REPORT),08/09/2017 10:00:00 AM,41.741803599,-87.740953582,POINT (-87.740953581987 41.741803598989),C,8,2017,07:15:00
571dca817488998bcfce0d4c7b68600e4f73b9c1769b9ec2eae65dfe4cb4aae1cc627b90d37be913e3ad37e65f95562f0a23803ee34266d9fc1b491e7b22000d,2017-10-10 08:06:00,CLEAR,DAYLIGHT,UNKNOWN,ON SCENE,10/10/2017 08:08:00 AM,41.995579197,-87.675876884,POINT (-87.675876883986 41.995579196996),C,10,2017,08:06:00
579fd2ae688389c97d8707d49497615bc123cb05dffc8c8d93ca2887328ccad23f287d77d665b95990cfd00d99e1c7e9fecd8fcba9fee7a6f699b34429b37e76,2018-02-19 17:40:00,CLEAR,"DARKNESS, LIGHTED ROAD",WET,NOT ON SCENE (DESK REPORT),02/19/2018 06:48:00 PM,41.744151639,-87.585945067,POINT (-87.585945066953 41.744151639042),C,2,2018,17:40:00
571aff484117082d9f2557b4a9b53251f8ec3ddc01a4a00f918a3e96ba27a17402cbe6295082c1ce19477c911f4f03b10b35ccdb00a162be624906367f30e2c7,2017-08-21 13:08:00,CLEAR,DAYLIGHT,DRY,NOT ON SCENE (DESK REPORT),08/21/2017 01:54:00 PM,41.932604222,-87.727148226,POINT (-87.727148226037 41.932604221966),C,8,2017,13:08:00
56067f6b603d6c31436580febe1955bc6eda848d2988032ed9536ee8f2fa6799cb926d341eb9a5e25d9a906bcaec88670580a567ed8043b1178565d9aab42d47,2022-02-17 17:16:00,SNOW,"DARKNESS, LIGHTED ROAD",SNOW OR SLUSH,ON SCENE,02/17/2022 05:36:00 PM,41.960380173,-87.766734831,POINT (-87.766734831031 41.96038017301),C,2,2022,17:16:00
579c587845c35b5d0bf74778a31b5f13938d27779e5728e5781729c6fe6d964cc70f0f926334ae1972c1aa7ee14fd49cd869d8e0871bb01a4f9ff9df39154600,2021-05-05 21:10:00,UNKNOWN,"DARKNESS, LIGHTED ROAD",UNKNOWN,NOT ON SCENE (DESK REPORT),05/06/2021 09:55:00 AM,41.874350356,-87.720538576,POINT (-87.720538575955 41.874350356029),C,5,2021,21:10:00
56004efe2e5bc26ee00bf300f7e1908008c9b8ff32c0496994227c4cad9143bc83c88ea942af3cb4c070189189792096a5a5007154ce454bd3d95dae0a86d055,2021-08-10 17:30:00,RAIN,DAYLIGHT,WET,NOT ON SCENE (DESK REPORT),08/10/2021 09:15:00 PM,41.969433711,-87.761920631,POINT (-87.761920630954 41.969433710973),C,8,2021,17:30:00
58ce39e61cab96c6c8ebfa08380320ae0da6afa2a74bf64b2e3227cb7076df76c07429d577332b36efcd0f3e310d2341d623b1ee90d120e7e2f9857d819fa463,2021-04-14 10:30:00,CLEAR,DAYLIGHT,DRY,ON SCENE,04/14/2021 10:40:00 AM,41.930485792,-87.746403757,POINT (-87.746403756961 41.930485792032),C,4,2021,10:30:00
5af28bae9e4ab8b20019ece56a55f7f1e7c2ddc1760909e260c2c47b1d8dc4da7aed7f4317faa65d05ce9e4172c2afb33b24dcd29cd54b3f25a21d4276eb71a1,2017-11-22 17:15:00,CLEAR,"DARKNESS, LIGHTED ROAD",UNKNOWN,NOT ON SCENE (DESK REPORT),11/22/2017 06:25:00 PM,41.969261067,-87.650422729,POINT (-87.650422728959 41.969261066974),C,11,2017,17:15:00
5a552029234f6adc7e3a9aeb77841b3532c28bed3aeadfdd527ccb1e79005707ad47dbaf4dd463cb797d49b4b40e1a08e6b83b063f865b629c461012931d46c1,2021-06-19 11:30:00,CLEAR,DAYLIGHT,DRY,ON SCENE,06/19/2021 11:35:00 AM,41.972137356,-87.668013158,POINT (-87.668013158017 41.972137356019),C,6,2021,11:30:00
5a901898ad72c78612b51bf2f60e599fecab47e62dc6bc4d10a13a3c58f3613d7bb2c8f1cb8de706c793567f00839adc407ba688e0afc807efa2cd41bf48f2af,2019-02-17 01:46:00,CLEAR,"DARKNESS, LIGHTED ROAD",DRY,ON SCENE,02/17/2019 01:52:00 AM,41.92254673,-87.768517626,POINT (-87.768517625992 41.922546730006),C,2,2019,01:46:00
59f2345ee22fae0f66c93fcc82e7201401c07f80eedabe9fbefc669663328dd9822c26dfde3489f4247ad96c883571046fb68fdf16a4a4c9b75356875fedfe70,2016-04-07 07:20:00,UNKNOWN,DAYLIGHT,UNKNOWN,NOT ON SCENE (DESK REPORT),04/07/2016 01:17:00 PM,41.858908833,-87.729904272,POINT (-87.729904271964 41.85890883299),C,4,2016,07:20:00
59fcdea2e14a5634a37fb9b0cc12e98edbde0ecf47df612551f63061025b4f30606dc09a8ae812b976b7ebcadbfb6c0eee6562d28cd2bd8676f1a522e306fa72,2016-01-28 13:30:00,CLEAR,DAYLIGHT,DRY,NOT ON SCENE (DESK REPORT),01/28/2016 01:50:00 PM,41.847477765,-87.617218167,POINT (-87.617218166986 41.847477764972),C,1,2016,13:30:00