CRASH_RECORD_ID,CRASH_DATE,WEATHER_CONDITION,LIGHTING_CONDITION,ROADWAY_SURFACE_COND,REPORT_TYPE,DATE_POLICE_NOTIFIED,LATITUDE,LONGITUDE,LOCATION,CRASH_TYPE,CRASH_MONTH,CRASH_YEAR,CRASH_TIME
5a7f61bcf682265b8a9aed1e6b522512d9dc2341e625cde0608fc62cce4227dc8d7ffc777a118099b88161a931a0919be46a88d6de37a8f2f3fe7ab5df54568d,2020-10-09 02:10:00,CLEAR,"DARKNESS, LIGHTED ROAD",DRY,ON SCENE,10/09/2020 02:10:00 AM,41.925150202,-87.711971971,POINT (-87.711971970977 41.925150201976),C,10,2020,02:10:00
5925ebd0617a702538b2e88ef20cbc0053f7748fac4af8ddbe25515d22f1404905e9f8a3971d4d20ef76a565381ea30f91a4ed9605250e8142626f9773b31166,2017-06-13 15:10:00,CLEAR,DAYLIGHT,DRY,NOT ON SCENE (DESK REPORT),06/14/2017 04:00:00 PM,41.910899808,-87.626150711,POINT (-87.626150710962 41.910899808009),C,6,2017,15:10:00
5ae0351cd7ed9ec7d472a7a37b71f688b4de641ee66dfac1b007714f2e37c2ef0c1d307a5b2f8bf507d2246ddec1c7f33a92d9e8dd6a7918e021678e3861efe1,2019-08-22 08:00:00,CLEAR,UNKNOWN,DRY,ON SCENE,08/22/2019 08:30:00 AM,41.778164824,-87.599040008,POINT (-87.59904000801 41.778164823989),C,8,2019,08:00:00
59e2e4b4378d9412d0d2a2d4287dce90fa9fa0a45dec92c62d37cf28ee09b1dd2c9faddde2c99f04a458412e542ee5c6fddfe5387f12e059448c7c6e715920ed,2021-05-03 07:15:00,RAIN,DAYLIGHT,WET,NOT ON SCENE (DESK REPORT),05/03/2021 01:47:00 PM,41.924490094,-87.717288131,POINT (-87.717288130979 41.924490093998),C,5,2021,07:15:00
5a1425813d765510e105a9f572dbed90e5424ba6f2a8694466b348cb145c97b03379dcc5d61b04acfed65677c75fd1837d131c151c92e54648ec240f90b72a23,2023-01-07 20:00:00,CLEAR,"DARKNESS, LIGHTED ROAD",DRY,ON SCENE,01/07/2023 08:33:00 PM,41.893921077,-87.757867954,POINT (-87.757867953974 41.893921076998),C,1,2023,20:00:00
59dbb9795fc435d2fb70971bfd158ca553dc318e7659103b3434e758514731c99b429a572e1c303f1251a70b6db757937b0d8a253a30507fd3498968ff18b536,2018-11-04 11:30:00,RAIN,DAYLIGHT,WET,NOT ON SCENE (DESK REPORT),11/04/2018 12:30:00 PM,41.938266954,-87.795761499,POINT (-87.795761499004 41.938266954026),C,11,2018,11:30:00
5b247a8e2a0b746becc3bf22fe43c26c75285ec50d4c433b7d3d7613b258b54286484c252f555837a2861d11f3e67dc30188a1285b006d4a084cdcf8851be657,2019-07-16 19:45:00,CLEAR,DAYLIGHT,DRY,ON SCENE,07/16/2019 07:50:00 PM,42.019164625,-87.668397288,POINT (-87.668397288001 42.01916462497),C,7,2019,19:45:00
5b0defb1fda0dd1558fda9250658b387ff04c93dadf48393f7fcd312640a4972ca80117e71fd4eb02639c68bce94f78c86daaed7f15947e2e4af34ee48dbe0e1,2018-05-17 19:00:00,CLEAR,DAYLIGHT,DRY,NOT ON SCENE (DESK REPORT),05/17/2018 07:05:00 PM,41.882694003,-87.711206455,POINT (-87.711206454997 41.882694003031),C,5,2018,19:00:00
5908ea20cb0a85ae5bc82deb9d54c1beb35cdc1461ddd2e3b0214bc2c76d25bf0569b6ed4a328cfb4333138b4034da92dab3d1dcc38bd7e487ec2d5a0d036ee7,2021-05-26 17:20:00,CLEAR,DAYLIGHT,DRY,NOT ON SCENE (DESK REPORT),05/26/2021 05:38:00 PM,41.948741257,-87.666542214,POINT (-87.666542214045 41.948741257021),C,5,2021,17:20:00
598867409aefa0f44e5fd0d7d02fbd8558b64613adfc322a761a392945e10de8296195b095820f6f612fa53f79b7ce11c7650b682131f646accad75beaf62439,2019-11-11 08:36:00,SNOW,DAYLIGHT,SNOW OR SLUSH,NOT ON SCENE (DESK REPORT),11/11/2019 09:00:00 AM,41.838030559,-87.638910707,POINT (-87.638910706999 41.838030558995),C,11,2019,08:36:00
59f7de9462937f2792289350bfd3ce69fed128237231c9c4c878e838efba471a219244538c9cc352b802e0fca7bea7ce86fdf61aeb1e06cb8502745a279c395e,2021-05-21 14:50:00,CLEAR,DAYLIGHT,DRY,ON SCENE,05/21/2021 02:54:00 PM,41.946909114,-87.683469891,POINT (-87.683469891004 41.946909113959),C,5,2021,14:50:00
59530ab209dd16fd1daaa3d28b191bdebb8380020f29a8c989e6aef3d52b0b5be9c76f53fef8921697247daa1fc506dc1e8785a90f449e236be338a5966446d2,2020-07-01 08:40:00,RAIN,DAYLIGHT,DRY,NOT ON SCENE (DESK REPORT),07/13/2020 06:35:00 PM,41.908009406,-87.643491086,POINT (-87.64349108603 41.908009405972),C,7,2020,08:40:00
5a6fa6143db6b0e9392b921c86f93d64ccddc5f175eef58f1e92c6fcdf28eae9e20ca0289d1f0f9f867fd9c5ccf22a46e372b65844c21440a1fbf84432a8719b,2015-08-27 21:00:00,CLEAR,DARKNESS,DRY,NOT ON SCENE (DESK REPORT),08/28/2015 08:35:00 AM,41.694193016,-87.650461486,POINT (-87.650461486029 41.694193016046),C,8,2015,21:00:00
5af4efd7acbd49fd9e84da49a58bb98ff2d88c546dac481db9fdea6c4502fa7cc6018e62238d298b80a46216d0565562cd3e7400b2a39612412a083ee3d7711e,2018-05-01 21:27:00,CLEAR,"DARKNESS, LIGHTED ROAD",DRY,ON SCENE,05/01/2018 09:30:00 PM,41.744000873,-87.593276245,POINT (-87.593276245041 41.74400087304),C,5,2018,21:27:00
59c4a9e803cbd55feb9c2590b8e5b5edaf9b336bf2c5fbe040aeed77a25f25f3be3ff8e2449db09e773ef7471270e36234c4ca23a92fc88482b46f6656cbe56b,2023-07-16 12:00:00,CLEAR,DAYLIGHT,DRY,ON SCENE,07/16/2023 12:15:00 PM,41.710917799,-87.623412093,POINT (-87.623412092973 41.71091779897),C,7,2023,12:00:00
5a9070e113da33a6cfbdfd32f850bc2384838f3cbb7012db17a5554587692058c20af9312635bea626aeb7df95524296943c832b34df05d7d4e226e40d85fcd6,2023-05-15 16:21:00,CLEAR,DUSK,DRY,NOT ON SCENE (DESK REPORT),05/15/2023 10:16:00 PM,41.809781151,-87.594212812,POINT (-87.594212812011 41.809781151018),C,5,2023,16:21:00
5a765ed967451c94cbf0440a36d242f71fb564c78901fd805d55e48c71b0e9ae23919b012161597564987c179f46ce973682107dd57a2bb2c6a63d4b94a7a8b3,2020-08-18 10:10:00,CLEAR,DAYLIGHT,DRY,NOT ON SCENE (DESK REPORT),08/18/2020 10:48:00 AM,41.896919697,-87.643086473,POINT (-87.643086473044 41.896919696954),C,8,2020,10:10:00
59c0124fbb6182b5a02c38879dd3489e162932e13ea32b32051c92602450643d9d8a8cf06e9abb2aa51407e8a398d25d7d9d4ab14b6868b0eb0b802377090e60,2020-04-24 18:15:00,CLEAR,DAYLIGHT,DRY,NOT ON SCENE (DESK REPORT),04/24/2020 06:30:00 PM,41.878205089,-87.740780714,POINT (-87.740780714023 41.87820508902),C,4,2020,18:15:00
591c67421b229518b19b35b5b4864767646e3ca408bfc218fe814517eb9e570154feb8ed68d5dc33c5dd50b16af6659a85c86cdfb3992ac8d5d975c17b64490b,2021-02-05 16:10:00,CLEAR,DAYLIGHT,ICE,NOT ON SCENE (DESK REPORT),02/05/2021 04:25:00 PM,41.865746166,-87.762204325,POINT (-87.762204325047 41.865746166035),C,2,2021,16:10:00
5a2a472104339207ee4bdcd1944cd0e2c9736c14f6ba771895c52654ce0a62183f1267fa240d9bc5536222de1b38b5410969f55cb65bc854399815990dba59cb,2022-06-25 05:55:00,CLEAR,DAWN,DRY,ON SCENE,06/25/2022 06:45:00 AM,41.661731079,-87.642123354,POINT (-87.642123354024 41.661731078957),C,6,2022,05:55:00
5b011054ed4b0455b549da308f8722c827559e3bd5b6b7236299fe11d15ecfa26b8ff1a262b476508aa4ff79d58307f46a9c8ca3a51cc8aa59a7d1292539fd17,2022-10-26 11:30:00,CLEAR,DAYLIGHT,DRY,ON SCENE,10/26/2022 11:33:00 AM,41.890973971,-87.657051124,POINT (-87.657051124003 41.890973970975),C,10,2022,11:30:00
58b555aeacc3ad224cf3e20b7fc11f36958deb9d5d02cb0c2c720f9abf9613c98ab7a198e1a65c6b7b37b2d1a29379db371cbba4fe6f9284a37de8e4ca9bd4e2,2019-01-12 17:25:00,SNOW,DUSK,SNOW OR SLUSH,NOT ON SCENE (DESK REPORT),01/13/2019 08:50:00 AM,41.860067546,-87.643870884,POINT (-87.643870883981 41.86006754597),C,1,2019,17:25:00
5a7ed411e7c0befe6772bd82a3edc1cf9dbb774d8d0215f54e6f392e94b9139670206e0cb7e4a18db240010382b28d65434f3c1cc914739fd94b9d85f4fd4e78,2022-02-24 19:00:00,CLEAR,"DARKNESS, LIGHTED ROAD",DRY,NOT ON SCENE (DESK REPORT),03/03/2022 11:10:00 AM,41.784385694,-87.740065946,POINT (-87.740065945952 41.784385693962),C,2,2022,19:00:00
59e0728309068d1458c4e8ef36347fb7735ec29a0126ad540c63662e610619c22ca11a6e50b28a6db9b8a3e0bc937e7710456ad31950b1e933ced581c51bc4a1,2016-05-23 09:45:00,CLEAR,DAYLIGHT,DRY,NOT ON SCENE (DESK REPORT),05/23/2016 09:46:00 AM,41.86682801,-87.625963269,POINT (-87.62596326902 41.866828010004),C,5,2016,09:45:00
5b10f3ebd88ada40ecda4a53bb4f86f5aebb13aefa9eafd5e807688fc36e96bf45e3d3e4307595f7a148eae3066d06dcdff8e477908ed404e9c808f4f320a962,2018-07-02 18:30:00,CLEAR,DAYLIGHT,DRY,NOT ON SCENE (DESK REPORT),07/04/2018 01:20:00 PM,41.911346824,-87.733847951,POINT (-87.733847951032 41.911346824028),C,7,2018,18:30:00
5a42fea18690cf29d4c343505df2c109e6d17f0ff9a844407c91150cb773e9ac711b142a43f6763569a286f67718cffa8191d333bd21819e9a391e336e150ee7,2018-12-17 13:09:00,CLEAR,DAYLIGHT,DRY,ON SCENE,12/17/2018 01:12:00 PM,41.756591728,-87.619744678,POINT (-87.619744678021 41.756591727959),C,12,2018,13:09:00
5a6e51138c72f84740c9e7eb5562617c9cd1812b1de0a0cc1d9c2cd0c88ee156ff349c58374648ab13c6300495f8a3a8b3cffb097e5f90357e4cb303f9d41eb2,2023-01-25 19:30:00,RAIN,"DARKNESS, LIGHTED ROAD",WET,ON SCENE,01/25/2023 07:37:00 PM,41.928513159,-87.704814777,POINT (-87.704814777027 41.928513159047),C,1,2023,19:30:00
58f0f7fd0c1a8db0167cc243081bb122fbd6872ee31225b7d598f6bb1e34f11e352a5c4ab1b8cc200736994b339ee1bff3a512f4d3ebc6dbad89ea55fbca66ce,2019-09-04 08:17:00,CLEAR,DAYLIGHT,DRY,ON SCENE,09/04/2019 08:17:00 AM,41.875008491,-87.673536864,POINT (-87.673536864033 41.875008491025),C,9,2019,08:17:00
5af8976667fe1e85d95a9b04d07181aee988323fa04ceafa2a599e7084aef3f3abd91c1f7ba1cf63ce1f130a1dd8f1ccdf77d3043533080f47e44b7f31aeb5fb,2019-04-26 16:20:00,CLEAR,DAYLIGHT,DRY,NOT ON SCENE (DESK REPORT),04/26/2019 05:20:00 PM,41.810440446,-87.710418852,POINT (-87.710418851956 41.810440445956),C,4,2019,16:20:00
5926ac65676158bcb6580940ca2585bdefcb307e4f22e99fb5c41be8bff5d801b7fd2bd8244a2e3c2e53b69bbb5b3815c03f76393935d43713090b8436c02093,2017-06-27 22:30:00,CLEAR,"DARKNESS, LIGHTED ROAD",DRY,NOT ON SCENE (DESK REPORT),06/27/2017 11:00:00 PM,41.940374261,-87.668530477,POINT (-87.66853047699 41.940374260988),C,6,2017,22:30:00
5b0e496795a504986d47047211a221f91cbbaf28f9fa770daec2a5bffb3b0bc2104ba2c9c576511ed4708a8d3521c9273b1399741f3f21d58404908e32720ed5,2019-10-08 18:00:00,CLEAR,DAYLIGHT,DRY,ON SCENE,10/08/2019 06:40:00 PM,41.909313468,-87.727584125,POINT (-87.727584125039 41.909313468042),C,10,2019,18:00:00
5971bb0a1825f21d1bad9ea5756e0b20c609b66c7b8f957bf37aef6ab62e54fc3d7a1a927355dd50567093c8f1a6508fb900e6e44db59a65cb5293310c3d3cee,2016-05-27 23:09:00,RAIN,"DARKNESS, LIGHTED ROAD",WET,NOT ON SCENE (DESK REPORT),05/28/2016 12:15:00 PM,41.920635168,-87.66325003,POINT (-87.663250029955 41.920635168039),C,5,2016,23:09:00
590c25ed12f3613a47536860c72836a7deab909703f0a7571927b1e45111698450c3856a89fff76eb28972f2d632891a6fd16ee0204da81fa07240292779593f,2022-05-04 15:17:00,CLEAR,DAYLIGHT,DRY,ON SCENE,05/04/2022 03:17:00 PM,41.865348668,-87.65604388,POINT (-87.656043879958 41.86534866803),C,5,2022,15:17:00
5b14c1f07df58078d81a726fd53ae8487dd874aab6049783027cc016f8df9b97338f914d0e7219d36ee2c95933b1a8eca72fcf9c117c153e3cceaa1be25a125f,2022-02-20 14:30:00,CLEAR,DAYLIGHT,DRY,NOT ON SCENE (DESK REPORT),02/20/2022 03:30:00 PM,41.753031226,-87.604154541,POINT (-87.604154540981 41.753031225972),C,2,2022,14:30:00
5a4007100bdce676fbc07dcaa36b88fc55893a1268f2bffa20f949a3a6f2277584822e5f740976a8ca2eaf9c334cf76830808875cb328c4bd589fe99a1240eb6,2021-07-27 07:30:00,CLEAR,DAYLIGHT,DRY,ON SCENE,07/27/2021 08:11:00 AM,41.924490094,-87.717288131,POINT (-87.717288130979 41.924490093998),C,7,2021,07:30:00
58c60ee6d5cf72bb4cd681894ff064e4f3fe5079086c0187e11be7cb2123532ada232d58f056e4ddae95bd298125d2924b3f3ec1313434237e9520e84515946b,2020-02-25 08:45:00,CLEAR,DAYLIGHT,DRY,ON SCENE,02/25/2020 09:05:00 AM,0.0,0.0,POINT (0 0),C,2,2020,08:45:00
5a2cc35415764a1053d9e3487d54e6229fe3c3282492f78bed21eeb5ff98a990643212537a94c6699a56ffe4f91a6969e5ce0bf0b52cc7c3fd87b7ef65b4a7b8,2023-06-16 16:30:00,CLEAR,DAYLIGHT,DRY,NOT ON SCENE (DESK REPORT),06/16/2023 05:45:00 PM,41.917103631,-87.687248767,POINT (-87.687248767006 41.917103631009),C,6,2023,16:30:00
5b06f594b464703c0d371b9e40d2208544442fa9f71134b19b141ea6f39c553464f2c174872faecc4d8a3b10866f8bf0dc5445a4a5a6f583fda772da0696b4cc,2021-09-10 19:40:00,CLEAR,"DARKNESS, LIGHTED ROAD",DRY,ON SCENE,09/10/2021 08:09:00 PM,41.837732675,-87.66589445,POINT (-87.665894449999 41.837732674972),C,9,2021,19:40:00
59736cb314aa61abf5d4fdcdf9a0f1edc88ba404e4ce92c199394d99ed851374bd5d2f16d05369f584e67349fecd3b79f5256c80350466515eeb6edf2e236bbf,2018-10-23 10:05:00,CLEAR,DAYLIGHT,DRY,NOT ON SCENE (DESK REPORT),10/23/2018 11:30:00 AM,41.884546961,-87.64758764,POINT (-87.647587639978 41.884546961039),C,10,2018,10:05:00
5a143618fafcd36a6a1030397f6cb944e2f1d8c5bab4e8c573f0ac531110428d3b50f8258751cba96b84c6c032f835a1c2db6d02c4e953db68978db1a262c546,2022-06-12 17:30:00,CLEAR,DAYLIGHT,DRY,ON SCENE,06/12/2022 05:34:00 PM,41.960921874,-87.739753307,POINT (-87.739753307037 41.960921873996),C,6,2022,17:30:00
58f27975213a5d1193aa1ab026fe65628039bbfef70e7c11d07b2748946978daaaafd8214561ad48ae689ee62be1414d0b29076a219f230a1ff8fd662f377912,2016-11-28 15:25:00,RAIN,DAYLIGHT,WET,NOT ON SCENE (DESK REPORT),11/28/2016 03:48:00 PM,0.0,0.0,POINT (0 0),C,11,2016,15:25:00
59ede0e2a4a7f7aa58447a74e6572fd4618a5b0bcd54da416ca4c0935a470ec40816c9ace673c28f12bec27d28c25052f5029a770d0518e477b40f83d952cb8b,2016-11-21 09:54:00,CLEAR,DAYLIGHT,DRY,NOT ON SCENE (DESK REPORT),11/21/2016 10:53:00 AM,41.985976968,-87.78782345,POINT (-87.787823450015 41.985976968036),C,11,2016,09:54:00
58da02324a9782aeea20e6f878da468760ad23a9535bb217cdda030a02b757db37301eb94a7bda38525b79f7e9be234f529e57fd730a2939ce04ebb621496346,2019-03-04 10:10:00,CLEAR,DAYLIGHT,DRY,ON SCENE,03/04/2019 10:17:00 AM,41.939957876,-87.727354741,POINT (-87.727354740978 41.939957876044),C,3,2019,10:10:00
5976ccbbb41525a9aeff9135638ef587319f94d8681cc3f3c130655597b654ac07d66642d96ce773ef1012b5dfc26b48b57040a003a6b799c73901533045c935,2019-09-01 08:00:00,CLOUDY/OVERCAST,DAYLIGHT,WET,NOT ON SCENE (DESK REPORT),09/01/2019 08:35:00 AM,41.713655381,-87.674731012,POINT (-87.674731012049 41.713655381012),C,9,2019,08:00:00
592a330a446214ac72a5d88bbafb49c099fcf28348bc3e9c1eecea762b7110c4c1e65a541d0a730cf02cc852cc4c718facf0cec475758ebd45388c113392877c,2019-06-27 07:00:00,CLEAR,DAYLIGHT,DRY,NOT ON SCENE (DESK REPORT),06/27/2019 07:40:00 AM,41.876926589,-87.745039137,POINT (-87.745039137038 41.876926588953),C,6,2019,07:00:00
5aba09abe4cf1738e835efd5d8800eb73e21e71380a6164e593e9e1cfd74c8f070a3a9c78b7c4f5bb4651cf18400859f199c78e58bc5c4600d752a11146e2d10,2018-04-04 07:15:00,CLEAR,DAYLIGHT,ICE,NOT ON SCENE (DESK REPORT),04/04/2018 07:35:00 AM,41.960532229,-87.767097026,POINT (-87.767097025983 41.960532228999),C,4,2018,07:15:00
591b705efa6ef2f158c8e7d3c71d7b184b99eb37cb76dd904e7bbc6635fe8820f7b1cd43d8162e7def63e577817521fc44d87bae18b11c7a4c7f64855045880b,2020-12-19 17:53:00,CLEAR,"DARKNESS, LIGHTED ROAD",DRY,ON SCENE,12/19/2020 05:53:00 PM,41.786192939,-87.701055579,POINT (-87.70105557902 41.786192938996),C,12,2020,17:53:00
5acb951add7f7f96cbec44b26d5c2fedb35e65d86c380fd6d89ca3709c0c2970009ac36b1634f2c9599e07f73cd9cec6c42f42fbce7d7425b9b969b79536935f,2022-09-13 16:30:00,CLEAR,DAYLIGHT,DRY,NOT ON SCENE (DESK REPORT),09/13/2022 05:00:00 PM,41.917765793,-87.761039505,POINT (-87.761039505034 41.917765793034),C,9,2022,16:30:00
5a1c5ef84834e03c28bdc8681a4ec9bae329a02b1fe167cd83fa18c93f6d7e87247323b39114a6e10f3f37d665ab03bdf12b47b58e870a590ab72ef520cce6ce,2018-02-12 05:45:00,SNOW,DAWN,SNOW OR SLUSH,ON SCENE,02/12/2018 06:08:00 AM,41.683134708,-87.559504838,POINT (-87.559504838035 41.683134707954),C,2,2018,05:45:00
5869817a8cdd0ee53b47893643067f32847567c6eb44b03cb92b57779f2e650ef26feb9f5935c2b27737c672e1f01b20ea82eba161d114dd081d34953fceaec6,2016-04-02 13:10:00,SNOW,DAYLIGHT,WET,NOT ON SCENE (DESK REPORT),04/02/2016 01:20:00 PM,41.858906154,-87.712914181,POINT (-87.712914181015 41.858906154029),C,4,2016,13:10:00
5b0712f63045776dc221a82031f6f9cbd4427aa5ff80f4478958657169178616754316c59ccec98e30440da77ec3217a00e51404a9294796a6c4e26c544bcd95,2023-02-06 08:10:00,CLEAR,DAYLIGHT,UNKNOWN,ON SCENE,02/06/2023 08:12:00 AM,41.791658474,-87.607997596,POINT (-87.607997596004 41.791658474021),C,2,2023,08:10:00
594649b29aaa97fe88ea518fc8aefa4ffe941562e7c87d3e63b97b6c15f3686d6f3e312597604653772b7976f8f441cb529888fd46cf58caaa548578ebd300fd,2019-01-29 18:00:00,SNOW,UNKNOWN,SNOW OR SLUSH,NOT ON SCENE (DESK REPORT),01/29/2019 08:51:00 PM,41.735458709,-87.625567895,POINT (-87.625567895035 41.73545870904),C,1,2019,18:00:00
5a540765b7215e4838270efb04a47f82bce51403c9245bf3c9b178981341736384c82fb577cea5cdfd7b59e0d44c69ac6e3711722f247af8c9acb4b7d501284b,2015-10-19 09:30:00,CLEAR,DAYLIGHT,DRY,NOT ON SCENE (DESK REPORT),10/19/2015 11:40:00 AM,41.954105717,-87.693290369,POINT (-87.693290369008 41.954105716988),C,10,2015,09:30:00
595a44a83e32432ccb9582d58d45bc55e4df27eef01b208b1c938854559b5a38c57c3e133287a81376184c96c238b02bc851285a1c942506cf8cb2572d473f0e,2018-06-21 10:30:00,RAIN,DAYLIGHT,WET,NOT ON SCENE (DESK REPORT),06/22/2018 05:03:00 PM,41.946788878,-87.675947031,POINT (-87.675947031019 41.946788878023),C,6,2018,10:30:00
5a2e3392b5e826f0e15e37ae10d862c3613e88fb1b261a0a7d9aa5cca06c1498bf17cdbac735ac237fba89e2304134cad614caf483a8e73727edfe3b526efef5,2019-06-26 22:48:00,CLEAR,"DARKNESS, LIGHTED ROAD",DRY,ON SCENE,06/26/2019 10:50:00 PM,42.006801604,-87.661457734,POINT (-87.661457733969 42.006801603988),C,6,2019,22:48:00
58cc3ed215b4e344bae5ae7da1e5113d88b606e225c5e6eeb2aa354ef550a9f031f81c92b0701adddad10dfa5aeeb9a432d86f3d9aeea6b879473829143910e4,2017-10-26 22:10:00,CLEAR,DARKNESS,DRY,NOT ON SCENE (DESK REPORT),10/26/2017 10:48:00 PM,41.899284038,-87.708264377,POINT (-87.708264377049 41.89928403803),C,10,2017,22:10:00
5ade6a49f8e79b2963f6938592993a8779cc87f2558b8cb24e282dea5a273a20a770a1aab2c5e2590080aad32cf8184eec28fc39a642ee4ea63970b2c2c9320a,2016-10-02 12:45:00,CLOUDY/OVERCAST,DAYLIGHT,UNKNOWN,NOT ON SCENE (DESK REPORT),10/02/2016 01:00:00 PM,41.946917006,-87.666580238,POINT (-87.666580238011 41.946917006032),C,10,2016,12:45:00
5a14dd0ec58103b14b615e6dad740db04198bbd9ca78a484bdf00489193ab3536319e2526fde946014a1bc1f60b4a62155f849a4445ad437ab9b5a82ea4f5fbf,2021-07-07 11:30:00,CLEAR,DAYLIGHT,DRY,NOT ON SCENE (DESK REPORT),07/07/2021 12:30:00 PM,41.903176728,-87.671126615,POINT (-87.671126615024 41.903176727997),C,7,2021,11:30:00
5959260b974daebd89b97848e75244f2b899e0b1981340a4d2adb93ee8bb7a3e27ebc11b5c79d6b9321fc843970f29aeedc540e87e25b4c6cdc5f0c245eccde2,2018-01-11 07:30:00,RAIN,DAYLIGHT,WET,NOT ON SCENE (DESK REPORT),01/11/2018 05:50:00 PM,41.953750194,-87.728489892,POINT (-87.728489892005 41.953750193958),C,1,2018,07:30:00
592cf2f3110bae0311460f5b3ba9f1352057a16f6659a40d4e652a918d65f76804168755109337f0239fe70b88824cef31c9bd16c2ee6aa3fe30fbf621e9ef04,2016-10-17 13:30:00,CLEAR,DAYLIGHT,DRY,NOT ON SCENE (DESK REPORT),10/19/2016 09:00:00 PM,41.933341652,-87.659591855,POINT (-87.659591855013 41.933341652029),C,10,2016,13:30:00
5ac0bd97d408151688a576107e9a35fba0e1c14db3623b4950fbf1c3e12dba22a0d0b2a24cbc17b5648ecb7dff5accba6035b3e1de05a5f2030d8ecaec95ecb7,2022-09-20 18:01:00,RAIN,"DARKNESS, LIGHTED ROAD",WET,ON SCENE,09/20/2022 06:02:00 PM,41.797720813,-87.673133496,POINT (-87.673133496039 41.797720812979),C,9,2022,18:01:00
5867576bce96d04206d8b0243a7dece64705f7b3d8dfc03f5c1a61286e078fd3c23a7d0573c2cb1eca9993681bb35fc36f39c57f594a8b6d49ad69234e86f2e3,2022-01-02 10:46:00,SNOW,DAYLIGHT,SNOW OR SLUSH,ON SCENE,01/02/2022 11:03:00 AM,41.948253812,-87.714837924,POINT (-87.714837924003 41.948253811969),C,1,2022,10:46:00
5aca95fd29d11837c2f0093ae1434609653d1b8a4a8a487c83a81a970e4e5d925d5e94519d8b53f0615d651b452efaaf1713808d7178290c163f1485e2ab402c,2022-06-29 07:40:00,CLEAR,DAYLIGHT,DRY,ON SCENE,06/29/2022 07:53:00 AM,41.902815701,-87.717648644,POINT (-87.717648643968 41.902815700998),C,6,2022,07:40:00
5a6afa88ef72882c6be7b1c87b5f85e4ce41a84f299876ef9705b659f0700e7eec9f4ab2445b90fbc6fdbb253dabaa5ebc57006dfbd9da6fb9415cc229941219,2017-12-22 16:00:00,CLEAR,DAYLIGHT,DRY,NOT ON SCENE (DESK REPORT),12/22/2017 05:01:00 PM,41.867220725,-87.649535412,POINT (-87.649535412034 41.867220724967),C,12,2017,16:00:00
593f87e8c6644c1a51af029b51acb7760c796d836908abef7c8fa8f31c5c70ce1709be787cd939c33e3fe759d255bc992fc1fb9cc60d138fc481ffe5263d4a1d,2022-03-15 08:10:00,CLEAR,DAYLIGHT,DRY,NOT ON SCENE (DESK REPORT),03/15/2022 09:10:00 AM,41.968973728,-87.655308652,POINT (-87.655308652011 41.968973727981),C,3,2022,08:10:00
5980955013b7b06277f320159b807051627b98584aabd62d388e218d34547bea070e95ab13e65f54a6f9ab882d2fe7a282cedcaa629b1bd12138b8ac68937979,2020-12-29 13:25:00,CLEAR,DAYLIGHT,DRY,ON SCENE,12/29/2020 01:30:00 PM,41.902212301,-87.74884541,POINT (-87.748845410034 41.90221230099),C,12,2020,13:25:00
5b0bc731f3c818d3620bd91de12337bdca10f2b556741d954f7c8025bc00daca45c7fcd756a9b59989f408bdf069a893989bfe3340b9d12a6808e52c10173aa8,2016-08-25 16:50:00,CLEAR,DAYLIGHT,UNKNOWN,NOT ON SCENE (DESK REPORT),08/25/2016 05:10:00 PM,41.97600184,-87.689092635,POINT (-87.689092634969 41.97600183997),C,8,2016,16:50:00
59c4d556ca7de5724d7393b460ef7fcea9065096f3071c437dab09c9c06d1649943f88d1b69549a64a27dec1aba7f94f78848e463c147a9c07c84727aadc7d8f,2020-10-31 14:59:00,CLEAR,DAYLIGHT,DRY,ON SCENE,10/31/2020 03:00:00 PM,41.824381252,-87.685003697,POINT (-87.685003697043 41.824381251993),C,10,2020,14:59:00
59b1e39b7b9719ca2ced1f26abedc3a0e5e07cc0330a35d5899da792a15c87cc0f9f3c0e648511c480d8f05ca2641e285552c2355008d3163caa3ce209b07a1b,2016-08-15 17:40:00,RAIN,DAYLIGHT,WET,NOT ON SCENE (DESK REPORT),08/15/2016 08:10:00 PM,41.744151639,-87.585945067,POINT (-87.585945066953 41.744151639042),C,8,2016,17:40:00
5a9aa528b85366b2097bbc92769ffef039fac0c832a5000cff5615983deee562c4fc73d41643a5bcd3bf962199f85fa6ec572545536ddab25d49cda8a2cbe73d,2022-11-23 12:00:00,CLEAR,DAYLIGHT,DRY,ON SCENE,11/23/2022 12:17:00 PM,41.942206868,-87.807044663,POINT (-87.807044662987 41.942206867982),C,11,2022,12:00:00
5906891fb8605a7e73182fb9e193119bb7d53627a88b7f19d93ae7e0dc50e8cf8022277d5729a41e5ca0917aeecf689a98c898dff7ca91946103494c18330a1a,2021-09-27 15:00:00,CLEAR,DAYLIGHT,DRY,ON SCENE,09/27/2021 05:23:00 PM,41.894794622,-87.631055164,POINT (-87.631055164034 41.894794621997),C,9,2021,15:00:00
59852b03c2d5eaa8200061b12097acac36bd6145929a77ad9ebbc5ebbf90085ba66cc0d1c87da96c21f2e8c69c35cb41b1886031a10a13301ad49a425757fe04,2022-03-16 12:30:00,CLEAR,DAYLIGHT,DRY,NOT ON SCENE (DESK REPORT),03/16/2022 02:03:00 PM,41.869754629,-87.661506633,POINT (-87.66150663295 41.869754629012),C,3,2022,12:30:00