CRASH_RECORD_ID,CRASH_DATE,WEATHER_CONDITION,LIGHTING_CONDITION,ROADWAY_SURFACE_COND,REPORT_TYPE,DATE_POLICE_NOTIFIED,LATITUDE,LONGITUDE,LOCATION,CRASH_TYPE,CRASH_MONTH,CRASH_YEAR,CRASH_TIME
5c904b6c15729152a622b4564b3fe48be0bd883fec829e5648bf7861ccd6b950ab6acee48a08653b8ef6aaa5ea71abff5c69140a2ca4081ed5b30f6a1bf97401,2022-02-17 15:54:00,SNOW,DAYLIGHT,SNOW OR SLUSH,ON SCENE,02/17/2022 04:00:00 PM,41.770688752,-87.576276333,POINT (-87.576276333027 41.77068875201),C,2,2022,15:54:00
5ccb4cb14ad0cada303ff330c6dbfa466de17c1e07412bee81c12d6f7434d15ef060701c864645f8d597dbe91aa00f4901d489f1c3fade290be8eb825eac4b5f,2021-06-23 16:00:00,CLEAR,DAYLIGHT,DRY,ON SCENE,06/23/2021 04:20:00 PM,41.748957001,-87.629110981,POINT (-87.629110981001 41.748957000989),C,6,2021,16:00:00
5badc735c7f797e5c7fa04048be79b2fd04b48ff0e753d4062a8a2e56f72d506d8e69b5259b126afb37e11f2068420b74b60bb46e8ade2225f7f7d28e7bc8de3,2021-04-12 07:00:00,UNKNOWN,UNKNOWN,UNKNOWN,NOT ON SCENE (DESK REPORT),04/12/2021 05:20:00 PM,41.878205089,-87.740780714,POINT (-87.740780714023 41.87820508902),C,4,2021,07:00:00
5bdce45036927bc2280128167b4f8e3360b01d1ee70882c7c8009f7d6907c870f2798a8e6fc2ce827b4789a2bfc9b4d7ac6d0d173061398f2c75e2dd84920d8a,2019-11-22 17:15:00,CLEAR,"DARKNESS, LIGHTED ROAD",DRY,ON SCENE,11/22/2019 05:26:00 PM,41.817683733,-87.6650402,POINT (-87.665040200043 41.817683733038),C,11,2019,17:15:00
5d2dc6aeae3ceecc0c3c8a7317cecab9d38197277dccb3819604934a7efad23a42242b6b1cb72427c0333a5cc4fafbdac532bcff6369f856ad05f53ac94cc77e,2020-02-23 15:33:00,CLEAR,DAYLIGHT,DRY,ON SCENE,02/23/2020 03:33:00 PM,41.942206868,-87.807044663,POINT (-87.807044662987 41.942206867982),C,2,2020,15:33:00
5c850db1f29e28af18e60c9391e0cdb40728dca4a9ebcec2f8d66899cd035672d7cb6c864e711b77834574aaff1cb9d102d1b93fd753c65f5a6780b89d89e99c,2019-10-01 07:58:00,CLEAR,DAYLIGHT,DRY,NOT ON SCENE (DESK REPORT),10/03/2019 07:30:00 AM,41.903825234,-87.64328636,POINT (-87.643286359995 41.903825233976),C,10,2019,07:58:00
5d9989871c71dcf472997331881fa9c3188d26a9e6768b2547b4a253f64be5731c11bfff3736896fb1005c643a015d63a39816a136a20a5dbc837f4ae8ea7eb5,2021-12-23 06:00:00,CLEAR,UNKNOWN,DRY,NOT ON SCENE (DESK REPORT),12/23/2021 09:40:00 AM,41.901524746,-87.751001472,POINT (-87.751001472036 41.901524746031),C,12,2021,06:00:00
5cef8f91bb56e0e0836ebd989c8fc9ed13418238f9bb48e57935cb8279d41f8fe20cee589d9951464dcd3b53bd0f50cbcf21e394c17956908b6f00b4ac99586d,2023-01-30 11:35:00,CLEAR,DAYLIGHT,WET,ON SCENE,01/30/2023 11:39:00 AM,41.849670647,-87.69888064,POINT (-87.698880639999 41.849670647043),C,1,2023,11:35:00
5ddc7b6a97945b424cba740e8f7e9e63645d70fe89a4609b44b61a0f83bbc4a26db8205b7ca262fac2bcd8a1288dc5959179aadebf71001b967a6bcd1660a8e9,2023-01-01 18:10:00,CLEAR,"DARKNESS, LIGHTED ROAD",DRY,NOT ON SCENE (DESK REPORT),01/01/2023 07:00:00 PM,41.785387445,-87.606183761,POINT (-87.606183761008 41.785387444959),C,1,2023,18:10:00
5cdd39dbe895c7c18d2addf09ebf86f142757050c2f842a731df309d0bd94b51f3e34a6e150e89e60c593fe29f2b84956f082990e05981e27a68ef7e33e6d36f,2022-08-15 10:47:00,UNKNOWN,UNKNOWN,UNKNOWN,NOT ON SCENE (DESK REPORT),08/17/2022 05:05:00 PM,41.744151639,-87.585945067,POINT (-87.585945066953 41.744151639042),C,8,2022,10:47:00
5c1c90a47ad0e5e4db63fb87d46db122996a0967989f1b6b7e5168f0b43e179a93f61f3e0a4ffc0ca78047c733f34294168d40167b7a752c8f62061618c07ab6,2022-03-21 15:15:00,CLEAR,DAYLIGHT,DRY,ON SCENE,03/21/2022 04:27:00 PM,41.744801389,-87.549062081,POINT (-87.549062080977 41.744801389001),C,3,2022,15:15:00
5ccfb37b0637aa181235f6f3970f7866a2327e486d906051eb00b979613fd3d581beebc145b71c7f5aa137970b19dd92f4af1462aa54e65c3dffb6a969a9ac8c,2017-11-07 19:05:00,CLEAR,"DARKNESS, LIGHTED ROAD",DRY,ON SCENE,11/07/2017 08:45:00 PM,41.837385459,-87.702442532,POINT (-87.702442531983 41.83738545903),C,11,2017,19:05:00
5da25fedb23bde56b3e643e23661d206b276894991c4510f776fea9524ec4756e8cbefaa5138b059dfd4ce33b4ea4162c665c9ce655b61427bfae4e51c91a2d3,2021-04-27 16:40:00,CLEAR,DAYLIGHT,DRY,NOT ON SCENE (DESK REPORT),04/27/2021 05:50:00 PM,41.793378954,-87.584053824,POINT (-87.584053824031 41.793378954013),C,4,2021,16:40:00
5b54cee5b447f5447c9bd2da0497682300dc9e1c3c722a26c3bda97faad5768495930084f2f345996a475e0516a770cd3cce7517e356d7de75ec5e07f0f9144b,2019-05-24 08:11:00,CLEAR,DAYLIGHT,DRY,NOT ON SCENE (DESK REPORT),05/24/2019 06:00:00 PM,41.721150404,-87.658966651,POINT (-87.658966651043 41.721150403976),C,5,2019,08:11:00
5bf4785031bb1f7b87c6390379b97216728e5b23a8fa28bb3ffc1837108930aa85e457a708183e0afeb3e743e25db7e158e75dcdc63e1e44758a1b261846f70d,2017-07-28 21:00:00,UNKNOWN,"DARKNESS, LIGHTED ROAD",UNKNOWN,NOT ON SCENE (DESK REPORT),09/06/2017 01:00:00 PM,41.904101491,-87.631598255,POINT (-87.63159825499 41.904101490958),C,7,2017,21:00:00
5bded8222ad508cbef43347b81db9ead641cc9a963066007f5f0189bbdd54b58586502f65c89346d46c5a2a28f68a084876a2f4cfa7a8f113a68c86b7f5bfef5,2016-04-15 10:30:00,CLEAR,DAYLIGHT,DRY,ON SCENE,04/15/2016 11:31:00 AM,41.663355654,-87.641363438,POINT (-87.641363438039 41.663355654041),C,4,2016,10:30:00
5c19b11927c7a18cff07490ce415968b0594405e138310aeb8555d6924a500586362737457dba7e376db483be990b5f6855cac6059f7d5c9f8c555d6fad34396,2018-06-19 14:00:00,CLEAR,DAYLIGHT,DRY,NOT ON SCENE (DESK REPORT),06/19/2018 07:03:00 PM,41.807999566,-87.596656162,POINT (-87.596656162019 41.807999565956),C,6,2018,14:00:00
5d672ce84d5b78346be822b388604bdf9cb3fa348a5adc89501859f857e1e9308e35ececb0a56527c6e6d065cc85e4e93302c1c57a97068034116e8b23ec2f4e,2020-02-20 16:45:00,CLEAR,DAWN,DRY,ON SCENE,02/20/2020 04:51:00 PM,41.958986951,-87.933993929,POINT (-87.933993928974 41.958986950953),C,2,2020,16:45:00
5b52fdc5819b393e10f148db59729ee7c04f20f986cfaf69051c16215a80ee4d2d7b89fe2baf84090882893b2dc045362281792f3e8e7c6ce7dece1e51ad7e86,2021-08-23 13:30:00,CLEAR,DAYLIGHT,DRY,NOT ON SCENE (DESK REPORT),08/23/2021 02:30:00 PM,41.744151639,-87.585945067,POINT (-87.585945066953 41.744151639042),C,8,2021,13:30:00
5b4e027c8d39d11e663c14e5391c5953d7cec51cdf5b6eed7adbf11ef6a7c20195f6ab9a8b3e47f6f791892344b5950a04347d4a65ade675a4934597d0632e48,2018-08-20 21:30:00,RAIN,DARKNESS,WET,ON SCENE,08/20/2018 09:54:00 PM,41.709334666,-87.643042361,POINT (-87.643042360966 41.709334666032),C,8,2018,21:30:00
5d91f9b5e22aae8aacd7c4bdf1929e75c9f5f3f7d90f9fd5ebb57acd6146c45f0a92046f32f29a380fd70c6585984e8c92e2152e55290bfca86685098a9fb325,2019-12-10 11:00:00,CLEAR,DAYLIGHT,DRY,ON SCENE,12/10/2019 11:03:00 AM,41.809781151,-87.594212812,POINT (-87.594212812011 41.809781151018),C,12,2019,11:00:00
5db470044e6fbf1cdd90def8f6a6773f54762b0a3932357634fd65e2d4dfaaa467004a8a9f1ff07a007089f2c8e6adfcecf249a309c9efbcb1d9512f71e5de34,2021-01-01 03:00:00,UNKNOWN,DARKNESS,UNKNOWN,NOT ON SCENE (DESK REPORT),01/01/2021 12:25:00 PM,41.910312541,-87.761657315,POINT (-87.761657315004 41.910312540987),C,1,2021,03:00:00
5cd06cd16087146c34486e7a20f277382555f57caa7c5b2bcc1b90c9618d3942a1713caa80cd78c680cace85ee446285e45936f5a0caa79ee95f6dbfa0355d84,2021-05-25 18:30:00,CLEAR,DAYLIGHT,DRY,NOT ON SCENE (DESK REPORT),05/27/2021 02:00:00 PM,41.865969606,-87.731617114,POINT (-87.731617113958 41.865969606043),C,5,2021,18:30:00
5bc3658ef2ea1f58e346eec02b64e9f36429b1eb57437dda125b8d9ee4e03d7be70b9a3398ac6a158fd09861433eb2325db5faa19ac33df3a4050471c78b9e48,2018-07-26 15:05:00,CLEAR,DAYLIGHT,DRY,ON SCENE,07/26/2018 03:10:00 PM,41.847436953,-87.612947338,POINT (-87.612947337961 41.847436952952),C,7,2018,15:05:00
5cf256af545bde715cbe162cbcd17420cd09187ad94d764235267c01ddd3997d74ed69a5956381fd5888b5fcd91b1f6c41d180c38483285bb7d86ef3d1f0e709,2021-10-10 12:10:00,CLEAR,DAYLIGHT,DRY,NOT ON SCENE (DESK REPORT),10/10/2021 03:30:00 PM,41.960796183,-87.750630003,POINT (-87.75063000305 41.960796183046),C,10,2021,12:10:00
5d57e9d91b32f71c3aed0921f0397ae1f7b75387aaecfbde65d6de6dcb722d2356209f8a6570015a58bc010558a5d143d0306948bb21ca076cf51fb80a16afa0,2021-02-21 08:30:00,CLEAR,DAYLIGHT,DRY,NOT ON SCENE (DESK REPORT),02/21/2021 10:50:00 AM,41.885850057,-87.763462584,POINT (-87.763462583999 41.885850056955),C,2,2021,08:30:00
5d0c8fd8c40f3ea81aba5e11e17d2e62dd53c991205c46f548d35c3a946d43275f709db450507d3230b508f5819aa190e6446cda29621842e06ea1f37de50fa5,2023-05-29 11:00:00,CLEAR,DAYLIGHT,DRY,NOT ON SCENE (DESK REPORT),05/29/2023 11:50:00 AM,41.910321343,-87.754727821,POINT (-87.754727820975 41.910321343023),C,5,2023,11:00:00
5c1e78b19ae0020dd67094a5e34f5cf7803681f8dff6e80ba91454bbfacd11d448b97a7ddd8080e1ff24402b29f2f66f5cf11db7038d3d334cec80036716c21a,2023-05-26 19:41:00,CLEAR,"DARKNESS, LIGHTED ROAD",DRY,ON SCENE,05/26/2023 08:04:00 PM,41.898979021,-87.637410212,POINT (-87.637410212028 41.898979021041),C,5,2023,19:41:00
5b9d9311b5f3146d0b4a280b51553cdff353d11a3856ad4199c62ea0b02630764d86c339457a756b5c148e0ce1d3ea252aa9d885ba6c7d2ebb2e5a639222edc2,2022-09-29 16:45:00,CLEAR,DAYLIGHT,DRY,ON SCENE,09/29/2022 05:31:00 PM,41.879469957,-87.636027485,POINT (-87.636027484974 41.879469956958),C,9,2022,16:45:00
5cfc0f7b0afe04a8e3f4aac766285c5590db2717621e3cd0db8ebd0452855681e0a2112b5509a0f657cd7a6c92cc5661745ac28efe6b4a9be8c8d9f9b49a46d6,2020-01-17 12:35:00,CLOUDY/OVERCAST,DAYLIGHT,DRY,ON SCENE,01/17/2020 12:39:00 PM,41.909596143,-87.739700644,POINT (-87.739700644014 41.909596142962),C,1,2020,12:35:00
5df45831897387a3e88d511bc37ecda62cad53b13654ac6ace8a45754eaf49a6183310a57b13cb3ca5787b732ab5c3ed0a411c7314bfde7e8aa91455b0d1ed4d,2020-09-18 17:47:00,CLEAR,DAYLIGHT,DRY,ON SCENE,09/18/2020 05:57:00 PM,41.910660549,-87.730168635,POINT (-87.73016863505 41.910660549049),C,9,2020,17:47:00
5c5ed79b63e028ae2949420723cce2c330984163b1e4d0d48a83c21160553cc65b961c1dfc1c9f382f7ad571e4726bce43012ce72837c6247883d079673d9b92,2019-02-02 18:30:00,CLEAR,UNKNOWN,UNKNOWN,NOT ON SCENE (DESK REPORT),02/03/2019 06:45:00 PM,41.979313485,-87.70882789,POINT (-87.708827889998 41.979313484974),C,2,2019,18:30:00
5d6795720c54b5f02b1e4a8500dd855b56dd1b6a908a743a5d4cfc15ec85ad47bffc1e9fac8537927cc4e83e7b788e90ee10721a1cea34bffb5e99096b432403,2018-04-14 16:00:00,RAIN,DAYLIGHT,WET,NOT ON SCENE (DESK REPORT),04/14/2018 05:00:00 PM,41.924490094,-87.717288131,POINT (-87.717288130979 41.924490093998),C,4,2018,16:00:00
5ca56ecce81176b39adebab69c2399af72d44d274c401106357c8415e429a46fdec5f76bb24aceb9f6db2436c6e7f7534d7336408394ee0ef055e56b313703bd,2022-06-12 18:30:00,UNKNOWN,DAYLIGHT,UNKNOWN,NOT ON SCENE (DESK REPORT),06/14/2022 01:30:00 PM,41.706145002,-87.642956704,POINT (-87.642956704002 41.706145001953),C,6,2022,18:30:00
5c85c34b93994d7d301969a91a0816820e8ebe247f3dec385b3afb99e09cd28ce3cbcbfe24495b1cd9511f76ab2a017658eb3c1919f49022f1f9a3aacf52fe7a,2021-06-05 15:30:00,CLEAR,DAYLIGHT,DRY,NOT ON SCENE (DESK REPORT),06/05/2021 04:00:00 PM,41.876926589,-87.745039137,POINT (-87.745039137038 41.876926588953),C,6,2021,15:30:00
5d3964255df1309f6f9278742ac267cd61b83a18b368329f5d914423bb0080562ae81158c4f76e684f5455c2106e3f130808ae24ffe005c3db8b5ca4fab12a00,2022-05-01 23:00:00,UNKNOWN,UNKNOWN,UNKNOWN,ON SCENE,05/01/2022 11:09:00 PM,41.964627947,-87.715634207,POINT (-87.715634207027 41.964627947043),C,5,2022,23:00:00
5e01866b6eca29d05b4a4367acc876a6f608baa61ec844ab19cb5580bb78caea39931f89961cb8b2f28cb0779ef007f87c8bc9b0bd675f0195f088ba3777213f,2019-06-29 04:28:00,CLEAR,DAYLIGHT,DRY,ON SCENE,06/29/2019 04:32:00 AM,41.902212301,-87.74884541,POINT (-87.748845410034 41.90221230099),C,6,2019,04:28:00
5ba7821d8370d2c345c6c5dd6d5a2643b06adb98424c159c94d2f8f48d9be453cc3cf98f005999f16739b654ae9273a9c7c33300541e0478941ac23564edda55,2017-02-22 14:45:00,CLEAR,DAYLIGHT,DRY,NOT ON SCENE (DESK REPORT),02/24/2017 01:49:00 PM,41.891134744,-87.647295851,POINT (-87.64729585103 41.891134744023),C,2,2017,14:45:00
5cce697dc9756029fa63dd9cc61db30b69cb9bb7b5cd2e61a4bf7862494296fd0632a292d614b7b445238d28fff9abe9c2e96ed556fe46115e9e5158a9700749,2020-12-22 20:15:00,CLEAR,DARKNESS,DRY,NOT ON SCENE (DESK REPORT),12/22/2020 10:00:00 PM,41.808749374,-87.66230696,POINT (-87.662306960034 41.808749374011),C,12,2020,20:15:00
5cc1f3c441b3a8432349c5978c8d264c2d2731753e4864f496e187cc4ddda8775363fb911ca575ab3edc7a49a0822564e6527233d81a5601823691b57e20f662,2020-10-21 18:30:00,RAIN,"DARKNESS, LIGHTED ROAD",WET,ON SCENE,10/21/2020 07:29:00 PM,41.931351361,-87.768831235,POINT (-87.768831235008 41.931351361034),C,10,2020,18:30:00
5bd5d4952a9974ad90ac2f4c8c5bc6fb96514d265a21a78a84b1f2599d518105e745efb36efb079a32cdbc8ee9ce3d19fb0ef85bbf93f08eb5154f63c29fbac4,2017-12-10 14:59:00,CLEAR,DAYLIGHT,DRY,NOT ON SCENE (DESK REPORT),12/10/2017 03:30:00 PM,41.995579197,-87.675876884,POINT (-87.675876883986 41.995579196996),C,12,2017,14:59:00
5ba9a27c185664816a21446791b9788fab23589c8e77b71aef4424ed570847e84210669ff85af643f8fa2403eedb4629cb95783530fbd304064a7286c05b713f,2023-05-12 17:36:00,CLOUDY/OVERCAST,DAYLIGHT,DRY,NOT ON SCENE (DESK REPORT),05/12/2023 08:10:00 PM,41.903825234,-87.64328636,POINT (-87.643286359995 41.903825233976),C,5,2023,17:36:00
5d53106f559b0cf5ac896604a4f7fb5518394d84c8ca0f9965c67edce3ef8efd9db72c905cdabb5cbb1b44dc1d9e193b6cd959205c9274370202e4778ab6f8b9,2018-08-30 22:30:00,CLEAR,"DARKNESS, LIGHTED ROAD",DRY,NOT ON SCENE (DESK REPORT),08/30/2018 11:30:00 PM,41.866501191,-87.686157599,POINT (-87.686157599021 41.866501191036),C,8,2018,22:30:00
5cd802cde6672175b22ef18a5abbf64a073c95cf00dc8f76c03bf7462fb065defea5d0261601e4ca49c9a4c6017892ba532dcb121f80d15026513087e9b85fa4,2023-07-02 02:00:00,RAIN,DARKNESS,WET,ON SCENE,07/02/2023 02:04:00 AM,41.742496368,-87.566241653,POINT (-87.566241653036 41.742496367966),C,7,2023,02:00:00
5cdcda6dbe59fa018a8fb4ef0af48452573fd65fcba403a558b4248c3ca93bfd030aa820f43e4bfa3b291c74e84697afa8a1fd539796f771275360357da8cd25,2018-09-28 18:20:00,RAIN,"DARKNESS, LIGHTED ROAD",WET,NOT ON SCENE (DESK REPORT),09/28/2018 06:35:00 PM,41.924490094,-87.717288131,POINT (-87.717288130979 41.924490093998),C,9,2018,18:20:00
5c4b14c65d8057c957009d0096c98bbe4c9df5828e63ff38f92625308dfad0f72b89c4c5c1808b466fc78d7bbb21dc2d0cb46cdc76bcca97f7d6df895b1bef42,2019-11-27 08:45:00,RAIN,DAYLIGHT,WET,ON SCENE,11/27/2019 08:50:00 AM,41.924490094,-87.717288131,POINT (-87.717288130979 41.924490093998),C,11,2019,08:45:00
5ba403b89bbe06eeef0500edb79ce98d09667250eaf2551e991c3789c4bdad3e5d00986a14d85afe33915d368ff27aa3cb887d924c0a2dba6f5fc61147c32f1e,2021-08-13 19:00:00,CLEAR,UNKNOWN,UNKNOWN,NOT ON SCENE (DESK REPORT),08/13/2021 07:45:00 PM,41.762174118,-87.558927464,POINT (-87.558927463962 41.762174118016),C,8,2021,19:00:00
5d4f8a58966045f7f09712b9293f2c77b03ea7bcdd6e73c9319845ee108889217c32c62c5fdeff2a4b64164d431afd9f95c67a7883d251462d3b7bcd8cea96f0,2020-07-26 13:50:00,CLEAR,DAYLIGHT,DRY,NOT ON SCENE (DESK REPORT),07/26/2020 02:20:00 PM,41.758245505,-87.626521907,POINT (-87.626521907009 41.758245504966),C,7,2020,13:50:00
5d2f2d434e53ab41cfd7cc823a80c18fe8bcea0a15519a282f599d2faacb22341ce68cf1e6d00f1bfa9d91b94f040d4b3355921f512dbd36dd833e1dca787366,2019-03-19 06:00:00,CLEAR,"DARKNESS, LIGHTED ROAD",DRY,NOT ON SCENE (DESK REPORT),03/19/2019 07:00:00 AM,41.741803599,-87.740953582,POINT (-87.740953581987 41.741803598989),C,3,2019,06:00:00
5be1a69f4eaee961d53031ba40df7168119df5f92bc2770aa6a37847b40b53c79869971a6923c38a3fb11e74db2d9dd64e47ef9894f4c48ee87590ec9974cad0,2023-04-29 14:30:00,CLEAR,DAYLIGHT,DRY,ON SCENE,04/29/2023 02:30:00 PM,41.924490094,-87.717288131,POINT (-87.717288130979 41.924490093998),C,4,2023,14:30:00
5c6f750d7fbaab14710e9a0fbe2a6fc8e481507d36881a027e4075f3a6c2dd196f9459ab4f086ad9006e9ce4d28789ab14b4d5670d47b3975fab7239fe5b336f,2021-01-16 19:00:00,SNOW,"DARKNESS, LIGHTED ROAD",SNOW OR SLUSH,NOT ON SCENE (DESK REPORT),01/18/2021 11:30:00 AM,41.969261067,-87.650422729,POINT (-87.650422728959 41.969261066974),C,1,2021,19:00:00
5d6bb12e2963d48f59d3bd975fc0d46ad3b27d85439bedf24c4958a7e925d6a1ebef9276c0e7f55a86e07f5bb677e8a7293a9b3f58c24973465b039de7e9b5fd,2022-09-12 12:00:00,CLEAR,DAYLIGHT,DRY,NOT ON SCENE (DESK REPORT),09/12/2022 03:32:00 PM,41.878205089,-87.740780714,POINT (-87.740780714023 41.87820508902),C,9,2022,12:00:00
5bdc57679dce137cf7c4100458cf06526682dfdb53ddb069ab72a068d4532c7e4fb682e80e36b30788d9c2a6b270002ccf8eca5f93ca614b64f2a882bcd3a239,2023-01-01 01:10:00,RAIN,"DARKNESS, LIGHTED ROAD",WET,NOT ON SCENE (DESK REPORT),01/01/2023 03:50:00 AM,41.941302752,-87.649162689,POINT (-87.649162688958 41.941302751995),C,1,2023,01:10:00
5c6b5498934bd6aba30cd1b07cee1e94baee0a9469ec6a87035c83c32083050200c7c210642ae1c257c856c391106d89f15e887e49dd5b18f93021d27ef698a1,2019-12-05 06:00:00,UNKNOWN,UNKNOWN,UNKNOWN,ON SCENE,12/05/2019 09:15:00 AM,41.779631861,-87.65921691,POINT (-87.659216910005 41.779631861035),C,12,2019,06:00:00
5c7cdaac8730f87535044ba2aa4568caaffa585421651f8153daf5c2b9aaeb3f51c16b2f088cb6c8fff1b93f5f42fc9779f682b20a4568f8dafe504c016943a3,2023-07-26 15:30:00,CLEAR,DAYLIGHT,DRY,NOT ON SCENE (DESK REPORT),07/26/2023 05:37:00 PM,41.969038442,-87.667662387,POINT (-87.667662387022 41.969038442049),C,7,2023,15:30:00
5c6d6149ca30e9a2d1b8f58129353706d738a18bd88712b812a3f70d203edf4da7b8f91c4340800b4970df649b466d52ae1d0874daa7f04c610847b2901712ef,2020-09-21 18:00:00,CLEAR,UNKNOWN,UNKNOWN,NOT ON SCENE (DESK REPORT),09/21/2020 10:00:00 PM,41.738267984,-87.601080637,POINT (-87.60108063705 41.73826798398),C,9,2020,18:00:00
5bd65cfc5d5fca1f5aba2f437efe934ea858b39bfdc9bbe2df048b7d0ec19e4ba008f41fcafd284f60933c6c8fc7741d842fc59195686119e929e34bd63244c3,2019-08-04 07:30:00,CLEAR,UNKNOWN,DRY,NOT ON SCENE (DESK REPORT),08/04/2019 09:50:00 AM,41.921473642,-87.679606522,POINT (-87.679606521997 41.921473641976),C,8,2019,07:30:00
5c68ed7c7f0f8d2466799d699b12ac8f25d55ebfa5c78d7a08bb061e4c59a0142154de09883c45e93da7a1b138c1036d2ba07082a67353641983cce60f7d2da1,2023-05-26 13:00:00,CLEAR,DAYLIGHT,DRY,ON SCENE,05/26/2023 01:05:00 PM,41.997730287,-87.806645117,POINT (-87.806645117018 41.997730287008),C,5,2023,13:00:00
5b9ff4d3a75b70ab0cc2704e024a2dab02db1ddd04d1f488e2c3c3f77611ed831303cb57b12cd5cd4ddbaafffa3bafd57cd4dc788e69b83e8d25ecd84739e5f3,2023-03-31 19:30:00,RAIN,DUSK,WET,NOT ON SCENE (DESK REPORT),04/01/2023 12:15:00 PM,41.93311892,-87.756361097,POINT (-87.756361096964 41.933118919997),C,3,2023,19:30:00
5de21582bb42bf5c4d32ff6338dbb27223bb8e79ff75af93940940c2c6b8487fc0d3952b4dea2e84300f717fcb381568994470cd7c9ecc7511bbf7c3a08abd97,2021-04-19 00:03:00,CLEAR,"DARKNESS, LIGHTED ROAD",DRY,ON SCENE,04/19/2021 12:05:00 AM,41.685103666,-87.648798558,POINT (-87.648798557972 41.685103665959),C,4,2021,00:03:00
5c4791420ee4661cb6e067113433193b1d5161a0bded5cc2efc8f2accf89caaaf5137953ee847296cb4e6cd65173299129403708848fc30a2c25df7c6fc3b795,2020-02-28 10:40:00,CLEAR,DAYLIGHT,DRY,ON SCENE,02/28/2020 10:41:00 AM,41.759735137,-87.612557642,POINT (-87.612557642025 41.75973513701),C,2,2020,10:40:00
5dcdeadf7970330fc6e7f6c13666aacc107bc288f49ded3fb2fbeaa7af1ce29e5f2285cb4e3c68d60ddf904af3d28158cf67725527b2ddbfa146233dcb505703,2018-10-28 19:30:00,RAIN,"DARKNESS, LIGHTED ROAD",WET,ON SCENE,11/04/2018 07:36:00 PM,41.739799417,-87.702267353,POINT (-87.702267353044 41.739799416956),C,10,2018,19:30:00
5db9e26cae389336a4544ccd10ade12c02f5f877b664babd6a55201496e4971f251fd9fd4a032394110406646b508d3c83deb1db5b86bb208a4119bef48b7b16,2021-03-24 18:00:00,CLEAR,DAYLIGHT,DRY,NOT ON SCENE (DESK REPORT),03/24/2021 06:05:00 PM,41.873860438,-87.700586149,POINT (-87.700586148982 41.873860438041),C,3,2021,18:00:00
5d9f1f1750f8066973aa0963fc036d9b8465af296436d2d9f87356abbf36fac74a05617cd256902056613882a00c19e92e2d7b7072fabbcd758bcf9f657954f9,2019-02-13 12:40:00,CLEAR,DAYLIGHT,SNOW OR SLUSH,NOT ON SCENE (DESK REPORT),02/13/2019 01:15:00 PM,41.937063235,-87.668714765,POINT (-87.668714765048 41.937063235011),C,2,2019,12:40:00
5e107387fff9ae37ad772c17fd3c767b483b36b1f99d1c0f052cd6330766e423aed4789bb5b106d47e80112e9d3f410440e7797c55528af476bcc08521145c4a,2020-08-29 08:00:00,CLEAR,DAYLIGHT,DRY,NOT ON SCENE (DESK REPORT),08/29/2020 10:15:00 AM,41.722823333,-87.671066745,POINT (-87.671066744991 41.722823332996),C,8,2020,08:00:00
5defa116802cf2b457fe8856a1cd38a492bfb22787c7b01963f301e810855c2bfee525a3840a6452df2068bfb45dfb687621bd385ab3a226858dd24d767958d0,2015-10-08 13:30:00,CLEAR,DAYLIGHT,DRY,NOT ON SCENE (DESK REPORT),10/08/2015 04:50:00 PM,41.904720985,-87.711591211,POINT (-87.711591211048 41.904720985028),C,10,2015,13:30:00
5c51dadd0fd345fb1a724e8ea066b40f02f48246333bcf01e7a27d0be30a434fe587ab08202551c5acbd294c21b8be539fe29a9cbfc74989582030ce9bb8e641,2019-11-19 21:16:00,CLEAR,"DARKNESS, LIGHTED ROAD",WET,ON SCENE,11/19/2019 09:17:00 PM,42.01941006,-87.690648255,POINT (-87.690648255037 42.01941006003),C,11,2019,21:16:00
5d74fb252422cb1fa8531bfccb73a6b0e2dfb3ca4ec49d4b4f2cc7fa1441bcb7cb7c9e8b843efe7a6e040756c6158a06cb220b1a608fc63fd8ee430bf63af5cf,2018-02-20 19:50:00,RAIN,"DARKNESS, LIGHTED ROAD",WET,NOT ON SCENE (DESK REPORT),02/20/2018 08:35:00 PM,41.867097679,-87.643069121,POINT (-87.643069121003 41.867097678955),C,2,2018,19:50:00
5ccdc764fe24af425cd7acd711975633d604d18a3afb5ea12ca1e04cbbfe8f3d64f7a433dd90cf91825ca16bd04ca9235630ea8496da0a54d4bde6d36f779659,2022-02-24 07:13:00,CLEAR,DAYLIGHT,DRY,ON SCENE,02/24/2022 07:14:00 AM,41.909601923,-87.756550122,POINT (-87.756550121996 41.909601922998),C,2,2022,07:13:00
5c88f719e9e234c683a8e2f04c553f041445954b87b338518d537b1d67da74d5ab79445f2f73780b39344a6acfd1677047d5295c58ab7ebeea5d31d5b6193a69,2022-08-19 14:45:00,CLEAR,DAYLIGHT,DRY,ON SCENE,08/19/2022 02:47:00 PM,41.957348841,-87.651128078,POINT (-87.651128077999 41.957348841037),C,8,2022,14:45:00
5b54b7239323b77c43f724ffea5805b682dd9a59ac460812bafffce39dab8b94401770846d40467411b8e68737acf2be836150adcf766d1c3a9e4191217604d3,2022-08-06 14:00:00,CLEAR,DAYLIGHT,DRY,NOT ON SCENE (DESK REPORT),08/06/2022 02:50:00 PM,41.939393673,-87.712358819,POINT (-87.71235881898 41.939393673023),C,8,2022,14:00:00