CRASH_RECORD_ID,CRASH_DATE,WEATHER_CONDITION,LIGHTING_CONDITION,ROADWAY_SURFACE_COND,REPORT_TYPE,DATE_POLICE_NOTIFIED,LATITUDE,LONGITUDE,LOCATION,CRASH_TYPE,CRASH_MONTH,CRASH_YEAR,CRASH_TIME
5c6251a749a2bc8115a6477cd381f30f359ba98ca82710fd15db1307abebc5809e36d79d744f4cb015ab5d32b23440b912c3e97c442b09454931a1be385ed05e,2019-12-06 16:50:00,CLEAR,"DARKNESS, LIGHTED ROAD",DRY,ON SCENE,12/06/2019 04:54:00 PM,41.884552309,-87.63975418,POINT (-87.639754179988 41.884552309006),C,12,2019,16:50:00
5d22ca6ff237af463d5fcd6049f3403abb2831d6f7b8980a42f624a3612ddaf6b1e6d05a075205cd0931d0e2e54d79e332f22b4b776d8fc73e4e0047a1a69929,2021-06-11 12:18:00,CLEAR,DAYLIGHT,UNKNOWN,NOT ON SCENE (DESK REPORT),06/11/2021 01:50:00 PM,41.984874268,-87.787555484,POINT (-87.787555484022 41.984874268025),C,6,2021,12:18:00
5d77a9e934c07d6fd01c1e2eadd0def7741808c6ce91d96ebd42bf6b224f2bd9d612e996dac4860526fb67f38648dc7b474559c3f9ca9d432ef2bce207cd14c0,2019-03-27 22:40:00,CLEAR,UNKNOWN,DRY,ON SCENE,03/27/2019 10:50:00 PM,41.850144409,-87.715099534,POINT (-87.715099533985 41.850144409004),C,3,2019,22:40:00
5bda205a7663aab368fc58d5c30bcb2748f0974ede46803c23df3edf2fae8e4b801ab635b5a1c7ce0f06e515a43408eeadf02d777faf17416567a6cbb7103814,2020-03-09 09:30:00,RAIN,DAYLIGHT,WET,ON SCENE,03/09/2020 10:00:00 AM,41.764212616,-87.706622412,POINT (-87.706622412019 41.764212616001),C,3,2020,09:30:00
5da3bda007b44045f6d5f255605f72f95737dba801eb77f100fdc804be41627a3e2c483f3003aa16ca1d7c7c508460a0d44bc64fb25c7452309f442d1b9bfb25,2017-01-02 19:00:00,CLEAR,"DARKNESS, LIGHTED ROAD",WET,NOT ON SCENE (DESK REPORT),01/03/2017 04:56:00 PM,41.924550441,-87.730586493,POINT (-87.730586493001 41.924550441008),C,1,2017,19:00:00
5c8113af7b65060f552615ca341afa4402ac4ae5c3b3997ee5c853efd4241579adcd159eec8c86732f659ed2cc1bc006af7f379af8f11458aa32890e4e872997,2016-09-16 20:00:00,CLEAR,DAYLIGHT,DRY,ON SCENE,09/17/2016 11:00:00 AM,41.706485208,-87.668447985,POINT (-87.668447985036 41.706485207961),C,9,2016,20:00:00
5b59085ba0d985a53f97363bc870ee8c5401f9fdeb05f4cafd354a9fbe9a42bba08a3cf755b1e49af4ffa80a91c2566559c8282706c39e34c95e148aebba3e24,2022-12-26 08:05:00,SNOW,DAYLIGHT,SNOW OR SLUSH,ON SCENE,12/26/2022 08:05:00 AM,41.939865167,-87.72938866,POINT (-87.729388660008 41.939865166975),C,12,2022,08:05:00
5ced2fd23242d39b1d79610f17c65ea876669f7638aeddd9e64aad5fa68e4623473d915f7352863174665b3daf1eafe884e1dc715c299d1313090878f6fe2595,2018-05-27 13:00:00,CLEAR,DAYLIGHT,DRY,NOT ON SCENE (DESK REPORT),05/27/2018 01:29:00 PM,41.924025937,-87.754108923,POINT (-87.754108923036 41.924025936998),C,5,2018,13:00:00
5d0c60ee2cda7fc3b16cacec573f30a390779104b417ef6f9dcd2fd676a25ed2b50f5df6005505fd1b4538dc5ef6445e566910a18b6aa318d3750ad31eb18cd0,2020-02-12 14:50:00,SNOW,DAYLIGHT,SNOW OR SLUSH,NOT ON SCENE (DESK REPORT),02/12/2020 04:45:00 PM,41.944649875,-87.756730307,POINT (-87.756730306959 41.944649874984),C,2,2020,14:50:00
5e7160f9774b20cefdfd1afcaee43f810ab2b28c11f7fbed5e242ac3b7d048bfe3086ddf12d23f0740524caf8251b7710cf31a510d11e5893935cde6f1bdc870,2021-01-01 13:25:00,SNOW,DAYLIGHT,WET,ON SCENE,01/01/2021 01:31:00 PM,41.682973474,-87.642228468,POINT (-87.642228467961 41.682973473961),C,1,2021,13:25:00
5f5f5d75adbe29e73fb9b4d552f6bb61b69d6c2a18173a1f5781d58995c0dc25f0f60d8072a5921a1d68136c5fa808b57274fb74c5ab2c5dcebf060fa34274a5,2018-07-14 23:30:00,CLEAR,"DARKNESS, LIGHTED ROAD",DRY,ON SCENE,07/14/2018 11:36:00 PM,41.940775176,-87.745921284,POINT (-87.745921284012 41.94077517603),C,7,2018,23:30:00
5ff79b70a72c9a15862ef06492f98699e4d998f8fc036a4817b0951953420bb919ca7b07a98f20ab721f29ad4aad9cc702852fea66eff26f1ef198a1ff0dc2fc,2022-11-18 14:25:00,CLOUDY/OVERCAST,DAYLIGHT,DRY,NOT ON SCENE (DESK REPORT),11/18/2022 03:15:00 PM,41.721495436,-87.575479404,POINT (-87.575479403987 41.721495435999),C,11,2022,14:25:00
5fdfed432b6ec53330366911f5fd52f7a153ee0f2b826a5e1f646f5a1b752a54ff21a915a558e6e0a874a77c91b9d93907957521eb35004740bb9778e0ea61c5,2020-10-05 17:00:00,CLEAR,DAYLIGHT,DRY,NOT ON SCENE (DESK REPORT),10/06/2020 09:35:00 AM,41.777765512,-87.664111929,POINT (-87.66411192896 41.777765512032),C,10,2020,17:00:00
5f5e62aba01cdf97a48a41a8ff52e5eb8c990ff984843f19a06e511dc55af78ac67b97a563a9c211d831275ae785f58cec3de4186ad0852af1cb182e0668d7db,2019-11-11 08:00:00,SNOW,DAYLIGHT,SNOW OR SLUSH,ON SCENE,11/11/2019 08:04:00 AM,41.958986951,-87.933993929,POINT (-87.933993928974 41.958986950953),C,11,2019,08:00:00
5f98d716a87771e5805bd93502e10bca13c0325c71014ef449a658a04654b056b75841235f006176178dab23da6143837ccc928da64a37e39febb4e592ddd9d4,2023-06-13 17:45:00,RAIN,DAYLIGHT,WET,NOT ON SCENE (DESK REPORT),06/13/2023 06:00:00 PM,41.938266954,-87.795761499,POINT (-87.795761499004 41.938266954026),C,6,2023,17:45:00
604fbc560310250ad474fc57346cad294e748f871626a04dbbbc36fdd826d98c0420b41e02f7e9fad605691faf1f4acde3090e72adec35580f664fe38bbbe20b,2020-01-17 04:45:00,CLEAR,"DARKNESS, LIGHTED ROAD",DRY,NOT ON SCENE (DESK REPORT),01/17/2020 05:00:00 AM,41.75869138,-87.60533417,POINT (-87.605334170015 41.75869137995),C,1,2020,04:45:00
5ea0f5e43ac78c6fc560ba776fedf895e85f5c1eebab28a2f8ef0ac1f3ae98b97321935b2e1732560a48a2e4bf48e871a339625a98e975e57272342027cecd5a,2020-11-13 16:45:00,CLEAR,"DARKNESS, LIGHTED ROAD",DRY,ON SCENE,11/13/2020 05:51:00 PM,41.980781076,-87.689488128,POINT (-87.689488127958 41.980781075968),C,11,2020,16:45:00
5f893433c08eeb6a15c5144ce87954245dec6fdc79c964c8294fa57f209091177212ff389d47edc6ee303555dc1bbd99278425cece77e866cd479e294157fa4b,2022-01-10 18:00:00,SNOW,DARKNESS,SNOW OR SLUSH,NOT ON SCENE (DESK REPORT),01/12/2022 06:00:00 PM,41.996459655,-87.663026455,POINT (-87.663026454997 41.996459655025),C,1,2022,18:00:00
605a2265accdf93403dd1c6644de326b229509f1a28fa96112e58ad420c567e13f4d445e912e8ef1dcdd0fb41c9839d64b59103a618fdd80f1f9fbc714726fc9,2018-09-27 16:30:00,CLEAR,DAYLIGHT,DRY,NOT ON SCENE (DESK REPORT),09/27/2018 05:20:00 PM,41.762174118,-87.558927464,POINT (-87.558927463962 41.762174118016),C,9,2018,16:30:00
5f26674752859d0ee9032e900ae5302370fc905fe8ca7fd852be3ded521894f54d37cdfba6bd46183fbee325d945ca933cb449baf71ef12847bf35340c791a15,2017-08-08 22:25:00,CLEAR,"DARKNESS, LIGHTED ROAD",DRY,ON SCENE,08/08/2017 10:30:00 PM,41.912784453,-87.793742586,POINT (-87.793742586047 41.912784452987),C,8,2017,22:25:00
5f24da06c4692a5fbcf999fc248118f94ceafbcd284a9c1df863b2c22156c08c03a2dfd1e478faed3e70ea90b884ec77c858396ea90144d4da37897f19892538,2017-09-09 16:12:00,CLEAR,DAYLIGHT,DRY,ON SCENE,09/09/2017 04:12:00 PM,41.793378954,-87.584053824,POINT (-87.584053824031 41.793378954013),C,9,2017,16:12:00
5ea0d1c1c81c404fbca806dc3389d885b6c9599b59c14af070e5e4f2a9af3df689ccbe6a57e217e94251c48cadb832097ea2943efeaee71b0207bbc3f1882b44,2023-02-09 19:24:00,RAIN,"DARKNESS, LIGHTED ROAD",WET,ON SCENE,02/09/2023 07:27:00 PM,41.931542261,-87.708776823,POINT (-87.70877682296 41.931542260981),C,2,2023,19:24:00
601563cf4c54da41f79e5bc9e964f20f1dfb3ba51268efbff9547e469bae1857770f3009e72f3203b209fa8d8ce81fcf97a344b6ee2338747cfbd07920b8af3c,2021-12-09 08:37:00,CLEAR,DAYLIGHT,UNKNOWN,ON SCENE,12/09/2021 10:54:00 AM,41.936630919,-87.686285745,POINT (-87.68628574498 41.936630919019),C,12,2021,08:37:00
6098957c6ce66ff5d04d0f3258bc9081a1a68a5347a1665f148c58b6b0dc3a4dc646dc7bf0dc13a3bcd0696187476fe26393e1732bd8817ad10347fb121cfae2,2022-07-15 16:05:00,RAIN,"DARKNESS, LIGHTED ROAD",WET,NOT ON SCENE (DESK REPORT),07/28/2022 12:00:00 AM,41.917103631,-87.687248767,POINT (-87.687248767006 41.917103631009),C,7,2022,16:05:00
5f90aff8d3fef889a6b48fccbbab5d08aa872e2e77efffc9146ebf5aa820d4050e721bd8d419c7c4364dd8978c7fa15d7d5bf8fc88d341efe3f2dcf5201a2d36,2018-02-20 19:00:00,RAIN,DAYLIGHT,WET,NOT ON SCENE (DESK REPORT),02/20/2018 07:40:00 PM,41.966092053,-87.688975625,POINT (-87.688975624994 41.966092053015),C,2,2018,19:00:00
5eabc99cbe2eab20826b87ebc609c2b477cb18e4120dd7bbb2e80978ae0a838a7390efed43a232854dd90b8ee62a75a0d7c79d9b1f0f39dbfd2e1acbba279ee5,2022-03-01 01:00:00,CLEAR,"DARKNESS, LIGHTED ROAD",DRY,NOT ON SCENE (DESK REPORT),03/01/2022 11:30:00 AM,41.783448496,-87.666888788,POINT (-87.666888787972 41.783448495968),C,3,2022,01:00:00
5e1b5e8456ab15383196bf05d81b94e83dc8a91fea937a93864f2df468009c276ed846992a2f77fce489ce597b4cdb75d6e863661a2107ed5d41f1176e6eab6d,2022-05-08 01:13:00,CLEAR,"DARKNESS, LIGHTED ROAD",DRY,ON SCENE,05/08/2022 01:13:00 AM,41.749362768,-87.605332981,POINT (-87.605332981011 41.749362768013),C,5,2022,01:13:00
5feff67349b0b380a7920742903eaad982904cf9f5315af4f4f44e170b7200a6344854bc05d7b5706ec1022a2fb123db0d85b18d1a181b93257205482d67ab4d,2022-11-16 12:00:00,RAIN,DAYLIGHT,WET,NOT ON SCENE (DESK REPORT),11/16/2022 02:30:00 PM,41.79573461,-87.762555326,POINT (-87.762555325992 41.795734610035),C,11,2022,12:00:00
5fd4880d18a262c8d9f521b3b8f2a29d280cdcbcfcf932458fb8ed0ea428ce2f9e3eef4ac02f94667ee77480b99ace64577d684f8978b29c8117c53f7443bf65,2021-11-04 18:13:00,CLEAR,DAWN,DRY,ON SCENE,11/04/2021 06:13:00 PM,41.946909114,-87.683469891,POINT (-87.683469891004 41.946909113959),C,11,2021,18:13:00
60aab74396946b75b4bdf6355513e152c680bb65aeb2576dea5bfb22fa5df8a2c956b3540ffbd973be69e972ca8770fa320750bf5aab377cdbf9b0fcfb6d6f8f,2021-02-21 19:00:00,SNOW,DAWN,SNOW OR SLUSH,ON SCENE,02/24/2021 10:30:00 AM,41.749362768,-87.605332981,POINT (-87.605332981011 41.749362768013),C,2,2021,19:00:00
6094effb17b7871dbb0be8bbc793c869742b6df554d8b8a9b2fc311053a6a8bdbd90a08a461b5f42649e9ed3fba9c1cd3eed6189b887c4b0026d95947091c775,2017-10-08 14:10:00,CLEAR,DAYLIGHT,DRY,NOT ON SCENE (DESK REPORT),10/08/2017 02:55:00 PM,41.744151639,-87.585945067,POINT (-87.585945066953 41.744151639042),C,10,2017,14:10:00
5ffbbb7b4e1bbd0c5953fbb2cdd1ed49916720f166b7bd0310d91079bffda44acaa21e04bc4daf4f22cbc66527e6cac0551c669bd00f15e41d0c7ac94e593c1e,2018-09-04 15:18:00,CLEAR,DAYLIGHT,DRY,ON SCENE,09/04/2018 03:25:00 PM,41.79303661,-87.64405629,POINT (-87.644056290043 41.793036609976),C,9,2018,15:18:00
5ec5a51f5806edac7fd84458cb47e357603b59e238c460c6f0f4b0b2671d6d4f662f4d2b223f0d476379f37846ab3ca1255d768e14ff1472f90d7ceca91b7abd,2018-02-07 07:45:00,SNOW,DAYLIGHT,WET,NOT ON SCENE (DESK REPORT),02/07/2018 08:39:00 AM,41.893380429,-87.657587738,POINT (-87.657587737968 41.893380429025),C,2,2018,07:45:00
5eaf120ab7851cee8af137ef8664c948bc60120145f696db3c59911eab39c44e562dc7ffbd39fdb2cc6141707173e421eeda82616fa1fd216a00b8c39ef4c180,2018-10-11 22:25:00,CLEAR,DARKNESS,DRY,ON SCENE,10/11/2018 10:30:00 PM,41.741803599,-87.740953582,POINT (-87.740953581987 41.741803598989),C,10,2018,22:25:00
5f0d13127a208e958609b76d1d697cd54d6f9f3cd73e33f7740e44ed84fe5d9a420646d21cd4a60e9ee423252b1b0ea7d60375cd8b9316c5c50499e31b58bbf7,2022-09-04 00:40:00,CLEAR,DARKNESS,DRY,ON SCENE,09/04/2022 12:42:00 AM,41.710651638,-87.642785804,POINT (-87.642785804025 41.710651637963),C,9,2022,00:40:00
5f9e8ac99dbfebb12ab9389a9be0093ef3ab5fc341c8bd120febd47064c2a852741c678d05383a79692fcd078c060105be4ae4954117b062cb69b2848d3ee8eb,2020-09-08 09:50:00,RAIN,DAYLIGHT,WET,ON SCENE,09/08/2020 10:00:00 AM,41.874590031,-87.633704185,POINT (-87.633704184958 41.874590031007),C,9,2020,09:50:00
5ee3e99986ff76fb45ab6b0b0cc2bc12d7df2c967220107eb4899c68b510fbcfd77c6c072626daf2f1bfd610eaa727ebcd8251b9a3491da7c8965b61448e222e,2018-07-20 20:20:00,RAIN,"DARKNESS, LIGHTED ROAD",WET,ON SCENE,07/20/2018 08:22:00 PM,41.713550359,-87.681786484,POINT (-87.681786484031 41.713550359002),C,7,2018,20:20:00
5eafed27a03d339edf5c72b4016a351662b6e4a231628773e2a7c827632a5f1e3024467bfe251becc670f6e9e2f30193188b01731c30ec3b96c75e59bc7254d4,2021-08-22 12:10:00,CLEAR,DAYLIGHT,DRY,ON SCENE,08/22/2021 12:15:00 PM,41.801905407,-87.634121689,POINT (-87.634121689035 41.801905406991),C,8,2021,12:10:00
609a3f7bac9b2bfd7c860e46026d57192ee87dd8d37af80705e4188e7045a1092dbf71c5a267247909d3277fc4c452c664ae98fa57d22ff875a8991d951bbb36,2017-06-04 04:30:00,CLEAR,DARKNESS,DRY,ON SCENE,06/04/2017 05:03:00 AM,41.877152911,-87.729111894,POINT (-87.729111893958 41.877152910988),C,6,2017,04:30:00
5fc664fd11f65483233a2758d435255f75889477c93bf5fb09901e4371b7106d2c413490239d656199c89ea5f5e748755754f4f6fabc9a51bbc93a664d36186a,2022-12-12 13:00:00,CLOUDY/OVERCAST,DAYLIGHT,DRY,NOT ON SCENE (DESK REPORT),12/12/2022 03:30:00 PM,42.010018661,-87.709056552,POINT (-87.709056551967 42.010018660983),C,12,2022,13:00:00
5f162f0c0c89b842c8500bf86a2c72fdf2203ecc38374bd9126e1fa18f79647f5a82749ebeeecba284dca4a8ac87d42dc8f34f7769f49ef7465ace1d74512e9e,2020-08-15 05:00:00,CLEAR,DAYLIGHT,DRY,NOT ON SCENE (DESK REPORT),08/15/2020 10:50:00 PM,41.787214122,-87.796128779,POINT (-87.796128778991 41.787214122044),C,8,2020,05:00:00
5f9661dfed871974ef7ac9d131cb181a6bb4e5d7b4492385fa6c5fd6afd9d0df9b51402496e5cf7ac84ec632323a1fcfc633ab4e00f09e53ac593e8cf6e27ae6,2017-01-23 12:40:00,CLEAR,DAYLIGHT,DRY,ON SCENE,01/23/2017 12:41:00 PM,41.873218788,-87.656949953,POINT (-87.656949952956 41.873218788006),C,1,2017,12:40:00
607351f5c209a2efe8c02fcf099446558bc632e262aafaef238e7cef746bb59635104127e6bc5ef8d62387eddcec4a6ea931d649f817321582022c05adf00553,2020-08-01 18:55:00,RAIN,DUSK,WET,ON SCENE,08/01/2020 06:56:00 PM,41.965493365,-87.65871372,POINT (-87.658713719955 41.965493364999),C,8,2020,18:55:00
602ea6b1064a00682cb7c967057bde2f4c1e9bb7547704bbcf7552b86aa9be66736d36d78f72ba0d125c3472f5fa6c5f6bd48d010e4562a1b6c04cbca53adc3a,2021-06-21 18:10:00,CLEAR,DAYLIGHT,DRY,ON SCENE,06/21/2021 06:12:00 PM,41.806648097,-87.716326122,POINT (-87.716326121991 41.806648097041),C,6,2021,18:10:00
6000f7e294d2339b2d10c8b1e852a0489076bfe45b299725007fa7add15ef44634379154be3d4aaec58a4a922cb85f9313412dc971a271254af375ed392119c7,2020-06-17 10:31:00,CLEAR,DAYLIGHT,DRY,ON SCENE,06/17/2020 10:31:00 AM,42.01941006,-87.690648255,POINT (-87.690648255037 42.01941006003),C,6,2020,10:31:00
60441825bf315799b9dbe65d114211c2af2bbd1c471c201b32f671f98b2485b2d91262f770726a15637c6cc0bffe468f546c6109768a6c65ac1342bd424dce7a,2018-08-06 21:09:00,CLEAR,"DARKNESS, LIGHTED ROAD",DRY,ON SCENE,08/06/2018 10:06:00 PM,41.873546075,-87.626122517,POINT (-87.626122517003 41.873546074979),C,8,2018,21:09:00
5efcc18681737700170454290873312425c6b80c0daf33659e265ce9e69bb57b0f90d818f2f8358577d4e079a40ceb8153aa40b63ff4801209da5945b4c85d44,2022-02-26 02:50:00,CLEAR,"DARKNESS, LIGHTED ROAD",DRY,ON SCENE,02/26/2022 02:58:00 AM,41.868635838,-87.744730162,POINT (-87.744730161967 41.868635837952),C,2,2022,02:50:00
5e45d4537c4d0bd12bfa11a7f75526f4fe0d61c68a0ec130173bdf9bd5fbb5dfc981fa1fe5a5fb66b017fcacb8ef5998046fd045404654008402f5cb0c2b28d1,2019-01-01 02:40:00,CLEAR,"DARKNESS, LIGHTED ROAD",WET,NOT ON SCENE (DESK REPORT),01/01/2019 04:00:00 AM,41.879714362,-87.774496221,POINT (-87.774496220954 41.879714361958),C,1,2019,02:40:00
5e677d97aaa3f4a34859396e6faebf091e7adfe24ba3417b2e5b111c17ec7db70f868a23fe049e3f5fb8fe74a2c89815f476fbbc41f9b9c18780f7f178d4495d,2016-01-05 15:50:00,CLEAR,DUSK,DRY,NOT ON SCENE (DESK REPORT),01/05/2016 04:45:00 PM,41.735617968,-87.682663369,POINT (-87.682663369002 41.735617967973),C,1,2016,15:50:00
601895a271ecd1c8c6dc8744b6aff2bc2203836f2dd920ed7f3d983de8f88fc7867f28e0ce7d6fd16917601094948876b91fbc9d8e8f44b4174a124d4715bc0b,2018-10-04 11:55:00,CLEAR,DAYLIGHT,DRY,ON SCENE,10/04/2018 12:01:00 PM,41.97561033,-87.711177978,POINT (-87.711177977984 41.975610330004),C,10,2018,11:55:00
5efc5d52b4d1a1cb65d3d6263a946c30699a71a5f6ad9677af7f301b4ead098951390215c65074aa48bc2bcbcaf23a19209add9a0a6323f42a64754cc90b08af,2018-10-30 06:45:00,CLEAR,DAWN,DRY,ON SCENE,10/30/2018 06:45:00 AM,41.782475001,-87.683582885,POINT (-87.683582884984 41.782475000964),C,10,2018,06:45:00
6078285d93fd364f809167a6486a16d8e060cca31f7a8e0ee7e00670205b619b16f97d05373a2638f91e4856e1f2ed20c39520850e5f4fe03f95f723ba2222d4,2020-06-05 17:10:00,CLEAR,DAYLIGHT,DRY,NOT ON SCENE (DESK REPORT),06/05/2020 05:20:00 PM,41.677344191,-87.680554139,POINT (-87.680554138993 41.677344190967),C,6,2020,17:10:00
60437ee5d4d0192ece69eb0f10ddc4cf8169ed2903da5de9eda8ed59790bd77a2355de4cf3c1c8b2bd8145f2a872515cfc9bb52d8a948db4d221e959ce9b7e6d,2021-01-22 15:58:00,CLEAR,DAYLIGHT,DRY,ON SCENE,01/22/2021 04:00:00 PM,41.958986951,-87.933993929,POINT (-87.933993928974 41.958986950953),C,1,2021,15:58:00
5e89b3ad693c75f14bc3fd05838efabcfb4af2f792a863ff12bb21c2484439a639c644780b5d95308fea2d6765e31569aff9872877940bb72b229433c8b6f667,2021-01-11 19:45:00,CLEAR,DARKNESS,DRY,NOT ON SCENE (DESK REPORT),01/13/2021 06:35:00 PM,41.744151639,-87.585945067,POINT (-87.585945066953 41.744151639042),C,1,2021,19:45:00
5fc8f719e89781e9ce98417cd1f93740e4cf418cbbd47da02082cd6faad4e4fdb91ae5ea0ce3628840201d6861cac43b2388d84e95526b5fb0d819a89e824e9e,2017-05-10 16:45:00,RAIN,DAYLIGHT,WET,NOT ON SCENE (DESK REPORT),05/10/2017 05:32:00 PM,41.893918609,-87.624085833,POINT (-87.624085832985 41.893918609004),C,5,2017,16:45:00
5e586b93548bc3a2f3685e9821de2880b4cc6a1dcc9ffd3781168ff6167f71f5e3032c5e46fe5ac2b4fbde11840026eb8c0df0b0518d6a2e67adb841f9d1eaf0,2018-11-26 08:10:00,SNOW,DAYLIGHT,DRY,NOT ON SCENE (DESK REPORT),11/29/2018 04:50:00 PM,41.931671594,-87.727631537,POINT (-87.72763153697 41.931671593958),C,11,2018,08:10:00
6071b1f2cb8705083b2234fd74cfeaf98475e470570a5f36bc823751104dbbd08d97393197aa285ad55889f6ff5eb39e3ba0cdd34b7a0616e4912781fa5e60e6,2022-10-22 11:00:00,UNKNOWN,DAYLIGHT,UNKNOWN,NOT ON SCENE (DESK REPORT),10/22/2022 01:11:00 PM,41.922391024,-87.638693954,POINT (-87.638693954014 41.922391023967),C,10,2022,11:00:00
601cc10a7b6a401ce4e51bc0eb1291c04594ddcd2a11f53fc8145be1781465c74c58461d264648c8dbed80eceb942d6a09f1968508e1d754272046a5bfde6f1a,2019-06-12 03:00:00,CLEAR,"DARKNESS, LIGHTED ROAD",DRY,NOT ON SCENE (DESK REPORT),06/12/2019 03:01:00 AM,41.811561456,-87.597824705,POINT (-87.597824705002 41.811561456016),C,6,2019,03:00:00
5fb3b10865beeff19199a0ce92fd32c7eb2cda2068af7b22665a078fa492de44ef177d6a4187eb65d84b1b89e687262e4a5260f74965ad7df4d45d5d578e58ad,2017-10-27 16:30:00,CLEAR,DAYLIGHT,DRY,NOT ON SCENE (DESK REPORT),10/27/2017 05:00:00 PM,41.933309309,-87.661501369,POINT (-87.661501369034 41.933309309049),C,10,2017,16:30:00
5e8263111580901fdef590a2c0129efa5612abc9d4ff5f5f52c31c59aaf09571c013126ab4732f448ef0663e1f1fdc2680c20265552bbc4688d87c461f781c59,2017-11-02 09:20:00,RAIN,DAYLIGHT,WET,ON SCENE,11/02/2017 09:20:00 AM,41.984874268,-87.787555484,POINT (-87.787555484022 41.984874268025),C,11,2017,09:20:00
5ebd9517f673c7aaafd57e92160884f24dd121d05d541b6d2ecdfc15efefc2eabd06a5f9b5f0f6ec9eb8726673c5f13a19ec6195ad6287e2f4b73f8b58ad6613,2021-10-17 01:17:00,CLEAR,"DARKNESS, LIGHTED ROAD",DRY,ON SCENE,10/17/2021 01:20:00 AM,41.830595328,-87.665423764,POINT (-87.665423764019 41.830595327951),C,10,2021,01:17:00
5e3097783f802f1c4c64ed2ea29fb5a15a1193bbe4882476cbfedb2105d1eab704062b7d102ef3b765e2190a10b8b2a88985fc12ef88f74ae77fa23217679e48,2016-11-16 15:26:00,CLEAR,DAYLIGHT,DRY,NOT ON SCENE (DESK REPORT),11/21/2016 12:30:00 PM,41.924997008,-87.68905401,POINT (-87.689054009972 41.924997008049),C,11,2016,15:26:00
604a924389052f7f8b8aea532ef5746a4e257297346201ab21fef793a61fc0ce4e3b6e162e7976fa364a07be086776515b010632d193777ed22f80204f3cf43d,2018-03-22 18:51:00,CLEAR,DUSK,DRY,ON SCENE,03/22/2018 06:52:00 PM,41.852253085,-87.677868298,POINT (-87.677868297976 41.852253085034),C,3,2018,18:51:00
60677995148db5a5a288f2d5d45d50bafcb746c03f4bda68c08550f4d1a8ffc1ac0f1231e34ed0df459bf724d23243ab3bc066a8c4133fd0622dfba208d3af01,2018-04-11 18:25:00,CLEAR,DAYLIGHT,DRY,NOT ON SCENE (DESK REPORT),04/11/2018 06:29:00 PM,41.878245321,-87.753329254,POINT (-87.753329253959 41.878245320989),C,4,2018,18:25:00
602a47cae87774a96dcf9ea8b1ca9188a623e711ed0adea090e5bf8665a31f11ad806f70521840c89b19b7cb933a82f84348f520a4b86bccd3328dd6a0cb6d32,2017-09-24 18:48:00,CLEAR,"DARKNESS, LIGHTED ROAD",DRY,ON SCENE,09/24/2017 07:07:00 PM,41.954046293,-87.678812012,POINT (-87.678812011999 41.954046293036),C,9,2017,18:48:00
5f7d43c154c03bb557650873aa4e0d1e6f5da08dc17aadb72f32ba06f685cd6686964e7160a38496c5d05d62e3170d79512bb3b5e27d8f5ed79eb67b886f17db,2022-03-19 15:50:00,RAIN,DAYLIGHT,WET,ON SCENE,03/19/2022 04:57:00 PM,41.742530617,-87.555016128,POINT (-87.555016127997 41.742530616993),C,3,2022,15:50:00
5ffbdb854fa631807146d7f4d6e3e6440f4c366e2f594f305a54b1b88fd63d7343e37c996e1fdfe6449dd82cb00b11ff1db548d04879a69fb1b035481063e1d5,2017-10-04 07:10:00,CLOUDY/OVERCAST,"DARKNESS, LIGHTED ROAD",DRY,ON SCENE,10/04/2017 07:20:00 AM,41.888453564,-87.640120069,POINT (-87.640120068995 41.888453563985),C,10,2017,07:10:00
5ecc02314b83f3d9d25cc799a0ba2bd86f8353e8a90794e1760a5c261ceb4e5896816a30727d8c6a2bd1522a994b28f0ba29efafb0062e9158a0a54a9105cee7,2018-01-09 17:50:00,CLEAR,"DARKNESS, LIGHTED ROAD",DRY,NOT ON SCENE (DESK REPORT),01/09/2018 06:35:00 PM,41.938266954,-87.795761499,POINT (-87.795761499004 41.938266954026),C,1,2018,17:50:00
5fd845e62fabbaac83bb6f592542955c000ebe29d4e118af0dedbedc09ffee4f4fc898c5c1114b4633e111451664e945a1b1a662a4f1787b73e3adf46dc36a2b,2022-11-19 01:30:00,CLEAR,"DARKNESS, LIGHTED ROAD",DRY,NOT ON SCENE (DESK REPORT),11/19/2022 12:55:00 PM,41.77323448,-87.585162528,POINT (-87.585162527989 41.773234480031),C,11,2022,01:30:00
5fa2d9c0bebb335f9d1ac071025098f3d8849b60277ab1ad551e7da3fb2c10a1af0226eb324db92f0f9d1f72d9eab1655d8845729af58d143e762a582de418a8,2018-10-07 18:30:00,CLEAR,DUSK,DRY,NOT ON SCENE (DESK REPORT),10/07/2018 08:24:00 PM,41.741803599,-87.740953582,POINT (-87.740953581987 41.741803598989),C,10,2018,18:30:00
5e571a804117ecb127b5eb6b0cfa86a01849f2d1a80223d2fc0ebea1a2e8ecb5ce29352282f81dc84c21df00b65420ed62415fbe1a46f77bfb8da5b4fd1bc106,2021-04-24 14:20:00,CLEAR,DAYLIGHT,DRY,NOT ON SCENE (DESK REPORT),04/24/2021 04:10:00 PM,41.876926589,-87.745039137,POINT (-87.745039137038 41.876926588953),C,4,2021,14:20:00
5f97c458be4c2b67d8d1fc13d65e0ed0d9b6ec2abfef5c0f1911ecbf118a18f4fba6bd0b09ff2b91b42cd92f91778fdb25b69fd544dece973728761a703578dc,2017-09-13 08:00:00,RAIN,DAYLIGHT,WET,ON SCENE,09/13/2017 08:01:00 AM,41.729738814,-87.64329779,POINT (-87.643297790027 41.729738814043),C,9,2017,08:00:00