CRASH_RECORD_ID,CRASH_DATE,WEATHER_CONDITION,LIGHTING_CONDITION,ROADWAY_SURFACE_COND,REPORT_TYPE,DATE_POLICE_NOTIFIED,LATITUDE,LONGITUDE,LOCATION,CRASH_TYPE,CRASH_MONTH,CRASH_YEAR,CRASH_TIME
5f94bce7fc852e014ebaca4961b47e54a74ce3333c38bc515ff1166290e8d650c2a2cd88cc5cf9e63af4da545a5c3bb7da8d0ac74bb15b51d575cd7147799964,2015-09-14 12:00:00,CLEAR,DAYLIGHT,DRY,NOT ON SCENE (DESK REPORT),09/14/2015 04:05:00 PM,41.973359659,-87.819213591,POINT (-87.819213590984 41.973359658982),C,9,2015,12:00:00
60250ceec30164edb05b675a57aba99aaa4d8ecebf4c670cec1a6a13e0ff1b8c964db8494c4796b24ccec6b685aeb090f853373f00ed1b888fbce40f628003e1,2017-11-30 11:00:00,CLEAR,DAYLIGHT,DRY,NOT ON SCENE (DESK REPORT),11/30/2017 01:27:00 PM,41.909883748,-87.716751343,POINT (-87.716751343041 41.909883748015),C,11,2017,11:00:00
5f18c55370e3111fd6f5c2695284ed1386b4301fc6eb03ff0dda93d15f96b03b1edba303fbe2d942f459bf16c964ed661e297015c0db1452e2e9e29748600da1,2018-05-25 07:45:00,CLEAR,DAYLIGHT,DRY,ON SCENE,05/26/2018 07:55:00 AM,41.91041392,-87.688584695,POINT (-87.688584694966 41.910413919968),C,5,2018,07:45:00
5e5eb3d9358ce6d2992b4dea1b810a458cf8d0ab57cc57c84f7c18382e4c24158c59fdffdb8416c5e0b1c6e04f4b6640d4e88742ad40bba3cb39132192ee5bc8,2021-05-08 19:59:00,CLEAR,"DARKNESS, LIGHTED ROAD",DRY,ON SCENE,05/08/2021 07:59:00 PM,41.808559687,-87.660043088,POINT (-87.660043088042 41.808559686962),C,5,2021,19:59:00
6072ca76c0f24be7a634a36ce69fedb4dc2d1e353d9042e42a131fbb0bdb8e93610e1c238027b3549b2fba86aa3d8a83ce1e312d2c1ec6b411a8dab733b2f230,2018-03-30 00:00:00,CLEAR,"DARKNESS, LIGHTED ROAD",DRY,ON SCENE,03/30/2018 12:05:00 AM,41.960921874,-87.739753307,POINT (-87.739753307037 41.960921873996),C,3,2018,00:00:00
5f044549bfeb5b812319d8843afb7059397b83fe94316842edb66610d2269623c0f03401c47b3dc93eb3a8c5009d1a2ea4c47b7cc4224d17cd5bd9ebca34a69e,2019-07-29 13:45:00,CLEAR,DUSK,DRY,NOT ON SCENE (DESK REPORT),07/31/2019 11:00:00 AM,41.867300171,-87.627683894,POINT (-87.62768389401 41.867300170955),C,7,2019,13:45:00
60a11ad9b73e47529c1ff713493da38ee44cc69bd689d7238d5980ca65fb67d8de6c106cf0ad04de685f1496f0627e4f4d40c2d02f8abecb98c37dfd0b2e6f03,2018-08-03 00:58:00,CLEAR,"DARKNESS, LIGHTED ROAD",DRY,ON SCENE,08/03/2018 12:58:00 AM,41.857256977,-87.650086264,POINT (-87.650086264021 41.857256976987),C,8,2018,00:58:00
60586c0285ec5140bc19d5502139ba44874bc1cc990c56f15be520066639ce0f147d9f6f3deed4b3977553d43a193ba064c7341c25eb8b71f7903925506733df,2020-02-22 17:35:00,CLEAR,DAYLIGHT,DRY,ON SCENE,02/22/2020 05:35:00 PM,41.735617968,-87.682663369,POINT (-87.682663369002 41.735617967973),C,2,2020,17:35:00
5f5ab131e334924a677d8639d5ad90565822e31ce082a7df91199dc0898a4a84fcfa80b9d7f03ab3b88d5f54d77186f8d716db3a0937322c9bf31b4db4f5406c,2018-04-16 07:15:00,SNOW,DAYLIGHT,WET,ON SCENE,04/16/2018 07:25:00 AM,41.807491756,-87.744319525,POINT (-87.744319524988 41.807491756027),C,4,2018,07:15:00
5f3aa789ecc1bc1a9e6a3805b5a51dcf551a3d80b0034e1da13db91d039f82a8c3ecc1fb2b123dde4fce1e802b984d7833be5bf7afbba5428ced2963ae729073,2018-12-01 14:30:00,RAIN,DAYLIGHT,WET,ON SCENE,12/01/2018 02:45:00 PM,41.917103631,-87.687248767,POINT (-87.687248767006 41.917103631009),C,12,2018,14:30:00
60d5c4e00422411ac56bb6e53cd54e2367afa24410745e92c8050cbd0850e04abf2704c84f5113bb33bc055e024b8036271b086a7bb9ed64f07b9a86055a57cc,2020-11-08 14:00:00,CLEAR,UNKNOWN,DRY,NOT ON SCENE (DESK REPORT),11/09/2020 11:00:00 AM,41.98937834,-87.707115779,POINT (-87.707115778978 41.98937834001),C,11,2020,14:00:00
5edb97e4af1d3cf7c136f380f7675b5655b00c1d1fb90dfe6db085282b5479fc56f1a2cd06cbc5bee7daf884e857f5db101f91b24f5b21dd1b2e0cb6024ae8e7,2022-10-12 13:15:00,CLEAR,DAYLIGHT,DRY,NOT ON SCENE (DESK REPORT),10/12/2022 01:45:00 PM,41.785387445,-87.606183761,POINT (-87.606183761008 41.785387444959),C,10,2022,13:15:00
5e5c6586884b35958cb263881aa569b4f1d49adabafdc1e1cd70fe58d2772b146f85b988c891f1e0dd3b9679b6a6795d450a76c238abffa4c92186601f21d9b3,2022-10-12 16:12:00,CLEAR,DAYLIGHT,DRY,NOT ON SCENE (DESK REPORT),10/12/2022 05:05:00 PM,41.837385459,-87.702442532,POINT (-87.702442531983 41.83738545903),C,10,2022,16:12:00
5e1489d2609942652518ad28f3701736177ce432cfd622440c3ad2e73279e77b987056fb4c7dd162871679bfc55d9d41a60361466ad726ea3dd09bbebd33074b,2021-07-19 20:51:00,CLEAR,"DARKNESS, LIGHTED ROAD",DRY,ON SCENE,07/19/2021 08:56:00 PM,41.86434945,-87.719319075,POINT (-87.719319075007 41.864349450029),C,7,2021,20:51:00
5fa5b8e17ecc5061c6e73dfe5f88112604b80e1aba5f567bacabe7d94e1193234f226c9072fec95422d3b23b3cbbaabd79fad1a6bedf74442743f50325c574d8,2020-05-24 12:39:00,CLEAR,DAYLIGHT,DRY,ON SCENE,05/24/2020 12:39:00 PM,41.775869853,-87.722541841,POINT (-87.722541841014 41.775869852993),C,5,2020,12:39:00
5f5620b758899383a9906860b0a3b2484e9af75b488ca4edecb9d10495f7701dcabef26da9a00f56a90e6f28605abbc4e9d6c4881ccd48a07704c37ec9ca0f0c,2021-02-27 18:30:00,CLEAR,"DARKNESS, LIGHTED ROAD",DRY,NOT ON SCENE (DESK REPORT),03/08/2021 07:10:00 PM,41.923106637,-87.787692246,POINT (-87.787692246004 41.923106636955),C,2,2021,18:30:00
5f4b08bdc4bb85a25a131ce0d0723bde3d047a507286f58e6cb1d4fbef3dcdaacf5eb6d4a007f2c90d8952942cda0c13ac11dd522539b3c923bf2751981e551f,2017-10-14 11:45:00,RAIN,DAYLIGHT,WET,ON SCENE,10/14/2017 11:48:00 AM,41.898979021,-87.637410212,POINT (-87.637410212028 41.898979021041),C,10,2017,11:45:00
5e316f0d4175ff3a2114491276a448b52d3aa7bb7e1494f9ce727a710f11e863edfe84880ca09ac61323cacd4a8b73522c2a0de588196acaf05c20fb9c0de7aa,2018-03-31 17:40:00,CLEAR,DAYLIGHT,DRY,ON SCENE,03/31/2018 05:45:00 PM,41.953203301,-87.756048735,POINT (-87.756048735038 41.953203300975),C,3,2018,17:40:00
5fd105931a10260f4212ceabd27bd97dd164175f7bb53b77cc306e136a940f46609666948e52d6b20326ae5aa57b7327549f0cd731b5d89029e494545886873e,2019-06-25 15:40:00,CLEAR,DAYLIGHT,DRY,ON SCENE,06/25/2019 03:46:00 PM,41.997423356,-87.762273256,POINT (-87.76227325605 41.997423355975),C,6,2019,15:40:00
5f87a1c92de8993904ca92464020ad25622a55b2ae230f942cf7ef4506e820a566c35359cd9413ad8cdaf14ae4b715568ac2ecfa83d6c2f76d46fe096dc85eef,2022-07-27 11:15:00,CLEAR,DAYLIGHT,DRY,NOT ON SCENE (DESK REPORT),07/27/2022 12:30:00 PM,41.883863303,-87.642865365,POINT (-87.642865365034 41.883863303037),C,7,2022,11:15:00
5f60eb6d91c664079bb7b1a13160e322a5d2d0a10f593e75ac7186b682bb42323fe2090754f3212e2b56621a7770753126530c9ff3bea2b4177102661adc6b02,2018-11-30 16:30:00,UNKNOWN,UNKNOWN,UNKNOWN,ON SCENE,12/03/2018 10:30:00 AM,41.847477765,-87.617218167,POINT (-87.617218166986 41.847477764972),C,11,2018,16:30:00
5fbcf15e638fc30fb0f8245b7d62cb658442ef11034e608c9be96ef84f5e4196dae9cd2ac86f51bc945a3c4d3e672d90eb5b8d77c158378d1905c1c3114b74c4,2020-07-25 10:55:00,CLEAR,DAYLIGHT,DRY,ON SCENE,07/25/2020 10:55:00 AM,41.764744057,-87.668903132,POINT (-87.668903131974 41.764744057012),C,7,2020,10:55:00
5ec952350dff41ddb32cfec858c8c1f054150a5d99fc9b0025be2515b0dd5446c096f31160393b215cf0db3ce49b18a43b6206682e8177861c7159a83c237064,2020-01-02 09:50:00,CLEAR,DAYLIGHT,DRY,ON SCENE,01/02/2020 09:50:00 AM,41.975355803,-87.65189745,POINT (-87.651897449989 41.975355802966),C,1,2020,09:50:00
620c7c31cf6008bf910225f885d9d7e5a1dbfe6375ca4058c1af3f990b931d77ba5956b95a50103c3d165a741dbed2009fcdc4c89565379eaaff15e20d70e767,2021-07-10 08:45:00,CLEAR,DAYLIGHT,DRY,ON SCENE,07/10/2021 08:57:00 AM,41.919078039,-87.634538115,POINT (-87.634538115047 41.91907803902),C,7,2021,08:45:00
621c2653d3e2efb7d693dbb3fc8d8978b7049e1234a58634cc54bd1c32f95b61f5378f3e0430201ed51d45466f4cb6ad8be3821b27279c45e3895d5409c24d22,2018-10-14 00:10:00,CLEAR,"DARKNESS, LIGHTED ROAD",DRY,ON SCENE,10/14/2018 12:17:00 AM,41.938542516,-87.777394429,POINT (-87.777394429031 41.938542515954),C,10,2018,00:10:00
624fe7457c184cbd4542b29778808f0d39a8f64571469807b63fbc7668fa6db666cc913b36021d00da74a66a89f78b31c49262d03d32d95a7c19034eee196d66,2018-05-01 07:05:00,CLEAR,DAYLIGHT,DRY,ON SCENE,05/01/2018 07:13:00 AM,41.991867173,-87.755345739,POINT (-87.755345738978 41.991867173008),C,5,2018,07:05:00
62f1d5f2585cd30ff1d0bb8b7c5372a846c3a2aaa45ba07c6c510b223554008b2855ad9e8a9c6963e21c6c9a9e78a8707711b86d0187681ad53191db05781523,2016-10-29 15:00:00,CLEAR,DAYLIGHT,DRY,NOT ON SCENE (DESK REPORT),10/29/2016 03:45:00 PM,41.75869138,-87.60533417,POINT (-87.605334170015 41.75869137995),C,10,2016,15:00:00
618bc5528226e7ff3c30773d0637f9791ca9918c37b6bc93875628e54c761ad0290399d9385074a21e50aa9b09360848ba5d1c465b4f3f7987c152e90143a5ec,2017-12-28 14:50:00,SNOW,DAYLIGHT,WET,ON SCENE,12/29/2017 12:32:00 AM,41.750388107,-87.669438517,POINT (-87.669438516967 41.750388106952),C,12,2017,14:50:00
60e99edf789c69e63fabde9ca8bdf0d8652ebac91c4b2b4cc513b6b87decbdf807a2101c57db5d9330d574f0182607771e603d2b67e4e7d0e343a2d8a29e1c4b,2020-08-22 08:30:00,CLEAR,UNKNOWN,DRY,NOT ON SCENE (DESK REPORT),08/22/2020 09:42:00 AM,41.750823194,-87.626884529,POINT (-87.626884528976 41.750823193964),C,8,2020,08:30:00
62c660dddb5b0ecc826f08457087c055c7dc49cb3cac3c330f8f64ee2a5b1d1309f5c2e901bc26429d3957eb3e7198a49fcaa4530365d1ee8e7fd48657cd98e0,2021-08-15 14:08:00,CLEAR,DAYLIGHT,DRY,ON SCENE,08/15/2021 02:08:00 PM,41.950676839,-87.643784743,POINT (-87.64378474303 41.950676838996),C,8,2021,14:08:00
6346ee6987d3760593d6206270f227dc8b192ff73f0d79f8f540a710594c5fef4bf52c3c0ea23f59133212474ac38ac55b736022ece6ba1cd174246f38ccfeec,2021-06-15 14:55:00,CLEAR,DAYLIGHT,DRY,NOT ON SCENE (DESK REPORT),06/21/2021 10:30:00 AM,41.729210916,-87.563213098,POINT (-87.563213098012 41.729210916034),C,6,2021,14:55:00
62da77d091882dc6158b7e4510c231f174ee4426c49a2781606bbd6fa21a15fc9f01bf84037bc77626507f946f3608d295e3ad84024b591c6fb350d7071c6402,2017-05-27 09:45:00,CLEAR,DAYLIGHT,DRY,NOT ON SCENE (DESK REPORT),05/27/2017 10:50:00 AM,41.985976968,-87.78782345,POINT (-87.787823450015 41.985976968036),C,5,2017,09:45:00
635559f9563c373ed4373f335d430ddebf0a1198731620e6ffc713479c0848b0d6fc539f8ef1a548d95d26cd745523f7d26087cee03f5deaf50126b0e44a0a6b,2019-12-20 08:32:00,CLEAR,DAYLIGHT,WET,ON SCENE,12/20/2019 08:36:00 AM,41.895499511,-87.723699547,POINT (-87.723699546998 41.895499510995),C,12,2019,08:32:00
6151db0bdca72d599a16ec3e3102fae37aff8a97848d037cef914a0f2d0dbcaea2900f74b8b152b57997c386eea0287597fe253e974115a88ac0d85b81e54e24,2022-09-18 18:03:00,CLEAR,DAYLIGHT,DRY,NOT ON SCENE (DESK REPORT),09/18/2022 06:20:00 PM,41.786328045,-87.705136175,POINT (-87.705136175049 41.786328044987),C,9,2022,18:03:00
6170fe87688dadef214d79245d4ad88f4b59ca994440a09fbe12fc24bf7f5bb5dc64e0af8cd37ecaddd05da76341274b4722b8b330c01f1c063a98c17dd110b7,2017-11-06 12:41:00,CLEAR,DAYLIGHT,DRY,NOT ON SCENE (DESK REPORT),11/06/2017 01:30:00 PM,41.993526819,-87.785155282,POINT (-87.785155281974 41.993526818998),C,11,2017,12:41:00
6218cac001b519ccaec626db3f771553a781df3165a54dcf849bebcfda8d3d5e317d65885c63aaf819ace551fe09efc4137da15fa86185df45021a5b800738db,2017-01-12 07:30:00,SLEET/HAIL,DAYLIGHT,ICE,NOT ON SCENE (DESK REPORT),01/12/2017 11:56:00 AM,41.781626709,-87.762015567,POINT (-87.762015567 41.781626708966),C,1,2017,07:30:00
62fd161c6af215f13cc53638bcffaaa98aa47307aee2f19050e9e0faeefb799e97d1367ce1b5546b0369d2e2dd72b992004f70e95a720188b102e15e3aeba180,2018-01-02 06:45:00,CLEAR,DAYLIGHT,UNKNOWN,NOT ON SCENE (DESK REPORT),01/11/2018 06:10:00 PM,41.773121202,-87.613108656,POINT (-87.61310865596 41.773121202033),C,1,2018,06:45:00
618b113ec14171bd952ade56e87a24b3e26bce3b3bd04da6fa8e175743f1b34068d777f098e27906368b1e5f617fd92bfc245c6bd8870366de4665b21b8e0aa1,2015-09-28 00:05:00,CLEAR,DUSK,DRY,ON SCENE,09/28/2015 01:07:00 AM,41.765563782,-87.624825828,POINT (-87.624825828045 41.765563782008),C,9,2015,00:05:00
62901114cfa1a241bf7f5fca955ef93bae7bb1d05d390cb81939aea717752698e4c1498f8a929001426d6d4d77b9333eb63b1cd418a6c9befb24d3e91189d4b3,2018-05-29 10:20:00,CLEAR,DAYLIGHT,DRY,ON SCENE,05/29/2018 10:20:00 AM,41.787238652,-87.606122038,POINT (-87.606122037954 41.787238652039),C,5,2018,10:20:00
62f24fd4aec5ca4fbc4b5852971ddb07f4bfa310d43334146f91a584347d23838313f58889a0eee0a8d165dd7dd388cc2029c812c6804c56ba6bbb5f88ff805c,2019-01-23 23:24:00,OTHER,"DARKNESS, LIGHTED ROAD",WET,ON SCENE,01/23/2019 11:25:00 PM,41.761936607,-87.626635614,POINT (-87.626635613963 41.761936607048),C,1,2019,23:24:00
62c999bd6e898ef153252a09c45a21583160ef00e079280389b827b042c5b4cef28174fd65e0eb189fef89fe0a8c036e40960a21735f56ea6002f3d0da68f293,2021-06-14 17:48:00,CLEAR,DAYLIGHT,DRY,NOT ON SCENE (DESK REPORT),06/16/2021 06:15:00 PM,41.995579197,-87.675876884,POINT (-87.675876883986 41.995579196996),C,6,2021,17:48:00
62e196666164e8784dd991550bd790cf8ed59065dd4a66c4ebdb03269225db270ba556ef48ecf5c6d997b60e3e61a16424a119609466a9dbb1b9ad29760e368e,2019-01-13 03:30:00,UNKNOWN,"DARKNESS, LIGHTED ROAD",SNOW OR SLUSH,NOT ON SCENE (DESK REPORT),01/13/2019 03:02:00 PM,41.744151639,-87.585945067,POINT (-87.585945066953 41.744151639042),C,1,2019,03:30:00
63b3903502a3c668b2d3e397b01ca6012961a4d10f83518fae0ae112becba52b8d9b945647524f464bcbaa02de4aa0175849e2a9e7674c2b1aba689895411de4,2021-10-13 11:15:00,CLEAR,DAYLIGHT,DRY,NOT ON SCENE (DESK REPORT),10/13/2021 11:45:00 AM,41.729104472,-87.642059112,POINT (-87.642059111995 41.729104472043),C,10,2021,11:15:00
61ca764ed7f49da12af314be793a216f9c1ea2855f5efa69c91968801db160119aadb0d0e4e6f7dad530bd140692aefb95ee10f774b876aee6d4d4275ad1ceaa,2019-05-28 08:30:00,CLEAR,DAYLIGHT,DRY,NOT ON SCENE (DESK REPORT),05/28/2019 07:09:00 PM,41.784385694,-87.740065946,POINT (-87.740065945952 41.784385693962),C,5,2019,08:30:00
61eaf0504926e4c04e67c6f2da83f9025e7a9e06afdc5a27401080a914052d9806b8990b33bbf604b5fff09d2971f2e58aa63182e2e6b8e581cd2671e81fb136,2017-03-23 21:15:00,CLEAR,DUSK,WET,ON SCENE,03/23/2017 10:00:00 PM,41.937553574,-87.72108451,POINT (-87.721084510004 41.93755357403),C,3,2017,21:15:00
6157057877279a0dce10e2c90a22fcabd3e98f60fa95f4f810abbf6c28560be0f60bea42b3557d1136ca17921cbbcb65ea0c6b71e76c8541654ee77632bec980,2017-07-02 19:20:00,CLEAR,DAYLIGHT,DRY,NOT ON SCENE (DESK REPORT),07/02/2017 08:11:00 PM,42.019062458,-87.690326528,POINT (-87.690326528045 42.019062458003),C,7,2017,19:20:00
6169bf5a25f4ae9e8108c1a45cc6270cb2650b372efd3ebb7fd45616411ef38731008c0ba13344448f295c3eba24d87c60eb1847fbc0f927289e49f9630960d8,2023-03-23 15:30:00,CLEAR,DAYLIGHT,DRY,ON SCENE,03/23/2023 04:30:00 PM,41.75869138,-87.60533417,POINT (-87.605334170015 41.75869137995),C,3,2023,15:30:00
633eaa9e854161880037c45c7ca190fe96fddd471bd93a40f74b436ecaeb8532321bb1f33d46f6bbf0b5a352a8e54a8b50fffd8eacd1751d04d2447a186c732d,2019-12-31 22:30:00,CLEAR,"DARKNESS, LIGHTED ROAD",ICE,ON SCENE,12/31/2019 10:34:00 PM,41.765895955,-87.680594684,POINT (-87.680594683955 41.765895955036),C,12,2019,22:30:00
63a3a7417107f2849df9744751bd645ee6417ce4efa9a4d5d0caec6c312feef7c6f9fe6a51ff3132954338cf21341c33285f9eba5b1c781088a4685e39441ad6,2018-07-31 08:00:00,UNKNOWN,UNKNOWN,UNKNOWN,NOT ON SCENE (DESK REPORT),09/04/2018 10:30:00 AM,41.686338093,-87.630271457,POINT (-87.630271457023 41.686338093031),C,7,2018,08:00:00
6148f785eb7275e3135a943ae3d9fbbfd84235555ff75b9fe4df5d31dfc7e79d9bfd577a72aa777934c973a8ef828fdd3b57212a0b5e839d0dbb290097670fa7,2016-10-08 16:25:00,CLEAR,DAYLIGHT,DRY,NOT ON SCENE (DESK REPORT),10/08/2016 04:34:00 PM,41.880925603,-87.624862374,POINT (-87.62486237401 41.880925603019),C,10,2016,16:25:00
62f213480e6423b73be42aeaab4cd818feae0066a48c9327eeb86944dfd2ac69b3fa76fc3883fc0679352f5da6757310a84f7831249fd01f3429aece141e64de,2019-10-04 20:20:00,UNKNOWN,"DARKNESS, LIGHTED ROAD",UNKNOWN,NOT ON SCENE (DESK REPORT),10/05/2019 03:19:00 PM,41.797558326,-87.74274468,POINT (-87.742744680037 41.797558325998),C,10,2019,20:20:00
61228a98d6fb8e1217a639afd949dc92b19b74cf3e6e88676a33216cd455fbc4dfef0578f85834edab9a563d0b2b65791bf2ae8e481ffada90ced0f3b0bb360c,2019-10-18 23:05:00,CLEAR,"DARKNESS, LIGHTED ROAD",DRY,ON SCENE,10/18/2019 11:05:00 PM,41.990304614,-87.704312836,POINT (-87.704312836005 41.990304613989),C,10,2019,23:05:00
6179fb2092452f5a4e9accf512f8157de81dd240e0a2676b72cca44ca5447284a1428f368ae417984cd72f8bd5f0c81655c5c4df60a35e368da55bf39866ae24,2023-02-12 15:09:00,CLEAR,DAYLIGHT,DRY,ON SCENE,02/12/2023 03:10:00 PM,41.924490094,-87.717288131,POINT (-87.717288130979 41.924490093998),C,2,2023,15:09:00
621a0f142b4fa3cc92260bb4e93d2d58dc883fc95586e08d69c059762b4dfba36b57d97e19d8206b5f17db9382aebc965918ddec493ce3bebf07af9aeb86fb0a,2021-06-03 10:30:00,CLEAR,DAYLIGHT,DRY,NOT ON SCENE (DESK REPORT),06/03/2021 02:15:00 PM,41.755362459,-87.575330515,POINT (-87.57533051504 41.755362459007),C,6,2021,10:30:00
61ef814ba3764a3e9e58a9d26fa57e876605a400ddb826c046939f7ecc1b1c7e041e23622ad7d38d8ff951ed612f27ec414726d6264107d55ab84265b3e235c5,2020-09-17 10:50:00,CLEAR,DAYLIGHT,DRY,NOT ON SCENE (DESK REPORT),09/17/2020 11:15:00 AM,41.786517617,-87.67415763,POINT (-87.674157629953 41.786517616999),C,9,2020,10:50:00
633b8e16f9bec494a4603a5878fe80418b9c7d7b1ddefbe85121fd44e75abc43717c90371df6a5d768ba3988d82fdeb9c06182d1ab1fcf3dc3a2877b894a1d19,2019-10-02 13:54:00,RAIN,DAYLIGHT,WET,NOT ON SCENE (DESK REPORT),10/02/2019 02:00:00 PM,41.886676655,-87.69354148,POINT (-87.693541479988 41.886676655033),C,10,2019,13:54:00
618f19a0a28e519368ab350eb8df1d9c12d30e30fa48867b36725fe4b811ba86561b16369a1c86acff3d26702b9edcb045d69dd13bb1b11e4aded9a0f647f0a7,2018-08-22 12:01:00,CLEAR,UNKNOWN,DRY,NOT ON SCENE (DESK REPORT),08/22/2018 06:23:00 PM,41.884509924,-87.618195852,POINT (-87.618195852006 41.884509924),C,8,2018,12:01:00
639682dfabc847c8ab6de2975a015faf4232bef72344881cf22119c448a9f13e418233904e300d7f7f97d8369cfe860c3903f4b00cb4390d5e3845ecf993ca24,2018-05-24 22:00:00,CLEAR,"DARKNESS, LIGHTED ROAD",DRY,NOT ON SCENE (DESK REPORT),05/25/2018 06:35:00 AM,41.906446465,-87.753273478,POINT (-87.753273478001 41.906446465035),C,5,2018,22:00:00
6290c62f03f2189650992134ddc594af865e7d6bee5fca561a2d8a296f402561807e6c4f4a4a53f4fbed2e4911c3ca1c11af73e0bca2c034e67906986073d222,2018-04-23 01:00:00,CLEAR,"DARKNESS, LIGHTED ROAD",DRY,ON SCENE,04/23/2018 08:48:00 AM,41.892502934,-87.713637689,POINT (-87.713637689006 41.892502934012),C,4,2018,01:00:00
6354c54eed142fff853a9314cbf8d5f36c6e46af864168de8be02fcc98478bff23af9a35f3d18418b2a05929ff515a5790f125f437907ac4cfe4940138c7b9f8,2023-04-09 03:44:00,CLEAR,"DARKNESS, LIGHTED ROAD",DRY,ON SCENE,04/09/2023 03:50:00 AM,41.688151507,-87.70055194,POINT (-87.700551940021 41.688151507044),C,4,2023,03:44:00
60f9ca9dd42870f8a44c7c9981689df7853719640414dbb99761e415d64cef2e52f7b513d4eb2f2427f49d17075836b3e6e744858b6ddf23fc795e89b207f282,2019-12-13 17:00:00,CLEAR,DARKNESS,UNKNOWN,NOT ON SCENE (DESK REPORT),12/14/2019 02:03:00 PM,41.941302752,-87.649162689,POINT (-87.649162688958 41.941302751995),C,12,2019,17:00:00
625bb13ebc43a3672b323933e11cec8f1de610cfa49a66c185d0af93f11d525d4e01fd3217b145d84a6031302c841cf96d3e1ce062bb20e7a78fce21a0800f6e,2023-06-07 09:20:00,CLEAR,DAYLIGHT,UNKNOWN,NOT ON SCENE (DESK REPORT),06/07/2023 09:40:00 AM,41.965218145,-87.662585553,POINT (-87.662585553036 41.965218144985),C,6,2023,09:20:00
63592fc650d366fc26f284a17128dbdbbc4b5ba3cd177d54f231712fff960710a5039bf07e58f67456e798f8b41cf4e6bd1a136913dfa3776f37a4038eb7c304,2018-12-12 08:07:00,CLEAR,DAYLIGHT,DRY,ON SCENE,12/12/2018 08:25:00 AM,41.887373645,-87.624697192,POINT (-87.624697191961 41.887373644965),C,12,2018,08:07:00
62cf5c94a0a40a6276e910340907f928cf3f78897afe53a30021f7cfec5c655c5a6602ad67c56c517e110812ea88f4e3feeb55781cccd3e365902f3c4aa2ec09,2018-10-01 08:12:00,CLEAR,DAYLIGHT,DRY,ON SCENE,10/01/2018 08:15:00 AM,41.771888132,-87.696260262,POINT (-87.696260262 41.771888131994),C,10,2018,08:12:00
611df0ca0aec982d561d000ba3f8c6fb7c5b88739b7d6bb6cfc448e6fb3d1dc05a3db40a4d17e697cb599b4290fb20b1ba9fc34c863595012a6d973ecdbf280a,2021-04-29 08:04:00,RAIN,DAYLIGHT,WET,ON SCENE,04/29/2021 08:25:00 AM,41.767725329,-87.59063546,POINT (-87.590635460034 41.767725329028),C,4,2021,08:04:00
61b99c7a78427ac92f6b38782905b3e3ccbf41b9e285c031a8e6651da049cf3d7b7cd1b24983e26d90f0a283025015e28ea52cd8fdf8bafe35a1ee664f1260f9,2021-12-07 17:30:00,CLEAR,DUSK,DRY,NOT ON SCENE (DESK REPORT),12/09/2021 10:00:00 AM,41.794908912,-87.616471792,POINT (-87.61647179201 41.794908912028),C,12,2021,17:30:00
613480159b8e1702a30edcfe0460af3617290d43cb83a1417cfca02f1ae09dafc1b3ed63bf005b469db8408d79cce1cec0a73768a6d5c9834012af3cc358b2b9,2020-12-01 16:10:00,CLEAR,DAWN,DRY,ON SCENE,12/01/2020 04:16:00 PM,41.809781151,-87.594212812,POINT (-87.594212812011 41.809781151018),C,12,2020,16:10:00
63b5d1730f2cb1cf29a08dab84fedd9d1a33a9941413ef5a7f086ae3937d1b3be1ddee7a4f6bf7f02be92e28db73c412087a15f1aa38af153df18f514218ea18,2019-12-23 22:28:00,CLEAR,DARKNESS,DRY,ON SCENE,12/23/2019 10:28:00 PM,41.895784449,-87.721352746,POINT (-87.72135274599 41.895784448963),C,12,2019,22:28:00
62b5c12bc5624b8de0bd6d94982de5268b96ab58072a424a136195156dc7e11e136f42e9a4c1df2706eec4a5a0a92f96512249560eaf3b0a60ce0a8371889d76,2018-12-31 14:00:00,RAIN,DAYLIGHT,WET,ON SCENE,12/31/2018 02:02:00 PM,41.793352977,-87.682134734,POINT (-87.682134734048 41.793352977003),C,12,2018,14:00:00
62bb0281f190600a5453ef1a8a342e2155c39dde10c365cbaa9873d3c60e43011e0c9e11855b4ddcfc2ca724b6b14ef3c8a6a71ab455f87348add9a9acb298df,2018-02-26 07:30:00,CLEAR,DAYLIGHT,DRY,ON SCENE,02/26/2018 07:50:00 AM,41.866501191,-87.686157599,POINT (-87.686157599021 41.866501191036),C,2,2018,07:30:00
630cb5f173e6bfad0e49d541236c3fcf8dbe1c20255389505e3b8b72968fd1984f9a767abdf490297349a90ad7a4e730845c7cd2c625db596f696a63a8e50759,2021-11-02 16:35:00,CLEAR,DAYLIGHT,DRY,NOT ON SCENE (DESK REPORT),11/02/2021 05:00:00 PM,41.957061693,-87.757125121,POINT (-87.757125121 41.957061693006),C,11,2021,16:35:00
625f6b403e7aa65f0382e2176e825e7c96fd4ea2eca7b7ae1165462e141230964250a1653bfbbcf50bc929ad79369847981c69824aca883b9719df9d14975dff,2019-01-27 10:30:00,UNKNOWN,DAYLIGHT,SNOW OR SLUSH,NOT ON SCENE (DESK REPORT),01/27/2019 03:30:00 PM,41.957736186,-87.686295441,POINT (-87.686295441017 41.957736185998),C,1,2019,10:30:00