CRASH_RECORD_ID,CRASH_DATE,WEATHER_CONDITION,LIGHTING_CONDITION,ROADWAY_SURFACE_COND,REPORT_TYPE,DATE_POLICE_NOTIFIED,LATITUDE,LONGITUDE,LOCATION,CRASH_TYPE,CRASH_MONTH,CRASH_YEAR,CRASH_TIME
6299a4895978ba395e6c7a7c51515cf490ce51b8f6c4f1ea0170b4dfe73a80adb7e1012afb36478010adedb1d439c0215f730ab8e4f1d3c97d9f9716090c20e8,2019-05-23 17:00:00,CLEAR,DAYLIGHT,DRY,ON SCENE,05/23/2019 05:02:00 PM,41.808749374,-87.66230696,POINT (-87.662306960034 41.808749374011),C,5,2019,17:00:00
61e215eaca550ede3b8858eaaf01ef5dea89d4f427a8ebe7195eb9769e41a42f8a1fc22add308170b5644566bc62ae451bebb285410a71d1d8a47a56e0be0f19,2022-10-28 17:59:00,CLEAR,"DARKNESS, LIGHTED ROAD",DRY,NOT ON SCENE (DESK REPORT),11/02/2022 10:50:00 AM,41.808755402,-87.661887043,POINT (-87.661887042976 41.80875540195),C,10,2022,17:59:00
6341935c622bc60133676b92d39eb9cd08af25bce166eb7084b374e478de5712cb166cccf5f040e68a5e877632c5b054c4372a12a79479b6a5a06d6ee2645867,2017-11-01 08:30:00,CLEAR,DAYLIGHT,DRY,ON SCENE,11/01/2017 08:50:00 AM,41.732898131,-87.623894156,POINT (-87.623894156006 41.732898130975),C,11,2017,08:30:00
629e1957b96b7e98f548430c32c16c4de6afb200c4ed46decb00bbbe2389139ea93ef7a9a531a4e71eeaff936445cc02c68930b87d34c9893d2c7bde79b56cd1,2021-01-15 12:00:00,CLEAR,DAYLIGHT,WET,ON SCENE,01/15/2021 12:20:00 PM,41.924270719,-87.653422522,POINT (-87.653422522035 41.924270719011),C,1,2021,12:00:00
6139641cf8f3a9d7df0afc397336e03f399039f49d480e01284e0e3ded4eaa4d62932c238a18f15c25df1e7a86895e17411a6e03735a70683ea4602baa59593e,2018-04-09 15:25:00,SNOW,DAYLIGHT,WET,ON SCENE,04/09/2018 03:41:00 PM,41.884552309,-87.63975418,POINT (-87.639754179988 41.884552309006),C,4,2018,15:25:00
628f10e02a19f2ebefee009d172f02cd51883d84f76674ddd585eb6817898eed97b5e330d5e0a745a6b8997eb25aa1322f0a9bb4fecd64cdd70256b4f3a862fa,2017-12-27 18:20:00,CLEAR,DARKNESS,DRY,NOT ON SCENE (DESK REPORT),12/27/2017 06:35:00 PM,41.903825234,-87.64328636,POINT (-87.643286359995 41.903825233976),C,12,2017,18:20:00
60fede325822c17cf2c25e00a82bb4e8c7fc5bf68b4d4194aaf68d74b0cf68e288ea4a32b68b32da979513502e80f4b3cb42c9891e0ace5d871d301387c70caa,2019-07-13 18:15:00,CLEAR,DAYLIGHT,DRY,NOT ON SCENE (DESK REPORT),07/13/2019 06:34:00 PM,41.91874949,-87.75952117,POINT (-87.759521169996 41.918749490044),C,7,2019,18:15:00
624645f373f88dcaa0c680586edac149a0416d2eb68382d8d46c3f8768f68d322ebbda3d6a930d688b1b6fd530fbf4c9956652e774e1d4f3ca242f6f88d6cad9,2017-12-22 15:41:00,CLEAR,DAYLIGHT,DRY,ON SCENE,12/22/2017 03:50:00 PM,41.782962245,-87.732512901,POINT (-87.732512900982 41.782962245007),C,12,2017,15:41:00
628468705957f8ef24a120b5f46f00b1f8097590a76e7d00dcf62065635016ff5daa8cfa73c3284013e678a088a9dc7522925440b62f0d93d4839d067b2fe2e8,2018-06-06 14:05:00,CLEAR,DAYLIGHT,DRY,ON SCENE,06/06/2018 02:45:00 PM,41.735010861,-87.718891864,POINT (-87.718891864003 41.735010860991),C,6,2018,14:05:00
6279eb26966d8bfc23c476145eb534439e79fd17ac5d8b87602c7ca4fcba75f8a2b76e4d17701c8dc81dbfbd4cd0e484221ad8729fabb98e7b51f22238a5d649,2016-10-05 20:20:00,CLEAR,"DARKNESS, LIGHTED ROAD",DRY,NOT ON SCENE (DESK REPORT),10/05/2016 09:20:00 PM,41.891293713,-87.647680593,POINT (-87.647680593026 41.891293712961),C,10,2016,20:20:00
61ca5a03854e2ff326ed922f8831fe810df1d686703d8e69c89353e003bb17cac562536893d49876b75d14918b7bbe4eb11e9f685b223848d1107c7edf80b543,2021-12-13 20:03:00,CLEAR,DARKNESS,DRY,ON SCENE,12/13/2021 08:25:00 PM,41.742009744,-87.741108545,POINT (-87.741108545013 41.742009743955),C,12,2021,20:03:00
61d1eb2289c5b500ba93ba6991fab7ca353e7607c1b95742b1abccfc6725012c934be514e8363f3e0ab2e44ab61b21971fd2f88fc0db5ec86ad097107f7a207c,2021-04-26 14:50:00,CLEAR,DAYLIGHT,DRY,ON SCENE,04/26/2021 03:47:00 PM,41.712072677,-87.681644152,POINT (-87.68164415196 41.71207267704),C,4,2021,14:50:00
63bb56d1b342e9d16eec72bb7039a629733ae18b0a44ccbed76a5c75f82f79a46295bb2f6600c790ca46cd634db27461e57ddfe481ba63b809e781b1c7566dae,2022-01-12 12:00:00,CLEAR,DAYLIGHT,WET,NOT ON SCENE (DESK REPORT),01/13/2022 04:40:00 PM,41.705414822,-87.642641874,POINT (-87.642641873959 41.705414822023),C,1,2022,12:00:00
61dfa27370862bdeda3bacd62ac8c7b32234ed4f9ad69db8f4b8f462d50073b672ec79925bca0692304ff7c7d7c6d75db862c8e1a1890f32fb9719cc7c106f79,2023-03-31 19:30:00,RAIN,DAYLIGHT,WET,NOT ON SCENE (DESK REPORT),04/01/2023 04:10:00 PM,41.825372921,-87.629524572,POINT (-87.629524572013 41.82537292101),C,3,2023,19:30:00
6278cbb6c15f1100e770802e831820f4592fd912e4894991749feef649e249c8e64169ce0009aeca5739bb8f598ae87c65fff7191be21106b6a493c6619d5a7e,2021-10-25 16:10:00,CLEAR,DUSK,DRY,NOT ON SCENE (DESK REPORT),10/25/2021 06:55:00 PM,41.793378954,-87.584053824,POINT (-87.584053824031 41.793378954013),C,10,2021,16:10:00
61725c463895fcecda7f9c5f42232da4aaa77e3672410ec68c12797604b6e0bf16976b9789ebcdfcd0435ea6f225d5b7a41dc5673a6528ec5219e3462b55cefc,2019-06-21 15:04:00,CLEAR,DAYLIGHT,DRY,NOT ON SCENE (DESK REPORT),06/21/2019 04:43:00 PM,41.693015814,-87.701024776,POINT (-87.701024776006 41.693015814018),C,6,2019,15:04:00
60f2465b409f40187eb1f2a6aa3818d638ad169e40c61611d9350cb8cb67f287f5b4cdfc9d70214e29622470d6b5fa7dbd1054ea812c7b1099fc3bf2e4b80729,2022-10-07 19:35:00,CLEAR,DARKNESS,DRY,NOT ON SCENE (DESK REPORT),10/07/2022 08:10:00 PM,41.822958463,-87.691425915,POINT (-87.691425915045 41.822958462973),C,10,2022,19:35:00
62b674db0a94524f0c07e7262e4d143cb99eb1122c6fefdc68e25ed4d98de7fa43c4632560d94e8fe6e710a93e05b38d3d2d89f74c0c29cd9665992fcbe76906,2020-07-25 02:46:00,CLEAR,"DARKNESS, LIGHTED ROAD",DRY,ON SCENE,07/25/2020 02:47:00 AM,41.925150202,-87.711971971,POINT (-87.711971970977 41.925150201976),C,7,2020,02:46:00
6247bf85e7c0a9e37aa844c668422aba9d099f2284cc95015e4fb770b406dbf2a67852131f5615071a0d6a6a0eaad6abd783866e3f444d6b8695fdc498fd3a52,2016-02-09 07:30:00,SNOW,DAYLIGHT,SNOW OR SLUSH,NOT ON SCENE (DESK REPORT),02/09/2016 07:40:00 AM,41.695196864,-87.664173231,POINT (-87.66417323105 41.69519686397),C,2,2016,07:30:00
6350b279da9a5b2cdbc7fded92a2320ee72a440a947e82f590e51df5aedbbc4199f788d0006032dda186672a29617b18e4bbc45c4d7de95d0c11ecbb2cf3d855,2020-03-25 22:00:00,CLEAR,DARKNESS,DRY,ON SCENE,03/25/2020 10:10:00 PM,41.736173571,-87.739544169,POINT (-87.73954416897 41.736173571012),C,3,2020,22:00:00
61b657cf1a1d80d2b1e4c414886602e347bce61c351962b19f2276f714f820cb0d89d60051ca4c185a8030338d162c8c2a590b496155fa1b4e9b011976f87879,2017-01-24 17:40:00,CLEAR,DARKNESS,DRY,NOT ON SCENE (DESK REPORT),01/24/2017 06:05:00 PM,41.967797374,-87.757318908,POINT (-87.757318908014 41.967797374042),C,1,2017,17:40:00
61d35a7479ed169a2633720834479e5799d728287722b359c73ec8e23531364001a979eb8f00e89aa87cacd55b4105780a2a93b590d3a2cd3ccde139fdf9962c,2020-11-28 22:15:00,CLEAR,"DARKNESS, LIGHTED ROAD",DRY,NOT ON SCENE (DESK REPORT),11/29/2020 04:00:00 PM,41.851084197,-87.638340859,POINT (-87.638340859009 41.851084197047),C,11,2020,22:15:00
61df6fcf2a968596aff6460a550e43db794ba756b88b3156cdccc4e072cfe17231f3c5cbe4750ff40703b891a44b07d5f1c13a82cc67c1f5d70c548d9cf469b7,2022-11-12 22:40:00,CLEAR,"DARKNESS, LIGHTED ROAD",DRY,NOT ON SCENE (DESK REPORT),11/12/2022 10:40:00 PM,41.744151639,-87.585945067,POINT (-87.585945066953 41.744151639042),C,11,2022,22:40:00
619adcf820bc884d9addc54ef3461de741d762d518c70627b71bacf465060d18b24cf7510a389dece5c064f9e1bf2175d221c3ce1376e7b6b933569c9f854f1d,2019-11-21 07:00:00,RAIN,DAYLIGHT,WET,NOT ON SCENE (DESK REPORT),11/21/2019 07:45:00 AM,41.838299776,-87.623296812,POINT (-87.623296811988 41.83829977603),C,11,2019,07:00:00
638006ca9c3a128863044c5c43cd60be30f81253c1e28a4edc4328957f7d1ff862cbc7cccb6a10a65912a064e004f602bcdd0ca76241be685714594ead9f9428,2022-06-14 07:13:00,CLEAR,DAYLIGHT,DRY,NOT ON SCENE (DESK REPORT),06/14/2022 09:15:00 AM,41.737353874,-87.545478314,POINT (-87.545478314008 41.737353874031),C,6,2022,07:13:00
6237a376ab9f0ac73b021d755ac69b88924856e2f633ae8ededa948c84f2bee9720778446c95ec10b3a6c704de61a79bbea7c10fd09776cee88d2193fa59b582,2021-08-06 21:00:00,CLEAR,"DARKNESS, LIGHTED ROAD",SNOW OR SLUSH,NOT ON SCENE (DESK REPORT),08/06/2021 09:20:00 PM,41.969433711,-87.761920631,POINT (-87.761920630954 41.969433710973),C,8,2021,21:00:00
61c5c6b61dab046b1ecab03bb223e1b1cf679d8b49c55d92218f633efe0bfda3a976248dba2507c4ad9fd7a223dfed58255673c4e01cf6685db2c84ef1dcd75b,2022-02-01 16:30:00,RAIN,DAYLIGHT,WET,NOT ON SCENE (DESK REPORT),02/04/2022 01:00:00 PM,41.909020159,-87.803307926,POINT (-87.803307926018 41.909020158971),C,2,2022,16:30:00
61395ec23039c78b82c83a88831576e5edcb77cae8b823241563686c8096ff14b247c6e6354a512ba56d738ab78f316758cfdb5ce584f4bd9a0f50764d91aa14,2022-10-22 14:30:00,CLEAR,DAYLIGHT,DRY,NOT ON SCENE (DESK REPORT),10/22/2022 03:20:00 PM,41.884546961,-87.64758764,POINT (-87.647587639978 41.884546961039),C,10,2022,14:30:00
6192a5516fc1c440f71c89d9817b228f626591daccc80d490e74cdec3eb127b8333c73c4d119f6ef3c4911d11bce80620e8fc6a64757a12823b2a575086a705e,2017-10-12 09:45:00,CLEAR,DAYLIGHT,DRY,NOT ON SCENE (DESK REPORT),10/12/2017 10:00:00 AM,41.871374327,-87.675972838,POINT (-87.675972837973 41.871374327018),C,10,2017,09:45:00
615639de8a6801a109a577794f14359eb887a524c24f3501fc65c8d58c25c3ab5ca55cc4fea310fa257ad6c2f7e81db7f6f62fc308173fa0c4443c951c096a0b,2018-05-27 18:46:00,CLEAR,DAYLIGHT,DRY,ON SCENE,05/27/2018 06:47:00 PM,41.915717526,-87.701891348,POINT (-87.701891347955 41.915717525962),C,5,2018,18:46:00
63b10a609b468fdf2b5973600fb62f4bb12c5df9a51ce52c95e77481f85a2fbdaa8fb90972ca719ede996fe16c1cee19a136952e1663080cab2e513ffdc7a39d,2018-11-13 15:00:00,CLEAR,DAYLIGHT,DRY,NOT ON SCENE (DESK REPORT),11/13/2018 03:30:00 PM,41.886070174,-87.620536589,POINT (-87.620536589034 41.88607017398),C,11,2018,15:00:00
62dd3a1bd85f64ab5b892265711f72b676196c96da139fe0dd35039d2a5a5d24713e9b51b433dc0ff59423021d5d1ca93219b5d8de1dce0089757aab9b735b67,2018-01-06 14:40:00,CLEAR,DAYLIGHT,DRY,NOT ON SCENE (DESK REPORT),01/06/2018 04:46:00 PM,41.891621161,-87.624253929,POINT (-87.624253929022 41.891621161011),C,1,2018,14:40:00
621c73a30e53094871d17b13ce3fcdcfd7340528b30a4e0743fbf39d7c8cabe23bfa3a3b47ba7942e86efe5d3f20b70d072a59b648f6a477d50944ddbf96ab2e,2022-08-21 14:15:00,CLEAR,DAYLIGHT,DRY,ON SCENE,08/21/2022 03:34:00 PM,41.884589493,-87.620498427,POINT (-87.620498427013 41.88458949304),C,8,2022,14:15:00
6386fc97c9310702a1e086a2cfdbe33822862a293fc4a6fec45e371a47e6f93f262648ac23ed12c71457a5036f60462651c8a14a27ec2beb3012f906f2114c2e,2020-03-03 08:00:00,CLEAR,DAYLIGHT,DRY,NOT ON SCENE (DESK REPORT),03/03/2020 02:55:00 PM,41.909984558,-87.708487854,POINT (-87.708487853967 41.909984557994),C,3,2020,08:00:00
61001666cc8844551eb555087e5c919eac1b3e7495fca3271a758516f542c31dfa0f224f9117a15306666cfad2b9e3026f24a8b26ae8979b6ccfe2723cc028c1,2017-12-24 15:00:00,SNOW,DAYLIGHT,SNOW OR SLUSH,NOT ON SCENE (DESK REPORT),12/24/2017 03:18:00 PM,41.94773785,-87.801079604,POINT (-87.801079603998 41.947737850049),C,12,2017,15:00:00
6218d2517d7f04c9f073206067997c3ace4e00888f073fa21b2d41fd9bfc9d2fc5f4329778ffddad93ad55e163b397a6218f96b94df12091c4b7e98a1830e507,2021-09-23 17:00:00,CLEAR,DAYLIGHT,DRY,ON SCENE,09/23/2021 05:02:00 PM,41.844263487,-87.62829939,POINT (-87.628299390012 41.844263486971),C,9,2021,17:00:00
62871feb98043a8ec66d8247ce7243d5009c3b4d48995f7778bbd178193628019a24238b12094d69dbbd3d51d9ffa712ebe2d6a75731784d6355821993fc832b,2016-03-02 08:00:00,CLEAR,DAYLIGHT,ICE,NOT ON SCENE (DESK REPORT),03/02/2016 10:00:00 AM,41.73685683,-87.597823301,POINT (-87.59782330097 41.73685683003),C,3,2016,08:00:00
624f55770ff683cf978c602d41ab9ff12e447c67dabf11fd20fc00b7da9fa7ce8092b42cd197862a9507a516757bfff09c28fd7cc81971fd3d00567790affb0f,2018-07-27 13:30:00,CLEAR,DAYLIGHT,DRY,ON SCENE,07/27/2018 01:35:00 PM,41.904002067,-87.711567178,POINT (-87.711567178033 41.904002067013),C,7,2018,13:30:00
62aea45cb46fd5dfbd6460472fbbbd2f54dd6c6e687f8f74ccfb77e4371b013ad4ae38b8fec8546dce90ddfb5c741b92026948f0eb3934f895718f216c92e85b,2018-03-01 09:39:00,RAIN,DAYLIGHT,WET,ON SCENE,03/01/2018 10:00:00 AM,0.0,0.0,POINT (0 0),C,3,2018,09:39:00
64a20d132c47dc2dc99a7f6f3e1329000d380ff78cba26aaeaf07a99feba7c537dbbe116067c42c98aa10d2568fcf523b452c30143820b6b985040d660ba7f85,2023-04-19 07:45:00,CLEAR,DAYLIGHT,DRY,NOT ON SCENE (DESK REPORT),04/19/2023 09:45:00 AM,41.903536788,-87.661859583,POINT (-87.661859582959 41.903536788031),C,4,2023,07:45:00
651f90c25cecb9e7943c098f3f5245aab250598d63e68187ef83e9ab6c69ccc41265c036d65ec8613364afa8267aa3b9bed21fc09ebfbd6d68e09617c0ca4693,2017-05-22 12:07:00,CLEAR,DAYLIGHT,DRY,ON SCENE,05/22/2017 12:08:00 PM,41.875187144,-87.640922569,POINT (-87.640922568976 41.875187144024),C,5,2017,12:07:00
65fbf0fe84313cf30c14f2b9bd85434709c7cb326d8a559a567ebcca819d15d750dc34d35353cf40a05fccc7cf3756bbc8d1ce82245949ede56fbf58b5447bd2,2018-12-23 20:49:00,UNKNOWN,UNKNOWN,UNKNOWN,NOT ON SCENE (DESK REPORT),12/23/2018 09:00:00 PM,41.924490094,-87.717288131,POINT (-87.717288130979 41.924490093998),C,12,2018,20:49:00
6448eca5b17fceacc9cdfc012b0792b71d8cbb04bc790eefc9d62b147b5ca439942c44db2273ba843f9179a16644f745e308c35ca91216945dec32e8aea611f9,2019-11-02 12:02:00,CLEAR,DAYLIGHT,DRY,ON SCENE,11/02/2019 12:09:00 PM,41.975458553,-87.747327999,POINT (-87.747327999047 41.975458552982),C,11,2019,12:02:00
65f381ae2f28583c9381898779c638637fd5853fb782d121c9564e4ea57c0ec9bff9c3d7911fe4b0fdfbcfe9684154cb60db426110a19aa77ff94648f75898ce,2021-04-04 19:04:00,CLEAR,"DARKNESS, LIGHTED ROAD",DRY,ON SCENE,04/04/2021 07:05:00 PM,41.731643855,-87.577869257,POINT (-87.577869256976 41.731643854958),C,4,2021,19:04:00
6531462425f6267a982964af011ed6d2db4772cfb65258e8f25496b6f8ff20cdb150b742b743ff6982bd5ed9614be8e13f7e7ba26671e08cc295752a65640d00,2015-11-16 16:30:00,CLEAR,DAYLIGHT,DRY,NOT ON SCENE (DESK REPORT),11/17/2015 12:25:00 PM,41.785781801,-87.617553834,POINT (-87.617553833954 41.785781800989),C,11,2015,16:30:00
657e8aa67aeca44839c4537df928fb7c1963ae54d1924b4c9a3c22d36c2ea1818e656f07264dff39edff923c05d14011595d18a8af2ec2c5a29f873850bcc0f6,2021-09-11 11:00:00,CLEAR,DAYLIGHT,DRY,NOT ON SCENE (DESK REPORT),09/12/2021 11:30:00 AM,41.817683733,-87.6650402,POINT (-87.665040200043 41.817683733038),C,9,2021,11:00:00
6580097857dbf1fd38fd9370c43318a82a69611dd53207a0f7b3cac4167b8439fb78a661c2487e29b470b69a33c031541db2baf88ddd42f01db68e01978d631f,2023-06-19 11:00:00,CLEAR,DAYLIGHT,DRY,NOT ON SCENE (DESK REPORT),06/19/2023 12:00:00 PM,41.918288317,-87.65108886,POINT (-87.651088859966 41.918288317039),C,6,2023,11:00:00
64a5317c2bc305df29ff8e3d96a6384924d5f96645ebf2cab3a04c84b02780ee1037ebb2fdb0b2b48a37446a70c63c4971fded9c65ef2c829733fc7882f59917,2023-07-24 12:45:00,CLEAR,DAYLIGHT,DRY,ON SCENE,07/24/2023 12:50:00 PM,41.927018439,-87.687864302,POINT (-87.687864302034 41.92701843896),C,7,2023,12:45:00
651ff9543a7c30f9fdfa48f4e9a8d2df77304f063a9765cbd6a312960f6a9c5fd8ee7638a17ecaafd2fd79bee6ec2a81c2711c79cf645b972635879f6313bc88,2015-11-22 00:50:00,SNOW,DARKNESS,SNOW OR SLUSH,NOT ON SCENE (DESK REPORT),11/22/2015 01:15:00 AM,41.924697278,-87.718357061,POINT (-87.718357060977 41.924697277952),C,11,2015,00:50:00
664c55d50ace4454917fc48da07e39e043bec6aeaefd7675f5e747a204ccf3d4057868d4376cdee6ef23fbf03df8b589e2c692b0355d0e10a8f362f2dc5e7ce2,2019-06-14 16:00:00,CLEAR,DAYLIGHT,DRY,NOT ON SCENE (DESK REPORT),06/14/2019 05:21:00 PM,41.880660067,-87.740728133,POINT (-87.740728133013 41.880660066981),C,6,2019,16:00:00
66642c4ea221703fe58ca2c17dc590c5f7aa093a1e590091d865a0a82fb92ca7a8962cfe0940f341db63be8d0e346a371de4da731590b69578fbb3151e6c52bb,2020-02-15 22:11:00,CLEAR,DARKNESS,DRY,ON SCENE,02/15/2020 10:59:00 PM,41.805776842,-87.607136284,POINT (-87.607136283955 41.805776841978),C,2,2020,22:11:00
65b77f67c108045cc3a94463f2f6c97334c3bc33e5f2fa8dd64748f421ed9c0b5187f10b59978417f608738987d3cfc86629e21ae03770d338c3cf17ef931acd,2021-08-01 08:50:00,CLEAR,DAYLIGHT,DRY,ON SCENE,08/01/2021 08:51:00 AM,41.758578915,-87.610110946,POINT (-87.610110946047 41.758578915017),C,8,2021,08:50:00
640900c8abc3cc098c41a09d9cd157865e36622bc582110e2c499f03fb4511aa5cad0e108f8b721473649ac678ed494839be33f4748a39e1d14fde134dd9175b,2019-07-27 20:11:00,CLEAR,DAYLIGHT,DRY,ON SCENE,07/27/2019 08:11:00 PM,41.940313473,-87.712389828,POINT (-87.712389828038 41.940313472966),C,7,2019,20:11:00
65629e4ca573e0cf7b6b4049ce29683d6ec404f1a8b2f2f51f9eb59c887a4f52918e39d9730c2b5756f96c1dc05333028f8bde0040e8105ec4877b1d266c205e,2018-12-12 15:10:00,CLEAR,DAYLIGHT,DRY,NOT ON SCENE (DESK REPORT),12/12/2018 03:50:00 PM,41.735617968,-87.682663369,POINT (-87.682663369002 41.735617967973),C,12,2018,15:10:00
65b998c5bcf2c2d9f481e949e0ca593ee17f7182c672bc0da92d29417c8d9585e86e23bbf05ad16cd18a5a1f8dae42bbb10a68a8de3c41f5c30952f7f767a93e,2017-04-04 06:35:00,CLEAR,DAWN,DRY,NOT ON SCENE (DESK REPORT),04/04/2017 06:06:00 PM,0.0,0.0,POINT (0 0),C,4,2017,06:35:00
667c169d97e644294c11feeb8d70592eaf0ad8a3884b57649c2eddb912213f12e461628f1b5ab97826274d6d1f3ad48c45264dec9ac094ea87dfcfd44a7e76da,2021-11-20 00:30:00,CLEAR,"DARKNESS, LIGHTED ROAD",DRY,NOT ON SCENE (DESK REPORT),11/20/2021 12:45:00 AM,41.916342918,-87.721493636,POINT (-87.721493636048 41.916342918031),C,11,2021,00:30:00
65733c6e9498d00703916e48e2863e8fa2e725bfb130aab5f05a1c07e4d4583f088b60bb3d5a0eb52e2b16c5511182a0eb23b57546e37434bc396b0dc3759810,2018-09-16 02:45:00,CLEAR,DARKNESS,DRY,ON SCENE,09/16/2018 10:47:00 AM,41.656881919,-87.542496786,POINT (-87.542496786002 41.656881919029),C,9,2018,02:45:00
6522d1016cfef0093eb4f60daafb832fea6363449741b11bb3736dbc5f26fe06c544a55e5148b8cb7e9aee83e5bf04166810b6d867ca02920f0fe5a577286c55,2021-08-03 15:00:00,CLEAR,DAYLIGHT,DRY,NOT ON SCENE (DESK REPORT),08/03/2021 06:38:00 PM,41.916760313,-87.752866224,POINT (-87.752866223957 41.916760313025),C,8,2021,15:00:00
64298fc9f79a87e108a741204e18a6acf41357c645812153828fe48ce404ea5e432686db405d1e0fa22ae8ff59c43f5370904b23bc8a1a895899cae777169865,2019-08-23 14:30:00,CLEAR,DAYLIGHT,DRY,NOT ON SCENE (DESK REPORT),08/24/2019 12:42:00 PM,41.902468382,-87.726443256,POINT (-87.726443255991 41.902468382006),C,8,2019,14:30:00
657e2dfb316b4b03a22109fe07a585db0661c34e28b9d8541e6dc4072d3196918c1bff9bff958e33697dc375baa0688dbfcd2ac8311471312d450d71ed212d86,2018-05-25 11:18:00,CLEAR,DAYLIGHT,DRY,NOT ON SCENE (DESK REPORT),05/25/2018 02:30:00 PM,41.822958463,-87.691425915,POINT (-87.691425915045 41.822958462973),C,5,2018,11:18:00
63c1aa357a4d146f5910114a2bb0e83c870071d7022831e904e9b231c7cc3572141d0320aad16752ac8117e0a38576e678919bd372919f4d56301c4f7bccfb36,2022-08-10 20:00:00,CLEAR,DAYLIGHT,DRY,NOT ON SCENE (DESK REPORT),08/11/2022 11:00:00 AM,41.785387445,-87.606183761,POINT (-87.606183761008 41.785387444959),C,8,2022,20:00:00
6521963de9f8c5cde693b28a68bf134ccac5bc5927b51338906b6d0e50dcc8b9d6791bab948847bc05bccb65798adc6dab53aa4a52451c9bf02811315a340cea,2023-05-13 15:11:00,CLOUDY/OVERCAST,DAYLIGHT,WET,ON SCENE,05/13/2023 03:45:00 PM,41.893216223,-87.624812444,POINT (-87.624812443976 41.893216223021),C,5,2023,15:11:00
66853e9f053cd910d70f580a16b11654c5ea9944e28b2bfcd598f5ec22a14798af62469452ecc4d00978eec07813286ce237f6fb7d6c557cd2ff604f52994111,2017-10-15 02:20:00,RAIN,"DARKNESS, LIGHTED ROAD",WET,ON SCENE,10/15/2017 02:30:00 AM,41.89186947,-87.622748584,POINT (-87.622748583999 41.891869470026),C,10,2017,02:20:00
65bb15ee2e568c93c3c655a92582a1323bc7332cc8bf361bbe04f3dbaa85f82571954ca25c5dd6ea9caa5afce3ce351a94f08c7ba881ada4ab3d068b1f9d63cc,2017-01-18 17:30:00,CLEAR,DUSK,DRY,NOT ON SCENE (DESK REPORT),01/18/2017 06:15:00 PM,41.932604222,-87.727148226,POINT (-87.727148226037 41.932604221966),C,1,2017,17:30:00
65d36ca0a80658eaffc3985ceb45444a098fe050e7c9c30b5e5d4d9542de4d7e946818a61a39c022af2ef239bb3cff303feab9774e9da40fe89a2d0102db8a7d,2020-07-14 12:37:00,CLEAR,DAYLIGHT,DRY,ON SCENE,07/14/2020 12:37:00 PM,41.87540852,-87.710679097,POINT (-87.71067909701 41.875408519999),C,7,2020,12:37:00
664fa31377d2957a9c2a1b3102d32db0352f659717d800d3072a553949fb4daf336725b39902d40a74a75d3978150176aa63176d4b41e0d4c15144d287648827,2019-03-11 16:28:00,CLEAR,DAYLIGHT,DRY,NOT ON SCENE (DESK REPORT),03/11/2019 04:46:00 PM,41.969038442,-87.667662387,POINT (-87.667662387022 41.969038442049),C,3,2019,16:28:00
64388022bd8c4fad9c6e97130e9d5fcc7026651c20457d92fe985121f8c61d65450707d6caffa456c24a6783f8d05425862dfa7dfb1d6f101681422aa962ac70,2023-06-12 17:42:00,CLEAR,DAYLIGHT,DRY,NOT ON SCENE (DESK REPORT),06/12/2023 06:13:00 PM,41.920404013,-87.768350022,POINT (-87.768350021967 41.920404012953),C,6,2023,17:42:00
658f67004769f07fae5be3f09c2f0749ee07a91bfad82d624fd5d4ee969cc1f51d41e40c241ea009f3fec7ea6fe4c1961c45bdb9c6dbc2444d05923ddfca190f,2018-06-01 07:50:00,CLEAR,DAYLIGHT,DRY,ON SCENE,06/01/2018 07:55:00 AM,41.779351179,-87.684804466,POINT (-87.684804465996 41.779351179003),C,6,2018,07:50:00
6490ea1ec64dfa1242c01ba3ffaae40cfaf01a397cc1106b7ef89f1b77a516fc9f66df912d47776c7f0622cfb19318e719c179754ebd4e8a409a734918f1be44,2022-04-28 14:50:00,RAIN,DAYLIGHT,WET,ON SCENE,04/28/2022 03:40:00 PM,41.810440446,-87.710418852,POINT (-87.710418851956 41.810440445956),C,4,2022,14:50:00
661abc427c8cd3fdeee7daff2bf66e91e70598ae299215dc5640920dd69700d34df49218d579424e8674c8b9ce47a2817e5b8849e58c4729fabcf51c54a1e1f8,2022-08-26 13:24:00,CLEAR,DAYLIGHT,DRY,NOT ON SCENE (DESK REPORT),08/26/2022 01:50:00 PM,41.983790707,-87.656760371,POINT (-87.656760371006 41.983790707046),C,8,2022,13:24:00
65d0f619bce3d96cd787cd18e91a2977d496345b1bcc56aa96d0923d46a583b862489d23032953f53f1acbeab4d4b8d0fd41341fcc2a25fc91cb65e97db42baa,2019-03-29 16:00:00,UNKNOWN,UNKNOWN,UNKNOWN,NOT ON SCENE (DESK REPORT),03/31/2019 02:22:00 PM,41.692381229,-87.649254102,POINT (-87.649254101988 41.692381228952),C,3,2019,16:00:00
64b59f2a398e11d50396c26eb5f9388b98994d5c532e65fc2fb6809eedee7244cb9cca237d5291957e94d00b25761eb7bce87fdc374d01709000c8a571c3b0a7,2020-12-22 18:00:00,UNKNOWN,UNKNOWN,UNKNOWN,NOT ON SCENE (DESK REPORT),12/23/2020 03:00:00 PM,41.744151639,-87.585945067,POINT (-87.585945066953 41.744151639042),C,12,2020,18:00:00