CRASH_RECORD_ID,CRASH_DATE,WEATHER_CONDITION,LIGHTING_CONDITION,ROADWAY_SURFACE_COND,REPORT_TYPE,DATE_POLICE_NOTIFIED,LATITUDE,LONGITUDE,LOCATION,CRASH_TYPE,CRASH_MONTH,CRASH_YEAR,CRASH_TIME
6466ad5a3a8392ca3130ec39ffa30a2614fa9298bdb4c0c203e8b54ad98e186f1e14bfaca0f513fdabe48ecd7003a1292423d88bfc90c4a55b5cbf0c5737f6dc,2021-11-01 18:10:00,CLEAR,"DARKNESS, LIGHTED ROAD",UNKNOWN,ON SCENE,11/01/2021 06:14:00 PM,41.850509613,-87.726739516,POINT (-87.726739515981 41.850509613037),C,11,2021,18:10:00
65e5e376da78716f8127a6d22796c4e08c80025670a3d1a9b8311474f74f0db9e2b9825ab8ad896789de523792107220756796b0fde79612562355caa3be7760,2021-03-07 07:00:00,CLEAR,DAYLIGHT,DRY,ON SCENE,03/07/2021 08:00:00 AM,41.75616061,-87.634583596,POINT (-87.634583595966 41.756160610031),C,3,2021,07:00:00
667629c8ebbedc04a8cfdb34d0a4639236563916df145e3f686546f46a6bd6cc091caf7db977b4419698622c241a30749511bbcdfbc16d307d56a5419395cb25,2022-03-13 05:30:00,CLEAR,"DARKNESS, LIGHTED ROAD",DRY,ON SCENE,03/13/2022 05:55:00 AM,41.918546072,-87.785138318,POINT (-87.785138317966 41.918546071981),C,3,2022,05:30:00
642dbf3cba57319db878ea42f5d75f3c1a1b33f6851365f7b6e5e4f1fd723f233a83a0c0d7ebb80b018d651d05cdd57dc2372ab4725cec23af54d05f8e88a779,2022-12-17 11:30:00,CLEAR,DAYLIGHT,DRY,ON SCENE,12/17/2022 11:35:00 AM,41.932748996,-87.653801489,POINT (-87.653801488996 41.932748996009),C,12,2022,11:30:00
64b185d74e76323dcaeeeb4380bf41fd1a2cea93113f31a092c626d9fcf8e756abb502e691cdd73f283af5799f092744064d619205bda6c51b2a81621f1044aa,2018-11-29 19:14:00,CLEAR,DARKNESS,WET,ON SCENE,11/29/2018 07:17:00 PM,41.707818604,-87.628189489,POINT (-87.628189489017 41.707818604048),C,11,2018,19:14:00
63f27eb759f880edb6ed5e66877d54b1e1e2edb610ff4580da327dc997a4d3b7190823b8e2afea8b78c169d787ca59ab4706fd366507dfe23447d689ab75680c,2020-05-26 08:00:00,UNKNOWN,DAYLIGHT,UNKNOWN,NOT ON SCENE (DESK REPORT),05/26/2020 11:30:00 PM,41.904694749,-87.725001325,POINT (-87.725001324993 41.904694749022),C,5,2020,08:00:00
65bb20d5b4b074c4eee7974c2522c35e9b42265af9af6f0fa22b4a5fd3c2a749527211e76c90b7e81cc965430dc198190da335647760df0e5c2feb1e60b3c399,2023-07-16 18:45:00,CLEAR,DAYLIGHT,DRY,ON SCENE,07/16/2023 06:45:00 PM,41.879186543,-87.741177315,POINT (-87.741177314993 41.879186543017),C,7,2023,18:45:00
652b13f7eecff77eafe3c0c5a6c556329e048df5d135abeef4e6220c9def5cda1e83f7854d79a2cf432d87c7e5066f4fa72a31743c2095fe86f5bd192dc8990d,2019-11-09 09:30:00,CLEAR,DAYLIGHT,DRY,NOT ON SCENE (DESK REPORT),11/09/2019 10:18:00 AM,41.781547646,-87.668971839,POINT (-87.668971838978 41.781547646003),C,11,2019,09:30:00
64c62da360c84ef00594bb0cd06c34ba95d50d075fb9c940f1c13b6a00c1069075693ad4fcaaf7836a96088362991306618a22aa3f2a59cac055703f6168f3f0,2018-03-09 22:23:00,CLEAR,"DARKNESS, LIGHTED ROAD",DRY,ON SCENE,03/09/2018 10:23:00 PM,41.777527413,-87.665370225,POINT (-87.665370224966 41.777527412975),C,3,2018,22:23:00
6409d1347696a34bc7535a394cdaafa38250d9193db8343ef42dbeb368152b76dca19fc8e80f41ba7a70764969fca50f4fd36a5cebd348cec364aec6a7674994,2020-03-11 16:00:00,CLEAR,DAYLIGHT,DRY,NOT ON SCENE (DESK REPORT),03/11/2020 04:43:00 PM,41.895043912,-87.624858456,POINT (-87.624858455979 41.895043912014),C,3,2020,16:00:00
64d69777758feea35a82a4f7b2b429d7b8508a0124f10600712e953b621b0f422a046b8dbd4600c6116893cce0d07fc46c9177288c2ff87bcc007fbc4ec45876,2021-05-14 16:50:00,CLEAR,DAYLIGHT,DRY,ON SCENE,05/14/2021 04:50:00 PM,41.898201888,-87.711669683,POINT (-87.711669682966 41.89820188801),C,5,2021,16:50:00
6674e3abd8c9153a81818717da71a5c0d256e3a13baf512add559f0943c145ce6d0e19265ef55268a543ba8329864da20ebde3a3702cceaa4f155508e9596b03,2017-11-22 14:27:00,CLEAR,DUSK,DRY,ON SCENE,11/22/2017 04:57:00 PM,41.903825234,-87.64328636,POINT (-87.643286359995 41.903825233976),C,11,2017,14:27:00
65038e2166e1073db5dd87815cb34e356ee1b4f7e9edd9cd050c2ec1b97139c84cca167f182b6a787c683b197c332035243a06dfb6c28e330470832c72b3f228,2020-06-11 16:30:00,CLEAR,DAYLIGHT,DRY,ON SCENE,06/11/2020 04:31:00 PM,41.844607515,-87.694804642,POINT (-87.694804642033 41.844607514956),C,6,2020,16:30:00
63f303af5b1ee0f2582106c1232270d8efe50aa5d8dfa8f65f0d6ecbb3f550207f89f5277228c28f514189cbeff1fc0f48dff12c8a5fe5a25ad3dfe28ab97f3c,2020-04-13 12:00:00,UNKNOWN,UNKNOWN,UNKNOWN,NOT ON SCENE (DESK REPORT),04/13/2020 01:30:00 PM,41.745585752,-87.613706583,POINT (-87.613706582999 41.745585752047),C,4,2020,12:00:00
6602ab3372d3f6a11d4e24484fcafb247551edbfe062d833637b22731ce137617db1c5db2197273533f199a34e04cdf5c0ac31442c5a8115a6a6839e45f45965,2019-12-20 01:38:00,CLEAR,"DARKNESS, LIGHTED ROAD",DRY,NOT ON SCENE (DESK REPORT),12/20/2019 01:38:00 AM,41.876926589,-87.745039137,POINT (-87.745039137038 41.876926588953),C,12,2019,01:38:00
65b2905a6739eae88b02eed984ad008c61e6d67ac240faf4d4c38632ded97bc25a01fdd6332fd380ac8d81a9c2a9287d79d5534a7a10a5131f9f2d31f133cc86,2019-06-13 11:11:00,CLEAR,DAYLIGHT,DRY,ON SCENE,06/13/2019 11:11:00 AM,41.764744057,-87.668903132,POINT (-87.668903131974 41.764744057012),C,6,2019,11:11:00
64d800d5470ffea103e9887babe1a2fcbc0c30086f84728b99dc199a33536a79ff51d40a3b0b1bbc69612da35d31a77c8bc40a140f0f131a0dd7c2f4ff051958,2018-06-29 14:30:00,CLEAR,DAYLIGHT,DRY,NOT ON SCENE (DESK REPORT),06/29/2018 03:40:00 PM,41.741803599,-87.740953582,POINT (-87.740953581987 41.741803598989),C,6,2018,14:30:00
6685c735301cebc1187397d6cedb8dd995d532c2e303dee230985ed263c619c1fbb7e6395eb3b40b79dfe189dff793d1a0eb84a0b0c65acaf54a462189ea6611,2016-10-21 17:15:00,CLEAR,DAYLIGHT,DRY,NOT ON SCENE (DESK REPORT),10/21/2016 06:25:00 PM,41.909276698,-87.764981718,POINT (-87.764981717954 41.909276698026),C,10,2016,17:15:00
64dd889d268b34c6a9e3b013eaef82b5b0c02faeb780adc4951c663408ccec3d643b1b485d6b34f6e4801c312d669b06e05cd3384e47f5a2422245e9b13a42de,2017-02-28 17:45:00,RAIN,"DARKNESS, LIGHTED ROAD",WET,NOT ON SCENE (DESK REPORT),03/03/2017 07:41:00 PM,41.890355784,-87.614377352,POINT (-87.614377352049 41.890355783989),C,2,2017,17:45:00
66730d993eb7e6c078ae9741dd8917e06a1df108ea14dfb7cae848122fd9dbbacdcc26a70a1c20e995aeae2c6ef596cf26994851038d6a5017279ea26713899d,2023-05-01 08:00:00,CLOUDY/OVERCAST,DAYLIGHT,DRY,NOT ON SCENE (DESK REPORT),05/01/2023 03:30:00 PM,41.85299459,-87.629136748,POINT (-87.629136747987 41.852994589998),C,5,2023,08:00:00
645da3eeadcb76729d8e89d6a689affbf83d03d3d5c51e5ae6e76c99093a04a1fff5ba7e0607c690ca1911e7b420ade5795871619c0d6791b5a77691ffa6da6e,2018-10-25 22:45:00,CLEAR,"DARKNESS, LIGHTED ROAD",DRY,NOT ON SCENE (DESK REPORT),11/01/2018 12:45:00 PM,41.721871487,-87.621780379,POINT (-87.621780378956 41.721871487013),C,10,2018,22:45:00
63ceedb514296c0b185cff4ea06a21dcbf032d5af2f9bb6859180cb2480977550280c7a6cda5b6d6ddebf3d4ee22568dbd4c55d756e86f4b9518c03ff56d5b1d,2021-08-20 22:25:00,CLEAR,"DARKNESS, LIGHTED ROAD",DRY,NOT ON SCENE (DESK REPORT),08/20/2021 10:52:00 PM,41.910483811,-87.683712523,POINT (-87.683712523012 41.910483811009),C,8,2021,22:25:00
665a3e72dab19eead1ebf95f6ffb45b4ef38ee38e68493e841eb1bed20ec0e0c3cb09ab51ee410fdb7c45ee0019839a329237905abba575a6abc45c178ffe5b6,2018-06-29 09:52:00,CLEAR,DAYLIGHT,DRY,ON SCENE,06/29/2018 10:15:00 AM,41.810440446,-87.710418852,POINT (-87.710418851956 41.810440445956),C,6,2018,09:52:00
6457b7201535743294676566e529aff2ac380cb56573935aa358c91f287de18a2ad240b4f72c3125ec1edae42072828a32161559f81494bdba12357483e9b343,2022-10-18 12:26:00,CLEAR,DAYLIGHT,DRY,NOT ON SCENE (DESK REPORT),10/18/2022 02:25:00 PM,41.886676655,-87.69354148,POINT (-87.693541479988 41.886676655033),C,10,2022,12:26:00
64019f57594d43e451d73da6e36a5c6e2308340c1763e8d4acd21ec867cf17d70ba2b50930cec9cc846c8522593878cc8f481bc7d64b27d6a108cc621d4ab775,2019-12-03 12:30:00,CLEAR,DAYLIGHT,DRY,NOT ON SCENE (DESK REPORT),12/06/2019 01:25:00 PM,41.75869138,-87.60533417,POINT (-87.605334170015 41.75869137995),C,12,2019,12:30:00
6563b4ee0200162e94a8991575897ab41994b4b5c64e58a2dac4782a525d4b9298963915f03d8187fe8d053ceb540371cf100642b9febc54c512c3ceb8aefe07,2019-06-02 21:00:00,CLEAR,DAWN,UNKNOWN,NOT ON SCENE (DESK REPORT),06/02/2019 10:00:00 PM,41.793378954,-87.584053824,POINT (-87.584053824031 41.793378954013),C,6,2019,21:00:00
650c522d1c8a1b50741cf67149bd86cead16613fc8d24427e2a1294c2e3f7ad0c3c62e0e1372f27b7a8765930ab3daea3d8bb6fcbb0bc344bc414dcefba31f19,2022-06-20 16:53:00,CLEAR,DAYLIGHT,DRY,ON SCENE,06/20/2022 04:55:00 PM,41.958986951,-87.933993929,POINT (-87.933993928974 41.958986950953),C,6,2022,16:53:00
648b83b4bf85e3439b23cf5f8650a644bb4770040152cd4539935912e5f03eb9c3cf781d572718ec39cb335f9265317639d2e29e06de47feb33290f3fb7d63a5,2023-04-14 15:00:00,CLEAR,DAYLIGHT,DRY,NOT ON SCENE (DESK REPORT),04/14/2023 03:30:00 PM,41.897536417,-87.754290817,POINT (-87.754290817037 41.897536416968),C,4,2023,15:00:00
64ef3fc8c91d5335d819aa3044e7a757875232e63790fd321fa8a5fc6461a0549755ddd6ec0fcee42f04d108be7263765fa1c09e7ce568b218decea0c0265c20,2020-08-07 13:10:00,CLEAR,DAYLIGHT,DRY,NOT ON SCENE (DESK REPORT),08/07/2020 04:15:00 PM,41.832468285,-87.66429187,POINT (-87.664291869972 41.832468285018),C,8,2020,13:10:00
644056a31346511c4bbdeb1413ea37442387156892b319ce430d842adc87ae67ae78f511451adfefcb24da0752375b92d8bf4690d9ccd61d5dc8c5f065131177,2020-12-22 15:30:00,CLEAR,UNKNOWN,UNKNOWN,NOT ON SCENE (DESK REPORT),12/22/2020 04:50:00 PM,41.906353535,-87.714089695,POINT (-87.714089695018 41.906353534992),C,12,2020,15:30:00
65696dedbb2db29ec543005fccb7898abb1509410d759a72cdb4395e588162198be9fd3a8c3ef1cd7ff71718e396ffb76d65fdee52fe35a164872d0a42406822,2018-08-13 22:53:00,CLEAR,DARKNESS,DRY,NOT ON SCENE (DESK REPORT),08/15/2018 10:00:00 AM,41.953203301,-87.756048735,POINT (-87.756048735038 41.953203300975),C,8,2018,22:53:00
666da3255004557d62b0399de5c75029773e5620be7c9482d7290312c95b4e494f8c09df7436e4f4020486b6a6b4498a58195c4ce9b92d0a60d9f4dd325bda96,2019-11-15 11:52:00,CLEAR,DAYLIGHT,DRY,ON SCENE,11/15/2019 11:57:00 AM,41.990024694,-87.728708871,POINT (-87.728708871015 41.990024694008),C,11,2019,11:52:00
65d132ab566723a10ba760dc31a06d54df32784c997e3d175ed6cb70a00f91c80e5410ee0302a9f038617edfb9532f96759eb2e6e55eb8237618c7d8c2d57249,2018-10-01 12:50:00,CLEAR,DAYLIGHT,DRY,ON SCENE,10/01/2018 12:59:00 PM,41.804229492,-87.602414186,POINT (-87.602414185986 41.804229492011),C,10,2018,12:50:00
655bd2e19ab6f5dfda13877349476ea6402437314d19a797c4000f09197a816c26dbf0d15a30f772b4c04eff3708d00ee50bd34c38bab47908d0df16ce4acaab,2017-05-20 14:15:00,CLEAR,DAYLIGHT,DRY,ON SCENE,05/20/2017 02:20:00 PM,41.975548096,-87.669750241,POINT (-87.66975024096 41.975548095966),C,5,2017,14:15:00
6642fb8e8152e33c79df7008fe518835f48fbc157b54690dd49a20b2c2ed1186c283b9bcc6d5163bcb2503f6f7369ce982bf0ce4725fba2f0460d527232b0808,2018-02-28 07:05:00,CLEAR,DAYLIGHT,DRY,ON SCENE,02/28/2018 07:13:00 AM,41.967797374,-87.757318908,POINT (-87.757318908014 41.967797374042),C,2,2018,07:05:00
654e9e0c108556a1bff8319f89554c98c53272cfaff6542a6ce82efbbf5d18aa230dccb07e23fbde43ac039059930cca9d96f7a0533a531b82e1ad4d14608de4,2021-12-03 23:13:00,CLEAR,"DARKNESS, LIGHTED ROAD",DRY,ON SCENE,12/03/2021 11:18:00 PM,41.939307519,-87.718735402,POINT (-87.718735402025 41.939307518988),C,12,2021,23:13:00
6672721577a7a1064321f911298d584ac9fb6a336b8ab2bf415e9f1a6467880944732bab6fa1fa6a7756eb7f951845f1b3cfa415956a884650c68d9592285002,2017-11-06 08:47:00,CLEAR,DAYLIGHT,DRY,ON SCENE,11/06/2017 08:57:00 AM,41.749951717,-87.702793172,POINT (-87.702793172006 41.749951717008),C,11,2017,08:47:00
666e447b514da0b1e7c22fba2f87bbb1d3273c633290885b1bd94c596a485db169322b6074612dae62bf63246e5bd4feea170ee9a3293169c20cafbdd648b431,2018-03-30 06:43:00,CLEAR,DAYLIGHT,DRY,ON SCENE,03/30/2018 06:48:00 AM,41.817683733,-87.6650402,POINT (-87.665040200043 41.817683733038),C,3,2018,06:43:00
64e70d91797860f96eb730aaf0a85b0b91fe2cee29dfa00febeeb90093312754396d9213a95e1a02be3de93ca22ef15f0a6ec4b6882641e7963b9ca6af21c4a6,2019-05-19 15:20:00,CLEAR,DAYLIGHT,DRY,ON SCENE,05/19/2019 03:25:00 PM,41.87226671,-87.66640582,POINT (-87.666405819987 41.872266710041),C,5,2019,15:20:00
65684efd53c57657e2c7e1aa69b4d7036e55fed50e39f8b0a7bc8e202cd47e783b821291e729b473cd02a6386297f4dc113e4df546e76e1d0ca04254f4998ff8,2021-03-15 16:18:00,SNOW,DAYLIGHT,SNOW OR SLUSH,ON SCENE,03/15/2021 04:18:00 PM,41.88130621,-87.669554287,POINT (-87.669554286979 41.881306209995),C,3,2021,16:18:00
63f47edef382625f5415f0f6ab93678a23a5a20c1c8eecbe943e240f021d730803c708b42a0209a1d319c890d999ef028784d23e5837aa9a3d09cef0b14ce512,2018-03-13 17:06:00,CLEAR,DAYLIGHT,WET,ON SCENE,03/13/2018 05:06:00 PM,41.911155206,-87.643581885,POINT (-87.643581885026 41.911155205962),C,3,2018,17:06:00
65339c5c486c302f815debf44ebfa64c6e4a5511fd5b67bc55e5bdf242ceac8b3a333c50a26f34323f0903bd4620bb1c969c4c86defa6908a355e709b1f9043b,2017-06-25 18:10:00,CLEAR,DAYLIGHT,DRY,NOT ON SCENE (DESK REPORT),06/25/2017 06:23:00 PM,41.786192939,-87.701055579,POINT (-87.70105557902 41.786192938996),C,6,2017,18:10:00
64e9e2b4cd128e8414b1112d30a23e4b680fdae4dc85ab22aa9ccb5b796ca10e8c3f117dd4199732db678393169182cee2a9d3a58f1e74a177ed04c106d3b162,2016-01-05 01:50:00,CLEAR,"DARKNESS, LIGHTED ROAD",DRY,NOT ON SCENE (DESK REPORT),01/05/2016 02:27:00 AM,41.975355803,-87.65189745,POINT (-87.651897449989 41.975355802966),C,1,2016,01:50:00
64a13b73df493d412298dad12e7fc62679bce7d18c751e91111b4d2a49c3353a15bcb564dda3c56083486ee281787f636bfc24b135a80546cc95a5e059e93988,2023-04-03 14:00:00,UNKNOWN,UNKNOWN,UNKNOWN,NOT ON SCENE (DESK REPORT),04/04/2023 03:35:00 PM,41.903825234,-87.64328636,POINT (-87.643286359995 41.903825233976),C,4,2023,14:00:00
6580b5d8193f95dc8d80eb31a5fef8f11342f14648821e4fe7c0ec782c6943fb4ff6519254c7982fea44d5274496773cba67b557320f7ab456299420d48c49ae,2023-05-28 10:30:00,CLEAR,DAYLIGHT,DRY,NOT ON SCENE (DESK REPORT),05/28/2023 10:50:00 AM,41.946909114,-87.683469891,POINT (-87.683469891004 41.946909113959),C,5,2023,10:30:00
65c100d647488030bfc1504f1cf96d60e91eb840df6b6be43342790062085e31557df0f293b11972801f55a3105f928d16d3f4ee1689747e4ea7acf5ae19e3e9,2017-12-08 16:40:00,CLEAR,"DARKNESS, LIGHTED ROAD",DRY,ON SCENE,12/08/2017 04:50:00 PM,41.975319532,-87.659738127,POINT (-87.659738126956 41.975319532018),C,12,2017,16:40:00
66485d066cc06686dee81ac5aaf9a4fbd5e29a36315b46dd7767f1c5fd88dbe75ce400d589f1a4b780c8a84372b67494268f8e5125ea9d4b43ebb696cd83602d,2018-07-22 20:45:00,CLEAR,"DARKNESS, LIGHTED ROAD",DRY,ON SCENE,07/22/2018 09:17:00 PM,41.644718767,-87.604809927,POINT (-87.604809926998 41.644718767009),C,7,2018,20:45:00
64989259981999392a48b5121837b01220f376087c533c231d171a67ef69d62486e25788b1550d863f7714c07298ef1c1d73eaadcc00dd3a96b9cf2e83b8e0a4,2019-04-25 17:30:00,CLOUDY/OVERCAST,DAYLIGHT,DRY,ON SCENE,04/25/2019 05:33:00 PM,41.89054065,-87.627879862,POINT (-87.627879861961 41.890540649971),C,4,2019,17:30:00
6479bd86863c0c3f02139d594101071305529c6676959f0f7b72ec85ee7de355810d9dad6d59ef38d6526e91ce402904daa76ce8a85a52753efdf6e2105f2b79,2021-08-19 06:35:00,CLOUDY/OVERCAST,DAYLIGHT,DRY,NOT ON SCENE (DESK REPORT),08/19/2021 07:00:00 AM,41.82742485,-87.665343368,POINT (-87.665343367962 41.827424850016),C,8,2021,06:35:00
68b6b833810c11b572af2b79bab41b1d3f271a12918ac276a89be5bda850e68f3fb6726939f57105aa1102bae26e5c9a2f77271e374d76c06f6c725cea3937a8,2021-03-13 10:29:00,CLEAR,DAYLIGHT,DRY,ON SCENE,03/13/2021 10:29:00 AM,41.75869138,-87.60533417,POINT (-87.605334170015 41.75869137995),C,3,2021,10:29:00
66b8d210164857892833f1a8b038359d1798b04f0856525eeb3bb5f05dc30c13281dbb020d6a5747fca07ba0ab59a4ec673c3379742b92ede9ee0f7389c4866c,2022-05-21 11:20:00,RAIN,DAYLIGHT,WET,ON SCENE,05/21/2022 11:30:00 AM,41.949535494,-87.654251621,POINT (-87.654251621002 41.949535494038),C,5,2022,11:20:00
67ce4223aad64b918e2cb97681a6bba74d800a21bc0d214b18b4e3db553028710a2db65f0a7a36d37d84696d877ecafb558cf78cd2fc288976f0a9fbf2df4b65,2018-02-28 16:03:00,CLEAR,DAYLIGHT,DRY,ON SCENE,02/28/2018 04:12:00 PM,41.744855614,-87.659803585,POINT (-87.659803584967 41.744855613969),C,2,2018,16:03:00
69315ae8146dcf50095ea2510dddc60326609d7ac7f63a6656e2c03300aa74cdbe50b07627cc28bca3e22e2ce4979c62f020f6137b55be96108ec28a6ba1fc17,2020-08-10 10:50:00,CLEAR,DAYLIGHT,DRY,ON SCENE,08/10/2020 11:06:00 AM,41.758225854,-87.632096455,POINT (-87.632096454977 41.758225854005),C,8,2020,10:50:00
68d3b3ff7a8987ada7e000cb5d1dfbefb6797098c4d62e035a25e2a202871796742e611d23b73f662ced3233c0fd98242bc3c255d3689000ffc6999316b1e932,2018-09-28 18:25:00,RAIN,"DARKNESS, LIGHTED ROAD",WET,ON SCENE,09/28/2018 06:29:00 PM,41.916381427,-87.66618973,POINT (-87.666189730021 41.916381427046),C,9,2018,18:25:00
694925a6e925d1e25da17fd2397383b18edc964749e1b6c6459aefd41c429e63f80e5ea831e852e1c9e8575e37139acb6cf091e131f2ee686e4e955002744e54,2021-12-19 14:21:00,CLEAR,DAYLIGHT,DRY,ON SCENE,12/19/2021 02:21:00 PM,41.793145531,-87.719541577,POINT (-87.719541576988 41.793145530974),C,12,2021,14:21:00
67d3a502190a87d39a12b738506774813b9194acc37a1b95387cc994f21ddd2590534510798cb1f27728a632b3796128d32e9bb2900fdabafdab039af8269170,2021-01-10 23:46:00,CLEAR,"DARKNESS, LIGHTED ROAD",DRY,ON SCENE,01/10/2021 11:46:00 PM,41.796705111,-87.606421756,POINT (-87.606421756047 41.796705111008),C,1,2021,23:46:00
68ff8ed0497460f326800faabe416062e89cc8809c6616c8b54c82313a489cbb706f8d33c554fb321bbd058f00d980f20fadff972a142992a7c9a38595fb0949,2020-02-12 16:15:00,UNKNOWN,DAYLIGHT,WET,NOT ON SCENE (DESK REPORT),02/12/2020 04:54:00 PM,41.977939926,-87.75492082,POINT (-87.754920820022 41.977939925998),C,2,2020,16:15:00
671a78cefc9154dca692ff5aa6c66aa512a1fc9c8ea4eb320b54625fd37751bbd49a1ea713a11216f53f23979da280771c05a4a086e5d3b1aed0ea2b6feb792b,2022-08-19 11:00:00,UNKNOWN,DAYLIGHT,UNKNOWN,NOT ON SCENE (DESK REPORT),08/25/2022 12:00:00 PM,41.79616458,-87.650128788,POINT (-87.650128788043 41.79616457997),C,8,2022,11:00:00
690eab30fdeb8f737a6e2c1c00ea3470192444c6bd056a720d1cf72c5f7a2a0e34d98155c4b33297bb478ac90bc7bafa09f16a2667d512e6f9af1bc0a1a70ac0,2018-06-30 17:45:00,CLEAR,DAYLIGHT,DRY,ON SCENE,06/30/2018 05:49:00 PM,41.773498876,-87.697055035,POINT (-87.69705503497 41.773498875983),C,6,2018,17:45:00
686ef4e55030cc4197e06585e12fa320fb1a0ebda06e9568c452941b24809a64a33119a600be4b87568aa9f85a8bdcf792c87939e949178481b62d90bf5a2da4,2017-11-05 08:15:00,RAIN,DAYLIGHT,WET,ON SCENE,11/05/2017 08:20:00 AM,41.663243314,-87.629310628,POINT (-87.62931062803 41.663243314027),C,11,2017,08:15:00
69417696e4b035a426195f6ed1a2559fe2b635010d081e89a6f4163bca837c42546b4862303c2635f96440715367d0a877867559a9d6fdcde13a772cde894ad4,2017-08-07 23:50:00,CLEAR,"DARKNESS, LIGHTED ROAD",DRY,ON SCENE,08/07/2017 11:54:00 PM,41.90516365,-87.647975873,POINT (-87.647975872994 41.905163649974),C,8,2017,23:50:00
67b2227bd8f5664aac44839e7ec5c6750ddbf207a97dc0fb937e8c916936c5c40d1f99ce2b6165dbf0053f83ba8593de7e6d996c60b91c9f555c691d3427c385,2021-12-02 00:02:00,CLEAR,"DARKNESS, LIGHTED ROAD",DRY,ON SCENE,12/02/2021 12:03:00 AM,41.825622255,-87.649868167,POINT (-87.649868166954 41.825622254953),C,12,2021,00:02:00
693180fa041f3a207f4f2e2e2045b2c0e64e6bf58bf04d544038fb2653ac002f1e5747412728fe5bd8074d629fc6be2657e8dd820caf0da95a83339d676f9962,2021-07-09 18:10:00,CLEAR,DAYLIGHT,DRY,NOT ON SCENE (DESK REPORT),07/09/2021 07:10:00 PM,41.97600184,-87.689092635,POINT (-87.689092634969 41.97600183997),C,7,2021,18:10:00
669caad9d5564de6ba639a090c2d6499d60ef7414301fd8f733fe6554f2eed61105d258213f2fa71403079b36e131cf336632303226c71239bd316ed6ec01873,2016-04-08 08:00:00,RAIN,DAYLIGHT,WET,NOT ON SCENE (DESK REPORT),04/08/2016 08:15:00 AM,41.842221188,-87.730514552,POINT (-87.73051455196 41.842221188043),C,4,2016,08:00:00
6786e4123f80326e4547882475bb5620cb311c532d707a1fdea645f852ffa5ac1505e30b5be47551fbeec96323cc81507af8b2f8c467e83200884b116a548eae,2021-03-25 10:30:00,CLEAR,DAYLIGHT,DRY,ON SCENE,03/25/2021 10:35:00 AM,41.901503283,-87.667295783,POINT (-87.667295783034 41.901503282952),C,3,2021,10:30:00
680be0385c854449b38579ddf4628e405f42d25bc63de2fe257439bdd6737a4f8251f823d8524d477dfaea6a881dde1e173bf17386b4cb976ad808d62f03d7fc,2018-03-13 13:30:00,UNKNOWN,DAYLIGHT,UNKNOWN,NOT ON SCENE (DESK REPORT),03/16/2018 01:15:00 PM,41.721267719,-87.584839485,POINT (-87.584839485043 41.721267718978),C,3,2018,13:30:00
66d21069a0c2efe169a325130c2f3c4f9a625c478514f223dd22680c2557c6844af9f1e194f9fa3dba6d87e5401cc9f68073b475df8f6fbc63c8aacc73ec51a3,2015-12-19 09:30:00,CLEAR,DAYLIGHT,DRY,NOT ON SCENE (DESK REPORT),02/13/2016 02:20:00 PM,41.965938944,-87.688970589,POINT (-87.688970589029 41.965938944018),C,12,2015,09:30:00
673da83c465353a9e4816af4c64c016230dbf410c5a2343426b1172b20ad9092b1a3abc42cc432dca39e280b56f5168b1723c99bac68b8a4f2796c0dc7f5d4ca,2019-04-26 19:00:00,CLEAR,DUSK,DRY,NOT ON SCENE (DESK REPORT),04/29/2019 07:50:00 PM,41.910947985,-87.794908073,POINT (-87.794908073021 41.91094798501),C,4,2019,19:00:00
685bf91693f99aee67a486f6564f300da1aedbd4f1cfca55b0ff79302e3d3b23cfeeaa95c90a2529673c7e1efd2670a7300b26958912445e60cdc8abd34c0ad5,2019-11-29 04:30:00,RAIN,"DARKNESS, LIGHTED ROAD",WET,ON SCENE,11/29/2019 04:31:00 AM,41.97600184,-87.689092635,POINT (-87.689092634969 41.97600183997),C,11,2019,04:30:00
671cd6342366c6617da20a645565522f1c86dfda2be66850f841de7ce758c8b4e5b7c402c40b484712065a5cbb7a5300d06a857c1c9cfc16a6220a59502c368a,2018-12-21 04:27:00,RAIN,"DARKNESS, LIGHTED ROAD",WET,ON SCENE,12/21/2018 04:30:00 AM,41.964804103,-87.709126739,POINT (-87.709126738959 41.964804103012),C,12,2018,04:27:00
66d77e187ee47a8333564ccb29a96e0b2236b3a2f485c1734d52f4c0d34658f25a1219cade3fe0b983676d96a38d5c723c5db436239a0c7bbda02fd7662ebc33,2015-10-15 17:22:00,CLEAR,DAYLIGHT,DRY,NOT ON SCENE (DESK REPORT),10/16/2015 04:10:00 PM,41.903825234,-87.64328636,POINT (-87.643286359995 41.903825233976),C,10,2015,17:22:00
679f33740cadcea3e098194af3ac7592369238f2f848c4facc2ba25d389daeedbc9a15af77e1423827579f91f14e11094c28acc206dae17902e20460f8b5462d,2019-10-03 23:56:00,CLEAR,"DARKNESS, LIGHTED ROAD",DRY,ON SCENE,10/03/2019 11:57:00 PM,41.757679243,-87.722039552,POINT (-87.722039551958 41.757679242982),C,10,2019,23:56:00