CRASH_RECORD_ID,CRASH_DATE,WEATHER_CONDITION,LIGHTING_CONDITION,ROADWAY_SURFACE_COND,REPORT_TYPE,DATE_POLICE_NOTIFIED,LATITUDE,LONGITUDE,LOCATION,CRASH_TYPE,CRASH_MONTH,CRASH_YEAR,CRASH_TIME
6829f07002c8921fb950aa11297ed967c5b3df9245f6e5e5278c5525c77127cc31e0091fce9f3ecd96b216292510833f557ba19046b533352e1204ebd0a13915,2019-12-10 11:02:00,CLEAR,DAYLIGHT,DRY,ON SCENE,12/10/2019 11:55:00 AM,41.877975138,-87.638422171,POINT (-87.638422171041 41.877975137969),C,12,2019,11:02:00
67589dadc58e1fe9a8d917652c3f5b0a6bac4178f88a42087304bd0a4c6f37a977156e7c7a01d85e928b2353e6aae2e40ad6a7b125baeb12c8c405f9e5a4c314,2018-09-24 14:35:00,RAIN,DAYLIGHT,WET,NOT ON SCENE (DESK REPORT),09/24/2018 03:15:00 PM,41.792777244,-87.752567029,POINT (-87.752567029034 41.792777243971),C,9,2018,14:35:00
690b8ab8673b86518a8de9a79a18267bf10a887e1b08ef1bb76adf784a1d6793f78b5382bda468ab08b4484e5efd786ff4a4e13af68c57cc46fc768da6978b6a,2019-05-02 15:50:00,CLEAR,DAYLIGHT,DRY,ON SCENE,05/02/2019 04:00:00 PM,41.839618307,-87.614090377,POINT (-87.614090376967 41.839618306985),C,5,2019,15:50:00
676cc295e6ec871d06b0d1a697fa4b11255253264d0528638e6dc92188f5d2aa561004269c1f2a0a8f4d6321bdcc82b5ee02c3793aff8ca7c29d303af5d2208c,2021-04-16 08:00:00,CLEAR,DAYLIGHT,DRY,ON SCENE,04/16/2021 10:45:00 AM,41.781253265,-87.686289516,POINT (-87.686289515956 41.781253264965),C,4,2021,08:00:00
67cceb885e391653ef2018923398b0e50d3a1f704642b4cfc53eb9cfdbdf5134260a61204d464bed849ab91e42f974fe2cd7c655e910020fb4e6db2b757c58b6,2016-09-09 23:00:00,RAIN,"DARKNESS, LIGHTED ROAD",WET,NOT ON SCENE (DESK REPORT),09/09/2016 11:40:00 PM,41.906525513,-87.638386531,POINT (-87.638386530982 41.906525512982),C,9,2016,23:00:00
67c30f2d29bfdb7e77cdef90e5c7f1cc0b100c70c6b60d6c4aed639fdaeea8b2cc0570b511a85a21360658c9e9df2445454e003093614f293921528cf3c45b59,2021-03-19 17:45:00,CLEAR,DUSK,DRY,ON SCENE,03/19/2021 06:59:00 PM,41.800951884,-87.702486624,POINT (-87.702486624015 41.800951884004),C,3,2021,17:45:00
672f2775fd69e462fa9d510b0215e617dd3d98f66e0bc7cb327e779d8508ebd1714a3670fb93e939693ddc07f69db87115b855d4f35457f49edf06f58ee1dd8d,2022-02-17 15:15:00,SNOW,DAYLIGHT,SNOW OR SLUSH,NOT ON SCENE (DESK REPORT),02/17/2022 04:34:00 PM,41.844607515,-87.694804642,POINT (-87.694804642033 41.844607514956),C,2,2022,15:15:00
672ac0612ea54f90bad186b37cb9bc150dd4732a0494ec822f621804c354ffcf66de4c3599715a47cd9956f71bc641348938b0bd26eb882fab41c9305d437238,2018-06-30 19:30:00,CLEAR,DAYLIGHT,DRY,NOT ON SCENE (DESK REPORT),06/30/2018 07:53:00 PM,41.975383528,-87.752958923,POINT (-87.752958923026 41.975383528015),C,6,2018,19:30:00
693c2a55be8e494316ada365cc00ed90a27f825e9626cd422f1d718dbb49fc896c2d499e535ccb66ea339524afc04405330895a430990d4fe1572691600e3c00,2019-03-21 17:00:00,CLEAR,DAYLIGHT,DRY,ON SCENE,03/21/2019 05:30:00 PM,41.891621161,-87.624253929,POINT (-87.624253929022 41.891621161011),C,3,2019,17:00:00
691182e13ad389ec562b755c511a92a633afa47ee6f0da9d9e65a74fc719c523abc1d0b0aa6c164b4cfd4875b3c9a6caee891136c33d60611d2fda1bd9d70992,2018-04-11 19:50:00,CLEAR,"DARKNESS, LIGHTED ROAD",DRY,NOT ON SCENE (DESK REPORT),04/12/2018 07:08:00 PM,41.974329658,-87.819524932,POINT (-87.819524932013 41.974329657994),C,4,2018,19:50:00
687109844bbd7ad3a921b5224c843f3c5714afcab164b9febbc791d7943d4cf788fb2aea957534885fc9e7cf9a1d94bbdc456f96dcca3baf46e81839d4d4155f,2018-05-19 12:45:00,CLEAR,DAYLIGHT,DRY,NOT ON SCENE (DESK REPORT),05/19/2018 02:00:00 PM,41.903825234,-87.64328636,POINT (-87.643286359995 41.903825233976),C,5,2018,12:45:00
67c9bb6c51accd95c4ad9757ac70801764a11d31f0f6a112b3c20c2571a5852fb66efdeeac1ed7c0f8c5b5dde09f7a5102c62d0d851e128fd995692499d33b14,2018-05-03 11:25:00,CLEAR,DAYLIGHT,DRY,ON SCENE,05/03/2018 11:25:00 AM,41.91975438,-87.687333666,POINT (-87.687333666029 41.919754379966),C,5,2018,11:25:00
66d8ecdaadad0a620b4875158a496ba514ccfb0fd73103abb1474e8e8f04bf928280a529b3907ea75c2023c61fbd7545e83d9a20962db8cc9c6c9a405804d900,2018-02-14 07:15:00,UNKNOWN,DAYLIGHT,UNKNOWN,NOT ON SCENE (DESK REPORT),02/25/2018 03:00:00 PM,41.954105717,-87.693290369,POINT (-87.693290369008 41.954105716988),C,2,2018,07:15:00
6919f3efee43b7c069a564526864b9fd717d8563ae16f79cef665df0f1ca479d1a5ed794cc17938f50beb7cccf222545e030a0b530d861755ef47b85cc9e5b67,2017-11-24 08:30:00,UNKNOWN,UNKNOWN,UNKNOWN,NOT ON SCENE (DESK REPORT),11/24/2017 09:30:00 AM,42.0109408,-87.682754031,POINT (-87.68275403105 42.010940800028),C,11,2017,08:30:00
678e67a19b4fa999280549745aa8dc85ea38ce7f819c4af1148a2065918c0f68332fc26b54471a29a0068de68b5c3c075ae8a7494b3de0c6ae5df71e440d450f,2017-06-25 00:15:00,CLEAR,"DARKNESS, LIGHTED ROAD",DRY,NOT ON SCENE (DESK REPORT),06/25/2017 01:10:00 AM,41.891621161,-87.624253929,POINT (-87.624253929022 41.891621161011),C,6,2017,00:15:00
67ca416a3d80cb29e9ace95cc20fc9b445abc6514fbf8bdecafb7d9632ce54e8c7c78c91a045cf2d76e4d5e4cbc170a93bcd5b9eac7a490c4011fc44bb8b9277,2016-11-16 09:40:00,CLEAR,DAYLIGHT,DRY,NOT ON SCENE (DESK REPORT),11/16/2016 11:00:00 AM,41.947747644,-87.74472933,POINT (-87.744729329987 41.947747643973),C,11,2016,09:40:00
67581a94b2fd87c369bcb859ef46b25c44edf020c00414937c9202cfd09da224fb2dba920b3b571822e43962b5205ed87363cfb13781e488f1e9809057656704,2017-09-25 15:00:00,CLEAR,DAYLIGHT,UNKNOWN,NOT ON SCENE (DESK REPORT),09/25/2017 06:00:00 PM,41.9462448,-87.746433838,POINT (-87.746433837986 41.946244799972),C,9,2017,15:00:00
682c6b990d2da6aef2d641a08c54c92dd91a217b8493bee05b5c11cd44958b0247c01a7a76af99aad35a627d3cb2edda4163c25f05fff84db34e65e59bb92901,2021-03-21 08:30:00,CLEAR,DAYLIGHT,DRY,NOT ON SCENE (DESK REPORT),03/21/2021 08:45:00 AM,41.979254802,-87.728188507,POINT (-87.728188507001 41.979254802019),C,3,2021,08:30:00
66be36d631ee4ca0461eb227dec11e15249dcff0d9308606bd789357b36de837c2824f8efe6362e53b1628a510c074fbddd7b3777ed2943ef47ab2b6083d0a2d,2020-05-29 17:18:00,CLEAR,DAYLIGHT,DRY,ON SCENE,05/29/2020 05:21:00 PM,41.937469873,-87.719589608,POINT (-87.719589607998 41.937469872975),C,5,2020,17:18:00
6716ca86b1b89f9f7036499505323c3785eff825d7c12e34a1173aa4859feee48d1b0986fd8e01f1e77d52fab30b9986e424346fefa236a6e6a918f08dea211d,2018-09-17 15:00:00,CLEAR,DAYLIGHT,DRY,NOT ON SCENE (DESK REPORT),09/18/2018 02:11:00 PM,41.801401913,-87.723544598,POINT (-87.723544598036 41.801401912995),C,9,2018,15:00:00
67abb0df8d06a62844fe6144bb8a58f4c66e61cb5bf2f9f76bad41eda153c410eae20b5662eddad923ea2c8849997c610a995443d49bbff1b010d0f427b3376c,2018-11-23 23:48:00,RAIN,"DARKNESS, LIGHTED ROAD",WET,ON SCENE,11/23/2018 11:48:00 PM,41.995192726,-87.787652253,POINT (-87.787652252958 41.995192726046),C,11,2018,23:48:00
66c97a35800aa9d9cbc25c3082b824fb40d8acf991234477fdfb95a0c63a061f6723d2fdc1ed66188f824b4e4338e317d9477b3872efcf6d1729b108228edf66,2023-02-20 09:18:00,UNKNOWN,DAYLIGHT,UNKNOWN,NOT ON SCENE (DESK REPORT),02/20/2023 12:40:00 PM,41.773765662,-87.722781154,POINT (-87.72278115402 41.773765661984),C,2,2023,09:18:00
6851aa81790012876e3512d13955506ad900ae660db01fb3974bbefdea444c2cb93ffa53a564ebccf59e46e0d938f6868b07a52c5d1e1146d1183cea817b9ec3,2019-09-14 00:00:00,CLEAR,UNKNOWN,UNKNOWN,ON SCENE,09/14/2019 08:30:00 AM,41.974326808,-87.674211211,POINT (-87.674211210971 41.974326807986),C,9,2019,00:00:00
66f1af6dba00ec6ff82ebd17403b0046638bacdd46fef3078b4ba5a9f3d9b66c6d574ea48dbe9d352bfb5a0f3d66d843f72934d183a212fe91641b1187bd9e00,2016-01-12 09:15:00,CLEAR,DAYLIGHT,SNOW OR SLUSH,ON SCENE,01/12/2016 09:55:00 AM,41.77323448,-87.585162528,POINT (-87.585162527989 41.773234480031),C,1,2016,09:15:00
66b4af01da906cd8e74d0d1719cd13fa839136e38e9b74b9403fa03584d7e9f79ce91113f023522ff6c8a806fcab5d1b07745b4eb7d9e86691a03f30ff9aaf13,2016-08-29 13:00:00,CLEAR,DAYLIGHT,DRY,NOT ON SCENE (DESK REPORT),08/29/2016 01:20:00 PM,41.884348941,-87.632286376,POINT (-87.632286376049 41.884348940984),C,8,2016,13:00:00
68f732887c6009eaa898e38d36cf00b6850dbc8b85b923356ceafc183f819f9a015e844ee955f617559ef342227a2a2b4a562abd9c2f76ba3205e40ad346492f,2018-12-18 08:20:00,CLEAR,DAYLIGHT,DRY,NOT ON SCENE (DESK REPORT),12/18/2018 08:50:00 AM,41.891293713,-87.647680593,POINT (-87.647680593026 41.891293712961),C,12,2018,08:20:00
6715cbd32b347b314dc244ab2d049726d79b0a1259c60dd5bad04d49c55b15c930871c768c6f11fc8d70c59df4f5230e861ca15af2db85d37f155a3db838b7a5,2018-07-19 18:32:00,CLEAR,DAYLIGHT,WET,ON SCENE,07/19/2018 07:36:00 PM,41.750825387,-87.626474838,POINT (-87.626474838014 41.75082538699),C,7,2018,18:32:00
669f4f023b68a2f06090ba74354681274359d4eec803035e5e8c631d8026a523fa98eb0b64dcfd03bd2c9ff59b177fe385726d7c952abed196e740daaade97ea,2018-05-27 15:30:00,CLEAR,DAYLIGHT,DRY,NOT ON SCENE (DESK REPORT),05/27/2018 03:30:00 PM,41.68536921,-87.627932091,POINT (-87.627932091001 41.685369209957),C,5,2018,15:30:00
67c0a00dbf8624a877b6f304066cf5ef05e4257ef5198e419f301757a6d8cca46fa635fe48e9ece384a75eefc117a887933bb384e3b31cfd9d47d5e7d1944942,2019-10-15 18:30:00,CLEAR,UNKNOWN,UNKNOWN,NOT ON SCENE (DESK REPORT),10/15/2019 09:00:00 PM,41.890402227,-87.743314337,POINT (-87.743314337019 41.890402227042),C,10,2019,18:30:00
669a12e7b27860dca33950555a32146230710a3d4f2fc4f2f146311f988c13af48dfa8426c737573eb4a405cdab969fc2b4159191158647c6c6aae1ebd079195,2020-02-04 18:00:00,CLEAR,"DARKNESS, LIGHTED ROAD",DRY,ON SCENE,02/04/2020 06:28:00 PM,41.999410646,-87.677658146,POINT (-87.677658146009 41.999410645991),C,2,2020,18:00:00
693338896799603365d6aeffca4c0415b19390a18b2577693223c6185efbb9f5792f08f7f10b11c3e4af90e3bf2438196880a7967d4776109269e4069e98f4a1,2019-11-05 16:57:00,CLEAR,DUSK,DRY,NOT ON SCENE (DESK REPORT),11/05/2019 07:00:00 PM,41.95344345,-87.735763334,POINT (-87.735763334033 41.953443449988),C,11,2019,16:57:00
68cb5c03849c317fb5f93ba3feda769110b9a24e1ad039f7081540aaa270a458c6fc0c1492f38715a22a8cbf62320d473b0a2536c76efbaae9f8ed4c56b4cd00,2023-06-22 10:50:00,CLEAR,DAYLIGHT,DRY,ON SCENE,06/22/2023 10:54:00 AM,41.905773921,-87.628594206,POINT (-87.628594206024 41.90577392095),C,6,2023,10:50:00
67edfe34fe6bbab007fc8dbebc7d9035fa53c8b1416e3cb52931a49dc67864dd9562d21c19093487aff58befd0eaa1f3b8a9e1855d033ce98177a45afd0a0c52,2019-09-06 14:53:00,CLOUDY/OVERCAST,DAYLIGHT,DRY,ON SCENE,09/06/2019 02:59:00 PM,41.866119494,-87.720927574,POINT (-87.720927573996 41.866119493974),C,9,2019,14:53:00
68a88b97986a7dcdfbb81af30e4e52c74ba40a5c427a701cdf613d0c529227dadbf0eb5918bb905184678c7419aef89e3568f53f9d7ffebbc35b7c4ad88cc587,2019-05-10 08:00:00,UNKNOWN,UNKNOWN,UNKNOWN,NOT ON SCENE (DESK REPORT),05/10/2019 04:45:00 PM,41.870417949,-87.686289609,POINT (-87.686289609035 41.870417948961),C,5,2019,08:00:00
6748294a11cf425c73f36571ac09a918402a0512e8bc36399f1bf3f62c3e334b55d0f9170716b6d22007893b59f2400523fa44e6140c3978d961e46be1c037f4,2020-06-10 16:33:00,CLOUDY/OVERCAST,DAYLIGHT,UNKNOWN,NOT ON SCENE (DESK REPORT),06/10/2020 06:00:00 PM,41.924490094,-87.717288131,POINT (-87.717288130979 41.924490093998),C,6,2020,16:33:00
66f2685dd82426c48b5f00994bdc2a18b4656a36664298d6e5ba55467f11626f2be42a714e19e05de867aa1cc0a1429554151abd08412460177aa8f8f96dc413,2020-06-09 09:00:00,CLEAR,DAYLIGHT,DRY,ON SCENE,06/09/2020 09:10:00 AM,41.751158215,-87.606039875,POINT (-87.606039875026 41.751158215024),C,6,2020,09:00:00
674b08c1fe84fc49963da32b5648b38570da23faaa06f6b51a75f160879f4cec22032756ea09e877012b51fb6f7f27eac521fed338bcff07e4f6cdf56e47fd1d,2021-08-01 00:25:00,CLEAR,"DARKNESS, LIGHTED ROAD",DRY,ON SCENE,08/01/2021 12:59:00 AM,41.912018795,-87.765750731,POINT (-87.765750730975 41.912018795009),C,8,2021,00:25:00
67e2ef7999e022092be8bdff0087cacf534683bc36c508b38974e9f2ffc7eaaf518a2e8d829d2c52244fc67428529f8a04294d9e867d84e4e59e85555d2aba53,2019-02-02 19:59:00,OTHER,"DARKNESS, LIGHTED ROAD",SNOW OR SLUSH,ON SCENE,02/02/2019 08:27:00 PM,41.953203301,-87.756048735,POINT (-87.756048735038 41.953203300975),C,2,2019,19:59:00
6801bc4dc4138d6fe9ebd7c3009ccef3460fbee0f092ca2031193f997225160f8f3aecc98efab260b968adac225feb09a3f873520195cd20fc4f4f8674ca810a,2020-12-09 09:22:00,CLEAR,DAYLIGHT,DRY,ON SCENE,12/09/2020 09:34:00 AM,41.657485824,-87.610492325,POINT (-87.610492325048 41.657485823982),C,12,2020,09:22:00
6838e224c4ff962e4481817bdfe6e4c7b4e40b01a02a512c58b3687d9b495e585016f973deb78c85962d3954c311c82173fe9ac54a2d1c656a13a5cf66b6f56f,2019-12-13 18:24:00,CLEAR,DARKNESS,DRY,ON SCENE,12/13/2019 06:25:00 PM,41.921412878,-87.732652746,POINT (-87.732652746048 41.921412878026),C,12,2019,18:24:00
6761d4a06d6d9238cd020701eb6a38d275f157794a4415ede64aac2da02d5b1f5319e180b492280b38b50075adae45224fb65026892c78c15dba5a795b44112f,2022-03-03 21:00:00,CLEAR,"DARKNESS, LIGHTED ROAD",DRY,NOT ON SCENE (DESK REPORT),03/04/2022 12:15:00 AM,41.874366822,-87.634508236,POINT (-87.634508235979 41.87436682198),C,3,2022,21:00:00
670f242664c206ef47bfd412bb89c85c37d89567b5782e4f5569885e86097f91a11748d8bb9fd561fb43b692e9fa671ead93ac84d6621cd823d65138e998ae95,2022-06-17 22:38:00,CLEAR,"DARKNESS, LIGHTED ROAD",DRY,ON SCENE,06/17/2022 10:40:00 PM,41.866528096,-87.684260343,POINT (-87.684260342998 41.866528096001),C,6,2022,22:38:00
68b279f733646595e80c2f88fd19b8b8a15dca3527dc099e767acfdbae61786ea1fa14df25ec7f7ebe950ca19e63f47fdb38a9b0ef0f4d6cf8670a1aab78fb1d,2019-07-29 12:20:00,CLOUDY/OVERCAST,DAYLIGHT,WET,NOT ON SCENE (DESK REPORT),07/29/2019 01:30:00 PM,41.751124945,-87.620853242,POINT (-87.620853241961 41.751124944981),C,7,2019,12:20:00
67b34607831cb3d924057d2fa1c2bd41f4a8a837886e5e6ecb2a219cb662c709070d7c9bbd093a3784e5b5eac801f5cd3a72d0f59e6b96d7fe16ecd39f3b66f9,2017-11-15 06:36:00,RAIN,"DARKNESS, LIGHTED ROAD",WET,ON SCENE,11/15/2017 06:36:00 AM,41.773455972,-87.585022352,POINT (-87.585022352022 41.773455972008),C,11,2017,06:36:00
6884fe0083b98e023b07c5ec9c5f0c4858c301cee9e74a6dd9e8819f4eab8753e0678afebeb7efd7866291ddad3f9650b1e4f417d5bc0ddfa70fa3d391b360c0,2020-03-10 12:31:00,CLEAR,DAYLIGHT,DRY,NOT ON SCENE (DESK REPORT),03/10/2020 01:00:00 PM,41.896737923,-87.620221354,POINT (-87.620221354034 41.896737923045),C,3,2020,12:31:00
6781b714ebf1b5f597bf0f6836776c30501296aaa0ca389810335c8aca21ef45497f92bd60b2bda3d33d6e85a18a5dea3087fdb977ca95bf840ac39cbf4d58d3,2022-02-16 21:00:00,RAIN,"DARKNESS, LIGHTED ROAD",WET,NOT ON SCENE (DESK REPORT),02/16/2022 10:00:00 PM,41.885719361,-87.627792462,POINT (-87.627792461951 41.88571936101),C,2,2022,21:00:00
688134cd461d2bfe4dcf6a88d875cbb4da69c081f7cb34a12bdd7ebe43bc041462cf88e584a70066d1a2ffe7c4e99aeab664eaa08d3e149a830c2a91d656951e,2016-08-21 15:45:00,CLEAR,DAYLIGHT,DRY,NOT ON SCENE (DESK REPORT),08/21/2016 05:20:00 PM,41.983563915,-87.657146291,POINT (-87.657146290975 41.983563914975),C,8,2016,15:45:00
67f06569c7333a74a816d1b8416e7b23884bf64d6537823a62a77b4a10c88ed40d516dc007d39a80ff0d16f1180422cc4df8c5d6751f887912477379bd4f9fdf,2018-06-26 21:40:00,RAIN,"DARKNESS, LIGHTED ROAD",WET,NOT ON SCENE (DESK REPORT),06/26/2018 11:00:00 PM,41.94009648,-87.64884604,POINT (-87.648846039986 41.940096480034),C,6,2018,21:40:00
66b81b23e3885fc489d6392ccd36f0aeade35679ec3d4127531f32bec6d1b32615683cba711c2078421826cde27dad2a5044871edd1abf2bb5fe007b3c9bb4a7,2017-02-15 17:30:00,CLEAR,DAYLIGHT,DRY,NOT ON SCENE (DESK REPORT),02/15/2017 06:49:00 PM,41.762174118,-87.558927464,POINT (-87.558927463962 41.762174118016),C,2,2017,17:30:00
678d15aba257f3807942f0e18b6fa3151129c0718c0f80fb02fbe64a20c1dcee0a0893892525ce435331483b987ffe1bfc1f631a178d73458099e21732125f1b,2021-09-30 19:30:00,CLEAR,"DARKNESS, LIGHTED ROAD",DRY,NOT ON SCENE (DESK REPORT),09/30/2021 08:20:00 PM,41.909596143,-87.739700644,POINT (-87.739700644014 41.909596142962),C,9,2021,19:30:00
6825af06439d79f380a19bfa40ebe03fd9d9e3557b6621cce25471502f283d12969f1557d5840b490f3978ffbc7a00a34ac46513d57aac48b840790ad7763712,2016-08-04 12:25:00,CLEAR,DAYLIGHT,DRY,NOT ON SCENE (DESK REPORT),08/04/2016 01:00:00 PM,41.846483385,-87.700345333,POINT (-87.700345333019 41.84648338501),C,8,2016,12:25:00
688b3fe8aad43e2e2fbc379a71b14c8d1a1328844eead8af596a9953e1677aae55531353cb5bebd43357a51260c925bb3a7c36c45f7326fcbf8776416165084a,2020-08-30 00:45:00,CLEAR,DUSK,DRY,NOT ON SCENE (DESK REPORT),08/30/2020 01:15:00 AM,41.858007607,-87.644942266,POINT (-87.644942265994 41.858007606958),C,8,2020,00:45:00
66e21aeec8300f8eb79323ecb20d8901afa98dc1e995b7fa84823b44f85a7f8c5d8ef5d83343182fe33d877916d99f47c3a5244d95eaa7ec642ab5e175b2f997,2019-06-24 09:50:00,CLOUDY/OVERCAST,DAYLIGHT,DRY,ON SCENE,06/24/2019 10:51:00 AM,41.909883748,-87.716751343,POINT (-87.716751343041 41.909883748015),C,6,2019,09:50:00
69403d0023a53f3db7e610384168e63ad5d46c545d7006379326878832929d8f912693365d24c03560e13d3ebef6abbed42f085c911ba667a6a91f92904de515,2019-08-17 21:34:00,CLEAR,"DARKNESS, LIGHTED ROAD",DRY,NOT ON SCENE (DESK REPORT),08/18/2019 02:50:00 PM,41.744151639,-87.585945067,POINT (-87.585945066953 41.744151639042),C,8,2019,21:34:00
67b5fa636170669a4af1fc982798bb4bfae2f472b4dd76bd875c2b9e226f77f67a7120d88a8597bfebe841e85f0efffb01bc2fc39eb27d38bbe033c0f32efa34,2022-06-21 11:22:00,CLEAR,DAYLIGHT,DRY,NOT ON SCENE (DESK REPORT),06/21/2022 01:30:00 PM,41.785387445,-87.606183761,POINT (-87.606183761008 41.785387444959),C,6,2022,11:22:00
66a8f13873003acacea4e98e672ac49e3fc0a1318722f6eea5a1bdbbd81b9c4787bb464576486c240188be40870ede45c85102f34643fec8e39d207ed9e18504,2018-10-13 08:15:00,CLEAR,DAYLIGHT,DRY,ON SCENE,10/13/2018 08:20:00 AM,41.911653752,-87.648145785,POINT (-87.648145784969 41.91165375204),C,10,2018,08:15:00
6743d0ec6a1c4c581c498bd3c70657be5e045882cf6aa35f271fe81772ccc8a383c3df95bc4325d6a3ec52d6c9f32b8a0dfd933bcd804b9b8c51a9e7af860a4c,2016-09-26 04:16:00,CLEAR,DAYLIGHT,DRY,NOT ON SCENE (DESK REPORT),09/30/2016 05:20:00 PM,41.79573461,-87.762555326,POINT (-87.762555325992 41.795734610035),C,9,2016,04:16:00
691a1b0e6ccd1e6f718d8368e54f862ed69272506873e0d588c8262ec6fed07eb77afc980f2035d03eeb4b68aa5ca828ca2b748fa20c545d92391655e07ec854,2022-05-31 19:52:00,CLEAR,DAYLIGHT,DRY,NOT ON SCENE (DESK REPORT),05/31/2022 09:00:00 PM,42.006801604,-87.661457734,POINT (-87.661457733969 42.006801603988),C,5,2022,19:52:00
66b72f01c27f48f3a07c0fcb0f1c6837acf9365689498d90f50d3c0d578381872c7990964d6f193ac87464f4ee556ed987e3776c31784a10c8f9068e9145b50c,2015-12-20 16:31:00,CLEAR,"DARKNESS, LIGHTED ROAD",DRY,NOT ON SCENE (DESK REPORT),12/20/2015 04:50:00 PM,41.97600184,-87.689092635,POINT (-87.689092634969 41.97600183997),C,12,2015,16:31:00
683048d3916dcdafcda9ca41804de37ec7df1356a88aa3ab41cc6108c4600b516208351f16c384afdcc386b5a9fe1b3f3af2d124d62ee16a5372b7b10361aed6,2020-10-17 18:00:00,CLEAR,DAYLIGHT,DRY,NOT ON SCENE (DESK REPORT),10/17/2020 06:10:00 PM,41.692695048,-87.622963607,POINT (-87.622963607013 41.692695047957),C,10,2020,18:00:00
685c21a3b0fde23f769e21fe82924d9624d574ca80017d6100f575358271fe9cbd5ba8e7960b7636acdaca659778ee09207693d5ececc3b1014344582f0b1af7,2021-02-19 10:28:00,CLEAR,DAYLIGHT,UNKNOWN,NOT ON SCENE (DESK REPORT),02/19/2021 05:00:00 PM,41.856392087,-87.658977408,POINT (-87.658977407994 41.856392087026),C,2,2021,10:28:00
66b980d38a35d5184c574f870fc1992b9f5fa4858cc7e96ae15772f0bdad378a01340bd7981cfc3826a8f2bed077a5bc19dd6e4a1be11ad1c4f37be0964efe83,2018-08-22 21:16:00,CLEAR,"DARKNESS, LIGHTED ROAD",DRY,NOT ON SCENE (DESK REPORT),08/22/2018 09:56:00 PM,41.749362768,-87.605332981,POINT (-87.605332981011 41.749362768013),C,8,2018,21:16:00
67a225ab99b73928cb1904068f4d8b0c35cedd7029b5c0c656c781d07ae010d3056df39ea1ced19c668b13368f205eccbe98cab958f5014c3e966f6d5cb0cbf8,2019-02-05 08:30:00,CLEAR,DAYLIGHT,DRY,ON SCENE,02/05/2019 08:36:00 AM,41.827414472,-87.613513818,POINT (-87.613513818006 41.82741447203),C,2,2019,08:30:00
69d05d8d36d427d72382e3218d2c1f39d2096bef19a7a9b16e46b7d320091749e9596b591a8d72bc8aff61e4389ba979cf44428f2120c8fbf32542dbc38d6cea,2020-01-14 18:14:00,CLEAR,"DARKNESS, LIGHTED ROAD",DRY,ON SCENE,01/14/2020 06:46:00 PM,41.884552309,-87.63975418,POINT (-87.639754179988 41.884552309006),C,1,2020,18:14:00
6bf469ab669564761ee2324b28e04b0a9b5f9bea5a68a35ea081cf33cae45b52c29ae795094a30ccf8eaf862a8edb6fbeea22f9fe0f097d8e99e34d3de1239b5,2018-03-24 06:45:00,CLEAR,DAYLIGHT,DRY,ON SCENE,03/24/2018 08:00:00 AM,41.710698669,-87.624955768,POINT (-87.624955768027 41.710698668981),C,3,2018,06:45:00
6a583fa365fd54df174f631cec48979e5310c790b48270df00dfcb8d8621724583b7361d05531466b62558307dec253d623e56ac7336d54d3109c3c58a31e1e1,2016-09-29 07:40:00,RAIN,DAYLIGHT,WET,NOT ON SCENE (DESK REPORT),09/29/2016 08:30:00 AM,41.686283378,-87.614253747,POINT (-87.614253746999 41.686283377957),C,9,2016,07:40:00
695ed6613a1cebc638c76e83a6abaefa9f31df81ea293da03baaa4959afd7ea1073fc6f220700571fb99563ce4914b67ed9b11716846ee35b773529c472b2a3a,2016-09-22 06:30:00,CLEAR,DAYLIGHT,DRY,NOT ON SCENE (DESK REPORT),09/22/2016 05:30:00 PM,41.924441971,-87.721111935,POINT (-87.721111934959 41.924441970981),C,9,2016,06:30:00
6b66b324f122ab38f4dbb36e9bc23d4eb01a3a0c32a891700aaab112a7db3cd5d5e709a0a4839cc50bb2f5ad34c06335b85e6341188d831b4b47814ebba5e5f6,2017-04-01 12:00:00,CLEAR,DAYLIGHT,DRY,ON SCENE,04/01/2017 12:01:00 PM,41.899224596,-87.696642375,POINT (-87.696642374961 41.899224596015),C,4,2017,12:00:00
69d7b4aec2e22296eaed4a0e2a3b44f4bd0ed515404d985bca277fd8095a9b15b3d89084a14d479368ef86bb725459b9b7ec352b1cb8dcde7a4c9460896d77a4,2022-02-14 02:30:00,CLEAR,"DARKNESS, LIGHTED ROAD",DRY,ON SCENE,02/14/2022 02:36:00 AM,41.900861463,-87.732060323,POINT (-87.732060323029 41.900861463015),C,2,2022,02:30:00
69ce25db7b6f67c0f8f3b0d1df68985feec377cd1b92c3db9264ac48d3436c99416ecb3983383f0ebcf014853da1238f08167a8688a9b0878bd467b793c021f8,2018-08-31 21:45:00,RAIN,"DARKNESS, LIGHTED ROAD",WET,NOT ON SCENE (DESK REPORT),08/31/2018 10:00:00 PM,41.931607951,-87.697755776,POINT (-87.697755776035 41.931607951049),C,8,2018,21:45:00
6b7f5103f47e0ee33d874ab6a523723177f725d86f7fc3835d658b805281da995effaef297bc983e3abdf2f7370841afb70490608c02fe85934dc471078887e3,2017-11-15 08:40:00,RAIN,DAYLIGHT,WET,NOT ON SCENE (DESK REPORT),11/15/2017 09:30:00 AM,41.893917818,-87.643050687,POINT (-87.643050686997 41.893917818038),C,11,2017,08:40:00