CRASH_RECORD_ID,CRASH_DATE,WEATHER_CONDITION,LIGHTING_CONDITION,ROADWAY_SURFACE_COND,REPORT_TYPE,DATE_POLICE_NOTIFIED,LATITUDE,LONGITUDE,LOCATION,CRASH_TYPE,CRASH_MONTH,CRASH_YEAR,CRASH_TIME
69f14853a8db7ca28e38f7fe14cc61e2abd2a17cc01522fd6ea01f4e6c9ffb87b1a0a62ec2a5c3ac2115974df3daaaa0139b4d42251b991079b59038e0b557b7,2019-11-30 23:16:00,RAIN,"DARKNESS, LIGHTED ROAD",WET,ON SCENE,11/30/2019 11:17:00 PM,41.893216223,-87.624812444,POINT (-87.624812443976 41.893216223021),C,11,2019,23:16:00
6a1840554a62177fb094a60847c160ef0e473b6f0420d33477e502573ce27d2119c422ea5569d431ff2add96595b2f1a0361dce0a5c9ebf621c09a02af84965d,2016-10-07 06:00:00,UNKNOWN,UNKNOWN,UNKNOWN,NOT ON SCENE (DESK REPORT),10/09/2016 02:15:00 PM,41.933556787,-87.707319759,POINT (-87.707319759029 41.933556787046),C,10,2016,06:00:00
6b21d487e94e185da8f7b148e0682ff9b6ebb14fc8a361d870a303e57acfaa269d4c5f7560d94f808ef99db7d10d7574b99d5600ffb240bf807e81e049124224,2019-10-31 20:45:00,SNOW,"DARKNESS, LIGHTED ROAD",SNOW OR SLUSH,NOT ON SCENE (DESK REPORT),10/31/2019 09:10:00 PM,41.94325362,-87.641220858,POINT (-87.641220858032 41.943253619968),C,10,2019,20:45:00
6b213cdeb46ea0a1a4f28af5f16b7a2cdeb05306511065b1ff0f4a2b369032ff3f0972b60c81f27beee157a4431aede3c47855e0e3e2e3f52baeeebcec74503d,2023-01-15 18:00:00,UNKNOWN,"DARKNESS, LIGHTED ROAD",UNKNOWN,NOT ON SCENE (DESK REPORT),01/16/2023 02:35:00 PM,41.960380173,-87.766734831,POINT (-87.766734831031 41.96038017301),C,1,2023,18:00:00
6aa152ba00f23fc0482ce146c387676f31050f428b007cf171c8b2ff9aa18f2eea31921384aa2c8e1e8596a585547829b591391d4c6e5253e6a8e8ec541e2070,2017-04-07 18:30:00,CLEAR,DAYLIGHT,DRY,NOT ON SCENE (DESK REPORT),04/07/2017 06:50:00 PM,41.8820229,-87.637081412,POINT (-87.637081411989 41.88202289998),C,4,2017,18:30:00
69f87ca49c5c1078d47a4d4d9eb209556cce9942eec72a04e3f5c6c77eae13a7d99c0bcfc4ee63b04818dc881e5cd580aab377f68cf1029337285d63418a6d8e,2019-11-27 11:14:00,CLOUDY/OVERCAST,DAYLIGHT,DRY,ON SCENE,11/27/2019 12:17:00 PM,41.822958463,-87.691425915,POINT (-87.691425915045 41.822958462973),C,11,2019,11:14:00
6b2662e6d8ae98498ed3e97677c4e757c83e98cd16f9f55b38bf90913e81860ba644cba54becdb2791112b86a76906b398ddfd49828acc70d821a281db8ab49b,2018-04-09 09:15:00,SNOW,DAYLIGHT,WET,NOT ON SCENE (DESK REPORT),04/09/2018 06:15:00 PM,41.910530014,-87.667050586,POINT (-87.66705058601 41.910530014022),C,4,2018,09:15:00
6bf62e625b68759b392bf8f6a43334a0956116624ad907ca3cb42df507a5ea687a807c9f2aa59308515a9fa4e09312734464bdd7e461218ff2f9a663bc13094a,2023-01-14 11:56:00,CLEAR,DAYLIGHT,DRY,NOT ON SCENE (DESK REPORT),01/14/2023 01:10:00 PM,41.91041392,-87.688584695,POINT (-87.688584694966 41.910413919968),C,1,2023,11:56:00
6b564d2a51a52e5165c9741ffec9247befee79239c44a8cc6e503a9fe483da1799618bb87ab26eb3803db566852590abf7e5345545066ca97522dba3c6c1334e,2021-02-01 01:00:00,SNOW,DARKNESS,DRY,NOT ON SCENE (DESK REPORT),02/01/2021 12:35:00 PM,41.809572517,-87.611394621,POINT (-87.611394620986 41.809572516992),C,2,2021,01:00:00
69965d66faf026688e7696d0ade5c6fdbbef137f3f34bacd5a266835e58a01fc057ea6ead81d38809d5c9ea62769429612921dc8b57f4979b516a9a65a34210e,2023-03-29 16:57:00,CLEAR,DAYLIGHT,DRY,ON SCENE,03/29/2023 04:57:00 PM,41.9540968,-87.674901744,POINT (-87.67490174405 41.954096799984),C,3,2023,16:57:00
69725f4505a6889aced3e36395bfe855128474002100aba93a15aa22c48dc8d9536e60d6d8fb873ef47c7498f0b52b9db73debe111d642e080305820229e2cd7,2020-02-16 18:00:00,CLEAR,"DARKNESS, LIGHTED ROAD",DRY,NOT ON SCENE (DESK REPORT),02/16/2020 07:00:00 PM,41.898341319,-87.618057856,POINT (-87.618057855957 41.898341319021),C,2,2020,18:00:00
6a0d7dcee1015e2b9650df753c04f7714c0cb9f49514a2ca6ff8f6f30a472b294c63edfe29b300deedcad358fb6bded2170665bd82462eb26f96b73bc7e17efb,2023-03-24 16:35:00,CLEAR,DAYLIGHT,DRY,NOT ON SCENE (DESK REPORT),03/25/2023 08:35:00 AM,42.012782706,-87.672484088,POINT (-87.672484087993 42.012782706036),C,3,2023,16:35:00
69e5ec9ef5079a821958520dfb18a3e27a4fb5c71a138a8fbe99eda8d7ab38dd8fff75bfd58b6246e09bd428f984a5dbc2b1b0032868248e8afcaa55700bb1b3,2023-04-29 03:43:00,CLEAR,"DARKNESS, LIGHTED ROAD",DRY,ON SCENE,04/29/2023 03:44:00 AM,41.89645528,-87.650417352,POINT (-87.650417351974 41.896455279964),C,4,2023,03:43:00
696694c520c8fa3c52ce8d1eb931d7fcfb5612f0ff6fb5621651ec9988e4f02ad42464ee888c38ce5b771a41a425d01e76bb62fa1fb7fc63b89d429bced55bce,2018-09-04 04:00:00,CLEAR,DARKNESS,DRY,ON SCENE,09/04/2018 12:30:00 PM,41.781253265,-87.686289516,POINT (-87.686289515956 41.781253264965),C,9,2018,04:00:00
69db20f77a8255621b2e3e47ceadffe1fe6cf466644e6affbfcb1fc2ce827f11c293e0109b0e26fb9f62634b15d0eb35f9258830d923f4eca53dcaf34a210373,2017-10-24 12:49:00,RAIN,DAYLIGHT,WET,ON SCENE,10/24/2017 12:50:00 PM,41.905786234,-87.755710582,POINT (-87.755710581983 41.905786233963),C,10,2017,12:49:00
6a1f9c74d5394e7016c55a3c1fa8ec099e5ec251208c326c6ecc4db17fe3201218bfd69174b969b26b0d153d2564a9695bf0cbafa892d639eabe8b3fcdaaea65,2018-03-19 16:00:00,CLEAR,DAYLIGHT,DRY,ON SCENE,03/19/2018 04:04:00 PM,41.898675904,-87.755544326,POINT (-87.755544326025 41.898675903994),C,3,2018,16:00:00
6aa5f1f2611c5afe4a9eabf7ada7ca7b637635d090aaf18755e07e54ff2ea0be811cc739062094a7f620f3b320c47e709ea4b0c8caab8ccb2ad2a27818b36190,2018-03-21 22:15:00,CLEAR,"DARKNESS, LIGHTED ROAD",DRY,NOT ON SCENE (DESK REPORT),03/21/2018 10:50:00 PM,41.969038442,-87.667662387,POINT (-87.667662387022 41.969038442049),C,3,2018,22:15:00
6afcb1b371ba645b32d81e25eb136cc651732f54396178677be4f6db131940cad3350f83eed042109bd16804760e332cb9517517591c1c339d2468f93ca00fde,2020-06-27 17:13:00,CLEAR,DAYLIGHT,DRY,NOT ON SCENE (DESK REPORT),06/27/2020 05:28:00 PM,41.749550286,-87.646582418,POINT (-87.646582418037 41.749550285977),C,6,2020,17:13:00
6a753aacc3c712fae192f3a1ab2e326dfbe9201ea37cfa42d302aac7388a01e0240253fb13cb545097bc4d0a27a35cc178b14249456ce488f90dfda1773d68a0,2018-09-01 19:00:00,CLEAR,DUSK,DRY,NOT ON SCENE (DESK REPORT),09/08/2018 04:03:00 PM,41.950676839,-87.643784743,POINT (-87.64378474303 41.950676838996),C,9,2018,19:00:00
6b00d924a4e906a015145aea0a65cb4173b9b2c513ac66e58a49b050b95a940012e660c555eefa6060679dcb914a0d69a9ddede6f2730b64c5b03bcba6e0ba83,2017-09-13 00:01:00,UNKNOWN,UNKNOWN,UNKNOWN,ON SCENE,09/13/2017 08:30:00 AM,41.822601203,-87.706999538,POINT (-87.706999537976 41.822601202956),C,9,2017,00:01:00
6b3ff0edd4361f173b3c04b2e757f5013ea52edb6a4af90bf26d67f11926dbabcedc58e5d2a2ad13d7001bce1aff3a70c251f4e162df4d10d480203f03f1fe4a,2019-08-11 13:45:00,CLEAR,DAYLIGHT,DRY,ON SCENE,08/11/2019 01:45:00 PM,41.682973474,-87.642228468,POINT (-87.642228467961 41.682973473961),C,8,2019,13:45:00
6b882d3570fe4011dd1b1f9b12adbc9a8bfcb4a691ae248eaea738b8eb9130df600ce0caf03b090444bb47abcac61f3e17ff7da07ff1b9d250b77941be088ddf,2022-11-20 02:30:00,CLEAR,"DARKNESS, LIGHTED ROAD",DRY,NOT ON SCENE (DESK REPORT),11/20/2022 09:45:00 AM,41.787933452,-87.688905119,POINT (-87.688905119036 41.787933452043),C,11,2022,02:30:00
6ae01be5c815270cc2fcf3fa6a61c0e0c55b789bd3a824b662740ea7f53395db30b5200940bdc892d049b9a124f82c17771894973630519808d4902eb4a12f0f,2019-08-18 05:30:00,UNKNOWN,UNKNOWN,UNKNOWN,NOT ON SCENE (DESK REPORT),08/18/2019 07:00:00 AM,41.792744531,-87.786852952,POINT (-87.786852952016 41.792744531036),C,8,2019,05:30:00
6a95e6582924f584432de3fde0ac6e83452627cad09273e210198cac762f7f92ab7aa6c2d1100189aed9a254edbcbd7e89b08da41f41956fcca8f521698b01c9,2021-08-30 20:13:00,CLEAR,"DARKNESS, LIGHTED ROAD",DRY,NOT ON SCENE (DESK REPORT),08/30/2021 09:55:00 PM,41.773407967,-87.57037243,POINT (-87.570372429966 41.77340796701),C,8,2021,20:13:00
6a6bd1fc44bbd5771d055d21a4e112bee208503039114f825f306b75a49768de68dc00acb825c66d1c4d75eb0c6f604394a568f1ef2f1b8aed32602d2343a9ff,2017-07-23 18:45:00,CLEAR,DAYLIGHT,UNKNOWN,NOT ON SCENE (DESK REPORT),07/23/2017 07:14:00 PM,41.938547798,-87.668474629,POINT (-87.668474628969 41.938547798002),C,7,2017,18:45:00
6ba0b91a12753488918701530ecde1013ba25757b809e8baa0bc38992d55c796e56df296a14ea615046cc800bd2d51895d6ddc8f2d9a17f943f72ce321acc189,2018-11-30 14:00:00,SNOW,DAYLIGHT,SNOW OR SLUSH,NOT ON SCENE (DESK REPORT),12/05/2018 01:25:00 PM,41.908009406,-87.643491086,POINT (-87.64349108603 41.908009405972),C,11,2018,14:00:00
6af64ed058af4ef0a2409a87865ca5ec28a80be1ecd18d7b9df74378a4ae8b68d6af106ed0eda11e7c1b27f6b143c47c9156b024d904ef934806d91e007b0f49,2023-07-29 01:50:00,RAIN,"DARKNESS, LIGHTED ROAD",WET,ON SCENE,07/29/2023 02:01:00 AM,41.896678569,-87.751082653,POINT (-87.751082653046 41.896678568956),C,7,2023,01:50:00
6b31ea1bd38674f92373b61bf70dacc33d3e87c39acf7d28ee43605a28a0cb201e3698652a3fcb63f3ba82847a50f0e2d56bf13aa891f46276243841fadc3c36,2019-12-20 01:31:00,CLEAR,"DARKNESS, LIGHTED ROAD",DRY,ON SCENE,12/20/2019 01:33:00 AM,41.903536788,-87.661859583,POINT (-87.661859582959 41.903536788031),C,12,2019,01:31:00
6c350ccd7767ad179c449dbf7170847caa35d8272772ca3bfd0029e26f1a114de788af3dc67bb12cddf99824ff595a4d62e8f954872be3eadb1d8f6f130f89d6,2020-10-22 13:20:00,CLEAR,DAYLIGHT,DRY,NOT ON SCENE (DESK REPORT),10/22/2020 02:45:00 PM,41.994486368,-87.673719715,POINT (-87.673719715033 41.99448636802),C,10,2020,13:20:00
6bf936de6271ef3201691f553855388f01389d4b88be19b9f8191644fbcbf09a49ed376cd3d73d66d597ae43b4f793c9ddea68779c5cf5917401938b4b143ef3,2021-11-06 20:00:00,CLEAR,"DARKNESS, LIGHTED ROAD",DRY,NOT ON SCENE (DESK REPORT),11/06/2021 09:20:00 PM,41.75616061,-87.634583596,POINT (-87.634583595966 41.756160610031),C,11,2021,20:00:00
6b75aa6354618f1e9ec37d08e61fc4076d9bfbb2fc6089999c2bf9bc6da12db57816e590be76d33d0589b366aec525bca49a671ae3bef8d2ca13f64a892dfa13,2018-08-21 17:00:00,CLEAR,DAYLIGHT,DRY,ON SCENE,08/21/2018 05:50:00 PM,41.788240235,-87.682333763,POINT (-87.682333762981 41.788240234968),C,8,2018,17:00:00
6a1c3854d86bb6c702f525b96fe8587382146f4ee9614c6bde7c9ca1bfab6bdece4e30bd29b7605d4f610b4dd487a4e921497183700d4f47ab0ced28d7a49aea,2019-02-12 17:45:00,SNOW,"DARKNESS, LIGHTED ROAD",WET,NOT ON SCENE (DESK REPORT),02/19/2019 06:00:00 PM,41.93203524,-87.690864011,POINT (-87.69086401095 41.932035239995),C,2,2019,17:45:00
6c137989c90b6d6e5423e70fcca6df6f00227b493b1d84eb037158096b4e442eebf3a5d12545ac9b260d838f9d5a8d76481771d6ea8374764f8a8e99a3a7f533,2019-07-26 15:45:00,CLEAR,DAYLIGHT,DRY,NOT ON SCENE (DESK REPORT),07/26/2019 07:45:00 PM,41.79616458,-87.650128788,POINT (-87.650128788043 41.79616457997),C,7,2019,15:45:00
6a8e1e519be9f78cd5841b45e20af2e27c72ef2119f8c0f819d25d05438a99f71320c5140d68cdb63f5247f7f2083a54c8e40112d10f10b738efe4098e70cdc8,2021-04-23 01:25:00,CLEAR,DARKNESS,DRY,NOT ON SCENE (DESK REPORT),04/23/2021 10:25:00 AM,41.954105717,-87.693290369,POINT (-87.693290369008 41.954105716988),C,4,2021,01:25:00
6b74607be5015f1821273ef29cdedd0454cc5e452429d13ebbb0284ca8bc144567154ce634b34e31e77c0f88e321508a9d5a8c3a18a32b7236d209525d4a45be,2019-02-23 14:00:00,CLEAR,DAYLIGHT,DRY,NOT ON SCENE (DESK REPORT),02/25/2019 02:45:00 PM,41.998071333,-87.661231481,POINT (-87.661231481043 41.998071332987),C,2,2019,14:00:00
6ac0c88514f64d712dafc914316072b17387c46f4a7daf70ea05f19397f365f1b3ac3e21c1cef0d1685ee418d70b1eba3c325da09afed06295807e45af0369a7,2016-01-09 01:00:00,UNKNOWN,UNKNOWN,UNKNOWN,NOT ON SCENE (DESK REPORT),01/12/2016 07:05:00 PM,41.956435195,-87.699395543,POINT (-87.699395542967 41.956435195),C,1,2016,01:00:00
6ba2ec2506224d1afb9549eff1b16561054b7e1d592b0a6696e737958af53e973390f5171836d212c390d83b54b3e956595203385886120abd77f3896ee84252,2023-05-10 09:36:00,CLEAR,DAYLIGHT,DRY,ON SCENE,05/10/2023 10:13:00 AM,41.890374775,-87.677042676,POINT (-87.677042676037 41.890374775033),C,5,2023,09:36:00
6bd67e1ae90e36f70a50e2b34746983735ffe4f40f90ba66a5ddc70ab6b9f90863cf5492e399af0a6545d91a7cd991f64bbd6e30de1621841d7dc23665fb9fd7,2018-05-11 07:00:00,CLEAR,DAYLIGHT,DRY,NOT ON SCENE (DESK REPORT),05/12/2018 08:20:00 PM,41.744151639,-87.585945067,POINT (-87.585945066953 41.744151639042),C,5,2018,07:00:00
6a83de3648fbf60b4912829c764a0c5f2a98dc955327796e797b1c7f6bcf23afb70ebce8bb3648ba351307f80021003c4ceaaae6dacc0051e2f7c01359e11133,2021-12-13 14:56:00,CLEAR,DAYLIGHT,DRY,ON SCENE,12/13/2021 02:56:00 PM,41.817683733,-87.6650402,POINT (-87.665040200043 41.817683733038),C,12,2021,14:56:00
69651d557485d2ef050288d79ec5f8ff4f0acfc5b07898f0ba7b40c14e9bb2d0d8e821e8b8271420e336cfb783b827e09aa57afe2521f3c5c837e6acee46e9e8,2016-04-13 13:28:00,UNKNOWN,UNKNOWN,UNKNOWN,NOT ON SCENE (DESK REPORT),04/13/2016 02:20:00 PM,41.984874268,-87.787555484,POINT (-87.787555484022 41.984874268025),C,4,2016,13:28:00
6b3a0819caca1377463187cbb9354234fff9905713b5a6664057bed7a24ed25b6463af8216d4c086d9c741c2b3bf8b5e7907950b9abb97188096fdf9a2a0d91f,2021-01-26 16:10:00,SNOW,DAYLIGHT,SNOW OR SLUSH,NOT ON SCENE (DESK REPORT),01/26/2021 07:30:00 PM,41.903825234,-87.64328636,POINT (-87.643286359995 41.903825233976),C,1,2021,16:10:00
6c1d70860db9a378eaf92da3d725b775184726cb43afb3949b510f95f90347798df2a1acf9b9f74f9b683271ea6d0cc4cb5d471dfd947edb2373cd214d0ee52b,2017-06-22 22:00:00,CLEAR,"DARKNESS, LIGHTED ROAD",DRY,NOT ON SCENE (DESK REPORT),06/29/2017 11:50:00 AM,41.891293713,-87.647680593,POINT (-87.647680593026 41.891293712961),C,6,2017,22:00:00
6a218aa57d76b971aa468c5a118ad692d45a1490c0911013285d9e2077e1d70f09357fb0dff026040aa0dffe89779e705f77e53e07b436e7ac60863fcdd4ef09,2020-09-15 11:00:00,CLEAR,DAYLIGHT,DRY,NOT ON SCENE (DESK REPORT),09/15/2020 03:40:00 PM,41.817683733,-87.6650402,POINT (-87.665040200043 41.817683733038),C,9,2020,11:00:00
6982292f7e800e27e90fb3f02ebce284f7fc6aa6b213ad9e2585f90f555757c71d87a36160d592f5a3cdd0a2983bbb5db7284ae83c3eb320463508fd170b8bb8,2017-03-21 11:30:00,CLEAR,DAYLIGHT,DRY,NOT ON SCENE (DESK REPORT),03/21/2017 01:00:00 PM,41.903639931,-87.65554697,POINT (-87.655546970003 41.903639930952),C,3,2017,11:30:00
6b623b9c46c1806cd5617f6e8cf59b32476c4ccf234bd181d890bacbe191272f118e126062ff90ca09326f69a0eb2f760f9eead3d7babc9ada7e996eeec28dd7,2016-08-22 21:10:00,CLEAR,DARKNESS,DRY,NOT ON SCENE (DESK REPORT),08/23/2016 07:39:00 AM,41.799948182,-87.710951833,POINT (-87.710951833016 41.799948182031),C,8,2016,21:10:00
6b9809b3243971ca1990e6ab90d71939afc347c58db3782fee1a299a3fd53fa640359f1fef7d36a16a34330bc21a9f3cff8380b5732ef7c6de6cb6e020132b30,2021-06-13 01:00:00,CLEAR,DAYLIGHT,DRY,NOT ON SCENE (DESK REPORT),06/13/2021 06:22:00 PM,41.879508765,-87.737616242,POINT (-87.737616242013 41.879508765003),C,6,2021,01:00:00
6a5d2638115559fdc5a50e5d5f77bae6ecf279eda09910dd6b6b28b30a5ff0681d95c2533321144d4ebaaa877869409fffc9634eea622f3f970668e5b055bc96,2019-09-01 01:00:00,RAIN,"DARKNESS, LIGHTED ROAD",WET,NOT ON SCENE (DESK REPORT),09/01/2019 04:00:00 AM,41.878205089,-87.740780714,POINT (-87.740780714023 41.87820508902),C,9,2019,01:00:00
6a998b0017cbb5a1c7fed60ab65f1d0846bdc7c8ca00d51eb338f369d5d7d04eeff9abc4c71d94d2eaf104ac6070bee308ca67f5cd87b33cad405ace8f00a597,2020-03-20 13:25:00,CLEAR,DAYLIGHT,DRY,NOT ON SCENE (DESK REPORT),03/21/2020 09:40:00 AM,41.830034258,-87.704468067,POINT (-87.704468067015 41.830034257963),C,3,2020,13:25:00
6968bed6652b4fb8bb82d7bcb3b9584e2bc0e7cc21558278b09d5276300011f35d8887432c2809dc595f2015f339ac1261caec94c5677cd0dd139481ac487608,2022-07-02 22:45:00,CLEAR,"DARKNESS, LIGHTED ROAD",DRY,NOT ON SCENE (DESK REPORT),07/02/2022 11:24:00 PM,0.0,0.0,POINT (0 0),C,7,2022,22:45:00
69877f3a1403c4350cbd52e3bf649ada56744bab63d4a7aaf88e48a2c4ac2e08ec9df43f891e6834489080954872f74500969d1cb2ad7b8b5d5ccefa718d94cd,2018-12-23 17:25:00,CLEAR,"DARKNESS, LIGHTED ROAD",UNKNOWN,ON SCENE,12/23/2018 05:35:00 PM,41.97600184,-87.689092635,POINT (-87.689092634969 41.97600183997),C,12,2018,17:25:00
6c3668545fdb286f76610bc6ee373bf5170310339a3cc9e129fcfbe613a7b86c76d54baaa0dee4086fc2064c4402e777c3d0ebca9ac84ce73620d5e32f21afc2,2018-08-29 16:25:00,RAIN,DAYLIGHT,WET,NOT ON SCENE (DESK REPORT),08/29/2018 04:30:00 PM,41.735617968,-87.682663369,POINT (-87.682663369002 41.735617967973),C,8,2018,16:25:00
69c1f34521176fea26ba59fbc60819f7a1755cc5e8aba2fba52192a3ba3516cc4b8638980a3bb76aada1e418bbb676b237a8a52550037181ba54a1499575c236,2022-07-21 17:45:00,CLEAR,DAYLIGHT,DRY,ON SCENE,07/21/2022 05:49:00 PM,41.821728572,-87.626248912,POINT (-87.62624891199 41.821728572034),C,7,2022,17:45:00
6ac993f277d90cf8838160460111c98577962fb66e8b452c959d79f7ef18f7d80a3a5f3bab1f49eede68f71aaeae94e0e967a623646f249a0eebecfa9d438463,2022-12-22 10:20:00,CLEAR,DAYLIGHT,DRY,ON SCENE,12/22/2022 10:29:00 AM,41.851075754,-87.724428464,POINT (-87.724428463973 41.851075753951),C,12,2022,10:20:00
6b27b8255a078f71f67e95455a86b4583a50749df87384e05e40b3354929132e89e1e3b7dcc3bcc4a4e03cabad4961731df8e1b5cf53ea4bcbede299cedfb6e3,2016-10-15 14:15:00,CLEAR,DAYLIGHT,DRY,ON SCENE,10/15/2016 02:22:00 PM,41.975319532,-87.659738127,POINT (-87.659738126956 41.975319532018),C,10,2016,14:15:00
6a7c433f36bc8f9eb9b8a4633b1f3eb311ac90885c6478085c8e0248025beb2b5a4839daad6a66ff25495734eebed91145ad643a84bb1cdd36b06694bf4918ec,2023-04-17 07:10:00,CLOUDY/OVERCAST,DAYLIGHT,WET,NOT ON SCENE (DESK REPORT),04/17/2023 10:15:00 AM,41.974645684,-87.659970179,POINT (-87.659970178971 41.974645683985),C,4,2023,07:10:00
695f40945d4c9232cd90da0eade7116d8e3b95dd8ce498f229a313f4f8abe0637285e40d18d4ee08781a7d26fb99e39f397ec36ced43a10c98bc2b4ea9e7c93d,2016-04-24 23:45:00,CLEAR,"DARKNESS, LIGHTED ROAD",DRY,NOT ON SCENE (DESK REPORT),04/25/2016 12:45:00 AM,41.75869138,-87.60533417,POINT (-87.605334170015 41.75869137995),C,4,2016,23:45:00
6a345a2bc0813504c0a3f61ddc7644038f9a0e460c3ec624e137cdb460be1aac6e751b04e459e28c905afe403ffe08adbf7790c95b8c200abf1848be6e03407d,2023-04-18 11:35:00,CLEAR,DAYLIGHT,DRY,ON SCENE,04/18/2023 11:35:00 AM,41.831395524,-87.619184252,POINT (-87.619184252032 41.831395523976),C,4,2023,11:35:00
6c3265ce621c640e9211103a24296e05b53f8863dd5c13214bc91c712d7366634510fb0b2cd704c85bb038feb9fc728f5c72bafc478552b6f1ea1da8cee9eb30,2017-06-27 18:00:00,CLEAR,DAYLIGHT,DRY,NOT ON SCENE (DESK REPORT),06/27/2017 06:40:00 PM,41.87479856,-87.755004029,POINT (-87.755004029038 41.874798560005),C,6,2017,18:00:00
6a4be50b3f550730317bd4840c01f64b628f32df6560fe5e09af85b508e583e88f9612f668df58e903f0af29d73ec2a50e0953d26ba06d8f649976ae602adaf5,2019-04-14 12:50:00,SNOW,DAYLIGHT,SNOW OR SLUSH,NOT ON SCENE (DESK REPORT),04/14/2019 02:02:00 PM,41.800976404,-87.688296859,POINT (-87.688296858951 41.800976403955),C,4,2019,12:50:00
6a235412f34c23df63a5643382fe11c07cafb1a9a4d53936d43ed807eb67bbfb95212959f2e5dd9d6677171f61cd17682d3bb41335451287456234cf183c0f08,2016-01-13 06:55:00,CLEAR,DAYLIGHT,DRY,NOT ON SCENE (DESK REPORT),01/13/2016 07:15:00 AM,41.894827612,-87.639938442,POINT (-87.639938442027 41.894827612018),C,1,2016,06:55:00
6bb9842ec1cb9c0d9395b654b0c3028d5b34adebf1626d8d7dadb2dd4786cc66b3b1484f0631c5f1d3361bddaca2bccebe10ec97fe540a6c065fd692c61d21a9,2021-07-08 10:32:00,CLOUDY/OVERCAST,DAYLIGHT,DRY,ON SCENE,07/08/2021 10:33:00 AM,41.895953607,-87.667900066,POINT (-87.667900065976 41.895953607031),C,7,2021,10:32:00
6a1145487694f8e43e11e64ccc372d624a3092791edd40c0ab6f9821032dc099604b6c2072197be7de8bfca42fac597d30dfa75dabcbe0613c979e522d742065,2017-09-16 22:23:00,CLEAR,"DARKNESS, LIGHTED ROAD",DRY,ON SCENE,09/16/2017 10:23:00 PM,41.858844665,-87.673429651,POINT (-87.673429650988 41.858844664963),C,9,2017,22:23:00
6a13b89538d7f015d0bc0fe9f63cf8e67964c47dfe76b7aa7c4608884d9fec5087a1e6fc8de1dd30334f48eb878b2abfc7b2a036593eeaf96129137894ac5882,2022-09-26 16:00:00,CLEAR,DAYLIGHT,DRY,NOT ON SCENE (DESK REPORT),09/26/2022 05:30:00 PM,41.882700806,-87.686329977,POINT (-87.68632997705 41.882700805954),C,9,2022,16:00:00
6c2f7571ba045f6401313dcf42361791806a3874ab1ef16b553967028f0b1b786b00429ab71cc351373f047e79fa5acdfa21828f6038bc3e9339908d79704414,2021-10-18 15:00:00,CLEAR,DAYLIGHT,DRY,ON SCENE,10/18/2021 03:04:00 PM,41.8169657,-87.603158862,POINT (-87.60315886203 41.816965700032),C,10,2021,15:00:00
6b2e3798568cb508cc88e171d12637e56f1f5ed985631bb81d023a72162606d35995ba4bdba0306becb82b12660d8916ac58b7f0bec0c957aaa3b428999d0653,2022-02-15 13:00:00,CLEAR,DAYLIGHT,DRY,NOT ON SCENE (DESK REPORT),02/15/2022 01:48:00 PM,41.806189414,-87.703772851,POINT (-87.703772850981 41.806189413965),C,2,2022,13:00:00
6a22ed98ab5f887779cf9b472b1f5cf9e6fc8e0f020239d6afd581f2a1064c6604be4fd9294917ff3169157e355a3055dd56f3dae6dc0d4703d170db2e2b20a7,2016-09-21 15:20:00,RAIN,DAYLIGHT,WET,NOT ON SCENE (DESK REPORT),09/21/2016 03:55:00 PM,41.973519006,-87.756917092,POINT (-87.756917091995 41.973519006034),C,9,2016,15:20:00
6bcc4e98165dc01f65024c8bdcfc4f303473142c5c022ec56d79dda7fc5f9dcfcf2b890daefd04456e68da52ac1bf499a3d8a35ee543cd325e5b58c82553de38,2018-04-20 15:45:00,CLEAR,DAYLIGHT,DRY,ON SCENE,04/20/2018 04:00:00 PM,41.973519006,-87.756917092,POINT (-87.756917091995 41.973519006034),C,4,2018,15:45:00
6bd0e2ed6c4f12a590982bb52dffb90eb18385198713da20ce71298d201ab264c478ee9a77d7fb0c1f668aa8ac6986831f6dac51a0f52f98b36332732848a90a,2022-03-30 12:00:00,RAIN,DAYLIGHT,WET,NOT ON SCENE (DESK REPORT),03/30/2022 12:30:00 PM,41.954105717,-87.693290369,POINT (-87.693290369008 41.954105716988),C,3,2022,12:00:00
6bd72f16732ccda11d62aa887760f63fb70879287c5ef2e6edc2b14e071e39be00daeb8b7b5e1cf2d5abda38ae07929b866ec6c4b2776a2c0368b3d053168569,2017-08-12 12:20:00,CLEAR,DAYLIGHT,DRY,ON SCENE,08/12/2017 12:26:00 PM,41.903639931,-87.65554697,POINT (-87.655546970003 41.903639930952),C,8,2017,12:20:00
6a7608c30be206a9f823ecf9812e878b7ea0929c6883026d1061efdad17fb8aa03f63cb1ed27cfd3f4ce7265fc656247ee777b375f998db32528cbdaa69961b8,2019-06-13 09:15:00,RAIN,DAYLIGHT,WET,NOT ON SCENE (DESK REPORT),06/13/2019 09:27:00 AM,41.897718077,-87.775087071,POINT (-87.77508707104 41.897718077013),C,6,2019,09:15:00
696a4abe3e6aa1258e3bc96518a72bacbad8790103fba50ed84de3dff7c8c435696ab1ca6f4d95bc7aaf7120ca1faab00b2a251e4cf9edacc0af123ce31d3d19,2017-08-29 14:15:00,CLEAR,DAYLIGHT,DRY,NOT ON SCENE (DESK REPORT),08/29/2017 02:30:00 PM,41.895499511,-87.723699547,POINT (-87.723699546998 41.895499510995),C,8,2017,14:15:00