CRASH_RECORD_ID,CRASH_DATE,WEATHER_CONDITION,LIGHTING_CONDITION,ROADWAY_SURFACE_COND,REPORT_TYPE,DATE_POLICE_NOTIFIED,LATITUDE,LONGITUDE,LOCATION,CRASH_TYPE,CRASH_MONTH,CRASH_YEAR,CRASH_TIME
69eb6008b185c83e4a52442c2a4c98db87fff6ae098c60bbae76c88869791cd9f8882bfbf4a17c9e176c3150d03eafdbc406354ceb6eb063f2d1abec3d3a3c80,2022-07-16 14:30:00,CLEAR,DAYLIGHT,DRY,NOT ON SCENE (DESK REPORT),07/16/2022 05:20:00 PM,41.934496978,-87.658054422,POINT (-87.658054422024 41.934496977959),C,7,2022,14:30:00
69e04debcfafead3d3c3e04fbf381d89ce91f33e6906845564b548593edceb9f41938cd15d59e47177f4464cc091fa35e577e93a029b25fc3d0f5f03667ef57e,2023-01-23 08:10:00,CLEAR,DAYLIGHT,DRY,ON SCENE,01/23/2023 08:10:00 AM,41.938266954,-87.795761499,POINT (-87.795761499004 41.938266954026),C,1,2023,08:10:00
6ad9edad153af49c3baac6b7e03444ec6641acd4c153d89984bd2ddb8c05fab210fb2783d5060e51dea2f3f3f4e4020713e7b617b76dfd0a1b193f92cc5559a7,2018-06-09 11:45:00,CLEAR,DAYLIGHT,DRY,NOT ON SCENE (DESK REPORT),06/09/2018 01:16:00 PM,41.825760497,-87.685042869,POINT (-87.685042869017 41.825760497038),C,6,2018,11:45:00
6b64a3fab7ace754a4dcb95ddced1c6d5f62c9f2be31b66935b5deb4abce86549a48084be6c09a27cc63e6b4c5c67a49836edcae7cd49f7e399bde36f1a76a81,2019-08-02 19:12:00,CLEAR,DAYLIGHT,DRY,ON SCENE,08/02/2019 07:12:00 PM,41.978200941,-87.773418577,POINT (-87.773418577007 41.978200940959),C,8,2019,19:12:00
6a8e51a82cf10c5da3237af23cc19aa13119da1591ee57cf2cb66ce5cd141dc7444158f95c112d5970bb61b6a3ef715bdf94e6b91afd7fba2386e6824874d127,2019-12-16 09:15:00,SNOW,DAYLIGHT,WET,NOT ON SCENE (DESK REPORT),12/16/2019 09:35:00 AM,41.884552309,-87.63975418,POINT (-87.639754179988 41.884552309006),C,12,2019,09:15:00
69eaee0adce9395d9519cbd1af6d06a978c359d2afd7c880675d194db3ac4dcebc52bb277fc098c58de39c4db43c562523fc930e822900946beb6b463511afbd,2018-02-25 12:45:00,CLEAR,DAYLIGHT,DRY,ON SCENE,02/25/2018 12:52:00 PM,41.899224596,-87.696642375,POINT (-87.696642374961 41.899224596015),C,2,2018,12:45:00
6a003872c3c49fa21089896148ae8458d92428272a0096b632bc02374b3f32f4856ebbcbd9a3b146ea9d0096eee1ec4462987a8efe425c8652c250e7048f6f4d,2017-09-12 20:10:00,CLEAR,"DARKNESS, LIGHTED ROAD",DRY,NOT ON SCENE (DESK REPORT),09/12/2017 10:50:00 PM,41.892374041,-87.627242942,POINT (-87.627242941998 41.892374041012),C,9,2017,20:10:00
6e75f450c8373d2b676b0acea6dff42f1cbd114cfc5c7edca5221434803efa3fca6cc6ebc7a208c02c9c24ed903d3c0a36ce20f94163096f890e49a002e9a497,2020-12-01 16:45:00,CLEAR,"DARKNESS, LIGHTED ROAD",DRY,ON SCENE,12/01/2020 04:53:00 PM,41.831183413,-87.620178894,POINT (-87.620178893971 41.831183412974),C,12,2020,16:45:00
6d8b97380c84e06a4a7779676cbf170dae1b2fbc20f71775b2926027419affcde4e40f5217f571355d5f0760ead6d296f732ee318efba4f51e5dddd5da0c78b4,2016-06-11 11:00:00,CLEAR,DAYLIGHT,DRY,NOT ON SCENE (DESK REPORT),06/12/2016 11:43:00 AM,41.953203301,-87.756048735,POINT (-87.756048735038 41.953203300975),C,6,2016,11:00:00
6ec7bb42455ef500e11087a839b6aef8ab6064557caa8a4c9eb839c89c46e170de19f6e547cade35945c6cf97bfb7697f35c6021861e70282ea2b91fbd6e7f8e,2017-12-23 10:35:00,CLEAR,DAYLIGHT,DRY,ON SCENE,12/23/2017 10:35:00 AM,41.741803599,-87.740953582,POINT (-87.740953581987 41.741803598989),C,12,2017,10:35:00
6db9687cfff15dfcc33e9698b6a664a550a7aee3a4b90312abfea867823e3a3babec506e1c987dfe9a9c36fda6c1fd49580127eb066d7520d9be706b95bc8917,2019-03-19 13:20:00,CLEAR,DAYLIGHT,DRY,ON SCENE,03/19/2019 01:30:00 PM,41.87566181,-87.715869634,POINT (-87.715869633961 41.875661809982),C,3,2019,13:20:00
6c8a0d820a2b202116d606be488280b22600b7ae2ce1cdfedb9ba26af4c108450b24c005e460cf43dd628acb947a717fed2d785e0863033cb1ebecd34f879cb3,2018-07-15 11:30:00,CLEAR,DAYLIGHT,DRY,NOT ON SCENE (DESK REPORT),07/15/2018 12:30:00 PM,41.735617968,-87.682663369,POINT (-87.682663369002 41.735617967973),C,7,2018,11:30:00
6c880f883bc159fb4db294de4d26bfd097d1e7d14c6b5cfae16fc9afcddc098b09a417c9db386566776ad72f76f6d000511622f9f6acba094e1671d2d9762d3c,2019-09-03 18:49:00,CLEAR,DAYLIGHT,DRY,ON SCENE,09/03/2019 06:49:00 PM,41.849670647,-87.69888064,POINT (-87.698880639999 41.849670647043),C,9,2019,18:49:00
6d1241940d333c48818b016c99cc248020b3839c64b781d41b25c4d3fb189926baad9255a8ba89f0d022d1073ea241fd7697f1b404ce85f6bc03bd3b1a66359c,2021-02-02 11:30:00,SNOW,DAYLIGHT,ICE,ON SCENE,02/02/2021 11:40:00 AM,41.941331857,-87.674573951,POINT (-87.674573950998 41.941331856995),C,2,2021,11:30:00
6dcd34cc0f6477a21718336eea9fe42e5029b9b5493198d873b01cace906881fec5423ac97382a3b15ee37445dc25fbdab7e18aab29c6a582924e1481ec46c97,2021-11-25 20:47:00,CLEAR,"DARKNESS, LIGHTED ROAD",DRY,ON SCENE,11/25/2021 08:47:00 PM,41.87566181,-87.715869634,POINT (-87.715869633961 41.875661809982),C,11,2021,20:47:00
6da712f1706dec8bc4d582762d0089e806a23d76ed48484be2a799101a2a875eaaaca488f4d11a5b9944a0d43924def36645239c6a4c166e750a097b4a7422de,2022-06-07 15:00:00,CLEAR,DAYLIGHT,DRY,NOT ON SCENE (DESK REPORT),06/15/2022 11:35:00 AM,41.990020023,-87.809224289,POINT (-87.80922428895 41.990020023035),C,6,2022,15:00:00
6d75b43eff30f2a9b1929cc851929f424cb53a4b8361a0f4e990a3da5fbe201efbf46cae2818939e92cd8d60294511d1a4d1ce4a7f6bb936f54065f2c75136ad,2022-02-28 13:15:00,CLEAR,DAYLIGHT,DRY,NOT ON SCENE (DESK REPORT),03/01/2022 02:10:00 PM,41.893513416,-87.667363049,POINT (-87.667363049012 41.893513415986),C,2,2022,13:15:00
6c6f3ec9a93d93cbe8bb37c74abb8b45051f7ce63e81dd39ba4e3418693e19149757f7f64675c817f80bfdbf1dbd0b58a1dff73d004bb50af2e5250eb471b24c,2018-08-09 12:13:00,CLEAR,DAYLIGHT,DRY,ON SCENE,08/09/2018 12:15:00 PM,41.908009406,-87.643491086,POINT (-87.64349108603 41.908009405972),C,8,2018,12:13:00
6cdd5873229012b5ced4322a8c1b95bdf56d776f1db38287389e75ebd843303ff1fcd85a4985329215bc2930daad52c2d3a02ef0665d10ca62dfe87b20e1b385,2015-10-21 17:00:00,CLEAR,DAYLIGHT,DRY,NOT ON SCENE (DESK REPORT),10/21/2015 07:45:00 PM,41.693015814,-87.701024776,POINT (-87.701024776006 41.693015814018),C,10,2015,17:00:00
6d9f7314a87bcf1bfb2af9bf10207be92cad1db57c324a7096f36f85ccc4f101e08fbb06c90b5eca568530189c04eaa44065bdf62333c3baa9a9cc647ad993b4,2020-06-28 09:30:00,CLEAR,DAYLIGHT,DRY,NOT ON SCENE (DESK REPORT),06/28/2020 11:47:00 AM,41.916381427,-87.66618973,POINT (-87.666189730021 41.916381427046),C,6,2020,09:30:00
6ce676a0aeeb7350670a828abb2baae22a0ef0fe85608c119d7730fa54bd80296b3463ddc4708c05019519aaa8729fc2a1d52b9a8432108d9cc5f7da22d30f6e,2021-02-07 18:46:00,SNOW,DARKNESS,ICE,ON SCENE,02/07/2021 06:46:00 PM,41.931852172,-87.730640443,POINT (-87.730640443011 41.931852172027),C,2,2021,18:46:00
6d59b9bccb25ad87ee56221265f3f08ec0e5383ebd66fa75a31d87dfb7dd36c262f4d0352b79d8e4c79c69f8ad3c56c58515cf08a42816fbafff0c76b2c7dab7,2018-10-20 19:30:00,CLEAR,DAYLIGHT,DRY,NOT ON SCENE (DESK REPORT),10/30/2018 03:30:00 PM,41.844607515,-87.694804642,POINT (-87.694804642033 41.844607514956),C,10,2018,19:30:00
6ccfae90fd8db060af1597b52584a6e348a9f227851acc269ef96d528a5ac1a56fe6b29b3e58d6a5d71e6df5a16d297226b38f96dd489d8365d4a04d7dc7f175,2020-08-01 21:56:00,RAIN,DUSK,WET,ON SCENE,08/01/2020 09:59:00 PM,41.756061973,-87.639583836,POINT (-87.639583836047 41.756061972991),C,8,2020,21:56:00
6ee8446c470b9233b4cbb958639fd47075dce24a896f0818e48e3590720e4f31a69d6a26c67506136964269f305e5b502286f8a38023ec277048ee923868e425,2017-07-16 14:20:00,CLEAR,DAYLIGHT,DRY,ON SCENE,07/16/2017 02:42:00 PM,41.78419815,-87.741365268,POINT (-87.741365267996 41.784198149971),C,7,2017,14:20:00
6c79551bfd540994cbfb905ade5ad8306605d74224c203f218f5405c10ff297ff8afc6a3a484afcd0a688aaf364f14cee44b6b7dbe55c8566baf6304c5a5d001,2023-01-08 13:05:00,CLEAR,DAYLIGHT,DRY,ON SCENE,01/08/2023 01:20:00 PM,41.964970988,-87.689014858,POINT (-87.689014857991 41.964970988018),C,1,2023,13:05:00
6c4c6d5feed4176d19fff76148a853c65a9e986652d8ac7b8e3dacfeb2e90f6f64b71dcfe9efb7a6450d9e6eb5b136f84b6c2d6da8e0ccd795f9a55beac3f058,2019-02-04 15:00:00,UNKNOWN,DAYLIGHT,UNKNOWN,NOT ON SCENE (DESK REPORT),02/04/2019 03:45:00 PM,41.75616061,-87.634583596,POINT (-87.634583595966 41.756160610031),C,2,2019,15:00:00
6cb7a58bab36dd70e9bcba6f54c474aa0b940b8b7fe0be8809da1882658ec770f771c374600b48c4496769f2883fb64235cf89e2831f20094462c3dc2c6f5a30,2020-04-28 16:25:00,CLEAR,DAYLIGHT,DRY,ON SCENE,04/28/2020 04:26:00 PM,41.832468285,-87.66429187,POINT (-87.664291869972 41.832468285018),C,4,2020,16:25:00
6e36bc91a4f49f731b0be3d26d30c0d818b87cc84d045f6fec6eab22efacc80c92e95c131e534badf08d1412ed5fcf488b0061b846006408dbbad43708640ade,2022-07-05 19:05:00,CLEAR,DUSK,DRY,ON SCENE,07/05/2022 07:12:00 PM,41.945064736,-87.806851953,POINT (-87.806851953014 41.945064736015),C,7,2022,19:05:00
6ccdf9d553758e3e34d2845c68d11a2ea21775f62d901df49e8889c0c4e618f923f9a28d681e635f25ef36fe25097d83ca7c82bb2981ae7def0c82d912b98f8a,2019-11-22 10:30:00,CLEAR,DAYLIGHT,DRY,ON SCENE,11/22/2019 04:40:00 PM,41.698289485,-87.707070507,POINT (-87.707070506954 41.698289484973),C,11,2019,10:30:00
6eb101e983f0a57758140d867150def6d9496aec846eb41f738de704ee2c56901eca50fdfeaf68ddecddd476dbdcb9d4f7322394aaf419168529e8291bee9f50,2021-10-05 14:02:00,CLEAR,DAYLIGHT,DRY,ON SCENE,10/05/2021 02:30:00 PM,41.746062636,-87.702143236,POINT (-87.702143235997 41.746062636044),C,10,2021,14:02:00
6c8a429571968e87a024267702cba10605ce40108f31c1722235593de16367881b75c4b8f19b161da4096792e4bffa7d0cce2ea803ebe6f1ef9a4cf91648477d,2017-12-30 12:08:00,SNOW,DAYLIGHT,WET,ON SCENE,12/30/2017 12:09:00 PM,41.931036923,-87.791942933,POINT (-87.791942932976 41.931036922967),C,12,2017,12:08:00
6c6790bae38fdb61f66df91bce63eba82b7e15339397e70da80e1d7c4baae03858928b05d925523c44ecedd0f736150c6750bbfcf49ad2b92b9a52e1456ec478,2021-08-27 16:00:00,CLEAR,DAYLIGHT,DRY,NOT ON SCENE (DESK REPORT),08/27/2021 04:01:00 PM,41.786192939,-87.701055579,POINT (-87.70105557902 41.786192938996),C,8,2021,16:00:00
6e4ae497d150d6ff077da419469e109ad244adf9fbf2ece026cbe297a52c345ad87c0dfb77fc10c98a4f0abf6f6301afa8498a618e8ad9fde00ba92fce1dcf87,2022-01-16 02:50:00,CLEAR,"DARKNESS, LIGHTED ROAD",DRY,ON SCENE,01/16/2022 02:55:00 AM,41.893513416,-87.667363049,POINT (-87.667363049012 41.893513415986),C,1,2022,02:50:00
6df5bd8fd32d2fec7b1f452192f8ff0494c41d180a567dcbd277ad52577bc439f7a4a28c75b3346d48fcb122e721d20e903cb1a917ff4bbaa86413ed18446259,2020-08-12 15:11:00,CLEAR,DAYLIGHT,DRY,ON SCENE,08/12/2020 03:11:00 PM,41.882730098,-87.774595285,POINT (-87.774595284983 41.882730098039),C,8,2020,15:11:00
6c81c9b14962e8202b2d1f9647758549904c2f51a40125e12f16ec16c904732a19fd3afee2b0ac6b8f69526d72bc18f7be15b6f4f94223bf65a0a0bfdc2ec054,2021-12-04 16:00:00,CLEAR,DUSK,DRY,NOT ON SCENE (DESK REPORT),12/04/2021 04:30:00 PM,41.924550441,-87.730586493,POINT (-87.730586493001 41.924550441008),C,12,2021,16:00:00
6ca5da96f74fab1e2f491040c4049027e1c5d61a9b36e4540a5d50f0d168a81eac5f08bf0a48e880596dc93b0f0785a1a99754c1cebe6cb67fc4c62dd53a8caf,2022-04-11 13:00:00,CLEAR,DAYLIGHT,DRY,NOT ON SCENE (DESK REPORT),04/11/2022 03:30:00 PM,41.772802834,-87.635005056,POINT (-87.63500505598 41.772802834015),C,4,2022,13:00:00
6d53ef86c93f91895cb47364f2654b4a0cd38f573b380dd9d5b38037f4b9fb9b27b02ffdd8f2043a4d945c76289a5fba82fffc5f254ea726a67369a181174c9c,2018-05-14 23:00:00,UNKNOWN,"DARKNESS, LIGHTED ROAD",UNKNOWN,NOT ON SCENE (DESK REPORT),05/15/2018 06:20:00 PM,41.983853703,-87.710192861,POINT (-87.710192860993 41.983853703027),C,5,2018,23:00:00
6eaff64ecda0e34d80fdbfbe1088b1c3d138ec9d3bd4d7c6f7808c4aa8740ae1444d8d0c940efcb0360b57d92ef60946f4420207eed41a46ce8f280b2a5767d4,2018-12-24 23:42:00,CLEAR,"DARKNESS, LIGHTED ROAD",DRY,ON SCENE,12/24/2018 11:47:00 PM,41.782457244,-87.59578011,POINT (-87.595780109983 41.78245724397),C,12,2018,23:42:00
6d374dff30768bb4e3ab85c507f60e7584eba74da78548385cabe1a6690115e66863155cbb50758acd0fece3e0bc2d31e57740dc0e300026605c9a3b7ded80db,2018-08-08 16:07:00,CLEAR,UNKNOWN,UNKNOWN,NOT ON SCENE (DESK REPORT),08/08/2018 06:00:00 PM,41.896737923,-87.620221354,POINT (-87.620221354034 41.896737923045),C,8,2018,16:07:00
6e8c3cd553b097b4cda0691c34c4adb78c5614a85f2427c30a27c46efb15bf69538b860f42d343de24e8b07a1b249d5f5c41adf059951413c18a57e38c8c5be1,2021-12-25 12:41:00,UNKNOWN,UNKNOWN,UNKNOWN,ON SCENE,12/25/2021 12:41:00 PM,41.930941387,-87.799739604,POINT (-87.799739604026 41.930941386995),C,12,2021,12:41:00
6c77982e49e3ddc97f34ceacc2a9f77ea70b9d162c8a15416b8f2481feeee2e8ea5d2ae243f861ac77735aed4b1bcf8baac1cb82c23b3c66735ae5b868ed28fc,2020-02-02 16:45:00,CLEAR,DAYLIGHT,DRY,ON SCENE,02/02/2020 04:48:00 PM,41.876709819,-87.640877979,POINT (-87.640877978951 41.876709819038),C,2,2020,16:45:00
6ec19a68d1b37b305f39ddfed6f5c4eed80f8f9ca991911a7ad463b39c83b2f29b17ca6088285213c370a47155cc0c5e7ea046e761437918a8010fbb24aab35b,2020-01-05 14:50:00,CLEAR,DAYLIGHT,DRY,NOT ON SCENE (DESK REPORT),01/05/2020 03:00:00 PM,41.836772906,-87.725712341,POINT (-87.72571234101 41.836772905951),C,1,2020,14:50:00
6e08f94f983896ac6b219afda4c6958e25c19669da64c5f440063fe2ecf433c858e6e3c49f298b26713eaa85a017bacf3a75bd3b793c2fc2be254f56d0353ecd,2018-02-10 11:00:00,SNOW,DAYLIGHT,SNOW OR SLUSH,NOT ON SCENE (DESK REPORT),02/10/2018 11:23:00 AM,41.794602529,-87.742607215,POINT (-87.742607214988 41.794602528951),C,2,2018,11:00:00
6ee15d124aecec88df95339908ef11d15610194f7c3fe9dc30d77a5ebb0de78ba8f288aa2e9326beb8534cecc4203de89658a6f42abef77e68ee7c1569c516d1,2023-06-27 11:50:00,CLEAR,DAYLIGHT,UNKNOWN,NOT ON SCENE (DESK REPORT),06/27/2023 12:18:00 PM,41.970477858,-87.708386116,POINT (-87.708386116011 41.970477857992),C,6,2023,11:50:00
6ecda16f71a1bfc1421e267f16f68d197935c72de69b357cc6de1636dbe02392d2a31834096e7f9d0ff145b3ceb2f39eec7eb51df08f82896425326669fdaf30,2021-02-20 15:23:00,SNOW,DAYLIGHT,SNOW OR SLUSH,NOT ON SCENE (DESK REPORT),02/20/2021 05:10:00 PM,41.875560779,-87.710884921,POINT (-87.710884921013 41.875560779017),C,2,2021,15:23:00
6d71e068dfb634a784dba3250c89cb08f126f82aee23c9ae1cd07bdf139c49f3d875f1992ccc2404d4e3a22808dc56c71cf5a8308ea07e45a42d7631333e0e2b,2020-07-17 17:40:00,CLEAR,DAYLIGHT,DRY,NOT ON SCENE (DESK REPORT),07/17/2020 06:00:00 PM,41.964541591,-87.656762551,POINT (-87.65676255096 41.964541590956),C,7,2020,17:40:00
6ee3f4012bfd6d248a7bf7908623c003eb6543b2a4394ca42474de7ed765385c60efdbcf2b9900038589002b0044175a40d76b29cfbf1160d29c966b9f087939,2019-01-12 12:15:00,SNOW,DAYLIGHT,WET,NOT ON SCENE (DESK REPORT),01/13/2019 03:30:00 PM,41.97643833,-87.668269791,POINT (-87.668269791011 41.976438329997),C,1,2019,12:15:00
6cb9a285a2ebe2cf580bb10438de55cbec833b940eddc2b0659dc9c894676b309a6b6d4fb1795d715002bf5141f75ef67a5350313c9cc2d1e70686b3f9116754,2018-05-19 19:50:00,CLEAR,"DARKNESS, LIGHTED ROAD",DRY,NOT ON SCENE (DESK REPORT),05/19/2018 08:15:00 PM,41.97600184,-87.689092635,POINT (-87.689092634969 41.97600183997),C,5,2018,19:50:00
6c71dd3a5fb9b31819779f4b6f32d20e08c2282bbe8265a04371efef2b17dedda7df2378aaf40bdd645ed9304e62c36e20661a06b572617ee3246690d436dea5,2021-02-09 23:02:00,CLEAR,"DARKNESS, LIGHTED ROAD",DRY,ON SCENE,02/09/2021 11:10:00 PM,41.712072677,-87.681644152,POINT (-87.68164415196 41.71207267704),C,2,2021,23:02:00
6cd53b316bbf99027059aa25595effd6bae81567ffa7028cf6cc89894ecc1c50554eece0dd17318cfbe348a686705b8895b12b68299ec9b1c48dd4de0acab2d4,2017-11-02 13:31:00,RAIN,DAYLIGHT,WET,ON SCENE,11/02/2017 01:31:00 PM,41.784385694,-87.740065946,POINT (-87.740065945952 41.784385693962),C,11,2017,13:31:00
6ce15835251d0c217804ea68c126e980954884a7f189eb9816140a5efc95fca1831ce721b34be1821d09256f654cd0deb7296b4799d14af858bd025258187a72,2020-09-20 20:30:00,CLEAR,"DARKNESS, LIGHTED ROAD",DRY,ON SCENE,09/20/2020 08:32:00 PM,41.799888717,-87.596797969,POINT (-87.596797969006 41.799888717015),C,9,2020,20:30:00
6dcb09ebc81997b4e30ae5e11063c71145fc8d3da4f349557e9354c3c13f7e5967aa5752eec1e13ba51dc7bf494d9d7b558ba666351552436b54b7e69b1aaa8d,2023-07-13 18:30:00,CLEAR,DAYLIGHT,DRY,NOT ON SCENE (DESK REPORT),07/13/2023 07:00:00 PM,41.924025937,-87.754108923,POINT (-87.754108923036 41.924025936998),C,7,2023,18:30:00
6d8431b2cd809a07919bb548b6f36f8eb15407180437b56f32caf5db473ecbc178e274d58b5203bcbc0c7498f10865af6b63a2e948a3c253352d269ed3dec88c,2022-01-28 10:35:00,SNOW,DAYLIGHT,SNOW OR SLUSH,ON SCENE,01/28/2022 10:43:00 AM,41.857784901,-87.711663102,POINT (-87.711663101992 41.857784901036),C,1,2022,10:35:00
6cce0e074843bbac2b664cd2823c5090f6d0aa107b9b3a65a1aa98734f630ace4a22275365ddfdf2f8c0fd1277b6b60ac42d2b7d4dcc48e434650bc0aacb1082,2019-04-18 15:30:00,CLEAR,DAYLIGHT,DRY,NOT ON SCENE (DESK REPORT),04/19/2019 11:25:00 AM,41.741803599,-87.740953582,POINT (-87.740953581987 41.741803598989),C,4,2019,15:30:00
6ec71641ee09c99b9e24c118a0b9140a0a9dce8abd1d688b9fc00f8b2494f98af8bb18561e8fa38fddc5bc5f44f6246cf30580bbedb1a3046dfbb6914fe62000,2022-09-16 06:00:00,UNKNOWN,UNKNOWN,UNKNOWN,NOT ON SCENE (DESK REPORT),09/17/2022 08:10:00 AM,42.006801604,-87.661457734,POINT (-87.661457733969 42.006801603988),C,9,2022,06:00:00
6e803c8210bcfbde22acae723c5a0d702cafd6e4ec4386d8cbd74840b3dd89675c6770c92add5498f998298605628a6995dde682a067083b7a15c5ec90dfb2d3,2022-05-13 11:00:00,CLEAR,DAYLIGHT,DRY,NOT ON SCENE (DESK REPORT),05/13/2022 02:20:00 PM,41.769013456,-87.620351979,POINT (-87.620351979041 41.769013455966),C,5,2022,11:00:00
6e7075b3f82986dd6ee90e1449734f5a1f8a6828eb43045ccf8a8b7f546d40c936c4cbdb79ddf164499f79701a2b14889bd61bf872ae6df5773f8c20498ffab6,2021-06-12 18:40:00,CLEAR,DAYLIGHT,DRY,NOT ON SCENE (DESK REPORT),06/12/2021 07:00:00 PM,41.746710362,-87.65742424,POINT (-87.657424239974 41.746710362028),C,6,2021,18:40:00
6ebf5c93561fc110f0d53b9ef7e287bd80250c665d752fb83b311b7ee8c37d0cc6841fe99d768738b299cdbdde5bfc44222a105603c9f8301e62841a26083f07,2018-11-30 18:00:00,CLEAR,"DARKNESS, LIGHTED ROAD",DRY,NOT ON SCENE (DESK REPORT),12/01/2018 04:43:00 PM,41.762174118,-87.558927464,POINT (-87.558927463962 41.762174118016),C,11,2018,18:00:00
6d78831ff15c2766bfa85554a13799ce2055dcdafa15e3e96ede58b2b05d84a09eca64653a4201fc7c8c5f15aac0295ef60ffb25f77ed3d33f9e92f0d0f179ca,2020-06-19 12:50:00,CLEAR,DAYLIGHT,WET,NOT ON SCENE (DESK REPORT),06/19/2020 01:25:00 PM,41.69433972,-87.681090502,POINT (-87.68109050196 41.694339720031),C,6,2020,12:50:00
6d2702c151ea4b4b7e5eb20527e36579353e093652fd17f107d06e7b0d4cfa21db9d29e38b883a33338babb0027e7e1957061b7aa3a905c1323ac65cb03b9736,2022-06-07 12:42:00,CLEAR,DAYLIGHT,DRY,ON SCENE,06/07/2022 12:45:00 PM,41.960532229,-87.767097026,POINT (-87.767097025983 41.960532228999),C,6,2022,12:42:00
6ced2bd4fc49f82433fb371ea0bb18f135e6ec5c782ce4d73ab8def5f53688d5789e1b51a17b5809e79c78f8f08323f2249cd6792e4b1f990bc5a5f12b863021,2019-08-15 15:00:00,CLEAR,DAYLIGHT,DRY,ON SCENE,08/15/2019 03:05:00 PM,41.958986951,-87.933993929,POINT (-87.933993928974 41.958986950953),C,8,2019,15:00:00
6efa6ead1603a646cfb496295174da0aa7aee0613dde58ebf71c3d099688bc8c0df5e2c41fecdf78e47b9d94625885f6d43567b53b684af7855285cca8a29bc9,2022-09-16 13:15:00,CLEAR,DAYLIGHT,DRY,NOT ON SCENE (DESK REPORT),09/16/2022 02:10:00 PM,41.893380429,-87.657587738,POINT (-87.657587737968 41.893380429025),C,9,2022,13:15:00
6c6f57580de4e5bc18e9d7f238cf5047b7510e44adb336059f7553b1c4528489177df228210e701c93410f6d4de963d0c8012066b3a9775b56ccfa735e7ca503,2019-05-24 08:20:00,CLEAR,DAYLIGHT,WET,ON SCENE,05/24/2019 08:35:00 AM,41.74579217,-87.635369997,POINT (-87.63536999702 41.745792169991),C,5,2019,08:20:00
6e12d0639a47e7019b44cf76707fa8df33679cd2fa5e82003252cf2cb30c92b3bc5bfd9838f094519c61c4243908b9b6f4569742d8357ce6348930c03595b2e7,2019-12-27 14:37:00,CLEAR,DAYLIGHT,DRY,NOT ON SCENE (DESK REPORT),12/27/2019 03:15:00 PM,41.777821834,-87.615711866,POINT (-87.615711866003 41.777821834026),C,12,2019,14:37:00
6ecb7b66199146a04891411604dbbd4124da2ecc4794c91a26c76eb575a7f1e369b6edc07c0643d1e69db8c2724cdab6ec723c2e24c69129ead81658a3a64f43,2022-09-27 13:30:00,CLEAR,DAYLIGHT,DRY,NOT ON SCENE (DESK REPORT),09/27/2022 03:05:00 PM,41.808749374,-87.66230696,POINT (-87.662306960034 41.808749374011),C,9,2022,13:30:00
6ddbf7dd215fec9d0f4701c06a28ebf8bc63b58640b4a626f83e1ae0b73872886d77365232dd528fced16336c52f3ed36fc59407ac54fc0606cefbe40489dbb5,2018-06-15 14:55:00,CLEAR,DAYLIGHT,DRY,ON SCENE,06/15/2018 03:05:00 PM,41.890374775,-87.677042676,POINT (-87.677042676037 41.890374775033),C,6,2018,14:55:00
6d354b58a9e5944a4cc0cd23d6daf46567cd74c41a9ef842731b753ce9d35c89ec89b929ff6f056f65a5b955d7b8830e181c822ca504e2dd0692c4153693d6c2,2018-06-24 09:50:00,CLEAR,DAYLIGHT,DRY,ON SCENE,06/24/2018 10:05:00 AM,41.992031155,-87.67770077,POINT (-87.677700770007 41.992031155033),C,6,2018,09:50:00
6d4b0983c415c3e6e164c7377632ac713fe19a5069c7b46b3dc3403716a1dc6fca8f0b8a386da0fa6c1afe7c5e521f71726eacd8d035bd8736168675fe22dd7c,2019-09-12 06:50:00,CLEAR,DAYLIGHT,WET,NOT ON SCENE (DESK REPORT),09/12/2019 07:45:00 AM,41.777876115,-87.776445652,POINT (-87.776445651971 41.777876114963),C,9,2019,06:50:00
6de2a106cbbcc1d727a49a1a047f40a2685a1a1e11ab701919d9a2e33352b8f920a273f5fb5053921b5b910725a5d04307ace1ddec929186a720d0453ff0ff4a,2019-05-17 10:43:00,CLEAR,DAYLIGHT,DRY,ON SCENE,05/17/2019 10:43:00 AM,41.858908833,-87.729904272,POINT (-87.729904271964 41.85890883299),C,5,2019,10:43:00
6ca7688c8eaacaafd28c0fe113f752aff68c9471f3871d411b71f1039392f23e6c5090e1349604ca7239cdfc86718be366f20628f17cf678d9e3dc91a9473912,2020-08-14 17:30:00,CLEAR,DAYLIGHT,DRY,NOT ON SCENE (DESK REPORT),08/14/2020 06:12:00 PM,41.975383528,-87.752958923,POINT (-87.752958923026 41.975383528015),C,8,2020,17:30:00
6de8763c20c00910a4a35e5787567dbae2a6691a9e5169b4bc373de7851d78596359d5382444f764bbca43b818f89fc6e9420276d1a77557a616c55c3a42202e,2020-01-30 10:55:00,CLEAR,DAYLIGHT,DRY,NOT ON SCENE (DESK REPORT),01/30/2020 11:14:00 AM,41.932604222,-87.727148226,POINT (-87.727148226037 41.932604221966),C,1,2020,10:55:00
6eb0a926896d00a9a2872004ffa5c3c14c0f45978f502b42129eb30fae2e22d371b1e9930a97bb1fa0f340188da0f9957fdfc0f19722f4db56e35878040a7ab2,2022-10-15 15:05:00,CLEAR,DAYLIGHT,DRY,ON SCENE,10/15/2022 03:10:00 PM,41.932407078,-87.677153225,POINT (-87.677153224975 41.932407077992),C,10,2022,15:05:00