CRASH_RECORD_ID,CRASH_DATE,WEATHER_CONDITION,LIGHTING_CONDITION,ROADWAY_SURFACE_COND,REPORT_TYPE,DATE_POLICE_NOTIFIED,LATITUDE,LONGITUDE,LOCATION,CRASH_TYPE,CRASH_MONTH,CRASH_YEAR,CRASH_TIME
6f0012abaedacc271841ac5d612a277ab18b76741612381fed5b3376b1122a7c5d280a43cbaa969a541d943d03a3dd917b8fd751620a1dd57677e8ca0858b9b5,2016-04-25 17:03:00,CLEAR,DAYLIGHT,DRY,ON SCENE,04/25/2016 05:04:00 PM,41.791014718,-87.579568891,POINT (-87.579568891023 41.791014717969),C,4,2016,17:03:00
6ef95d655bab9cd818ff02363825de2c2ac42a0ef8617c6fc9816780d3a01f8c40a45f530af8fe785c436a21d95748c2d47ad5803471df6d3a1f34405b727ebf,2019-12-02 14:40:00,CLEAR,DAYLIGHT,DRY,NOT ON SCENE (DESK REPORT),12/02/2019 05:00:00 PM,41.875008491,-87.673536864,POINT (-87.673536864033 41.875008491025),C,12,2019,14:40:00
6e9879902c3a0d3c9a0ceea3354f9515710da74e6cd1493e80532c783775227abaeb68da7c321be4eb782f0d0e459f9a3eb6a432122ee4c2eb5c7492ef793d35,2021-08-15 12:50:00,CLEAR,DAYLIGHT,DRY,ON SCENE,08/15/2021 12:56:00 PM,41.890355784,-87.614377352,POINT (-87.614377352049 41.890355783989),C,8,2021,12:50:00
6d9c5fac81e1ee971d9a7806fef8ad1f7d4de9b7f356c989b56b334c467bbc4f5a9a16229cf47be8111e4d415e5b5cd3e974e7c4b542b3075566ae3a9bc95a15,2020-06-17 17:03:00,CLEAR,DAYLIGHT,DRY,NOT ON SCENE (DESK REPORT),06/17/2020 06:15:00 PM,41.712072677,-87.681644152,POINT (-87.68164415196 41.71207267704),C,6,2020,17:03:00
6d599fa7a3491c7d14ab4228b0975c3122f0c32402846b39e5ad793d269d17fb59bd1f7aff6dea67b137a0b848b76711f40f368810d7773c0b8cf13477ee30ad,2022-04-01 19:10:00,CLEAR,DUSK,DRY,ON SCENE,04/01/2022 07:14:00 PM,41.794778764,-87.623828038,POINT (-87.623828038036 41.794778764028),C,4,2022,19:10:00
6df499b7540757bbc881e3605acd20039f14cfa9eb66f0df4a496cca10d3778271d6287f576de9f8bd0edf554552c2c1e7e326fd5f618f4b3fd98d052028d158,2015-09-29 10:00:00,RAIN,DAYLIGHT,WET,NOT ON SCENE (DESK REPORT),09/30/2015 10:45:00 AM,41.95427949,-87.732346287,POINT (-87.732346286999 41.954279489974),C,9,2015,10:00:00
6def5185537ee7e2febb24be658a62b6ba600484ab6c8dcd33bd877d7df4aa5cc3bc4bb82b12ea7a6ae7076803829a31f041257b3075747479205ae813d60f2e,2021-10-07 16:30:00,CLEAR,DAYLIGHT,DRY,NOT ON SCENE (DESK REPORT),10/07/2021 06:13:00 PM,41.741916078,-87.731527894,POINT (-87.731527894011 41.741916078034),C,10,2021,16:30:00
6cfe9bed202d20f1e0f097889363f59d88d00810228e0493adef6a07738052a640b9064d57bdb8eea84f1cc49291ffce1960a98ee2a2ab49350cc3f3bb29c03f,2022-10-08 02:15:00,CLEAR,"DARKNESS, LIGHTED ROAD",DRY,ON SCENE,10/08/2022 02:19:00 AM,41.799518076,-87.73834096,POINT (-87.738340959964 41.799518076003),C,10,2022,02:15:00
6cbecb70dae3052902a4cc7eac42b93fdc45860fed457b0ca9a8f0e88aeec3eac6ed221e6ea04d366fdcc23cd30bd96be895b785393641278cf9622c3c3f474d,2018-06-06 04:16:00,CLEAR,DAYLIGHT,DRY,ON SCENE,06/06/2018 04:31:00 AM,41.897653733,-87.684298295,POINT (-87.684298294983 41.89765373296),C,6,2018,04:16:00
6db1adb5fc184d094065a60a71b173aac2935761ff6862fa1360561cfee75340ab3c0f8e6d1e70cb3dadd25c99bf01a19e2389499fd90fe8149eb6ce99d9439b,2023-01-09 08:30:00,CLOUDY/OVERCAST,DAYLIGHT,UNKNOWN,NOT ON SCENE (DESK REPORT),01/09/2023 11:30:00 AM,0.0,0.0,POINT (0 0),C,1,2023,08:30:00
6d8baecf47b223de0660e6c7d9e5c383995c7fc2a12c31c1bfad911f76db99b816245ea4f33f3c4890f38ba7dbf9b676e6ff0ec6c9a5370ef55d38a87f85b9b3,2018-04-02 06:52:00,CLEAR,DAYLIGHT,DRY,NOT ON SCENE (DESK REPORT),04/02/2018 07:50:00 AM,41.741803599,-87.740953582,POINT (-87.740953581987 41.741803598989),C,4,2018,06:52:00
6d44adc4a97da5d1c2190f8ee76149adaa3ebab7a939b062d210cfc31efe723f0d6fa95a60419502caeb46d77e3be4a16b201e3b94dfde15686bec798bb73b8a,2017-10-20 22:00:00,CLEAR,"DARKNESS, LIGHTED ROAD",DRY,NOT ON SCENE (DESK REPORT),10/21/2017 03:00:00 PM,41.845112295,-87.705201536,POINT (-87.705201536014 41.845112294966),C,10,2017,22:00:00
6c851718951f270219bbdad2e6a5d139cedc6f43c250be8143210b31cdd3177d9a62f7731fcfd1ca6f927f9dccf15813648183cd94c6a8d884f71c671be1e2b1,2019-02-05 21:27:00,CLEAR,"DARKNESS, LIGHTED ROAD",DRY,ON SCENE,02/05/2019 09:45:00 PM,41.938266954,-87.795761499,POINT (-87.795761499004 41.938266954026),C,2,2019,21:27:00
6ee256b96d1b9deaab51664a29c4a1f691464bf289ebc64b0e7c205a89e0c3edf69c2eb457c9f8cd67b47390f91fd72af41dee65f8c36a26efabd8e88e6f977d,2023-03-27 17:47:00,CLEAR,DAYLIGHT,DRY,ON SCENE,03/27/2023 06:01:00 PM,41.910947985,-87.794908073,POINT (-87.794908073021 41.91094798501),C,3,2023,17:47:00
6c7f147ee5f84beb1afc7cc79673f03b3af75a90da499295a788c9ecde05f4028e762a258430a1ed745527dd5e059068ce5905e73eefbcb1b1b80dc87f22b393,2018-05-30 23:55:00,CLEAR,"DARKNESS, LIGHTED ROAD",WET,NOT ON SCENE (DESK REPORT),05/31/2018 12:14:00 AM,41.803758706,-87.620923702,POINT (-87.620923702026 41.803758705987),C,5,2018,23:55:00
6dccf9adf0d6ee57d525865f03f1c9f154f63f18e6a36a52196a1699308e4564eabe4ae993562b1e6e433528c2bba22091b230931355f81d19349dd8b14da8c9,2023-05-03 13:52:00,CLEAR,DAYLIGHT,DRY,ON SCENE,05/03/2023 01:55:00 PM,41.691376862,-87.720174306,POINT (-87.720174306034 41.691376861978),C,5,2023,13:52:00
6d8ead5ca2b8b7dd10baa88c1a7915fbdbe76e259dd13235d0be0333656db07951a11764b4c120f2b043acc48412090c4e18ffa043fa799086d5b5325146e401,2018-02-07 14:15:00,CLEAR,DAYLIGHT,WET,ON SCENE,02/07/2018 02:45:00 PM,41.891621161,-87.624253929,POINT (-87.624253929022 41.891621161011),C,2,2018,14:15:00
6de67ba7f7a71d6c3e62f996c65e537fdb17509ff4c437601632d77dfc1d824f4acad584ed01058d8059ca64fdfe6eaf6c6626ee39b7e7afbe94434fd4d01576,2020-01-08 15:50:00,CLEAR,DAYLIGHT,DRY,ON SCENE,01/08/2020 04:00:00 PM,41.844607515,-87.694804642,POINT (-87.694804642033 41.844607514956),C,1,2020,15:50:00
6c4d0af8e5c7cb0ec47d37a0f6c9402dacc20e20bbc7d472024d6edf4282a4c5faf287aef35ea5f18e976135db08ab7564b2e78ef55f4f47d7548ab9b7171f7d,2017-08-01 09:15:00,CLEAR,DAYLIGHT,DRY,NOT ON SCENE (DESK REPORT),08/01/2017 10:20:00 AM,41.866501191,-87.686157599,POINT (-87.686157599021 41.866501191036),C,8,2017,09:15:00
6d30cf48e662a7f2639acd5d4be3726097ec731ad2819d549cec6357c44b5fdaae8ea4e008942afbaa6b357a518dc15d1f389c5a570573a483da604dc993f145,2017-10-12 15:05:00,CLOUDY/OVERCAST,DAYLIGHT,DRY,ON SCENE,10/12/2017 03:38:00 PM,41.91806312,-87.746298891,POINT (-87.746298890978 41.918063119995),C,10,2017,15:05:00
6c69b39af2983f127abb8efb2855791c6b229198cc9e82e4764f17e0f753091f8d362d2e6a562ca9a7bbde0655be117df55bc01303070f1493a373c728b5473b,2016-10-09 23:40:00,CLEAR,DUSK,DRY,NOT ON SCENE (DESK REPORT),10/15/2016 07:40:00 PM,41.968261657,-87.736209783,POINT (-87.736209782986 41.968261656967),C,10,2016,23:40:00
6e32fcd4b48af4028d8d6d3d00e54edd6e101b361c5cac6dc20b05c69a1de7b294ce0a804095170d768022759d60123ead0e70500e530dde1e196fc99f59575d,2021-09-08 16:55:00,CLEAR,DAYLIGHT,DRY,ON SCENE,09/08/2021 04:56:00 PM,41.898693296,-87.755842186,POINT (-87.755842186016 41.898693296034),C,9,2021,16:55:00
6ced8230481a41981175170d4d100797e7e9fa2a899a2e6a1408ea3aaccb0150e4e02a7afe66b0a0fae98514beb06f76f441a4fdd77064ad2d9b608bb0f1152c,2017-11-18 06:40:00,RAIN,DAYLIGHT,WET,NOT ON SCENE (DESK REPORT),11/18/2017 09:35:00 AM,41.801718459,-87.630717101,POINT (-87.630717100992 41.80171845898),C,11,2017,06:40:00
6d7bcd072c8ccd8841ea78b677e66fe0197be7c7389ddd11eae6d422465cc465fc92306471a3de042887cd78e82a00468aaf443c32d4544154578069fe20fc70,2022-10-07 10:47:00,RAIN,DAYLIGHT,WET,NOT ON SCENE (DESK REPORT),10/07/2022 03:14:00 PM,41.869780623,-87.640655493,POINT (-87.640655493049 41.869780622992),C,10,2022,10:47:00
6fd2cb1a884fb5de1afa6da69c51435227b875c07ba5555441798d54adb4c75583e8e830257de8a76ed03b47c02dce35d32058086697e31f32d40b568bd6affc,2020-03-02 12:05:00,CLEAR,DAYLIGHT,DRY,ON SCENE,03/02/2020 12:10:00 PM,41.741803599,-87.740953582,POINT (-87.740953581987 41.741803598989),C,3,2020,12:05:00
71d6706f23dda73b30f5c903f47b6a486d181ad9ecdc3f977e5501ad97dfb209d85e7d0d5e644d80a6f5a63f3be206dae2208af1a2882ae30c988a50ef5845a3,2019-10-13 13:36:00,CLEAR,DAYLIGHT,DRY,ON SCENE,10/13/2019 01:36:00 PM,41.903536788,-87.661859583,POINT (-87.661859582959 41.903536788031),C,10,2019,13:36:00
6f241e07a78956e5c43fca6c8941d53efc1e48f659eba71e630903941ed6d2f01d3117ffcaa8180940b1be36077e2ea87039070b472426049021a93cc6a853f2,2023-03-03 14:45:00,CLOUDY/OVERCAST,DAYLIGHT,UNKNOWN,NOT ON SCENE (DESK REPORT),03/03/2023 03:40:00 PM,41.80140618,-87.723251253,POINT (-87.723251253009 41.801406179982),C,3,2023,14:45:00
70a5d4749e48488d426b0b0688154b24759d22dd38b91b21ae08b98e0d790c04ad0f8a4f8111e787ac14ef423eba2ba3b78f6d0eaacdec00bfd1575dfa0cb1d7,2018-03-08 19:15:00,CLEAR,"DARKNESS, LIGHTED ROAD",DRY,ON SCENE,03/08/2018 07:16:00 PM,41.822958463,-87.691425915,POINT (-87.691425915045 41.822958462973),C,3,2018,19:15:00
714a6d83f6e87d4082659a919673ae1c51dd71b2d2449d61499d096d186e41d24f040f9385794791eb1c4ec7482968cb49bbfceaebb8d209d11ab21d380e157c,2016-07-14 16:30:00,CLEAR,DAYLIGHT,DRY,NOT ON SCENE (DESK REPORT),07/14/2016 06:04:00 PM,41.849868611,-87.700444703,POINT (-87.700444703005 41.849868611037),C,7,2016,16:30:00
701257d58f1248031641940d803e5f915115b80a9d164840aeda505569343a09a3a13a932babb42540f77a43212d5eb6e78056b418f3c983b7faf583fa465af6,2022-08-16 23:30:00,CLEAR,"DARKNESS, LIGHTED ROAD",DRY,NOT ON SCENE (DESK REPORT),08/25/2022 09:39:00 AM,41.759925963,-87.560618585,POINT (-87.56061858499 41.759925963037),C,8,2022,23:30:00
719fd56ade7d6c5a5abe39315b8ba02f6525604b764666fb7f3eddd2a6eea2e29d3fe532add2242dc3eb2c3b484859db31ad5039a65f6626bec954cc70cbc5a4,2018-02-05 18:25:00,SNOW,"DARKNESS, LIGHTED ROAD",SNOW OR SLUSH,ON SCENE,02/05/2018 06:30:00 PM,41.871820674,-87.64696578,POINT (-87.646965780011 41.871820674015),C,2,2018,18:25:00
6fa615cb7711bcc715b0717a5412babf2db8225dfe8f2bf1b8f79091c9400841da8a62ad696033cb57abc333b154ec2ffb8bd22af1c25a940222866b758aaa9c,2018-01-07 18:00:00,CLEAR,DAYLIGHT,DRY,NOT ON SCENE (DESK REPORT),01/07/2018 06:47:00 PM,41.852580594,-87.695321828,POINT (-87.695321828025 41.852580594034),C,1,2018,18:00:00
7006f17dc2023015ccc33053c1463a5b00b9bda8de7cee12726ead322c47026a818ea3424e55604ba88568778bf34278ba0d5d681e9908740a45983ac616d318,2020-03-12 09:44:00,CLEAR,DAYLIGHT,DRY,NOT ON SCENE (DESK REPORT),03/12/2020 01:15:00 PM,41.895405866,-87.710432176,POINT (-87.710432175996 41.895405865982),C,3,2020,09:44:00
6f57d973491f7abeefa97cae644d50bb6b1c2517e4e8d5d9964d4d71eb96ffc576641b1a707581bc39a8c279829599a6638c7b92c23294a6bba721c3d2d80474,2020-07-16 16:45:00,CLEAR,DAYLIGHT,DRY,NOT ON SCENE (DESK REPORT),07/16/2020 05:45:00 PM,41.866318732,-87.703432591,POINT (-87.70343259102 41.866318731984),C,7,2020,16:45:00
704b832b0a7f713de4a96bef18e53d66e6f9e231b301d03eb40df71b512c81747101b9046f6c230c92bc11a4072ae2ac6381aa78948891f60171c547c163873d,2017-12-16 10:35:00,CLEAR,DAYLIGHT,DRY,NOT ON SCENE (DESK REPORT),12/16/2017 10:52:00 AM,41.920753131,-87.685531059,POINT (-87.685531058986 41.920753131008),C,12,2017,10:35:00
7016006851c9d1f9af3a01a6328e26526926837ee73c7afafdf890465bb0958fccf98813436404e52ac059d0d0a609868aff06ea79602eb99974b63b48f74068,2019-02-27 11:00:00,CLEAR,DAYLIGHT,DRY,NOT ON SCENE (DESK REPORT),02/27/2019 11:35:00 AM,41.75616061,-87.634583596,POINT (-87.634583595966 41.756160610031),C,2,2019,11:00:00
701244ae79a408ab271d32a5d05925f2986460c34473eff9fcf3214b0f19a89b010ff7277c1ea9ca895427581bcb84b6b482d8beeeb56eabe1fb5937b24ec49a,2021-08-13 17:00:00,UNKNOWN,UNKNOWN,UNKNOWN,NOT ON SCENE (DESK REPORT),08/15/2021 10:10:00 AM,41.762174118,-87.558927464,POINT (-87.558927463962 41.762174118016),C,8,2021,17:00:00
71a6b39f220abd112f50de45657c1955201caf5aeba945b156b11463ab275b7f96db9bb9dcf375db9db68d988341a3180c755e484a1d2aceb4d564cb405ecd7c,2021-01-13 06:00:00,CLEAR,"DARKNESS, LIGHTED ROAD",DRY,NOT ON SCENE (DESK REPORT),01/13/2021 02:50:00 PM,41.927334138,-87.631381285,POINT (-87.631381284975 41.927334138006),C,1,2021,06:00:00
6f1138a264cdb8a3cab03335626fd76f3e44eb15d2d4e1f70fcb768c302f4aec3c5fe82f8c1cfdcdfe1ab871f233c162ff43dbfc027b83d399ea3f0b86db9ade,2021-01-14 16:10:00,RAIN,"DARKNESS, LIGHTED ROAD",WET,ON SCENE,01/14/2021 04:25:00 PM,41.679006892,-87.628840959,POINT (-87.628840958959 41.679006892014),C,1,2021,16:10:00
6fe1a9871d57f126e9e39da9a6b2fbc048fb3da7b768887e6e79fb72ead8c50a36217d8499141b22f08d06384774b279bebace50633b1c3085775f3a2901ee09,2019-06-01 16:15:00,OTHER,DAYLIGHT,WET,ON SCENE,06/01/2019 04:47:00 PM,41.762174118,-87.558927464,POINT (-87.558927463962 41.762174118016),C,6,2019,16:15:00
70ae7da471d67a05e049d4d72c63d0e9bdc4a46c056b369dfe993bec429bf42ad70b4fd42015f71a9d6aa6ca2746e87456ca30de5b999047f16d56054b95fa38,2022-05-08 18:39:00,CLEAR,DAYLIGHT,DRY,ON SCENE,05/08/2022 06:40:00 PM,41.776760402,-87.61299283,POINT (-87.612992829991 41.77676040204),C,5,2022,18:39:00
6fd007cafd1bbf1d5186957034de49fd2e2b91fd5eeb43c02652291b60cee8883eb997b3080e636ec5e181e9ba27364aa7ad61c6b1ace369bd9381c31a48071d,2022-11-20 17:00:00,CLEAR,"DARKNESS, LIGHTED ROAD",DRY,ON SCENE,11/20/2022 05:50:00 PM,41.705916515,-87.594129048,POINT (-87.59412904802 41.705916515013),C,11,2022,17:00:00
71db9a9c23d84cc42a78e4e10028419002a8dca0c62e1d84ab731b665689e7840c67dd1e5a9f9a32c8ad9b664e76187f54cc2f31e45acec81dc8476cc14138ac,2018-03-02 16:10:00,CLEAR,DAYLIGHT,DRY,NOT ON SCENE (DESK REPORT),03/04/2018 10:35:00 AM,41.896737923,-87.620221354,POINT (-87.620221354034 41.896737923045),C,3,2018,16:10:00
7153ce18d09f0ccd87c7cc1d332afe60a29c3c4c4b31fcd6ae3aa64525942255025b3d978fafe7c13d135269367a23f52f8fb15c69e00938861f4b4d5afeada0,2019-08-01 17:05:00,CLEAR,DAYLIGHT,DRY,NOT ON SCENE (DESK REPORT),08/01/2019 05:30:00 PM,41.823176057,-87.677019423,POINT (-87.677019422962 41.82317605701),C,8,2019,17:05:00
7098f69fe111bc8747d3a13e05ccd5e1817b6a5a7b34e1aa42c36b31772fcac6738fa1aafa3229a2091c626d7508a5290deb5c20fe84ed3805dbb1a64766516f,2021-09-16 13:40:00,CLEAR,DAYLIGHT,DRY,ON SCENE,09/16/2021 01:45:00 PM,41.744632159,-87.561492764,POINT (-87.561492764004 41.744632159022),C,9,2021,13:40:00
6f5b971187cdf05ce367e8950362ce27e7d57944c29034f38e24f8e6301de722a763fb023f18716ae4db85c36e02868a32d4dba5434859cf1668f365901a95d8,2019-06-29 21:30:00,UNKNOWN,UNKNOWN,UNKNOWN,NOT ON SCENE (DESK REPORT),07/01/2019 02:20:00 PM,41.903536788,-87.661859583,POINT (-87.661859582959 41.903536788031),C,6,2019,21:30:00
7087f9b189043b7908bf48384447e79502d4f363b36cc4a3d012a8e32b0ee2eb68c22e2d2206f7588ecc353d90fdc873df690efdeddb28b7023fec458f07b207,2019-11-25 18:10:00,CLEAR,"DARKNESS, LIGHTED ROAD",DRY,NOT ON SCENE (DESK REPORT),11/25/2019 06:57:00 PM,41.888399178,-87.623954282,POINT (-87.623954281953 41.888399177959),C,11,2019,18:10:00
6f26d2f328eee604a8481c8af19b7bb2a3e1ce896b3e42656805ffe2b517b8e162926d649192a8d1cc5eb54d51aab4359906d728a399438c03065de228057234,2023-05-21 14:58:00,CLEAR,DAYLIGHT,DRY,NOT ON SCENE (DESK REPORT),05/21/2023 06:30:00 PM,41.809095486,-87.628723167,POINT (-87.628723167002 41.809095485967),C,5,2023,14:58:00
70bd20fc5f76b05456268d06814df030b02c850ea5987ab0ba7ba7b599a6a46256bb52993e7b1248d9c6df482118cb11dbf8a5629f13290feeb65531adc37a93,2016-08-15 19:20:00,RAIN,DAYLIGHT,WET,NOT ON SCENE (DESK REPORT),08/15/2016 08:04:00 PM,41.894228849,-87.625384759,POINT (-87.625384758996 41.894228848999),C,8,2016,19:20:00
6f7ce677f105778282f588598125158b778c828b4daa74217d7c840036db7ba2258695f0a33349944eae2b6bcd32c0cc7e86fb30fd9054c0d49e910dae92fd96,2016-11-08 17:00:00,CLEAR,DUSK,UNKNOWN,NOT ON SCENE (DESK REPORT),11/08/2016 05:25:00 PM,41.872486196,-87.676266124,POINT (-87.676266124018 41.872486196028),C,11,2016,17:00:00
6f6b2e250b0fa37cd3404fce91ae0b57a426cdb4f858e64819a8d616fe7fb599d21e11a0e863aeed5ff6864fc083837ef2ada825cb410f29828a936df9c32352,2022-10-25 16:00:00,RAIN,DAYLIGHT,DRY,NOT ON SCENE (DESK REPORT),10/25/2022 04:50:00 PM,41.966471878,-87.669231243,POINT (-87.669231243006 41.966471878039),C,10,2022,16:00:00
6fa917e8243508c3138be21b762c127a5db6c41fe4515362b2eff57f2964ecbaafaccc64f0dc842a89ade9f2ca112b7e5ed27bed592bf159d755f661cc96d6da,2018-06-02 19:03:00,CLEAR,DAYLIGHT,DRY,NOT ON SCENE (DESK REPORT),06/03/2018 11:30:00 PM,41.909596143,-87.739700644,POINT (-87.739700644014 41.909596142962),C,6,2018,19:03:00
7021c4d9b375a8bcfd6705b812020c954e2c3279e905e918c5aca0f08d4d935a0b634201f8ca9aa1df91529317436fa5cf20601f8ce99a30f2da3f2ebcf5b9a6,2022-05-16 10:31:00,CLEAR,DAYLIGHT,DRY,ON SCENE,05/16/2022 10:31:00 AM,41.808320647,-87.682240771,POINT (-87.68224077098 41.808320646996),C,5,2022,10:31:00
70dae9afc143399863f7e9a6f976afffec51f7ed1de2ac99c87d332bcae3fb03f57efdf518aa4b178ddd9372a1ff28095cc831cb4e5b1d5750dbe0508a15634c,2023-07-25 19:05:00,CLEAR,DAYLIGHT,DRY,NOT ON SCENE (DESK REPORT),07/25/2023 07:35:00 PM,41.917270399,-87.726989009,POINT (-87.726989009005 41.917270398996),C,7,2023,19:05:00
704f778b1dd01d44977e381b8b76a890b4cc9ac876a6c415bfaf53978c87623057a53dd235ca1e9888a4397778ae1a22603cc66617bf2f9ca76ffc2b238ab195,2019-08-10 07:40:00,CLEAR,DAYLIGHT,DRY,NOT ON SCENE (DESK REPORT),08/10/2019 02:40:00 PM,41.943479299,-87.651317655,POINT (-87.651317654977 41.943479298991),C,8,2019,07:40:00
6f463d484c90b769cae9e369bfc93d8c67a5d4a8f04e60796bed46c8230bca0a1e9007d7e500ab37268a108e1ed35b00940b0f6dd47f4ab459a08e03100bf3f3,2022-01-17 07:40:00,CLEAR,DAYLIGHT,DRY,NOT ON SCENE (DESK REPORT),01/17/2022 08:00:00 AM,41.75616061,-87.634583596,POINT (-87.634583595966 41.756160610031),C,1,2022,07:40:00
71513258d60083fb9e3d961e7b37281db1381a99a3948d2d78b5678e149e0e80743fc855cdc541d80084a157d622d0b77128da08e293842c9888fd6cb24c90f9,2020-12-04 17:10:00,CLEAR,DARKNESS,DRY,ON SCENE,12/04/2020 05:15:00 PM,41.930775066,-87.795400106,POINT (-87.795400105985 41.930775066023),C,12,2020,17:10:00
6fabfa1de8b0a5fd57c9a37af6a8c7e4919f16f7c697ff1fc304158c1303b813b1667bcdefd410e69dd674e4cac0b50556791c1370fd8412ce1d6baa7af6c78b,2021-12-14 12:50:00,UNKNOWN,UNKNOWN,UNKNOWN,NOT ON SCENE (DESK REPORT),12/14/2021 01:30:00 PM,41.755568911,-87.658576117,POINT (-87.658576117017 41.755568910951),C,12,2021,12:50:00
6f68b3e1213452af5269f279a96a7c78392c0f19fcfd60843c66194d4205d460743d93f62bbb5088a60578346f38d9058d9c13d4b99956f5d343d351f2c92497,2017-08-17 06:00:00,RAIN,DARKNESS,WET,NOT ON SCENE (DESK REPORT),08/17/2017 06:45:00 AM,41.762666387,-87.7027017,POINT (-87.702701699989 41.762666387024),C,8,2017,06:00:00
6fbb65c0743e08f86394473cf4057db67d162867a43464fdf3462bac899a7e32cdd7198387aa9366f3c011b7ac71c1e6dc4d654d4ae0c7c59ff18fb1cedd054a,2016-09-28 18:00:00,UNKNOWN,UNKNOWN,UNKNOWN,NOT ON SCENE (DESK REPORT),10/04/2016 07:40:00 PM,41.74579217,-87.635369997,POINT (-87.63536999702 41.745792169991),C,9,2016,18:00:00
6f53515ba41639464abea87d71516829b8b06f3b3b123bca877cf01eba3f21db87cd62757c56477478eaff9782f9fc9d311b5b5b518d16040807a596bc023972,2021-07-16 11:00:00,CLEAR,UNKNOWN,DRY,NOT ON SCENE (DESK REPORT),07/17/2021 12:35:00 PM,41.89963141,-87.718743808,POINT (-87.718743807963 41.899631410005),C,7,2021,11:00:00
7110ed205a4f35190a349c998fa0194f2c247ab07ac11046a82385628dad3a823b8a4bdcff5d5e615412fa3ea2f836622b8e0d761550ed80fe16ddb129f276cc,2015-11-06 08:30:00,CLEAR,DAYLIGHT,UNKNOWN,NOT ON SCENE (DESK REPORT),11/06/2015 02:35:00 PM,41.8336705,-87.626313574,POINT (-87.626313574032 41.83367049999),C,11,2015,08:30:00
6f9c0d05087f4bf8868fdae5ad9c426f6bede24e8f47375afbb2dc2f1e58ecad643c7aca4c53cec23a0b0ff6049f9e47ced7cb381d07cbb61cd1222f69f680fd,2023-04-13 13:55:00,CLEAR,DAYLIGHT,DRY,ON SCENE,04/13/2023 02:10:00 PM,41.944788618,-87.641111168,POINT (-87.641111167993 41.944788617988),C,4,2023,13:55:00
6f4a8afd8ec32940a5791b2b0d21139eb54e842c9eb039de379bc8f42519d0f74447031266dcf16b377ac84c797baa48cab9811c2be0fe7ac190e7fc1bb05838,2016-04-16 22:30:00,CLEAR,"DARKNESS, LIGHTED ROAD",DRY,NOT ON SCENE (DESK REPORT),04/17/2016 09:15:00 PM,42.014660423,-87.687677345,POINT (-87.68767734503 42.014660422996),C,4,2016,22:30:00
6f32246a3f1ce570a13e856f09932ac72945fd0b601528349d8cc9de0f86d81fcae5e45182196095f8f2e9223a4c0a124f366b6bb24f3ef2328ebcfd7a556c83,2021-05-07 22:50:00,CLEAR,"DARKNESS, LIGHTED ROAD",DRY,NOT ON SCENE (DESK REPORT),05/07/2021 10:55:00 PM,41.817683733,-87.6650402,POINT (-87.665040200043 41.817683733038),C,5,2021,22:50:00
6f12e3770991f68cf98292967dd086fb0f09b44862bac018c317affb0588feb6963072c9b12a463076e8c288993ded3fca35b46e15b55aaffa32d2eb8e1c983e,2021-12-23 23:04:00,CLEAR,"DARKNESS, LIGHTED ROAD",DRY,ON SCENE,12/23/2021 11:29:00 PM,41.882211292,-87.710898608,POINT (-87.710898608036 41.882211292041),C,12,2021,23:04:00
6f97d90cd2e99ad395c5d0973992a54601eb82db019be31f87ed181e24e905927869dba556b4ebfaec644bf89470f9b70cce790c99805bced7c9e793b8ba6bc7,2018-01-20 06:00:00,CLEAR,DAYLIGHT,DRY,ON SCENE,01/20/2018 04:57:00 PM,41.817683733,-87.6650402,POINT (-87.665040200043 41.817683733038),C,1,2018,06:00:00
7079e5f28afbb7df94840f2c1314af4fd5aa0f84fae7b0f2abb68fe5604ace333c28d0769b24c236386a383d139c5c46e512253c5c790846af87524bb157e45b,2018-10-28 04:38:00,CLEAR,"DARKNESS, LIGHTED ROAD",DRY,NOT ON SCENE (DESK REPORT),10/28/2018 06:20:00 AM,41.917103631,-87.687248767,POINT (-87.687248767006 41.917103631009),C,10,2018,04:38:00
6f38c2391b122be35dd8d109ad4936cc61f322f272ac2fb18f65eef8ef053e9a68335ff37bdd4acfbc32b8343c4f900ffd0d16ee71feb052f730146d000eb410,2018-07-06 22:20:00,CLEAR,"DARKNESS, LIGHTED ROAD",DRY,ON SCENE,07/06/2018 10:23:00 PM,41.910005731,-87.706895043,POINT (-87.706895043031 41.91000573099),C,7,2018,22:20:00
6fb10900d19d01973f481d2f916ff5bc69a4c8a7a384fb484b3edb689f56f3e4d958387c764aaf65b119e5bea24e7b401e6adc9a24d06c88494be8664e3dbe51,2018-05-17 08:30:00,CLEAR,DAYLIGHT,DRY,ON SCENE,05/17/2018 08:34:00 AM,41.807491756,-87.744319525,POINT (-87.744319524988 41.807491756027),C,5,2018,08:30:00
6f435b270a3e9b9691bd565ab590bfe9b2c366e4084680b573aa02e7f0dfb89e9b81039d5c3c78ab96db447f17e13fbf8cad8b8545af71a7590be582ebdf2438,2020-10-16 11:00:00,CLEAR,DAYLIGHT,DRY,ON SCENE,10/16/2020 11:01:00 AM,41.918203737,-87.654093752,POINT (-87.654093751961 41.918203737034),C,10,2020,11:00:00