CRASH_RECORD_ID,CRASH_DATE,WEATHER_CONDITION,LIGHTING_CONDITION,ROADWAY_SURFACE_COND,REPORT_TYPE,DATE_POLICE_NOTIFIED,LATITUDE,LONGITUDE,LOCATION,CRASH_TYPE,CRASH_MONTH,CRASH_YEAR,CRASH_TIME
719387e5920d024de90f36f55ce478f75548f33e8076334e190bdf51c0090988b32e64a25739500a16d814f79be0bf203c0c4e6479288b7044e0bc9e8505281b,2021-03-10 13:12:00,CLEAR,DAYLIGHT,DRY,ON SCENE,03/10/2021 01:13:00 PM,41.871950357,-87.627383083,POINT (-87.627383083038 41.871950357015),C,3,2021,13:12:00
6fc75ffee51ff839d2bfe9f401d05c4963e12ae7ac940c5f618c8d3ec82350d684a1a8025d422e444be1f3737667c36a0c6b6957ca4ed468e38690a192bda32b,2021-05-03 17:12:00,CLEAR,DAYLIGHT,DRY,ON SCENE,05/03/2021 05:14:00 PM,41.785387445,-87.606183761,POINT (-87.606183761008 41.785387444959),C,5,2021,17:12:00
710b91028ff1dbd6e0e89c5a63b653cf6486fe94f87929dfc6899c4410b5a82f9672d90ef581cc5ba61965e745e8c8ef6f3660fbdb38b0f90ae0b00da6b1a52b,2023-05-18 21:16:00,CLEAR,"DARKNESS, LIGHTED ROAD",DRY,ON SCENE,05/18/2023 10:57:00 PM,41.938135938,-87.737155581,POINT (-87.737155581049 41.938135937954),C,5,2023,21:16:00
70d31a8c54ad73eea728c4ccfb1267a66885e03d4acb5588836a0098d5aad9180f95cbc0e25775fb388f2fe83f4ef3a7eb6020b07c6cd1fbbd487286e9b76821,2017-01-21 15:20:00,CLEAR,DAYLIGHT,DRY,NOT ON SCENE (DESK REPORT),01/24/2017 05:15:00 PM,41.954010154,-87.681240941,POINT (-87.68124094099 41.954010154043),C,1,2017,15:20:00
708b6958a74f66441cc1c33ab9e955bea887232f8e71cd7fd3409ffee0b4094c18d97ca1b55c651b3842f4963ac4c47ed626aa5ce8e79d1453fbabb7ff1212ea,2022-11-15 19:30:00,RAIN,"DARKNESS, LIGHTED ROAD",WET,NOT ON SCENE (DESK REPORT),11/18/2022 11:45:00 AM,41.923739288,-87.648748983,POINT (-87.648748983048 41.923739288036),C,11,2022,19:30:00
6ff9a61fb1e31ff25334ec8e1f7218323296db8b5c3720c78d6f8b355eb0ef88be60cf7a3b31476261c6bbc0db5f03afa35eccf06a5f2bcc56e7107375c54ce4,2021-03-26 13:49:00,OTHER,DAYLIGHT,DRY,ON SCENE,03/26/2021 02:11:00 PM,41.843897331,-87.714627046,POINT (-87.714627045972 41.843897330975),C,3,2021,13:49:00
712dc0cb7d46d22cbbd003d4c0ba9499757ca044af93d8ec829924a43643fc075369ca29d2503c1e5b4877de1e521469d163308549a82b91143bd5ba214f7700,2020-06-11 19:33:00,CLEAR,DUSK,DRY,ON SCENE,06/11/2020 07:43:00 PM,41.797783863,-87.664622869,POINT (-87.664622869011 41.797783862955),C,6,2020,19:33:00
6fc109ebbefcf00cadd944ddb1170bfca8246133129d7fa56a665f5f355dafe0d55c32a8c6419023e4cc6dca5eff9188d58c5aec5ce4a8f065cd1b58754d6303,2017-10-24 10:45:00,RAIN,DAYLIGHT,WET,NOT ON SCENE (DESK REPORT),10/24/2017 12:10:00 PM,41.890355784,-87.614377352,POINT (-87.614377352049 41.890355783989),C,10,2017,10:45:00
6fd5af51d124603fa5cdf18cb372db64077ae8a1a986bad6c3cdf23ea201199c342354c500b39b61b5c5c39fc7bae6558bb738205b327312fed927bc4739caf6,2022-11-28 10:55:00,CLEAR,DAWN,DRY,ON SCENE,11/28/2022 11:01:00 AM,41.898979021,-87.637410212,POINT (-87.637410212028 41.898979021041),C,11,2022,10:55:00
700448eba9a05ed54509464aaf94eba4f9484a56498463d1ab719fb4de6e08bc8d5e973ef428acca7a590ae488fc786be89226381b428c4a45a807c87cbde738,2023-01-30 16:10:00,CLEAR,DAYLIGHT,DRY,NOT ON SCENE (DESK REPORT),01/30/2023 05:30:00 PM,41.837385459,-87.702442532,POINT (-87.702442531983 41.83738545903),C,1,2023,16:10:00
7125af202f677b77cc28712659f9870cdc30a079da3330e92395cea73788ed7b0de1f54d63e10cd2d40936a7677db6acf5a117d968c0fdfe0a992eecd267b285,2017-07-28 20:45:00,CLEAR,"DARKNESS, LIGHTED ROAD",DRY,NOT ON SCENE (DESK REPORT),07/28/2017 09:24:00 PM,41.678770878,-87.656730538,POINT (-87.656730537964 41.678770878012),C,7,2017,20:45:00
6f50c0d05b399fa3392bbf9bc44c3659d69fa5fd9e2b0d589941fee4113acf8d18365e298c1bd779072cc6a917bd1375eb520b00c2bc660bde73eed2a23b9174,2021-02-11 17:30:00,SNOW,"DARKNESS, LIGHTED ROAD",SNOW OR SLUSH,ON SCENE,02/11/2021 05:49:00 PM,41.8820229,-87.637081412,POINT (-87.637081411989 41.88202289998),C,2,2021,17:30:00
6feb30429b58cc57ad8cc7bcdccf4caababafa4be380d89dd1c736c7c220674114fcadb56cdb4c655040ac02b745b46db7b4c2af118da083b77638c22ac8af6a,2021-04-13 11:15:00,CLEAR,DAYLIGHT,DRY,ON SCENE,04/13/2021 11:37:00 AM,41.880915377,-87.773103474,POINT (-87.77310347396 41.880915376995),C,4,2021,11:15:00
6f75d320f08c42da7f2de6a20621da9f3cf33d8b8fd18d8685ec7c5b5973c5f07251df3c248ed3fff26869f7d6854d4713ecff8639b650bd9d1c158af01c3e49,2019-10-27 20:45:00,UNKNOWN,UNKNOWN,UNKNOWN,NOT ON SCENE (DESK REPORT),10/27/2019 09:15:00 PM,41.857621901,-87.70527585,POINT (-87.705275850039 41.857621900976),C,10,2019,20:45:00
70e86c9e3049144ac7962f461aa6a8f0e26e5afaa56c9c587b9349aff4e1aec3a9946807fa860c097dba47572b9240b963b53f48c7381e35abaa4b4ac975c752,2019-01-12 09:59:00,SNOW,DAYLIGHT,SNOW OR SLUSH,NOT ON SCENE (DESK REPORT),01/12/2019 10:00:00 AM,41.772995537,-87.605618406,POINT (-87.605618405953 41.772995537008),C,1,2019,09:59:00
70b8a9a92421ea912acb5dcd0c32aad6e2891fa86ca44a3123af13e843c02c7bf024581ecf89ecb8a05db04fd03ff66ca40c81428c1975fc1da5a85ff49a1a82,2018-05-27 15:55:00,CLEAR,DAYLIGHT,DRY,NOT ON SCENE (DESK REPORT),05/27/2018 05:00:00 PM,41.924490094,-87.717288131,POINT (-87.717288130979 41.924490093998),C,5,2018,15:55:00
70f8ee9359d9ae40eadcd202e10d2af66c2ff598530a34a6c3a47f5bd865447e537adf16739e4001ddef37f1f8d567560956481183d40b98440e6743db4adf5d,2016-12-18 11:00:00,UNKNOWN,DAYLIGHT,SNOW OR SLUSH,NOT ON SCENE (DESK REPORT),12/19/2016 10:15:00 AM,41.989856767,-87.674534845,POINT (-87.674534844983 41.98985676701),C,12,2016,11:00:00
70114721205ad1f6fcd880042923c6aa6c29a337bc21c891c2546bfe238c6f296f43823bac1271122066bd72f53bf58de0fcc0016ebb2d5800694fa9129185e9,2020-02-18 17:00:00,CLEAR,DAYLIGHT,DRY,NOT ON SCENE (DESK REPORT),02/18/2020 05:22:00 PM,41.691826527,-87.688302732,POINT (-87.688302732037 41.691826526999),C,2,2020,17:00:00
7131be4c2a474c8331c4ebf07c500421164f7f4be28cdcadb7b77ec7163a7f4efc5010c536bb697c7b78ab289191ba8c96b4a996720c7402006b8b3aa00e6b46,2019-01-26 19:00:00,SNOW,"DARKNESS, LIGHTED ROAD",SNOW OR SLUSH,NOT ON SCENE (DESK REPORT),01/26/2019 08:25:00 PM,41.735617968,-87.682663369,POINT (-87.682663369002 41.735617967973),C,1,2019,19:00:00
7177e9b89b7e3c94a6a0c37e4fdf7595455ee631ac23a3b5cd39d176b7dfd76b085cfb6b0d8eea4724022f01ccdb73920553f40819ce266717e87beb8345b295,2019-08-30 17:35:00,CLEAR,DAYLIGHT,DRY,NOT ON SCENE (DESK REPORT),08/30/2019 05:45:00 PM,41.706752634,-87.681485761,POINT (-87.681485760996 41.706752633978),C,8,2019,17:35:00
71871ba570ff94dcad375fb97f0c0a121c158aa2fcf4cb137371d9a02e5329a1b102b9788d3bf071eaedb4d641ab15b08dae6f0b83e6649efd94793cfde0db70,2022-09-16 18:55:00,CLEAR,DAYLIGHT,DRY,NOT ON SCENE (DESK REPORT),09/16/2022 07:30:00 PM,41.845112295,-87.705201536,POINT (-87.705201536014 41.845112294966),C,9,2022,18:55:00
6ff9efb2db0971c2c3dd8792ec30421612b182340af3fff93f7c5f2b17b731a213bb6b0bed4dcc2215350c8514bf59e8ade82769519ad9519b985687f18c7b83,2018-07-12 15:45:00,CLEAR,DAYLIGHT,DRY,NOT ON SCENE (DESK REPORT),07/12/2018 04:20:00 PM,41.865860984,-87.640824778,POINT (-87.640824777979 41.865860983968),C,7,2018,15:45:00
7135648218dc457b3b051fe97899a231855de2a6dc6dbb06973355f45b9a7acd721e0f9b08a71bcf35fc16832458fbcee48e70d7f9938e030837a678149efc72,2023-01-23 01:30:00,CLEAR,"DARKNESS, LIGHTED ROAD",WET,ON SCENE,01/23/2023 01:46:00 AM,41.837732675,-87.66589445,POINT (-87.665894449999 41.837732674972),C,1,2023,01:30:00
70c659abbd88887a9324fa60c32d54f87544749d15ef7f98d973fe40fb6c8c29d9d4e01854d9d25eae0761a9091689496e21174e1c2ebe694bcf953ec8ae81c9,2020-11-24 06:00:00,SNOW,DAWN,SNOW OR SLUSH,NOT ON SCENE (DESK REPORT),11/24/2020 07:25:00 AM,41.880926858,-87.701056523,POINT (-87.701056522993 41.880926858016),C,11,2020,06:00:00
6f6df0d9e667e81728f1b040adb266971a87decd06482bf93615c93aa2ca5edb3e0eeb5865155ee41209d772e7db09bc12cd4ca32da1f589fc0241a476d3aeb8,2019-05-08 15:00:00,CLEAR,DAYLIGHT,DRY,NOT ON SCENE (DESK REPORT),05/15/2019 01:30:00 PM,41.744151639,-87.585945067,POINT (-87.585945066953 41.744151639042),C,5,2019,15:00:00
715e0f980cd6df03695c44db69beb02158a4b204c1f76c23835c3f4bb8805d4d31002b0a7b57998d6b33e3cf7050ea83a35c65fb594c81994cfbc4cd731aff01,2022-04-20 17:45:00,CLEAR,DAYLIGHT,DRY,NOT ON SCENE (DESK REPORT),04/20/2022 06:42:00 PM,41.916381427,-87.66618973,POINT (-87.666189730021 41.916381427046),C,4,2022,17:45:00
6fc5db1c488aa3e06cfe842e3abe81610dfb2916eb37a3e3a848c36ff03bc44e3fe76dd9b33f1ec65cab196afb774ac15a5e798cd7dc5eee690a71efcdf4d2c5,2019-09-01 23:15:00,CLEAR,"DARKNESS, LIGHTED ROAD",DRY,NOT ON SCENE (DESK REPORT),09/02/2019 07:50:00 PM,41.809095486,-87.628723167,POINT (-87.628723167002 41.809095485967),C,9,2019,23:15:00
704654c0336d702e90787b2d98ca8d4a842aa81d2714295cafbb2d7587282625127ce33a2451dba3adea1ba016fb84d6825a6daf91938c3b333137f8d875b93b,2019-01-20 01:58:00,SNOW,"DARKNESS, LIGHTED ROAD",SNOW OR SLUSH,ON SCENE,01/20/2019 02:03:00 AM,41.886683239,-87.64808832,POINT (-87.648088320007 41.886683238993),C,1,2019,01:58:00
6fe7ee1918b84443d90e7eec075f9fd3665353254977a5dd2205f2abd934d6f880d81a3bf5de86ff21a40b362d64c465d16ac8b94223223b5c58ac46b3e9ba65,2023-07-25 16:20:00,CLEAR,DAYLIGHT,DRY,NOT ON SCENE (DESK REPORT),07/25/2023 04:30:00 PM,41.882318677,-87.767144346,POINT (-87.767144346046 41.882318677004),C,7,2023,16:20:00
703c9b9b4c0613c962b57f79ce2a53cd30cf12d1837fab2a081b1fa841d26c960cd847090ba241cc8a2f50ea9459ce0cab669f3452926494adf6465eb8e6a3b1,2018-08-08 11:30:00,CLEAR,DAYLIGHT,DRY,NOT ON SCENE (DESK REPORT),08/09/2018 05:05:00 PM,41.880660067,-87.740728133,POINT (-87.740728133013 41.880660066981),C,8,2018,11:30:00
6f26a49f4df76ad11e5feb9731789b11d224ee32a6eebd00d09a88b441b44be85b540f0f57af79a39442a5fc0686d2bf7c39e2d991f5a1bc5e5ebe4e1ad3ec93,2017-10-20 01:30:00,CLEAR,"DARKNESS, LIGHTED ROAD",DRY,ON SCENE,10/20/2017 01:38:00 AM,41.774718564,-87.624785419,POINT (-87.624785418969 41.774718564001),C,10,2017,01:30:00
6fb0b6f153db1ff111ed5c3e48c3d436977c8643cfd41cd913fdc558fedc35b4fa874677a00a906c5be761bbc3e7adbd56f648262eb55d9447198e817be3ac87,2021-02-05 12:40:00,CLEAR,DAYLIGHT,DRY,NOT ON SCENE (DESK REPORT),02/05/2021 01:15:00 PM,41.916381427,-87.66618973,POINT (-87.666189730021 41.916381427046),C,2,2021,12:40:00
707f9ec3e43a6620bfe2aa7d00bea84b64145322a29dbf9b754af9e1d37bfa9584b9be9ee2fa9281a2a07c3c9b579b4e9c22ba76a2d1a82c907de4a16d6647be,2020-08-24 17:00:00,CLEAR,DAYLIGHT,DRY,ON SCENE,08/24/2020 05:06:00 PM,41.794908912,-87.616471792,POINT (-87.61647179201 41.794908912028),C,8,2020,17:00:00
71c141f932babcc6bf5ea16bf5bad7232e87d38c72bc8ee8bc0f426baba1e9d74516b0526e9c056a99b14e331784d6647df70d5ded7afccc4030faa431188063,2020-03-16 17:05:00,CLEAR,DAYLIGHT,DRY,NOT ON SCENE (DESK REPORT),03/17/2020 04:00:00 PM,41.910202458,-87.708596992,POINT (-87.708596991994 41.910202457983),C,3,2020,17:05:00
6f7e21cda5bb022832e6441ae7ffd8f543f8719dd4996b3fdf9f23caf23f18244710bbd1669f757d2d74556e637244b1be5ac2f56b3276b83c71f4daee50e31b,2021-09-22 19:32:00,CLEAR,"DARKNESS, LIGHTED ROAD",DRY,ON SCENE,09/22/2021 07:39:00 PM,41.903825234,-87.64328636,POINT (-87.643286359995 41.903825233976),C,9,2021,19:32:00
70fd26a8ea1ba8d92b6e7508d2a152ef1df3a1f40bed40696aeb3ce05fc19640c066c2ae733e61f6faee8f2bfba677c4d5ad5902b1d8231184a4496127b774d4,2022-05-28 21:30:00,UNKNOWN,UNKNOWN,UNKNOWN,ON SCENE,05/29/2022 11:31:00 AM,41.920831463,-87.71702116,POINT (-87.717021159967 41.920831462995),C,5,2022,21:30:00
7108f096923ce0d0e8c9efba7f63c9f8c7855b38dfbaecd59557fb46820c1fdce1fe43dad43556d3d152c38b0b258007eb86bd1cffbe9d6c6c2f2144c7115ef4,2019-09-14 23:05:00,CLEAR,DARKNESS,DRY,ON SCENE,09/14/2019 11:07:00 PM,41.744151639,-87.585945067,POINT (-87.585945066953 41.744151639042),C,9,2019,23:05:00
700640c1d13fece0ea8c38968eef14eb661cba21ea4b0ac6cbbbd9412e67b5759d50bd3e9ce50e42b9cea91886803f901481966d5e8d9002ffcb047f4668bfb3,2019-01-10 12:40:00,CLEAR,DAYLIGHT,DRY,ON SCENE,01/10/2019 12:45:00 PM,41.84412868,-87.725615863,POINT (-87.725615863018 41.844128680043),C,1,2019,12:40:00
71b3cd3f1eeb9ce7db743be4b2915817f9c31b2906ab59e7c9866cffad1b68a947eadc71b019f13604e5516796fcaa87a7ab367b5d6a8c56411cbfc4a5ba903a,2022-05-28 02:15:00,CLEAR,"DARKNESS, LIGHTED ROAD",DRY,NOT ON SCENE (DESK REPORT),05/28/2022 12:58:00 PM,41.744151639,-87.585945067,POINT (-87.585945066953 41.744151639042),C,5,2022,02:15:00
6f168e9948d697de3a42a55eae95ddcffc902d8653c6b5144b8e400c45151ab2f78aab428308a12277e95a21d8f9b5bf01856544497bae4e829c1b5c37820b1e,2019-08-13 15:30:00,CLEAR,DAYLIGHT,DRY,NOT ON SCENE (DESK REPORT),08/14/2019 01:50:00 PM,41.785387445,-87.606183761,POINT (-87.606183761008 41.785387444959),C,8,2019,15:30:00
6f5e0fa0aa78c726fffce2c7845b5f39ac232bf82d16bd4fc883c6d02c134a1f01ea0a474fe021f64fffd4721cac4ed5a5912f0296f8710e86dc6824c18c6d80,2016-01-16 12:20:00,CLEAR,DAYLIGHT,DRY,NOT ON SCENE (DESK REPORT),01/16/2016 01:20:00 PM,41.915355092,-87.634694179,POINT (-87.634694178996 41.915355091961),C,1,2016,12:20:00
736692e3833907c04a44ae2edae825fc765cc8fca5aa147b81bc169c593e9c478b85917d5ffc387da9642ce00f49acb83606748beb6e97e7804252d8e6b6f716,2018-07-06 11:30:00,CLEAR,DAYLIGHT,DRY,NOT ON SCENE (DESK REPORT),07/16/2018 09:30:00 PM,41.732086531,-87.611864222,POINT (-87.611864221989 41.732086531026),C,7,2018,11:30:00
73aee9a42b12bff775b240949fe88d371011f8fc84d89483879e9eef57362b058759b2ac48555912e20ee00c9801c5d603d6fb84c2051b3829eb1c1c8d744a40,2022-10-10 02:05:00,CLEAR,"DARKNESS, LIGHTED ROAD",DRY,ON SCENE,10/10/2022 02:11:00 AM,41.767040901,-87.567408137,POINT (-87.567408137018 41.767040901022),C,10,2022,02:05:00
73d65bcb0b88916add78e12ac117800e183dc93bf73c5ca3b06621adea744a435b2ea61d152223e42e2bc5e177fa766ebe65c9bf4933e0e590068e14722cd9da,2020-07-10 18:20:00,CLEAR,DAYLIGHT,DRY,NOT ON SCENE (DESK REPORT),07/10/2020 07:55:00 PM,41.802276399,-87.595009653,POINT (-87.595009653046 41.802276399012),C,7,2020,18:20:00
74000525c68a5b10dc0da11d394623d51b98f84b6db23f20b8105b7f6cd0b939e82ac0c7ea045622fbed956161adc57a34669e96f2b15cadb7247ea9d896bdea,2018-11-21 08:05:00,CLEAR,DAYLIGHT,DRY,ON SCENE,11/21/2018 08:15:00 AM,41.762174118,-87.558927464,POINT (-87.558927463962 41.762174118016),C,11,2018,08:05:00
740c5a94488aa1ed92c5eb5d17c987d4d26d508f2615fabab64bf4d690725d193240e4bef4111d6f1748b2fdaa9168607c81487fa6958ce4f312914b801dd017,2017-06-12 09:15:00,CLEAR,DAYLIGHT,DRY,NOT ON SCENE (DESK REPORT),06/12/2017 10:00:00 AM,41.894228849,-87.625384759,POINT (-87.625384758996 41.894228848999),C,6,2017,09:15:00
738d4752573e19440c76f57ff1ed4b10834ab049415c1cb20619ee3a60db8f928e66597e5bc152dd02ded084a4dcf736eed9e858786685cf9902e970b736a22a,2018-04-04 15:01:00,CLEAR,DAYLIGHT,DRY,NOT ON SCENE (DESK REPORT),04/04/2018 04:00:00 PM,41.900698484,-87.624441574,POINT (-87.624441573972 41.900698483967),C,4,2018,15:01:00
749e6215d70ac84d67ce4e8aaefbd80cf7745fc209e58f82bf641e7273a2c96877a251a2285b5499958df45d5c196a33d22db7e6748c260193b6e4221e13b94b,2016-10-14 19:45:00,CLEAR,DAWN,DRY,NOT ON SCENE (DESK REPORT),10/15/2016 10:05:00 AM,41.809781151,-87.594212812,POINT (-87.594212812011 41.809781151018),C,10,2016,19:45:00
73832c851fa6b75b8b259c2e0f7e8e25714e06e1a50d234108e636b6c382bf80e39fdeeffe249a7eaa98fb2116fb9bea1cbef9dce4214870d706c998561bb3af,2022-05-09 22:50:00,CLEAR,UNKNOWN,DRY,ON SCENE,05/09/2022 10:50:00 PM,41.712962015,-87.535625125,POINT (-87.535625124981 41.712962015043),C,5,2022,22:50:00
730ec4537c76dc8ebc78857f66505dbc27ca572cd32bb53d9e270be3c5089ca8ad257ffca5b82edd4e69611844f2fa0f91710aaa2a2b7f915c7f664d873de3b2,2023-07-04 22:40:00,CLEAR,"DARKNESS, LIGHTED ROAD",UNKNOWN,NOT ON SCENE (DESK REPORT),07/09/2023 07:00:00 PM,41.969261067,-87.650422729,POINT (-87.650422728959 41.969261066974),C,7,2023,22:40:00
72b50027cbd47e301e73d5188699b60f319a28231d1d69b3ee23620cbac07bfaeb4914de2fd2a5fdc9d4928295287ca18f126ed1317ed7ad3e7279c1c915250e,2022-04-30 11:00:00,CLEAR,DAYLIGHT,WET,NOT ON SCENE (DESK REPORT),04/30/2022 01:02:00 PM,41.822958463,-87.691425915,POINT (-87.691425915045 41.822958462973),C,4,2022,11:00:00
726abf1e2780c57a82255e1fdf8c2eec64a17b9d77d1c55a3ad15695490b0bac383dcfa3099dcf3b4e0ea67478a4786753f748c347679e7bf5e51342374c145f,2021-11-13 14:15:00,CLEAR,DAYLIGHT,DRY,NOT ON SCENE (DESK REPORT),11/13/2021 04:00:00 PM,41.826962003,-87.683455179,POINT (-87.683455178987 41.826962002968),C,11,2021,14:15:00
7427ab9a60035fc418ee76986200deff1fd033df0b557638deb1f7120febb5f7d451d28350b40dad9c89846dfc49ee8cb003ca37174854f435d3d2bd6544c116,2018-04-10 13:45:00,CLEAR,DAYLIGHT,DRY,NOT ON SCENE (DESK REPORT),04/10/2018 03:20:00 PM,41.769704725,-87.68474909,POINT (-87.684749090029 41.769704724965),C,4,2018,13:45:00
729019c39828d7d591936a66602638c2ff4adc63e28aa7078be747bf06d9b75f3406d52053cd2c4c8e25583f2460fa0e211f66fca12e463b8168ca5590c66fc7,2018-10-02 17:57:00,CLEAR,DAYLIGHT,DRY,NOT ON SCENE (DESK REPORT),10/09/2018 11:10:00 AM,41.744151639,-87.585945067,POINT (-87.585945066953 41.744151639042),C,10,2018,17:57:00
7401cd006ec32938d0a36aa57c982629da7738d27f7b24743431a919e0e476ae685693baffc2b89e8e2b03beec055405e7ff5661f19ecf250f339ab53f6f046a,2021-10-12 09:20:00,FREEZING RAIN/DRIZZLE,DAYLIGHT,WET,NOT ON SCENE (DESK REPORT),10/12/2021 09:30:00 AM,41.75616061,-87.634583596,POINT (-87.634583595966 41.756160610031),C,10,2021,09:20:00
7271850c85525f134831a6c0aa7a02a3e12deb941ffedf1c570d0d0594450f691476f950d712cf38d559ff21a2008118cb7137b8b6b6b75d44ecd6cab581fcca,2016-10-30 03:00:00,UNKNOWN,UNKNOWN,DRY,NOT ON SCENE (DESK REPORT),10/31/2016 02:40:00 AM,41.851574006,-87.730543272,POINT (-87.73054327204 41.851574005957),C,10,2016,03:00:00
74869ac01d901a42c17fa207c48fb12df21faa854de6a74eded7f62461e965a3e7c4cc20820a0dd26d03e553c250c40d974bc09681460c1d4086e439071d6dc6,2018-07-06 11:30:00,CLEAR,DAYLIGHT,DRY,NOT ON SCENE (DESK REPORT),07/06/2018 12:36:00 PM,42.012782706,-87.672484088,POINT (-87.672484087993 42.012782706036),C,7,2018,11:30:00
720066a536747e502a363b9e7e9b0e9c869d4faac938cb76dc02aaeae89e6efeb0db194bbe26215643d3a6a54fdc9d81d955ea738065ad7fafdbe3286bc4b531,2020-03-01 13:57:00,CLEAR,DAYLIGHT,DRY,NOT ON SCENE (DESK REPORT),03/01/2020 02:45:00 PM,41.709659484,-87.681573809,POINT (-87.681573809 41.709659483952),C,3,2020,13:57:00
73da2779cecc8335731b016f36856cfaa73b04f27f061670da7a4aa5356f24066ef159f2edf38e6cd4032ef827c3d3d1f18f0d2ec80738ace6a855633798cf52,2020-12-07 14:00:00,CLEAR,DAYLIGHT,DRY,NOT ON SCENE (DESK REPORT),12/07/2020 03:45:00 PM,41.744151639,-87.585945067,POINT (-87.585945066953 41.744151639042),C,12,2020,14:00:00
746d547737d7d27d77936c7f87bd67b4b4a4f0ca10e7d41b8dab03bffb8448d4022b1b0953cc7863ca9d8b5c4e6303d1e3bce8f6f2b1595a283dab34ffa5d924,2021-06-16 10:25:00,CLEAR,DAYLIGHT,DRY,ON SCENE,06/16/2021 10:27:00 AM,41.919298413,-87.677528794,POINT (-87.677528793952 41.919298412971),C,6,2021,10:25:00
7337b50987fb63ae4fb09d4d96d3f96caa3e5356dd268efa7863ab600d05e2a04d0c736db905bd55f35b03110032ab8804a38b75c79fb400168064486e7cd5bb,2020-08-28 16:40:00,CLEAR,DAYLIGHT,DRY,NOT ON SCENE (DESK REPORT),08/28/2020 05:00:00 PM,41.931852172,-87.730640443,POINT (-87.730640443011 41.931852172027),C,8,2020,16:40:00
73637c97a0ded47090dc410dfc269336e1d8d60f2394cbc2cf8f5fcbc09bfb88f2c88522009fefc3a29c212532563f06813c1591de4cbb9e46440419f681b5dc,2021-10-08 03:55:00,RAIN,DARKNESS,WET,ON SCENE,10/08/2021 04:05:00 AM,41.885719361,-87.627792462,POINT (-87.627792461951 41.88571936101),C,10,2021,03:55:00
74459a3cb4030df57a57f32c400167847aa82ccce18cf8642cca200125036a8fccd238581755c480450368ce99eedc4e89707bf0d5c5a9445b1a891ed28509e9,2022-12-15 18:00:00,FREEZING RAIN/DRIZZLE,DAWN,WET,ON SCENE,12/15/2022 06:41:00 PM,41.962796323,-87.717002131,POINT (-87.717002130956 41.962796322974),C,12,2022,18:00:00
74b617d5952f5f88777ac97600135f095055db303db7a73321185950d8d29d09c8bb4aa9517098874c75d1a953a1e008ddfecea985be01df9107052d051356bd,2020-02-25 14:50:00,CLEAR,DAYLIGHT,DRY,NOT ON SCENE (DESK REPORT),02/25/2020 03:58:00 PM,41.994899235,-87.687487213,POINT (-87.687487213032 41.994899234983),C,2,2020,14:50:00
72a48dd8a7feff79195dd84f9785094fbb1d88ad83819783863dfcba1fd501f8391cee69482739992fa01fe4a0ded222ea02e714bcb90c416437898fc7a0a996,2019-07-01 19:08:00,CLEAR,DAYLIGHT,DRY,ON SCENE,07/01/2019 07:22:00 PM,41.785387445,-87.606183761,POINT (-87.606183761008 41.785387444959),C,7,2019,19:08:00
74add060c9019f7881ba9c9b1f9893d8db5dbe1dfb0daa53f895726a130c8db44dedc8fb70b31beb083ad88bed2c5e49540b906b0fa041a049b50af676267e24,2022-08-10 17:45:00,CLEAR,DAYLIGHT,DRY,NOT ON SCENE (DESK REPORT),08/10/2022 06:04:00 PM,41.830728826,-87.655813252,POINT (-87.655813252029 41.830728825995),C,8,2022,17:45:00
7496d9da5ba3f89d421e083fb1286a72e185bb29a63fa69c266e10422705770c19c5099987f57b0313a79366318ee67a50942bb53cd8e9a26cf035befc9c5324,2020-08-23 16:04:00,CLEAR,DAYLIGHT,DRY,ON SCENE,09/06/2020 10:02:00 AM,41.878593174,-87.74920381,POINT (-87.74920380996 41.878593174001),C,8,2020,16:04:00
72ed75aa7d0a42ad6ec425ac08206be043a92976f8b8c457867a18f11d402ae02fee066f7128d6915d09553e3382646de9bd92ef78d48a900d5aa7e4779efb4e,2017-02-24 20:30:00,CLEAR,DARKNESS,UNKNOWN,NOT ON SCENE (DESK REPORT),02/26/2017 06:34:00 PM,41.735617589,-87.669285839,POINT (-87.669285839025 41.735617589025),C,2,2017,20:30:00
72e7321ad9db2de202512e11159e700eb3b559541ba03f5a7b5db6b3bd15a1ebc3380509cd4409b2eddff5fa9d019b81aa0b9072b065ca8ee7f0997419c4126f,2017-10-16 08:10:00,CLEAR,DAYLIGHT,DRY,ON SCENE,10/16/2017 08:29:00 AM,41.744151639,-87.585945067,POINT (-87.585945066953 41.744151639042),C,10,2017,08:10:00
749de7633afc4748f82d49df2a649d3713398830c0228aa69eb9841075e4aee54cd9a7bbd77f5e53d01e4bb2f81ae2a427b58a5e9fdaa3be102b0d00ef93a430,2019-12-10 17:30:00,CLOUDY/OVERCAST,"DARKNESS, LIGHTED ROAD",DRY,NOT ON SCENE (DESK REPORT),12/10/2019 05:33:00 PM,41.883130894,-87.7648112,POINT (-87.764811200001 41.88313089402),C,12,2019,17:30:00
743e697a64cde63c9d7e118a5866e2eace756680896932ea3ebde9d288a5c0161e90207235129e4cee672868270a720002b072e96be215107688c0f96ac83977,2021-02-18 02:35:00,CLEAR,"DARKNESS, LIGHTED ROAD",SNOW OR SLUSH,ON SCENE,02/18/2021 02:42:00 AM,41.914977161,-87.726348292,POINT (-87.726348292 41.914977160996),C,2,2021,02:35:00