CRASH_RECORD_ID,CRASH_DATE,WEATHER_CONDITION,LIGHTING_CONDITION,ROADWAY_SURFACE_COND,REPORT_TYPE,DATE_POLICE_NOTIFIED,LATITUDE,LONGITUDE,LOCATION,CRASH_TYPE,CRASH_MONTH,CRASH_YEAR,CRASH_TIME
73fb7add6f35207957b8d36fc86e6ba92a9f78d0e3bffe011b33fb366d04afb468b4ead73fe574f4ec9fb1830244ac43c6918bc32a1c3ae0df6e0df2f31ab5d5,2021-02-24 20:10:00,CLEAR,"DARKNESS, LIGHTED ROAD",DRY,ON SCENE,02/24/2021 08:10:00 PM,41.698906004,-87.621047908,POINT (-87.621047908022 41.698906004016),C,2,2021,20:10:00
74a8a52df337d82f3d73bf33109054055fcbb5d2b1e42772e1c4c3837189cb523299867e95e896896d22891a434da3bb79b7fead086695096540709585878a14,2021-11-08 07:55:00,CLEAR,DAYLIGHT,DRY,NOT ON SCENE (DESK REPORT),11/08/2021 08:55:00 AM,41.679697904,-87.617721813,POINT (-87.617721813046 41.679697904043),C,11,2021,07:55:00
72aeb18680981633146ca94ebbdf594fe2d5685a922413e8b7e022e6a5e1efe8ea860b4cfd4d8a2eda170c5c6cf75c7ea24af0ad91bd804d3b0c68132b367b88,2019-03-15 11:20:00,CLEAR,DAYLIGHT,WET,NOT ON SCENE (DESK REPORT),03/15/2019 04:30:00 PM,41.958986951,-87.933993929,POINT (-87.933993928974 41.958986950953),C,3,2019,11:20:00
729bf3bb61f1078a4649824535995d4a370073a2803a276c8e5e3e8073df9b222bde3d7b8023b51c37195eef557dd923f25d695182fc8c48d5507f8eda20c1c9,2020-02-19 13:20:00,CLEAR,DAYLIGHT,DRY,NOT ON SCENE (DESK REPORT),02/19/2020 01:43:00 PM,41.852580594,-87.695321828,POINT (-87.695321828025 41.852580594034),C,2,2020,13:20:00
7381cbdd3f57236013d2d0fff584c9a13941257097b1b11224145ebf5e31a68e44b6558a51286bdad9c2b583177adb9f6647c12394cf4f07b4f5e9f7fdb75f25,2023-03-25 16:30:00,CLEAR,DAYLIGHT,DRY,NOT ON SCENE (DESK REPORT),03/25/2023 06:05:00 PM,41.808320647,-87.682240771,POINT (-87.68224077098 41.808320646996),C,3,2023,16:30:00
74409801fd664be532a72e94ddd52d0f58151079987fd86bf5ab45f7281ec298c3b87ca21b7bbf3d51a18ad46060add1b3efafe77440a18449387daa89fcd2f5,2020-01-20 17:38:00,CLEAR,"DARKNESS, LIGHTED ROAD",DRY,NOT ON SCENE (DESK REPORT),01/20/2020 07:33:00 PM,41.945612913,-87.781249472,POINT (-87.781249472044 41.945612912979),C,1,2020,17:38:00
735082514f8291d13d205f26ad4d0a8df158d77c3378ee68e29f51992bfc029b6e58ed0752c67ab7119cc897d4c25ff3bf550919c121af5a7795567219f8b0a5,2016-11-09 16:15:00,CLEAR,DUSK,DRY,NOT ON SCENE (DESK REPORT),11/16/2016 09:10:00 AM,41.907759912,-87.659804406,POINT (-87.659804405996 41.907759912003),C,11,2016,16:15:00
747ed7f320d5c0a5558b89f6fb8560bf88d12ce4707a2f894dc9fb6fbb33eb9b549090cdcf94b5a1751ae931755e6e72ac5e93554a26199fc880b253b9036231,2018-08-15 09:18:00,CLEAR,DAYLIGHT,DRY,ON SCENE,08/15/2018 09:20:00 AM,41.923739288,-87.648748983,POINT (-87.648748983048 41.923739288036),C,8,2018,09:18:00
736b6085e0fce6bd08b41639d9d240dc3d3b130ab28c5999db8ec4ac992704aab082594dcee04682f974b0174af11061f1db9d0123d4380ba3914951ea7a9db4,2016-03-14 18:15:00,CLEAR,DUSK,DRY,NOT ON SCENE (DESK REPORT),03/15/2016 07:00:00 PM,41.965218145,-87.662585553,POINT (-87.662585553036 41.965218144985),C,3,2016,18:15:00
723a17e55cf47bbed0df74671d7a57af78abcc9adf9209c7945725338d4fd8d993ed547e5636e3212c258dcf1a6f54ed359523108d01c373777bfc65d7772dd3,2018-07-18 17:45:00,CLEAR,DAYLIGHT,DRY,NOT ON SCENE (DESK REPORT),07/18/2018 07:15:00 PM,41.76703999,-87.637044735,POINT (-87.637044734984 41.767039990001),C,7,2018,17:45:00
7358b4cbb76b41abbe7dec63334e41fb35f2a1e7495998cadb74af29fd72afabc6ebdf8f821b71fdfc2a1ff2b8bfffce5a082af9bee5d150153055e09e553ab8,2018-05-15 16:25:00,CLEAR,DAYLIGHT,DRY,NOT ON SCENE (DESK REPORT),05/16/2018 04:50:00 PM,41.964611566,-87.688634568,POINT (-87.688634568004 41.964611566013),C,5,2018,16:25:00
744f4f0ec09d54e1274b2baf8e281d2a0cbade059fa256473437f5df927a1ddeb2b67a3cf7ccc6b6787775dd212f44882f386b6c15b0088ad2f99d2c05825688,2020-04-08 11:41:00,CLEAR,DAYLIGHT,DRY,ON SCENE,04/08/2020 11:41:00 AM,41.983208978,-87.699307663,POINT (-87.699307663 41.983208978045),C,4,2020,11:41:00
740db712a8b60628d250adb299aa3184379d4f2de932d1fb3ec52f07184c524f5ac68fcd1831ac57e478cde06928e8cb994b90b6e1a58ae0fdca98aa5b95c125,2019-10-26 14:16:00,RAIN,DAYLIGHT,WET,ON SCENE,10/26/2019 02:16:00 PM,41.726456676,-87.652006396,POINT (-87.652006395967 41.726456675964),C,10,2019,14:16:00
72b0fcbaf92895c53e2b25cde907c27bd621858e34ccdd0a78461fa6bae9950f47d4b44183eb453e619bd88b0c74be4e7d3c43d7462e4dd8e2606a32e4e4671b,2017-12-14 18:00:00,UNKNOWN,UNKNOWN,UNKNOWN,ON SCENE,12/15/2017 11:07:00 AM,41.752293496,-87.593220966,POINT (-87.593220966038 41.752293495962),C,12,2017,18:00:00
72b9656e61aa27dd82a417c34435c57048a07d806c8255e95f70adb597eec05a3a1d73557d3cf7c1d20b2330570e3e2d26e2f6ff32cbef91a0e6696fa8df98d0,2019-05-21 14:45:00,CLEAR,DAYLIGHT,DRY,NOT ON SCENE (DESK REPORT),05/21/2019 03:50:00 PM,41.969038442,-87.667662387,POINT (-87.667662387022 41.969038442049),C,5,2019,14:45:00
72723e8e1463a40e90539a69edca23a718ac8fe224715cf734661015c4e2463035e129b203074230b65636f587ba874846cf5fa06899097bace47978f31e8771,2023-04-10 13:21:00,CLEAR,DAYLIGHT,DRY,ON SCENE,04/10/2023 03:33:00 PM,41.843955257,-87.694495706,POINT (-87.694495706021 41.843955256958),C,4,2023,13:21:00
7315066a2c6130ce34c8ddb9f68e121bc052dad7d5b011dbd99b3baf9b65af551ed0a1f5586ea401875588858b5d3242ae7aeb01df9cc9b5c766a8cab46d16a5,2018-07-13 14:12:00,CLEAR,DAYLIGHT,DRY,NOT ON SCENE (DESK REPORT),07/13/2018 03:22:00 PM,41.88080675,-87.631002349,POINT (-87.631002349029 41.880806750005),C,7,2018,14:12:00
74343358689ed85e8c2030de76e56c9aab3f2fce8a5e07f61fa81100618527e6aa3fbdecc43ab092a736f6c3da95d4af06ed8a407960ad53cab4899cf5f8418a,2023-05-05 10:38:00,CLEAR,DAYLIGHT,DRY,ON SCENE,05/05/2023 10:38:00 AM,41.742759069,-87.614550415,POINT (-87.614550415002 41.742759069005),C,5,2023,10:38:00
7474413d826bd99057d8bd5874d79516d877470eb23a31540e6e6a323a56e3a3b8a76a8a06d34677de162d5e7fa1771b2b534cbbadfa5fceb03351d3a5c327d4,2021-06-28 01:20:00,RAIN,"DARKNESS, LIGHTED ROAD",WET,NOT ON SCENE (DESK REPORT),06/28/2021 09:35:00 PM,41.771977206,-87.573862362,POINT (-87.573862362026 41.771977205988),C,6,2021,01:20:00
738858c76b43a5f44729409f0317de463541cc8e4ebc83b45f775cd0a417c823489515e6c97fe659fcd0a6ee6d6d3bca1eb7063ec280c6ee41196d3fe3f6f98d,2016-01-20 15:00:00,CLEAR,DAYLIGHT,DRY,NOT ON SCENE (DESK REPORT),01/20/2016 06:29:00 PM,41.898979021,-87.637410212,POINT (-87.637410212028 41.898979021041),C,1,2016,15:00:00
726040dbb186c423e2daaca3dd1ccfd30869edd68defcb04c4a4478bf5435660d0324d9037178224e0b030ef4ce5f678f8cd1253a72a7a0d5f0410879faca5ba,2021-05-07 15:00:00,CLEAR,DAYLIGHT,DRY,NOT ON SCENE (DESK REPORT),05/07/2021 03:54:00 PM,41.75616061,-87.634583596,POINT (-87.634583595966 41.756160610031),C,5,2021,15:00:00
72ac62902f8fede71cab8b2644a126cb051b719c4a43eda393311fe2ea658f33d2ff2dd99a244e0811cae63016bf8cabd1243671e4baf0c139b6afdb83d1df3d,2016-09-13 19:55:00,CLEAR,DUSK,DRY,ON SCENE,09/13/2016 08:00:00 PM,41.771870391,-87.669014059,POINT (-87.669014058958 41.771870391017),C,9,2016,19:55:00
72c3acbd5ab63db1453037721c483829e85feaf130b9c7f5e23917d3568d71f5c4f9672bfea87e6031773965039c013b88e0c7773daaa304a2956cf28fca8112,2022-12-18 19:30:00,CLEAR,"DARKNESS, LIGHTED ROAD",DRY,ON SCENE,12/18/2022 08:12:00 PM,41.880365336,-87.774518749,POINT (-87.774518749026 41.880365335972),C,12,2022,19:30:00
72cab25aaed9e79058b0337d97fc20395a6e74cbe1ead369797726c280cae939b6fa9ebe7ecc74c8c534c7362a23de6b0cc88bc18c96d6445ea646a2c8d3fa06,2023-03-04 18:00:00,CLEAR,DARKNESS,DRY,NOT ON SCENE (DESK REPORT),03/05/2023 09:00:00 AM,41.688151507,-87.70055194,POINT (-87.700551940021 41.688151507044),C,3,2023,18:00:00
743af6c81f5a7086025f792a4b80ac9586ffbe064362f5dccb663b25078f5854ef42e1306920a65ad2a4216f86657be66bf828c9463e63144363766e8c7e271e,2019-11-19 18:46:00,RAIN,"DARKNESS, LIGHTED ROAD",WET,NOT ON SCENE (DESK REPORT),11/19/2019 07:15:00 PM,41.974645684,-87.659970179,POINT (-87.659970178971 41.974645683985),C,11,2019,18:46:00
72c7bb12a4776ab0351e80a96530f2cc3383bff46afc3e83fa9be0dedeed4f4c37e19737d51575db966ed0e99e2fb90e4f016c41e5bf928be0ef7b785f1e86b7,2023-01-11 08:00:00,CLEAR,DAYLIGHT,DRY,NOT ON SCENE (DESK REPORT),01/11/2023 08:24:00 AM,41.893509192,-87.663552914,POINT (-87.663552913965 41.89350919202),C,1,2023,08:00:00
731647ebf7ce3f2f8579a3d2488a2374d22b8551fccfb6b791923403ea7422daca7a52a23adfbae623b1d8dd7a341061fe0adf8581791bc9b5040affd107fc31,2021-05-13 14:20:00,CLEAR,DAYLIGHT,DRY,ON SCENE,05/13/2021 02:54:00 PM,41.744151639,-87.585945067,POINT (-87.585945066953 41.744151639042),C,5,2021,14:20:00
723729e320a4e71bf1003b96c2da136ee5d00586ba24b6423e7da248eebf56f141f56cd15976cd12b2b1a7afcab25d776f3951674a92202c83987dce109f4b01,2017-07-09 05:30:00,CLEAR,DAWN,DRY,NOT ON SCENE (DESK REPORT),07/09/2017 04:26:00 PM,41.899991071,-87.656783449,POINT (-87.656783448963 41.899991070954),C,7,2017,05:30:00
74a6fb7fadd72bc1d98f1287f064afadd589aab83af32d47198cfeeac71b7186755824515168451efc2a65ab48d8d3a7a733b1066926629666986f80fdb757ed,2019-06-22 14:00:00,CLEAR,DAYLIGHT,DRY,ON SCENE,06/22/2019 02:15:00 PM,41.921729807,-87.663234201,POINT (-87.663234201004 41.921729806985),C,6,2019,14:00:00
720e7f67b2093628f42d7ec8411602b7740cb0dece0b9d0088b09d1834109a3ef9fcfedc1d7c91a5960577e0c920c7f9b4435a5c65bedbd8e16608115ba1a873,2017-11-07 07:01:00,CLEAR,DAYLIGHT,DRY,ON SCENE,11/07/2017 07:06:00 AM,41.880660067,-87.740728133,POINT (-87.740728133013 41.880660066981),C,11,2017,07:01:00
73d458c7550b6d856fbacd206eb6c5f954a80b765fbd4293d0faba366d98d92ce05f3067ea80085de36ac1dea062c7f791695743c61d4d81e4ab6780578cd66c,2020-08-28 13:25:00,CLEAR,DAYLIGHT,DRY,NOT ON SCENE (DESK REPORT),08/28/2020 02:00:00 PM,41.947838553,-87.710834647,POINT (-87.710834647032 41.947838552995),C,8,2020,13:25:00
72a7710e67b1035fcb16540ae7614350296dcc5789f185c8191c6b0124dbb38b292c44ce6aecb7165027630690f61d8f14a140fb20aa10cd67d66b4e9a88c266,2017-09-19 11:30:00,CLEAR,DAYLIGHT,DRY,NOT ON SCENE (DESK REPORT),09/19/2017 12:44:00 PM,41.886676655,-87.69354148,POINT (-87.693541479988 41.886676655033),C,9,2017,11:30:00
72935f577beb808d1579cf6173539038e9513315c5212bc422388937a8c3a67c4b0b84e07b5150557570f2740a56e5fb58e8c8219bda69b8a6f6a66bab9af97c,2020-03-14 15:00:00,CLOUDY/OVERCAST,DAYLIGHT,DRY,NOT ON SCENE (DESK REPORT),03/14/2020 04:42:00 PM,41.768470438,-87.619452868,POINT (-87.619452868042 41.768470437954),C,3,2020,15:00:00
71ec4e327cce23994e6df759e7c86e51c7030cd8856c8af8e0edc50011ed2c65e7b6289c9bd4eaf33cd8a1b0e6637e1272c3ab2259e7c7ece9fd61148d6656d2,2022-02-05 16:30:00,CLEAR,DAYLIGHT,DRY,ON SCENE,02/05/2022 04:36:00 PM,41.756271719,-87.644334399,POINT (-87.644334398966 41.756271718988),C,2,2022,16:30:00
748d71b833f31eb67d0c368cd6a543079c2b3bbdb4dd4b8a3c21d0db7486132027e1eaf91427e80da73f854b967fb24a3f017ce7ac15b8110141a2befdb1890a,2022-03-27 15:45:00,CLEAR,DAYLIGHT,DRY,ON SCENE,03/27/2022 04:07:00 PM,41.809781151,-87.594212812,POINT (-87.594212812011 41.809781151018),C,3,2022,15:45:00
7256c036fdaf32d35f2a6e7dcb463de703d7faf54f478085be403f1c7eba138575d1ecb14364ee7a993ae4016e576443e62a13536ff8c35a7d511e218ef76f74,2019-06-11 10:45:00,CLEAR,DAYLIGHT,DRY,NOT ON SCENE (DESK REPORT),06/11/2019 11:30:00 AM,41.847477765,-87.617218167,POINT (-87.617218166986 41.847477764972),C,6,2019,10:45:00
73ddddb8547568e340c5255aadc63c67ef504a67ef9b3ba39d95ec646ec26b8cb2c196d68aa1481f1ed6106c27adc0f53a836cbb13973fb4343727e25ef21fbf,2018-09-07 16:37:00,CLEAR,DAYLIGHT,DRY,ON SCENE,09/07/2018 04:38:00 PM,41.803393088,-87.588351964,POINT (-87.588351964048 41.803393087958),C,9,2018,16:37:00
737d6dae27e732df3250ce35a6f9af1387d658b1a38d8832ec13d95f5972eedaa51a1d555159b996b6259f104f250e1de9b5768d0d38747ca89383597f9827a3,2021-05-04 14:40:00,CLEAR,DAYLIGHT,WET,ON SCENE,05/04/2021 02:56:00 PM,41.895259507,-87.72592622,POINT (-87.725926219958 41.895259506969),C,5,2021,14:40:00
72989a2cc41dc9a38f9833112bc23fa2232d5cf0ac84841cf8a3ac4c423bfb823c37945e996dc75a19fa102198119407c43291b167d350e0ba66dbf1371c242a,2022-02-16 11:25:00,CLEAR,DAYLIGHT,DRY,ON SCENE,02/16/2022 11:30:00 AM,41.924820733,-87.685301935,POINT (-87.685301935013 41.924820733031),C,2,2022,11:25:00
743d5ca8006c31af05e5e0c57074d3b540985fb062b5b3ffc60e76025ff225116ebe27b9ecb2d2100701249b9a532aea545d378bbe095dbea8ddd9bfde75b63a,2018-05-14 15:40:00,CLEAR,DAYLIGHT,UNKNOWN,ON SCENE,05/14/2018 03:45:00 PM,41.75616061,-87.634583596,POINT (-87.634583595966 41.756160610031),C,5,2018,15:40:00
74386ed5200507ac2e471b30e3154d19068713b5c7bcae04645564c4c6cd5c2b73261547d717a3da1a0c3764a50c3bdaa3e235e3b5afd3005bf67be798dc68db,2023-03-30 11:07:00,CLEAR,DAYLIGHT,DRY,NOT ON SCENE (DESK REPORT),03/30/2023 12:00:00 PM,41.728046094,-87.60476212,POINT (-87.60476211996 41.72804609396),C,3,2023,11:07:00
73e11c1263b69fbb6cb43b5ee2a842b2df44d70bc91837649301fd020ea4edf776eda5e417cedebeb0a4b400dbf55dea745ef33a570ee1b3e7b31d74c0df4171,2019-06-04 18:10:00,CLEAR,DAYLIGHT,DRY,NOT ON SCENE (DESK REPORT),06/04/2019 06:47:00 PM,41.983148128,-87.71136489,POINT (-87.711364889983 41.983148127979),C,6,2019,18:10:00
73e9207d07187489628339a87708d14dba3f433aec79145a93ddea70b5948990e24cdfcca852aa2c10db245948d77e99885f8152015bdc7d6c818d42eac794c1,2023-01-21 09:00:00,CLEAR,"DARKNESS, LIGHTED ROAD",DRY,NOT ON SCENE (DESK REPORT),01/21/2023 07:25:00 PM,41.8253772,-87.618098536,POINT (-87.618098536046 41.825377199967),C,1,2023,09:00:00
7398fcdb45ab0612f4eaa4b2c01856c96e6fdcf8ed80e6d91b8bc95e9f14d80e97a81ba96629203843edb63a8f4abd68badb4e687c6aca859df1c896ab120ef1,2018-02-25 12:15:00,CLEAR,DAYLIGHT,DRY,NOT ON SCENE (DESK REPORT),02/25/2018 01:15:00 PM,41.932949882,-87.766451932,POINT (-87.766451931982 41.932949882013),C,2,2018,12:15:00
74ac72cce34eb732a8fd5e7dd952ed71ecde210f80bd5133c0f0d5d15f963efdbf06f50a83723b8aa6c4b04a2d15e7836d87013b601a2cd12ac6c520ff139142,2016-04-06 14:40:00,UNKNOWN,UNKNOWN,UNKNOWN,NOT ON SCENE (DESK REPORT),04/06/2016 03:50:00 PM,41.771592018,-87.72272858,POINT (-87.722728580044 41.771592017974),C,4,2016,14:40:00
72530dbba07b86b0cf25df2ee9fa2f932eb5f5ff9e22ba16aca9b0888c2dd6151d42b878a896d1074abc674b40318d9f22a9f69b5fce820e174f65f3788c2d3d,2022-12-20 07:00:00,CLEAR,DAYLIGHT,DRY,NOT ON SCENE (DESK REPORT),12/21/2022 07:05:00 AM,41.775869853,-87.722541841,POINT (-87.722541841014 41.775869852993),C,12,2022,07:00:00
71fd7ac79c580c2ddf78349dd130dcfa7cc3c3a26ea9a1328ab96a8e615b3e02c9cb3532e34e8457397a30dd71032a436068d8e7ce0b1d91daae1ed3f59e735d,2019-11-03 11:10:00,CLEAR,DAYLIGHT,DRY,NOT ON SCENE (DESK REPORT),11/03/2019 11:30:00 AM,41.850628047,-87.724586962,POINT (-87.724586962006 41.850628047008),C,11,2019,11:10:00
738bdf56400759887fb883a7b10828f74d9f5d431046086837929afac9af4f1175033b558f3f02d895526c288142223d328d647f7eeaaca6bf4f8a1e7358eb25,2018-07-29 13:30:00,CLEAR,DAYLIGHT,DRY,ON SCENE,07/29/2018 01:39:00 PM,41.710859781,-87.628468438,POINT (-87.628468437997 41.710859780955),C,7,2018,13:30:00
73588efa300ee60c090007ed17e31d0ad8a0655294bfc287d0685cf8b32dd937ed7aac8aff6d7f2614406e70e2ab174c8a434e24e32296ff58c614ed6ea32544,2021-02-11 06:46:00,CLEAR,DAYLIGHT,DRY,ON SCENE,02/11/2021 06:46:00 AM,41.872599164,-87.617219027,POINT (-87.617219026964 41.872599164018),C,2,2021,06:46:00
743d70235f4de5a2b31b93ca85b1f250d31502a655508d08aeee14eac363c8c1b68db78e5de8dd686a6b8ecb46501cae0cd28d0b322e70c736ec2e9ab7416efd,2018-09-30 16:15:00,CLOUDY/OVERCAST,DAYLIGHT,DRY,ON SCENE,09/30/2018 04:24:00 PM,41.772728349,-87.660532607,POINT (-87.660532606958 41.772728349029),C,9,2018,16:15:00
748090c9fddd96d07756718bb4e4ef348ee91170a76ad5ca1dcdedf7e5e61fd931eca31fc11cdfc55eb60067aa7513849a9f6ea87ab7e70547b767d829656dc2,2016-06-04 10:30:00,CLEAR,DAYLIGHT,DRY,NOT ON SCENE (DESK REPORT),06/04/2016 10:30:00 AM,41.830860895,-87.646047677,POINT (-87.646047676999 41.830860894992),C,6,2016,10:30:00
736f73039ad238053cd62e7150c9a4bac9ddd32c621b0f067e88f5104ca90a8fe8505e9e3491a3e61dc6b5edcd15b131bc951473ab3258f885f10a9992291451,2022-04-22 16:30:00,CLEAR,DAYLIGHT,WET,NOT ON SCENE (DESK REPORT),04/22/2022 04:50:00 PM,41.810440446,-87.710418852,POINT (-87.710418851956 41.810440445956),C,4,2022,16:30:00
72d65b029e9690eb0344981b59adba5c8d8f6a8082c7fc5cfa8ddfbd6e37ca7dcad3db286f21ff64c845ba762f75c5acc2a46150718be9c46a6d9c151ff8d6e0,2021-12-13 05:10:00,CLEAR,"DARKNESS, LIGHTED ROAD",DRY,ON SCENE,12/13/2021 05:13:00 AM,41.946991039,-87.677230535,POINT (-87.67723053501 41.946991038981),C,12,2021,05:10:00
74615d059ae6e4518c6b7b53d93af267e76b369eea429ed1aec0f043eba6e793dc7c2fd5d1545cb22eaf835efd80b3281f324459f1015a39ecd3acd96dfec4c2,2016-06-10 08:40:00,CLEAR,DAYLIGHT,DRY,NOT ON SCENE (DESK REPORT),06/10/2016 09:31:00 AM,41.895747777,-87.632840348,POINT (-87.632840348002 41.895747776955),C,6,2016,08:40:00
7799b20e86bc5ad7ecc774a87e0679b21b3e86204c9a2c4fbb310f112ba620cf1c4c2d509d5b36325935b0466daf698ff74453932dacb149fc820c0c47a34fe4,2021-04-14 01:00:00,CLEAR,"DARKNESS, LIGHTED ROAD",DRY,NOT ON SCENE (DESK REPORT),04/14/2021 07:30:00 AM,41.762262644,-87.641618261,POINT (-87.641618261034 41.762262644048),C,4,2021,01:00:00
77088b554eb758da83b684cc40e621cdd8d85259626a81ec9fe4825d5093b689580fb370aea77d212ee18255739963c591551be8d76cb79283b806b2aab36be1,2023-07-12 19:32:00,RAIN,"DARKNESS, LIGHTED ROAD",WET,NOT ON SCENE (DESK REPORT),07/12/2023 09:00:00 PM,41.909787807,-87.725504661,POINT (-87.725504660997 41.909787806969),C,7,2023,19:32:00
7500a724c742f6d5ec87ca8d5ea690d1406dfd7dfd1ecdc98c99b4557b6c35e6980c165e4fcf92c36e4846a1a64c28c71f2642e69948c9e69ad307595bb053aa,2021-06-03 12:19:00,CLEAR,DAYLIGHT,DRY,ON SCENE,06/03/2021 12:25:00 PM,41.785387445,-87.606183761,POINT (-87.606183761008 41.785387444959),C,6,2021,12:19:00
767f1c47b26c2d2f037fa0da6cacf2e073abb963f0e053459a4890e5cee3f318c22cc5769922351d1a0b760bb7bbc7d8d4ee67da8349c5fab47aefbffb2faac7,2023-02-11 16:30:00,CLEAR,DAYLIGHT,DRY,NOT ON SCENE (DESK REPORT),02/11/2023 05:00:00 PM,41.794908912,-87.616471792,POINT (-87.61647179201 41.794908912028),C,2,2023,16:30:00
778f702fbb4c71171b1208b88985857ca24dd74ad6a253714e0560dfb5c8daf4c41899c5ec001a11effa8657d311cc3b88192dcfb484a4cc66bd995cacf0f2c6,2020-01-26 22:16:00,CLEAR,"DARKNESS, LIGHTED ROAD",DRY,ON SCENE,01/26/2020 10:16:00 PM,41.692695048,-87.622963607,POINT (-87.622963607013 41.692695047957),C,1,2020,22:16:00
75b7e2d91879587e20e6bba4d05ea79c89726ad722c0da5ca45498b5665843e831c6528a11e49fb8b08be93dfe858fe95a4432b02b4a1d70d58b052682ae61e6,2017-12-17 03:30:00,CLEAR,UNKNOWN,UNKNOWN,NOT ON SCENE (DESK REPORT),12/17/2017 03:55:00 AM,41.75872376,-87.585590902,POINT (-87.585590902031 41.758723759994),C,12,2017,03:30:00
751c4177d2dbb3ad7bd15368ee3d7f7de6cffa00228397f27c31d9f001d4d02719877414a1c68f611f198c617ff4c3a8b2339515f708b4d84166c7f420bdc487,2016-12-20 07:15:00,SNOW,DAYLIGHT,SNOW OR SLUSH,ON SCENE,12/20/2016 07:35:00 AM,41.785576871,-87.586727777,POINT (-87.586727776953 41.785576871026),C,12,2016,07:15:00
76ffeb4f1a3bd05847cceb6c7bbdf109ccf22e175dd492193966e0cd4133311b506921ef4ab76f243e51c6068289ef9ff8826d36393ac85953fbef48550a5e08,2018-07-02 10:28:00,CLEAR,DAYLIGHT,DRY,NOT ON SCENE (DESK REPORT),07/02/2018 10:58:00 AM,41.931607951,-87.697755776,POINT (-87.697755776035 41.931607951049),C,7,2018,10:28:00
758a8611b9a84b1fc2073fe8a964c6ae35701a43b87bcc73e5f421729ea391463c5a68c3ab409a1f70f6a67210208f2c9ab53ea7092903d2fe6c6d90dbd4815c,2023-01-02 13:19:00,CLEAR,DAYLIGHT,UNKNOWN,ON SCENE,01/02/2023 05:35:00 PM,41.735617968,-87.682663369,POINT (-87.682663369002 41.735617967973),C,1,2023,13:19:00
76ae955b8590c8cb2a8146cdd2bbbe71edad95539b8c9da5eea0b98f7e8883584245dc19d0feb2ac453786fac5c968d5a4f6ac5462f361bff3cf0fefc864a92d,2018-12-16 03:30:00,FOG/SMOKE/HAZE,"DARKNESS, LIGHTED ROAD",WET,NOT ON SCENE (DESK REPORT),12/16/2018 05:50:00 PM,41.808026055,-87.71995187,POINT (-87.719951869982 41.808026054987),C,12,2018,03:30:00
77425abde914905cfba9f2d00ed2d95d9b60bf735ecce6bbb02c7243fa434780803cc8db66ed587ffc889019466d693d85cee1bb0c9162378643f1c9527a24d1,2016-12-03 09:30:00,CLEAR,DAYLIGHT,DRY,NOT ON SCENE (DESK REPORT),12/04/2016 08:05:00 AM,41.759853407,-87.644338447,POINT (-87.644338447024 41.759853407033),C,12,2016,09:30:00
768df0a38ec71a4fb415708ee5db539fde4b594bc18d79b1a40d2aa04934d1cba551aa0b552051326f48640450642ed9415618a0a2ced5b2880979560efe5654,2017-06-09 18:01:00,CLEAR,UNKNOWN,WET,NOT ON SCENE (DESK REPORT),06/10/2017 02:31:00 PM,42.010018661,-87.709056552,POINT (-87.709056551967 42.010018660983),C,6,2017,18:01:00
7509c4d76ff7c666b9880510eaf91ca490dfd4927aa29dc11cb8c1f9e971ca0db8184f9b4cd8a96c83d9df2b2c25dadc8def8b737aa7a4e9bd035b213491a403,2022-11-07 07:45:00,CLEAR,DAYLIGHT,DRY,ON SCENE,11/07/2022 07:49:00 AM,41.953203301,-87.756048735,POINT (-87.756048735038 41.953203300975),C,11,2022,07:45:00
74cef6c6cd509c01b3027f2bbe2af2754acbc7e3916b3b8e62b85ced6e2cd25d9cd5f2352824bf6ee788bee2afa6d3d991423b92953761b7c9708842bbc45243,2023-04-14 15:29:00,CLEAR,DAYLIGHT,DRY,ON SCENE,04/14/2023 03:53:00 PM,41.883314692,-87.63547051,POINT (-87.635470509974 41.883314691963),C,4,2023,15:29:00
751d3bc80a73b3c5bcf9959a34addef92c453880d9c2cde2c1dad677066f0eba62d07ea1f7e0c26b1043c88c2c3314f2032756df722f3a056955cabc2bd0cbd2,2018-08-27 08:55:00,CLEAR,DAYLIGHT,DRY,ON SCENE,08/27/2018 08:56:00 AM,41.784946951,-87.671685498,POINT (-87.671685497986 41.784946950991),C,8,2018,08:55:00
74f3504001befe8268f4d07ffd11289264e92c476fc176532952f6e0a3b796e28fbdbd1f2587086286500e548c8321cdb2d8c6f9bd7573032cc2fe7fc1213e14,2022-02-24 17:00:00,SNOW,DAYLIGHT,SNOW OR SLUSH,ON SCENE,02/24/2022 05:15:00 PM,41.924997008,-87.68905401,POINT (-87.689054009972 41.924997008049),C,2,2022,17:00:00
76e7c9680ab2005dc08cdf6e7bba054e2c47ed6521f340ae202e42a6f159e845d0ce3e95b924111829144459783d2d50621c4bc77bb154bdf17daa282175a82a,2019-10-16 18:50:00,CLEAR,DAYLIGHT,DRY,NOT ON SCENE (DESK REPORT),10/16/2019 07:30:00 PM,41.706451449,-87.670942782,POINT (-87.670942782037 41.706451448961),C,10,2019,18:50:00
76af17303d045079802064e7802614fe250b6f520f44d3053174087b472ea0750cf273c30e84805e1338b61d8878e0190a45756ebed7565d3630e012aff1242b,2015-11-28 13:35:00,CLEAR,DAYLIGHT,DRY,NOT ON SCENE (DESK REPORT),11/28/2015 01:45:00 PM,41.873860438,-87.700586149,POINT (-87.700586148982 41.873860438041),C,11,2015,13:35:00