CRASH_RECORD_ID,CRASH_DATE,WEATHER_CONDITION,LIGHTING_CONDITION,ROADWAY_SURFACE_COND,REPORT_TYPE,DATE_POLICE_NOTIFIED,LATITUDE,LONGITUDE,LOCATION,CRASH_TYPE,CRASH_MONTH,CRASH_YEAR,CRASH_TIME
7797a6a868ba8e800f3852afcd90f545ea12cab4d852f1b50674829e9c70a2a61baf10835d6cc9e3538377d7304831343b506765e2a1392d22eb0d9e5f1f570b,2019-12-27 22:30:00,CLEAR,"DARKNESS, LIGHTED ROAD",DRY,NOT ON SCENE (DESK REPORT),12/27/2019 10:35:00 PM,41.858007607,-87.644942266,POINT (-87.644942265994 41.858007606958),C,12,2019,22:30:00
7572dfcccde641e28140606af63247c422c31d7137a51423adb7b7e6f2ac699d7625bda9a37b4b2f9631eddec2eb68e2f7fb0d6a1f1a1e8f4fe004018b0099a9,2021-02-16 12:15:00,SNOW,DAYLIGHT,SNOW OR SLUSH,ON SCENE,02/16/2021 12:27:00 PM,41.958758696,-87.709246563,POINT (-87.709246563042 41.958758696038),C,2,2021,12:15:00
76399b3f4a0efad7f1f4b30dc6246986d60172c1eb7019de2fa4a69f8fa62fa535be2416970b9d7ff95cfc4c9c22cb8b667db587d68c6edb72a47f1ec839cd8a,2016-06-20 18:30:00,CLEAR,DAYLIGHT,DRY,NOT ON SCENE (DESK REPORT),06/20/2016 08:00:00 PM,41.884516857,-87.647390682,POINT (-87.647390681951 41.884516857046),C,6,2016,18:30:00
75ba49fa7702e7bf717b7f65acb2479fe7acde933012dfdc1878cde1d01af9d30d611043f18f94f30ebc06b6fb0023172ca845fbe035d2d9158a2810bac5cfc9,2020-08-27 17:45:00,CLEAR,DAYLIGHT,DRY,ON SCENE,08/27/2020 05:50:00 PM,41.910271411,-87.683226552,POINT (-87.683226552019 41.910271410965),C,8,2020,17:45:00
775e5159782ec998b913d299722a2eef8ab8746df32e17eb69eefe20889233744ec77d0b3c19280531b0307e0f61911222bcaca2772bb1159d5b5506adcaf50f,2021-10-17 00:49:00,CLEAR,"DARKNESS, LIGHTED ROAD",DRY,NOT ON SCENE (DESK REPORT),10/17/2021 01:49:00 AM,41.894790473,-87.759400091,POINT (-87.759400090958 41.894790472985),C,10,2021,00:49:00
768ad28178de5d9dc0e270123bc4f0e23e86ab458f79b762460c1cd82bd373c25219da8e726a06ef961e82a6b5ff299058404846dfcba5e86f8c2b1405eaa254,2019-02-13 15:30:00,CLEAR,DAYLIGHT,WET,NOT ON SCENE (DESK REPORT),02/13/2019 04:45:00 PM,41.744151639,-87.585945067,POINT (-87.585945066953 41.744151639042),C,2,2019,15:30:00
77594af7932233d049db31468fca5159f2cb864ee3ad061b4e50c8c84ee4efdeaf663bf9b4c2c361e5ad394b82dad8b9dfffe5312da12826b0c764cb5da020b2,2017-11-18 11:30:00,RAIN,DAYLIGHT,WET,ON SCENE,11/18/2017 11:36:00 AM,41.995579197,-87.675876884,POINT (-87.675876883986 41.995579196996),C,11,2017,11:30:00
76b639c33f62d1b73185767e1e56c7e067ed06429d94432f11fec2dd0ea64f13f51910a3548a581ca4a1621253c5239e82e6431aae390ba79b4cc78d117738c3,2018-12-09 23:15:00,CLEAR,"DARKNESS, LIGHTED ROAD",DRY,ON SCENE,12/09/2018 11:16:00 PM,41.920676631,-87.775630269,POINT (-87.775630269041 41.920676630982),C,12,2018,23:15:00
76f849cca08ea0ca56e171cd5d9f51d115e7fea176253f882598bbcd730275e49d5415fbd2508e0b8708c2ca4722a9a2aeb595ead674961371d234dfe48091ce,2018-08-20 13:30:00,CLEAR,DAYLIGHT,WET,NOT ON SCENE (DESK REPORT),08/21/2018 11:45:00 AM,41.924997008,-87.68905401,POINT (-87.689054009972 41.924997008049),C,8,2018,13:30:00
74d350be7f89d7dbea1990bad6b890c96a921edd80ba64d009ba94220365ce7ecd131ce53dab86a6963c58c4338fb7b3632505f1cd7a1631c60bbe7a90654ef5,2019-06-18 13:10:00,CLEAR,DAYLIGHT,DRY,NOT ON SCENE (DESK REPORT),06/19/2019 03:30:00 PM,41.896737923,-87.620221354,POINT (-87.620221354034 41.896737923045),C,6,2019,13:10:00
751a1a2f7e82e3f3ff1f2f7d6662e4400eeaa8f39e957810fd6b834ebd27c783dfe18267e85ea1e21f596fdd8258cd86ac99eb9d00a9544edee93575d7305204,2022-04-19 17:38:00,CLEAR,DAYLIGHT,DRY,NOT ON SCENE (DESK REPORT),04/19/2022 06:30:00 PM,42.000910398,-87.706911212,POINT (-87.706911212021 42.000910398019),C,4,2022,17:38:00
7507404e5751ac87e9c05aa576092c3eb8959ae0c95b39709e5c5738b74e72350f36311dc5ee05c9018ff9a416c5a8e92405b4bbfda72daf56dc8928c72b9aa4,2022-01-28 20:45:00,CLEAR,"DARKNESS, LIGHTED ROAD",DRY,NOT ON SCENE (DESK REPORT),01/31/2022 09:00:00 AM,41.722258133,-87.58338047,POINT (-87.583380469983 41.72225813301),C,1,2022,20:45:00
75846ab2e98f01979a2eb21fc62186344dcce0247e32a2b5f2765dcd3f68d7f5a452fbd9389eec28e978b169d6584b1accd03b9ba19080770846dc807f374790,2022-09-20 21:01:00,CLEAR,"DARKNESS, LIGHTED ROAD",WET,ON SCENE,09/20/2022 09:33:00 PM,41.830728826,-87.655813252,POINT (-87.655813252029 41.830728825995),C,9,2022,21:01:00
75b989dbc97812edd715e5bd3b294977d42f96f3d5e2644e8634f782a4883e50e20c4fcb6a8e00721edb370a47839f1c77914d99bbc2f8180dc92b4d5d406501,2021-10-10 16:10:00,CLEAR,DAYLIGHT,DRY,NOT ON SCENE (DESK REPORT),10/10/2021 07:35:00 PM,41.85276755,-87.630024824,POINT (-87.630024824031 41.852767550035),C,10,2021,16:10:00
771526335d671f7bb4493c4e2170065d18f9367e817c695f0ab21942b9d44ccf3ce1953ef93552bc0b3ae5bf74cbf41c519575992a1e1085808cfbb7da3e55fd,2023-03-09 14:00:00,CLEAR,DAYLIGHT,UNKNOWN,NOT ON SCENE (DESK REPORT),03/09/2023 02:30:00 PM,41.75616061,-87.634583596,POINT (-87.634583595966 41.756160610031),C,3,2023,14:00:00
761ac5e9e434e4cc090218d396b2ae65bea1668644f5c1547efb7e4aaf7011a118796365675d3a8975517e881b5a782eb47ab418f06a2383f344b196d41b3607,2021-03-05 13:38:00,CLEAR,DAYLIGHT,DRY,ON SCENE,03/05/2021 01:45:00 PM,41.895527078,-87.699098183,POINT (-87.699098182975 41.895527077955),C,3,2021,13:38:00
7716523f351529ddcf6bec814652d1b341050c45d1b7367b74952ca7b24cabbb921190124c119f3bbabb610ffa46ab79e282e90104109e7ee4b85eef8528d4a2,2020-12-22 14:55:00,CLEAR,DAYLIGHT,DRY,ON SCENE,12/22/2020 02:58:00 PM,41.909951,-87.729614524,POINT (-87.729614523992 41.909951000037),C,12,2020,14:55:00
75dc0510eaabf6db604a38d880d5ff55a72da9a5b8165d3dc223b2e5da516d01666695b02081af8c122f9365822df02ce42e00310fa76ccadfe5cd52167b552b,2018-01-03 11:53:00,CLEAR,DAYLIGHT,WET,ON SCENE,01/03/2018 12:34:00 PM,41.75872376,-87.585590902,POINT (-87.585590902031 41.758723759994),C,1,2018,11:53:00
751387a6b672bc8ada65a72595ea90a77d7a0c60f83bfc3d54e012f8fdd8fb29aeef2b31c2da0aee5d4efdd21dfbeaa0a0124ce2e7c2f3f521667a049485fa43,2020-09-13 17:00:00,CLEAR,DAYLIGHT,DRY,ON SCENE,09/13/2020 05:04:00 PM,41.775733773,-87.771263458,POINT (-87.771263458032 41.775733772973),C,9,2020,17:00:00
74cd213b6c13adc9869452ad983a6fe69daefa87c3e0dd0c5ba7450ae3d52b697829a02740476ebb84769a84ae66106c5fbd031ebf6107432fbfbbb7f6bbe84f,2018-02-04 07:50:00,SLEET/HAIL,DAYLIGHT,WET,ON SCENE,02/04/2018 07:53:00 AM,41.794090446,-87.630527331,POINT (-87.630527331008 41.794090445987),C,2,2018,07:50:00
7795d4a20f3961a535c9e2e33df0f0c0ec7ca56e3c7b425b5f66329c8a532b8cd2be804ea1a8822b66a530c8fd9a729d20fddaacf6ff4082f62d83b0d4073d46,2018-05-24 17:40:00,CLEAR,DAYLIGHT,DRY,NOT ON SCENE (DESK REPORT),05/24/2018 06:32:00 PM,41.885719361,-87.627792462,POINT (-87.627792461951 41.88571936101),C,5,2018,17:40:00
75c3ac2da7b21acfc06497c9aee66374eaaa6b15f199c86117df26ce6c4ab6af0c3ac0be7a8cc40c05697e1dfa6ffc4b0458c2f047551993481d2153132b115e,2017-04-14 22:45:00,RAIN,"DARKNESS, LIGHTED ROAD",WET,NOT ON SCENE (DESK REPORT),04/15/2017 11:55:00 AM,42.006801604,-87.661457734,POINT (-87.661457733969 42.006801603988),C,4,2017,22:45:00
776686b74e3f7a33c6041aa03cce2a88e12ddafb599bc65e3c511e4ea5838b32ad6569cb22c573e20c4e2ba9c2de52d6c3a9edbed9ac93a7d196c88918d750a3,2022-07-03 14:30:00,CLEAR,DARKNESS,DRY,NOT ON SCENE (DESK REPORT),07/06/2022 06:00:00 PM,41.925660873,-87.739188002,POINT (-87.739188001978 41.925660872981),C,7,2022,14:30:00
76564152e251a16936894bb5fc7d54146945b10e75321159ef3a381563df85c712c9d52828bb21c8bff3b828e5695fb0646a7f18053083421b19a18ad6762036,2022-12-09 09:40:00,RAIN,DAYLIGHT,WET,ON SCENE,12/09/2022 09:50:00 AM,41.931607951,-87.697755776,POINT (-87.697755776035 41.931607951049),C,12,2022,09:40:00
759be7465ad335e2c4ff4bd5707a19b4fd271cf9a53785629732eae6417690bb465d38ff63f1f5933692637ddea60ab574b0bc1e3003bf582e09d4dc45401133,2020-09-07 18:50:00,CLEAR,"DARKNESS, LIGHTED ROAD",DRY,ON SCENE,09/07/2020 07:49:00 PM,41.792628542,-87.73309608,POINT (-87.733096079996 41.79262854199),C,9,2020,18:50:00
74dfe79ac0dc042da7d6fc29bb519d021aaae3e0eec1a7df279130ffd1c8a7d35a92ef779abcf0c8a308b09f0da9faa6cedfad6929d2776a46e42abc71e0cfe7,2016-10-20 08:00:00,UNKNOWN,UNKNOWN,UNKNOWN,NOT ON SCENE (DESK REPORT),10/20/2016 04:45:00 PM,41.812808163,-87.73111091,POINT (-87.731110909968 41.812808163041),C,10,2016,08:00:00
750f9c97d204cd71f820b3bd8908e88923630023d1a06411aba611b35ff272f0e89c793a83f722b6c0c490a23dd6beb46a58e73d48aafb1c98f07f1e97ebdef6,2020-07-23 00:01:00,CLEAR,"DARKNESS, LIGHTED ROAD",DRY,ON SCENE,07/23/2020 12:15:00 AM,41.977648045,-87.712512587,POINT (-87.712512587044 41.977648045031),C,7,2020,00:01:00
760f943ca144c983df3f9f3b4963e8a5b04d13b552ffca661b83194ea7179e618931618b3a24f0734524042e38780f511e8b8c7ab55d8b60455333952810b5b6,2018-12-06 08:30:00,CLEAR,DAYLIGHT,DRY,ON SCENE,12/06/2018 08:35:00 AM,41.954349753,-87.672622035,POINT (-87.672622035006 41.954349752974),C,12,2018,08:30:00
7730e5410e8a157232dadb23b53eb4c3335409094d997642c004af7597fb1891123734ad1cee65a0ce33851aa00e33338b0f281d148525855e295986cef1cc70,2016-09-19 23:30:00,UNKNOWN,"DARKNESS, LIGHTED ROAD",UNKNOWN,NOT ON SCENE (DESK REPORT),09/20/2016 11:50:00 AM,41.983148128,-87.71136489,POINT (-87.711364889983 41.983148127979),C,9,2016,23:30:00
767c0f926c905ad7ed4c6ce2e8b52d81ac29bec32934ddb6d0ad8b92c82e1f9de3a1ec19aa4681823cea41950d9379e64a4c53859d1ed3ff2309d2d1305acad3,2022-11-07 12:00:00,CLEAR,DAYLIGHT,DRY,NOT ON SCENE (DESK REPORT),11/08/2022 09:10:00 AM,41.843897331,-87.714627046,POINT (-87.714627045972 41.843897330975),C,11,2022,12:00:00
76995d5d3b13785d23e4148629217c99cca1ba0f20eaea799c1f78d40bc67888f244ade55d86b4c50a334ab0e9b225768ddd3e86c6063fb5b16831af24107f8e,2021-03-22 10:40:00,CLEAR,DAYLIGHT,DRY,ON SCENE,03/22/2021 10:55:00 AM,41.778680345,-87.693233953,POINT (-87.693233953041 41.778680344998),C,3,2021,10:40:00
775217252127041dba4a9923d69dcfa97c8e7a3fb64e45c0d70302c40c59263a9b8d0eb5fd1e624128f541963265d3b564a32981b6c3f928b651b92359342194,2021-10-02 00:22:00,CLEAR,"DARKNESS, LIGHTED ROAD",DRY,ON SCENE,10/02/2021 12:43:00 AM,41.900376426,-87.619608483,POINT (-87.619608482985 41.900376426041),C,10,2021,00:22:00
76c1e49f64b4add099d30320001c1caeef32a10e73676125f1b412a220c0c8ef16f0feb2ec4c275ee8ebe96bebce31e4d75de80a36a853f23c542123d2321235,2019-04-24 11:30:00,CLEAR,DAYLIGHT,DRY,ON SCENE,04/24/2019 11:55:00 AM,41.917881906,-87.676889651,POINT (-87.676889651032 41.917881905961),C,4,2019,11:30:00
763dfc5a66eef883f01179868011a4512594728aa24fdb4546db5c1a83ceb1764b71bea976e36466c59f9abd939973f2b2a87ca81274a918b4f1e2eccebecece,2017-04-22 16:14:00,CLEAR,DAYLIGHT,DRY,ON SCENE,04/22/2017 04:14:00 PM,41.898383915,-87.765764631,POINT (-87.765764630967 41.898383915),C,4,2017,16:14:00
76e1c156a7e149f44983a531d057ef32713fde39795ea7a87c02a51010f2c71cd2ee6ff6797bd8e59b81d517eefa155481f814d8ab7984c0a6cccaf011be3c74,2017-09-02 06:29:00,CLEAR,DAYLIGHT,DRY,ON SCENE,09/02/2017 06:29:00 AM,41.8820229,-87.637081412,POINT (-87.637081411989 41.88202289998),C,9,2017,06:29:00
77291c220ead9b97595f1fdbf73829b9986a31b4863075c98f54e2980ddb070ce72662ef3a408e562704663138c42ebd7ecb70aaa9f75dcdb73e504936258493,2021-10-09 11:22:00,CLEAR,DAYLIGHT,DRY,ON SCENE,10/09/2021 11:22:00 AM,42.0109408,-87.682754031,POINT (-87.68275403105 42.010940800028),C,10,2021,11:22:00
76d252a25624126523d3c1840cb360626062cce7e62769dae9d5709fc18e0208033e07dedcdfde40f3f60879f8effd1f2aba28175988ee1262e88762afae6605,2018-01-27 12:55:00,CLEAR,DAYLIGHT,DRY,ON SCENE,01/27/2018 12:56:00 PM,41.971889248,-87.708425698,POINT (-87.708425697984 41.971889247997),C,1,2018,12:55:00
75db2ffaade3176fe212922a0cc3db7e7a89c81be86d7dac6e6522239358aef2e80db50d949daf9382d989f5c5aef18462a0651a7a4f37783d318b91e6061604,2016-12-16 23:43:00,OTHER,"DARKNESS, LIGHTED ROAD",WET,ON SCENE,12/16/2016 11:50:00 PM,41.758245505,-87.626521907,POINT (-87.626521907009 41.758245504966),C,12,2016,23:43:00
766b197ac4d446416e7822960cc2869816de98fa656ca64e36830715d5a9128f982bd239637ce77718d77f1c2fe777132ea4b6181a0d9b193c840a338cd028ea,2018-04-13 23:32:00,CLEAR,"DARKNESS, LIGHTED ROAD",DRY,ON SCENE,04/13/2018 11:45:00 PM,41.723189601,-87.659389537,POINT (-87.659389536972 41.723189601049),C,4,2018,23:32:00
7658374a7df02a4a9d8184e7292c468a76f0bfe83cc0d1c80bb440387fea91d9bf1c0992451ab3dc54815fd4a5409b6c36e59b111a33e8c775451150eb1b85a0,2022-05-12 12:00:00,CLEAR,DAYLIGHT,DRY,NOT ON SCENE (DESK REPORT),05/13/2022 11:40:00 AM,41.937250511,-87.754038771,POINT (-87.754038771021 41.937250510998),C,5,2022,12:00:00
762457f60f7385b87eecbfec15151205ba365164752936e0a4911632c5043857d762713df4c335e61f89e93eba265e07f7aafb035de07924d593c0d7cf34b2b6,2017-12-01 14:20:00,UNKNOWN,DAYLIGHT,DRY,NOT ON SCENE (DESK REPORT),12/01/2017 03:25:00 PM,41.997091834,-87.76372081,POINT (-87.763720810001 41.997091834002),C,12,2017,14:20:00
7717f91138caa51454ca9472692625cdada911b290c9b919877d74bf319afe4a475d2c829f49a3c5ab21e1b663fd47cdd2f24505df144793def2103749a35db1,2020-11-04 15:11:00,CLEAR,DAYLIGHT,DRY,ON SCENE,11/04/2020 03:13:00 PM,41.910202458,-87.708596992,POINT (-87.708596991994 41.910202457983),C,11,2020,15:11:00
74cacc2c8b177dc57360cede7b2a83bc57d2c9ed922b62949080ea98f4b34504b1933b019e1ab941f3e6a7df7ab8930cdf3827a48941a33a0ea700ee541a15a1,2016-06-22 17:15:00,CLEAR,DAYLIGHT,DRY,NOT ON SCENE (DESK REPORT),06/22/2016 06:50:00 PM,41.743600001,-87.636950565,POINT (-87.63695056499 41.743600001008),C,6,2016,17:15:00
77819b5a8a56c714419058789e6415292b8f79f5ad4e8a84f88df6b6546265b4a1723b23c2fba0cbb03ff1082f50c852014e91412bd362131fb347514589c4ee,2022-03-27 11:00:00,CLEAR,DAYLIGHT,DRY,NOT ON SCENE (DESK REPORT),03/28/2022 04:00:00 PM,41.809781151,-87.594212812,POINT (-87.594212812011 41.809781151018),C,3,2022,11:00:00
74c618236d3b917b8a11883ea641b51580041fd58fa456c85ca405b3bdfc7391cba88e59755f93fceac0fc1ab7e3094d631e905cad179abf921776930e2a5701,2017-10-28 19:15:00,CLEAR,"DARKNESS, LIGHTED ROAD",DRY,ON SCENE,10/28/2017 07:15:00 PM,41.892374041,-87.627242942,POINT (-87.627242941998 41.892374041012),C,10,2017,19:15:00
77802a6c3d9f55a382db636aa5eba838477e795965fe9ce7f7c009626d0b777a9fe18e2f1ad1aeb4394c05d05cfb0bf3848ae70b1a9d0e7cab1ab1c6c177506a,2021-08-19 09:00:00,CLEAR,DAYLIGHT,DRY,NOT ON SCENE (DESK REPORT),08/20/2021 11:45:00 AM,41.787909102,-87.693784759,POINT (-87.693784759021 41.787909102022),C,8,2021,09:00:00
74b90941ea40d4ca9979151dbfc6ad52096917b6690253be0e8d9534063da8b2ee6ba673e90bd46fe3fc8c983aa7bf3aa4f941f9de8af633f1a3230bd7fb542d,2016-12-20 07:28:00,CLEAR,DAYLIGHT,SNOW OR SLUSH,ON SCENE,12/20/2016 07:35:00 AM,41.887428891,-87.660961599,POINT (-87.660961598977 41.887428890955),C,12,2016,07:28:00
750d3a2a24e16e65e006c20921bc81d5c5222e9f4a3be34fc10a7196905e4c71c0814f21ac7326e6f14b8c1fa52145f263af92a0375a45e3aafaced23df29907,2019-08-07 16:34:00,CLEAR,DAYLIGHT,DRY,ON SCENE,08/07/2019 05:44:00 PM,41.89964366,-87.678191868,POINT (-87.678191867989 41.899643660038),C,8,2019,16:34:00
7650526307113c6045c1edd5dda7e1f26e667ba00ea339e8cc046eb2a01cff3a4a4f09f32ffae167efd29ce5e755e60772ee5c51d13143efbaff3412873c6ff2,2018-04-28 13:10:00,CLEAR,DAYLIGHT,DRY,ON SCENE,04/28/2018 01:15:00 PM,41.953034866,-87.734101012,POINT (-87.734101012042 41.953034866001),C,4,2018,13:10:00
757d79d2b03b6998bec52a5c6bd18f25ee89fd894198a8fe20f0b2241b01f2dfa14267302e622bd2654fd06b1c19b145a05744ff92e8170a5c390e574d2aaedd,2022-01-27 06:45:00,CLEAR,"DARKNESS, LIGHTED ROAD",DRY,NOT ON SCENE (DESK REPORT),01/27/2022 11:40:00 AM,41.968597981,-87.719336855,POINT (-87.719336855007 41.968597980967),C,1,2022,06:45:00
75012c6d6d5c245da4245263268d2b565e6384e26f6bf83de9d286cfaac6a81d042e32fc4280104e51bece90c99475b54f3afff807ca8a932bd2fae7b0968006,2021-05-22 12:40:00,CLEAR,DAYLIGHT,DRY,NOT ON SCENE (DESK REPORT),05/22/2021 01:20:00 PM,41.880660067,-87.740728133,POINT (-87.740728133013 41.880660066981),C,5,2021,12:40:00
75d9791f9122decf51451d5d666cd731c2f302697b726ac01cfdbceec483eeb2091213ce35d4c89bbfff228c9cdd812824bfb708da456504bbaaf509bffe7ef3,2020-03-01 21:55:00,CLEAR,DARKNESS,DRY,ON SCENE,03/01/2020 09:57:00 PM,41.75616061,-87.634583596,POINT (-87.634583595966 41.756160610031),C,3,2020,21:55:00
773dee1e3c2b0d5e961bf42c6a1b3c892d6863d07c19f2a420ca29f4fb3d60c71062e2d505120a665f2034a832c94a964af6b4db24b08d11d9d2bb830bde7104,2019-04-29 16:00:00,CLEAR,DAYLIGHT,WET,NOT ON SCENE (DESK REPORT),04/29/2019 04:20:00 PM,41.99283055,-87.709059006,POINT (-87.709059005979 41.992830549973),C,4,2019,16:00:00
761a89e8b2f1b5e62bb9d55d3d8b883523afe81c2c9230285f0819038e34c59273776ae1dafa224a1bff484c121485360527ff8d5445dea2c14304a3e08dd6d4,2016-12-14 15:35:00,CLEAR,DAYLIGHT,UNKNOWN,NOT ON SCENE (DESK REPORT),12/14/2016 04:00:00 PM,41.947445791,-87.647170375,POINT (-87.64717037502 41.947445790953),C,12,2016,15:35:00
762b46f909903d0ea585a27aefb0b660c174acbe1bafa9dbb50907fb2bfcd68752118c556be104326c1cf5217b364c4cdd2e4cdeda0eb85b543dadcb35c22678,2021-01-22 05:05:00,CLEAR,"DARKNESS, LIGHTED ROAD",DRY,ON SCENE,01/22/2021 05:59:00 AM,41.767925846,-87.570754424,POINT (-87.570754423989 41.767925846039),C,1,2021,05:05:00
76e0bf8c5ba3a12b1683595df9c5e5690d6c081a62a0ef63d89285cdec1cd9d142fcdec276974ab060b5ffb51dcfdc2b958e817c4072dc9ce4f4835b92e2859e,2022-11-17 10:20:00,CLEAR,DAYLIGHT,DRY,NOT ON SCENE (DESK REPORT),11/17/2022 10:40:00 AM,41.902880569,-87.71781703,POINT (-87.717817029992 41.902880568954),C,11,2022,10:20:00
76e86a484305ebefa2a9d8c16f06eef7aa889ce9a0e4654c8d9c87f01fe06890d865ef7a25590cdda69350b2ec85e8940e9aed49656edd73add62a460f498e74,2023-05-05 13:00:00,CLEAR,DAYLIGHT,DRY,NOT ON SCENE (DESK REPORT),05/05/2023 02:00:00 PM,41.903825234,-87.64328636,POINT (-87.643286359995 41.903825233976),C,5,2023,13:00:00
7721fc1a359bf72eff7758d51cd00d499144c19e54d9b15bcfc5ca7e4720f85d40f751db1484c35e5214838a8e2ac402880c26447e9bbf828ad509c5d55896ac,2019-01-23 07:00:00,RAIN,DAWN,WET,ON SCENE,01/23/2019 07:12:00 AM,41.882225032,-87.641057295,POINT (-87.64105729502 41.88222503198),C,1,2019,07:00:00
76815d251df50cc6f728ecaa48e703f55a1766baf9b8d172dc40a73f1f5ac99daaea9f28323d03e307c429f8f26dda021cfea145fff5888f570b61929a562eba,2019-03-06 11:45:00,CLEAR,DAYLIGHT,DRY,ON SCENE,03/06/2019 11:50:00 AM,42.013395215,-87.680149246,POINT (-87.680149246038 42.013395214966),C,3,2019,11:45:00
7886135d500894bdcfa963ff7d5470cf7408978c792cbebe966206c9a042631c003c6943182836559b0be75ab002b0fbafaa8eb030e5eb84c95f0f04e6854a3b,2021-06-12 19:10:00,UNKNOWN,UNKNOWN,UNKNOWN,NOT ON SCENE (DESK REPORT),06/13/2021 12:30:00 AM,41.881817472,-87.651627211,POINT (-87.651627210982 41.881817472013),C,6,2021,19:10:00
7866f07aff7c3944426e9d339ed1964f870be5f27c06b05c3b9a763ddf7d9f852da2c276632803802cc2957870c36bbff3bec06d69e6d5fc761694da4de0dc4b,2017-11-22 15:30:00,CLEAR,DAYLIGHT,DRY,NOT ON SCENE (DESK REPORT),11/22/2017 04:00:00 PM,41.704679053,-87.560690231,POINT (-87.560690231 41.704679052976),C,11,2017,15:30:00
7a6b369971727234333ad046f893b1181458d528a373d5217641bb89e61ec751a00b77d6919a821d0ff2526587fc7ba7d03c85d69ee61a0b10983cce7869283b,2023-05-26 18:30:00,CLEAR,DAYLIGHT,DRY,NOT ON SCENE (DESK REPORT),05/26/2023 07:30:00 PM,41.794189876,-87.622600564,POINT (-87.622600563979 41.794189876043),C,5,2023,18:30:00
77e2d4de55b90280ec26ebdbcef326e5de080dffa631b2a1e8135fce3953292428f43a5f1444dd9c1235205cffa839033ea881df5af3904abb357be76461bc44,2023-04-25 16:30:00,CLEAR,DAYLIGHT,DRY,NOT ON SCENE (DESK REPORT),04/26/2023 04:27:00 PM,41.775134742,-87.687050658,POINT (-87.687050658048 41.775134742049),C,4,2023,16:30:00
7865c24e5db611fda11a5cd13aecac627864d90ff90962be66e36a9c1477f122406e0ab61b13dea2ac270dd7fe3a72fc9533da28c977fc0c2da0699ca44af099,2020-01-17 19:00:00,SNOW,"DARKNESS, LIGHTED ROAD",SNOW OR SLUSH,NOT ON SCENE (DESK REPORT),01/17/2020 07:54:00 PM,41.921729807,-87.663234201,POINT (-87.663234201004 41.921729806985),C,1,2020,19:00:00
77b051c730627ebd20305f572ae0c7d540701d894c9a218528fbe9f543ebb1d5beb0e620dc999a9ea0180dccde8a19e20b6e042e81e2ad2807c39133723f9f37,2020-08-18 20:39:00,CLEAR,"DARKNESS, LIGHTED ROAD",DRY,ON SCENE,08/18/2020 09:03:00 PM,42.018583416,-87.68468369,POINT (-87.684683690037 42.018583415988),C,8,2020,20:39:00
7830220121b7a8fcbd6b3f60c99f4cdd938ae974274e0815957c59b0ac2fcb45a9c89b8778381f88f7152b53669db3cd8eaadf33d2a9e1640ad1c0983cd49f55,2023-06-05 12:49:00,CLEAR,DAYLIGHT,DRY,ON SCENE,06/05/2023 01:03:00 PM,41.980863685,-87.782349367,POINT (-87.782349367008 41.980863685018),C,6,2023,12:49:00
793d77ce92139b812b3cb726b27df2a30182a0499e96ff79cd213ce6e0855e25bed128138f1466bc86cd38d7f038b7e937fad176d189a32c3647c58ac1f2a86b,2020-10-07 17:16:00,CLEAR,DAYLIGHT,DRY,ON SCENE,10/07/2020 05:17:00 PM,41.911104565,-87.726516867,POINT (-87.726516867032 41.911104565018),C,10,2020,17:16:00
79eddfc68b0d2f1765dd6adb4e6812128e17f6c98dc301a4ee3fc711420389aa973f1abc1c767bbe7cae73cfa999c41d0c1b761aeb0c26e1a1ef31f851109158,2018-05-15 07:30:00,CLEAR,DAYLIGHT,WET,NOT ON SCENE (DESK REPORT),05/15/2018 07:50:00 AM,41.97737079,-87.817038632,POINT (-87.817038632029 41.977370790031),C,5,2018,07:30:00
79b70f316d130a0dd15ae273037acfb5458534e8e83d8f065a2459a967603fce590be3f0a2c01b791115276996f44c2cc6be6f858c48bce72375f7661953a44e,2018-11-06 21:30:00,CLEAR,DAWN,DRY,NOT ON SCENE (DESK REPORT),11/06/2018 10:00:00 PM,41.871252224,-87.688022322,POINT (-87.688022321951 41.871252223987),C,11,2018,21:30:00
7966280fe021d27aaa39f912d30db0d13736afbe715d982dff49a0cfc68b20bc5a2855f2c5143f2d3c9da9274f00a0842e55793ad256170e1e4774be23146423,2023-06-20 02:15:00,CLEAR,"DARKNESS, LIGHTED ROAD",DRY,ON SCENE,06/20/2023 02:23:00 AM,41.794908912,-87.616471792,POINT (-87.61647179201 41.794908912028),C,6,2023,02:15:00
79274f592ed96c63ca7f6ebd8525cf30a997b82d7c9d4e0f3e67efc9ed58eed72fe014e1c872d3e97981c51969f66969a06d0ee6bb2c18af8964f4e7614f840f,2020-05-10 03:00:00,CLEAR,"DARKNESS, LIGHTED ROAD",DRY,ON SCENE,05/10/2020 03:00:00 AM,41.958986951,-87.933993929,POINT (-87.933993928974 41.958986950953),C,5,2020,03:00:00
77e40d50aa568f09e2dc7dd79814f37152d4186aa48da7ed54abf180cbff303e7e26d3a65755cf0c9abbaacfce4f984c685448fa4c9afa3e0aa50b5b4bbf17da,2018-09-10 19:50:00,CLEAR,DARKNESS,DRY,NOT ON SCENE (DESK REPORT),09/10/2018 08:10:00 PM,41.953909289,-87.678748637,POINT (-87.678748636971 41.95390928897),C,9,2018,19:50:00