CRASH_RECORD_ID,CRASH_DATE,WEATHER_CONDITION,LIGHTING_CONDITION,ROADWAY_SURFACE_COND,REPORT_TYPE,DATE_POLICE_NOTIFIED,LATITUDE,LONGITUDE,LOCATION,CRASH_TYPE,CRASH_MONTH,CRASH_YEAR,CRASH_TIME
787a3b053bd87726f47b926cb76f7db794cccfdbf6d8e7fc22034eb0906269b11da947a37c21846b8c02578653c72356daa6e1accb7cfa83faaeee23e27447d6,2019-02-23 11:15:00,RAIN,DAYLIGHT,WET,NOT ON SCENE (DESK REPORT),02/23/2019 11:30:00 AM,41.884516857,-87.647390682,POINT (-87.647390681951 41.884516857046),C,2,2019,11:15:00
797599ccb66eb107e82e4a23023b03d5bcfd188e232344afd4f8052cfa8f9116e7877f86da6839b5992ac786fdae7e3d573269641df86ed55b78d086bbca0cb9,2019-01-26 01:26:00,SNOW,"DARKNESS, LIGHTED ROAD",WET,ON SCENE,01/26/2019 01:31:00 AM,41.851084197,-87.638340859,POINT (-87.638340859009 41.851084197047),C,1,2019,01:26:00
796c3d9efaba7e13304979c1e7e0f2972195ba63555a3030f0aeae41eda75a5f8f3e48f22c1dd42255fa469402ccb995bce8befffe33beba9fc81fc348918c84,2020-06-07 05:40:00,CLEAR,DAYLIGHT,DRY,ON SCENE,06/07/2020 05:48:00 AM,41.749435388,-87.715038878,POINT (-87.715038878015 41.749435387996),C,6,2020,05:40:00
799a9caafc9f92c2ca6d91ebce4209982d82c6d893a6fe0aa38882aff8521fe779fc3a72c94fe546acb389e1b5bf56599160977a37df877731fc5d4d25d57a7a,2020-07-04 18:48:00,CLEAR,DARKNESS,DRY,ON SCENE,07/04/2020 06:48:00 PM,41.779724331,-87.664373503,POINT (-87.664373502979 41.779724331023),C,7,2020,18:48:00
79e658bb1c244e867f48ed10a77ef737c7633f4e312941455477c77358e2176c9ba59272bdceb24d8e190fcd011031ff5a0f680cb3a6de56ce888a94dd0a745a,2023-02-06 08:50:00,CLEAR,DAYLIGHT,DRY,NOT ON SCENE (DESK REPORT),02/06/2023 09:15:00 AM,41.862331035,-87.711586346,POINT (-87.711586346018 41.862331035045),C,2,2023,08:50:00
7a3cc56cbfa377a6431e0f1582e6817aed6e7083ecbaf3fdbb21c1e60b34f59b5999e78eb230f8075b1cdcf98d3470f5df67ea2c9c2a2458292290fc29b9411a,2018-06-04 10:05:00,CLEAR,DAYLIGHT,OTHER,ON SCENE,06/04/2018 10:09:00 AM,41.895596296,-87.626409138,POINT (-87.626409138035 41.895596296006),C,6,2018,10:05:00
78124e68ac135ee332b2746b2bc0723408261e075edb86e75e99cd48553fb91214d6f4aa4482e5c2f23346a32103047437cd7d591283213b8d6f2a15e6408fd7,2020-01-14 15:30:00,CLEAR,DAYLIGHT,DRY,NOT ON SCENE (DESK REPORT),01/14/2020 04:40:00 PM,41.739324178,-87.721732697,POINT (-87.721732696952 41.739324177957),C,1,2020,15:30:00
78dbd57ebddbeae81089ae55fdccacbcbffe83fde4871edab0ed4ec8a7fbed3a04c4f8e85aa45f91a24d81ef231dc6c256343d919a72002af6df99288632648f,2022-05-27 05:45:00,RAIN,DAYLIGHT,WET,ON SCENE,05/27/2022 05:45:00 AM,41.896274407,-87.765592412,POINT (-87.765592412043 41.896274407033),C,5,2022,05:45:00
78f89b8b8e8fb64692aa4b2ad47ea8a5f599cd9d2925cba191a2de1128ae306c9830413650bcd65cf823b9ff5d1a366f0819e210d9e94fcdbe2b5033e9df7459,2018-02-02 09:30:00,CLEAR,DAYLIGHT,DRY,ON SCENE,02/02/2018 09:39:00 AM,41.979263181,-87.713779744,POINT (-87.713779744015 41.979263180964),C,2,2018,09:30:00
77e7bf5b2d767d2712e08738e8b0bf1c001f1516e88c67ef3ab5eebab1375967bb0a945d589b984333f54d914c65ae806461ee2a6a9a4d176a7123a7faeb5b2a,2019-10-28 15:10:00,CLEAR,DAYLIGHT,DRY,NOT ON SCENE (DESK REPORT),10/28/2019 03:30:00 PM,41.744151639,-87.585945067,POINT (-87.585945066953 41.744151639042),C,10,2019,15:10:00
783a1aa6706dc9ab1a88a79661c74955cc92c0db08457ea4d0cdf1ff8bd67a61059f99b3bd03c7179f5f5987572901a4e7df47ad758ade88a20ccbc7382e8b16,2020-02-13 07:57:00,SNOW,DAYLIGHT,SNOW OR SLUSH,ON SCENE,02/13/2020 08:28:00 AM,41.897046897,-87.729030407,POINT (-87.729030407003 41.89704689703),C,2,2020,07:57:00
786700b7f528cb42733a419577f9ae0159ac19063f5d986814d93eba490165ec21800954804daa610ed337e0f143870204037806fdaf6d6dc223e4e0164e96e4,2023-04-11 04:30:00,CLEAR,"DARKNESS, LIGHTED ROAD",DRY,ON SCENE,04/11/2023 04:34:00 AM,41.879324531,-87.647429789,POINT (-87.647429788969 41.879324531009),C,4,2023,04:30:00
7937d55c1020990fe985c37f52fd6d91124e13d50ebf4826f645fea6662f6fa03bb9c99a5fb605f62975b0696769ed48d2047bd89761a4a32c324d61f69305f8,2021-12-19 00:55:00,CLEAR,"DARKNESS, LIGHTED ROAD",DRY,NOT ON SCENE (DESK REPORT),12/19/2021 01:00:00 AM,41.990024694,-87.728708871,POINT (-87.728708871015 41.990024694008),C,12,2021,00:55:00
7976871e6913ec7713ec7f268b64d4c8cb7eb78cc8b03f327be9c8ee04a9988a0a28ce154eec23c0f2162847b3f2922d4b8aae4e71a71ffaf292b186c8ff56c0,2017-11-28 14:17:00,CLEAR,DAYLIGHT,DRY,NOT ON SCENE (DESK REPORT),11/28/2017 03:12:00 PM,41.884723241,-87.624612775,POINT (-87.624612775031 41.884723240983),C,11,2017,14:17:00
78be7fb8b594415235f21eeb5cc69dcc433c5ad828b7f6396b712db0c1b205a15874fddca700fba99ccd3545f24858adb02fb6dbedd9e2701dd94757ef42d563,2018-10-18 19:20:00,CLEAR,"DARKNESS, LIGHTED ROAD",DRY,ON SCENE,10/18/2018 07:25:00 PM,41.840593982,-87.731016739,POINT (-87.731016738997 41.840593981976),C,10,2018,19:20:00
7848ec5fe66e99ac39b4983f33f7eee13f1876f56af0a08d4cf73f0ec1a30233813accf69ea15eac84354fcbaef2a9da27316bf028e70e911c7b5a1b37a03a36,2021-12-10 22:44:00,RAIN,DAYLIGHT,WET,ON SCENE,12/10/2021 10:44:00 PM,41.961346851,-87.700379101,POINT (-87.700379101044 41.961346850951),C,12,2021,22:44:00
781a8d3ca0951be1292465d96fb402d6bf02479c66ecbdf587f48f195997436604bdb5bd06cdb8cfd6bea595029983b4fc3dd9692e412c3a9de50aa981e81a09,2018-03-26 13:00:00,CLEAR,DAYLIGHT,DRY,ON SCENE,03/26/2018 01:20:00 PM,41.920676631,-87.775630269,POINT (-87.775630269041 41.920676630982),C,3,2018,13:00:00
7919ef60f08e885aa0c7316dca6c6b4ee1a18f3fb01f3c25981aef8f728dd83315b257dcefd919bf64a80d00509b671402b71ea7f12207ef907bb3252a350221,2022-06-25 01:38:00,CLEAR,"DARKNESS, LIGHTED ROAD",UNKNOWN,NOT ON SCENE (DESK REPORT),06/25/2022 05:20:00 AM,41.898979021,-87.637410212,POINT (-87.637410212028 41.898979021041),C,6,2022,01:38:00
7962277e28c215976fbf7d3e527a2f53634f1e58b375272ba1edb3e7436bb837510f26a80e2f8537177443845862687b1781ea398af19bcf3301f7e3c9439d0b,2021-04-22 08:51:00,CLEAR,DAYLIGHT,DRY,ON SCENE,04/22/2021 08:55:00 AM,41.903536788,-87.661859583,POINT (-87.661859582959 41.903536788031),C,4,2021,08:51:00
79c0a0bfbd24359e8ee276351b7c49d7900eaeac4b33d35c6f2fabf4eda4eb6bb8c9204c9ecd2687606eb5971db99262e580b8b03a789e8cbe3a5712d7357d2e,2017-02-04 11:30:00,CLEAR,DAYLIGHT,DRY,NOT ON SCENE (DESK REPORT),02/04/2017 03:59:00 PM,41.792791365,-87.792962232,POINT (-87.792962232014 41.792791365002),C,2,2017,11:30:00
79ce8eab32255b4e637971f8b8e71a24c4a4f6cdbe5a8b92bc39883a716cfdfa109c7252a7830b2841240292c2c9931e28447b944e546f04c15fa90449cc3078,2020-07-31 18:50:00,CLEAR,DAYLIGHT,DRY,ON SCENE,07/31/2020 06:51:00 PM,41.769365348,-87.676231496,POINT (-87.676231496049 41.769365348039),C,7,2020,18:50:00
79cbdd4b0c93494423347421acf664e601ea2bdc5681fb4e53f4036ad1d3272287274baed84992a94b84702858f8fb4007b60baa9a14670b2af2327ab9d7a1ac,2022-05-23 17:59:00,CLEAR,DAYLIGHT,DRY,ON SCENE,05/23/2022 06:00:00 PM,41.75608495,-87.569829702,POINT (-87.569829702001 41.756084949995),C,5,2022,17:59:00
78f532ec752bacf0699974b36cb380454d75bbf54966fb125ef230268b0b1fa80ec7548a64935f30e3a3ac3c71d7b74b2423421a5c14dcb0020e479520c7d6a2,2015-10-10 11:15:00,CLEAR,DAYLIGHT,DRY,NOT ON SCENE (DESK REPORT),10/10/2015 11:22:00 AM,41.892772067,-87.655981497,POINT (-87.655981496989 41.892772066963),C,10,2015,11:15:00
78f78a2cf161fb1f58b54eaff247fa12dca1771f826e199dec2aeba162d69a47593e3e6c79ed83d8272adab34e8331f58c011d2304217b4abdf4d69d12d61103,2017-11-21 08:05:00,CLEAR,DAYLIGHT,DRY,NOT ON SCENE (DESK REPORT),11/21/2017 08:50:00 AM,41.884516857,-87.647390682,POINT (-87.647390681951 41.884516857046),C,11,2017,08:05:00
7a67c44d3b8671a554fe537cd2c62e94049ebc0511d1ea59088bd34b29a5e652d5a98aaafcede767a05effb552bbc86cc84839d506e55e524d099f3189cf092b,2019-10-09 07:17:00,CLEAR,DAYLIGHT,DRY,ON SCENE,10/09/2019 07:20:00 AM,41.773523699,-87.642789399,POINT (-87.642789398978 41.773523698964),C,10,2019,07:17:00
78880c855a1404cd8f79528c9220e4a3b24f6ae08f91a64780158cb408b99e2d43d74f9d8c3160e8156a0bdd8bc2d57115206e363e9b9b957e0b574ca367feb8,2019-10-18 02:25:00,CLEAR,"DARKNESS, LIGHTED ROAD",DRY,ON SCENE,10/18/2019 02:30:00 AM,41.88755939,-87.706168696,POINT (-87.706168695964 41.88755939005),C,10,2019,02:25:00
787b528749962d790d8c019874e9b5957efa580ecb913c7824e077c903694d7392e4e05d9558b801976b9574affeb9ffc477d80d236a8a680f1ac72d26d2b39f,2016-03-05 02:10:00,CLEAR,"DARKNESS, LIGHTED ROAD",WET,ON SCENE,03/05/2016 02:15:00 AM,41.924888953,-87.700379982,POINT (-87.700379982012 41.924888953039),C,3,2016,02:10:00
7832c53cf9af2a1cd980aa8e4dc136e6d3e9844689456e30077fc1f09e714dd1081f6e7f01aef6198982f0dfc4f0545714d043348a27b554fae58cb1e80e98cd,2022-03-19 15:10:00,UNKNOWN,DAYLIGHT,UNKNOWN,NOT ON SCENE (DESK REPORT),03/19/2022 03:50:00 PM,41.931399521,-87.643731049,POINT (-87.643731049037 41.931399521012),C,3,2022,15:10:00
79a8e2269c0f584c910fc2f6957c9f71e2c316b92f1e5e8826e46d49efcfb5d7ef906b23c273dd9e552577a9c28d89040b9d442f3b2f40c25bd9c80f11a0ef82,2021-07-17 15:45:00,CLEAR,DAYLIGHT,DRY,NOT ON SCENE (DESK REPORT),07/18/2021 11:40:00 AM,41.866862584,-87.658193885,POINT (-87.658193885019 41.866862584015),C,7,2021,15:45:00
7894b78b1e6b0b250074dab382ffd075f17f1e665323a4d24eca4ca443af564509efb6bf87a988221868ac311383c543b85d77c16035bb187661c4fdb59d698a,2020-09-20 16:00:00,CLEAR,DAYLIGHT,DRY,ON SCENE,09/20/2020 04:18:00 PM,41.735617968,-87.682663369,POINT (-87.682663369002 41.735617967973),C,9,2020,16:00:00
77fd6fa4a1d4d7fe3f51260c33a0956151c58fe1ff0fd27f265dbb605bd6ce8e82b4712a78f7f7fe43cfceb4714440efb8a918dd982593800da2c8edcabf60aa,2023-05-19 08:40:00,RAIN,DAYLIGHT,WET,NOT ON SCENE (DESK REPORT),05/19/2023 10:35:00 AM,41.953203301,-87.756048735,POINT (-87.756048735038 41.953203300975),C,5,2023,08:40:00
79f8f11ece9fcbe783ca957a480e670306883a7029ac285a98a564ea8bd90982ce71228469e95d6c9fcfd4463b4f9cbc5bca7f52680251eab8e569ea571e5ced,2018-06-12 10:30:00,CLEAR,DAYLIGHT,DRY,ON SCENE,06/12/2018 10:35:00 AM,41.895364141,-87.755761216,POINT (-87.755761215983 41.895364141018),C,6,2018,10:30:00
784ffe2c60948f3a4c21691f2a902d4bb6a7b270924288a755c0e03f66d8175d09855f47c10530e5169d5c77fafc3c2df3cc8073d0a0d03522bb82931b2aff96,2021-07-29 14:40:00,CLEAR,DAYLIGHT,DRY,NOT ON SCENE (DESK REPORT),07/29/2021 03:55:00 PM,41.79573461,-87.762555326,POINT (-87.762555325992 41.795734610035),C,7,2021,14:40:00
7a3abb63055b72b477bb96fe588c3af380d08108db79db019276c2cafac03dc0666f8465b247f85cdf74ec1f56e307d74bc8a34bffde7adb9075c75ddf299598,2018-06-13 12:30:00,CLEAR,DAYLIGHT,DRY,ON SCENE,06/13/2018 12:30:00 PM,41.855073746,-87.659373835,POINT (-87.659373835018 41.855073746034),C,6,2018,12:30:00
780ac784c955d85f36b4dfb9601fae1d5cd61e391ded53bb191ce90018fb76f238bb5b3727fb6b9540101dbc43a9a66dc27ac1c370f436360cb461767f3cbb60,2018-07-07 15:00:00,CLEAR,DAYLIGHT,DRY,NOT ON SCENE (DESK REPORT),08/08/2018 02:40:00 PM,41.961992719,-87.703232145,POINT (-87.703232144996 41.961992718954),C,7,2018,15:00:00
781bba86531e6e4bf41eda006b113ba515f282759f1f7901efc018c70f317df94e531929e9257b54e9e8712f353252ec48ed80ddfbf3b246019c4f12b3277a14,2018-12-19 15:40:00,CLEAR,DAYLIGHT,DRY,ON SCENE,12/19/2018 03:48:00 PM,41.891122843,-87.663806007,POINT (-87.663806006954 41.891122842962),C,12,2018,15:40:00
7a4c10519a73e1e2a203e8f55e40d81a9c2174544c7f8de1543f01892a859382ab8f9b3337d54383213f1c3672693adeba2f3f4d9dce17171e7b3ba8ad163e8c,2017-10-03 17:17:00,CLEAR,DAYLIGHT,DRY,NOT ON SCENE (DESK REPORT),10/03/2017 05:59:00 PM,41.875560779,-87.710884921,POINT (-87.710884921013 41.875560779017),C,10,2017,17:17:00
78256d31c77009bab7c8613a9f3d4ce0755f2b8bf441908486ecea4ea193a223e9cf4cd37188ced42ef0fdda60a950a0b50b23f866d2ad1c0b0afc4a42e7b64b,2018-03-30 07:52:00,UNKNOWN,DAYLIGHT,UNKNOWN,NOT ON SCENE (DESK REPORT),04/01/2018 09:15:00 PM,41.772928121,-87.623227761,POINT (-87.623227760996 41.772928121017),C,3,2018,07:52:00
7a2eed00535c50d5e8a8bdcff6399219da404d27bf0efc63dd6b4b5673e51ee3ae3a8812371c3d10f8526dc94ba8c98847bdc42f684e56b71fb2e0d5234c1595,2022-11-18 09:15:00,SNOW,DAYLIGHT,ICE,NOT ON SCENE (DESK REPORT),11/18/2022 10:50:00 AM,41.837385459,-87.702442532,POINT (-87.702442531983 41.83738545903),C,11,2022,09:15:00
7941c8bd9cda62710c300bcf2ee1463bdf8baeb01753ac61bb016ca6c07fea693210df96548dff9614d1bbab2db1d9980a513334df9e2c442523cd4c8964ec6a,2020-08-07 12:05:00,CLEAR,DAYLIGHT,DRY,NOT ON SCENE (DESK REPORT),08/07/2020 01:40:00 PM,41.923793617,-87.785072221,POINT (-87.785072220998 41.923793616985),C,8,2020,12:05:00
7854b52a4e247e05abe682f62c542e9eac88f1a0d757f0b1fd3300fa63fd5deeceec2e7b0d95f94c5f21ffed653e5d04350a4518509d44dfbac49e0bd32ab80a,2020-08-30 21:37:00,CLEAR,"DARKNESS, LIGHTED ROAD",DRY,NOT ON SCENE (DESK REPORT),08/31/2020 02:50:00 PM,41.794908912,-87.616471792,POINT (-87.61647179201 41.794908912028),C,8,2020,21:37:00
7812683b2ae271899ababc722a79d33f4af0d988ba1016f9fafea3ea2c2a15700d9455ce189eb753c368e43c43076053535bedcdc8264bd81bcbd36d9fe4dd3f,2022-03-18 18:05:00,RAIN,DAYLIGHT,WET,NOT ON SCENE (DESK REPORT),03/18/2022 06:10:00 PM,41.857831237,-87.706173404,POINT (-87.706173403985 41.857831236962),C,3,2022,18:05:00
7a204b8d4e5b6848e0b8524bd5e4fdaeef216411290c8297fd1c9ce89315f8bfefeb385397334b9164148cb39cbfbddd7fd93f41d145b4a9d302036b1761319f,2020-10-15 12:19:00,CLEAR,DAYLIGHT,DRY,ON SCENE,10/15/2020 12:20:00 PM,41.785263963,-87.609854788,POINT (-87.609854787981 41.78526396303),C,10,2020,12:19:00
78ca0ac06f8000a210c384c79e62d50d1f751a10c708f328c1435c3c00eb19421271940becd19fcafead8c1695fa6be24d33201d310f527321aca7dbba1fedde,2017-03-17 18:55:00,CLEAR,DARKNESS,DRY,NOT ON SCENE (DESK REPORT),03/17/2017 08:10:00 PM,41.946506756,-87.673270312,POINT (-87.673270312024 41.946506755973),C,3,2017,18:55:00
789545e368bfcb9f6d63f55a3685677dddae8ba7cf154d5a09247558f2c4ca74b1f69f2313d1abdf0ecb9b93dd09a5cc9ea0b9de604f6a60816068ebcd8eaa8a,2017-12-02 17:00:00,CLEAR,"DARKNESS, LIGHTED ROAD",DRY,NOT ON SCENE (DESK REPORT),12/02/2017 05:20:00 PM,41.92070596,-87.663347757,POINT (-87.663347756954 41.920705959968),C,12,2017,17:00:00
77df743b8444b02ae4057a68146e1d75a9e8133e00db7492fdf7899ec801f783a384350abc831d318677cbf56de02ef200a9c6107206b1c0c2280f6c4424bed9,2018-10-31 13:45:00,CLEAR,DAYLIGHT,DRY,NOT ON SCENE (DESK REPORT),10/31/2018 02:20:00 PM,41.999036201,-87.67356821,POINT (-87.673568210005 41.999036200974),C,10,2018,13:45:00
7a7f7fcc2a076f54b3ecc1691ea6a852a5391ddfd27c4db604efa9c8c66338a0dcb25a00a671f7e45d4f3cb6670c8ea742a08aaa9811570123d59d5d6c3ba044,2017-10-30 12:25:00,CLEAR,DAYLIGHT,DRY,NOT ON SCENE (DESK REPORT),10/30/2017 01:00:00 PM,41.884516857,-87.647390682,POINT (-87.647390681951 41.884516857046),C,10,2017,12:25:00
77dd5f63fd11fe79300203dfe09f6772ffb6cde1ff530edeeb7c0cdf78a51acd41dc0d7c1a1cc072b1f69f85a0433b70b2c6cb9c3efb25223c38ae12c1209c83,2018-04-20 17:25:00,CLEAR,DAYLIGHT,DRY,ON SCENE,04/20/2018 05:27:00 PM,41.784385694,-87.740065946,POINT (-87.740065945952 41.784385693962),C,4,2018,17:25:00
78b8b0d2f4c148dfa0b778efe8163cb3b3b2e60764ea1aa928f81c88df49d178a6ee3926f9b4f4400046e98581862f7997cd5f103adb5dd2b77cea8ed046a789,2020-04-29 17:00:00,RAIN,DAYLIGHT,DRY,NOT ON SCENE (DESK REPORT),04/30/2020 07:00:00 PM,41.74350578,-87.62819656,POINT (-87.628196560035 41.743505780006),C,4,2020,17:00:00
78131ecfa016bc8eb3f1168f5446520c58206e47a9530546fab9161b71558d6683167985ec19515db144926103baba70a91c0d2e80fa668d5377205f3f513b21,2022-04-02 23:00:00,CLEAR,"DARKNESS, LIGHTED ROAD",WET,NOT ON SCENE (DESK REPORT),04/02/2022 11:30:00 PM,41.950603042,-87.726790167,POINT (-87.726790166987 41.950603042015),C,4,2022,23:00:00
7a2f74182e60abe756ef129449b65da3f66cb5857df3badab431e84e9791b9508f8b72998915b68aec8870cc49488317bd5a7e9c6383fab21409e5351e2c92c4,2020-12-05 18:55:00,CLEAR,"DARKNESS, LIGHTED ROAD",DRY,ON SCENE,12/05/2020 07:39:00 PM,41.758245505,-87.626521907,POINT (-87.626521907009 41.758245504966),C,12,2020,18:55:00
7a02b4fb7d15965456431b46de1f60f6c8a4d189214fa14396842115fb323904998067e49536138e0b1914a62a407822bbd9ab87211a62fc4ebff0cee104f5bd,2021-02-14 10:20:00,CLEAR,DAYLIGHT,ICE,ON SCENE,02/14/2021 10:25:00 AM,41.958986951,-87.933993929,POINT (-87.933993928974 41.958986950953),C,2,2021,10:20:00
7a58d3ed290e05c1cd7c39f3ee88b1e76c72ee7ab5d20234c709424f0b22d1430cddc1b46de1be137275b9081a4f4c1b7ce6223e71b31e8d3792ce333830a6b5,2020-07-27 17:05:00,CLEAR,DAYLIGHT,DRY,ON SCENE,07/27/2020 05:15:00 PM,41.985976968,-87.78782345,POINT (-87.787823450015 41.985976968036),C,7,2020,17:05:00
790e900e9ba50718fb661e53bcd13d5c40b27bfb1e5a6cbff7a03bd90c38d1aa4c513b1bc36365d956c842c7b125355534f057c64031182605c500740a338e33,2019-10-30 09:40:00,RAIN,DAYLIGHT,WET,NOT ON SCENE (DESK REPORT),10/30/2019 10:05:00 AM,41.868505893,-87.744688538,POINT (-87.744688537963 41.868505892977),C,10,2019,09:40:00
7a65cdc9b803d9e909b73001f8c335f11beefea7a8a4183fa66cf4013edfa2eb193d8509b14d67dfd547bc9ef0699d1b09b011a5961acb605964b502b9198398,2019-03-08 14:40:00,CLEAR,DAYLIGHT,DRY,ON SCENE,03/08/2019 02:46:00 PM,41.659687315,-87.583621707,POINT (-87.583621706984 41.659687315045),C,3,2019,14:40:00
7a81c3ee458abfa2c9f19792643689066e1d793e9b642e205b1c3f3a63abba1ec1acec4535fafafc91d7e8f2480058c91f3517e0dd991e3ff7a1a23f72e4bd91,2020-10-25 17:30:00,CLEAR,DUSK,DRY,ON SCENE,10/25/2020 05:31:00 PM,41.917018542,-87.729516664,POINT (-87.72951666402 41.917018541966),C,10,2020,17:30:00
7822149cc652f94fec2f4e53db5e2592b96632d066b8b452491008c77194172f2a6ccd932d2b2072b6a7d160eea65ab8cf6ce6c994d51707319207a7c1b72b7f,2023-04-26 17:03:00,CLEAR,DAYLIGHT,DRY,NOT ON SCENE (DESK REPORT),04/29/2023 02:04:00 PM,41.893918609,-87.624085833,POINT (-87.624085832985 41.893918609004),C,4,2023,17:03:00
799e6b11663ec21330c1c250e651e66a82f62e9a664f90781095472f6b187422eddb027041ccc383d444c3e4beceb92224c9cbf5df2692d06ee1e7ea6a773d25,2023-06-15 17:00:00,CLEAR,DAYLIGHT,DRY,NOT ON SCENE (DESK REPORT),06/15/2023 06:00:00 PM,41.954046293,-87.678812012,POINT (-87.678812011999 41.954046293036),C,6,2023,17:00:00
7a3e53c4c05686ab37be5d51933cf4368de06a3662f603dea89d4e7809c7ce84afc56e947101ebc221de15be5bcf1ba3bab8ccc7b44cdbb19d535e0fab8625eb,2021-07-17 11:40:00,CLEAR,DAYLIGHT,DRY,NOT ON SCENE (DESK REPORT),07/17/2021 12:05:00 PM,41.974262826,-87.659664619,POINT (-87.659664619007 41.974262826041),C,7,2021,11:40:00
79f36e4822f981033f4d6c74ffe9475664cab102825160deb61291ce1cf2d9dbcec90bae62ebed598dbb0158f513ed3cca4907770eedf10edd4e017a60be7cb4,2021-02-05 21:07:00,CLEAR,"DARKNESS, LIGHTED ROAD",ICE,NOT ON SCENE (DESK REPORT),02/05/2021 10:50:00 PM,41.995463563,-87.68750853,POINT (-87.687508530023 41.995463563009),C,2,2021,21:07:00
7870ff43c3d63729a58666addaae8cb3d1c6128862fb475a96171d6785b6474a52bf66aeb47429bea8d478d5375495f1166520b07730968c76959f51c5f9a425,2021-04-20 17:15:00,CLEAR,DAYLIGHT,DRY,NOT ON SCENE (DESK REPORT),04/20/2021 07:20:00 PM,41.733225101,-87.596566497,POINT (-87.596566497047 41.73322510098),C,4,2021,17:15:00
79ea8ffdc8ef5b5c17395c983ee2429bb0c0a5a226f0d4317640a51585ee68ba6cdab540c624c8200f0fddf8ea24ddda5b101de8e141e5aed57c7ff758182d6e,2020-03-10 04:54:00,CLEAR,"DARKNESS, LIGHTED ROAD",WET,ON SCENE,03/10/2020 04:57:00 AM,41.937825377,-87.743048226,POINT (-87.743048226013 41.937825376955),C,3,2020,04:54:00
79152256b60ad71700696f11a14fe6c4e142fd3ebab0e7d34d541d921f0cd79aacf55ed7e0d87f225b7ac121902b768e114bb77953e520c95f60778f7f565ec2,2017-10-28 22:00:00,CLEAR,DARKNESS,DRY,NOT ON SCENE (DESK REPORT),10/29/2017 07:17:00 PM,41.768453145,-87.574062191,POINT (-87.57406219101 41.76845314497),C,10,2017,22:00:00
7853c311eacbfad6df8e5e549757bbdd221a6dcd487b0bf39741126ad47927342c2341c024e4ed83f0989b7f48d7eef400b48784f54d09c98be06dedd47086e8,2018-01-19 13:45:00,CLEAR,DAYLIGHT,DRY,ON SCENE,01/19/2018 01:45:00 PM,41.91041392,-87.688584695,POINT (-87.688584694966 41.910413919968),C,1,2018,13:45:00
79e5a5a0ef7515cff11d0bfbc974b536a7abf6c583f916b80a5d16326bc007a001b9cb2870bbdcb18502712a2d2fab48678b82046e953dc02028d0181f267fa9,2019-08-05 10:30:00,UNKNOWN,DAYLIGHT,UNKNOWN,NOT ON SCENE (DESK REPORT),08/05/2019 10:00:00 PM,41.97600184,-87.689092635,POINT (-87.689092634969 41.97600183997),C,8,2019,10:30:00
7a03eca2075883be6e82c37438b6a325f1140bacc9734053a56908174363e9c02d1b0af90b3fb78491fc64bc2138875d19a394ec30e4c1af9a00d754f4f1d970,2018-06-23 23:17:00,CLEAR,DAWN,DRY,ON SCENE,06/23/2018 11:21:00 PM,41.902815701,-87.717648644,POINT (-87.717648643968 41.902815700998),C,6,2018,23:17:00
784fcfca2cc2eba7426039fe1f751927bf8d316b4d9639a11120911d4ebb54de2fd7cdeda95918970b260c96b62863e4976b2a85702baf9c56e89343c82cd6fd,2018-07-03 13:01:00,CLEAR,DAYLIGHT,DRY,ON SCENE,07/03/2018 01:30:00 PM,41.899463059,-87.68952126,POINT (-87.68952125998 41.899463059023),C,7,2018,13:01:00
77a0798bc83e6925f37dee26de58e4993206d3e4f812fa5b3172ab75fa81df740b6dea252271abce80bef8ba79c0ae91e676e20ac6c3e1fd6781ea039bb8e9b6,2019-11-17 05:30:00,UNKNOWN,DAYLIGHT,UNKNOWN,NOT ON SCENE (DESK REPORT),11/19/2019 01:26:00 PM,41.937913123,-87.755550611,POINT (-87.755550611033 41.937913122994),C,11,2019,05:30:00
7a47fcb530325f9d0318f01beafe49801d874c08bf617542aa0b79fc6e4279c9695a988e71b20a8db98e843b8b46b06ab35ae5ab757d63b599969caf9e8fe872,2019-07-28 23:23:00,CLEAR,"DARKNESS, LIGHTED ROAD",DRY,ON SCENE,07/28/2019 11:29:00 PM,41.773359637,-87.594665777,POINT (-87.594665776993 41.773359636959),C,7,2019,23:23:00
79425758c959e56d1bd65f80100105b57bcc99fdacf3a55d2149d1aaccc70ec9596ebb1804062f78adf090cd3ebfdef97127952b9a82e92e20a8f2e0163b999e,2018-06-12 10:20:00,CLEAR,DAYLIGHT,DRY,NOT ON SCENE (DESK REPORT),06/12/2018 11:18:00 AM,41.917103631,-87.687248767,POINT (-87.687248767006 41.917103631009),C,6,2018,10:20:00
79e3fbaccca1b0cec5bc4d41b5af28d53430c6af7ec010bc5c50a3500745c012836b8f2c6e633de6ca974722c292757d0445954cb00943177f3b82104ea1d7db,2016-04-01 09:10:00,CLEAR,DAYLIGHT,DRY,NOT ON SCENE (DESK REPORT),04/01/2016 09:30:00 AM,41.895043912,-87.624858456,POINT (-87.624858455979 41.895043912014),C,4,2016,09:10:00