CRASH_RECORD_ID,CRASH_DATE,WEATHER_CONDITION,LIGHTING_CONDITION,ROADWAY_SURFACE_COND,REPORT_TYPE,DATE_POLICE_NOTIFIED,LATITUDE,LONGITUDE,LOCATION,CRASH_TYPE,CRASH_MONTH,CRASH_YEAR,CRASH_TIME
7b566f763f34e6c292aa1b32147ed0ce1661c84c0cc22b5c3e2ca0138e8bb039eba306e1af78c5885584cb0222d78033ca5b81e9c2da2c436f4e4ec373981a5f,2019-07-12 21:00:00,UNKNOWN,UNKNOWN,UNKNOWN,NOT ON SCENE (DESK REPORT),07/16/2019 12:33:00 AM,41.762174118,-87.558927464,POINT (-87.558927463962 41.762174118016),C,7,2019,21:00:00
7b52d4935a5f16a7157858a815d9f227c0a448609a767688300338a516794cec6dac2058f5bf23aae0293c1594c0ba93329cd2cc20babd5c84f0dbf1f91cdca2,2016-12-13 18:00:00,SNOW,UNKNOWN,SNOW OR SLUSH,NOT ON SCENE (DESK REPORT),12/16/2016 02:00:00 PM,41.995579197,-87.675876884,POINT (-87.675876883986 41.995579196996),C,12,2016,18:00:00
7be2138e1d50f65fe589c084b9f2ac440788945aeb20d00ec389444e6a1b6c4b8bdb2d4e87c5365b9ac9ee8a7977d101c57ab8eaf77e64fce675c22a9d44940c,2023-04-02 09:30:00,CLEAR,DAYLIGHT,DRY,NOT ON SCENE (DESK REPORT),04/02/2023 10:15:00 AM,41.949535494,-87.654251621,POINT (-87.654251621002 41.949535494038),C,4,2023,09:30:00
7acabcd4b81e8ef6f64d0d7469bed30c3433943e97a71823418e04eb54a8ed622f592e5739a892ea9af76c42653556413fffd1f5039416363f0566f9e7693632,2016-10-06 13:30:00,CLEAR,DAYLIGHT,DRY,NOT ON SCENE (DESK REPORT),10/07/2016 11:35:00 AM,42.010018661,-87.709056552,POINT (-87.709056551967 42.010018660983),C,10,2016,13:30:00
7bd95f864dc529602a8fc26ad1e74ac06d30149c18850a869aab99ae21f7362d265144584348965db7ed9d1fb81523004d8e9e4badb82c781f629d577cd45c3a,2022-10-14 17:00:00,CLEAR,DAYLIGHT,DRY,NOT ON SCENE (DESK REPORT),10/16/2022 12:30:00 PM,41.800406865,-87.725977186,POINT (-87.725977185988 41.800406864952),C,10,2022,17:00:00
7c9997889706ddd6b478a3fe0297fdb631026c9adfd4069b4686079cba78bb060d622099d9224ba6e46836f2ecb1b940fe97d98080c30acb176fd249e86fc34d,2019-02-14 12:30:00,CLEAR,"DARKNESS, LIGHTED ROAD",DRY,NOT ON SCENE (DESK REPORT),02/14/2019 01:00:00 PM,41.954105717,-87.693290369,POINT (-87.693290369008 41.954105716988),C,2,2019,12:30:00
7afdc30f19b3513fd6b4399144c4b890aa38235d1f6c7021d0765e8ff137ee55b479bc5187cabbb87b6e39217b74b3fda5254f1c858f38816871ff3233bff396,2018-05-25 14:06:00,CLEAR,DAYLIGHT,DRY,ON SCENE,05/25/2018 03:30:00 PM,41.722440736,-87.536347066,POINT (-87.536347065999 41.722440735996),C,5,2018,14:06:00
7c31d8f89e5756cf6ae0b057e0477de845bcf7694f2f285c766bf3c2dab1f5716f070d5823bb6ec146c3e28c7b64b327d364b1cf9c930232f342019036942bc3,2019-03-07 17:58:00,CLEAR,"DARKNESS, LIGHTED ROAD",DRY,ON SCENE,03/07/2019 05:59:00 PM,41.810440446,-87.710418852,POINT (-87.710418851956 41.810440445956),C,3,2019,17:58:00
7ad82ddc73507cf46469d94503919c03043a3d96e6dc3b49f7b8967a9982b282b905b19fb15c527e627532ba368bfe181efc97ad634f5750587257f0381af6cb,2023-03-03 12:30:00,UNKNOWN,UNKNOWN,UNKNOWN,NOT ON SCENE (DESK REPORT),03/03/2023 02:11:00 PM,41.9540968,-87.674901744,POINT (-87.67490174405 41.954096799984),C,3,2023,12:30:00
7d452dd1f3f2878bdca490a4e6ce2d9feded738ca002df623707cad10ced33b087ea932998a9b6a05365bf115b71516f71648cbf67a6b47e5b361a361aebefcf,2017-06-17 15:30:00,CLEAR,DAYLIGHT,DRY,NOT ON SCENE (DESK REPORT),06/17/2017 05:40:00 PM,41.760914521,-87.557319918,POINT (-87.557319917975 41.760914521002),C,6,2017,15:30:00
7caf0e81abf2e23c753a6460aba90f96dfa612d13b13c2da2191677980445b044fe3551fd680d064a76e4bb0f57da7388715846f92c513f77e9fedcfd6744a88,2021-08-20 14:50:00,CLEAR,DAYLIGHT,DRY,NOT ON SCENE (DESK REPORT),08/20/2021 04:00:00 PM,41.735617968,-87.682663369,POINT (-87.682663369002 41.735617967973),C,8,2021,14:50:00
7bf2097006d491bdd4ebbc1f3cf64c6a6d7f3f4d562c420f6914aa556c6720a8a050530b66f68731af48ef305a42495b852968ac80ba3d58efc971f98372c0cc,2022-02-12 22:00:00,UNKNOWN,"DARKNESS, LIGHTED ROAD",UNKNOWN,NOT ON SCENE (DESK REPORT),02/12/2022 10:30:00 PM,41.890355784,-87.614377352,POINT (-87.614377352049 41.890355783989),C,2,2022,22:00:00
7d65a3dee58b4b379d2afbac1fd7dd816712845a44e218ad2c22142055044f65c677dcc0d5aa5ad8cd4aceeb816f7be354f841565a50785e4c9eca390afa2f48,2019-02-15 08:15:00,CLEAR,DAYLIGHT,DRY,NOT ON SCENE (DESK REPORT),02/15/2019 08:50:00 AM,41.752251354,-87.655244975,POINT (-87.655244975044 41.752251353988),C,2,2019,08:15:00
7b5bf8bbf7fcd76cb9b353b14bdd7be3dd97640b17ce038755b9e29fe86a5fa015a26026b40f8cfc093f7422287fb380590403bf9c385977e630d43a5447697c,2019-11-04 18:30:00,CLEAR,DAYLIGHT,DRY,NOT ON SCENE (DESK REPORT),11/04/2019 07:30:00 PM,41.949983338,-87.721676562,POINT (-87.72167656196 41.949983337992),C,11,2019,18:30:00
7be5fb8cb61354c2bb733a26175b026ccba4ca6db21127c7183c9ab60b53e8a391d445b8bd804254f034c4986296f97aec5dd43646f9462cdbd7f61a9a9c27ba,2019-08-12 07:00:00,CLEAR,DAYLIGHT,DRY,NOT ON SCENE (DESK REPORT),08/12/2019 07:15:00 PM,41.69178444,-87.67391383,POINT (-87.673913829974 41.691784439979),C,8,2019,07:00:00
7c9f66e7e0f12911531095a063388845a95f9d33ed493dfbeeb0970951ea72fed43efd78cdd4e103ee9033762d8d8719142fd67e3c1c8e6799f8df2f24b234f1,2019-10-23 08:45:00,CLEAR,DAYLIGHT,DRY,NOT ON SCENE (DESK REPORT),10/23/2019 10:15:00 AM,41.975852858,-87.70913432,POINT (-87.709134319958 41.975852858025),C,10,2019,08:45:00
7ba053f4fc05e931b5be06e050f1cce4f8b879fa5bd59a54d661353a4fe79843006987126c5b89fb40619825395b971b868fa530a94f10f8a17d48fe8229a05f,2023-06-29 17:10:00,CLEAR,DAYLIGHT,WET,NOT ON SCENE (DESK REPORT),06/29/2023 05:25:00 PM,41.934006406,-87.696532173,POINT (-87.696532173017 41.934006406007),C,6,2023,17:10:00
7c69f8c9811747df145a4047c56de189c1dd79e53e896021399f135b66fc0c88d9c7e5091679c3c104dcf542bc7ecf737bc4ca6bc1c73813bb02679bff006ef1,2020-03-14 16:00:00,CLEAR,DAYLIGHT,DRY,NOT ON SCENE (DESK REPORT),03/15/2020 12:00:00 PM,41.785387445,-87.606183761,POINT (-87.606183761008 41.785387444959),C,3,2020,16:00:00
7c828e28923e05454184451b9f495f00f3c1d90cebccbc707123a3ac3f256368e3e1624095e956559b06390921d35a9ff2748e1ab4f21550589e621f8846e4aa,2016-04-28 13:00:00,UNKNOWN,DAYLIGHT,UNKNOWN,NOT ON SCENE (DESK REPORT),05/03/2016 10:00:00 AM,41.685221513,-87.63975903,POINT (-87.639759029986 41.685221512972),C,4,2016,13:00:00
7becf2a8b1a900707605f4a8993fc105fb883b55c5bf4358542bbb0e845d7fa786b9175d272f943ec2aca9fec8c02b97c94cc27bd7e7556c6ef7caef3da2a288,2018-11-06 16:05:00,CLOUDY/OVERCAST,"DARKNESS, LIGHTED ROAD",WET,ON SCENE,11/06/2018 04:15:00 PM,41.822862314,-87.686242701,POINT (-87.68624270101 41.822862314026),C,11,2018,16:05:00
7c31a7e319318a981e17e31392c7cc95506ae248ff0a558b45b6a4b4ac7350afaa71fec65d5b4498a03dea7e8568934a2985b4f83d95492554a816b8efc312f9,2021-06-18 12:45:00,CLEAR,DAYLIGHT,DRY,NOT ON SCENE (DESK REPORT),06/18/2021 01:15:00 PM,41.939465995,-87.678081892,POINT (-87.678081891988 41.939465994995),C,6,2021,12:45:00
7b1d0e004bf94ee7ff26fba27dd7f8e94c9052bda0a616f414d9dae015ab1695906009324a28fec729d3b015da1211502e56ad8c3fb2bc0dee829d17d4c4f4a5,2022-11-15 08:00:00,SNOW,DAYLIGHT,WET,ON SCENE,11/15/2022 08:37:00 AM,41.895405866,-87.710432176,POINT (-87.710432175996 41.895405865982),C,11,2022,08:00:00
7d69b63ea6ed39eaa4184698807daaf3ec55ce29f7eb8c4e62f846291003a67d1db65b904ee82ba2de65ca9660c4e740fb93ea83b2ec13c7dda6f509183b68b5,2018-12-13 07:54:00,CLEAR,DAYLIGHT,DRY,ON SCENE,12/13/2018 07:54:00 AM,41.931294255,-87.761186303,POINT (-87.761186303024 41.931294255028),C,12,2018,07:54:00
7af79f580da0952f1ca2343c5fb6f6825875225b5a638117b045a55a09e49c8ce5e67f4da51ffef8bb20f476f2a0bbc0a30a0d5a2461cffc9fea74f5d643ee9a,2017-02-26 14:26:00,CLEAR,DAYLIGHT,DRY,NOT ON SCENE (DESK REPORT),02/26/2017 09:00:00 PM,41.924490094,-87.717288131,POINT (-87.717288130979 41.924490093998),C,2,2017,14:26:00
7ba2ad99a637119587f01ee6275c3d7db1bfc927c410d93bd6d0026e17d1428fc767278222f7b375cd49ea0d46db5355443514d6d34bff81b6282d732538ae63,2022-11-18 16:08:00,CLEAR,DAYLIGHT,DRY,ON SCENE,11/18/2022 04:16:00 PM,41.948361485,-87.818229932,POINT (-87.818229931998 41.948361484982),C,11,2022,16:08:00
7b86481a994ec37942c8e9bd5757854d84d3e23ccc8e80d3a0d6d87ff832222fb5e22b099fbff61fee18296665f49db611b92a1e236c29f21e771c6a806a6db6,2021-04-18 03:25:00,CLEAR,DARKNESS,DRY,ON SCENE,04/18/2021 03:25:00 AM,41.903536788,-87.661859583,POINT (-87.661859582959 41.903536788031),C,4,2021,03:25:00
7d35aab79d1e70e7e859d23f7b57f652380c9be393dd63020d1fe6cf6da12e5b246587acbf2bf640660e8008e13ce4ac8c3952a1e9ab0db705a506796991d5e6,2018-12-31 17:30:00,SLEET/HAIL,"DARKNESS, LIGHTED ROAD",SNOW OR SLUSH,NOT ON SCENE (DESK REPORT),01/02/2019 10:54:00 PM,41.868411027,-87.727831913,POINT (-87.727831913022 41.868411026989),C,12,2018,17:30:00
7bd89b546a9d74325b18f7aeebcf389b71c91b5e87f7e931b1ad6757bd23a9a54e113ccbec5e9c73632916a744aaa090bc2d6667aba2c0d34bc5dadc34a71a7e,2020-07-31 11:30:00,UNKNOWN,DAYLIGHT,UNKNOWN,NOT ON SCENE (DESK REPORT),08/07/2020 08:00:00 AM,41.721022605,-87.668378105,POINT (-87.668378105039 41.721022604969),C,7,2020,11:30:00
7d308b9b6f6db0d1b32175c1feb963394a6ebe4739e5d51aa26c8fb734d9b457760ba40ca0f2faa28cdbe6049ae5474b96a04c126d0936919f8008d3e42857f4,2020-09-27 00:20:00,CLEAR,"DARKNESS, LIGHTED ROAD",DRY,ON SCENE,09/27/2020 12:24:00 AM,41.903639931,-87.65554697,POINT (-87.655546970003 41.903639930952),C,9,2020,00:20:00
7c665db09c7d4e33cc5240a68e70b0e96be32b260b6114fc2ec6e9045a7ab9a2d5d26cabf5109074c3b3c0b04ce90015cc67cb4eb700b864437fbb01068cd9b7,2019-02-23 11:05:00,RAIN,DAYLIGHT,WET,ON SCENE,02/23/2019 11:10:00 AM,41.973672546,-87.841687227,POINT (-87.84168722699 41.97367254596),C,2,2019,11:05:00
7d15710d687a397d3b27567e21b8c27e7f3afda776230c2291d026a603eb3ff8a6d6a5eb56abe25df1117b70bda5a03b3f8c994ddff183c6a565579ffb03413d,2021-09-10 10:00:00,CLEAR,DAYLIGHT,DRY,ON SCENE,09/10/2021 10:19:00 AM,41.809779538,-87.594362559,POINT (-87.594362558978 41.809779537994),C,9,2021,10:00:00
7b15727e5b7ebce0c6a8e9a2a816ee95d31a954f5407eb1bf35144bc7b24972173c71526da43a1cd034c7af863127d125cd22d6ad0501da2f86b80fada3da6cc,2018-03-21 09:45:00,CLEAR,DAYLIGHT,DRY,ON SCENE,03/21/2018 09:48:00 AM,41.877836738,-87.64729714,POINT (-87.647297139953 41.87783673803),C,3,2018,09:45:00
7c9f2273c02715d9418c7fb784944a230e56aab2504e894e516649553e95152d6bb343403b17be7aaf5d5a5b7118b7e578bf33f69d0f0f3b8ffbd85bd45fa7f8,2016-02-16 18:15:00,SNOW,"DARKNESS, LIGHTED ROAD",WET,NOT ON SCENE (DESK REPORT),02/16/2016 06:45:00 PM,41.879714362,-87.774496221,POINT (-87.774496220954 41.879714361958),C,2,2016,18:15:00
7c6914f7f0e11f72dd60fcef72788fffd3e2c8a6335fb57a265f11801eb9ec02a834f758c2a509bbc353fc7c89d50b51d31a85845c34fad1c0ea8a894f9fa585,2022-04-24 18:35:00,CLEAR,DAYLIGHT,DRY,ON SCENE,04/24/2022 07:23:00 PM,41.990508926,-87.706622194,POINT (-87.70662219398 41.990508925961),C,4,2022,18:35:00
7b8221f656cb8e38a780aa54919e94d680cb3582626c42bb8f89f8edde1a75a80d2b6c02a78c99b3c3f8af652461f1ce925fdcec434b93f5f7fa6184f28a24a3,2023-03-07 17:30:00,CLEAR,DAYLIGHT,DRY,NOT ON SCENE (DESK REPORT),03/13/2023 04:10:00 PM,41.707202721,-87.629179955,POINT (-87.629179955026 41.707202721023),C,3,2023,17:30:00
7cc1232d9a1fcef340ae4f016ae460e6e21a09e99fe580053c99ad9f97d4202e5c4d4e395f8ace7e6516165a072d48e5d3c0217e263227a47db0c291f43739e7,2020-07-08 00:03:00,CLEAR,"DARKNESS, LIGHTED ROAD",WET,ON SCENE,07/08/2020 12:13:00 AM,41.782498629,-87.703385928,POINT (-87.703385928037 41.782498628963),C,7,2020,00:03:00
7b614acb4b2441b057d05ef8687c0daa634066ece5f85c4d7585c07f12ae2b5534230fd13a9f75c51bd154084df87f0eec3b958992104c25dc9e69fba0edbe99,2017-09-24 17:45:00,CLEAR,DAYLIGHT,DRY,NOT ON SCENE (DESK REPORT),09/24/2017 06:20:00 PM,41.744151639,-87.585945067,POINT (-87.585945066953 41.744151639042),C,9,2017,17:45:00
7baf2754d48e9adbc9d73b1c2e882e86480fc1c1c5ca5420e30dfae8e2d2529339436da0b0f5b3e288fb8d7b050218da6ba39cef1e0f82e7567e8780b340d0fc,2020-07-20 15:59:00,CLEAR,DAYLIGHT,DRY,NOT ON SCENE (DESK REPORT),07/20/2020 05:00:00 PM,41.910530014,-87.667050586,POINT (-87.66705058601 41.910530014022),C,7,2020,15:59:00
7d242126b6b4e90dc84f47dcb9f2e67c14a1a32c7fb1928c88d81da5043a65e8bcb34a8f220e8b90733458cf2e80f70d838cf215f6d27b4ba7c3c440b6c512ff,2018-11-23 23:00:00,RAIN,DARKNESS,WET,NOT ON SCENE (DESK REPORT),11/24/2018 11:00:00 AM,41.954105717,-87.693290369,POINT (-87.693290369008 41.954105716988),C,11,2018,23:00:00
7d0ed1af5a91177e935bb4e0ea6be1c0d7886d5c547884651cd7a965adf8e8afa64842491059508578a3f6ea4233014a6ffb9e472036f384151a8247de31e7a9,2022-06-06 09:45:00,RAIN,DAYLIGHT,WET,NOT ON SCENE (DESK REPORT),06/06/2022 09:50:00 PM,41.938673394,-87.750241368,POINT (-87.750241368008 41.938673394003),C,6,2022,09:45:00
7c7ad46aa978b2f14dc455f2b8b85649294cef154c340c78a0370026ebc9e8bbac9c98e77e48ba0c3c1fbf60d2983854594eeca15b500ac922cdf56074ead2e7,2018-07-19 23:00:00,RAIN,DARKNESS,WET,ON SCENE,07/20/2018 03:20:00 PM,41.842476558,-87.713667149,POINT (-87.713667149041 41.842476557992),C,7,2018,23:00:00
7bb0f83fba6650bff547bdca7bb82b9cec2c19c93cf8c98f507f8fc36c9069cb9b579e8cdfa80d932c42ce9c24e7e69f812d69de2bf0175b99aca208251ffd54,2023-03-15 14:53:00,CLEAR,DAYLIGHT,DRY,ON SCENE,03/15/2023 03:14:00 PM,41.932268462,-87.688748241,POINT (-87.688748241017 41.932268461989),C,3,2023,14:53:00
7b0639597251da98b5b5723a61529430cf2d0f44af539095713db9154337aba827f963d0352bfa889bf16b37a0759bdd4817ef8945c89429ffc2f0d983d39b8d,2020-08-26 15:45:00,CLEAR,DAYLIGHT,DRY,NOT ON SCENE (DESK REPORT),08/26/2020 08:41:00 PM,41.898675904,-87.755544326,POINT (-87.755544326025 41.898675903994),C,8,2020,15:45:00
7b92915446482a668fb95f21db03e94afc1c709b6bba75f6e1dddcd5a9b04902663628a599f4848993ad23806f603618de9e784269f18f9a71ad72aa8a1400a3,2022-10-28 06:26:00,CLEAR,DAWN,DRY,NOT ON SCENE (DESK REPORT),10/28/2022 05:40:00 PM,41.92973936,-87.707517406,POINT (-87.707517406004 41.929739360005),C,10,2022,06:26:00
7ca4b824944296ee525c0b8ce2ab9b59b777c4407fba88933f6cd8d348cdca90f68cfcaafb01a4c7d12444dfb80b630df61f7349a967d091d86096c7fced6fa1,2019-02-18 11:15:00,SNOW,DAYLIGHT,SNOW OR SLUSH,NOT ON SCENE (DESK REPORT),02/18/2019 12:15:00 PM,41.923675736,-87.63847396,POINT (-87.638473959961 41.923675736041),C,2,2019,11:15:00
7a9a5af45291d1b83d3e5a2acfc2716cf3e071afa773efb595c584de7720f68c6f764970a0bedceed3b817ad77bb7cd2955d3f78a9de40c41365760efcd56648,2016-01-19 14:50:00,UNKNOWN,UNKNOWN,UNKNOWN,NOT ON SCENE (DESK REPORT),01/19/2016 04:00:00 PM,41.953124302,-87.779162745,POINT (-87.779162745025 41.953124301975),C,1,2016,14:50:00
7d2089c16582fe7f76af6a15dfdc43e5130583492992438ed5f7cb82ea44442fc7b66494df025dc9625768c8d0f37b65813eb34d784d080cb7e1de140ca28fdd,2019-03-07 16:25:00,CLEAR,DAYLIGHT,DRY,NOT ON SCENE (DESK REPORT),03/07/2019 05:03:00 PM,41.907717718,-87.745916874,POINT (-87.745916874041 41.907717717976),C,3,2019,16:25:00
7d27088a287b4150706d12ba0fcf315cd90b7a70f612a4800d8a0619b951cddf567da73a1cbc2fcdcc5849d55d67b7d6a9e3012566693f7ed8a0dd5907a1d4c0,2016-06-11 13:35:00,CLEAR,DAYLIGHT,DRY,NOT ON SCENE (DESK REPORT),06/11/2016 01:40:00 PM,41.92499166,-87.700985257,POINT (-87.700985256985 41.924991660021),C,6,2016,13:35:00
7ac8e8b9d1b92dd3a404d8c88f56615b11e728332d27464aeced16dacd1e0e7e0215c18c31e429705e702bc24a54dbcc508a7a91c90c3e28042cb79dd9ed324f,2019-03-29 07:00:00,CLEAR,DAYLIGHT,DRY,ON SCENE,03/29/2019 08:41:00 AM,42.015901674,-87.669442135,POINT (-87.669442135045 42.015901673999),C,3,2019,07:00:00
7ab800475406536d262b0937427f294075b23d1ee8b936e94f3c3e438c00a266ca304c5484d5b924d3a0eaedd0ba00839bea3e92b4226c6099a85f44877f303f,2021-07-01 16:38:00,CLEAR,DAYLIGHT,DRY,ON SCENE,07/01/2021 04:45:00 PM,41.739324178,-87.721732697,POINT (-87.721732696952 41.739324177957),C,7,2021,16:38:00
7ab4c1e00ef29eef25b05b29ccce71eb21fc4ecc3ba53efe5b61e9ce364729e4cbc4a4558dee2c0bf16ac0f32e89e101d89f8dda293f2da31f45d18cbaa3a75a,2022-01-21 08:03:00,CLEAR,DAYLIGHT,DRY,NOT ON SCENE (DESK REPORT),01/21/2022 08:47:00 AM,41.74579217,-87.635369997,POINT (-87.63536999702 41.745792169991),C,1,2022,08:03:00
7bef0d26d579dcffda7be5deeb0864d23d45e10d664f6872b22c246c888745f1f19229eaebcf1b7692ffd726042acf1b3cfe91d180cdabb3eb802e09e3338014,2017-07-20 16:37:00,CLEAR,DAYLIGHT,DRY,NOT ON SCENE (DESK REPORT),07/20/2017 08:10:00 PM,41.951927428,-87.807384896,POINT (-87.807384896002 41.951927427982),C,7,2017,16:37:00
7ad1d556349883f6cd09fe0602f96be4cd63f9132f81dcbf1d412d686c0f9416a15a4ec7947566ffbe4e41e754fe979ff997218972c353794194eb3a078828b4,2022-02-02 17:20:00,UNKNOWN,UNKNOWN,UNKNOWN,NOT ON SCENE (DESK REPORT),02/07/2022 01:50:00 PM,41.921428172,-87.750066879,POINT (-87.750066879011 41.921428172047),C,2,2022,17:20:00
7b1acb128ed6c5b13a61703c0966a5f1a997cb9b2ac5938b0ab2f6179e5f72d9d86450c277f7c3986770052b736d4d3c5d36cfbc4563f6f7357b34d4528125c6,2016-10-03 22:20:00,CLEAR,"DARKNESS, LIGHTED ROAD",DRY,NOT ON SCENE (DESK REPORT),10/03/2016 10:30:00 PM,41.895768039,-87.629678317,POINT (-87.629678317 41.895768039028),C,10,2016,22:20:00
7cb3f82f3f2f6d1ed286b3acd41fe094208fdd45fe6872cec0bbd2539c0cee411d79fbb8999fc8741386fbf75a637470d6bebe14ac71a9e3bf7385f25bfbc9a3,2023-07-14 23:32:00,RAIN,"DARKNESS, LIGHTED ROAD",WET,NOT ON SCENE (DESK REPORT),07/19/2023 01:10:00 PM,41.706714203,-87.653813468,POINT (-87.653813467968 41.706714202986),C,7,2023,23:32:00
7d2060e30982d4aa22afdf1afa71915f532bb8e4c23739415f6b40088b29b407a44417d18faa9f7ec3be5bd7caa2314122d23a76fa4676479a644486ac39b369,2021-02-19 10:00:00,CLEAR,DAYLIGHT,SNOW OR SLUSH,ON SCENE,02/19/2021 10:51:00 AM,41.965938944,-87.688970589,POINT (-87.688970589029 41.965938944018),C,2,2021,10:00:00
7aedc42407f1c72277a80895cce2f1e6d8280e440d2b99d48bc7922b2d68f6f1c59add1d21be2a603ec8da7d2b0b11a61ef1839935f1b53f5c2a51bc8788ed90,2021-09-07 19:20:00,UNKNOWN,"DARKNESS, LIGHTED ROAD",UNKNOWN,NOT ON SCENE (DESK REPORT),09/16/2021 06:45:00 PM,41.785387445,-87.606183761,POINT (-87.606183761008 41.785387444959),C,9,2021,19:20:00
7d22c8bc2b8e359ed971b8cb819eee4e05811d5953d040c304d31b57990b27a540e0c2921839599b0a394c310ff77910dcb89c2181ee572fcbaa9cad72983ef8,2021-01-30 12:00:00,UNKNOWN,UNKNOWN,UNKNOWN,NOT ON SCENE (DESK REPORT),01/30/2021 01:12:00 PM,41.808066608,-87.660237023,POINT (-87.660237023022 41.808066608023),C,1,2021,12:00:00
7a9fe3fff53d9532fec7cf4d3e018e38d064886280848915979b29e03116e1d65f76dd72d78d5bad0cdc454383cb9fdac44048150adcf6f5fd315f7bbfd06211,2016-03-01 12:45:00,SNOW,DAYLIGHT,SNOW OR SLUSH,NOT ON SCENE (DESK REPORT),03/01/2016 12:50:00 PM,41.779351179,-87.684804466,POINT (-87.684804465996 41.779351179003),C,3,2016,12:45:00
7b432d9eb7b28f1bc0a4d737777091de812e64dbdd7ecc70277613839c73bfc0352a4975a4fc110dfdd3b5ad10c8724a504f54e118a2a8cd7d1eefae7730f88b,2021-03-16 16:00:00,CLEAR,DAYLIGHT,DRY,ON SCENE,03/16/2021 04:03:00 PM,41.873258958,-87.666430355,POINT (-87.666430355036 41.873258958049),C,3,2021,16:00:00
7aa3d32d6ed945654f829ed7b6b5e50d1dc1c9e13f0c7b6bbfc36c93fc8edd7ac63292e153c5c263f5f12a281b75afbe34447b9f90afb9ef7515000e6e85a53c,2018-11-21 12:00:00,CLEAR,DAYLIGHT,DRY,NOT ON SCENE (DESK REPORT),11/21/2018 01:00:00 PM,41.788135512,-87.692655541,POINT (-87.692655541002 41.788135512009),C,11,2018,12:00:00
7bf01fca9ee97a661a7f41d437940f632ac8e3c722fed190102a49ebe5ce335fd270792eae255b1991a184422bea507c8d6d22647744453c3facb2b596d7122b,2019-08-31 10:45:00,CLEAR,DAYLIGHT,DRY,ON SCENE,08/31/2019 10:49:00 AM,41.738164348,-87.682426347,POINT (-87.682426347001 41.738164348046),C,8,2019,10:45:00
7b105d190a9c3e59502e51fcccdf3c65cc3f101c3e1854044677370d72d9330d5090b88ae40281769da53f8d1bd4751a2e8ccdf1014c99ca7f9b83ef8a0f889b,2019-02-19 16:23:00,RAIN,DAYLIGHT,DRY,ON SCENE,02/19/2019 05:20:00 PM,41.760133198,-87.559053958,POINT (-87.559053957967 41.760133197962),C,2,2019,16:23:00
7c18a9c19259d749ff553d2c2833cc9682a16afbbc3174f51dc614c22271dc7c337881591c138e80ff85d54427e39b8fe53daa3933ec5f89940ee2f425a67101,2023-05-04 14:55:00,CLEAR,DAYLIGHT,DRY,ON SCENE,05/04/2023 02:57:00 PM,41.720332469,-87.655506404,POINT (-87.655506403979 41.720332468984),C,5,2023,14:55:00
7d34276f739ccef04c6e765308bcafc6f7c7d47ece8ad794694bc4e087f846633e93c77471817e7070129972461d5da872a2ae968ce6d1895ee5ec8a0dce0e51,2019-12-14 12:30:00,CLEAR,DAYLIGHT,DRY,ON SCENE,12/14/2019 12:31:00 PM,41.794602529,-87.742607215,POINT (-87.742607214988 41.794602528951),C,12,2019,12:30:00
7cfcdc439d140cd0c64e19b76a780d1c0d329e53fb353bb48b2f038696f5d83bfd7d7f8d9b12109a8b6a596a7e76369e136c364fd67a58a2e46a282af0f5cfb8,2020-11-02 23:00:00,UNKNOWN,UNKNOWN,UNKNOWN,NOT ON SCENE (DESK REPORT),11/03/2020 01:45:00 PM,41.853830232,-87.697859204,POINT (-87.697859204023 41.853830231983),C,11,2020,23:00:00
7b18e11ad1ea6c98ca83798eb0aadf4617897e3caacbc9e5f500c985deaf434f64134e3ced18e46ffea3773ecfc8ad9d5099e37009b45d3a00149bcb3a30035e,2023-02-21 14:38:00,CLEAR,DAYLIGHT,UNKNOWN,ON SCENE,02/21/2023 02:50:00 PM,41.891621161,-87.624253929,POINT (-87.624253929022 41.891621161011),C,2,2023,14:38:00
7d09671f17028b015432ccd368563fd2641ebbb6e5e44ce56ce91a7aa750617f3fb87c9348e089257134d4e3800bf41aec7b94467397b53ac4a803bdd801f0f7,2019-09-07 09:30:00,CLEAR,DAYLIGHT,DRY,NOT ON SCENE (DESK REPORT),09/07/2019 11:15:00 AM,41.913710054,-87.636521773,POINT (-87.636521773003 41.913710054025),C,9,2019,09:30:00
7b7066a6c06a7cce4a27ddf50d19c7ab70d5e3229e9fd543cd5db8e71aeb2558b43e69093a6bdd254e2df8cb03af721c33280d5ea5511ba2af5c0822130b5ada,2019-05-11 02:35:00,CLEAR,"DARKNESS, LIGHTED ROAD",DRY,ON SCENE,05/11/2019 02:40:00 AM,41.898979021,-87.637410212,POINT (-87.637410212028 41.898979021041),C,5,2019,02:35:00
7cc20db2f5ef3d5c24f458f33c63955f456d14dcdfa8c0a7f29a3695cea92fb3b05b096565911d2254b8b86d2d997c0bc82fabb02fde25ed63c396220f34cf24,2019-02-12 16:20:00,SNOW,DAYLIGHT,WET,NOT ON SCENE (DESK REPORT),02/12/2019 11:45:00 PM,41.95567889,-87.727820869,POINT (-87.727820869024 41.955678889983),C,2,2019,16:20:00
7ce17979fe40701234df4e18664dbbf20e9f21c7b1e4ab5bf4d3e0d79855bcb417ab36dd103cd3f85e9821a91b2460c0b08f768b875db5066ac9443a0fe8aca1,2022-01-24 09:20:00,SNOW,DAYLIGHT,SNOW OR SLUSH,NOT ON SCENE (DESK REPORT),01/24/2022 10:00:00 AM,41.795923802,-87.723090935,POINT (-87.72309093504 41.795923801976),C,1,2022,09:20:00