CRASH_RECORD_ID,CRASH_DATE,WEATHER_CONDITION,LIGHTING_CONDITION,ROADWAY_SURFACE_COND,REPORT_TYPE,DATE_POLICE_NOTIFIED,LATITUDE,LONGITUDE,LOCATION,CRASH_TYPE,CRASH_MONTH,CRASH_YEAR,CRASH_TIME
7d4a65eb650ba5af9d3f0f12d3ff67550ae9b4eb4c050e3affc616c1075ac6fe9b9dd737387fc279cf7dcb3c1f4900bdc4f0bfa0da22db69a1133d64e322ca06,2018-02-27 16:00:00,CLEAR,DAYLIGHT,DRY,NOT ON SCENE (DESK REPORT),03/06/2018 07:20:00 PM,41.893918609,-87.624085833,POINT (-87.624085832985 41.893918609004),C,2,2018,16:00:00
7a8cdaa69d8f63707b95d64d26f83edfd7b5a262c3ceecc40db9cab7a3fb3c402ceff52f73baad9874b3ee1403f3f920d589f3d3dba97868fe0ad55627234eed,2017-08-03 15:30:00,RAIN,DAYLIGHT,WET,NOT ON SCENE (DESK REPORT),08/03/2017 04:00:00 PM,41.997719325,-87.696809864,POINT (-87.696809863964 41.997719324964),C,8,2017,15:30:00
7c1d325f545c853f0bb32dd58d590fe56dec1fff4df8cf629de620f5239beb43181cc2f157362cd2e8faa7421dfa8bd1f07bf00460864fe8c400959661e3fda1,2017-04-07 22:45:00,CLEAR,"DARKNESS, LIGHTED ROAD",DRY,NOT ON SCENE (DESK REPORT),04/07/2017 11:18:00 PM,41.891621161,-87.624253929,POINT (-87.624253929022 41.891621161011),C,4,2017,22:45:00
7d2357e0943454dddfb1b14093032722c06cdb62cb2da18314eb272a6bfb8b5758d38e685c20feb53ded6b416cd6f0125ddf79d8577303634d818048e3f49bd4,2017-12-18 12:52:00,CLEAR,DAYLIGHT,DRY,NOT ON SCENE (DESK REPORT),12/18/2017 01:40:00 PM,41.692333973,-87.597796115,POINT (-87.597796114959 41.692333972986),C,12,2017,12:52:00
7b47b5e6949a987874b5b3f6fb877ace8d178054090f717470bb142ed044b2ba384bce985dfce8eceda1a12a9802d249ad8009d9db52d9396ce40413c42ab332,2019-03-09 14:30:00,CLEAR,DAYLIGHT,WET,NOT ON SCENE (DESK REPORT),03/09/2019 03:40:00 PM,41.682973474,-87.642228468,POINT (-87.642228467961 41.682973473961),C,3,2019,14:30:00
7f4e9f0d922ccce04bd29ebd64fdff3aed204e0ac4747c227de460cc39d2977138efb3b6d38c087455557d623415a3ed05a9946567ef1e5a8da684effc40bbab,2018-05-18 13:20:00,CLEAR,DAYLIGHT,DRY,NOT ON SCENE (DESK REPORT),05/18/2018 02:35:00 PM,41.744151639,-87.585945067,POINT (-87.585945066953 41.744151639042),C,5,2018,13:20:00
800e27af72fdad9b708f98b78bc92c0a274d2f0934997f6718da5c8849b4c18777bf648485b61b4385b70ba1b36fa8cbf3a43d1bd858ad53492cf76eff1fed53,2020-06-28 00:02:00,CLEAR,"DARKNESS, LIGHTED ROAD",DRY,ON SCENE,06/28/2020 12:06:00 AM,41.783962626,-87.683916666,POINT (-87.68391666596 41.783962625964),C,6,2020,00:02:00
804021f4fd45844c0d969a2eda9785ea4ed66311dc93ad0a7e8b2693081f1b3068983fff87e17b5bbc6dd5aa8d0cc82585c7751b40859af5dc2b18805729ed9a,2017-11-05 05:30:00,RAIN,"DARKNESS, LIGHTED ROAD",WET,NOT ON SCENE (DESK REPORT),11/05/2017 08:55:00 AM,41.939956718,-87.643128761,POINT (-87.643128760973 41.939956717959),C,11,2017,05:30:00
7e63c819d95598c144d640607de995157f418df42e16585264ee18d7748dc30fc037d26f53ffb278e0803734c315ad592a9fb62342b58169001aab4bd9cb9e0e,2019-10-31 08:35:00,SNOW,DAYLIGHT,ICE,ON SCENE,10/31/2019 08:43:00 AM,41.883988854,-87.701807682,POINT (-87.701807682045 41.88398885397),C,10,2019,08:35:00
7df4d7b37379daf2bb46d14bf837e2ebdffde7787b87d9f480161cff967f2e1d97e150df1bc9d7ceddc649dc546983f79b98f398e96876ee2b943ca21f9d0f9f,2020-05-13 14:10:00,CLEAR,DAYLIGHT,UNKNOWN,NOT ON SCENE (DESK REPORT),05/13/2020 02:25:00 PM,41.830728826,-87.655813252,POINT (-87.655813252029 41.830728825995),C,5,2020,14:10:00
7f9616132bfe5896428958a43cf608c79f5f0b15aa7cff8e52bd56b325e0216fbb2b672594ecc58b3e602e9a38e71223cd0bfa6c72fde7468d28f3c8c294bb05,2018-10-10 09:41:00,CLEAR,DARKNESS,DRY,ON SCENE,10/10/2018 09:41:00 AM,41.895499511,-87.723699547,POINT (-87.723699546998 41.895499510995),C,10,2018,09:41:00
7e6e41b5d77fc019e7ae199c49b9660bd528354e1a13174eff67a11ea16cb939cb35c2655d6c1a479a9065d7665d0acfd00a314bea7d9f0ebdf60373eec920ae,2022-10-05 11:35:00,CLEAR,DAYLIGHT,DRY,NOT ON SCENE (DESK REPORT),10/05/2022 01:30:00 PM,41.893918609,-87.624085833,POINT (-87.624085832985 41.893918609004),C,10,2022,11:35:00
7e8c609cb4a54c0b085c1dc52ddf27c6eda503f66aacda907850fc6487f08beb8e44cf099500e196dd6cda3bbb12b1b910f790546cdbddd8c18e952404419080,2019-09-19 10:38:00,CLEAR,DAYLIGHT,DRY,NOT ON SCENE (DESK REPORT),09/19/2019 11:45:00 AM,41.751124945,-87.620853242,POINT (-87.620853241961 41.751124944981),C,9,2019,10:38:00
7ecf2fc8e2cc681fa82dfa8c51d4d674890f46e02a55d078bc3218be3f30fd50f1e1930a2f26191bbb1db6ddb6c159ae15bcf88629a9b8cacdb5b2c73a88a1b6,2021-10-11 14:30:00,RAIN,DAYLIGHT,WET,NOT ON SCENE (DESK REPORT),10/11/2021 07:50:00 PM,41.932604222,-87.727148226,POINT (-87.727148226037 41.932604221966),C,10,2021,14:30:00
7e085aef515a0030c78ed187dc1e5b998e0f7508618a7a76760af3ffc2f40054282f7e3677138f5cac7fde8000e8f6ecf3339f0877efb2c0abed6796fe46d1f2,2016-01-22 04:20:00,CLEAR,"DARKNESS, LIGHTED ROAD",DRY,NOT ON SCENE (DESK REPORT),01/22/2016 05:05:00 AM,41.883062096,-87.642772421,POINT (-87.642772421014 41.883062095969),C,1,2016,04:20:00
7ed74c7a6cdc94a05d3ad8824cb14aa489dab497c5fbf33242800f94de2c60fb27c1f24e04374a5e024f2010561205c36873d0294e6093de4cb49f6a4ce860b7,2021-10-01 10:55:00,CLEAR,DAYLIGHT,DRY,ON SCENE,10/01/2021 11:00:00 AM,41.783404145,-87.762088341,POINT (-87.762088340981 41.783404145019),C,10,2021,10:55:00
7e219cbce1348a05d4284f5dfd97dac3b9520ec776444c72302af8dbfe05a12ef47d06e808a01b6c20c430c84720f51545eb2a49448394a01d9e98692062d24d,2016-12-20 17:30:00,CLEAR,DARKNESS,DRY,NOT ON SCENE (DESK REPORT),12/20/2016 07:12:00 PM,41.891621161,-87.624253929,POINT (-87.624253929022 41.891621161011),C,12,2016,17:30:00
7db333fcd07f8b1ebde4706c6e9d73dd69e24cda9a06646b46c35d7ef8f3606933018f8745de34c04f9cc7d774e0d05c894b271d34e94cb087c71572f07cb75f,2017-10-14 18:33:00,RAIN,DAYLIGHT,WET,NOT ON SCENE (DESK REPORT),10/14/2017 07:15:00 PM,41.741803599,-87.740953582,POINT (-87.740953581987 41.741803598989),C,10,2017,18:33:00
7f85cfab7573df08678e6c1ac4baa164232f494872042cc6ef9ea82ad9b82680b1481e930b11a066f361451c8ebd949b58159271e3ac0df89bcd2e373c3441d8,2018-03-29 20:01:00,CLEAR,DARKNESS,DRY,ON SCENE,03/29/2018 08:01:00 PM,41.81631234,-87.640722222,POINT (-87.640722221958 41.816312340014),C,3,2018,20:01:00
7df811ac78fd69bc2c049884ce053bd1cba771e1f7592b8d4f166f82f7fc24b142ff20acfbd0e0cef71f051a6401e60438b2b36202d100265b9c19ede8cccf02,2017-11-21 10:44:00,RAIN,DARKNESS,WET,NOT ON SCENE (DESK REPORT),11/21/2017 12:47:00 PM,41.938675588,-87.717230779,POINT (-87.717230778956 41.938675588021),C,11,2017,10:44:00
7e5d3a604d57b31777bf51eb714673aaaf60cab227de756cddbc19fd696a8d550086d1ebf419005c7b180dbaee2139f579056f4a7bb6d609b57f700cf1e2c922,2015-10-16 18:15:00,CLEAR,DARKNESS,DRY,NOT ON SCENE (DESK REPORT),10/16/2015 06:36:00 PM,41.983790707,-87.656760371,POINT (-87.656760371006 41.983790707046),C,10,2015,18:15:00
8009718100892fe7f81ebac717db3b972ab78e745b0f8798fd38fbde6cefd552552f023f9eb23b1a9a1f6b1a49851a76b2989e569e03f8f1e04c77f651fe3a0f,2023-05-23 13:01:00,CLEAR,DAYLIGHT,DRY,NOT ON SCENE (DESK REPORT),05/23/2023 01:04:00 PM,41.735617968,-87.682663369,POINT (-87.682663369002 41.735617967973),C,5,2023,13:01:00
7ee48ac1b48db1cdb17586df47152d64207f97b5ab113fb9bc9a0906445970f5bc765ac02eb03478a39fc9e22fd4c3e66a8f73c2cb3f7a2ba1310877b2203321,2017-05-04 19:30:00,CLEAR,DAYLIGHT,DRY,NOT ON SCENE (DESK REPORT),05/05/2017 11:45:00 AM,41.981194758,-87.772607878,POINT (-87.77260787798 41.981194757951),C,5,2017,19:30:00
801587c820da6294c78b9f4e609736cf64f707d0be309e9d66c9ef3e07173feb7f192bb6406f4f00c72a744e16814d6f4c7fdef1498c9c7dae9e094d7a70fc15,2020-06-14 18:30:00,CLEAR,DAYLIGHT,DRY,NOT ON SCENE (DESK REPORT),06/15/2020 11:10:00 AM,41.952810606,-87.731098276,POINT (-87.731098276033 41.952810605953),C,6,2020,18:30:00
7f4561e09521f5939cd4d4949be9474dab0f71ac4e913d1fe444511ccb6d0b8bb436f0ee032c8c76c2c6b74795e31025f47aa995fd7116744fdd4b8d679f2c44,2022-10-23 02:00:00,CLEAR,"DARKNESS, LIGHTED ROAD",DRY,ON SCENE,10/23/2022 11:46:00 AM,41.765364412,-87.672187418,POINT (-87.672187418007 41.765364411979),C,10,2022,02:00:00
7f638ae09cdb9bfd359ac59afa978c70da3275a0a932155aec5ccd68d92b84b556e75c06718129bb0146b02044e283850db6764a2fca58f9136e9bce7e378f5c,2021-02-28 03:00:00,RAIN,"DARKNESS, LIGHTED ROAD",WET,NOT ON SCENE (DESK REPORT),03/02/2021 07:00:00 PM,41.924025937,-87.754108923,POINT (-87.754108923036 41.924025936998),C,2,2021,03:00:00
7d9a18a42f36c53715f98f20d63e96fbddb7114e9015b5368337a3778268bce2deb21658cac4e0f5ea4896c88785264a886d37623a279e14c5cd825594ca2ccd,2021-06-17 12:20:00,CLEAR,DAYLIGHT,DRY,NOT ON SCENE (DESK REPORT),06/17/2021 01:20:00 PM,41.998083252,-87.808397703,POINT (-87.808397702977 41.998083251992),C,6,2021,12:20:00
7f34879520b798d00bd8fe1e277684b965de6c288079254a03c1e21202db5592368df367dfe5f303d294d24f3a100879e53fde4f1b4575ff0baba5582baa1a4a,2016-07-01 16:45:00,CLEAR,DAYLIGHT,WET,NOT ON SCENE (DESK REPORT),07/02/2016 10:36:00 AM,41.749903242,-87.707348392,POINT (-87.707348392008 41.749903241984),C,7,2016,16:45:00
802748ee6a025d37fa85b0578ad64c68fe21d54c92bd7bf2e3709e6268f0855058f766828920f7d0ed8f5e5005cfeb47212117ccf49724a64726c01efe564d12,2016-07-27 22:20:00,CLEAR,"DARKNESS, LIGHTED ROAD",DRY,NOT ON SCENE (DESK REPORT),07/27/2016 11:30:00 PM,41.946909114,-87.683469891,POINT (-87.683469891004 41.946909113959),C,7,2016,22:20:00
7f774554cb40549843b84d35947f768ba4544434ad5fbe2e5a16734ef25223da8c892e2b3c068e3030fc7619169ab9294b1e616c37597c037a1fa4fb82fdf6cb,2020-08-03 21:30:00,UNKNOWN,UNKNOWN,UNKNOWN,NOT ON SCENE (DESK REPORT),08/04/2020 02:10:00 PM,41.940719042,-87.814320929,POINT (-87.814320928968 41.940719042028),C,8,2020,21:30:00
7e9116316431d0f67cf4b11cdbaa12153b80fd1c915906f818c7dfca145f2b4dec25567850fc115992089134b181e7d4ec596d04f01b4bbb577cc50dd671a484,2021-06-11 00:30:00,CLEAR,DARKNESS,DRY,NOT ON SCENE (DESK REPORT),06/15/2021 06:45:00 PM,41.909596143,-87.739700644,POINT (-87.739700644014 41.909596142962),C,6,2021,00:30:00
7f9a3f4788ffe68ede62eea353798e80173bbd0c0e78a20fc4f5389b4ca8ffcd0b249a22326b160d60b378eaf34a23cd7a92319d2ec2db85ada8c534cf8db799,2023-06-15 14:00:00,CLEAR,DAYLIGHT,DRY,ON SCENE,06/15/2023 02:05:00 PM,41.805873425,-87.729795192,POINT (-87.729795191993 41.80587342497),C,6,2023,14:00:00
7de8aa213cfd87357c107ebcc0a878b5dc1c36efb67fdb0dd86595bfbc5328713216d2925819d5c3df939f1d2a2c3113404b841962b505fcd818e1c430438b62,2018-06-11 16:20:00,OTHER,DAYLIGHT,DRY,ON SCENE,06/11/2018 04:35:00 PM,41.932266379,-87.688985069,POINT (-87.688985068971 41.932266378986),C,6,2018,16:20:00
802637e26a9a88467c8dbbb9bd6b0fd8b4d8698b53060804ead146580d7b7797e51f10855580159bba1fa1e7248f8a40d6a852181d4e1b29162262f73943e158,2017-11-01 22:46:00,CLEAR,"DARKNESS, LIGHTED ROAD",WET,NOT ON SCENE (DESK REPORT),11/01/2017 11:10:00 PM,41.877975138,-87.638422171,POINT (-87.638422171041 41.877975137969),C,11,2017,22:46:00
7eab9f6b8f0fdcd011df4fff859add3327d1dc1ba3959c9c241a97907c0bf3cecdb89931fe94a4c90fe334cdadf2fc60616b0cf79ed62bce05e53824b1da7cb6,2019-06-02 06:36:00,CLEAR,DAYLIGHT,DRY,ON SCENE,06/02/2019 07:10:00 AM,41.898341319,-87.618057856,POINT (-87.618057855957 41.898341319021),C,6,2019,06:36:00
7dc95330967c0d4ea2dfe7ad5d79ece3dbd330b50d3903afeecfee3518b99916d38cecb8bf511d44218cd559431e1244e0a76f0faf74208da1627c866c8c4da0,2021-04-04 21:00:00,CLEAR,DARKNESS,DRY,NOT ON SCENE (DESK REPORT),04/26/2021 11:40:00 AM,41.847477765,-87.617218167,POINT (-87.617218166986 41.847477764972),C,4,2021,21:00:00
7f6e5efbd981545400a13f576a7db419795a02dbfa943ad3f7a8d360b2174a9ae50e03196c830046bd9b3277c0ee580dcea467808e078e61841efc725781599f,2023-04-20 16:30:00,UNKNOWN,DAYLIGHT,UNKNOWN,NOT ON SCENE (DESK REPORT),04/20/2023 05:08:00 PM,41.767668815,-87.719529787,POINT (-87.719529786973 41.767668815026),C,4,2023,16:30:00
7ecb79ae9c1e0e6010119bb00cbaa6bcca0ebe4b4e5c1ff0172ed9af574a80308ed055e0a3fbe16b33b584320d4519e217f192b70aba550b36a747d54b20f756,2018-03-27 09:00:00,RAIN,DAYLIGHT,WET,ON SCENE,03/27/2018 09:07:00 AM,41.832771331,-87.685235314,POINT (-87.68523531401 41.832771331043),C,3,2018,09:00:00
7d75f1306a2d2187a5462420fa371321d2600ef4ad9027630542a9dfb9b96ee289cb4e53d0fde06ba19ddc1bc636f728b670de02926681f307da7daa70bc5518,2022-05-08 00:20:00,CLEAR,"DARKNESS, LIGHTED ROAD",DRY,NOT ON SCENE (DESK REPORT),05/08/2022 12:30:00 AM,41.964157782,-87.729272221,POINT (-87.729272221018 41.964157781994),C,5,2022,00:20:00
802cfed8a43ce72bf64865255e45d2713cde8f1aa36f050ae73a96bcb9dae02de1349bf8e456094e20d888231fd42f0bd827918fdca5f45cfc67a6949b3ee1a4,2017-06-19 17:41:00,CLEAR,DAYLIGHT,WET,ON SCENE,06/27/2017 06:00:00 PM,41.866777061,-87.696059341,POINT (-87.696059340993 41.866777061004),C,6,2017,17:41:00
7ea11edbf13013e61aa15b5a128b668ce5bc96086b575eb54a1f2c48d9c05aee800358d2b0e6fb2c256ef1871fd2f8a3127629e1bbb5aa02963090ec43e86351,2019-10-15 18:10:00,RAIN,"DARKNESS, LIGHTED ROAD",WET,NOT ON SCENE (DESK REPORT),10/15/2019 06:45:00 PM,41.6621277,-87.64148984,POINT (-87.641489840003 41.662127699955),C,10,2019,18:10:00
7f8d7d7c914da9f90706cf17912f59786ba036435177314c98e7076bf2ff2fddf449a2ed452b61150dbce2e71a101e36166bdf9c62b3009722eb4483b27d095c,2019-12-11 15:30:00,CLEAR,UNKNOWN,DRY,ON SCENE,12/11/2019 03:35:00 PM,41.871252224,-87.688022322,POINT (-87.688022321951 41.871252223987),C,12,2019,15:30:00
7d7806c436fc7e0d69d11891607992874f6f87ba48d83c733ab03e2665ae864e311762ba495b74bb6ded1c9df3356f35621ebd266724b657b636f79bf6b3acdd,2022-03-05 12:14:00,CLEAR,DAYLIGHT,DRY,ON SCENE,03/05/2022 12:14:00 PM,41.929070393,-87.80290525,POINT (-87.802905250007 41.92907039301),C,3,2022,12:14:00
7e36141a56974f8239e85c3f9dc8e217dda2aa80f7218b9b86d0f5c1e71f204789f8c87d89e3fdbdcf17a61539c2723fba5e5277eea1385fef24e9b90bf61804,2019-11-24 13:00:00,CLEAR,UNKNOWN,DRY,NOT ON SCENE (DESK REPORT),11/25/2019 12:40:00 PM,41.963161375,-87.751138642,POINT (-87.751138642045 41.963161374965),C,11,2019,13:00:00
800860d08a51518eda071cf482225fd223ba9f10021eb177f7b43cc95f04dcc0bc05aba5021db36d6478573785f0c430b784025c3cd6ad7019b7962c90f1cc50,2017-01-03 16:24:00,RAIN,DAYLIGHT,WET,NOT ON SCENE (DESK REPORT),01/10/2017 03:10:00 PM,41.784385694,-87.740065946,POINT (-87.740065945952 41.784385693962),C,1,2017,16:24:00
7f9cc9d4bd3d6b7e8372eaa6f34b5bb87dafcd2880c55667d226cfd48399ff1efea390a55dd9db54e255c93caba82fe8e0b3932c0e9e61b2774be700427ca758,2018-12-24 10:22:00,CLEAR,DAYLIGHT,DRY,ON SCENE,12/24/2018 10:30:00 AM,41.735617968,-87.682663369,POINT (-87.682663369002 41.735617967973),C,12,2018,10:22:00
8029e39767c145fc85ee4621f605790d59e6d9e113e613ab97b7095fab47f41d3e8fd89aee8d364c50fc4ca0292cf01d83ffec1ee300973ee6289982a9e7ba69,2023-05-29 08:45:00,CLEAR,DAYLIGHT,DRY,NOT ON SCENE (DESK REPORT),05/30/2023 04:00:00 PM,41.74350578,-87.62819656,POINT (-87.628196560035 41.743505780006),C,5,2023,08:45:00
7d7fdf898c2da331d3b9cffd912314007eebc0a0e6757c348593f366bfcc45e427322161f85f065051c4766940c939d3192e42ae9085816f4e4dd7c7e83578ee,2018-04-27 15:40:00,CLEAR,DAYLIGHT,DRY,NOT ON SCENE (DESK REPORT),04/27/2018 05:10:00 PM,41.923045378,-87.658526724,POINT (-87.658526724006 41.923045377991),C,4,2018,15:40:00
7ecc8d52fe46f8a9ab70436a71ecd42fb506869c7cfea2270749153cd175ef439c6f7639891d462a6c97894f1f7902711fe94dec838542f98f47ad9c94776cad,2018-12-18 10:00:00,CLEAR,DAYLIGHT,DRY,ON SCENE,12/18/2018 10:10:00 AM,41.744151639,-87.585945067,POINT (-87.585945066953 41.744151639042),C,12,2018,10:00:00
7e5057fdb44e1b6e60f203a555d9024ea34baf50e8ed5dcc770dcf1c59ba1825b63b869159bcc295429028944bdc79621a1fdaab2111329658f76c3a24d0e41f,2019-01-31 20:40:00,SNOW,"DARKNESS, LIGHTED ROAD",SNOW OR SLUSH,NOT ON SCENE (DESK REPORT),02/01/2019 02:48:00 PM,41.954068242,-87.678604449,POINT (-87.678604449027 41.954068242042),C,1,2019,20:40:00
7f75b4b2fa2fc70591d3b0c354cc27d37400e016569dc061f59d09cdc7c2ae249edc4534ec4f0c33a3552b41462d574763031695e48193a15b1bee7f92a8081e,2020-11-06 11:00:00,CLEAR,DAYLIGHT,DRY,NOT ON SCENE (DESK REPORT),11/06/2020 02:35:00 PM,41.786328045,-87.705136175,POINT (-87.705136175049 41.786328044987),C,11,2020,11:00:00
7f1682ad841e699f78eb54cb23c31c2ce06a5e3a50a8cd384af03b5a77bd65099ad8e46de2219f3ac8cb5232d865e317ae1e31295f5c09f0ec9c4dafad64ba1a,2021-04-03 00:01:00,CLEAR,"DARKNESS, LIGHTED ROAD",DRY,ON SCENE,04/03/2021 11:49:00 AM,41.661731079,-87.642123354,POINT (-87.642123354024 41.661731078957),C,4,2021,00:01:00
7dda88f535adcac7a2f310cc11be281f16390dd921aa43ebe483115ef8117700d61334b7bdaee7ddb78b5153e0b6af96751f6e918d761201dd8786b4a3dc446d,2017-07-16 02:29:00,CLEAR,DARKNESS,DRY,NOT ON SCENE (DESK REPORT),07/16/2017 02:40:00 AM,41.774360143,-87.661788293,POINT (-87.66178829297 41.774360143039),C,7,2017,02:29:00
7fb6369796a1d9ae77a0af20f705b3bb30955055929d25cf2ccd742952da4e3301d58902ccaf65113a63d5987bb9e402d14725a40311bbc7e261c17466e9c96d,2020-05-28 14:30:00,CLEAR,DAYLIGHT,DRY,NOT ON SCENE (DESK REPORT),05/28/2020 03:00:00 PM,41.903825234,-87.64328636,POINT (-87.643286359995 41.903825233976),C,5,2020,14:30:00
7ead04a20e087169994692f2d29bd362e03bbae16a5127fb87d5156136dea3ccc44e22b9bf7f9382d29a48765b48eb61dbd4a17daa3beea5b5b6662e80ef37d8,2019-05-28 15:40:00,CLEAR,DAYLIGHT,DRY,NOT ON SCENE (DESK REPORT),06/19/2019 11:30:00 AM,41.928615792,-87.687920247,POINT (-87.687920247039 41.928615792006),C,5,2019,15:40:00
7f8d32b195e093bb926783f47e3671d5b8446980f8dba41f6baa35de77541e0d72a6f22d1e325b65d9a043ee7fe2aa1daa58bf9bbba25e3ad6b12c2d1d624c04,2020-02-04 16:00:00,CLEAR,DAYLIGHT,DRY,NOT ON SCENE (DESK REPORT),02/05/2020 11:25:00 AM,41.735617589,-87.669285839,POINT (-87.669285839025 41.735617589025),C,2,2020,16:00:00
7f642c8682f54f6e964d598237374ce6f1d8a356b08d9e2a73ea8080118d720ca7d0b5e2af2d0b366e0326fbd26e117ec299505cdbf2188e5fc9da20889fc937,2018-07-25 19:20:00,CLEAR,DAYLIGHT,DRY,NOT ON SCENE (DESK REPORT),07/25/2018 08:15:00 PM,41.90052616,-87.712682588,POINT (-87.712682587959 41.900526159988),C,7,2018,19:20:00
7fa536af0f628625e9b2a66bb04227037c2a754f6106842ed1251cb022c034d5dc9526c15b1461cf3893b897e7e58de148f1b86a111a5e6f240fb1c28ce58580,2017-04-09 22:30:00,UNKNOWN,UNKNOWN,UNKNOWN,NOT ON SCENE (DESK REPORT),04/10/2017 09:35:00 AM,41.895573532,-87.770708673,POINT (-87.770708672991 41.89557353198),C,4,2017,22:30:00
7dd65e7a3c917736c1452de2170aba71e71aef4175d3b18f1b026038062f95079b94d81d8d919aa265d43a55d02fbef9f6934051d55a876226cf16afd32aceee,2021-10-18 11:00:00,CLEAR,"DARKNESS, LIGHTED ROAD",DRY,NOT ON SCENE (DESK REPORT),10/19/2021 09:15:00 AM,41.794189876,-87.622600564,POINT (-87.622600563979 41.794189876043),C,10,2021,11:00:00
7e82e218ef0c7c54faa226bc140db33914a9d62919e6a609dd85d89478a3b94ae45f33202ff757a2c8313fa1792e748e7db69631fc70b779c34239fd2eadc5ec,2017-11-08 22:00:00,CLEAR,DARKNESS,DRY,ON SCENE,11/08/2017 10:15:00 PM,41.817683733,-87.6650402,POINT (-87.665040200043 41.817683733038),C,11,2017,22:00:00
7efcfc27ba803f26bd8b709437ca5cab8412f8b9d0a78e7f217d19793322042d717214f79816a752310a7c58744d29f02334aab859fa7ca61aed3ca095d341a8,2021-04-26 12:30:00,CLEAR,DAYLIGHT,DRY,NOT ON SCENE (DESK REPORT),04/26/2021 01:37:00 PM,41.873860438,-87.700586149,POINT (-87.700586148982 41.873860438041),C,4,2021,12:30:00
7f89fa65633b0d5ec1a2bd1e521ecf1c147f4279de211784ae3b572cb22aaf8779206c7389efcf11b5d6cf6fbb394e60412391993554d621d9c8f977eadffa0a,2021-03-20 11:45:00,CLEAR,DAYLIGHT,DRY,NOT ON SCENE (DESK REPORT),03/22/2021 12:30:00 PM,41.830860895,-87.646047677,POINT (-87.646047676999 41.830860894992),C,3,2021,11:45:00
7ed941a59beefbb603878b2adbce2899763e5deb8501547a434a8263a28abfbcff6a9801d5f93c1c9fbb193360d560f5a9c52836055a4ba43f1035c391ac5ba3,2020-01-29 15:50:00,CLEAR,DAYLIGHT,DRY,ON SCENE,01/29/2020 03:55:00 PM,41.854923965,-87.705490584,POINT (-87.705490584017 41.854923964992),C,1,2020,15:50:00
801b6534398a22f3abd3364e90f9e5b0235187ebc89af45a53e8cc231449e6c630e135456dce6a0e37982bb124acf7c18e3852a4a465416406c31f743aebdc49,2023-01-18 18:00:00,CLEAR,DAYLIGHT,DRY,NOT ON SCENE (DESK REPORT),01/18/2023 06:25:00 PM,41.884546961,-87.64758764,POINT (-87.647587639978 41.884546961039),C,1,2023,18:00:00
7f4ff356526317f270e1c4873fa65690d7e97fa68b331c5b3ea532b8a66bed74899d7768b42c890c8fb5d109cf12cd5e7eb1ebabca72a2946f7a09bc304d8d9d,2019-11-04 12:45:00,CLEAR,DAYLIGHT,DRY,NOT ON SCENE (DESK REPORT),11/04/2019 12:45:00 PM,41.785387445,-87.606183761,POINT (-87.606183761008 41.785387444959),C,11,2019,12:45:00
7f79ee00ba8cb6ec45dcb0c033fff2de543e6c982e7a1219751a9f4e0817b2589f252599537151a62cdadda32c502ef98bfd4d5c92a3cddbef75458bb66273c8,2023-03-30 17:10:00,CLEAR,DAYLIGHT,DRY,NOT ON SCENE (DESK REPORT),03/30/2023 05:50:00 PM,41.944859607,-87.661389582,POINT (-87.661389582045 41.94485960703),C,3,2023,17:10:00
7ee6a9fb9077fdf318c731acff1e0ab615c2e29558a895fd840ebf95c9638dda6ea3f303a5c7b367b2356e7b746689fb9bf48713309be2a9a6255ee221baf72b,2017-09-30 02:30:00,CLEAR,"DARKNESS, LIGHTED ROAD",DRY,NOT ON SCENE (DESK REPORT),09/30/2017 01:30:00 PM,41.920676631,-87.775630269,POINT (-87.775630269041 41.920676630982),C,9,2017,02:30:00
7e05827128a9614f6ec83e89924c70a02b2099d6f8287869c25d5dfa4aaa3cdf9c610ab766e4dfe61aef6a332e2f478af9fb4f87f6a97c111e7dd7d87b439914,2017-05-25 08:15:00,CLEAR,DAYLIGHT,DRY,NOT ON SCENE (DESK REPORT),05/25/2017 01:15:00 PM,41.883749922,-87.630772022,POINT (-87.630772022024 41.883749922032),C,5,2017,08:15:00
7e942863b76497455eac52805f39a66ad802c235b8180e8d3ca4cf8f28103ae34417dadebf0ec8c52299116fa966f16410138bd7bb032f24f289220e12269a5e,2016-05-05 17:30:00,CLEAR,DAYLIGHT,DRY,NOT ON SCENE (DESK REPORT),05/05/2016 07:10:00 PM,41.809572517,-87.611394621,POINT (-87.611394620986 41.809572516992),C,5,2016,17:30:00
7d8dcee40cec0afe473bdf04233bf2c3757d1f58a396448a214a3bfcfaf1b71e359793844bcb42012f7b1b02987ecacca3166e292163f3f8fe664098747eae3b,2020-03-17 16:41:00,CLEAR,DAYLIGHT,DRY,ON SCENE,03/17/2020 05:00:00 PM,41.932822193,-87.648868554,POINT (-87.648868553993 41.932822192995),C,3,2020,16:41:00
7f5811a15d656c33c72b15f6fd1f402b9afcce5540aa0213b466a49c3aec1f32481b8992a13bd9e11a263ea8ecdd4652c6ad205adcfefb6a09a63a24b434cc5a,2019-09-07 01:59:00,CLEAR,"DARKNESS, LIGHTED ROAD",DRY,ON SCENE,09/07/2019 02:02:00 AM,41.744151639,-87.585945067,POINT (-87.585945066953 41.744151639042),C,9,2019,01:59:00