CRASH_RECORD_ID,CRASH_DATE,WEATHER_CONDITION,LIGHTING_CONDITION,ROADWAY_SURFACE_COND,REPORT_TYPE,DATE_POLICE_NOTIFIED,LATITUDE,LONGITUDE,LOCATION,CRASH_TYPE,CRASH_MONTH,CRASH_YEAR,CRASH_TIME
801a83f90565d89178be2b041b939ab0c9d60f074c14e77d53690c24138bdfc0010b0f4c3e70ce9d3cb50d68356a163368b5d8b67501079c856b9b29a286ef66,2017-09-27 14:30:00,CLEAR,DAYLIGHT,DRY,NOT ON SCENE (DESK REPORT),09/27/2017 03:30:00 PM,41.793908126,-87.685693159,POINT (-87.685693159012 41.793908125977),C,9,2017,14:30:00
7daba2833e812a4362df5bb12222a0f06e0a6b61b097516c417c2653109c52d41e502c7d4c87a8a334d9ee8448964c505e258d1a113b34509c903eb9e58a633e,2018-01-11 11:11:00,RAIN,DAYLIGHT,WET,NOT ON SCENE (DESK REPORT),01/11/2018 12:30:00 PM,41.746062636,-87.702143236,POINT (-87.702143235997 41.746062636044),C,1,2018,11:11:00
7fc251ebe1acdeae16a1aa542ea0e7a37cd3727ebf7b4e1fd08a54ea3802bebe99dd2373386a6a0239e37c65f12e8e7a0a2ea8ba7ff37d62152f89f2b383663c,2018-04-18 18:00:00,RAIN,DAYLIGHT,WET,NOT ON SCENE (DESK REPORT),04/18/2018 06:20:00 PM,41.946909114,-87.683469891,POINT (-87.683469891004 41.946909113959),C,4,2018,18:00:00
7e7c0b02be412055fc4b2981eff52a791d78355cb45fc3ed7a1d3c209c49f209b271d25c4e4b511f3389c2118ce6f85a255a689426b15af0643c7d11a577740e,2019-01-26 03:09:00,CLEAR,"DARKNESS, LIGHTED ROAD",ICE,NOT ON SCENE (DESK REPORT),01/26/2019 05:50:00 AM,41.909596143,-87.739700644,POINT (-87.739700644014 41.909596142962),C,1,2019,03:09:00
7fb3b1e1eed74e35dd1dc1836d5bd015f782b2f9964e25177674c5026b768dc7353a4b6909656309d1acada98b81d197c8f14690e8d17940a445ebb15bd94764,2018-08-30 18:05:00,CLEAR,DAYLIGHT,DRY,ON SCENE,08/30/2018 06:06:00 PM,41.903148872,-87.685769269,POINT (-87.685769268973 41.903148872031),C,8,2018,18:05:00
7f06591243634c422bd89cdbe0a55ec02e17cacc9d0c4018e233e079df962c8a7e15ce3ea4869ea185c9f0e9596750157288a6ffef86d22f1a4e7a4544a0709b,2019-07-22 13:53:00,CLEAR,DAYLIGHT,DRY,ON SCENE,07/22/2019 02:18:00 PM,41.765563782,-87.624825828,POINT (-87.624825828045 41.765563782008),C,7,2019,13:53:00
7ffa43142e219c31509522553e0c0c4143872fa6b06374a194e0bdf9a54bc40de34940e6af49ac7bd6656b53510ccd2d1d094a056cd66abf2e8afa25ee8d8f5d,2022-05-28 13:27:00,CLEAR,DAYLIGHT,DRY,ON SCENE,05/28/2022 01:27:00 PM,41.955158726,-87.66476433,POINT (-87.664764329976 41.955158726028),C,5,2022,13:27:00
7ec32a57487e5b7ba56d6b6fdcf02a49678090b538a942fa3146c238ada389221c6b8718aeb09ded1e401f4ba94b4b21b094dbb72cc3f03cb102b2cf53c6270e,2016-11-12 10:05:00,CLEAR,DAYLIGHT,DRY,NOT ON SCENE (DESK REPORT),11/12/2016 03:30:00 PM,41.727503064,-87.682120428,POINT (-87.682120428022 41.727503064007),C,11,2016,10:05:00
7f5ac785cf225f650fc673fbc81856ce587e2604c658c5d5145962ee58d1342835d0f9dc693fa50b873e67e7eb72ea366d5045d881f04340fccf8fe13e7ea9ce,2016-07-28 17:00:00,RAIN,DAYLIGHT,WET,NOT ON SCENE (DESK REPORT),07/28/2016 06:00:00 PM,41.860260262,-87.623841742,POINT (-87.623841742029 41.860260261961),C,7,2016,17:00:00
7de24e5e984aef33dceae473dc000fc947536188fc8558d84551119384cd28de7ca01486a4cc219dfd47a475b416551b8e1501bd74ab880378b068bb4784f111,2017-09-19 09:46:00,RAIN,DAYLIGHT,WET,ON SCENE,09/19/2017 09:59:00 AM,41.894790473,-87.759400091,POINT (-87.759400090958 41.894790472985),C,9,2017,09:46:00
803f0893a991c39c61c1f08eabed451acf62de873e67838643bf10371a5dfea59205b9e822d69969f05835bed9364573fec94333d55dd06df594905f20af0e9a,2022-11-06 16:15:00,UNKNOWN,DAYLIGHT,UNKNOWN,NOT ON SCENE (DESK REPORT),11/10/2022 09:55:00 AM,41.968135406,-87.708313269,POINT (-87.708313269047 41.968135406045),C,11,2022,16:15:00
7e33f7ecbc00a9e433fd0896279542462ea6684e02325d7eff1eedf7005eed900e629d486c40655b5f901d77cc7cb236039c4b852adaf904393db057372ff69e,2022-06-27 12:00:00,CLEAR,DAYLIGHT,DRY,NOT ON SCENE (DESK REPORT),06/27/2022 05:00:00 PM,41.726454931,-87.55720877,POINT (-87.557208770005 41.726454930987),C,6,2022,12:00:00
7db7dc019cb80523161676fa9ae8241a42d97ac63498b73899b142ee3248c7b667ef558643bd5cdb891298f20f19d152561eba23c8da75c8d14dd6ea6c1319a1,2018-05-18 07:45:00,CLEAR,DAYLIGHT,DRY,NOT ON SCENE (DESK REPORT),05/18/2018 10:30:00 AM,41.994350631,-87.764730833,POINT (-87.764730832986 41.994350630951),C,5,2018,07:45:00
7db515342f3d4e5ae83e09d6547d880e438f6f20a8914bab1b1e825086021a06a0c406a0f07602fecf7a779e50dc0d67fdc2f7440ad69d50e7ee155b68eb0b02,2017-11-22 04:30:00,CLEAR,"DARKNESS, LIGHTED ROAD",DRY,NOT ON SCENE (DESK REPORT),11/22/2017 06:34:00 PM,41.890355784,-87.614377352,POINT (-87.614377352049 41.890355783989),C,11,2017,04:30:00
7fb429d961215b9dcaa5a80af34f016ef46feb877a0ab0c1904c9a6242216688dc91fa3acac47be386f0958758b74060d5a77d3567eb5f1504185de272edfd28,2022-10-01 16:20:00,UNKNOWN,DAYLIGHT,UNKNOWN,NOT ON SCENE (DESK REPORT),10/01/2022 05:00:00 PM,41.837732675,-87.66589445,POINT (-87.665894449999 41.837732674972),C,10,2022,16:20:00
7f05a65c54dc0eb6354c5a7b782bef3cdd4bd9ba3d5ea860b5966b0e9aa2416c486bdeb5652397799a9f68100a223b56a54f6786d439eb57adedaf220e56561d,2019-05-04 14:20:00,CLEAR,DAYLIGHT,DRY,ON SCENE,05/04/2019 03:12:00 PM,41.838299776,-87.623296812,POINT (-87.623296811988 41.83829977603),C,5,2019,14:20:00
7e14ba4588bcc1b75649673989c88a8ede5306d15908b0e7f9a6ac5107c354273d0bafd6c9359065aba2bda5fffd56fbacb27e504eefe63ade858acf5aa92ecc,2018-04-09 16:00:00,CLEAR,DAYLIGHT,DRY,ON SCENE,04/09/2018 07:15:00 PM,41.794908912,-87.616471792,POINT (-87.61647179201 41.794908912028),C,4,2018,16:00:00
7dfa7931018b2ff04bcd0e00b77aa92d81394b01f61f0bed156a028be594c7b6de568527118fbdf80d87762648d3e99dd0aef6400000fcaeed6924ed0b3f8f5f,2021-05-10 13:30:00,CLEAR,DAYLIGHT,DRY,NOT ON SCENE (DESK REPORT),05/10/2021 04:00:00 PM,41.996408885,-87.787336766,POINT (-87.787336765987 41.996408884965),C,5,2021,13:30:00
7e5887161a47148e27fb07872324e1c7cadc5485aaaafbb16f58baeedd68153fadf1982b88bc0f7bd27c37e343845f91fbf19a85db4f1e9466e357de64b12e62,2018-10-13 11:36:00,CLEAR,DAYLIGHT,DRY,ON SCENE,10/13/2018 01:38:00 PM,41.893483668,-87.63132009,POINT (-87.631320089962 41.893483667955),C,10,2018,11:36:00
7e4666af69e13b19ce7b2bc437ddbe415569eb4e31c533363971430c5c6c3eaf797da15ba7e431cf59afa2b7c0f7eba351947417d063130dc5656fe3ab2bb29f,2023-07-25 11:30:00,CLEAR,DAYLIGHT,DRY,NOT ON SCENE (DESK REPORT),07/25/2023 12:01:00 PM,41.785387445,-87.606183761,POINT (-87.606183761008 41.785387444959),C,7,2023,11:30:00
8215347e8dd2edefd8a91c77a098b058442ca754bd1dba4df96397940803d654b2586d1d4130fd5e5d97b5a6e04fb224b78390af0663d91a7e6978702e5fb231,2020-11-21 11:08:00,CLEAR,DAYLIGHT,DRY,ON SCENE,11/21/2020 11:09:00 AM,41.872296424,-87.727693203,POINT (-87.727693202993 41.872296423964),C,11,2020,11:08:00
827b26b1485033ef4802bc653fd0f1c9c7f162ff994f10c242e5b6dfa40d9c3fbe68dfef7658cf5e5be1a3b34a3ef8242622f5e3157069f09174ccf25daa4d14,2018-05-11 16:50:00,CLEAR,DAYLIGHT,DRY,ON SCENE,05/11/2018 04:52:00 PM,41.682973474,-87.642228468,POINT (-87.642228467961 41.682973473961),C,5,2018,16:50:00
82de2516a4b4f82d6845d0c676d3ef1ef523f9f6fd86a97858d9071c1000440e0ec5c3615db4b53e9ad9472a870006103218050b6435ec4d16465ba9e9b16c0c,2020-02-27 19:20:00,CLEAR,"DARKNESS, LIGHTED ROAD",DRY,NOT ON SCENE (DESK REPORT),02/27/2020 08:05:00 PM,41.893918609,-87.624085833,POINT (-87.624085832985 41.893918609004),C,2,2020,19:20:00
824b768ab1a9bc62e41f4d9155545be5a428bbb60284eb645b4227e2f368b818a49d7b67ffa158493b56d8614558c1e58487f04f43a4ee07e6462fa446965d7c,2022-10-21 21:30:00,CLEAR,UNKNOWN,DRY,NOT ON SCENE (DESK REPORT),10/21/2022 10:30:00 PM,41.750388107,-87.669438517,POINT (-87.669438516967 41.750388106952),C,10,2022,21:30:00
8162e221d9f01f76ccd8e588b7668ea8bba08f500e10a5accd3b467e35cec51f0377e10d5ceeacf60ff8bc8a48d1bc0adb21b951bbb5c293abe8d3eeeb356d03,2023-07-22 11:31:00,CLEAR,DAYLIGHT,DRY,ON SCENE,07/22/2023 11:39:00 AM,41.808320647,-87.682240771,POINT (-87.68224077098 41.808320646996),C,7,2023,11:31:00
81a8169c57264921992f293c57cc26d20d1f1d92034a993b45aef8f6f3ec5b6b99865b57af9284c2423ce552c9968f7e7d386312633f2575cc53277d59c0a133,2016-12-16 10:30:00,CLEAR,DAYLIGHT,DRY,NOT ON SCENE (DESK REPORT),12/16/2016 12:20:00 PM,41.744151639,-87.585945067,POINT (-87.585945066953 41.744151639042),C,12,2016,10:30:00
8247004c8c5c55e4c28ba86b109b038cd3e6c842271e7d1d8e0f3166b2e4f6447a7a551924a4a67bd29e96ae169e028400b4615221d97516da03f56369a79eec,2016-08-18 20:00:00,UNKNOWN,UNKNOWN,UNKNOWN,NOT ON SCENE (DESK REPORT),08/18/2016 09:45:00 PM,41.874590031,-87.633704185,POINT (-87.633704184958 41.874590031007),C,8,2016,20:00:00
808d431aede4e39645f2ff57349a48a9ef702bdcd0329098256742b43db07e88df112859441c725888a7c963d2ae02d1936c950524445bb1dbb3dcd43e83f259,2023-05-17 15:30:00,CLEAR,DAYLIGHT,DRY,ON SCENE,05/17/2023 04:33:00 PM,41.770455245,-87.615532002,POINT (-87.615532002003 41.770455244987),C,5,2023,15:30:00
83029157463c67b8fc06cc968c55e9bbb0313d589df8b5e3ae803608e889cd74f4fe6f9c8e8c63fd658e30e8da30401dfa014f7988e021194368bc11e429f134,2018-02-28 13:55:00,CLEAR,DAYLIGHT,DRY,ON SCENE,02/28/2018 02:45:00 PM,41.891621161,-87.624253929,POINT (-87.624253929022 41.891621161011),C,2,2018,13:55:00
80a5cd9189b84588e358134e6f6133c9bdbc621e24729064b9124ec6428557bc274858a9c9b4865ca4b10db0043015c4a9e9cc466b7b364612b88633e522caa3,2022-06-06 16:02:00,CLEAR,DAYLIGHT,DRY,NOT ON SCENE (DESK REPORT),06/06/2022 05:20:00 PM,41.914289095,-87.637601258,POINT (-87.637601257983 41.914289095005),C,6,2022,16:02:00
813c6ff787797c31ebfc44f7639208ae8a53e5ab38a2772ff038e264bd27e55a4763db9b9d8190287156a988a8925d39a74638452a1a9f0fd40acfdbe7a8b222,2021-04-10 13:00:00,CLEAR,DAYLIGHT,DRY,NOT ON SCENE (DESK REPORT),04/13/2021 01:47:00 PM,41.716791649,-87.642938306,POINT (-87.642938306037 41.716791649033),C,4,2021,13:00:00
81c0818131003035e4de8f656a9be6ac63e4b94c82e469bd0fb6973bffb9ec22659ba959c760c224f5887ca241ffcb22b22346422974805278a483de9dac61a5,2022-08-15 16:30:00,CLEAR,DAYLIGHT,DRY,NOT ON SCENE (DESK REPORT),08/15/2022 05:00:00 PM,41.843955257,-87.694495706,POINT (-87.694495706021 41.843955256958),C,8,2022,16:30:00
80b17bfbc17c297830fdafe0c8aeee989353992142a6edd4ac16232c427fabaaebd4cb801f14a6cb1b2dcb8aea45f6482c8f90a0daa0b464550d98a7c868ad26,2019-10-08 15:26:00,CLEAR,DAYLIGHT,DRY,NOT ON SCENE (DESK REPORT),10/08/2019 04:18:00 PM,41.822862314,-87.686242701,POINT (-87.68624270101 41.822862314026),C,10,2019,15:26:00
82b61969f6af6f615993b0c2453fbce9316964a9f0cc44e3daa6712d304aabe6f9c2d62db2077d670fcb6dc84c9f8d7451fdfee710c4a4f6dbc11400b96af4be,2019-07-10 14:20:00,CLEAR,DAYLIGHT,DRY,NOT ON SCENE (DESK REPORT),07/10/2019 03:17:00 PM,41.896393332,-87.654686711,POINT (-87.654686710965 41.89639333201),C,7,2019,14:20:00
82bb315eaa9576a657b3178da7d1d9fbcaa34e64e2e009e7cb9451d79d3096a97b0a6519d71493dd2e3798dc9b165d04b1eed209313fee8cbacd206d58c7d156,2019-11-17 01:42:00,CLEAR,"DARKNESS, LIGHTED ROAD",DRY,ON SCENE,11/17/2019 01:44:00 AM,41.771592018,-87.72272858,POINT (-87.722728580044 41.771592017974),C,11,2019,01:42:00
820f4e1ddd5b88b863e52911f7621665ddbcfcc834f6d65f0ff6f51224de5da756a1c623b5058ae77b3ec5dd5a232f42b77f08b2a7ed98528996a7a36cb44741,2019-06-28 18:00:00,CLEAR,DAYLIGHT,DRY,ON SCENE,06/28/2019 06:00:00 PM,41.890765037,-87.679204522,POINT (-87.679204522031 41.890765036958),C,6,2019,18:00:00
81ae8e6639643bd489388abf526ce1f729fbc05ee7807a28cf68ab7f8646d86e0222490b4f76fca137b5d8cfff9cb87434c6b0db9b1a64408c584829067c5850,2022-10-11 12:30:00,CLEAR,DAYLIGHT,DRY,ON SCENE,10/11/2022 01:10:00 PM,41.974645684,-87.659970179,POINT (-87.659970178971 41.974645683985),C,10,2022,12:30:00
820adb04dfca7488a1a624cdf5b062bd4c29bcf6b4aff16b12b4621b736d3dddd2e33868c2e3af9b352e6046fb31b95a654fc658d1ffab141f521a6522e0bd0f,2018-01-18 21:50:00,CLEAR,"DARKNESS, LIGHTED ROAD",DRY,ON SCENE,01/18/2018 09:57:00 PM,41.866409832,-87.695092858,POINT (-87.695092857966 41.866409832041),C,1,2018,21:50:00
817c7510758a872ed59a2a256250bb3aa90b96dfb377307503845c71da3a808704f04c9908ac054e0f8b238948e03f87635f1125f82d34b34ce05679a9ab0270,2019-12-13 13:45:00,CLEAR,DAYLIGHT,DRY,ON SCENE,12/13/2019 01:50:00 PM,41.668525654,-87.559114343,POINT (-87.559114343011 41.66852565396),C,12,2019,13:45:00
81837c39424b50a3224aba78207c570abb8059e215dfceb75da032c32e62d440ccbd3f1ce66e808438c2419593456efbaf049a545b36664d72e30b3a47e78b9a,2019-01-17 15:45:00,CLEAR,DAWN,DRY,ON SCENE,01/17/2019 05:16:00 PM,41.873759978,-87.688011568,POINT (-87.688011567959 41.873759977999),C,1,2019,15:45:00
808987a2776cc03b15df8451768e8210c0189104047eb27dc9d9bd9768b8afd103d90af10db75c646683685b67613c9fba03f5444f335e15b435d56ca16c18ba,2020-05-04 18:30:00,CLEAR,DAYLIGHT,DRY,NOT ON SCENE (DESK REPORT),05/04/2020 08:20:00 PM,41.75872376,-87.585590902,POINT (-87.585590902031 41.758723759994),C,5,2020,18:30:00
80c4b9589110f8dcbded9fa76d7938fc1f9c893ef62f6e938f6189bf0298e5ff25d1de610db69bc02e87babc8894f6c33275a56828a99840a40f12f9542f7079,2017-07-06 12:21:00,CLEAR,DAYLIGHT,DRY,ON SCENE,07/06/2017 12:21:00 PM,41.772356208,-87.659022951,POINT (-87.659022951035 41.772356207959),C,7,2017,12:21:00
81d9ca3666f6819ae2560e623894bf10ad0f2e8a53576874d978864f302bbd00fd7112c64d5cbe7dc0dedc98498de4a5ecc89a68a30a8ef64de3588f9aa79451,2022-10-03 17:30:00,CLEAR,DAYLIGHT,DRY,NOT ON SCENE (DESK REPORT),10/03/2022 05:40:00 PM,41.910208268,-87.687448531,POINT (-87.687448530997 41.910208267994),C,10,2022,17:30:00
824698a20a4542f6a9418e4728585c56a3adaef1f6efb78920903b47bea0ec30d8b33319f4beb3bf56adae764e535bfc35f5875d37b1dfce809d528046d64d47,2021-01-27 16:01:00,SNOW,DAYLIGHT,SNOW OR SLUSH,ON SCENE,01/27/2021 04:02:00 PM,41.792270479,-87.791349347,POINT (-87.791349346979 41.792270478985),C,1,2021,16:01:00
817e4e149207b8dd242283f40ed2ee16f2f38d78f3385b91248dc66e5b420478d522e549c1c8cb8316b7e04ab3fdd71fcce8bbbec127c8a75ea6534890852575,2020-04-25 13:45:00,RAIN,DAYLIGHT,WET,NOT ON SCENE (DESK REPORT),04/25/2020 03:30:00 PM,41.882211292,-87.710898608,POINT (-87.710898608036 41.882211292041),C,4,2020,13:45:00
827ec58766c4c4223a91b4ed6302109883612d5de37ebe48075f146f351ade04df4113ed2edc2838881446feffd58604ada20ecaf7b058968c9a886a1ff1c32c,2020-11-21 04:35:00,CLEAR,"DARKNESS, LIGHTED ROAD",DRY,ON SCENE,11/21/2020 04:35:00 AM,41.886769177,-87.745355616,POINT (-87.745355615988 41.886769176982),C,11,2020,04:35:00
809c58ce8a2e28a8af7f716bdb0fac3405f2b8b98703a83908896c335e4615fe06285678105d77f7c7b79bd4a1639b4a7e62fc92f51db46f6b65dcad6aaf4bfe,2015-10-20 16:23:00,CLEAR,DAYLIGHT,DRY,NOT ON SCENE (DESK REPORT),10/20/2015 05:25:00 PM,41.995579197,-87.675876884,POINT (-87.675876883986 41.995579196996),C,10,2015,16:23:00
80e7f8c58b384c615c1398ad78a5c42c9620d28aa5e6ec3e869df64f491a8e1b64339650afd5a040dcb7892cb3cb180dedf47795ebe06e4fda676bbae4d71f4b,2019-03-30 12:00:00,RAIN,DAYLIGHT,WET,NOT ON SCENE (DESK REPORT),04/01/2019 05:55:00 PM,41.808749374,-87.66230696,POINT (-87.662306960034 41.808749374011),C,3,2019,12:00:00
81c6b28ccfb8dcc1ab0cd290279836797f876689559a74fe032ff7cb0a0e71b51e846c937b37a8cbfff1a29ba36ae5d9175e6c41aed8d01d8995ac0ec8a6a531,2021-06-19 17:45:00,CLEAR,DAYLIGHT,DRY,ON SCENE,06/19/2021 05:49:00 PM,41.78708643,-87.685218141,POINT (-87.685218140983 41.78708642999),C,6,2021,17:45:00
818a1de02c6ee9b68e6cee81b8de494dfd1870ffb41c5392cb2f0856f77334326c9e28cc3ee1a11ec812e0834c9e655e229bafa785b57d8477cd82f90e6ed495,2022-01-24 09:15:00,SNOW,DAYLIGHT,SNOW OR SLUSH,NOT ON SCENE (DESK REPORT),01/24/2022 10:00:00 AM,41.784385694,-87.740065946,POINT (-87.740065945952 41.784385693962),C,1,2022,09:15:00
831c23740f8691f41b1d49a551d7db28aa5f4655e2c60c82ba29dd13b00e1547eee21014bd3df5ef9dcf116e033cbb46d1ecc5eeb7ed29d614e88e68bbe7c273,2023-02-14 18:09:00,RAIN,"DARKNESS, LIGHTED ROAD",WET,NOT ON SCENE (DESK REPORT),02/14/2023 06:30:00 PM,41.942781331,-87.652070505,POINT (-87.652070505027 41.942781331047),C,2,2023,18:09:00
818eb96bb7406f7cf862cdd1fe924c0c07e00d602e34fc90204d5aafa7f8c18e62025f17aa73df891f1ddf41ae2b7fd06eb3a8865aa93fc837add561286deae1,2019-09-30 17:50:00,UNKNOWN,UNKNOWN,UNKNOWN,ON SCENE,09/30/2019 06:00:00 PM,41.932433736,-87.659435779,POINT (-87.659435778993 41.932433736019),C,9,2019,17:50:00
82fdd29a15f9e35c548e5f9bb49a4bb15d91b732c4d63d0fc679f6976e332a68b14a8e751b546a8ee9bacd8a48e485ebcd7a5b34c9a1e237a02fc60d3434caf5,2016-10-25 15:20:00,CLEAR,DAYLIGHT,DRY,NOT ON SCENE (DESK REPORT),10/26/2016 11:25:00 AM,41.898979021,-87.637410212,POINT (-87.637410212028 41.898979021041),C,10,2016,15:20:00
8158c030bb522a5dda83f993ca0e8927c01f05e6e181c5e148dda6d49a230a1f3c870a58daafaffcb629f7bebda38120bd084a7cfff61f6f45f4a2993f77e95b,2022-12-25 20:30:00,CLEAR,"DARKNESS, LIGHTED ROAD",DRY,NOT ON SCENE (DESK REPORT),12/26/2022 07:55:00 PM,41.6621277,-87.64148984,POINT (-87.641489840003 41.662127699955),C,12,2022,20:30:00
81457d9e328f222ce48945a189c3f340159a7f90a437ef7493288b113d0defcbb27b6ea0dbdad55fbf3322ccbd1bf210a6f784eef43058be575d29e985379873,2018-10-14 15:00:00,CLEAR,DAYLIGHT,DRY,ON SCENE,10/14/2018 03:09:00 PM,42.006801604,-87.661457734,POINT (-87.661457733969 42.006801603988),C,10,2018,15:00:00
821bff7e2ca017cf95c8ef1142e2877c39a98d20c0d43403ca55b60a632a84ae1c6c8bc498174dfb27b9ea1d18eb3ba0d9f28b3f7313002fa480b47f462c0de9,2021-07-24 20:55:00,UNKNOWN,"DARKNESS, LIGHTED ROAD",WET,ON SCENE,07/24/2021 08:59:00 PM,41.749903242,-87.707348392,POINT (-87.707348392008 41.749903241984),C,7,2021,20:55:00
8217d59101c6f685103150964c9cdff10099d248e6a942d3447c09dabdfdd46a11880fd227b81fe4bed22c14eb69f32df97b391c6fca21b9f10c7ac675f2bf40,2021-01-16 17:15:00,CLEAR,"DARKNESS, LIGHTED ROAD",DRY,NOT ON SCENE (DESK REPORT),01/16/2021 06:20:00 PM,41.938266954,-87.795761499,POINT (-87.795761499004 41.938266954026),C,1,2021,17:15:00
82f45e995fec4873f1bdc83c335c8aa1dc0067a0ba3c28c97e17b9c0ca0bd4fcb3a3a140183b68079ac2571d788bb0eef318c9cb3ac9bc4002f83c7db4c27d0c,2017-11-29 11:13:00,CLEAR,DAYLIGHT,DRY,NOT ON SCENE (DESK REPORT),11/29/2017 11:13:00 AM,41.895499511,-87.723699547,POINT (-87.723699546998 41.895499510995),C,11,2017,11:13:00
82dd0219b2ed49548378eb008414580fb7d5cba0078b1b4c4532a7134e79946dc0697156e4b2be66e64228c5c0d871b98803b9e00df824f9cc00f85bc5ef1a2a,2018-07-25 10:15:00,CLEAR,DAYLIGHT,DRY,NOT ON SCENE (DESK REPORT),07/25/2018 10:30:00 AM,41.873258958,-87.666430355,POINT (-87.666430355036 41.873258958049),C,7,2018,10:15:00
804d523aa34c5730d5bf2c3f1c1016cee4ec7338a06b00a6095c9b66cb3ee1ce73cf221b891a1cef1e96ba819edd469660b3d7c409dfa772bf47e8c6db20cd92,2022-12-26 10:45:00,CLEAR,DAYLIGHT,DRY,NOT ON SCENE (DESK REPORT),12/26/2022 11:30:00 AM,41.940111944,-87.806968561,POINT (-87.806968561038 41.940111944021),C,12,2022,10:45:00
81557aeb2b3c4517ffc3affaeab54515e2defdc9e044d0dfd7bcc0016b301360dabb5017e35dd3cdaff31a22a4cd5fac1729bbbb092b596980edd1f5503d8008,2018-11-09 08:20:00,CLEAR,DAYLIGHT,WET,NOT ON SCENE (DESK REPORT),11/09/2018 04:35:00 PM,41.937252171,-87.776320528,POINT (-87.776320528037 41.937252170984),C,11,2018,08:20:00
8234a58306262bb760748f2b5504b4a3b9563303a13bcf7a8ece8d735c5706f291cbc0451643d60d92ee4f01d5d95d4a10a99453ced07321dd76625d3a11e23e,2020-07-14 15:30:00,CLEAR,DAYLIGHT,DRY,NOT ON SCENE (DESK REPORT),07/14/2020 04:00:00 PM,41.807680213,-87.616084798,POINT (-87.616084798046 41.807680212966),C,7,2020,15:30:00
81c770fb932b442602a7814aa09da8ec4ba9beb5df47fa2c96219c35aad5f28e313c09dc84a2729cfa9c99f6d6d3184ae69a6b25394f957b32fe2acf972610ff,2018-09-22 09:10:00,CLEAR,DAYLIGHT,DRY,NOT ON SCENE (DESK REPORT),09/22/2018 09:30:00 AM,41.939289065,-87.655448441,POINT (-87.655448440968 41.939289064971),C,9,2018,09:10:00
809400dd4e842d4435bde6f267937e75b548fa4370048b113a92b89a9f4025410073c28716e2b923a16d67c9f8998aa36bddfb892e34de9c66e79bf4cfd394dc,2019-03-10 18:10:00,UNKNOWN,UNKNOWN,UNKNOWN,NOT ON SCENE (DESK REPORT),03/10/2019 06:30:00 PM,41.975335342,-87.751655533,POINT (-87.751655533045 41.975335341992),C,3,2019,18:10:00
8077abf54f9e44461d9a3a5a7caeee49c18b69d882f19a271200ff2cc23bdfadf9cb33c1bda992e39f883afd36b564cf376d25278ec5cfbea5dd23354e1fbbe5,2019-01-15 12:45:00,CLEAR,DAYLIGHT,DRY,NOT ON SCENE (DESK REPORT),01/15/2019 03:10:00 PM,41.990508926,-87.706622194,POINT (-87.70662219398 41.990508925961),C,1,2019,12:45:00
81f8d36e8b57793675b27207f00aaf8d1d7d3a1a86b5424c23028d3f4da2e1bf50134e78bbc91a3e4530887af18d540217508380c43595f584f3f5190882f421,2021-10-21 08:30:00,CLEAR,DAYLIGHT,DRY,NOT ON SCENE (DESK REPORT),10/21/2021 09:33:00 AM,41.855630065,-87.625415361,POINT (-87.625415361031 41.855630065016),C,10,2021,08:30:00
8206cd1bfcf353612879b709286293c7bba2bb21b55f26dc7506ebd40916c7bc1aca4fe3955a2cde72b4b462e243252f02509cd0f145e146c84e731e68599a82,2017-06-08 02:00:00,CLEAR,"DARKNESS, LIGHTED ROAD",DRY,NOT ON SCENE (DESK REPORT),06/08/2017 08:04:00 PM,41.830728826,-87.655813252,POINT (-87.655813252029 41.830728825995),C,6,2017,02:00:00
8122f0d9b7f3acb8f0f733d8ee0c8df3e9603d31de2bfa2a9688c5a08b1b55a8cb9cafd7b240fc26b2206570dd9a0ca864bd751ae6d6ee12fbfc5668cc7163ba,2021-09-14 17:00:00,CLEAR,DAYLIGHT,DRY,ON SCENE,09/14/2021 05:43:00 PM,41.792777244,-87.752567029,POINT (-87.752567029034 41.792777243971),C,9,2021,17:00:00
80888432827bef1b42d8aa39e30386bfc25ca0a5eeeb57a2745119a7a9654f6d02fce59d8655321800d82ecd7652ba37a283112da7d2abc514e8c5f7f82d6102,2021-11-28 10:05:00,CLEAR,DAYLIGHT,DRY,ON SCENE,11/28/2021 10:06:00 AM,41.716309149,-87.53513036,POINT (-87.535130359996 41.716309149006),C,11,2021,10:05:00
81df2a6cefc3234a5b14ea3384a9c1f25e093889bcc110ad03e89bb6f8a14166a89dfbd3f3bb286a45a24b14e16c3fea383e781175d21e8589c0ec958ecafb66,2018-06-29 19:24:00,CLEAR,DAYLIGHT,DRY,NOT ON SCENE (DESK REPORT),06/29/2018 08:24:00 PM,41.792791365,-87.792962232,POINT (-87.792962232014 41.792791365002),C,6,2018,19:24:00
82b60a06e6f365001709313780b2349712a0683dbd8f5f9c3e64c6e9d046b1c9e9f4111fe61f7a4861ffd24dd37d26804c863be8900102df58f800fa2d39beb0,2022-07-11 19:30:00,CLEAR,DAYLIGHT,DRY,ON SCENE,07/11/2022 07:52:00 PM,41.995161089,-87.688730055,POINT (-87.688730054972 41.995161089003),C,7,2022,19:30:00
8059e4eff1da4b0c8ce083f9272bed7793c8547b04fa8554a979c7dc45020864487204724764b6cccf4812a64f430d8f4e7e4299a226c105c5fd3b7977312d33,2019-05-22 13:07:00,CLEAR,DAYLIGHT,DRY,ON SCENE,05/22/2019 01:26:00 PM,41.953309742,-87.747158693,POINT (-87.747158693019 41.95330974203),C,5,2019,13:07:00