CRASH_RECORD_ID,CRASH_DATE,WEATHER_CONDITION,LIGHTING_CONDITION,ROADWAY_SURFACE_COND,REPORT_TYPE,DATE_POLICE_NOTIFIED,LATITUDE,LONGITUDE,LOCATION,CRASH_TYPE,CRASH_MONTH,CRASH_YEAR,CRASH_TIME
82ab1e1279b33b3e00986353572c5565298f4c5ed321dce383d81f8778637085c77c97993b09a27cd2a05914c51d4913dae4975d3c3b91a07413149247af44fb,2021-03-03 16:38:00,CLEAR,DAYLIGHT,DRY,ON SCENE,03/03/2021 04:44:00 PM,41.931607951,-87.697755776,POINT (-87.697755776035 41.931607951049),C,3,2021,16:38:00
80d9588b3cc9be7c2de7f2cb3a2dccd76d0a253f0a40c3a23cfe7933723056bdae0315e7fd9315b549f70a4f7d6a18b0e36959e2057295f3ed6d6e9a653a4393,2018-03-09 12:06:00,CLEAR,DAYLIGHT,DRY,ON SCENE,03/09/2018 12:10:00 PM,41.794090446,-87.630527331,POINT (-87.630527331008 41.794090445987),C,3,2018,12:06:00
82a74773ab6acdd6d6a7a7e06fed027db8c171e2a5bb18e44dc3477da3ca4fb75323848bc296d63796350552392a53de44e8e69407c6b3804819eb2890275129,2021-01-18 10:00:00,CLEAR,DAYLIGHT,DRY,ON SCENE,01/18/2021 10:34:00 AM,41.954105717,-87.693290369,POINT (-87.693290369008 41.954105716988),C,1,2021,10:00:00
80a028102fe2eda81400acca49a549afdb5c736c0d90174d7799c22e4a2d55d51704ec7b719dc4da8d7f96f77382c97dab5826250b34260ff2e3886dec45e4e5,2021-04-19 08:30:00,CLEAR,DAYLIGHT,DRY,ON SCENE,04/19/2021 08:34:00 AM,41.758225854,-87.632096455,POINT (-87.632096454977 41.758225854005),C,4,2021,08:30:00
82455fa48776aeec538983891b5ad1c1874d08152e83a4b0bcde6caa3f4f14cb19c911a50ab7a97e56c5368fb159acac950b5720ded7a2f99c5da787211aee67,2019-05-03 15:00:00,CLEAR,DAYLIGHT,DRY,NOT ON SCENE (DESK REPORT),05/03/2019 04:00:00 PM,41.744151639,-87.585945067,POINT (-87.585945066953 41.744151639042),C,5,2019,15:00:00
812fdd137e78dfc71e40371437ed3a910ea8f07c8d8f197bf14429996c2ead0b39d97c09b7134bd0443fc3dde928b5da96847175419f004c172f091aee11a276,2020-05-23 15:00:00,CLEAR,DAYLIGHT,UNKNOWN,NOT ON SCENE (DESK REPORT),05/23/2020 05:39:00 PM,41.799892524,-87.734409004,POINT (-87.734409004029 41.799892524005),C,5,2020,15:00:00
82e95ef9cc309b467083644996b6f20e44860a96fe384bf7424ef199cebeab4f1cab28b8c5d0bf8f01f49943eb0c0057a4b83bb5b868b783837580948dee11c2,2021-06-20 20:32:00,RAIN,DUSK,WET,ON SCENE,06/20/2021 08:35:00 PM,41.75869138,-87.60533417,POINT (-87.605334170015 41.75869137995),C,6,2021,20:32:00
819f992755380dfaa4d3f37bd3474b56be6e7c604038781617f2025044b38f208481a67802bea18d70aa2b9e267aeb8406fe210e20637f39ebd2f5c0aa6577d7,2021-09-20 15:08:00,CLEAR,DAYLIGHT,DRY,ON SCENE,09/20/2021 03:09:00 PM,41.773738532,-87.70287002,POINT (-87.702870020047 41.77373853199),C,9,2021,15:08:00
80b3494ef5535a62705f75fa368df9d4dbd0adaf944e43d61a3b6ce0300daefe98bc00f675011fbc3edd383590d2789051675792556cebc3dc02fcfd1d641452,2021-05-26 17:30:00,CLEAR,DAYLIGHT,DRY,NOT ON SCENE (DESK REPORT),05/27/2021 11:00:00 AM,41.882211292,-87.710898608,POINT (-87.710898608036 41.882211292041),C,5,2021,17:30:00
80b3c4baf665ea06a0c9213c3322ba3e251346b96ebb5a8cf3886c0f4ef5f2e8c198e489bb43fa416698801df76201dc1819a5012154ca217fc7ce99d55033a0,2022-01-09 02:09:00,FREEZING RAIN/DRIZZLE,"DARKNESS, LIGHTED ROAD",ICE,ON SCENE,01/09/2022 02:39:00 AM,41.830728826,-87.655813252,POINT (-87.655813252029 41.830728825995),C,1,2022,02:09:00
80ec41df83ee97f7909c957af896df1afbabefdf8d79df1453556165670ea287752157046df69496c2784eaf9b539c6aae0b9d85fce6f8033c0ff93b130ef4be,2019-09-15 05:00:00,RAIN,"DARKNESS, LIGHTED ROAD",WET,ON SCENE,09/15/2019 05:09:00 AM,41.95427949,-87.732346287,POINT (-87.732346286999 41.954279489974),C,9,2019,05:00:00
82076f6236834b40034ba0578a71bf182a195d9edf5c96d03ad3a5f12f554a3e8dba44fb8c2cfdea5e117dbd9c6337fb96540e48400a6d87b6d9bd065e0988d3,2023-02-16 23:30:00,SNOW,"DARKNESS, LIGHTED ROAD",SNOW OR SLUSH,NOT ON SCENE (DESK REPORT),02/17/2023 12:30:00 AM,41.808749374,-87.66230696,POINT (-87.662306960034 41.808749374011),C,2,2023,23:30:00
8122576d3b15b3e3ae6786631ec56219c461135dc6745f5b0a46a406cf013da726e3b56ac770f9821e648ab5684b04c9682cbb037d2d3b7fff1aa175c1541822,2017-10-05 08:00:00,CLEAR,DAYLIGHT,DRY,NOT ON SCENE (DESK REPORT),10/05/2017 09:00:00 AM,41.903176728,-87.671126615,POINT (-87.671126615024 41.903176727997),C,10,2017,08:00:00
8225e6713ef499f4a722738632683dd47e8086ae2826fc032ed543f789d08c1a5fe5672058dc93b072ac174fd35d8c101c126a471989aeda4461ca7da66b7a00,2020-06-03 13:00:00,CLEAR,DAYLIGHT,DRY,NOT ON SCENE (DESK REPORT),06/03/2020 01:30:00 PM,41.768723831,-87.67348598,POINT (-87.673485980016 41.768723831023),C,6,2020,13:00:00
829e295bb48b1cdbd0e08fcab188b3f37e8f0ad5deff4ea071138f4ed81d2d0559df91aec5dad0b5dc8a6d18c654b88cf4372766d853a51be3633f3b625c5c9f,2019-07-07 11:45:00,CLEAR,DAYLIGHT,DRY,NOT ON SCENE (DESK REPORT),07/07/2019 12:15:00 PM,41.917103631,-87.687248767,POINT (-87.687248767006 41.917103631009),C,7,2019,11:45:00
81bb033eae3ab25bd00db92bb065746f4974dac7c68513ddbe542eff13d6dbf90193de98a2051364de2009fb21ac7295dca3b1209ce238a54404dd11649fa2ed,2022-06-01 15:00:00,UNKNOWN,UNKNOWN,UNKNOWN,NOT ON SCENE (DESK REPORT),06/02/2022 09:30:00 AM,41.945424636,-87.737061013,POINT (-87.737061012979 41.945424635956),C,6,2022,15:00:00
80c21eb36c6ff118f15930f54c31588223e07b220669af63105333f25786829630ea5397beed847156260512f7d9556745a8d47d19898f7dcc4411b98c68ab11,2017-02-15 20:30:00,CLEAR,DARKNESS,DRY,NOT ON SCENE (DESK REPORT),02/15/2017 09:00:00 PM,41.891293713,-87.647680593,POINT (-87.647680593026 41.891293712961),C,2,2017,20:30:00
82a688f560c76d88ce679a1879506d828e5c62ece71bd4f5abf36fabd53cbf95598488d7008a07b6f6428da6a22b290027ca15e1f04051510d091d6b28a57630,2018-05-13 01:30:00,CLEAR,"DARKNESS, LIGHTED ROAD",DRY,NOT ON SCENE (DESK REPORT),05/13/2018 02:23:00 AM,41.891621161,-87.624253929,POINT (-87.624253929022 41.891621161011),C,5,2018,01:30:00
8208a6fe9064084fa1986ad3b949e42cebce9e065070011b04263badbb042790a8a3b11a7392c4145c2725a0edc098520f310cb50ab4d68d13b83cc32bf34466,2020-04-28 19:00:00,RAIN,"DARKNESS, LIGHTED ROAD",DRY,ON SCENE,04/28/2020 07:44:00 PM,41.884258993,-87.673012021,POINT (-87.673012020959 41.884258992971),C,4,2020,19:00:00
8091d0975ffd778045d49a4be125617b6a075b15b6d4c3f72a1b5a29d35e8a5c6de085fcfcb0c292e682fd4348c5024c42dde56df4a09a407b4b8d29e9a54360,2017-02-03 10:32:00,CLEAR,DAYLIGHT,UNKNOWN,ON SCENE,02/03/2017 10:32:00 AM,41.759853407,-87.644338447,POINT (-87.644338447024 41.759853407033),C,2,2017,10:32:00
82809811b3ba0587a1ad28a034f7b9cd23cd3f94ae1b15070ae5a3bf42ab2a610f89a752316f3e294157040e680c142fd59ce75e2b00cacb0fdacb8fee6a5028,2019-03-16 11:25:00,CLEAR,DAYLIGHT,DRY,ON SCENE,03/16/2019 11:30:00 AM,41.837732675,-87.66589445,POINT (-87.665894449999 41.837732674972),C,3,2019,11:25:00
80cfe2afa169b2b64c99b308373f692a28869e619a3bb6dfab6c530060075e16d2025918f3e3f33ae7c688b2b76e9300e4c651d47c5f4eda440a890d39f99fbe,2023-03-03 17:25:00,CLEAR,DAYLIGHT,DRY,ON SCENE,03/03/2023 05:26:00 PM,41.917544597,-87.682788418,POINT (-87.682788418021 41.917544596985),C,3,2023,17:25:00
805023b5ce1cd5514f0e3b82b87ea0fc1f996ebe3def3802f13d79637956503fd57ec478e497729a0bdd395fc7259eeb72328a214c1c2297f3b349370137aac8,2021-07-02 17:00:00,CLEAR,DAYLIGHT,DRY,NOT ON SCENE (DESK REPORT),07/05/2021 11:00:00 AM,41.830076617,-87.690050472,POINT (-87.690050471985 41.830076617029),C,7,2021,17:00:00
82956542da68f2ad817364e81cef8091c3aa541777973acc134f8a2aeb84ce63ad78cc274f5dd2455045dc909dde07e2e58ea8d83618d18bfcb61e33ba72fccd,2018-06-19 13:10:00,CLEAR,DAYLIGHT,DRY,NOT ON SCENE (DESK REPORT),06/19/2018 02:50:00 PM,41.924997008,-87.68905401,POINT (-87.689054009972 41.924997008049),C,6,2018,13:10:00
829d3e9c5bc518b002d074176301a4b86f5c585d246b237ab32f975336c2b11a94a6d6d28c8f2ee631e9f2ca8a1bbfe78f4021719a2b7e9de1c2bbd4bbaecd3e,2022-09-29 22:00:00,CLEAR,DARKNESS,DRY,ON SCENE,09/29/2022 10:05:00 PM,41.765563782,-87.624825828,POINT (-87.624825828045 41.765563782008),C,9,2022,22:00:00
810a5d8f73f3b6015a8b50a92533192a902118d019f50c4b9e51f4495a60051d8d0da7e644ac2a68c3f0ff6a1ac9e02af9296fc63f590a057daeecd8837d8291,2019-08-29 18:30:00,CLEAR,DAYLIGHT,UNKNOWN,NOT ON SCENE (DESK REPORT),08/29/2019 07:30:00 PM,41.866805857,-87.627558724,POINT (-87.62755872401 41.866805857019),C,8,2019,18:30:00
8301b323f96e13d51610fb5d452e122d18c83c70485041aed4343a0945b24465b9efbb258508a9ffc3e5d16fe21b761e359627a282ce6011c6d1182df085a57e,2022-04-12 12:00:00,CLEAR,DAYLIGHT,DRY,NOT ON SCENE (DESK REPORT),04/12/2022 12:25:00 PM,41.903954099,-87.721171653,POINT (-87.721171653005 41.903954098986),C,4,2022,12:00:00
82ff4abdad4616e84e8fc58e39026f5b1d293fe1f06b76361126c582203a5f46c0c999f48999882bd3178226d487ab4d33175dd7ac10d972b7edc12dfe527eca,2018-06-20 14:15:00,CLEAR,DAYLIGHT,DRY,NOT ON SCENE (DESK REPORT),06/20/2018 03:00:00 PM,41.887395915,-87.644146119,POINT (-87.644146119026 41.887395914999),C,6,2018,14:15:00
859511db45af413ea8d409fcce4bc141b8fb62135cbc233eb0e0496af1b05481ee0a1c3b82038ea3bfe89f29e9e3195fb08314903163093843e9723677d05600,2019-03-16 21:00:00,CLEAR,DAWN,DRY,NOT ON SCENE (DESK REPORT),03/17/2019 01:45:00 PM,41.856619825,-87.677760916,POINT (-87.677760915976 41.856619825015),C,3,2019,21:00:00
8398cf5ce1e0f6e4ab17a698106c899c4d54ffddc9188a3ddb263cf3d65e87594a91c074b0d5977b2238d8c15e22e66a40c4138190c62c579c346fb197102bb6,2018-10-28 19:10:00,CLOUDY/OVERCAST,"DARKNESS, LIGHTED ROAD",WET,ON SCENE,10/28/2018 07:29:00 PM,41.700179785,-87.540234534,POINT (-87.540234534018 41.70017978504),C,10,2018,19:10:00
83fc501997544ebc32adfb3c806271aa5d8368850b926116e03af020fdc228e1907157713bd0dce02e904ff45660b906295383d9057eca5c781c50d33bf98c4e,2017-08-13 20:00:00,CLEAR,DARKNESS,DRY,NOT ON SCENE (DESK REPORT),08/19/2017 02:30:00 PM,41.983208978,-87.699307663,POINT (-87.699307663 41.983208978045),C,8,2017,20:00:00
853a1373e73e93d92e5c7f6557921e627ce85a2be7c9b087c6f2b0ad3c1e24d4ba42a47cbe6b80f62ec4be1e180a368f0a4e967610aff6766721b90329e86373,2019-08-24 23:45:00,CLEAR,"DARKNESS, LIGHTED ROAD",DRY,NOT ON SCENE (DESK REPORT),08/25/2019 10:40:00 AM,41.882211292,-87.710898608,POINT (-87.710898608036 41.882211292041),C,8,2019,23:45:00
85231aa54f2e0ee28cf3406f002e8c6155b48166df7f2d92c58fbd8d64ec682d796246293b2d0367242033c875940612762f7558bc38f18dfee11587bc600eb4,2017-06-25 00:08:00,CLEAR,"DARKNESS, LIGHTED ROAD",DRY,NOT ON SCENE (DESK REPORT),06/25/2017 02:30:00 AM,41.891621161,-87.624253929,POINT (-87.624253929022 41.891621161011),C,6,2017,00:08:00
8566aa91baa3ab63525c5c3b5bf1fc35c0c360db0fc6731cf170f52bf5622a71c81959b9e3f5b7f310a3de9d0895f0eec1c720b5088c9261d57f7ddf98170e81,2016-10-13 18:50:00,CLEAR,DARKNESS,DRY,NOT ON SCENE (DESK REPORT),10/13/2016 07:20:00 PM,41.885719361,-87.627792462,POINT (-87.627792461951 41.88571936101),C,10,2016,18:50:00
8554a903eb77edc01abb78924236905369fd1675bb0475ae781401f5c4fba44e6b61b0ab337f6c6acbc88bdcf4dab32875f359bd491e76d40106f354bc91de8c,2018-02-22 16:30:00,CLEAR,DAYLIGHT,DRY,NOT ON SCENE (DESK REPORT),02/22/2018 05:20:00 PM,41.886066456,-87.620830331,POINT (-87.620830331034 41.886066456019),C,2,2018,16:30:00
8529e138b640db7eed10f32345da8b3e1a0fc47f7a7660bba986ccbae701a43128781265a67f93accaa4d835f301fce1d0dbdf1f94123eb7f32f4658222207a4,2021-05-03 12:08:00,CLEAR,DAYLIGHT,DRY,ON SCENE,05/03/2021 12:15:00 PM,41.933217135,-87.685832731,POINT (-87.685832731044 41.933217134977),C,5,2021,12:08:00
843c9438e6fd14ab3dc08581165990819d13efcf1929fb015cfec8284f8435ee2dc5519442e5f4a29b4ad5c061099fa6c430048528ade07f6925d15c0ce18eef,2021-07-31 20:00:00,CLEAR,DUSK,DRY,NOT ON SCENE (DESK REPORT),08/01/2021 12:00:00 PM,41.992165922,-87.755188692,POINT (-87.755188692022 41.992165921997),C,7,2021,20:00:00
85cb696c950d1d3cf4c37b6df93881651e5841ce8a41bcae54a97646359d69b9d84c03c41bbd9add1085305397a47f7c6b0f61f80679adaf3423573e57d12eb3,2017-07-16 14:00:00,CLEAR,DAYLIGHT,DRY,NOT ON SCENE (DESK REPORT),07/16/2017 02:25:00 PM,41.878390352,-87.757767275,POINT (-87.757767275028 41.878390351978),C,7,2017,14:00:00
83fe277384e650e1cf5c627fff95c6a046a794f3bb95f6831118fa7b402720e9db09315d59b09033f21d4a0252b44bc851f90e38cf6570282f7d2a58e750dc57,2023-03-16 20:15:00,RAIN,"DARKNESS, LIGHTED ROAD",WET,ON SCENE,03/16/2023 08:30:00 PM,41.837732675,-87.66589445,POINT (-87.665894449999 41.837732674972),C,3,2023,20:15:00
85553b0c77bb9d6c805d2737830f189ae8b5ca7e581dc220bf78ba6580b8db769a74cc05ae7370c5633a09820cb94e8cb156e7509c0d338868e27ac5ce96cd0c,2021-05-02 05:50:00,CLEAR,DAYLIGHT,DRY,ON SCENE,05/02/2021 05:55:00 AM,41.961286599,-87.709243776,POINT (-87.709243775984 41.961286599009),C,5,2021,05:50:00
85155a63ac73e9b38f37ebfb3fb2d806797da8853771880e330e90591cb75fb7f16c52eea8aeb54fcb28fa426338bd181d6a9e620c15e3da6e4a64158324ff95,2021-09-27 13:00:00,CLEAR,DAYLIGHT,DRY,ON SCENE,09/27/2021 01:30:00 PM,41.903536788,-87.661859583,POINT (-87.661859582959 41.903536788031),C,9,2021,13:00:00
833eac3e8e748fd4757fe8ca0f2a055bda5836200eceb247d39a96fe4dd1efa5c9864e8038584699ba12bdb8133a883ddeda417ebcf3755031819c1980aeed89,2023-02-25 14:30:00,CLEAR,DAYLIGHT,DRY,NOT ON SCENE (DESK REPORT),02/26/2023 12:47:00 PM,41.750990912,-87.615903389,POINT (-87.615903389024 41.750990911986),C,2,2023,14:30:00
83770edde1a9d26e1fcce68f019493b4e43f2aea61a26ab0abfe5857e6184aa5ee0bd23ba974229cd65a49f0655bb4a0aad0f8299e8d9dfbda797ace972c6d06,2017-10-26 17:00:00,CLEAR,DAYLIGHT,DRY,ON SCENE,10/26/2017 05:05:00 PM,41.749621025,-87.682687851,POINT (-87.682687851001 41.749621025041),C,10,2017,17:00:00
83ead5479cc0c6c3b9e8ab77a56ab384cf1adecba79a7f26ed808b2c7a2bc9d7a38a6bb38df72a886b6930cc39763120b2fa22c431f1e15aee3c0012f905bd85,2017-09-12 18:01:00,CLEAR,DAYLIGHT,DRY,ON SCENE,09/12/2017 06:03:00 PM,41.847117854,-87.626025027,POINT (-87.626025027018 41.84711785397),C,9,2017,18:01:00
83c2bf256d3934d7c3ab661e5bb888a713f358308260c84a7d8dc6cf15b7dab86f4bc43d75c51be584aafe55577cf746157e2b91a88788c764deb422dfcad339,2017-12-31 15:05:00,CLEAR,DAYLIGHT,OTHER,NOT ON SCENE (DESK REPORT),12/31/2017 03:20:00 PM,41.909665373,-87.734821737,POINT (-87.734821736967 41.909665373049),C,12,2017,15:05:00
85ca692f824613ad3657b6adccbdcddf07895941d6898767f4d8fca2a0bb8003afee168208972bbf657e02f6e7c08642c846dab66bc282677cf577be8c1fea63,2021-05-16 16:30:00,CLEAR,DAYLIGHT,DRY,NOT ON SCENE (DESK REPORT),05/16/2021 05:00:00 PM,41.98354261,-87.658429145,POINT (-87.658429145025 41.983542609998),C,5,2021,16:30:00
84c1739b6d64892c120f5d7da49027dd3fda38f9daecb737cf11393b09b24691c6aa1eb5d1d0ce57345239050dc72e43f82846e4564dd388a1405cc0219a2df7,2016-04-27 15:15:00,RAIN,DAYLIGHT,WET,NOT ON SCENE (DESK REPORT),05/04/2016 11:00:00 AM,41.908009406,-87.643491086,POINT (-87.64349108603 41.908009405972),C,4,2016,15:15:00
841341a501b7705171b6a5dd68d8f16c5bde73a31437df3a8610767e7bd33934c152e4f5f4fc50341f51bc0c61b46e7b19900f341a7a634837ad8eee2f054887,2017-07-27 10:30:00,CLEAR,DAYLIGHT,DRY,NOT ON SCENE (DESK REPORT),07/27/2017 11:00:00 AM,41.983257424,-87.690515956,POINT (-87.690515956003 41.983257424003),C,7,2017,10:30:00
85e7c16c5e4fd5a9be11a8ba8df553cd521743d2ca4ead4593fac0946424551e5c69deaddccf1144c9b64ae08c514f9e651a8832ff66f69fda05be2e5d889892,2019-05-02 15:00:00,CLEAR,DAYLIGHT,WET,NOT ON SCENE (DESK REPORT),05/03/2019 07:00:00 PM,41.82059773,-87.606732486,POINT (-87.606732485962 41.820597729985),C,5,2019,15:00:00
8566c1d53ec528a108abac05334fa81f655043f60277f52843bdd52f84a2371c1f53b5dfddfd2454e853a8b360373f5b75f84e696666281cf6a9e97738b3268a,2020-10-10 21:15:00,UNKNOWN,"DARKNESS, LIGHTED ROAD",UNKNOWN,NOT ON SCENE (DESK REPORT),10/10/2020 10:00:00 PM,41.744151639,-87.585945067,POINT (-87.585945066953 41.744151639042),C,10,2020,21:15:00
854946a6c7fa079ed9bcb6ae3c9552bcbf732af7b4bfdd54c6ffe330a1a4ff145b4213f72d6279b71887006de385cccd765b6497a54fe1e28b8b31ca49d89630,2017-11-22 13:00:00,CLEAR,DAYLIGHT,DRY,NOT ON SCENE (DESK REPORT),11/22/2017 05:25:00 PM,41.741803599,-87.740953582,POINT (-87.740953581987 41.741803598989),C,11,2017,13:00:00
845ad092557024e9ea341d1eb0d5ba3418d32d42c49d469dd07507b1282d8ceb6e35868b34252d6524d880c906214fc2f1afa1e6559edc81852f977a3675bfc0,2018-06-25 17:45:00,CLEAR,DAYLIGHT,DRY,NOT ON SCENE (DESK REPORT),06/25/2018 06:12:00 PM,41.886070174,-87.620536589,POINT (-87.620536589034 41.88607017398),C,6,2018,17:45:00
83bb4e3748458f11c9c55126dbde8447787a87a434357ba314acdd0a77e689bb62ac9e6ce44c472e20a4c98a73bc150fdb00049414babf61f424604c1fe4235a,2018-07-12 20:45:00,CLEAR,"DARKNESS, LIGHTED ROAD",DRY,NOT ON SCENE (DESK REPORT),07/12/2018 10:15:00 PM,41.903487497,-87.664517209,POINT (-87.664517208961 41.903487497003),C,7,2018,20:45:00
85e71370103bb863ea07f785c10a1985083e9d72427823082a35221fa279b0cbb72bf9618a7259f562ae51af3c171d75bb0494d55d537344f02d30d3a6b53927,2017-10-21 22:45:00,CLEAR,"DARKNESS, LIGHTED ROAD",DRY,NOT ON SCENE (DESK REPORT),10/21/2017 11:45:00 PM,41.793378954,-87.584053824,POINT (-87.584053824031 41.793378954013),C,10,2017,22:45:00
839503ae6413b6bd8cbd2b5b0489a6311034194a7c86e8b5fba7e513919d189471d81f70c7539f219bebe62aa036604ba7b0bc57bb7bba6bf91fc951b7e366e9,2018-11-01 12:05:00,CLOUDY/OVERCAST,DAYLIGHT,DRY,ON SCENE,11/01/2018 12:14:00 PM,41.721005906,-87.669806875,POINT (-87.66980687501 41.721005905976),C,11,2018,12:05:00
84a9d5c7091d66b723d63d7d7d03e0683ff88daefa0bafaf5262c8404430e7767ba15606fe6f42b8b0db6e424f2fa57a02fe50c7940ebe437373d886e498607e,2021-08-06 06:20:00,CLEAR,DARKNESS,DRY,NOT ON SCENE (DESK REPORT),08/06/2021 07:21:00 AM,41.795085379,-87.707128466,POINT (-87.707128465958 41.795085378978),C,8,2021,06:20:00
842523dece40e45a36948381044e3ee04ec84f84f28eadaac2c4128f64a4184e82b55d02aa3646680cee26cb19b91b98d1a675a255687a596f5240bd8a327c54,2020-03-07 10:03:00,CLEAR,DAYLIGHT,DRY,ON SCENE,03/07/2020 10:15:00 AM,41.744151639,-87.585945067,POINT (-87.585945066953 41.744151639042),C,3,2020,10:03:00
8364e85bb0dc5b374cc42eda11b7b802e8ca36ba2beeadba1324d63854f3519c51499176c6626603ba4f3b2beddfc21b990ce8560346ecd8c8833c442ac3ad66,2019-06-07 17:30:00,CLEAR,DAYLIGHT,DRY,NOT ON SCENE (DESK REPORT),06/07/2019 06:50:00 PM,41.874590031,-87.633704185,POINT (-87.633704184958 41.874590031007),C,6,2019,17:30:00
85593b321e1cc534e1d5b50fb4ec11a3cc963e3d7ef8c079dcd8fc4ed265a423bd430cd33b785bc092808aee8fa88e04a7fc97b6a54d2fb879425f127dda592f,2018-04-27 15:45:00,CLEAR,DAYLIGHT,DRY,NOT ON SCENE (DESK REPORT),04/27/2018 05:10:00 PM,41.809781151,-87.594212812,POINT (-87.594212812011 41.809781151018),C,4,2018,15:45:00
8519975e114c2e20d34e154e89c262a16939d71f5b8435b0418c998e1f59caa9fe00e263d744c313b79acc9a73fde29dc6daafe09c325616cae3c085b5fa6e1b,2021-04-04 13:21:00,CLEAR,DAYLIGHT,DRY,ON SCENE,04/04/2021 01:21:00 PM,41.744151639,-87.585945067,POINT (-87.585945066953 41.744151639042),C,4,2021,13:21:00
83bf89bb2a43e847969bf8756ed30d098bc2649345e7cbf7deaf6baac8e4037f41a6a24d8083d02300c7cd17a9e1553d64675bfed3059114eabbc733b83e8857,2022-03-11 11:20:00,CLEAR,DAYLIGHT,DRY,NOT ON SCENE (DESK REPORT),03/11/2022 07:20:00 PM,41.757278355,-87.574737984,POINT (-87.574737983981 41.757278355014),C,3,2022,11:20:00
84ff1ec6653b32d7bd3c6bfebfb6e36a54a5cbe56a4618ac6bdae3b9901e037fa43eaffba9502aee0a714b1336a6df76c34e99b2ab95607bc7c632dfb4207209,2021-06-08 03:30:00,UNKNOWN,UNKNOWN,UNKNOWN,ON SCENE,06/08/2021 03:39:00 AM,41.735617968,-87.682663369,POINT (-87.682663369002 41.735617967973),C,6,2021,03:30:00
843b3b1b15021b78f07b8a93ad8e06f577289b9e7c2905e9d7885c6b631705b3fe99d2a541c01c7b4bdf948ef4114b54b5147f4e56ed02dcabebde2d3472bfca,2020-11-10 17:54:00,RAIN,DARKNESS,WET,ON SCENE,11/10/2020 05:58:00 PM,41.822958463,-87.691425915,POINT (-87.691425915045 41.822958462973),C,11,2020,17:54:00
85a419c1ca61d369de74ebe10743115d250f67912e798f10ae0a9f667422e288f9413715add888171e9de3aab92a323fc10511a2a1a5b770ca4b6bce9e77276f,2021-04-02 14:56:00,CLEAR,DAYLIGHT,DRY,ON SCENE,04/02/2021 02:56:00 PM,41.967797374,-87.757318908,POINT (-87.757318908014 41.967797374042),C,4,2021,14:56:00
848f31c90d9ab845d982187508ece56af6059baca413eb1d2e1ba0accd09b89eb6836790e97ba84dba117d78aa937fd7bb3ccbfa793e940f7e8be1c19b11da5d,2023-05-25 11:40:00,CLEAR,DAYLIGHT,UNKNOWN,NOT ON SCENE (DESK REPORT),05/27/2023 10:27:00 AM,41.898341319,-87.618057856,POINT (-87.618057855957 41.898341319021),C,5,2023,11:40:00
8601a0d275fa6fdc63dbf6e50dbd976a132f0fa77869acea0c8acd65a8e82a9b34684334cc655fd189520acb2daf3d078af185128762026f5e7f52f99da27391,2018-03-25 16:30:00,CLEAR,DAYLIGHT,DRY,NOT ON SCENE (DESK REPORT),03/28/2018 08:45:00 PM,41.796705111,-87.606421756,POINT (-87.606421756047 41.796705111008),C,3,2018,16:30:00
84506879844b0baf506057751912a23407e1960f1832ae6b09afae108b44f6eee2a50301f386bb1eabb8dcb9d0f3fae3382eabb189ad54d11caac73938bbbec1,2018-05-18 13:55:00,CLEAR,DAYLIGHT,DRY,ON SCENE,05/18/2018 01:58:00 PM,41.773455972,-87.585022352,POINT (-87.585022352022 41.773455972008),C,5,2018,13:55:00
8481582205f55b2e160972094d5aee4b40ac45a316d606ae672a131b83d4a1bc9b23341b4a5b0555c173f6a0d83af9d6df8dbd18a082703781854063926881bd,2018-01-13 04:37:00,CLEAR,"DARKNESS, LIGHTED ROAD",DRY,ON SCENE,01/13/2018 04:38:00 AM,41.808749374,-87.66230696,POINT (-87.662306960034 41.808749374011),C,1,2018,04:37:00
84ca53eab8761631071d08549973dfedd78c22c50450c6a59234e79f2bc0c2c4cfefdf3ad758cd2133bb1c0d798c404bbb2280fbb8719673c6ce14df7596d8bd,2018-02-17 19:30:00,SNOW,"DARKNESS, LIGHTED ROAD",SNOW OR SLUSH,NOT ON SCENE (DESK REPORT),02/17/2018 08:10:00 PM,41.894204391,-87.626934511,POINT (-87.626934511032 41.894204390974),C,2,2018,19:30:00
85ff478794a5f0b921ba79281c8298236abbdedd84f2555172f19d93d55b98b73510754557476cbc653c7ec5e6601d1be46827767a620b4a1c3e2b9ea8665187,2018-04-18 17:10:00,RAIN,DAYLIGHT,WET,NOT ON SCENE (DESK REPORT),04/18/2018 05:20:00 PM,41.970261312,-87.718159402,POINT (-87.718159402008 41.970261311997),C,4,2018,17:10:00
85c10174cc0e24e4398b1ea26f1058d0b3df7553a52aa8f1c9f150aef1cce5396ca466d2cbc03eef86acd916934bc5a8ccc03da014a77afe15406f1a4b377f74,2022-08-21 14:30:00,CLEAR,DAYLIGHT,DRY,ON SCENE,08/21/2022 04:15:00 PM,41.917037021,-87.72799573,POINT (-87.727995730029 41.917037020963),C,8,2022,14:30:00