CRASH_RECORD_ID,CRASH_DATE,WEATHER_CONDITION,LIGHTING_CONDITION,ROADWAY_SURFACE_COND,REPORT_TYPE,DATE_POLICE_NOTIFIED,LATITUDE,LONGITUDE,LOCATION,CRASH_TYPE,CRASH_MONTH,CRASH_YEAR,CRASH_TIME
83e9bae594b156b1dc497106f9883b4e0e333b42834b009db2bf6b578c1b0d8a4d617dcbbba7c3309c56a2e8b2e87f4d6b2c5e568ef4e7a764cc547de0c3cd6e,2020-04-21 16:52:00,CLEAR,DAYLIGHT,DRY,ON SCENE,04/21/2020 04:56:00 PM,41.787298999,-87.683999809,POINT (-87.683999808977 41.787298999005),C,4,2020,16:52:00
83f67ea5b6e28f06d6cc54aba93820c3ef75cf413450d2e73be09630d23410e902d07a19d200416f5e0a952156f87cd3d8e0ccb5f6586132c5daf97d4a7779d7,2018-06-23 13:14:00,CLEAR,DAYLIGHT,DRY,ON SCENE,06/23/2018 01:16:00 PM,41.808949454,-87.643265415,POINT (-87.643265414985 41.808949453969),C,6,2018,13:14:00
8483de57f9eabadf0d96575b1603e4b52347a7de7483dcfedbaf06334e3c9ac0413a1fbd95caa552242608f5a99efb348671727262fabff617988bdb0e5fc35d,2019-07-04 18:25:00,CLEAR,DAYLIGHT,DRY,ON SCENE,07/04/2019 06:27:00 PM,41.721022605,-87.668378105,POINT (-87.668378105039 41.721022604969),C,7,2019,18:25:00
86053d3a474998832876360fa1ca432f903f585505bedb3ca8b5a09068179ec0ba7b67667a50e1fd4b01484614b844f67ee752a6d410ce1615703835087ee681,2017-05-21 12:45:00,CLOUDY/OVERCAST,DAYLIGHT,DRY,ON SCENE,05/21/2017 12:45:00 PM,41.759853407,-87.644338447,POINT (-87.644338447024 41.759853407033),C,5,2017,12:45:00
83ded96bf29751e04925554ad0216aa9200ef9560d2ba3164794898c6d8c1fc7704516c0ba044080b5f98194b7e9a3928e7559de7c5647ca4128d1855b00883b,2021-04-08 12:15:00,CLEAR,DAYLIGHT,DRY,ON SCENE,04/08/2021 07:15:00 PM,41.773407967,-87.57037243,POINT (-87.570372429966 41.77340796701),C,4,2021,12:15:00
85afb1869a9df6099625b56e52ef1af4a1d9eb534dac8139aa4ec4c4bdd17595b65e2560bd74f65b20a3a4596c0cf16ceca8008014018f4b9cc1475a3037bb56,2019-12-10 15:30:00,CLEAR,DAYLIGHT,UNKNOWN,NOT ON SCENE (DESK REPORT),12/10/2019 03:35:00 PM,41.953309742,-87.747158693,POINT (-87.747158693019 41.95330974203),C,12,2019,15:30:00
841a0acc7350fdce1499677bd3798dca5a974cb58188a5209af5aff7ad91207e388750c7648e08a06321bd82fc472070f3fa6920e05e2dbcc6ed4c2ef65b12a9,2022-05-24 17:16:00,CLEAR,DAYLIGHT,DRY,ON SCENE,05/24/2022 05:16:00 PM,41.817683733,-87.6650402,POINT (-87.665040200043 41.817683733038),C,5,2022,17:16:00
85049b324c091c1493cb0e7522612e7e99658d3f2417768bfb9e564f6e5049c6e7905e5736c4be7488d9220f9f78add4960d8c3fa915159668ae3ae00a9d59b8,2023-03-06 17:22:00,CLEAR,"DARKNESS, LIGHTED ROAD",DRY,NOT ON SCENE (DESK REPORT),03/06/2023 07:00:00 PM,41.977089945,-87.660033687,POINT (-87.66003368701 41.977089944963),C,3,2023,17:22:00
85721fedaf826bea4b5d8f500f966fb04635ba0a060b606feb291024bc99b6eb91539ddf14f175fe0b42e290c12b98394e5687ee69daf20759d77cfcd653a2cd,2021-04-12 10:00:00,CLEAR,UNKNOWN,DRY,NOT ON SCENE (DESK REPORT),04/12/2021 02:00:00 PM,41.815039155,-87.597347367,POINT (-87.597347367035 41.815039155049),C,4,2021,10:00:00
85b821872ef1cd42ed6bce872673993d0fb03ed72248512650b4cdfe5a9d0c9d8ee0a2129e1feedfcefc38fc5c632b6153c37aa186154106c3e097f817da5d2f,2019-03-16 22:30:00,CLEAR,"DARKNESS, LIGHTED ROAD",DRY,ON SCENE,03/16/2019 11:00:00 PM,41.898341319,-87.618057856,POINT (-87.618057855957 41.898341319021),C,3,2019,22:30:00
842294e56031821279570a91ac1699f786afdf20edeaad628d35a9a9fb6a89109ef5330fa2885aa5f8aec9edf59229cd7406e9c2d9ae047c81b176727226101e,2020-03-09 07:54:00,RAIN,DAYLIGHT,WET,ON SCENE,03/09/2020 07:54:00 AM,41.879813058,-87.725492182,POINT (-87.725492182032 41.879813057952),C,3,2020,07:54:00
843a4736371bc9be6a255ccdb23ebd43150ab6c7d000c9f6737251b65183c06ecaa421985cef7532dd1fd158f76e4ac1d96e9139134ec4c1f07d52140dd968be,2022-07-08 11:59:00,RAIN,DAYLIGHT,WET,ON SCENE,07/08/2022 12:24:00 PM,42.012782706,-87.672484088,POINT (-87.672484087993 42.012782706036),C,7,2022,11:59:00
8579dddc6d02b634b147e59f072bf61fe81d3b5611d4e3763441ebcb5a442b403b6cba3ad79b6cda9b4cc7f672735562f8f8cf000f57207952f83a6f1cdad666,2020-11-15 16:55:00,UNKNOWN,DARKNESS,UNKNOWN,NOT ON SCENE (DESK REPORT),11/15/2020 05:25:00 PM,41.762174118,-87.558927464,POINT (-87.558927463962 41.762174118016),C,11,2020,16:55:00
842ff3c24faa14346a034b0556ef60b1f07c42716b6db85e7857cf1f80c084662ff75886932d56c72f50e5070ccf91ce2720b64e5b84a476b06bb36212e56f47,2018-09-21 18:30:00,CLEAR,DAYLIGHT,DRY,NOT ON SCENE (DESK REPORT),09/21/2018 08:08:00 PM,41.784990689,-87.615595778,POINT (-87.615595778012 41.784990689029),C,9,2018,18:30:00
83a7494ff941241fcd63727c60863020c6f5b4cb2c1288439a703f92be7dc4b15b318f0328bc921246293ea33bd842c8e42513049348d5f8591cc34758f08888,2022-09-07 10:25:00,CLEAR,DAYLIGHT,DRY,NOT ON SCENE (DESK REPORT),09/07/2022 10:50:00 AM,41.924490094,-87.717288131,POINT (-87.717288130979 41.924490093998),C,9,2022,10:25:00
8461c99c7e36e4c12c33b13c535329339134f0136b8f3c84ea1c7989a742ed32dcb9ae2a31d1704232627b9fd8201aa8be33675c8d7608a202b53f053ce252b6,2021-12-21 17:00:00,CLEAR,UNKNOWN,UNKNOWN,NOT ON SCENE (DESK REPORT),12/22/2021 11:30:00 AM,41.891371066,-87.648649414,POINT (-87.648649414023 41.891371065994),C,12,2021,17:00:00
85e75830a03ce9ac46f38728bf315a3353edcdfa063b119e18acffcfeca4c97d508b1dd7248fded061d04e5ced79bb507bb494028f060d161e69f77541a6e251,2016-11-05 18:00:00,CLEAR,DAYLIGHT,DRY,NOT ON SCENE (DESK REPORT),11/05/2016 06:44:00 PM,41.795684929,-87.80051556,POINT (-87.800515560006 41.795684929004),C,11,2016,18:00:00
8428b4742d8869bba205c303839eca0721144c62b071436c16719779bc3d6728310e617b422a01a1aaf6166b47ece7b52ee8c83791ec0b431fb5e7ecb238eb95,2018-05-26 12:47:00,CLEAR,DAYLIGHT,DRY,NOT ON SCENE (DESK REPORT),05/26/2018 01:56:00 PM,41.877975138,-87.638422171,POINT (-87.638422171041 41.877975137969),C,5,2018,12:47:00
84d74e95cd2af765026bd7a2bbc5835614f01d58bc5c7dc8fe0da83afdb77e2e0d4a0dd42ea930e9ab1c5ba8e707f6d6e4d0a75bc38f18f921fad73d8cb80826,2020-11-02 13:50:00,CLEAR,DAYLIGHT,DRY,NOT ON SCENE (DESK REPORT),11/02/2020 02:10:00 PM,41.745585752,-87.613706583,POINT (-87.613706582999 41.745585752047),C,11,2020,13:50:00
8364b186c8a8ff4e9898ecb3a883cca72010a1ed99dfbefb1c286e372286353bfdcff1725cd6cb0ecc583b6e127352e585ed3e1d0e3f51d2239c0cd526f5843f,2018-04-18 21:04:00,RAIN,DARKNESS,WET,ON SCENE,04/18/2018 09:04:00 PM,41.744151639,-87.585945067,POINT (-87.585945066953 41.744151639042),C,4,2018,21:04:00
858d3a1612b0c7cc9a9a804936654a89842593f6e7644f6351a62d2adfc9c239699ef09dfdb2e97e034037defe57204e51c4365c162bdf86e6b58756ce6f82e3,2019-05-25 07:00:00,CLEAR,DAYLIGHT,DRY,ON SCENE,05/25/2019 07:05:00 AM,41.938266954,-87.795761499,POINT (-87.795761499004 41.938266954026),C,5,2019,07:00:00
85b7b8653f70326dfa4fa82f615a683b6e7d42066f33b4766121b5f282eaf0aa876c8c29049b0a302e92923c60e99e9070ca785fc09331d94d4bc54d7a685aae,2021-08-15 12:20:00,CLEAR,DAYLIGHT,DRY,ON SCENE,08/15/2021 12:30:00 PM,41.993112681,-87.707375866,POINT (-87.707375866003 41.993112681047),C,8,2021,12:20:00
8573e77f10e36b51daf8ee22f1d601f60bf1b99305214408d64cda971dd3bd4e0251caa8addbe0c645eea169d8192837b1fafe5d0d6d82e79a5379e26e0a27cb,2019-01-15 08:05:00,CLEAR,DAYLIGHT,WET,ON SCENE,01/15/2019 08:20:00 AM,41.792311499,-87.789197189,POINT (-87.78919718901 41.792311498963),C,1,2019,08:05:00
84e6984d4b4adb7da98009155cd4d80476aa508be372a24ef8f22f435cc2da835ec7d735c28fb4dd606ad24258589a8c5b531ec226fdd49c8f2bcd7d9c2ed341,2022-02-25 18:00:00,CLOUDY/OVERCAST,"DARKNESS, LIGHTED ROAD",WET,ON SCENE,02/25/2022 06:08:00 PM,41.71326357,-87.553770285,POINT (-87.55377028505 41.713263570021),C,2,2022,18:00:00
83e370480f05f3571c5fa7b5c2a42d20b0af191802707aa6379efeca73808116dfaa7a88ad5cdc2c488495e67e816cc1e9058a69a77a0d0402e3b60a7d49df64,2021-08-29 18:00:00,CLEAR,DAYLIGHT,OTHER,ON SCENE,08/29/2021 06:10:00 PM,41.736453748,-87.575852526,POINT (-87.575852526013 41.736453748001),C,8,2021,18:00:00
85a3e0557e1449523cbd40dcd556028e866041526791c78969c40afd2d16ab19a64129b5c113e01797712b8964f94371f1e99f71afd6fcd541f1af96b9d6140a,2020-02-07 16:40:00,CLEAR,DAYLIGHT,DRY,NOT ON SCENE (DESK REPORT),02/07/2020 05:00:00 PM,41.785387445,-87.606183761,POINT (-87.606183761008 41.785387444959),C,2,2020,16:40:00
84ddba87f22771d1fb17a00667d880f99b22639d51ab2f7667fa2eb1868fc6733f5275091f515835d3fe473749df6f45889ba6d6fbdf4c981c16dc1b8fe689f8,2022-04-26 07:00:00,CLEAR,DAYLIGHT,DRY,NOT ON SCENE (DESK REPORT),04/26/2022 08:30:00 AM,41.928144079,-87.733145835,POINT (-87.733145835007 41.928144078975),C,4,2022,07:00:00
849a6778cdfba65972025eae12d4297900fc4192da9ec7c58d0ae2713739e077165d92ab80c6b5f6538253bfa97047315b170e4897af3a3249fff65a3efef23c,2015-09-20 20:15:00,CLEAR,DAYLIGHT,DRY,NOT ON SCENE (DESK REPORT),09/22/2015 04:30:00 PM,41.692695048,-87.622963607,POINT (-87.622963607013 41.692695047957),C,9,2015,20:15:00
837f417ba0961fc1e377499336bda9f6cffda842e1be1c4ab9112727e465116c0d28ce335b75b4bf2a10c6d898c35db419bf727067b57fb381324883dfd37228,2020-08-11 19:00:00,CLEAR,DAYLIGHT,DRY,ON SCENE,08/11/2020 07:02:00 PM,41.948361485,-87.818229932,POINT (-87.818229931998 41.948361484982),C,8,2020,19:00:00
85a94854696a2a9d515ad47f9c9bec8b39e6f5729506a31a46cadadfa25e2563c226a2dfc3ba1b7acaa00635ee16126759648a463605aa336e94033ffcec10a9,2019-03-01 18:43:00,CLEAR,DARKNESS,DRY,ON SCENE,03/01/2019 06:45:00 PM,41.957788876,-87.767300288,POINT (-87.767300288031 41.95778887596),C,3,2019,18:43:00
838b4bc9abb7f01e85edeb10f1d1b4ca23ac6b126d2491827a35414fb29fd7f504fe003c66a220730918cd0015c2efc99f3ff110a04a9752c0af260052beed6c,2020-06-02 16:58:00,CLEAR,DAYLIGHT,DRY,ON SCENE,06/02/2020 04:58:00 PM,41.758851593,-87.588851537,POINT (-87.588851536986 41.758851592962),C,6,2020,16:58:00
83520c3666b74f03b7c64de74a8076c7c88f1e603cc77481b938464c10f9dc3b44a47a5f9de496c99b36775c76c41565355610c897d3927e14c959d6ae21dc6b,2023-02-26 08:45:00,CLEAR,DAYLIGHT,DRY,NOT ON SCENE (DESK REPORT),02/26/2023 09:19:00 AM,41.90052616,-87.712682588,POINT (-87.712682587959 41.900526159988),C,2,2023,08:45:00
838ef51839a967a16efe8b1a824bcddc79e6f2d7c3f8f8b0dfdbc96874ae59e5beb3015ed534e7abc95656dfb8d213d78b4921429ae72aad06bc0032f98db51e,2017-08-02 16:15:00,CLEAR,DAWN,DRY,ON SCENE,08/02/2017 04:30:00 PM,41.758245505,-87.626521907,POINT (-87.626521907009 41.758245504966),C,8,2017,16:15:00
88ba9d436d70350e937d7f71cf31fc6541ca1a86018b105c500156e79fdd86e6d6bb1ee3624dd84fa13b6cb0b85bd469828db40846ec92e051f488766f26fb45,2023-03-10 08:33:00,CLEAR,DAYLIGHT,UNKNOWN,NOT ON SCENE (DESK REPORT),03/20/2023 10:00:00 AM,41.811519655,-87.664900137,POINT (-87.664900136994 41.811519655045),C,3,2023,08:33:00
8662afc02d0fb7a62c9152f838f21b55a199eb30aca45836f4b921435d1952f7deebea995aebcac70fe68d2d8eda20ee17f928e9a7a05348b0089b34bdc63efd,2016-08-12 21:00:00,CLEAR,"DARKNESS, LIGHTED ROAD",WET,NOT ON SCENE (DESK REPORT),08/13/2016 02:00:00 PM,41.809095486,-87.628723167,POINT (-87.628723167002 41.809095485967),C,8,2016,21:00:00
88dd5e7f8e2972bce302c46bbca317fa4a82619b57468db022a6ede101caa6400c9604b2e6e8804ba1a6fa7e07019a22a7e2702c833b7987f58b71304059a919,2020-08-09 14:45:00,CLEAR,DAYLIGHT,DRY,NOT ON SCENE (DESK REPORT),08/09/2020 05:10:00 PM,41.917103631,-87.687248767,POINT (-87.687248767006 41.917103631009),C,8,2020,14:45:00
87195885ec9ef0579cc637bf34faaf6889307abcefad08128a634420a278d33035abf7523b47fd390bf13c03566b213014bfbee0bea2a37b228c1bb4e2eed535,2019-09-24 11:30:00,CLEAR,DAYLIGHT,DRY,ON SCENE,09/24/2019 05:33:00 PM,41.891530036,-87.705348937,POINT (-87.705348937004 41.891530035971),C,9,2019,11:30:00
86c86740922b3987e8cc2d80b33f2d69f7a28e2ef59d7e50e71f0d96715f60462a527909e5a10da12df7b8cae124159e0dcc080fb91f43fad87214f6e1e96771,2021-05-29 01:30:00,CLEAR,"DARKNESS, LIGHTED ROAD",DRY,ON SCENE,05/29/2021 01:34:00 AM,42.004097928,-87.781160344,POINT (-87.781160343953 42.004097928028),C,5,2021,01:30:00
86fdd39a56d03c4dd4303138221b3a00ffb772b9e108cf9042f8e31519a2beb11893f2e9a2f45d1d654dc779230ac1d46c8fa2fe32bcde5ac0d4420843438aa5,2018-05-27 01:28:00,CLEAR,"DARKNESS, LIGHTED ROAD",DRY,ON SCENE,05/27/2018 01:28:00 AM,41.749991021,-87.552384323,POINT (-87.552384323001 41.74999102095),C,5,2018,01:28:00
880594c925e0467d6e8c419c5fca51992bdad6852120006b221ffdf87b137d6633af470419512650ca1346d70085c5fb05b61b885d031200ee3d46cc3a90719f,2019-06-07 21:55:00,CLEAR,"DARKNESS, LIGHTED ROAD",DRY,ON SCENE,06/07/2019 10:10:00 PM,41.78073726,-87.57647025,POINT (-87.576470250028 41.780737259974),C,6,2019,21:55:00
88000a11938f7acbc40f9a6a9f558b176aee1d6ccac89797673648fecc743895a7e74df9c10dbba11f6c3b716933c847e4b47f976a3bdb86d5da565da09d392d,2018-12-19 19:30:00,CLEAR,"DARKNESS, LIGHTED ROAD",DRY,NOT ON SCENE (DESK REPORT),12/20/2018 02:40:00 PM,41.941854806,-87.66886892,POINT (-87.66886891998 41.94185480602),C,12,2018,19:30:00
87dd077dd1234484f9652b22296808172574fca8bbf390587809a027cafe6bbe8f97e17ae66e917ccf949a1b8abb3913b2937f4567e99d149a08a3cca926f76a,2020-12-29 11:08:00,CLOUDY/OVERCAST,DAYLIGHT,DRY,NOT ON SCENE (DESK REPORT),12/29/2020 02:00:00 PM,41.996459655,-87.663026455,POINT (-87.663026454997 41.996459655025),C,12,2020,11:08:00
887d8322b81a1c2fc97cf045054213d1aa6a576b5623b6328bcc5b6f3a4c96f55851a9fb1b9aa76be1a0dacd2b4ce66a7f29ba3ebe3c8bef8dd72e20842c4fb7,2021-12-31 10:00:00,CLEAR,DAYLIGHT,DRY,ON SCENE,12/31/2021 01:17:00 PM,41.977542234,-87.698026055,POINT (-87.698026054992 41.977542233992),C,12,2021,10:00:00
876327da3440008e7250819e629a137f0493a8dad90f7ca1fc3d34eb5cbd9a206500981f265e1ee01c53661affffcbaba3d63f063a11e11f8c905b01d0b49e96,2017-04-15 20:44:00,CLEAR,"DARKNESS, LIGHTED ROAD",DRY,ON SCENE,04/15/2017 08:44:00 PM,41.790493159,-87.66473581,POINT (-87.664735809998 41.790493159002),C,4,2017,20:44:00
8744c38432e050a5d7811fa23e64fdc3ac9e6d47eb459092351f5b62cd522ace02716130ab32859c6698d3023de850f9dd54cf6fe130fad87e944cee84820d61,2018-02-24 19:21:00,RAIN,DARKNESS,WET,ON SCENE,02/24/2018 07:25:00 PM,41.868635838,-87.744730162,POINT (-87.744730161967 41.868635837952),C,2,2018,19:21:00
88a4a79bde56e9ccc11f06a37281f1405557d74982d57efc5f9eb8c0c4f05db2e470535ce9e56ccfe25793a94026121fbe7ced4f43edb3f74aa8aebfb300faf2,2021-07-05 11:05:00,CLEAR,DAYLIGHT,DRY,ON SCENE,07/05/2021 11:35:00 AM,41.69178894,-87.622976722,POINT (-87.622976722048 41.691788940038),C,7,2021,11:05:00
8625f57852500cc9f908760b1bb2c1d3e3943aff8e5210d0b467d0028ae0e1d9ec08440e215e5c1c2dbca02b7aabdf8f4ddd0a6d8a4c601382e2d14cbe524812,2023-07-08 05:37:00,RAIN,DAYLIGHT,WET,ON SCENE,07/08/2023 06:55:00 AM,41.765563782,-87.624825828,POINT (-87.624825828045 41.765563782008),C,7,2023,05:37:00
875c265f71d3467b4b49b57bca10950fefb065ea41f650595417d2360b31f4be9f99e532cde84ca5f87fbb3319e75009229166055a4efb9083ab002ce4e3faed,2018-08-25 17:30:00,CLEAR,DAYLIGHT,DRY,NOT ON SCENE (DESK REPORT),08/27/2018 12:19:00 PM,41.939226397,-87.725414877,POINT (-87.725414877038 41.939226397019),C,8,2018,17:30:00
86ed7d10f206a6cf0b280344c261c8cf9d94e30c7f64d4eb95f69e53bda5473300a480da6b677aa5d5505a3a1187db85bfe205a17a6c88977d40f9ca853c3b37,2019-11-11 10:15:00,SNOW,DAYLIGHT,SNOW OR SLUSH,NOT ON SCENE (DESK REPORT),11/11/2019 10:30:00 AM,41.944788618,-87.641111168,POINT (-87.641111167993 41.944788617988),C,11,2019,10:15:00
88550fba031853d229ac163792e322d59760f570469b539d55fa045e9c880183f8c366bde890bb5282aac01a81e5f0e27e8034142d46eaf7a2a33b6d43c34255,2023-03-22 08:05:00,CLOUDY/OVERCAST,DAYLIGHT,DRY,ON SCENE,03/22/2023 08:16:00 AM,41.972649606,-87.713508202,POINT (-87.71350820197 41.972649606005),C,3,2023,08:05:00
87a3c99bb0ee138aa8d963be04a78a7f9521a9bd763515a4154a637c874a7734dea28c6f4bf621539687b5229ca02b1b4ab725969ee12a068b98260ba1035cb6,2018-10-09 15:41:00,CLEAR,DAYLIGHT,DRY,ON SCENE,10/09/2018 03:42:00 PM,41.816245802,-87.650758972,POINT (-87.650758971966 41.816245801955),C,10,2018,15:41:00
873caaf41a6d4d4d13234373a45cd1ef5a8dc7647da5d10010e120d67f67ab643de9b31df383f89afccae101941c8a020841067c97e6d6ba402597fa144f32a3,2018-07-27 00:23:00,CLEAR,"DARKNESS, LIGHTED ROAD",DRY,ON SCENE,07/27/2018 12:33:00 AM,41.903639931,-87.65554697,POINT (-87.655546970003 41.903639930952),C,7,2018,00:23:00
8677ed34f9307a377f86e182bf32a13c0d98fe9f2a6c96bf2773e5d4231e98eaf09348ed9e5c8a1fe35a52e6a3e795b6595e6937d4740e8407fbfe75e2cbd0f3,2018-10-06 09:50:00,CLOUDY/OVERCAST,DAYLIGHT,WET,ON SCENE,10/06/2018 10:31:00 AM,41.817683733,-87.6650402,POINT (-87.665040200043 41.817683733038),C,10,2018,09:50:00
86d2fec19dbf8df98e25fc2ae34dc8cc22b4252ca2ad9c3f7da504979dd9c9990a99785370c46904f5e6035f7dc1d821b4756b584d44332a6fd56b04e1490d28,2018-02-20 21:45:00,RAIN,"DARKNESS, LIGHTED ROAD",WET,ON SCENE,02/20/2018 09:46:00 PM,41.895747777,-87.632840348,POINT (-87.632840348002 41.895747776955),C,2,2018,21:45:00
86dcd955f9d4a192e3aa07be050b159e1a662fe3c95d2d0894bef9ae967129ed5e835f20509bf7ac9d6b5f4966b04dc9eb1715ef9e69b91c620d09eb9dedc718,2018-12-31 17:30:00,RAIN,DARKNESS,WET,NOT ON SCENE (DESK REPORT),12/31/2018 06:59:00 PM,41.893918609,-87.624085833,POINT (-87.624085832985 41.893918609004),C,12,2018,17:30:00
884630346c71e58ac75ff5fc28246e84e05146130edcf441a5bf2bd44f9c2be84135c86039c1aaa40f2cbaaced9de6877cca53b9544cb1b806a3d51ba4d12a0f,2019-12-13 15:38:00,CLEAR,DAYLIGHT,DRY,ON SCENE,12/13/2019 04:13:00 PM,41.749362768,-87.605332981,POINT (-87.605332981011 41.749362768013),C,12,2019,15:38:00
880247c62714d31a4518735ddae813bc266de078a1e05ca78e5b62616c9087c2b293f98976706f5fd0de2a5a38a85e610a3a89c4f1acbc39612904352abd7954,2023-02-27 04:35:00,RAIN,"DARKNESS, LIGHTED ROAD",WET,ON SCENE,02/27/2023 04:35:00 AM,41.899417277,-87.678564052,POINT (-87.678564051992 41.899417276997),C,2,2023,04:35:00
8750406f2054d9762cc3101d5cae20c45bbf452bc5a6507cdb99520b2f503840786350b56b78f4987f05d637d473b740bcfd0d5982d1d04b98803acce05a80a5,2021-03-01 05:52:00,CLEAR,"DARKNESS, LIGHTED ROAD",DRY,ON SCENE,03/01/2021 05:55:00 AM,41.688813907,-87.642122551,POINT (-87.642122550951 41.688813907046),C,3,2021,05:52:00
883646e3f1b16558ad395eca5e1962d5865e51342b9492856ec9f1da20af08bf3c80c53a07e1b71835881afc1c0a4ddd4a8613708705950f2681cdaa53d4cd22,2017-12-27 09:01:00,CLEAR,DAYLIGHT,SNOW OR SLUSH,ON SCENE,12/27/2017 09:15:00 AM,41.932604222,-87.727148226,POINT (-87.727148226037 41.932604221966),C,12,2017,09:01:00
882e531f16b4c2f10da0ede9b54dea0a0b8eccbf23813db1214dc31ee02205614ae82acc8e4cba3f42dacc8af38660c7419a247d29a2bc3ff257316f407ace71,2022-12-25 15:30:00,CLEAR,DAYLIGHT,SNOW OR SLUSH,NOT ON SCENE (DESK REPORT),12/26/2022 12:30:00 PM,41.97143762,-87.713596897,POINT (-87.713596897047 41.971437620006),C,12,2022,15:30:00
8845a309588c14a99858aa1b31473055669b0e2bc42e4373fbc4c52c566973a5f8672e2803f2e98bf2f13303c783dc15887f2b17c48650616cf2169e5801c42c,2021-11-27 14:29:00,CLEAR,DAYLIGHT,DRY,NOT ON SCENE (DESK REPORT),11/27/2021 03:00:00 PM,41.83849008,-87.735086772,POINT (-87.735086772024 41.838490080021),C,11,2021,14:29:00
88d78d3d568c0be7390244b5407493275bfe235957ab83cfa408b2b75a6707daef67871741beda8a7db73ff2853dba1bea353d2c46f531d1fa836514e25b471c,2019-04-17 13:30:00,CLEAR,DAYLIGHT,DRY,ON SCENE,04/17/2019 01:37:00 PM,41.940630765,-87.653982104,POINT (-87.653982103976 41.940630765023),C,4,2019,13:30:00
87d86ed65c9079719e6818c33564a4e798fe562e7c9fb61751b615a25fe796098f01f7f9c051f833a7cbe9e4bf476033f7495116f80f59eb8ae280968608b1ae,2015-08-18 14:00:00,CLEAR,DAYLIGHT,DRY,NOT ON SCENE (DESK REPORT),08/18/2015 02:20:00 PM,41.888399178,-87.623954282,POINT (-87.623954281953 41.888399177959),C,8,2015,14:00:00
870f92c039dd6b974403063f1c40a3ac47ced95ec03354ff58d959131545f66f9f7c2c4222e2bf697d7d3889f5449ac9c1807ed8449fe09a86949dfe1ef4efbd,2020-01-02 14:55:00,CLEAR,DAYLIGHT,DRY,NOT ON SCENE (DESK REPORT),01/02/2020 06:10:00 PM,41.92386239,-87.780518942,POINT (-87.780518941961 41.923862390023),C,1,2020,14:55:00
86d0aff142b0846bc9289182e369359c5fb071b53ffea9d43d2d82e4af429a1a83a1234818109c0a117278a718df3204385366be067c095229e08d31fda5c697,2021-12-30 09:00:00,CLOUDY/OVERCAST,DAYLIGHT,DRY,NOT ON SCENE (DESK REPORT),12/30/2021 09:15:00 AM,41.796698503,-87.723407562,POINT (-87.723407561962 41.796698503006),C,12,2021,09:00:00
874c38c0c5926257bd15f41f4ddd02a8909b57c80e3dea278341075fc6680ad06cb1f6563d5d0af66e39510aa9211a8c1f8c82ec0aaa799efaa6b9c36e0c3380,2020-10-04 04:32:00,RAIN,"DARKNESS, LIGHTED ROAD",WET,ON SCENE,10/04/2020 04:32:00 AM,41.665148375,-87.619886545,POINT (-87.619886545033 41.665148375025),C,10,2020,04:32:00
8682ed77c07ec76c53c78b199f62d650630086847e40c35f147fa248a260e332831b82021d896b9d1a63800aaf9e7eb143592ceaeff72e6ad69c56b7ced34db7,2021-04-08 16:22:00,RAIN,DAWN,WET,NOT ON SCENE (DESK REPORT),04/12/2021 01:40:00 PM,41.911653752,-87.648145785,POINT (-87.648145784969 41.91165375204),C,4,2021,16:22:00
88333d6ff1c9ba72ce923792b5ef18ae89b959582464ba6db96227507b8eab81b505d3e641cbd67d53129186445403c6410e9cee9ecaa2c22f9394e612181923,2023-05-03 15:25:00,CLOUDY/OVERCAST,UNKNOWN,UNKNOWN,NOT ON SCENE (DESK REPORT),05/03/2023 04:15:00 PM,41.985976968,-87.78782345,POINT (-87.787823450015 41.985976968036),C,5,2023,15:25:00
884940e9a18e7434744f88de970b10021ede3e48f04e249657321ef666912a3ab6fabc179f9a482eeff163b9b9d76739afb594cd6c0b80cddd5dd4a09938143b,2018-10-13 19:05:00,CLEAR,"DARKNESS, LIGHTED ROAD",DRY,ON SCENE,10/13/2018 07:23:00 PM,41.886486466,-87.667158289,POINT (-87.667158288989 41.886486465981),C,10,2018,19:05:00
869c38e4390f3194a74112577d160866caa60237d9fc9a5670913c91356f7495e273da017425d3eff34c13b8716b2c3e4fda2bd851fb19195dc8897fbee735e2,2022-12-14 11:34:00,RAIN,DAYLIGHT,WET,NOT ON SCENE (DESK REPORT),12/14/2022 12:15:00 PM,41.898491026,-87.624404117,POINT (-87.624404117014 41.898491025973),C,12,2022,11:34:00
881454d109233184fce09ff458550264119eb0f75c1206f5c93e470e34c900984bd88d868234cad59ff2af3672039620d2be22d6f55a66bf8c691f29d7bfcecc,2021-01-26 18:06:00,SNOW,DUSK,SNOW OR SLUSH,NOT ON SCENE (DESK REPORT),01/27/2021 05:15:00 PM,41.794908912,-87.616471792,POINT (-87.61647179201 41.794908912028),C,1,2021,18:06:00
87467ef612ee89f3eea97c35d45ef89d55134f6d3bb4c51e01727674476153fb127f8c0bddc50e4a2e4ea82061e6a2659880b41b0c0949a67e09bdeaf226fb67,2019-06-19 17:00:00,CLEAR,DAYLIGHT,DRY,NOT ON SCENE (DESK REPORT),06/19/2019 06:06:00 PM,41.891621161,-87.624253929,POINT (-87.624253929022 41.891621161011),C,6,2019,17:00:00