CRASH_RECORD_ID,CRASH_DATE,WEATHER_CONDITION,LIGHTING_CONDITION,ROADWAY_SURFACE_COND,REPORT_TYPE,DATE_POLICE_NOTIFIED,LATITUDE,LONGITUDE,LOCATION,CRASH_TYPE,CRASH_MONTH,CRASH_YEAR,CRASH_TIME
885b01b03d8722ad435030611f0539d521a0e08ca955b0d1ea35653b7a53d353357e029ca36825caeeb903b7db0f9d33ca62c37b587050334de29aea646da745,2018-06-27 17:30:00,CLEAR,DAYLIGHT,DRY,ON SCENE,06/27/2018 05:56:00 PM,41.684859123,-87.652019493,POINT (-87.652019492954 41.684859122993),C,6,2018,17:30:00
8804e235987fa77192742aedc30c63a5cfa76c5bd7bcaec91b6e919c823365d7579bdd3a98ae137e6ea0f93f97cfecea0009ebdc06144c0500eaef44d18435ec,2020-04-03 09:40:00,CLEAR,DAYLIGHT,DRY,ON SCENE,04/03/2020 09:55:00 AM,41.777298211,-87.796086502,POINT (-87.796086502028 41.777298211004),C,4,2020,09:40:00
881e9b02a4ed49fd203a3085d4db8ed9d9446105af377050b0632b14edb5cfb56c72acab65636cbd7158d4f5fe4a1f8f07c8e35a7363ca2014d1535bcfd680f5,2018-08-08 18:15:00,CLEAR,DAYLIGHT,DRY,NOT ON SCENE (DESK REPORT),08/09/2018 05:00:00 PM,41.924087714,-87.795110629,POINT (-87.795110629008 41.924087713962),C,8,2018,18:15:00
86ddc25d467ae4adb78300e052b8e989f664dc23a2ffb9b1e7373838048e20de055de1c8a159928ce5f00d90b1666422f1cbe9185641d6d7bedbe49b044828ab,2019-04-03 08:28:00,CLEAR,DAYLIGHT,DRY,ON SCENE,04/03/2019 08:29:00 AM,41.76830667,-87.629995144,POINT (-87.629995144002 41.768306670027),C,4,2019,08:28:00
86f248ce5bc77f0614f3cb23b337f48e33b23b058a0a88c9b72a8424355a4a915355f1c9772154113b99a6f6a4bac1e97788cafaa1e9ac39b5b02b195e692d88,2021-08-26 20:01:00,CLEAR,"DARKNESS, LIGHTED ROAD",DRY,ON SCENE,08/26/2021 08:08:00 PM,41.663355654,-87.641363438,POINT (-87.641363438039 41.663355654041),C,8,2021,20:01:00
8841e2c79b068ec34fdd37167323c41e3022aaa29e35d907497b4bcc437d69e2b2e9b5d2a6cf5b1bb1437b7d763ffbef295098270a81770ad220dc4847df116e,2022-08-17 16:40:00,CLEAR,DAYLIGHT,DRY,NOT ON SCENE (DESK REPORT),08/17/2022 05:50:00 PM,41.898962816,-87.667224808,POINT (-87.667224807999 41.89896281603),C,8,2022,16:40:00
869777c7b295d1d6ce8b9da9510d5896d8f71fd2600e7b42ec6a10493736a86c45bcdf1a22ca332ff8907fe90945318440b1d833f0e1a98ce8f50bc4af30572e,2022-05-16 09:00:00,CLEAR,DAYLIGHT,DRY,ON SCENE,05/16/2022 09:33:00 AM,41.847703472,-87.721131719,POINT (-87.721131719023 41.847703471954),C,5,2022,09:00:00
87a599e2b038e9435ae0c7e0d71897da7939b939064acb540d1bef3a60cd677877e8f414b0b57c9d66cdcbbe685399189f2deb593d23e3427eaa32d27b269396,2016-02-14 14:15:00,SNOW,DAYLIGHT,SNOW OR SLUSH,NOT ON SCENE (DESK REPORT),02/14/2016 03:15:00 PM,41.886788617,-87.65232125,POINT (-87.652321249973 41.886788617008),C,2,2016,14:15:00
871884bc8d34414f5641a9137762b5a904ba6ff4488d213e98d8e59fb6d162e30f41c0f74cd2db4e6d9e41cae88b36c623a852b6e387ccf542787306ae4e6db8,2019-05-04 15:30:00,CLEAR,DAYLIGHT,DRY,ON SCENE,05/04/2019 03:35:00 PM,41.712072677,-87.681644152,POINT (-87.68164415196 41.71207267704),C,5,2019,15:30:00
8779b4d023a014ce3b1a1734b1ff1679b2a000225a5dd3bb04bfda936c464b847f91d7b414dea915c2a1c1d45686776de80654c137d2f70e6afbc964ce066930,2022-08-25 19:31:00,CLEAR,DUSK,DRY,ON SCENE,08/25/2022 07:35:00 PM,41.830439364,-87.605760977,POINT (-87.605760976989 41.830439363971),C,8,2022,19:31:00
87ca3fbaeeb4c9a13604ed694f4cd6e15792efc755f8c4861eaae972d79bdade1b47c46a3c6a8e7185480fe6c00fd2d8441b179efce5b045e45c8cb42baf27b3,2018-01-05 04:25:00,CLEAR,"DARKNESS, LIGHTED ROAD",DRY,NOT ON SCENE (DESK REPORT),01/05/2018 08:00:00 AM,42.012582905,-87.663488208,POINT (-87.663488207977 42.012582905034),C,1,2018,04:25:00
86326886030a2172d0c0e061b7e506f6d7074b1e1201ff43eb1d4357386a5d95fd1da5588480825abd795028f08ea1c1a02cd857612786c1d37c7e0461733b3e,2020-12-02 19:07:00,CLEAR,"DARKNESS, LIGHTED ROAD",DRY,ON SCENE,12/02/2020 07:08:00 PM,41.861248347,-87.69560597,POINT (-87.695605970043 41.861248346977),C,12,2020,19:07:00
88322ff9b1698e3e7eae640d48b65386346f79862515b2fb43dbad46644ee157811a0ab8bffda6364673c69a440d8ed49efdc871475bd55c379df24601c9761a,2017-11-28 07:29:00,CLEAR,DAYLIGHT,DRY,NOT ON SCENE (DESK REPORT),11/28/2017 12:20:00 PM,41.884583461,-87.631854398,POINT (-87.63185439803 41.884583460994),C,11,2017,07:29:00
870f3a3fcaa58a2fa50661a1e230a3f234aba597283d8c88ba6400be5f935411623986b67a2b0a9efa8291cca3459f0548ba2d4f24bf36a97d73b4bd19463ba3,2022-07-23 15:50:00,CLEAR,DAYLIGHT,DRY,NOT ON SCENE (DESK REPORT),07/23/2022 04:30:00 PM,41.991867173,-87.755345739,POINT (-87.755345738978 41.991867173008),C,7,2022,15:50:00
86ac97e7deb69ab033a51049b7e93c2320a5e4390d6e9b283bdf423c9cddab94b88b80b3db0191f8ee296babce48fe08d52993bbd25980572587c93e638ac999,2022-10-25 10:49:00,RAIN,DAYLIGHT,WET,ON SCENE,10/25/2022 10:49:00 AM,41.804357658,-87.582050971,POINT (-87.582050971028 41.804357658011),C,10,2022,10:49:00
880bf678c1c05c318b518a35afcc502651957fee8d8d9bb52b572764410f55afbed89fcd7a6559f115290920d32c1a19500a747341271c20c788bbde083e8aca,2019-11-04 13:28:00,CLEAR,DAYLIGHT,DRY,NOT ON SCENE (DESK REPORT),11/04/2019 02:41:00 PM,41.817683733,-87.6650402,POINT (-87.665040200043 41.817683733038),C,11,2019,13:28:00
882e4edb633609619efa72aafea170a188a4e6626b2a0cac441b46a96d75ad938380672992ae6c6e5ee1b1f612e7e08f60a63718be7a724dda18445f38990ea4,2018-03-09 18:33:00,CLEAR,"DARKNESS, LIGHTED ROAD",DRY,ON SCENE,03/09/2018 06:33:00 PM,41.68523047,-87.638633159,POINT (-87.638633158992 41.685230469969),C,3,2018,18:33:00
87a0308af4c52be252ac0614a65a1c13cbf55661edd1be5f680ea0804f221a524f92005b739a9fc2b481d7a87539450193e6590149c0c3149e03adf3490e8544,2021-11-17 07:30:00,CLEAR,DAYLIGHT,WET,ON SCENE,11/17/2021 10:41:00 AM,41.705224258,-87.60259748,POINT (-87.60259747998 41.705224258037),C,11,2021,07:30:00
87318c365acfd55043bde23ed82bc3ad27f5a61c579217525952ff54a686218f5b568c8816fc8cedf00382498463ebaf2f998fafc7890a60b7aad58291e19432,2019-01-28 12:40:00,SNOW,DAYLIGHT,SNOW OR SLUSH,ON SCENE,01/28/2019 12:50:00 PM,41.920045346,-87.638065406,POINT (-87.638065406004 41.920045346006),C,1,2019,12:40:00
88cec3d6d5c227de0c3a6be64bdf4a48dce035efb96274d024fe3b06040cf9b8266eb7300fbf13c46531376e59fb9659524796a63a512d1bacbc031739fc9ca3,2022-04-21 16:30:00,CLEAR,DAYLIGHT,DRY,NOT ON SCENE (DESK REPORT),04/21/2022 04:30:00 PM,41.682973474,-87.642228468,POINT (-87.642228467961 41.682973473961),C,4,2022,16:30:00
886f4c226cc40e43124ac92e57ca99cada50788dbd4e1aa81cdd140bfadd974885b2c529e4d84bf2ddde2de66eab37f49dffddd9aef65689720c3f7e48dd3525,2021-02-12 15:00:00,CLEAR,DAYLIGHT,DRY,ON SCENE,02/12/2021 03:45:00 PM,41.891621161,-87.624253929,POINT (-87.624253929022 41.891621161011),C,2,2021,15:00:00
86e710eafd275f1abbb35802ff4bd95707fa2f2d59bed3c8ce223dbd2d958e77646f446f6f567a60c219ef30537bb9ba33e53f2afddadb964b3375a3cf989b71,2018-09-13 08:20:00,CLEAR,DAYLIGHT,DRY,ON SCENE,09/13/2018 08:39:00 AM,41.749903242,-87.707348392,POINT (-87.707348392008 41.749903241984),C,9,2018,08:20:00
8660ec0b2512c6be4879d780f7a09eca2dde13e7ad49209c508c89c802048714c45a500b4a6c1b14fdc070873d1d194235da2b57bdada513c5447021f40bcf56,2021-05-17 15:00:00,CLEAR,DAYLIGHT,DRY,ON SCENE,05/24/2021 02:00:00 PM,41.744151639,-87.585945067,POINT (-87.585945066953 41.744151639042),C,5,2021,15:00:00
86506445d6d9cb9cbe0aa02efc937402a08091bbbaa52dfddf473a9a47e804bebdd9657f58ad1ae54351c7fd11d30e3aa8ee0a71ebf03cd7e22d52e801eb0ce8,2017-09-10 17:05:00,CLEAR,DAYLIGHT,DRY,ON SCENE,09/10/2017 05:23:00 PM,41.921729807,-87.663234201,POINT (-87.663234201004 41.921729806985),C,9,2017,17:05:00
86189f59cd818b9f58a833319ecfa59fd94ee626547f1b0f6c6448508b80138a25dd843da32b76f8d1a290ec3e4e96c17878cc5b57389acd5becc8e7bf050a96,2016-02-20 03:20:00,CLEAR,"DARKNESS, LIGHTED ROAD",DRY,NOT ON SCENE (DESK REPORT),02/20/2016 03:45:00 AM,41.684000795,-87.710347761,POINT (-87.710347761044 41.684000794983),C,2,2016,03:20:00
8785c446daa03f23b612e826e4f9f7f17eec84d917d1a2c5532e6f2d69b90ea93d3425aa7308f99fe92cc13fc3d32a2f2dc0e12619785174bcaa472c90ee3c70,2017-12-14 19:22:00,CLEAR,"DARKNESS, LIGHTED ROAD",DRY,ON SCENE,12/14/2017 07:25:00 PM,41.961238465,-87.713199375,POINT (-87.713199374979 41.961238465013),C,12,2017,19:22:00
88f561050dbd9610d1132fcc5c761f31a5e83230434d03b066a745077c1d11d192af90d13aa23d76629b0bfea9d3fd5a178e3bac83826a0a0337e587f2c26d7f,2020-06-26 20:05:00,RAIN,"DARKNESS, LIGHTED ROAD",WET,ON SCENE,06/26/2020 08:10:00 PM,41.910005731,-87.706895043,POINT (-87.706895043031 41.91000573099),C,6,2020,20:05:00
88ae59e8c8a07573ed75dbd52fe7bc8c29ef9c124cf6a118f80d84df2c1d2a03ebfe9ea8dc162273c9b9e545fbc62b35af0936165054710fb901d45103761ab7,2018-01-23 08:30:00,RAIN,DAYLIGHT,WET,ON SCENE,01/23/2018 08:46:00 AM,41.97011961,-87.660563253,POINT (-87.660563253 41.970119610029),C,1,2018,08:30:00
86af5f8f538f680d9147d6506fd1ddb7fb79c72a6125bec0eb06e397505ea1ee5efbb60cfc07455870987f33b94a34ca57ec54bea52addd2d2bca4cc62e0ff35,2020-07-19 20:21:00,CLEAR,DARKNESS,DRY,ON SCENE,07/19/2020 08:21:00 PM,41.900960024,-87.770617147,POINT (-87.770617147025 41.900960024048),C,7,2020,20:21:00
874114f0187ee95e2eee95b82f7f76d5eb7d2a378632ad5bd27c1f7ab8fb9448ff08beeb674953d11271109e0080a8276de717105798c1be06367d857509954c,2020-08-04 12:17:00,CLEAR,DAYLIGHT,DRY,NOT ON SCENE (DESK REPORT),08/04/2020 12:19:00 PM,41.877050528,-87.737449964,POINT (-87.73744996399 41.877050528031),C,8,2020,12:17:00
874b5ed2ff7f605efbac56ab926d51f7ebd1eeaf030396d372f589721e718f88b40cdad4f52f3d9cdb6e545c130c2cef9bea548362478de496e81a16c8d4ebe8,2019-06-12 15:30:00,CLEAR,DAYLIGHT,DRY,NOT ON SCENE (DESK REPORT),06/12/2019 04:26:00 PM,41.749903242,-87.707348392,POINT (-87.707348392008 41.749903241984),C,6,2019,15:30:00
88b225ed1555a0242d7bd51f9db35fd41cd68aa504963b72b12fffa0220d307ef3aeb7c1f8e799e654eb931e4b4fd4da1b152bd8ff57b2954e5760f266b4e518,2016-11-09 06:15:00,CLOUDY/OVERCAST,DAYLIGHT,DRY,NOT ON SCENE (DESK REPORT),11/09/2016 06:30:00 AM,41.969433711,-87.761920631,POINT (-87.761920630954 41.969433710973),C,11,2016,06:15:00
882a8e658c8070513cbb7778ce2d823f3314d7144ced3cb0c2a4faf1acc23dfa9c7aa7978bdbc09e6e4acbae81a2978629e6f18839e47c4795ebc3c31097be67,2018-08-10 16:20:00,UNKNOWN,DAYLIGHT,UNKNOWN,NOT ON SCENE (DESK REPORT),08/12/2018 07:30:00 AM,41.9536469,-87.732081736,POINT (-87.732081736006 41.953646899951),C,8,2018,16:20:00
8635f86359eecfec5c0d54097222771843226e75298c09a2ad56d2dac6406361e399310ad4805b83d7f231f7da1f59ad996895b1be5221bdf225962681cfc9d2,2019-06-08 09:45:00,CLEAR,DAYLIGHT,DRY,NOT ON SCENE (DESK REPORT),06/08/2019 10:10:00 AM,41.708171808,-87.539970756,POINT (-87.539970755983 41.708171807954),C,6,2019,09:45:00
8649bee0a6d6a6e50df9913b9bff0ee8f2b8a1762d2cfa3d8e416991e28932c07b6ff127457fa74f43272623241cd17ba5381c63d62988332d0e223aa2032bd5,2022-04-30 08:33:00,RAIN,DAYLIGHT,WET,ON SCENE,04/30/2022 08:33:00 AM,41.873212202,-87.746217524,POINT (-87.746217523975 41.873212202011),C,4,2022,08:33:00
8aa354ad48fcd13702d41ea51470994589181a377de26d38485ab0da5f4de5849b6e4f03439205f0c028a136ec97d60fbe1cc04efffbe5337a1638775247265d,2019-12-08 21:00:00,CLEAR,"DARKNESS, LIGHTED ROAD",DRY,ON SCENE,12/08/2019 09:06:00 PM,41.843897331,-87.714627046,POINT (-87.714627045972 41.843897330975),C,12,2019,21:00:00
89900fee8eb325273615335c05f3b65fde56ab8b2259c054180546a1edfc94a7196045e7abba0c0233845cccfb919fdd51660fdf2a0c52a65cae892ae49ebda1,2018-08-27 20:30:00,CLEAR,"DARKNESS, LIGHTED ROAD",DRY,ON SCENE,08/27/2018 08:57:00 PM,41.953200219,-87.756418985,POINT (-87.756418985019 41.953200219018),C,8,2018,20:30:00
8badb9e0415f3478fd90e8e0502fb4f7f2209430e7c22dc8b4f1d7bbfec1c7c2fcff91a51437614fd40f2ad29d9fdc85e653e8ae66df0bb59352f585ec76e97b,2017-10-09 06:45:00,CLEAR,DAYLIGHT,DRY,ON SCENE,10/09/2017 07:20:00 AM,41.920676631,-87.775630269,POINT (-87.775630269041 41.920676630982),C,10,2017,06:45:00
8ac7d97ece4f66518ccf0e55877344549ac4c1c5417ed877113519c5e2d95ae6650549a88c84f4c0ad46b99d1419983d51089178f6c78780b66987105c35551a,2018-04-10 14:51:00,CLEAR,DAYLIGHT,DRY,ON SCENE,04/10/2018 02:51:00 PM,41.758245505,-87.626521907,POINT (-87.626521907009 41.758245504966),C,4,2018,14:51:00
8b6ab57dad33b35473b3f0a7b696619cc87132d11ef1de2f529e92eac6de14ac519b81e2b51e808929964c7d02106554a61ff899d991895f70ac184f62d4b2ed,2018-08-10 16:04:00,CLEAR,DAYLIGHT,DRY,ON SCENE,08/10/2018 04:05:00 PM,41.762174118,-87.558927464,POINT (-87.558927463962 41.762174118016),C,8,2018,16:04:00
8a077ca8bee24b7c57846bff80a830f91842ae9c5ad90154415057a171bbce39126816f5f1cce0cbe14e812058ecaea8ad89ec0eab33b13aad8fd9a2c58a2b59,2020-09-16 20:09:00,CLEAR,"DARKNESS, LIGHTED ROAD",DRY,ON SCENE,09/16/2020 08:12:00 PM,41.916760313,-87.752866224,POINT (-87.752866223957 41.916760313025),C,9,2020,20:09:00
8b436baaa45f891941e5d100e81cb353f9186eda0e404149eb446d67ea66da902adc576d0741690fa0caf95e2117714c19fa5ee6bff44eaf5186815104f5f04b,2015-10-15 19:00:00,CLEAR,DARKNESS,DRY,NOT ON SCENE (DESK REPORT),10/15/2015 07:32:00 PM,41.996343921,-87.697009887,POINT (-87.697009887009 41.996343920972),C,10,2015,19:00:00
8b3d41183b6fe955276f321373fed9c1255bd1fcea16c58f1bc1796f13238f3ac5dd370ed1ec11238f5a121a9dbb3d6f42ee7424ae785689df9db4a397a44f26,2022-09-27 13:30:00,CLEAR,DAYLIGHT,DRY,ON SCENE,09/27/2022 01:30:00 PM,41.808749374,-87.66230696,POINT (-87.662306960034 41.808749374011),C,9,2022,13:30:00
8b0d831d9eea6b0aafa9943e7ffaa3679c96d5dd7c6e0b608f53e1716d4027a8d911007575a0f4e5fb689cc1068579bff62811935897c8ad1cca8b1a16d0302f,2020-01-07 20:30:00,CLEAR,"DARKNESS, LIGHTED ROAD",DRY,NOT ON SCENE (DESK REPORT),01/07/2020 09:15:00 PM,41.92386239,-87.780518942,POINT (-87.780518941961 41.923862390023),C,1,2020,20:30:00
8a1d84ddfe9c10265b86cc3109a1d9827d11d8a602dbe56184d2c6198637efc707968468ae063c250ff497d99383f23b19259191f4ce946e75f42bdeab68a507,2017-10-19 23:30:00,CLEAR,"DARKNESS, LIGHTED ROAD",DRY,ON SCENE,10/19/2017 11:31:00 PM,41.898962816,-87.667224808,POINT (-87.667224807999 41.89896281603),C,10,2017,23:30:00
8b5cc744884dc0bf99f3408b99e4998fa57b77a3c8440e5d13fe2c790ecabb212c369dffa46a8051dd1b8d14c5b9a4450eae0c5c6163749e4f4b8e9c14ed56e6,2017-03-22 20:30:00,CLEAR,"DARKNESS, LIGHTED ROAD",DRY,NOT ON SCENE (DESK REPORT),03/22/2017 09:10:00 PM,41.891621161,-87.624253929,POINT (-87.624253929022 41.891621161011),C,3,2017,20:30:00
8bd132091b481781fec6d259cbd92a0ecb20691ba16e170bbf1a95e610fc1be606d7206b6e061754d685f60c4cfe470033df2d227301f320097c7c6a80f78816,2016-05-17 09:30:00,CLEAR,DAYLIGHT,DRY,NOT ON SCENE (DESK REPORT),05/17/2016 05:36:00 PM,41.784385694,-87.740065946,POINT (-87.740065945952 41.784385693962),C,5,2016,09:30:00
8b4ef12dd069ff780ff0e8c74c41a4fa40563247cf43aec302067887e1657aaf181875a122b8868e45753797d865d363744a69f8bdd384d1c312f35833ef005a,2022-06-28 06:00:00,CLEAR,UNKNOWN,DRY,NOT ON SCENE (DESK REPORT),06/28/2022 07:30:00 PM,41.811829923,-87.692521411,POINT (-87.69252141103 41.811829923042),C,6,2022,06:00:00
8afea90a06ceab1e6ce31ce4ecd03b9beeeb9e2e9a04bc33790abfb0fdabb230fcb034be48bf29f2f45bda0a85a8975ac86f976a23cea014e8d250d0943aa146,2017-05-03 17:15:00,CLEAR,DAYLIGHT,DRY,NOT ON SCENE (DESK REPORT),05/03/2017 05:30:00 PM,41.8773671,-87.649413387,POINT (-87.649413386972 41.877367100039),C,5,2017,17:15:00
8a62465bfba6c8890afe5aa75587c313c692aff3148625315ad0957018b42c5dac804ec5151e93f5902fdfbf206221e3ebc5304837c0305d9b573e9387d2e5b9,2017-12-26 10:55:00,CLEAR,DAYLIGHT,DRY,NOT ON SCENE (DESK REPORT),12/28/2017 06:25:00 AM,41.975355803,-87.65189745,POINT (-87.651897449989 41.975355802966),C,12,2017,10:55:00
8a2130c82a08d46e6fdd752d69a330079ee9c6b9048f4f270c3b96a90bba54a497eb2cfeba805fafbbecbf302b2cdfa59e2c0e3b17b1336ee6b3f07ef3e9ddee,2019-09-20 18:45:00,CLEAR,DUSK,DRY,ON SCENE,09/20/2019 06:46:00 PM,41.968419448,-87.778547292,POINT (-87.778547292024 41.968419447999),C,9,2019,18:45:00
89f6b5924b6cbbb220f5af846ff34838e152cb366a2c4b6a66599b451132ac3fdcec5b31b492e268f9f73422c46f9a77287813f8421834bcb81210d9b1b9747c,2022-07-29 19:50:00,CLEAR,DAYLIGHT,DRY,ON SCENE,07/29/2022 07:56:00 PM,41.858908833,-87.729904272,POINT (-87.729904271964 41.85890883299),C,7,2022,19:50:00
89c726397962555470f9c6049c130a44fe6ff421a0d3a933776f38be716f5140a5bbeb35c5241beb47d367bf4ca95d449d2f7dbae6ddf8df3f4e8a059c304ef5,2021-09-14 11:48:00,CLEAR,DAYLIGHT,DRY,ON SCENE,09/14/2021 12:05:00 PM,41.939957876,-87.727354741,POINT (-87.727354740978 41.939957876044),C,9,2021,11:48:00
89e64b70c6eab6fb59df545a85ae73651ca46b9d2d6b22cacc07af8a9a5bacfb6177a8b93d802a8213001b3c552b247bbcc2dc885a355f8c097acce29d66b4e1,2019-09-04 00:28:00,CLEAR,"DARKNESS, LIGHTED ROAD",DRY,ON SCENE,09/04/2019 12:28:00 AM,41.862908014,-87.646646126,POINT (-87.646646125951 41.862908013953),C,9,2019,00:28:00
8901bf23697457553d5ba77b320f89c5649bbd3679202ee8a7616820a96d6bd5f98abcfb1c49589674f3e95ac511ba7c00b693f5a1368f6f68ba80d0a371b6c7,2023-03-04 21:15:00,CLEAR,DARKNESS,DRY,NOT ON SCENE (DESK REPORT),03/04/2023 10:50:00 PM,41.891955277,-87.617777237,POINT (-87.617777237011 41.891955276985),C,3,2023,21:15:00
8a12e7a6b74e9da41d1b3e63a9fcd5452a408d029e5f15d3a773da5f33a4c23c1ea23de89064b70519c63aecfd12c50a4fc09e5879569a9acd6ac803c0ca4c8f,2021-11-01 08:32:00,CLEAR,DAYLIGHT,DRY,NOT ON SCENE (DESK REPORT),11/09/2021 09:15:00 AM,41.85299459,-87.629136748,POINT (-87.629136747987 41.852994589998),C,11,2021,08:32:00
8aae07e7f0423611a302f0f0859343adefb296f959b1b593d64e010f763835cc69d15a29e71d4a506dff8a430230c94a8f024bd15c8d166c0d621cd06062687d,2021-12-26 16:30:00,CLEAR,DARKNESS,DRY,NOT ON SCENE (DESK REPORT),12/26/2021 05:10:00 PM,41.924550441,-87.730586493,POINT (-87.730586493001 41.924550441008),C,12,2021,16:30:00
8a24b445b26062577130a164c0ab466ff9487d78c37d04d19339905ce1741cc1f7fc3a17a8a8492acc2ebf622cf1da73c9af348e4e9b64b42a8b890743331a2c,2020-09-26 08:34:00,CLEAR,DAYLIGHT,DRY,ON SCENE,09/26/2020 08:36:00 AM,41.922932745,-87.674618372,POINT (-87.674618371969 41.922932744959),C,9,2020,08:34:00
89bc7f398eedb162e1ada08d66692772907f3b3231e88e6e38382ff8afc917df4baa0a12afe8c8cdcdb0eb1a7dbbfec7a8722e2aa8b89d7d9daadb1584a78929,2017-08-21 17:45:00,CLEAR,DAYLIGHT,DRY,NOT ON SCENE (DESK REPORT),08/21/2017 07:17:00 PM,41.939108264,-87.717256893,POINT (-87.717256892992 41.939108264021),C,8,2017,17:45:00
89f4c0914467a5c453ce2c3ba0cd9acdd7574963e48b17ec7b46576e9dbf506a13f75a73e8b62f0decadc9483a66148c368b7031eb223abcaa59a5135174f1ee,2019-11-04 09:15:00,CLEAR,DAYLIGHT,DRY,NOT ON SCENE (DESK REPORT),11/04/2019 09:45:00 AM,41.921729807,-87.663234201,POINT (-87.663234201004 41.921729806985),C,11,2019,09:15:00
8937d6fe96ae1ebabd6989cf080aef13a23a8feb18163e9e9ab686dceba63b9cf26e1f7c46ea0194bdedc037f20cec907641167c0010bd40110f2fc3577b3d09,2022-07-15 14:30:00,CLEAR,DAYLIGHT,DRY,NOT ON SCENE (DESK REPORT),07/15/2022 02:50:00 PM,41.909883748,-87.716751343,POINT (-87.716751343041 41.909883748015),C,7,2022,14:30:00
896354f4445d42511de952dcf900e315f10b3b9f076e8bee11ce234ce0a4840433536f0b34fef823f5c4799f59f86de31ce5a40f25188ea4063ee04bb38ff1ff,2019-11-19 07:30:00,CLEAR,DAYLIGHT,DRY,ON SCENE,11/19/2019 08:10:00 AM,41.910271411,-87.683226552,POINT (-87.683226552019 41.910271410965),C,11,2019,07:30:00
8ab4c5c9b0b4bd8bae00cced4deb8fb414c9046c7b91d2890c8750d2c39e2eb5d1ebd2f8e7a7a7b9ef1a7f40044b6e435100eef7b6341ec860ba28b8e6b965c8,2020-01-03 15:30:00,CLEAR,DAYLIGHT,DRY,NOT ON SCENE (DESK REPORT),01/09/2020 09:45:00 AM,41.817683733,-87.6650402,POINT (-87.665040200043 41.817683733038),C,1,2020,15:30:00
8ac7f3f3f9006161d9196f6ed0bae9120d3384929718b3b0fb9f301614bece77678c114438f47079e612c9345d966d9e067060ed028b302b54fbbcc53dc5ea09,2017-10-18 02:20:00,CLEAR,"DARKNESS, LIGHTED ROAD",DRY,ON SCENE,10/18/2017 02:30:00 AM,41.839618307,-87.614090377,POINT (-87.614090376967 41.839618306985),C,10,2017,02:20:00
8a1ca58b4cff6c9428aa3befe61201245730a07d13f3a6c141b39dbfe884311f17013ac466fd070d138d017b9cf1c846809677fb5a66698dcab5fa11d90d9437,2015-09-19 18:00:00,CLEAR,DAYLIGHT,DRY,NOT ON SCENE (DESK REPORT),09/19/2015 06:38:00 PM,41.888399178,-87.623954282,POINT (-87.623954281953 41.888399177959),C,9,2015,18:00:00
88ff6cac3632fbb74fd51b06f705a0c9a40c38ca7ff9291107178f30386d6480b9b76a30c2a2e66b8af7f6b151885b148fa4e7e54d8aeef15a97db891f41401b,2023-06-15 17:47:00,CLEAR,DAYLIGHT,DRY,NOT ON SCENE (DESK REPORT),06/15/2023 06:38:00 PM,41.969038442,-87.667662387,POINT (-87.667662387022 41.969038442049),C,6,2023,17:47:00
8b4d9f2c0c9755e436d61c25484244c33277a66cd3762d88f1a1d692aa4f5673a18657db5ef224c25c318a288e1aee0ba00eba96b882233929a5be54a226ef82,2017-10-10 20:10:00,RAIN,"DARKNESS, LIGHTED ROAD",WET,NOT ON SCENE (DESK REPORT),11/07/2017 04:50:00 PM,41.887428891,-87.660961599,POINT (-87.660961598977 41.887428890955),C,10,2017,20:10:00
89776ade828f73550583b84ec511a40b88b70da6e2150fd36d6e9bc0839e461cc4b5d80db680d63c20091200198b26de96597024008a25534d7b3e2a074fc737,2017-09-29 13:45:00,CLEAR,DAYLIGHT,DRY,NOT ON SCENE (DESK REPORT),09/30/2017 02:00:00 AM,41.720069963,-87.596997756,POINT (-87.596997756032 41.720069962987),C,9,2017,13:45:00
8b5d04300f5bd9ef6e7bd669acecc7d5136469695e383d7aa964db1e7d13ae9cdc5f47c89a94a949f92e077bf6929a4250f88626a261f14e02bf0e208757c749,2018-02-19 03:00:00,CLEAR,"DARKNESS, LIGHTED ROAD",WET,ON SCENE,02/19/2018 06:46:00 AM,41.796777345,-87.758607508,POINT (-87.75860750803 41.796777345033),C,2,2018,03:00:00
8bb600fe0a0374e54474413b983ac137fc1577cae3da60744af59b8bca1482a4456c9e7d6bdc8f92d0dbac7a876ca8de184f094a732e193c41ce8be0985d161a,2022-02-01 10:56:00,CLEAR,DAYLIGHT,DRY,ON SCENE,02/01/2022 10:56:00 AM,41.785387445,-87.606183761,POINT (-87.606183761008 41.785387444959),C,2,2022,10:56:00
8956511696c1490892324489ac83c58a7115a5079182bd753998ad8556ac347e27e004df68c939f14213fc390e4e6e71833491ae026710f324803797fc5b8cc6,2017-01-22 11:30:00,CLEAR,DAYLIGHT,DRY,NOT ON SCENE (DESK REPORT),01/22/2017 11:40:00 AM,41.830076617,-87.690050472,POINT (-87.690050471985 41.830076617029),C,1,2017,11:30:00
8bc2fba8e225f0e1ef8d4ccae422e53d3ca1935fb9fe8c981bfcc8e3a7d612f1c9aecb2436834b7958891fc2d3bcac60abb4c8b7688d6f5aa86577b959f77d8b,2023-06-20 07:34:00,CLEAR,DAYLIGHT,DRY,NOT ON SCENE (DESK REPORT),06/20/2023 08:00:00 AM,41.75044991,-87.649534468,POINT (-87.649534467966 41.750449909981),C,6,2023,07:34:00