CRASH_RECORD_ID,CRASH_DATE,WEATHER_CONDITION,LIGHTING_CONDITION,ROADWAY_SURFACE_COND,REPORT_TYPE,DATE_POLICE_NOTIFIED,LATITUDE,LONGITUDE,LOCATION,CRASH_TYPE,CRASH_MONTH,CRASH_YEAR,CRASH_TIME
8b0f641db759df7537ab89a0fcb60d86871edf3118be69ff4152ce60bcec7c936f59ac52d248cdb30ca16aa642a93980ca81914b43679addec8dc8d602aa2e3a,2022-07-01 21:45:00,CLEAR,"DARKNESS, LIGHTED ROAD",DRY,NOT ON SCENE (DESK REPORT),07/01/2022 10:45:00 PM,41.85297161,-87.638389488,POINT (-87.638389487955 41.852971609976),C,7,2022,21:45:00
8996d8382df37c2012503e9071a8aed15114e4b3f02a72906f59fcacd03524d5e7d312dbe135c85c3ce7fca6de21c64278917e9a06bc4d560a91e606529767e3,2020-01-21 16:00:00,CLEAR,UNKNOWN,DRY,ON SCENE,01/21/2020 06:00:00 PM,41.815190229,-87.655174963,POINT (-87.65517496298 41.815190229014),C,1,2020,16:00:00
8bd06a656ab20be4ea70a5825a049ee59b8c0311535645905e070e95ef70698d6bdf1c2917f94d5ba3c966ae5f7181955b86e60c2983b53873c74cb6695aeb61,2021-02-14 11:00:00,CLEAR,DAYLIGHT,DRY,NOT ON SCENE (DESK REPORT),02/19/2021 06:00:00 PM,41.925832253,-87.726662883,POINT (-87.726662882962 41.925832253),C,2,2021,11:00:00
89d0f4fb5afdf02e89439ec9d4660fbad08cca90dc2612eb513766c2cdbc84bb3b536d8a97bd00e696e2d10951136f929b1d263e987993043ee7dc61caf56196,2017-10-14 03:26:00,UNKNOWN,UNKNOWN,UNKNOWN,NOT ON SCENE (DESK REPORT),10/15/2017 04:08:00 PM,41.772232969,-87.584903375,POINT (-87.58490337504 41.772232969021),C,10,2017,03:26:00
8b4bf0ee216c809db556c24978035d88e95fdbaebe4dca57bcc908420061aaf690cfa8e27fc809a716a0062b5c06600d4824ec85b84912136aaac617a8c59e2d,2018-08-21 15:30:00,CLEAR,DAYLIGHT,DRY,ON SCENE,08/21/2018 03:48:00 PM,41.885583712,-87.658758596,POINT (-87.658758595989 41.885583712016),C,8,2018,15:30:00
8a7cf464a3c8c445387a4ad2995947582f507e7c0f5776a0406a8154cd0e99b4ec713d4555768a2ee81747e839f97e9b79b441645f860d128e8dc55263c6d5f6,2023-02-28 15:43:00,CLEAR,DAYLIGHT,DRY,ON SCENE,02/28/2023 03:53:00 PM,41.808693143,-87.667180636,POINT (-87.66718063601 41.808693143049),C,2,2023,15:43:00
8b7360ed7d8811ec22b14954a90888765557c99da37e248942b4e4d56eef9339f8c95fab261c8b73d6363b09c90559f4105e768b42c2a44fcd4819fd0693c27a,2022-07-31 18:30:00,CLEAR,DAYLIGHT,DRY,NOT ON SCENE (DESK REPORT),07/31/2022 06:50:00 PM,41.896393332,-87.654686711,POINT (-87.654686710965 41.89639333201),C,7,2022,18:30:00
8aca1e79526491b3a528d4c30ea6e54ca10a6e93902861e800e74a2da526b57208b1ca20e869fcbd02069e2a07168cd70d208824f56ee6db5c1f412d4ddd02cf,2020-02-10 16:30:00,CLEAR,DAYLIGHT,DRY,NOT ON SCENE (DESK REPORT),02/10/2020 05:00:00 PM,41.872789168,-87.666807728,POINT (-87.666807727994 41.872789167981),C,2,2020,16:30:00
8a39406d5705b1ab7196f8f2cd2885621bf3a3294069408955d934161430f23dffdd5515b7f00394885f779ac9217ee362ff9aefc8f924945ec4ec38f67c7c30,2020-10-14 14:45:00,UNKNOWN,UNKNOWN,UNKNOWN,NOT ON SCENE (DESK REPORT),10/16/2020 01:35:00 PM,41.706485208,-87.668447985,POINT (-87.668447985036 41.706485207961),C,10,2020,14:45:00
8ad8304ac740d3bc1f9e8e884693c946f6a222f891273ef618a07a1564cc359e9e815cf15390389e14d7f24bd9940e775e8758f4e78fe914e7a370e640b34c83,2018-03-18 14:00:00,CLEAR,DAYLIGHT,DRY,NOT ON SCENE (DESK REPORT),03/22/2018 11:00:00 AM,41.66598907,-87.630532197,POINT (-87.63053219699 41.665989070033),C,3,2018,14:00:00
8ad97facdb064969b01d462e1b7698683b0226f36a4c61a6804e5f0d54335edd1985ef9315d02480e99969b3e251598e8749a0a283db2d5fdffe9da2a77ecfbb,2022-09-03 08:00:00,CLEAR,DAYLIGHT,DRY,ON SCENE,09/03/2022 08:02:00 AM,41.827363248,-87.621826931,POINT (-87.62182693101 41.82736324801),C,9,2022,08:00:00
8aa789ae1f0528eeae81440cf84753c40e1c3bf623efcf118afd6a01bbf933861fbd7f8a2d9e8d89a6f8f5fa1b83c6183e77ed92e76ce6d791ac71d3843ab1cf,2022-08-29 15:19:00,CLEAR,DAYLIGHT,DRY,NOT ON SCENE (DESK REPORT),08/30/2022 09:20:00 AM,41.924441971,-87.721111935,POINT (-87.721111934959 41.924441970981),C,8,2022,15:19:00
8aec79439a312104fa28a0b903fb165671107d763318de987c70565a802834f12bcd4c21bf083ebddf1b7bdbf936318bb3a09afbb1bf0829b2ef93b9ac9d9e18,2017-09-10 17:00:00,CLEAR,DAYLIGHT,DRY,NOT ON SCENE (DESK REPORT),09/11/2017 03:15:00 PM,41.787194435,-87.695911291,POINT (-87.69591129101 41.787194435001),C,9,2017,17:00:00
8956ec171257192fc23c27127c418fcc03a9ca61e4fdde1e6384cbeb11611b9edae758893291c835cb51bbef07c667f7f91af2e2759d8cc03d314cbbdc7f30e1,2021-03-01 16:15:00,CLEAR,DAYLIGHT,DRY,ON SCENE,03/01/2021 04:21:00 PM,41.692265018,-87.608255438,POINT (-87.60825543802 41.692265018036),C,3,2021,16:15:00
8bcd634d0cca791fa430b18211773c4376bce10ce0374581aaba6a6a0bf641fa44fa9e107c40160c4be0f309670a936388e8d723159f8fb2c7a3c7604c0dd461,2023-07-14 17:15:00,CLEAR,DAYLIGHT,DRY,NOT ON SCENE (DESK REPORT),07/14/2023 05:45:00 PM,41.903639931,-87.65554697,POINT (-87.655546970003 41.903639930952),C,7,2023,17:15:00
89ea5da91f4bca3e0530872fe4741abe9da100f1572fa70789c9065f8a7edef0b7f98b02aeb5b01ea782aa5a5cd695f887f440e8518e8fa6b823204584787dc3,2020-03-20 11:50:00,CLEAR,DAYLIGHT,DRY,NOT ON SCENE (DESK REPORT),03/20/2020 12:26:00 PM,41.924490094,-87.717288131,POINT (-87.717288130979 41.924490093998),C,3,2020,11:50:00
89a4aa057f287bca863f74f296f23aab2979832aeec8a43808c560c3bd07e2da4a9f7084c619fb9bdaf18412badecde809bf4d44997570ce4a007e7074c32fff,2015-08-20 23:00:00,CLEAR,UNKNOWN,DRY,NOT ON SCENE (DESK REPORT),08/21/2015 02:30:00 PM,41.882230166,-87.757516765,POINT (-87.757516764957 41.88223016602),C,8,2015,23:00:00
8b14627667f0bcae0ed476e9f06a78fdcb9cc7ac97d7cd5e854f22fd6c794315c4569cb95d7bd92485217930d45bd784353dea675f1eafc835c50220cc0047a9,2021-07-09 08:55:00,CLEAR,DAYLIGHT,UNKNOWN,NOT ON SCENE (DESK REPORT),07/10/2021 02:07:00 PM,41.9546532,-87.693390724,POINT (-87.693390723995 41.95465319997),C,7,2021,08:55:00
8b80873e268647e5ed24bbe8dc0bf22cef51099e9604e4b14173a71789dad4c683a8df09ade0cc1a75e18820ba0a168080bf0f8fb81fb0056e749790898fef7c,2017-12-04 07:50:00,CLEAR,DAYLIGHT,DRY,NOT ON SCENE (DESK REPORT),12/04/2017 04:30:00 PM,41.93176678,-87.737111269,POINT (-87.737111268991 41.931766779992),C,12,2017,07:50:00
8b16582ddd0af923f0b945a34750ebc90ffd45f139ce4300eb80830fd099a62baecc179b9d16aa5ff9f81a369a4e7fb8c531a04db6f0fe5926e1262d5440a41c,2019-11-21 11:02:00,RAIN,DAYLIGHT,WET,ON SCENE,11/21/2019 11:07:00 AM,41.983790707,-87.656760371,POINT (-87.656760371006 41.983790707046),C,11,2019,11:02:00
890e653652fb8badf0c292b99c84c10c01c963ae7ab764c0823303b17b3240f5191bd1149cacdad430358025ff58b5a5f17e6899f91d45cde6b7ad7bbb059f13,2017-09-18 13:40:00,CLEAR,DAYLIGHT,DRY,NOT ON SCENE (DESK REPORT),09/18/2017 02:24:00 PM,41.85299459,-87.629136748,POINT (-87.629136747987 41.852994589998),C,9,2017,13:40:00
8a39ee5dafae6543925a9ce65a29da60fcb5dca7b40f0f93e5097072f3f5694eb98433481c00ca708801d3ef143f257eff8d5c2420c9aa9f009624bd3b4e3f7a,2020-06-13 10:00:00,UNKNOWN,"DARKNESS, LIGHTED ROAD",DRY,NOT ON SCENE (DESK REPORT),06/13/2020 01:30:00 PM,41.921070313,-87.715495944,POINT (-87.715495943997 41.921070313005),C,6,2020,10:00:00
89045a54bd7c579e78d185b563962d0afe73fb4a6dc946bb80954e004b9d752d754e56082155a697aa1e01010265007dc327326b69177cec91a37cf4924c8106,2016-12-02 16:00:00,CLEAR,DAYLIGHT,DRY,NOT ON SCENE (DESK REPORT),12/02/2016 04:35:00 PM,41.886676655,-87.69354148,POINT (-87.693541479988 41.886676655033),C,12,2016,16:00:00
897068569886000d1a4634cc346711c7fe040ecf9751fe793c8172b10ef4217f36db90e928be8fd12a6d0fead454577562fc596143f5b3b2daab536e061be205,2018-10-09 10:45:00,UNKNOWN,UNKNOWN,DRY,NOT ON SCENE (DESK REPORT),10/09/2018 11:15:00 AM,41.885850057,-87.763462584,POINT (-87.763462583999 41.885850056955),C,10,2018,10:45:00
8b03b7ffb765379db5cfb5d99f6a3ea15bec865359362354dbce9293a3e2943dc902192e35fa7351c3053a8ace9552c9048dd6c7d73f04450d5dd4580e27cd4d,2017-07-30 00:05:00,CLEAR,"DARKNESS, LIGHTED ROAD",DRY,NOT ON SCENE (DESK REPORT),07/30/2017 12:47:00 AM,41.857801741,-87.658812307,POINT (-87.65881230701 41.857801740993),C,7,2017,00:05:00
8bad8d7eee746f8b843f019c6308f3561cdad295dcc6b86e1c7d4af5ec1ec66cbab8df46f6102f841a6da0563cb3cfafd8a2675f9b513be0300df30b706af50b,2023-07-18 12:45:00,CLEAR,DAYLIGHT,DRY,NOT ON SCENE (DESK REPORT),07/19/2023 04:17:00 PM,41.908980328,-87.766961055,POINT (-87.766961054983 41.908980327972),C,7,2023,12:45:00
8b27c2c9c0ebce48461c22a0574aa3931eb577903a24240fdeb8a6466a4c889edd9f9ac8edb736dcf309ac2999348dd06496a8ff85aa01b0df22d18bfdb0a9fc,2019-12-13 18:14:00,CLEAR,"DARKNESS, LIGHTED ROAD",DRY,NOT ON SCENE (DESK REPORT),12/13/2019 07:12:00 PM,41.742759069,-87.614550415,POINT (-87.614550415002 41.742759069005),C,12,2019,18:14:00
894ffe41d683027764f7d7183c8ea2d1f3a43a5bd3ec9bca0b0770f56e5ae46b379ee6d8aaa79697839942d9502990bf3628416b3102f26883ce4f34f87ac155,2016-07-14 09:14:00,CLEAR,DAYLIGHT,DRY,NOT ON SCENE (DESK REPORT),07/14/2016 10:20:00 AM,41.869396777,-87.651142133,POINT (-87.651142133038 41.869396776974),C,7,2016,09:14:00
8a2b5f7906578f75d954591fe29c114e576a8dbb6c604c6e6b1334acfcd376f65c414381d11a231e7d6f178ff0fbec33934de1aca1c41cd656416e45b8f03a51,2021-03-11 18:29:00,CLEAR,"DARKNESS, LIGHTED ROAD",DRY,ON SCENE,03/11/2021 06:40:00 PM,41.945072863,-87.668958318,POINT (-87.668958318021 41.945072862978),C,3,2021,18:29:00
89c07a874e05c0459cdb1a15b9022da8bd701546dcbc4e8713c3215a53fc80031119da6175d2a7b5aec52c4c09a59c71bb10009585a9c9b9a9091900e58f951a,2018-06-22 07:45:00,RAIN,DAYLIGHT,WET,NOT ON SCENE (DESK REPORT),06/22/2018 08:12:00 AM,41.9462448,-87.746433838,POINT (-87.746433837986 41.946244799972),C,6,2018,07:45:00
8b4bc9d64c91853b44b8e4998e13ca32891ef0a5b65b7b3b7d745e25e2d2b8b2cb379a38dfa43c270397666e4ef6d47057201672f08f8a2270fe295fe2b3675b,2019-01-11 16:30:00,CLEAR,DUSK,DRY,NOT ON SCENE (DESK REPORT),01/11/2019 09:00:00 PM,41.883816811,-87.632276429,POINT (-87.632276429045 41.883816811013),C,1,2019,16:30:00
8a66fb074cf11d679431560cbf566ca56cf7528e49b21282726ca894f405fcb69fcc732dc891cae7770d5cdbcaf774dadf689b3549448e40338f379846d9d4cc,2019-04-08 15:34:00,CLEAR,DAYLIGHT,DRY,NOT ON SCENE (DESK REPORT),04/13/2019 09:15:00 AM,41.874590031,-87.633704185,POINT (-87.633704184958 41.874590031007),C,4,2019,15:34:00
8b347f7cbf1dd010e5e86ebb29cbe4588b4a4b1019ee8877bf2d3474dc0f87f3107c52e0e2c75873ed69db2d5106596bf1ed8a5c7e1b3eae7c826173cf0b5aa3,2018-11-13 15:30:00,CLEAR,DAYLIGHT,DRY,NOT ON SCENE (DESK REPORT),11/13/2018 04:00:00 PM,41.781083095,-87.67288412,POINT (-87.672884120019 41.781083094972),C,11,2018,15:30:00
8b73d0cce681cc4fac05a724b28ba8c1c20b81cd254c6711128053f08f673fc51036b9537cfc4188065d091d4f44b7dbf85079596ecaefb0d9e80b517593d261,2023-01-14 23:58:00,CLEAR,DARKNESS,DRY,ON SCENE,01/14/2023 11:58:00 PM,41.940111944,-87.806968561,POINT (-87.806968561038 41.940111944021),C,1,2023,23:58:00
8b8e468af1b58c1411595815c11e63f545a8cd004ebb8f6d79392b5944b1c18f606ceb7b28b494f0ae5fd262e38d76fcc3844c5e3b95892d0cb5c50940a8f1ce,2021-05-08 20:05:00,RAIN,"DARKNESS, LIGHTED ROAD",DRY,ON SCENE,05/08/2021 08:14:00 PM,41.844607515,-87.694804642,POINT (-87.694804642033 41.844607514956),C,5,2021,20:05:00
89c0d4acc84b4741158b20d8add624ffc2287f948526d5527c9bd736a168c76422ec73b72983da1a35c8ad0cc4184dc24b34c101046c2028e7e5f7277ea602d8,2017-09-13 17:00:00,CLEAR,UNKNOWN,UNKNOWN,ON SCENE,09/14/2017 06:00:00 AM,41.87295852,-87.706040107,POINT (-87.706040107006 41.872958520032),C,9,2017,17:00:00
8959962553e5c00cc27e05ab8ac8cc303863135e3c782d6dce52314338ee74c36d64e0b60094fb8ba3b4768d04f13877c6a28b62323460a660e3a5441f629f54,2018-06-11 13:45:00,CLEAR,DAYLIGHT,DRY,NOT ON SCENE (DESK REPORT),06/11/2018 02:00:00 PM,41.885719361,-87.627792462,POINT (-87.627792461951 41.88571936101),C,6,2018,13:45:00
8924f62fe0190bd09f7f728f8a2e72303aa95b7d7ba5f0204c866f5e6d2159901edf3618c79ad60f954aaebcb5380c0c6f1972a35b8f3f93b0b0944ad344fcdc,2020-01-18 14:50:00,CLEAR,DAYLIGHT,DRY,NOT ON SCENE (DESK REPORT),01/18/2020 03:22:00 PM,41.894854301,-87.626952553,POINT (-87.626952553038 41.89485430104),C,1,2020,14:50:00
8a1cc513505283bc5c4fb8ce7d1a66dd638d64f5012628d1e982de1011c5c1ee267877764535a1b935da04040cb80baca09ddee317b7f9d66626c9a822d28d12,2017-10-18 09:00:00,CLEAR,DAYLIGHT,DRY,NOT ON SCENE (DESK REPORT),10/18/2017 09:45:00 AM,41.88311224,-87.625517262,POINT (-87.625517262034 41.883112240036),C,10,2017,09:00:00
8b821cfbde6d698ad9b40c7570df2428baad70242640f9986a3026f578859b6fdbf874194561e5355940f8bace442afd2a85871afae45dbc1d924c73c710f1bc,2022-05-28 15:40:00,CLEAR,DAYLIGHT,DRY,ON SCENE,05/28/2022 04:20:00 PM,41.741916078,-87.731527894,POINT (-87.731527894011 41.741916078034),C,5,2022,15:40:00
8a2cba20bc49f4a6929a9913f867fc2aa66ede0e7fed07440c0d07ac80d47791d8711d670a48e02abecdccc4d5ee8b769111d9443eac8bbbdd2137d6f3bc6a06,2017-04-02 15:15:00,CLEAR,DAYLIGHT,DRY,NOT ON SCENE (DESK REPORT),04/02/2017 04:22:00 PM,42.010018661,-87.709056552,POINT (-87.709056551967 42.010018660983),C,4,2017,15:15:00
89bcda7c6831ba4ee56ec309f35e541cb941f4252a95305c03bd64dd13e1084490de84804873a656a82aead2c30d3d79eb4f517fa686abf8573e030ec969b802,2020-11-06 21:48:00,CLEAR,"DARKNESS, LIGHTED ROAD",DRY,ON SCENE,11/06/2020 09:48:00 PM,41.969127172,-87.648251291,POINT (-87.648251291044 41.969127171984),C,11,2020,21:48:00
8ad39e3b9f414f41969779ff89b4d8b461edebfc60c4253dbe3317b62e758a1a4bb91a0086ca51e160df52bc072444ded01bfd8fb9f2ada901727abef3f35be3,2021-01-12 08:40:00,CLEAR,DAYLIGHT,DRY,ON SCENE,01/12/2021 08:41:00 AM,41.882700806,-87.686329977,POINT (-87.68632997705 41.882700805954),C,1,2021,08:40:00
89d5a9a57bbda0639b187fbd8e5b458bfa1ad7cc03a20a3fa4d363537cacdeb0e85999ed90bd781a66dee2e8a9f825fc173cbb8179788757f8a706232f247e32,2022-04-29 16:00:00,CLEAR,DAYLIGHT,DRY,ON SCENE,04/29/2022 04:00:00 PM,41.79573461,-87.762555326,POINT (-87.762555325992 41.795734610035),C,4,2022,16:00:00
89216d36a3a7fd403c55baeb9f009bf72577316377fe39eeed1476e618b024c96f03a5a7b097652b54ef4e003b0d1db1e5a14c546f99030304ce8656cf936008,2018-08-16 16:50:00,CLEAR,DAYLIGHT,DRY,NOT ON SCENE (DESK REPORT),08/16/2018 05:48:00 PM,41.886339416,-87.62083615,POINT (-87.620836149956 41.886339416011),C,8,2018,16:50:00
8bc3a3c46a5489a8d2b99267e497fd477058138271d54a781f6622b8e26a0d8ccfd2ce3db327a8e29b3904d358e5938ec469d955e5ed294d401862ee6e6ab1b4,2021-05-31 13:33:00,CLEAR,DAYLIGHT,DRY,ON SCENE,05/31/2021 01:33:00 PM,41.924087714,-87.795110629,POINT (-87.795110629008 41.924087713962),C,5,2021,13:33:00
8a8d49d246173a468ec5db8304e2eba1af8db362be7e397a2eefd81a287e4de302bfd8fab1f806d0b941420d09fa2de19a449f2e1cb046cf22cfb6c2ae96ae45,2017-02-16 16:45:00,CLEAR,DUSK,DRY,ON SCENE,02/16/2017 04:57:00 PM,41.75997567,-87.636524597,POINT (-87.636524596987 41.759975669981),C,2,2017,16:45:00
8b2931d361cc0721579322907981daf798e6be5f0ceb5331b267cd134883270a6097e28f17bfba36f2d6d31e3b652f2c26ac58f33c1f8e268adabd2ff8f3359c,2018-07-27 19:35:00,CLEAR,DUSK,DRY,ON SCENE,07/27/2018 07:37:00 PM,41.880491453,-87.766658775,POINT (-87.766658774954 41.880491453023),C,7,2018,19:35:00
897fb82b011629a15efd2be2834c19ed5dcf7c96dd23cba10978fa37fd4583e2669f6e19b9ddd1e8cf4c2a5f1a5589cfb7d6ff003d68f9e498945489da43b786,2020-05-24 14:30:00,CLEAR,DAYLIGHT,DRY,ON SCENE,05/24/2020 02:50:00 PM,41.808534336,-87.689181068,POINT (-87.689181068001 41.808534335997),C,5,2020,14:30:00
897b39e9fb3e4da91f02e96a2c401db7e023030cf3f57e1f067911fa3810665f01b72969cbe55bdf8418e760a979f8342b73c5d8ee06209de86ede4289b4fcae,2017-07-15 15:00:00,CLEAR,DAYLIGHT,DRY,NOT ON SCENE (DESK REPORT),07/15/2017 06:00:00 PM,41.941066809,-87.724029181,POINT (-87.724029181042 41.941066809),C,7,2017,15:00:00
8b18017585aeee7fe5783efbfa219402b49545f62f6b775e07555d2f3ba4261ad865fd2942c348e287eba433d010893688c39a119a05c5828434727a020a7cb8,2017-08-28 09:13:00,CLEAR,DAYLIGHT,DRY,ON SCENE,08/28/2017 09:17:00 AM,41.735010861,-87.718891864,POINT (-87.718891864003 41.735010860991),C,8,2017,09:13:00
8b9cd2dd3e2c67257ea5b75b85a87cdbf4239d2c435eb3c6d4a262af57fc23c842ded46fb4d1bd6451a4b3070b6634ce064f86eac5fd28d6886d6f5ded0c5dd7,2017-05-16 06:45:00,CLEAR,DAYLIGHT,DRY,NOT ON SCENE (DESK REPORT),05/16/2017 08:00:00 AM,41.837732675,-87.66589445,POINT (-87.665894449999 41.837732674972),C,5,2017,06:45:00
8bd18b15099475351fe9aa0ee73af9fb6397361e97d07d08f181795c487a79785ca831c89107681f6aa1417ecde29eddafe533bb7720d3d8fb02ae317f506f1a,2020-11-10 12:00:00,CLEAR,DAYLIGHT,DRY,NOT ON SCENE (DESK REPORT),11/10/2020 03:40:00 PM,41.817683733,-87.6650402,POINT (-87.665040200043 41.817683733038),C,11,2020,12:00:00
8ac04da2ea9e037a888bb6fe191438210ec0d2605fea3ce697a595893ad1c028bc707a12e9593fda448a734ce688d2a96c0eb6cbd0ee429c37d19e04b9b35893,2016-05-22 17:35:00,CLEAR,DAYLIGHT,DRY,ON SCENE,05/22/2016 05:38:00 PM,41.78073726,-87.57647025,POINT (-87.576470250028 41.780737259974),C,5,2016,17:35:00
8b2052a0a23181964a2ada7d29cc61d29430ec0520f3df0311a6d3f485974293fbb8b72e9326bb6a3ceef89c727eb0d29e0258a30dcfc43c25d9e0973035c5ea,2023-02-10 15:34:00,CLEAR,DAYLIGHT,DRY,NOT ON SCENE (DESK REPORT),02/10/2023 03:45:00 PM,41.868635838,-87.744730162,POINT (-87.744730161967 41.868635837952),C,2,2023,15:34:00
89ac3bac44b9dd36f3731aeb3d83d1a22de10ee54698c49943d4a484fd9fc7badc96df77bdf865805376d51f3920a92538c5e327cc1720495c44cab9d00cda63,2023-01-19 13:52:00,OTHER,DAYLIGHT,WET,NOT ON SCENE (DESK REPORT),01/19/2023 06:00:00 PM,41.883709006,-87.632568017,POINT (-87.632568016971 41.883709005986),C,1,2023,13:52:00
8914d4a75b95747bda81280b274349ab6e705f2e2e8ee0affb04f465b3e5fa8b7f97c81676a92231b1905d414e72b5e4971a2fd2654dac1aa3019a4560a44f1d,2019-10-31 17:58:00,SNOW,"DARKNESS, LIGHTED ROAD",WET,ON SCENE,10/31/2019 06:15:00 PM,41.764101992,-87.714617447,POINT (-87.714617447039 41.764101991951),C,10,2019,17:58:00
8a88cbaf85aa0052e4a08e05e1091ed7d87dae418912a6df3e63e3ca5f08613badf30055aa55893487dd2e691192b84b4119a134bab30ae9f6cb3a1e05179586,2018-02-06 21:26:00,SNOW,"DARKNESS, LIGHTED ROAD",SNOW OR SLUSH,NOT ON SCENE (DESK REPORT),02/08/2018 08:05:00 AM,41.735617968,-87.682663369,POINT (-87.682663369002 41.735617967973),C,2,2018,21:26:00
89cde089e717568356fb6616bde0eb04383d28563607bf912bd3175998b23adee0b520adc2adf0d92047ea3afba2dd288f46271d403a0adc34eb2b29c4597b37,2020-04-18 16:50:00,CLEAR,DAYLIGHT,DRY,NOT ON SCENE (DESK REPORT),04/18/2020 05:25:00 PM,41.997655095,-87.699498438,POINT (-87.699498437993 41.997655095),C,4,2020,16:50:00
8abc658291870fd3c688bcbaa7a620225c901e244a0543d8df5fa2502d154dc20456a136592701491ddddd53381e9d7d20d3b657ce599b7b949dcaac8bc67318,2023-04-21 15:39:00,CLEAR,DAYLIGHT,DRY,ON SCENE,04/21/2023 03:57:00 PM,41.961939497,-87.654897398,POINT (-87.654897398035 41.961939496975),C,4,2023,15:39:00
8ac565385e62de5355a055757593b7c43797d870b62f61c149259a856043f13ac8480f3630cc924e6a5f6d0e7f050866a8bb9e71fea3ed301529ee28aa9a0965,2019-07-21 15:45:00,CLEAR,DAYLIGHT,DRY,NOT ON SCENE (DESK REPORT),07/21/2019 04:24:00 PM,41.783962626,-87.683916666,POINT (-87.68391666596 41.783962625964),C,7,2019,15:45:00
893a3da113e16692c55d42c99481a51cf935a0996156d41127f0b7b034f9cea63c6dc8202a0a4b0dc6eb2d70f1a89b928bd754e5251c11eb6fa048d859ba2adf,2017-10-04 13:30:00,CLOUDY/OVERCAST,DAYLIGHT,DRY,ON SCENE,10/04/2017 01:30:00 PM,41.793387047,-87.801425844,POINT (-87.801425844009 41.79338704697),C,10,2017,13:30:00
8a2fb3c6164bc3005926698ce08ecde0dc8a568db5c52620bcc6801e712cb90df4cbd9233f15cd325c476e87df2350c290f7d3aaa309e1f663344d36fdb78e82,2018-05-23 15:50:00,CLEAR,DAYLIGHT,DRY,NOT ON SCENE (DESK REPORT),05/23/2018 04:51:00 PM,41.857621901,-87.70527585,POINT (-87.705275850039 41.857621900976),C,5,2018,15:50:00
8b8ce7620b933a8fea7fb404386582d6c4d8021b9e24d2c7fc42c95015b2fa23d52d8073a510ec925b349d42ffa19ccc5de2a52503b7ef2fada00286a190925a,2018-02-18 03:00:00,UNKNOWN,DARKNESS,UNKNOWN,NOT ON SCENE (DESK REPORT),02/20/2018 05:45:00 PM,41.809095486,-87.628723167,POINT (-87.628723167002 41.809095485967),C,2,2018,03:00:00
8b32d8e07a12d8d08c18ba0b6c4148bfca7a5d4029b94e5cdadb77de2d8701af3c47fa924f1b20bb893062b103ef664c2ec1403a30a64b5a1e5630c8e06f22b4,2017-04-25 12:40:00,CLEAR,DAYLIGHT,DRY,NOT ON SCENE (DESK REPORT),04/25/2017 01:57:00 PM,41.744151639,-87.585945067,POINT (-87.585945066953 41.744151639042),C,4,2017,12:40:00
8aa6741d91ba60214f36525781ece147e8bd89c9c4a66660e8c648e850b1ff6266df1540c7151218a6ebeda830362f2e65e5f764173056564df4998c6bc6891f,2022-08-18 16:45:00,CLEAR,DAYLIGHT,DRY,NOT ON SCENE (DESK REPORT),08/18/2022 06:00:00 PM,41.735751901,-87.659561832,POINT (-87.65956183196 41.735751900992),C,8,2022,16:45:00
8a864d6c258b65df0b54aeb32913651d8431931a06c5d8f14f7029359466faa10d9ec379d27df30503ce5532b2c76a1f177d13dc0babc9f877802b7c90c6b84b,2017-11-02 23:50:00,CLEAR,"DARKNESS, LIGHTED ROAD",DRY,ON SCENE,11/02/2017 11:53:00 PM,42.007635047,-87.784822713,POINT (-87.784822713012 42.00763504696),C,11,2017,23:50:00
8c4561c378b2a10a345233b335fe82328a8c3f3bfc0695a4b01c39401f50a784853858d4a7e3924a1161fc0b3b9776f7b9ce4fab8f4b94400aa9337b53a41675,2021-06-07 14:00:00,CLEAR,DAYLIGHT,DRY,ON SCENE,06/11/2021 03:00:00 PM,41.958986951,-87.933993929,POINT (-87.933993928974 41.958986950953),C,6,2021,14:00:00
8ddbbaeb2b03dfeed1f11d733fb83b96f35eac8647e6043427c3af14df7176cf864749ebd0f7616232842cf6fd72bf971b880379dacb17349896a0d9516e6277,2019-01-17 07:35:00,CLEAR,DAYLIGHT,DRY,ON SCENE,01/17/2019 07:38:00 AM,41.941467932,-87.727508574,POINT (-87.72750857402 41.941467932006),C,1,2019,07:35:00
8d1b5e4afd23f039a90361a0718a111abe7331228402f5dca299f2e7a75d2a764646a24b3674ac6cbc0ea3c7dfb3791ec076856aa8b471ab42896b4e51f15156,2019-08-14 19:15:00,CLEAR,DAYLIGHT,DRY,NOT ON SCENE (DESK REPORT),08/14/2019 07:45:00 PM,41.858908833,-87.729904272,POINT (-87.729904271964 41.85890883299),C,8,2019,19:15:00
8be627c1bbc92347ab2f23fb6bfcda1dff179fe92260754f9397a88f2a8e2edc218a68b2d9a80b1dd72e62559cf10c9f1467105e158b4d3e117428bf39abaf52,2019-06-24 04:40:00,CLEAR,DAWN,DRY,ON SCENE,06/24/2019 04:42:00 AM,41.884600962,-87.627828521,POINT (-87.627828520965 41.884600961961),C,6,2019,04:40:00
8d239af531befa4f6156abdcc4d2e7a877ef4c0c5d8dc4ad76c76c50a8770d7fe24118233c78e9887a1ed01db5a95ececa41654c7a49272e517137d7cfb0a52f,2017-06-14 08:15:00,RAIN,DAYLIGHT,WET,NOT ON SCENE (DESK REPORT),06/14/2017 07:30:00 PM,41.921947024,-87.677625823,POINT (-87.67762582296 41.921947024008),C,6,2017,08:15:00