CRASH_RECORD_ID,CRASH_DATE,WEATHER_CONDITION,LIGHTING_CONDITION,ROADWAY_SURFACE_COND,REPORT_TYPE,DATE_POLICE_NOTIFIED,LATITUDE,LONGITUDE,LOCATION,CRASH_TYPE,CRASH_MONTH,CRASH_YEAR,CRASH_TIME
9232fa79ddb93470e59bb683512f178a0c076a98957fa469dcdf33ce5a0582665d75e4f0187a8652cccccff6b1dc1794429932c0070fee240c066a1ccd7bbb3a,2019-10-02 18:30:00,RAIN,DAWN,WET,NOT ON SCENE (DESK REPORT),10/02/2019 07:50:00 PM,41.997730287,-87.806645117,POINT (-87.806645117018 41.997730287008),C,10,2019,18:30:00
938f4c5bdfb37c4c9241d6e82358f4b0b3c6673182fe6fb753212cebc592df9ecf5851678d664155db24cd94b99205df6ba19b03d2d0dc1f5b2bdda8cbda927f,2019-06-01 15:59:00,CLEAR,DAYLIGHT,WET,NOT ON SCENE (DESK REPORT),06/01/2019 04:20:00 PM,41.90332402,-87.755945409,POINT (-87.755945409018 41.903324020024),C,6,2019,15:59:00
921bee3752cc4f961284e9d3b86ae69e66193d579a79993eec257f5e9c4bf0226a3dedf858ec756c9ee6b4e00ffb97acc6a15ea8814a50b83be1585a63d16386,2021-10-25 16:00:00,CLOUDY/OVERCAST,DAYLIGHT,DRY,ON SCENE,10/25/2021 04:44:00 PM,41.764159679,-87.576403821,POINT (-87.57640382103 41.764159678995),C,10,2021,16:00:00
938c0581b4ee47ba561c29ae9ee0b0108604b0f55a07235541822a5d46f406d972c4143c04a8029cb6f57bea9cb7a9f4fe1494461a32e2a6de9a8a58787a780f,2019-01-09 13:22:00,CLEAR,DAYLIGHT,DRY,NOT ON SCENE (DESK REPORT),01/09/2019 06:30:00 PM,41.923739288,-87.648748983,POINT (-87.648748983048 41.923739288036),C,1,2019,13:22:00
922f03fa4dfa6e3593291161f5f5276db4170b2e7b001f49dd3d3763b5a458cb83b716432f525861be6c769eec755420c4e743316e4010b2925c39c672fdd8a8,2018-04-01 01:30:00,CLEAR,DUSK,DRY,ON SCENE,04/01/2018 09:05:00 AM,41.910932964,-87.716429278,POINT (-87.716429277991 41.910932964029),C,4,2018,01:30:00
91c8e736b3d5eac7e0a3c74c0d8fda9880dc171f8d42ceb62d35e0381e0416c4f2ba681dbbb9c201448a0ad33992dd54dace514a9579d1f036029f3b6a841f5e,2017-07-12 13:00:00,CLOUDY/OVERCAST,DAYLIGHT,DRY,ON SCENE,07/12/2017 01:00:00 PM,41.866711249,-87.676101605,POINT (-87.676101605034 41.866711249013),C,7,2017,13:00:00
92c048fbc2a645baad1a819e8f16773c4e401a2576231063471064ffa1f2b29be6f782c53d3c5dc343ecef8e313fa4680ea14c4ac5295db85544bae240d06243,2020-01-29 08:13:00,CLEAR,DAYLIGHT,DRY,ON SCENE,01/29/2020 08:20:00 AM,41.898341319,-87.618057856,POINT (-87.618057855957 41.898341319021),C,1,2020,08:13:00
93ef71a46daf4bd0ef5c53536f8dd9cde75fe555fec87891edbb2f14c55011bedb1fed39dc2c7360cd732099cd078a45bf53e0e2cca6958b74f1664d42dfed86,2016-12-28 18:30:00,CLEAR,DARKNESS,DRY,NOT ON SCENE (DESK REPORT),12/30/2016 07:46:00 AM,41.937469873,-87.719589608,POINT (-87.719589607998 41.937469872975),C,12,2016,18:30:00
939f942a40a489e74840cae0aac91f5cbc5d320871afe868e9ea328f8b156c0e7424b526ef41df4a78696772c98d6079bf468fcce5f4d94e7bae37b315a926e7,2018-04-09 14:00:00,SNOW,DAYLIGHT,WET,ON SCENE,04/09/2018 02:41:00 PM,41.811519655,-87.664900137,POINT (-87.664900136994 41.811519655045),C,4,2018,14:00:00
91e248ded641720456091d7f2af36459501927c4c37415889e2b15b879aee32138274504e352ac3a2d7f6c1691148159731918cdfdce9f8f8ecdf20b2073dfe8,2022-09-17 05:03:00,CLEAR,"DARKNESS, LIGHTED ROAD",DRY,ON SCENE,09/17/2022 05:05:00 AM,41.871733911,-87.725728651,POINT (-87.725728651041 41.871733911025),C,9,2022,05:03:00
92731ecbbfa9033def9d5c1d8e498eca0d7e32911dac140689bf02703c0696ff67a1a91b73fcb8873fae2269a71f2490e9fc8cbc789a0ff9e0438d800d1c1cff,2020-10-16 20:30:00,CLEAR,"DARKNESS, LIGHTED ROAD",DRY,NOT ON SCENE (DESK REPORT),10/16/2020 09:00:00 PM,41.997907884,-87.686015487,POINT (-87.686015486967 41.997907883972),C,10,2020,20:30:00
9364b1155201f19ecc887498fe3f7a3049801ecaa03812439d4915ba35e2f9b595e4c3c5d2ed34c8ba4e5b0c9c481eeed8136a7e5f3500c826e0ce3e323ed04c,2019-12-19 09:15:00,CLEAR,DAYLIGHT,DRY,ON SCENE,12/19/2019 09:50:00 AM,41.875008491,-87.673536864,POINT (-87.673536864033 41.875008491025),C,12,2019,09:15:00
92dece7d076574f8048772cfebcf2d837213c4c1a1e998d3225565b7c9dde22bd6a4dd14188d43a1fd739bc2898aa60e58651c564e9020e3596fabf6bbf91775,2021-06-19 11:45:00,CLEAR,DAYLIGHT,DRY,ON SCENE,06/19/2021 12:08:00 PM,41.844194737,-87.721961166,POINT (-87.721961165967 41.844194737033),C,6,2021,11:45:00
9465aecc5386641cad9dc245712a259fea1a89a01930b53cb43ee15ccc7704572ba00c9ce45356e622b95cf5b6623023a5d210884524d8e0797729d0de2e5260,2020-10-08 11:43:00,CLEAR,DAYLIGHT,DRY,ON SCENE,10/08/2020 12:05:00 PM,41.953936807,-87.714984845,POINT (-87.714984845049 41.953936806957),C,10,2020,11:43:00
93415c17ee9062efe55643535d39420feabb88cdf23588d78e262d05346ef7addfc1e2bd658fd48007632097813f2dcb91f65e9182fff7641cb6502352432603,2018-04-10 08:00:00,CLEAR,DAYLIGHT,DRY,ON SCENE,04/10/2018 08:30:00 AM,41.932949882,-87.766451932,POINT (-87.766451931982 41.932949882013),C,4,2018,08:00:00
928312b2221f910cc1e6d84170eb438731c8b316c3ccc5b66fa673dd89dca199663f0758a46c6c9422276bdc823045ade6e238c65e674f8c852276b0e462aabf,2021-12-24 12:00:00,CLEAR,DAYLIGHT,DRY,NOT ON SCENE (DESK REPORT),12/24/2021 12:30:00 PM,41.910530014,-87.667050586,POINT (-87.66705058601 41.910530014022),C,12,2021,12:00:00
91ea24f833e9b002e44a6f7c393cfea1b0ec170169d4508e00012e45a4df44ffc48c9b12653d74e4938c67ccd9009a3c6bb8249ce2a4886653e8c34f0621f484,2022-05-30 15:20:00,CLEAR,DAYLIGHT,DRY,ON SCENE,05/30/2022 03:23:00 PM,41.827363248,-87.621826931,POINT (-87.62182693101 41.82736324801),C,5,2022,15:20:00
92a6e309afde54766f7ab94bd16c4432be37ebdf0419bf32ee4b72665beb8c122dfa8af58b6ff7c2beef1a6956b4b5841743b66ded746767296ad33491e863e2,2021-01-13 08:15:00,CLEAR,DAYLIGHT,DRY,ON SCENE,01/13/2021 08:57:00 AM,41.773455972,-87.585022352,POINT (-87.585022352022 41.773455972008),C,1,2021,08:15:00
9386d9be66b2ac869e0a2062b87532e89168741955eb878afa53c33bf93b7c826e28656ea2438a5cbf4613b89c8b925b3ccb663f02367bb786cbd108f4e372a3,2023-06-15 12:30:00,CLEAR,DAYLIGHT,DRY,ON SCENE,06/15/2023 12:30:00 PM,41.837143659,-87.65396079,POINT (-87.653960790039 41.837143658953),C,6,2023,12:30:00
93edba603b8d450df5ae7a1fd9d57b5e471b01de0822db4df057472a9b8ac6b3e5d8122e310e621b47d128915b7c4b6ec62f208b320894a02a36cab116bc5cae,2019-11-20 07:00:00,CLEAR,DAYLIGHT,DRY,ON SCENE,11/20/2019 07:05:00 AM,41.823031753,-87.666387906,POINT (-87.666387905987 41.823031752973),C,11,2019,07:00:00
93e27b59eedeb6990d5e6c96867a36d91528adfa4307db364c41e9048d9c0fb8a5b5037368198d4b895f5cb021baecaec7407697015343116f9a2a81fde4ca05,2019-04-22 13:40:00,CLEAR,DAYLIGHT,DRY,ON SCENE,04/22/2019 01:45:00 PM,41.83892895,-87.646152419,POINT (-87.64615241901 41.838928949964),C,4,2019,13:40:00
93817a03537f118eec6d9f77c5b83d79a7f15225ccbcdd004299ba9d393e3f177ceabd262bc0dd9091d896a7dcb0d9c797bd13973dff64151e2dce29693ed09b,2020-09-24 07:35:00,CLEAR,DAYLIGHT,DRY,ON SCENE,09/24/2020 07:40:00 AM,41.909962884,-87.727411056,POINT (-87.727411055989 41.909962884041),C,9,2020,07:35:00
938bfbdde530fcae8cf909e612dc5016ee3160afa26065f21abdb249288bda88bb2a0fb3b4239e3971d204137bf59d313244c083e4bbefe29717878917c7b7a1,2022-03-11 17:25:00,CLEAR,DUSK,DRY,ON SCENE,03/11/2022 05:48:00 PM,41.962925459,-87.844742085,POINT (-87.844742085036 41.962925458962),C,3,2022,17:25:00
91dca50dc2d134dc81cfc0da0df32ccb00cdaeefda993c0bb8ef731b26a8ccdd6adc11032ad704ecd11a0cc307d6d15c381d8e05404a905849bd7eff18f7b319,2020-01-01 15:15:00,CLEAR,DAYLIGHT,DRY,NOT ON SCENE (DESK REPORT),01/01/2020 06:10:00 PM,41.822958463,-87.691425915,POINT (-87.691425915045 41.822958462973),C,1,2020,15:15:00
940445474d6d6da5897f0b897538038e7f3a9ae714102ee0b953c64052d241f71340a9065b7c42212bd506d52756438bbd5c34aaf77b7a737045ea825b2d70a9,2020-04-10 14:15:00,CLEAR,DAYLIGHT,DRY,NOT ON SCENE (DESK REPORT),04/10/2020 04:21:00 PM,41.924025937,-87.754108923,POINT (-87.754108923036 41.924025936998),C,4,2020,14:15:00
941fe635c3c81047325514bc4ccbe6c4c0196abae4bcae89837d7e11c4178d281965b8cd6103bdcc2695d6a459e8efbd4bc1b72fae94ed71ad8dd7ddbfefe005,2020-10-25 02:05:00,CLEAR,"DARKNESS, LIGHTED ROAD",DRY,ON SCENE,10/25/2020 02:05:00 AM,41.932748996,-87.653801489,POINT (-87.653801488996 41.932748996009),C,10,2020,02:05:00
9287d2f245a9f1dbed6bca00afe3840c2446854dde1a122808a0750ab49b4be015b1cb9c9feb76adf0e774f57dcbf9fc380986231a6ea0dac8de3de01718ccde,2017-12-27 08:10:00,CLEAR,DAYLIGHT,DRY,ON SCENE,12/27/2017 08:15:00 AM,41.741803599,-87.740953582,POINT (-87.740953581987 41.741803598989),C,12,2017,08:10:00
9398c2d87f476514a02f00205e74de49db7831ccd578394fd66ed97812856463067e9be7da49c5803edfd9fb4f1efa9930a64e8072d8f119d53828c5b9052313,2023-02-01 12:10:00,CLEAR,DAYLIGHT,DRY,NOT ON SCENE (DESK REPORT),02/01/2023 01:00:00 PM,41.856392087,-87.658977408,POINT (-87.658977407994 41.856392087026),C,2,2023,12:10:00
93612d88768080d2d3639e47f6b625d9af5262ad78345f24af23555020ab3d53e53c8590fc506a77d9bfe7cb1c3b219a96a1649b4ab8c587ebcda2758e1d68f9,2023-06-10 23:30:00,CLEAR,DARKNESS,DRY,ON SCENE,06/10/2023 11:30:00 PM,41.797776279,-87.624316992,POINT (-87.624316991994 41.797776278981),C,6,2023,23:30:00
9206531313392ff01782d1bc0ab9d53c8d3a4a0af2dcfaba0ecab9140bae79ccaf096bae40e7ab71123ce463c5834c3e28bcb69eea0f0184d340aedd0df68305,2022-12-24 19:20:00,SNOW,DUSK,SNOW OR SLUSH,ON SCENE,12/24/2022 07:21:00 PM,41.933857887,-87.762800519,POINT (-87.762800518983 41.933857886976),C,12,2022,19:20:00
93300068d55a4e446bbaecd46f516cb7aeabebc9940c08b55c48c2109f8a30691e136927181579ebfe84295c4c478e7a851823652b6335dddd04288c3c64ecc9,2020-11-04 12:00:00,CLEAR,DAYLIGHT,DRY,ON SCENE,11/04/2020 12:03:00 PM,41.779351179,-87.684804466,POINT (-87.684804465996 41.779351179003),C,11,2020,12:00:00
91a9b025eb975c54c5f2cdd4a7900034904abe28147027aff3642b779b551f3c2427a2abd0f3c20072818b707321e8533d36f90f52064745a8ecc46235a9e856,2019-10-21 16:50:00,CLEAR,DAYLIGHT,DRY,NOT ON SCENE (DESK REPORT),10/21/2019 05:30:00 PM,41.847477765,-87.617218167,POINT (-87.617218166986 41.847477764972),C,10,2019,16:50:00
92c5cc527443855d63c2e968458755e03a281eb6515dc709444f2df8ed7e2d7bdf372a83b6cbbc9d6540fcd452b2af06ba82d6c1d5134106c5a15e8101c3cb81,2020-10-23 17:58:00,CLEAR,"DARKNESS, LIGHTED ROAD",DRY,NOT ON SCENE (DESK REPORT),11/02/2020 05:15:00 PM,41.931607951,-87.697755776,POINT (-87.697755776035 41.931607951049),C,10,2020,17:58:00
925146231eeb6fd35ac3922114970ccbb9666ede69aa86b75fb8e4e9dd5d404dfc6a91fe1c96a863385d7088842889dbc17b81e8dc9283c4b7890b3d17e653ed,2018-08-15 06:45:00,CLEAR,DAYLIGHT,DRY,ON SCENE,08/15/2018 07:20:00 AM,41.938323018,-87.777389154,POINT (-87.777389153975 41.938323017997),C,8,2018,06:45:00
91abd2ad294f1562da159ea192e58349ca8da51e8b5e290a99ee6ac8b97a91b4539261fa508c6ff3c5155c6d0765e28bce3055cd0ee06f2bd6b60172cce57aa3,2019-04-05 07:00:00,CLOUDY/OVERCAST,DAYLIGHT,WET,NOT ON SCENE (DESK REPORT),04/05/2019 08:28:00 AM,41.882694003,-87.711206455,POINT (-87.711206454997 41.882694003031),C,4,2019,07:00:00
932232600215dcf656bd515aab5745737810c455b07dbafae74acc5fda3f8452138f40b25f9eb3a05b263adb6183ffebce03b851a766e3f9e04aed3d87a71cf6,2020-11-25 14:30:00,RAIN,DAWN,WET,ON SCENE,11/25/2020 03:25:00 PM,41.930479005,-87.711064134,POINT (-87.711064134047 41.930479005032),C,11,2020,14:30:00
946d3707af7e7545dc5485a7c89e222658b3cabbc8aaa7149524f694e7b6df8dcdccc306f44f5c12f77e53fd6d326bf7b298caa04def486455ee85dce59ebc7f,2020-06-19 07:08:00,CLEAR,DAYLIGHT,DRY,ON SCENE,06/19/2020 07:10:00 AM,0.0,0.0,POINT (0 0),C,6,2020,07:08:00
922949776581957fb09f4620589625e7232fe470cc189004ee3de849227f0d0ca547bfb890f80e172fa5f9653455381a1189adc1de6c1a9c3e83aadc41fb29a5,2023-02-15 10:15:00,CLEAR,DAYLIGHT,DRY,ON SCENE,02/15/2023 10:48:00 AM,41.819743995,-87.648671274,POINT (-87.648671273957 41.819743995022),C,2,2023,10:15:00
9351d770d169ff5319aa0052aa3e6b8ca56ab4af92f83fe5fd12d406e8e1e0a711d3bda5d389ef7387b432e8d05e3cb3c72ee0fab625b522e517725fd4aa3396,2020-10-07 10:20:00,CLEAR,DAYLIGHT,DRY,ON SCENE,10/07/2020 10:30:00 AM,41.866080805,-87.723884001,POINT (-87.723884001002 41.866080804984),C,10,2020,10:20:00
919adfa0f9e6f07b8dd6965e4ed6b47b20b910065e1986fe37bddd19a03b70b72d082b05304058ce598be6c4beaa66dc91224a2b60faf5f72d4e53d2f74f57ce,2019-04-15 06:24:00,CLEAR,DAYLIGHT,WET,ON SCENE,04/15/2019 06:42:00 AM,41.861357379,-87.671047324,POINT (-87.671047324045 41.861357379032),C,4,2019,06:24:00
93ee964985f549810a17f970362d92f3edeb88533d5a6fa3a37b287d96bcb8156eea20d8c254a253b546d273d1894ab63ce4d9bbb4d8eabc2a1a4d1f51d840dc,2017-08-29 20:15:00,CLEAR,"DARKNESS, LIGHTED ROAD",DRY,NOT ON SCENE (DESK REPORT),08/29/2017 09:30:00 PM,41.901230273,-87.771548057,POINT (-87.771548056972 41.901230273038),C,8,2017,20:15:00
940fc7d99fd77d7e4e534b908d4ac0fd827cef1ab293cc31976d074832b9917bcfeb6ca6478d1d206ed7c7159e464ebebfac729fb619d87f43ed6de6c199b641,2015-10-31 23:00:00,RAIN,DARKNESS,WET,NOT ON SCENE (DESK REPORT),11/06/2015 07:06:00 PM,41.799315886,-87.602970956,POINT (-87.60297095602 41.799315885962),C,10,2015,23:00:00
93eb8865677dcb1c7a3162af16df0ad1d53a436e7b623ad5c859bf59ce1253f96bdfefa389ac020a5805e4ba863081ea35d3c3ed632a26395ce972da7bfb46d3,2016-07-04 10:30:00,FOG/SMOKE/HAZE,DAYLIGHT,DRY,AMENDED,07/04/2016 11:10:00 AM,41.924490094,-87.717288131,POINT (-87.717288130979 41.924490093998),C,7,2016,10:30:00
936f719f069f8e176666266b0a20ab3ddfa74217827549e41313842ec231d7708abaf089df22a2406a3547a430be7204631791455bae9d821faeb9aae9aab5aa,2022-10-19 16:15:00,CLEAR,DAYLIGHT,DRY,NOT ON SCENE (DESK REPORT),10/19/2022 05:00:00 PM,41.677344191,-87.680554139,POINT (-87.680554138993 41.677344190967),C,10,2022,16:15:00
93c949ed5359e77b34ab038b9142f2ceff29d1f62550409f66cd383338dc83850eaebf1db3109e0b959e23d45d3d47d40b9fab207f260f3f0e9581d12dd07f6c,2018-03-05 09:15:00,CLEAR,DAYLIGHT,DRY,ON SCENE,03/05/2018 09:20:00 AM,41.883749922,-87.630772022,POINT (-87.630772022024 41.883749922032),C,3,2018,09:15:00
93476affa77874607bd90a40e244885072024cb59c9cc40b8bd75f160e1cf92b23201ebf02a72d4f1e5ce83d724378a47c7a780104ed422a4352837e0febd179,2016-06-22 13:00:00,CLEAR,DAYLIGHT,DRY,NOT ON SCENE (DESK REPORT),06/22/2016 02:15:00 PM,41.693432464,-87.618407291,POINT (-87.61840729097 41.693432463951),C,6,2016,13:00:00
923fd2818d9172238861de9460d2e044e7489bf5c2d7057a376124328e93834eae731368289ee2944dc62fea81694a53ac6d769f16c5cc7e14f8de48c85fe0a3,2017-08-02 18:30:00,RAIN,DUSK,WET,NOT ON SCENE (DESK REPORT),08/02/2017 06:55:00 PM,41.924325921,-87.716840482,POINT (-87.716840482033 41.924325921008),C,8,2017,18:30:00
93fb5031282e4ecf3a3ab771938a93183c746be601cc3d52f1098dcee10bd797a03ad7dc8b3772ab50935bc84d80a6d06904998668b40c98af0625bef9611652,2018-01-09 17:25:00,CLEAR,DAYLIGHT,DRY,NOT ON SCENE (DESK REPORT),01/09/2018 06:00:00 PM,41.935274946,-87.727222733,POINT (-87.727222732997 41.935274945971),C,1,2018,17:25:00
946487c23192d2be3005902832927a99afda5a02109c35248b82d4dafbad49f2e0a4675f7d9e45a090a5e3c81ef88ec8cb79164241962ae496ae3fa0a7173d21,2018-04-10 09:00:00,CLEAR,DAYLIGHT,UNKNOWN,NOT ON SCENE (DESK REPORT),04/10/2018 07:20:00 PM,41.866501191,-87.686157599,POINT (-87.686157599021 41.866501191036),C,4,2018,09:00:00
92e93e2b16c06c45068a4ab4dae35b207e9ac960d31506cae66206bc37f20117d3e4fc02a4dea998351546c6ca42921321f662e13b7a3f795415f6e10abe8b06,2020-01-10 08:20:00,RAIN,DAYLIGHT,WET,NOT ON SCENE (DESK REPORT),01/10/2020 09:00:00 AM,41.871207853,-87.676228848,POINT (-87.676228847973 41.871207853017),C,1,2020,08:20:00
939a7593dcf21b94a79bc3e0bdf2ae062b1de89a96fce6e4c45999b3574545c9960342e0873992d6a31c56660d265ac0728df28757192f87ae1b0baeba47ef26,2021-08-26 12:00:00,CLEAR,DAYLIGHT,DRY,ON SCENE,08/26/2021 12:00:00 PM,41.836772906,-87.725712341,POINT (-87.72571234101 41.836772905951),C,8,2021,12:00:00
91e2701316303c4568c266420c58efcf520f0bf77a5d0c11b2f1b900fd165d8faffb6238eece292d1093970524de33853a6bfdc3993004324b523fad2c33a081,2020-12-11 23:55:00,RAIN,"DARKNESS, LIGHTED ROAD",WET,ON SCENE,12/11/2020 11:57:00 PM,41.899278801,-87.726347979,POINT (-87.726347978977 41.899278800995),C,12,2020,23:55:00
9373eed6df4f3f495afbb714be0c1d6bbec7049a80ec72a69da0f158723cfe35f31c86d63230dd4221d101dbb038a0753e72e44c576ce26a9b9663dcb736e68c,2019-10-08 08:45:00,CLEAR,DAYLIGHT,DRY,NOT ON SCENE (DESK REPORT),10/11/2019 09:15:00 AM,41.763787684,-87.702649128,POINT (-87.702649127961 41.763787683954),C,10,2019,08:45:00
923755cfe3e6072868d6d691a573059b223cb9ef266157b4e6822fb6935abfe40e02e27e2564b70e9205cb27f3a2566fba82bf74c0e79ab9ea4be000a533b1a0,2017-07-05 02:00:00,CLEAR,"DARKNESS, LIGHTED ROAD",DRY,NOT ON SCENE (DESK REPORT),07/05/2017 10:34:00 AM,41.886339416,-87.62083615,POINT (-87.620836149956 41.886339416011),C,7,2017,02:00:00
9392847fd8d654ee79c07d53b788b94a960b353b5027944502e1d067d8b0c712dbca070b1c8c86be6b1fe2abd867f30ddceb8e517b5f7c87187d7e866bbeb624,2019-12-24 14:20:00,CLEAR,DAYLIGHT,DRY,NOT ON SCENE (DESK REPORT),12/24/2019 03:02:00 PM,41.916760313,-87.752866224,POINT (-87.752866223957 41.916760313025),C,12,2019,14:20:00
9290b862e4df3e96ce6fb88176511bdb757937bcac3e9d6fcefdc618909d5d118f1dff7520d40867a06a4b969feb328205692eb6e59a6245ed317868691df302,2016-05-12 17:15:00,CLEAR,DAYLIGHT,DRY,NOT ON SCENE (DESK REPORT),05/12/2016 06:13:00 PM,41.884552309,-87.63975418,POINT (-87.639754179988 41.884552309006),C,5,2016,17:15:00
91a8758cc03712e301ff705b574d183ffc45f6b23c375fb6b64bd05e3512430c2d135c3b7179c3f21a94eb4537f8cddd70791e41c667fd2ab9827c8eeb6a70cf,2017-11-15 05:20:00,RAIN,"DARKNESS, LIGHTED ROAD",WET,NOT ON SCENE (DESK REPORT),11/15/2017 04:39:00 PM,41.995579197,-87.675876884,POINT (-87.675876883986 41.995579196996),C,11,2017,05:20:00
939ffe6847831e0c2bc23db1c47b34bb2fc5f0bf3bf95d2f5b23b5105babeeac3d94dd11b88966d19cd8d6560a7154a7321f5bb500df3879e5cdf9c99f7b6764,2022-05-12 19:18:00,CLEAR,DAYLIGHT,DRY,ON SCENE,05/12/2022 07:25:00 PM,42.0109408,-87.682754031,POINT (-87.68275403105 42.010940800028),C,5,2022,19:18:00
932ef3decacf5826b0152a4e168f657b5343d2db6b05aef439c3026a6d8e829eca4c9ceb561952e451661c842afd2fa6ec2d0d1c8e17367d3780a2a2e082efa6,2019-11-11 17:05:00,SNOW,"DARKNESS, LIGHTED ROAD",SNOW OR SLUSH,ON SCENE,11/11/2019 05:20:00 PM,41.916860411,-87.730061436,POINT (-87.730061436014 41.916860410975),C,11,2019,17:05:00
929bb7de8257b23e00c7a498a7315731b43e194a0d24a501b7d4b9cbaab689d48d9785efea8a543431b4f8ddf741a5fe0d74b8dd8e9f1f93c43fbaa3f626ecd0,2019-01-25 16:55:00,SNOW,DAWN,SNOW OR SLUSH,NOT ON SCENE (DESK REPORT),01/26/2019 02:40:00 PM,41.874590031,-87.633704185,POINT (-87.633704184958 41.874590031007),C,1,2019,16:55:00
9258b9b53cfb740e862a52a505c5fc4f1bd4c99194cbf257b2eb105cea72a2419c331d4e0c3cae118a44ac97181e5b531f30fc1d7198f2322ee0224e0e7da370,2022-10-12 15:48:00,CLEAR,DAYLIGHT,WET,ON SCENE,10/12/2022 03:55:00 PM,41.787298999,-87.683999809,POINT (-87.683999808977 41.787298999005),C,10,2022,15:48:00
9245367918b91536e0dd562b934ec4222a311fcff60c92a477d59604bfefb88d98e72d3565f3f5b816f077fa2728d40565d294454a7d4184152187dac55fd16d,2016-10-24 15:30:00,CLEAR,DAYLIGHT,DRY,NOT ON SCENE (DESK REPORT),10/24/2016 04:20:00 PM,41.858908833,-87.729904272,POINT (-87.729904271964 41.85890883299),C,10,2016,15:30:00
91c96e5b5545f6b526a8371dc39d8f3b2c9faa5dfc7e453c02ac4b143e1d96b57ebfe2b31f78ce9377aced44f4237b33ef43f8918e4c01766aaea313ce03db74,2022-05-01 17:53:00,CLEAR,DAYLIGHT,DRY,ON SCENE,05/01/2022 05:54:00 PM,41.681722386,-87.626871902,POINT (-87.62687190198 41.681722385981),C,5,2022,17:53:00
927173db0e542ab6cd8d2bb447db63da0c6549d10f0c89e8fbaa1cb087ff1bc3b3d1ab92e9f77332783d12004b7e9f4a29d30cae2ea5bb9d8372885bef0e27f4,2020-08-17 11:55:00,CLEAR,DAYLIGHT,DRY,NOT ON SCENE (DESK REPORT),08/17/2020 08:00:00 PM,41.977089945,-87.660033687,POINT (-87.66003368701 41.977089944963),C,8,2020,11:55:00
92052648366e75b82de017462208a5e90d1125f9496ecf2f7ec8edf0e804a3e167384fe13a77aad8df58c0a2a2cdd700d2d278a0e619b9721f5b359dfe5e7b78,2021-11-18 08:20:00,CLEAR,DAYLIGHT,DRY,ON SCENE,11/18/2021 08:21:00 AM,41.985160813,-87.669715097,POINT (-87.669715097048 41.985160812983),C,11,2021,08:20:00
933bdab5f07c79d77dfd1e38d6f4c72fce9bf5bfec76f41d73c8299cb18d7f6a2c3c53844193952523961f0f82a91ff863acecb79d4edbbda7a52718d0227310,2022-07-23 10:00:00,CLEAR,DAYLIGHT,WET,ON SCENE,07/23/2022 10:12:00 AM,41.795152998,-87.669329231,POINT (-87.669329230968 41.795152997961),C,7,2022,10:00:00
93430a8ef772495f370d2eb57dc4712eff7f44ae8ce4b475c0e888b4fc31155734a99b472e2562e811f8464f523d8f1f295033d9984e2d01e9e008147b8c0f89,2019-09-28 22:20:00,CLEAR,"DARKNESS, LIGHTED ROAD",DRY,ON SCENE,09/28/2019 10:24:00 PM,41.786694429,-87.78511654,POINT (-87.785116539994 41.786694429002),C,9,2019,22:20:00
9444a7c9e30784c4a2480d9d61be88453e7b54b6358901b69b3b0fc8b51d63f5a4c806c58a1a8b5df977a4f713a3209ebebf7e4b8ee51042d4d41dcefc5e6d41,2015-11-10 07:30:00,CLEAR,DAYLIGHT,DRY,NOT ON SCENE (DESK REPORT),11/11/2015 11:00:00 AM,41.988290259,-87.774918458,POINT (-87.774918457998 41.988290258992),C,11,2015,07:30:00
945e8615750e1b6cf580974239ef2bf5f78933635ec2f458a19c4d097f29b65a07f3697e05fc2ca45159f193028c9de7a511f998c68cd8cdc61a0202d17ca44f,2019-01-09 12:00:00,CLEAR,DAYLIGHT,DRY,NOT ON SCENE (DESK REPORT),01/16/2019 03:43:00 PM,41.739441591,-87.669087758,POINT (-87.669087758036 41.739441590974),C,1,2019,12:00:00
930dff1cfd1e16f9ebf092ee9d324f3a84224305f55c44e399081a1e97bab47f03e86dac34e3ec2c7379364d812a8cf4771e8c3cc0cc2f2c9ff631bb1c0b0173,2023-03-02 11:30:00,CLEAR,DAYLIGHT,DRY,NOT ON SCENE (DESK REPORT),03/02/2023 11:30:00 AM,41.827363248,-87.621826931,POINT (-87.62182693101 41.82736324801),C,3,2023,11:30:00
931c04254a3b69825eb362a844976ea4a03f4c5b5d94dc2eb34ae14701b7d9bf6e6f1bfd201419876538466a5e69022b74c93372cc3c18f6bc941aea4e961bbf,2022-04-04 15:00:00,CLEAR,DAYLIGHT,DRY,NOT ON SCENE (DESK REPORT),04/04/2022 04:50:00 PM,41.910530014,-87.667050586,POINT (-87.66705058601 41.910530014022),C,4,2022,15:00:00
9207a09341b1925b968664068749a52851b3eaa3d94f34d683a7fbe70ef9bfe717874a6a391de26aae0dbc8199d0ddd12a48a6ca334c6ef86fbe787b07a711e4,2015-11-14 16:30:00,CLEAR,DAYLIGHT,DRY,NOT ON SCENE (DESK REPORT),11/14/2015 04:45:00 PM,41.976534052,-87.768327467,POINT (-87.768327467035 41.976534051981),C,11,2015,16:30:00
9331562efc3ea500e2b8547b0cf2f1ef4d683275b3dda14668cecdf26a5c2b03bf93dcda30f2304edcfee142a75cb88c643fe62cfaae2057b9356e52451800a3,2019-01-14 00:52:00,CLEAR,"DARKNESS, LIGHTED ROAD",ICE,ON SCENE,01/14/2019 12:52:00 AM,41.817683733,-87.6650402,POINT (-87.665040200043 41.817683733038),C,1,2019,00:52:00