CRASH_RECORD_ID,CRASH_DATE,WEATHER_CONDITION,LIGHTING_CONDITION,ROADWAY_SURFACE_COND,REPORT_TYPE,DATE_POLICE_NOTIFIED,LATITUDE,LONGITUDE,LOCATION,CRASH_TYPE,CRASH_MONTH,CRASH_YEAR,CRASH_TIME
93e978d0648998d5139f399879d68f96145ad172bdcca91ad2426892bcba6c4b6e949ec51117f3b2a16786c50c0eb578e7d5247da435f31bde1265604e188fc9,2019-07-15 12:39:00,CLEAR,DAYLIGHT,DRY,NOT ON SCENE (DESK REPORT),07/22/2019 12:10:00 PM,42.011522078,-87.663006106,POINT (-87.663006106024 42.011522078005),C,7,2019,12:39:00
95cf28d71b38e45e912207bfe2b0c8b765d7c146574075f9db6a91be4532715c6724df976fc0a8344b03941bd38fde04908eb025bb5b7ea855029890e8f99fae,2017-12-07 18:00:00,UNKNOWN,UNKNOWN,UNKNOWN,ON SCENE,12/09/2017 02:50:00 PM,42.007551473,-87.680448951,POINT (-87.680448951031 42.007551473036),C,12,2017,18:00:00
96b3693f62887dfa9cbe063ca3c3479a1a131b80f5243393db8ba2ebf3490c97f894ee4f21f3a2edf186ce837442f719acfd74226196608792403d29c727077f,2019-06-13 01:30:00,RAIN,"DARKNESS, LIGHTED ROAD",WET,NOT ON SCENE (DESK REPORT),06/13/2019 02:02:00 AM,41.875560779,-87.710884921,POINT (-87.710884921013 41.875560779017),C,6,2019,01:30:00
954c06bc012510df320dfcaa13bfb8c065dcebe86d73b60a97245477154159b7175cbd4354090e1ae11724b467e107b82a4b95e50ad84346982fe2283f4a5087,2016-05-25 17:50:00,UNKNOWN,DAYLIGHT,UNKNOWN,NOT ON SCENE (DESK REPORT),05/25/2016 07:00:00 PM,41.773407967,-87.57037243,POINT (-87.570372429966 41.77340796701),C,5,2016,17:50:00
96560ca269393d07329ce855cf07d036fb988b5d2c07731112f4245997c9efffee03d959fa8559da304c55c7d5f05b34ff3bb007954f010e9fda8130b34c9735,2020-08-21 17:40:00,CLEAR,DAYLIGHT,DRY,ON SCENE,08/21/2020 05:48:00 PM,41.945067829,-87.761954483,POINT (-87.761954483017 41.945067828985),C,8,2020,17:40:00
94b07d9bfafff2b2babad2a9c595181d3cab56257ef22802329c9aa6259aebae4c486ab32ecd06e4f1f61d43cf04e2b4b9e9e1193fbbb5e940fddcfbf696e954,2017-01-13 07:35:00,CLEAR,DAYLIGHT,DRY,NOT ON SCENE (DESK REPORT),01/13/2017 08:50:00 AM,41.90052616,-87.712682588,POINT (-87.712682587959 41.900526159988),C,1,2017,07:35:00
95799a4ef079a559b59795d751e068978bdc8d67a5847e38e523c80f818704fa61a1d925a7f99c0fcb04718351d72a4ee2f054e74f5e205a8086fb494908803d,2021-03-05 19:19:00,CLEAR,"DARKNESS, LIGHTED ROAD",DRY,ON SCENE,03/05/2021 08:12:00 PM,41.762737604,-87.56151084,POINT (-87.561510839959 41.762737604049),C,3,2021,19:19:00
94eabf71b00fee34a5db6f6eda0b3de9f9b910ca89df17b5faeedd99c6b46a6ac511e680f601a13a6e64553a2ef7f4352cd64156db8a561dbae728d24f88dd31,2022-12-11 00:35:00,UNKNOWN,"DARKNESS, LIGHTED ROAD",UNKNOWN,NOT ON SCENE (DESK REPORT),12/11/2022 04:10:00 PM,41.830439364,-87.605760977,POINT (-87.605760976989 41.830439363971),C,12,2022,00:35:00
9681e284758ec8edf6b61f265e8e388ecadbc286fd87ee4e593b794661d8460590a1e7bde182f222a10a1bfe62c92dcb2392da89a30894221c66e15dd557800f,2022-06-19 17:00:00,CLEAR,DAYLIGHT,DRY,NOT ON SCENE (DESK REPORT),06/23/2022 11:45:00 AM,41.905697826,-87.629704561,POINT (-87.629704560956 41.905697826047),C,6,2022,17:00:00
94fe83cdd020fec8e6b9649dbb6dd54f9d66f0d833425d90bf4825143434dc161ff1cb47c4a720d56d0260622027f273193f034c29493e6aeaf0c6da9507dd26,2021-08-03 04:00:00,UNKNOWN,UNKNOWN,DRY,NOT ON SCENE (DESK REPORT),08/06/2021 09:00:00 AM,41.799518076,-87.73834096,POINT (-87.738340959964 41.799518076003),C,8,2021,04:00:00
948a65db0aa099048a98da51d7e6ba65a54d76e324ee97e175eafc8d65cd27551ca4b86b96957dcca95dce21d1e913517d63febf76f10a535671ee289e324358,2019-08-17 15:00:00,RAIN,DAYLIGHT,WET,NOT ON SCENE (DESK REPORT),08/17/2019 03:10:00 PM,41.896693686,-87.635275523,POINT (-87.635275522961 41.896693685984),C,8,2019,15:00:00
960536ce2853fdd8c904e8ed3ae0ba186535e0049a999b2dbc57cf179653c3d795dc77add49b8f24b1e75d5ce4b4ea92278278d360e769bca2c93b0f5dce6ba2,2015-08-19 09:15:00,CLEAR,DAYLIGHT,DRY,NOT ON SCENE (DESK REPORT),09/01/2015 07:30:00 PM,41.891134744,-87.647295851,POINT (-87.64729585103 41.891134744023),C,8,2015,09:15:00
956a29a6137febd2618b3b49efdb0eec6e9c49667b8e16dd581c3141fde4f152ec5c1779b2f56086e6c77676c8c93556bf013a59af42c00026e6e7862135d6ae,2020-04-28 16:20:00,CLEAR,DAYLIGHT,DRY,ON SCENE,04/28/2020 04:37:00 PM,41.808320647,-87.682240771,POINT (-87.68224077098 41.808320646996),C,4,2020,16:20:00
9527aee0219da7118fc31eed18d224cc3df861cabaffb4b768cba446d9d8b59fcac951946d57c9e945ccf69961c2b303292ea983699d7e299cdeb5a0ac4bbab1,2022-05-04 09:45:00,CLEAR,DAYLIGHT,DRY,NOT ON SCENE (DESK REPORT),05/04/2022 11:00:00 AM,41.741803599,-87.740953582,POINT (-87.740953581987 41.741803598989),C,5,2022,09:45:00
951404218acb72d81e3bdd3ff1ec95eb3011534f96821c3a3b78947ab62c6150dc0f519a0778645dee852f3aa3f23b379e6ccb20e363e158cbca6d2ea229ce59,2020-12-12 16:40:00,RAIN,"DARKNESS, LIGHTED ROAD",WET,ON SCENE,12/12/2020 04:44:00 PM,41.794908912,-87.616471792,POINT (-87.61647179201 41.794908912028),C,12,2020,16:40:00
9603dc203cd2bfadd59b2137e130a80fd053f6543e225ac82645885da906c3fe6e564b062434b451dd4b474cdbf16bad685ca9dd07dc2bdfd03a1d9b975c0e9a,2016-10-04 16:02:00,CLEAR,DAYLIGHT,DRY,NOT ON SCENE (DESK REPORT),10/04/2016 05:45:00 PM,41.741374167,-87.721506394,POINT (-87.721506393957 41.741374166961),C,10,2016,16:02:00
967da5227b5584a45a39c4311b6b848b06fbb9993939aafc2b8c82f6f70412e1a12e9e336db59f211083b5c47648e656aa35c165dc2d23a255f79825789f651c,2016-11-06 15:00:00,CLEAR,DAYLIGHT,UNKNOWN,NOT ON SCENE (DESK REPORT),11/06/2016 04:00:00 PM,41.913480629,-87.800568808,POINT (-87.800568808048 41.913480628984),C,11,2016,15:00:00
94a2f01126c8652fe01bf48c4b98db61a9dd3bdc89e179dc892f1bb31b91f699bc6e3d2c5a3675ed508e16a96a2b6f3cf8613f7e2e4f59aa83df96f85a699a07,2018-07-01 12:30:00,CLEAR,DAYLIGHT,DRY,ON SCENE,07/01/2018 12:31:00 PM,41.706714203,-87.653813468,POINT (-87.653813467968 41.706714202986),C,7,2018,12:30:00
960ce142222e96e43c32370e39781addee4d9fb4f0cd75785d15dbd172eb05cbca6847d648ea7fc01b9dac1af37e574d2f110e86e09c50b34df0cf36cc2fb409,2019-03-03 14:30:00,CLEAR,DAYLIGHT,DRY,NOT ON SCENE (DESK REPORT),03/03/2019 08:10:00 PM,41.924113105,-87.721724179,POINT (-87.721724179015 41.92411310503),C,3,2019,14:30:00
95924707d01244c0fca47d9eb3305570ce1000579c34b293106613637e37e726f1df6803f435a64fb41cfd7d5e8f4d015044e7928eec7da53ffec8ea1aa39126,2021-12-02 19:10:00,CLEAR,DARKNESS,DRY,NOT ON SCENE (DESK REPORT),12/02/2021 08:25:00 PM,41.872296424,-87.727693203,POINT (-87.727693202993 41.872296423964),C,12,2021,19:10:00
96280b93ed6cc44d606af0b0d96fc7ed09852cbc9b9b7adda97ef38ee97aa1245cbbb7845ea0a580080dd50cb5e8bb84df11864a8dd7f490b57eb9fcf442909f,2018-05-22 05:01:00,CLEAR,DAWN,DRY,ON SCENE,05/22/2018 05:01:00 AM,41.794090446,-87.630527331,POINT (-87.630527331008 41.794090445987),C,5,2018,05:01:00
94baa7bb982652e405d566c4cf17d8ff71eebfd4c6692d12607bbedf6cfeffa39edfd61affdf577625ccd65a86435bc7fc277fdb6555e23fcb3452b21c6d005b,2021-01-25 15:06:00,UNKNOWN,"DARKNESS, LIGHTED ROAD",UNKNOWN,NOT ON SCENE (DESK REPORT),01/25/2021 05:10:00 PM,41.794908912,-87.616471792,POINT (-87.61647179201 41.794908912028),C,1,2021,15:06:00
969330a697139012de9ecdd20573e2a4392536cd191eea6ee1768bdb3381a48d91c3485a9b29f56a67db0cfdabf23c6de682fbe35f5a9f19e52da105661bac08,2023-01-17 13:00:00,CLOUDY/OVERCAST,DAYLIGHT,DRY,NOT ON SCENE (DESK REPORT),01/17/2023 01:30:00 PM,41.677344191,-87.680554139,POINT (-87.680554138993 41.677344190967),C,1,2023,13:00:00
973d7972ea6602440d3ef803e4e0e721da8908fd71e4cb7a2402644b1c42a4da0a87612cb120ea3a062e5bed7efe913623f7a411b153436cb0e6f184cce1bf6d,2018-08-18 07:58:00,CLEAR,DAYLIGHT,DRY,NOT ON SCENE (DESK REPORT),08/18/2018 03:25:00 PM,41.869780623,-87.640655493,POINT (-87.640655493049 41.869780622992),C,8,2018,07:58:00
9563ababedad4dff475ca2ba77b40f254e67b78e18f122bf84bf26b58e9aa461bb390fcd23af8f88d1e9f23d048b60aaf7fb4ff950ebc739403febc9ba83ba80,2017-05-18 10:01:00,CLEAR,DAYLIGHT,DRY,NOT ON SCENE (DESK REPORT),05/18/2017 10:02:00 AM,41.894689,-87.759476725,POINT (-87.759476724957 41.894689000038),C,5,2017,10:01:00
9593f7a4fd2ec59a8f59f8b8ae3ac29281aaa23623a7c4dde71f1308e4580327beb563772584aeb8b7a6c81a5e074da480566c84fc20380c88f80f87c57877fa,2016-12-06 11:10:00,RAIN,DAYLIGHT,DRY,NOT ON SCENE (DESK REPORT),12/06/2016 11:23:00 AM,41.91975438,-87.687333666,POINT (-87.687333666029 41.919754379966),C,12,2016,11:10:00
9666c1fe2d2805519a27e87035f1803c870ddfad96e8eda72a5384ebf0dc68a21848d4f39b5fcd024ce2ea632ff2df2f8d4a57284c911e9169ed36fe05f2307f,2016-05-24 16:45:00,CLEAR,DAYLIGHT,DRY,NOT ON SCENE (DESK REPORT),05/24/2016 05:55:00 PM,41.890672281,-87.679471653,POINT (-87.679471652984 41.890672281011),C,5,2016,16:45:00
9693db27c905ab19f3ee6b771532969da116d85a289d467e7903969239fe24087787c5a600e80ef8ddc788efc9fdf716009397c6f55e2085d08c8350284a44f3,2017-12-05 10:30:00,CLEAR,DAYLIGHT,DRY,NOT ON SCENE (DESK REPORT),12/05/2017 11:30:00 AM,41.842150422,-87.615825067,POINT (-87.615825066986 41.842150422011),C,12,2017,10:30:00
9474fb5e952d3b2af0f6e141c68feed98c713f1882a32b5ff5d184e840eae7ff56f2cd17735e44922b30153c41dd5442d63cd38251749129f6be3ee141aae860,2018-08-08 12:30:00,CLEAR,DAYLIGHT,DRY,ON SCENE,08/08/2018 12:45:00 PM,41.895953607,-87.667900066,POINT (-87.667900065976 41.895953607031),C,8,2018,12:30:00
949505853a75a6fee44e160cda91b171fccff5e014fd960e0c0cf118b08264a95a775dec93697a8c7717b5f5a3bd386711d2bad676883beab887d7893c6a47e1,2016-10-31 16:23:00,CLEAR,DAYLIGHT,DRY,NOT ON SCENE (DESK REPORT),11/01/2016 01:00:00 AM,41.954105717,-87.693290369,POINT (-87.693290369008 41.954105716988),C,10,2016,16:23:00
95547dc3faf39e692583e647d4b9ee2ccb9569a63609fc157ea31ae73cfea884386fe8a0676a50a2452bb75b5edc03bc97a3ff85460c956e11f688c8e88ce905,2023-01-24 22:51:00,CLEAR,"DARKNESS, LIGHTED ROAD",DRY,ON SCENE,01/24/2023 10:51:00 PM,41.907129906,-87.674446409,POINT (-87.674446408978 41.907129905993),C,1,2023,22:51:00
96b47bc89f52ea205a76b90cf0a5be69b1c815a8473e71b38cd84586a183b651ae11e65eb71f0c3598e046bbf4c0101e629c2718f491942ac10f61f6ac89dd73,2019-08-17 09:30:00,UNKNOWN,UNKNOWN,UNKNOWN,NOT ON SCENE (DESK REPORT),08/19/2019 11:15:00 AM,41.924490094,-87.717288131,POINT (-87.717288130979 41.924490093998),C,8,2019,09:30:00
9658d2c9ceee5a3eb18d45e4881b31dcd5dc810bd5ccfc22bad99cee27de47c89d219e9ed27c8a7a04fbd7d61147295fd33f916ff05cca6279ab5f6e0a78f3d6,2018-04-17 20:20:00,RAIN,"DARKNESS, LIGHTED ROAD",WET,NOT ON SCENE (DESK REPORT),04/18/2018 07:30:00 PM,41.995579197,-87.675876884,POINT (-87.675876883986 41.995579196996),C,4,2018,20:20:00
94c820b28e5dff1a4ef876c33dec4d2cf0e0306d8d924fc4d02da10c9726b9d7dcea8fb65d35d09c56f7e916db7369142fc7cd749d17d71f6deeb71b511c7fc7,2017-08-04 14:05:00,CLOUDY/OVERCAST,DAYLIGHT,DRY,ON SCENE,08/04/2017 02:08:00 PM,41.854422643,-87.714932261,POINT (-87.714932261006 41.85442264304),C,8,2017,14:05:00
95bfdee7bb7ae9eb833992723c4c55f54b4f9cf2bed5592061d943e5b697d288155e00bf262295262135e488b7d3f248705d44fc01ccf6052b54e7f07306a33f,2018-08-07 07:10:00,CLEAR,DAYLIGHT,DRY,ON SCENE,08/07/2018 07:13:00 AM,41.920676631,-87.775630269,POINT (-87.775630269041 41.920676630982),C,8,2018,07:10:00
94979c985123ca6c93a5ba4309860642f4f0b92d9e8923487762323a38c867a6bcb8b013aa636b19bd0f7fc95c613d911a7baf8a9c28ef47f0ed66cd9d874034,2022-11-25 07:56:00,CLEAR,DAYLIGHT,DRY,ON SCENE,11/25/2022 08:10:00 AM,41.945612913,-87.781249472,POINT (-87.781249472044 41.945612912979),C,11,2022,07:56:00
96662e2b6e5327fa09123aae75d8e38abb77d7f98127c9c1c95c7a2cdea79ce77a2d0a1cdae2f28cb7fd5aa8c2da7c1ad1730064de6a57d6cf31273a62857a52,2019-11-25 11:00:00,CLEAR,DAYLIGHT,DRY,NOT ON SCENE (DESK REPORT),11/25/2019 08:08:00 PM,41.916862915,-87.74274898,POINT (-87.742748979951 41.916862914993),C,11,2019,11:00:00
949e2e6f875a510957de5fc609564aee94b97af5f7e26f8362a6b6554d4a206cdf830df1476ff2708793db66f20a78ac8fea1dcbc6a1375744366c6df997b973,2018-10-10 15:43:00,RAIN,DAYLIGHT,WET,NOT ON SCENE (DESK REPORT),10/10/2018 06:10:00 PM,41.892554446,-87.614700962,POINT (-87.614700962007 41.892554446035),C,10,2018,15:43:00
972d96205cae49806aaa948b7b28e4ca6866ba73fa75492653558b4bbe1361eb4c2fdad0e9222c58eb2e9ae74dc8e13ce28ab4b62661871057bb986964f95e1d,2019-10-17 11:47:00,CLEAR,DAYLIGHT,DRY,ON SCENE,10/17/2019 11:55:00 AM,41.792311499,-87.789197189,POINT (-87.78919718901 41.792311498963),C,10,2019,11:47:00
972bab4caa7ae51924507e28ad7ad57030ce7b9347ac63d97d324ee847e9f11de303d2bc234d4b27b39c8a458e448cc2644f551449d4ed87594385c74ba25559,2017-09-02 14:26:00,CLEAR,DAYLIGHT,DRY,NOT ON SCENE (DESK REPORT),09/02/2017 06:57:00 PM,41.774128248,-87.741988303,POINT (-87.741988303031 41.774128247998),C,9,2017,14:26:00
955a56703b735ce95d2478dd18a8ee25cf96dd11531c3f58895e596242cff0a9a7fc4242ee38048a8ccf33edb12f4cef89a1c500227262a6fdd3147a4fee14be,2017-06-03 19:00:00,CLEAR,DAYLIGHT,DRY,NOT ON SCENE (DESK REPORT),06/03/2017 07:45:00 PM,42.016456771,-87.682858312,POINT (-87.682858311952 42.016456770975),C,6,2017,19:00:00
96ffd9b2d948c93b97c7106e34c5f731094a9494ab1beacc30a195ebc623411de6ecc603a246a9dc1560d661dfea1c9fe6bdf866ed06f1f43868a97f220159e6,2022-08-18 22:30:00,CLEAR,"DARKNESS, LIGHTED ROAD",DRY,NOT ON SCENE (DESK REPORT),08/18/2022 11:30:00 PM,41.895499511,-87.723699547,POINT (-87.723699546998 41.895499510995),C,8,2022,22:30:00
9634f9f59c75c70a01c83aa6fe7cc78483550c1914624768000da5959d082c3f0b330445f66bd1981c5faed628b2f03e219764f79bfda8308059201d94a46a8e,2020-03-15 14:45:00,CLEAR,DAYLIGHT,DRY,NOT ON SCENE (DESK REPORT),03/15/2020 04:27:00 PM,41.887972365,-87.644454488,POINT (-87.644454488002 41.887972364995),C,3,2020,14:45:00
96d66800d0f469bfeff732fc55923c1c286703d49ce9ce8db696576bd3ba79f172f212611b0617ee36e8e06b953d11efe52f9ce6f5c7b1b8109505626749e76e,2018-10-07 19:57:00,CLEAR,DARKNESS,DRY,NOT ON SCENE (DESK REPORT),10/09/2018 12:00:00 PM,42.012782706,-87.672484088,POINT (-87.672484087993 42.012782706036),C,10,2018,19:57:00
94a36cabcad37c6306ad78eac6876f6b795660b6236f1d75ce3006a07c73828ee43a63be2b3fca6353ad8d62c02bed8ca90ac8dbe27ee0dc00b9a63c094ab30a,2017-04-24 12:00:00,CLEAR,DAYLIGHT,DRY,NOT ON SCENE (DESK REPORT),04/24/2017 05:15:00 PM,41.786192939,-87.701055579,POINT (-87.70105557902 41.786192938996),C,4,2017,12:00:00
9593968a896a577932a61fb4117e238415490f877ecc3f4b3ee3966dcd9345cb80cb1e48f853d6e6a8e9a87a4dbff2896fad34b1d14ddfb7bdc6cc56fcf7da84,2023-05-25 08:30:00,CLEAR,DAYLIGHT,DRY,NOT ON SCENE (DESK REPORT),05/25/2023 03:15:00 PM,41.741803599,-87.740953582,POINT (-87.740953581987 41.741803598989),C,5,2023,08:30:00
9517173069cb175bdbb8d8083923975ae2779150cf42b918c0d85d9aec765f4e9878b90be9f1a30c91851d6c7275d4376a6decc782e9d9d054afdbf2af7f4363,2019-07-25 08:55:00,CLEAR,DAYLIGHT,DRY,ON SCENE,07/25/2019 09:01:00 AM,41.88561028,-87.656983545,POINT (-87.656983545039 41.885610279957),C,7,2019,08:55:00
961f18b387fccf2fc7b21525443c4a7a06baacd22c1b321d9ff5a5c151c63d20813a59bdbb3bff69ec39a55c18c49435f744f59074768a64323a170c28f03b9c,2017-05-15 16:00:00,CLEAR,DAYLIGHT,DRY,ON SCENE,05/15/2017 04:00:00 PM,41.97600184,-87.689092635,POINT (-87.689092634969 41.97600183997),C,5,2017,16:00:00
953743b8725eeb438fb2cba0ea9ac7393ea494712448888c80e722a8be5c3b5fb006aac0d13a9c039f46f7115e675c7e977ca1334f5242edee5d2d9192165d8a,2020-10-26 08:52:00,CLEAR,DAYLIGHT,DRY,ON SCENE,10/26/2020 09:08:00 AM,41.855630065,-87.625415361,POINT (-87.625415361031 41.855630065016),C,10,2020,08:52:00
95d6d25fbd298bf11eb4fdb22a1adb46da656f133eb4607d1969c0f19c88b29a93624fb21af399602844a1390f032de930cc30b57ba6fcaf1f67051b226f4b3b,2018-12-19 16:50:00,CLEAR,"DARKNESS, LIGHTED ROAD",DRY,NOT ON SCENE (DESK REPORT),12/19/2018 06:04:00 PM,41.806648097,-87.716326122,POINT (-87.716326121991 41.806648097041),C,12,2018,16:50:00
96ed9112550485e6f1d1b33b38939d34b042ea5a78c6e992f0fe301da5bfc60a3a753cee19869219a6fb2a800f83b1b9675bfc9b6b1e5c89e2986e2e5e885c4f,2019-07-13 17:21:00,CLEAR,DAYLIGHT,DRY,NOT ON SCENE (DESK REPORT),07/13/2019 07:00:00 PM,41.924490094,-87.717288131,POINT (-87.717288130979 41.924490093998),C,7,2019,17:21:00
9522b2d86c1996892930524c5edad7d7d49b5dc274eba9701f82695484d9f527afea1875130b7dd6a3af1a222d13f9885973622e1a4bdcc349c132aaa21ff9ed,2016-07-16 23:15:00,CLEAR,DAYLIGHT,DRY,NOT ON SCENE (DESK REPORT),07/17/2016 12:25:00 AM,41.865417307,-87.695725825,POINT (-87.695725825037 41.865417307038),C,7,2016,23:15:00
964204fcc7ad87fb3e7eee6822ce67b79101748a5fb3dd734f0999efaea4b37c53457239a5a2662f456b8f0cd42c772e273f9abc8feca57f6ab1c7cd62caf9dc,2019-11-21 19:00:00,CLEAR,DUSK,DRY,ON SCENE,11/21/2019 07:30:00 PM,41.893380429,-87.657587738,POINT (-87.657587737968 41.893380429025),C,11,2019,19:00:00
96ad3d4e1a50a7ebe901c95a243530914bb9ec7159d440d900146020fbb163c1013d660d5a07b06c14c31483d1cbe58531974f332628bb4f3dc8e0b52c9c68f2,2018-02-22 21:24:00,CLEAR,"DARKNESS, LIGHTED ROAD",DRY,ON SCENE,02/22/2018 09:30:00 PM,41.860067546,-87.643870884,POINT (-87.643870883981 41.86006754597),C,2,2018,21:24:00
94c5ccb3b710d40fb0031e910337ec7134d4d34b2d116b0db7602cbc7e52566971c28e2f4250133d5254f91103ca97f8d8b8cdfc45798b97e381d48f08674095,2017-02-10 12:20:00,CLEAR,DAYLIGHT,DRY,ON SCENE,02/10/2017 12:45:00 PM,41.884552309,-87.63975418,POINT (-87.639754179988 41.884552309006),C,2,2017,12:20:00
963f54f56e35ddd85fd96e3b0bf8d4bf5c2a012ba3516d90b581c0ee40c192683e506ae80ca2e013e69746fd1997c342d1917c0c2f1beb6369a35a340e8788e0,2019-07-11 06:15:00,CLEAR,DAYLIGHT,DRY,NOT ON SCENE (DESK REPORT),07/11/2019 09:15:00 PM,41.948655613,-87.754909843,POINT (-87.754909842998 41.948655612963),C,7,2019,06:15:00
96a652518b6406bc616a3ff543e58fd586967d4538be902084497a4c9257e108c187ce9b12fed58ceabf59ff9eb407484169bc6ed1b51435b9f834aedf4c209a,2019-07-12 17:30:00,CLEAR,DAYLIGHT,DRY,NOT ON SCENE (DESK REPORT),07/12/2019 05:45:00 PM,41.924490094,-87.717288131,POINT (-87.717288130979 41.924490093998),C,7,2019,17:30:00
952fcec89fedfd82423d8642ddad033179eed294a2bfe4b9f06863795b2d2f97a64f9c503f4f8b1ef6f073a456b8acdf416d1f6c01d71f311d7543387058fae9,2018-07-11 12:11:00,CLEAR,DAYLIGHT,DRY,ON SCENE,07/11/2018 12:11:00 PM,41.968247278,-87.762368503,POINT (-87.762368502953 41.968247278041),C,7,2018,12:11:00
94dd74d433b343134e157c3c596cab60605883aada86fb636e2336783c3c54c8f86beaf533d74fd7a54c816389219977ab2adaf93b515165221c2dd2bdcc1fd3,2022-05-25 17:30:00,CLEAR,DAYLIGHT,UNKNOWN,NOT ON SCENE (DESK REPORT),05/25/2022 05:30:00 PM,41.793378954,-87.584053824,POINT (-87.584053824031 41.793378954013),C,5,2022,17:30:00
955f02806e6764d6b8b6558c60a13c9986d427283972756027a895a678597c43db1fd0c91c222dbf7142025f73f9fca68feb6a5f51f520efe76b5720c5aa68e9,2019-12-15 13:15:00,CLEAR,DAYLIGHT,DRY,ON SCENE,12/15/2019 01:30:00 PM,41.944656434,-87.642926797,POINT (-87.642926796969 41.944656434018),C,12,2019,13:15:00
9527a50d47f8b58a4b984eda1c9336780ec760e2272b4f9eb12e83745b6dd2dd2dae6e68f351a396be14d6dfcb57c1dd520a8107dc9ae8a4d7673d95e640a04c,2023-07-07 13:15:00,CLEAR,DAYLIGHT,DRY,NOT ON SCENE (DESK REPORT),07/07/2023 01:39:00 PM,41.785387445,-87.606183761,POINT (-87.606183761008 41.785387444959),C,7,2023,13:15:00
9672301dcdbc18fc2ce9a7b42e82a5c25f92dcd2ba6c9e3fed4f0017e15cfad5552e53c4eef353f8f3c151bcfcf9281c232238013cff8c255e80ef5c7fce2c4d,2020-10-21 23:40:00,RAIN,"DARKNESS, LIGHTED ROAD",WET,ON SCENE,10/21/2020 11:43:00 PM,41.734423516,-87.645942486,POINT (-87.645942486013 41.734423515996),C,10,2020,23:40:00
96f9dfd7c0f318c103b901196902203d45e3ff45a27feef9ffcb8b136cfcbbd63c2d39cb84e21f3b28fcb7d6dbd4d5f2352d9d0d6a0dde645398e89be1de04b0,2020-05-03 19:05:00,CLEAR,DAYLIGHT,DRY,ON SCENE,05/03/2020 07:07:00 PM,41.939956718,-87.643128761,POINT (-87.643128760973 41.939956717959),C,5,2020,19:05:00
972cd62ebaee689903f8a26e3405154c3e3bd94b9b740da03ad67c83f5be191546678ed172886e8314b50f9d3230d429432e8a757d8cb1a9480cca329513cd80,2021-09-09 08:30:00,CLEAR,DAYLIGHT,DRY,ON SCENE,09/09/2021 07:02:00 PM,41.955732788,-87.716706687,POINT (-87.71670668704 41.95573278804),C,9,2021,08:30:00
9664260feef40cbeffac548b181b30d69189847d18be2f68921f27a3449363c011d8e54e99555dfb14ab009820899cb98cb39eb109195daae4b1642e386e1273,2018-09-12 16:55:00,CLEAR,DAYLIGHT,DRY,NOT ON SCENE (DESK REPORT),09/12/2018 06:20:00 PM,41.909020159,-87.803307926,POINT (-87.803307926018 41.909020158971),C,9,2018,16:55:00
951a19dcd35088878172b76e933d92d1b3375698c8698e8943d1d5b683e0d790b7368dfbc3181148d4867123900050d17c7b1322d3b11996084c44bd3da58e6a,2022-09-11 00:53:00,CLEAR,"DARKNESS, LIGHTED ROAD",DRY,ON SCENE,09/11/2022 12:56:00 AM,42.015240484,-87.681607082,POINT (-87.681607081978 42.015240484017),C,9,2022,00:53:00
951d3db64b0ee525f4f8f970873ee836cc0e4714739be5b69b3031817f52d95d173ea9ec46ff1ad6a2894b3a8e5110d207c4929fe0161c094d20f79bb3077868,2018-02-27 16:00:00,CLEAR,DAYLIGHT,DRY,ON SCENE,02/27/2018 04:05:00 PM,41.903825234,-87.64328636,POINT (-87.643286359995 41.903825233976),C,2,2018,16:00:00
94a2c3f9b45e326838be2c5fa02427f78883ebb0a7a7cd83513dce057d15a0b050b96ce9eac6bd5e0631b9fa21a70ce473729a52a561faf1a0bdd2e004696c1f,2020-03-08 12:40:00,CLEAR,DAYLIGHT,DRY,ON SCENE,03/08/2020 12:51:00 PM,41.858462948,-87.646047334,POINT (-87.646047333984 41.858462947977),C,3,2020,12:40:00
9563ea8574f93e1997b356a80a5514abfd88b96fd8e2708cdfa0488dc43c45b80f4d26a4015d8ddb4858d19cc09d3568d63d674392af331d823cc53de096b0ac,2023-04-05 04:24:00,CLEAR,DARKNESS,WET,ON SCENE,04/05/2023 09:51:00 AM,42.011462581,-87.691284624,POINT (-87.69128462401 42.011462581007),C,4,2023,04:24:00
9611cace8011a9898cd4a38d73469f06508a4d39c16bcc51e2d0e94381095cbb55abfae0262bbbdee3a69a4b2bb0a5f856fb7f8f025fbb9b50f1d8ad4cc814d1,2021-11-26 06:55:00,CLEAR,DAWN,ICE,ON SCENE,11/26/2021 07:05:00 AM,41.903536788,-87.661859583,POINT (-87.661859582959 41.903536788031),C,11,2021,06:55:00
953ffcb2ce9b049c3bea0a10e8f365e7efadc4731d1ccace6aa27cd6031d7ab243ac2fae8e52c0eee18d3367b5ee4fe02fd2a1bfa224eb8fa0cb15cf087b8b4c,2017-09-19 16:00:00,CLEAR,DAYLIGHT,DRY,ON SCENE,09/19/2017 04:19:00 PM,41.954290277,-87.75976806,POINT (-87.75976806002 41.954290277012),C,9,2017,16:00:00
9708eceef45faea8ad065dcf1b324ff70ebd061a34c567ebe9c7e660eee3e1589c6008bca1e875f824f9bdb631781c8ac4b0f85a8a1a0072b0c2e66866623820,2018-05-15 14:00:00,CLEAR,DAYLIGHT,DRY,ON SCENE,05/15/2018 02:08:00 PM,41.710859781,-87.628468438,POINT (-87.628468437997 41.710859780955),C,5,2018,14:00:00