CRASH_RECORD_ID,CRASH_DATE,WEATHER_CONDITION,LIGHTING_CONDITION,ROADWAY_SURFACE_COND,REPORT_TYPE,DATE_POLICE_NOTIFIED,LATITUDE,LONGITUDE,LOCATION,CRASH_TYPE,CRASH_MONTH,CRASH_YEAR,CRASH_TIME
970727038f4e246e5a7835d65ae6e2aab7742dd3de3e91b0f07c29c234b57a4bd3e284db264d197440ed2fda551f2a2b81e6df9be27885b2e2fce91773304942,2017-10-29 18:23:00,CLEAR,"DARKNESS, LIGHTED ROAD",DRY,ON SCENE,10/29/2017 06:44:00 PM,41.983563915,-87.657146291,POINT (-87.657146290975 41.983563914975),C,10,2017,18:23:00
9679ae692c65507c797c49de8408533bc741e788f729720e5fa43fef5e7430386e2f14383154942ab4873372be9c004053a2d6b6edbd98904de2677b8f7b88ae,2022-12-12 19:20:00,CLEAR,DARKNESS,DRY,NOT ON SCENE (DESK REPORT),12/12/2022 08:00:00 PM,41.808749374,-87.66230696,POINT (-87.662306960034 41.808749374011),C,12,2022,19:20:00
94a39af71211694827a927655729cabc4053bb523b79b2acbeed470e0879620342cd72b55fda895bb8b359010726cbf312771eb9a86bf1accd7c6ca058f57888,2021-09-22 11:12:00,CLEAR,DAYLIGHT,DRY,ON SCENE,09/22/2021 11:12:00 AM,41.797997236,-87.584164109,POINT (-87.58416410905 41.797997236026),C,9,2021,11:12:00
95c58109152deb5ab39e7765626e2fdc49e7c5f93e9665acf706b84b49ee2e677ccb4a479c742f9089720d6bfd479c28e009e7f30ee3ee6529a1b41dcb76ff99,2017-01-11 18:52:00,RAIN,"DARKNESS, LIGHTED ROAD",WET,NOT ON SCENE (DESK REPORT),01/11/2017 08:15:00 PM,41.880556614,-87.637168587,POINT (-87.637168587045 41.880556614042),C,1,2017,18:52:00
94de70af655dd17afbc71051d773d35f7b428b5e94ddd57171b6fc58d1957b4fbab249fe7039dc45c9d465186b7fc24768b618620401b3aa8abe506fef207084,2021-08-02 12:30:00,CLEAR,DAYLIGHT,DRY,NOT ON SCENE (DESK REPORT),08/02/2021 03:06:00 PM,41.997730287,-87.806645117,POINT (-87.806645117018 41.997730287008),C,8,2021,12:30:00
96e4bf757bd4d9e7ce0185637f60660e8990d63c5d4be44bb21f42a669bb8169290cd228e2c5137ff9470961fe03fd4ee7c036244cc9711751c2b10214ad4044,2020-06-27 15:13:00,CLEAR,DAYLIGHT,DRY,ON SCENE,06/27/2020 03:19:00 PM,41.945344658,-87.818961614,POINT (-87.818961614042 41.945344658012),C,6,2020,15:13:00
94b576d597ccddc4d06fb66423560b595e60199b8a98224b928395d033c8f709ea45c390001ce473900028957a8af5cba921ceb6f840d50ad56c701d2e3b4dd2,2022-03-15 12:52:00,CLEAR,DAYLIGHT,DRY,NOT ON SCENE (DESK REPORT),03/15/2022 01:05:00 PM,41.969156388,-87.672458261,POINT (-87.672458261015 41.969156387958),C,3,2022,12:52:00
9495b37aa2a7ae79a85d10608359d17a043ae4a5b888d8f0086a0f49930893b88929d7f1f1526cad8c05d8f21f4c2f3c731c5704ea5d240ef67240098bca7cd2,2020-09-29 10:20:00,CLEAR,DAYLIGHT,DRY,ON SCENE,09/29/2020 10:23:00 AM,41.984874268,-87.787555484,POINT (-87.787555484022 41.984874268025),C,9,2020,10:20:00
95ea68300755f7a6d4a30ef997e359f3a5885d8a69239f63c866fc13aa66351989d8664d78058f3c9512b8dcb55565d4b426dd25a66a6eb478552eabf1c13c75,2017-12-22 12:25:00,CLOUDY/OVERCAST,DAYLIGHT,DRY,ON SCENE,12/22/2017 12:35:00 PM,41.741916078,-87.731527894,POINT (-87.731527894011 41.741916078034),C,12,2017,12:25:00
94c13db03267d3b6e4a20183954ff96a13c8f936ed3e90e010b8ecb0f55b07541b0887f64d6e028002e0b6a2fbe966322256da389d601905aa2d8ab5c3d9ed80,2021-12-26 14:30:00,CLEAR,DAYLIGHT,DRY,NOT ON SCENE (DESK REPORT),12/26/2021 03:50:00 PM,41.814892742,-87.606016492,POINT (-87.606016491988 41.814892741967),C,12,2021,14:30:00
9519b30a5f7d45163df44c6e5ecf684b0552c759841aff117535d1aab181e4fdff6e52df258c611ca418938e5ac7a367a03f632e1f6cd62b0d6914fdfd14cce3,2017-02-07 14:40:00,CLEAR,DAYLIGHT,DRY,NOT ON SCENE (DESK REPORT),02/20/2017 02:57:00 PM,41.8198969,-87.724126177,POINT (-87.724126177005 41.819896900039),C,2,2017,14:40:00
966095f6b32941eb582af8c99e170234325912bb007fcaa75ac3b40a78e7107238d459fe7c1ef88a581bcacef00481667367a0d7b224d6c3d300ac5b569bedf0,2021-07-14 13:05:00,CLEAR,DAYLIGHT,DRY,ON SCENE,07/14/2021 01:09:00 PM,41.912897191,-87.784876689,POINT (-87.784876689039 41.912897191039),C,7,2021,13:05:00
96e10ddc271cad333cb2f155ad274975e06352c9d6626dcc762b8a8048c381bfe807582a47b64db3c2fbae8da9f3497cb638113dfed54ffec0c30ab6b2e24973,2021-06-17 07:15:00,CLEAR,DAYLIGHT,DRY,NOT ON SCENE (DESK REPORT),06/17/2021 07:26:00 AM,41.885328384,-87.721152899,POINT (-87.721152898955 41.885328384043),C,6,2021,07:15:00
977511c652653d1c5cd8e41651fdeace2f516e5f57102b36db6779f7ab9037c151f8945eff529225ffcbad3e17c6a6fd2045418bf2c96b4dee2554323f15d453,2017-07-27 10:00:00,CLEAR,DAYLIGHT,DRY,NOT ON SCENE (DESK REPORT),07/27/2017 12:00:00 PM,41.940630765,-87.653982104,POINT (-87.653982103976 41.940630765023),C,7,2017,10:00:00
97f687ba02c2bae448ef239563876a55df5e8a463d980030b92f964aedeaff60ea4189899535f60156032e4d6a37e9e77a8a5ce606eaa6787c288dbdba689739,2017-05-13 23:50:00,CLEAR,"DARKNESS, LIGHTED ROAD",DRY,ON SCENE,05/13/2017 11:59:00 PM,41.879183153,-87.761601767,POINT (-87.761601767023 41.879183152961),C,5,2017,23:50:00
99ac1d6706457a644259e6092e3100b0116e715792d2bc61c4ed6f4bc4fe324af671f196939968682f90f3bc85741883c56121e119b9672ed30d354fa826804d,2019-09-08 11:45:00,RAIN,DAYLIGHT,WET,NOT ON SCENE (DESK REPORT),09/09/2019 04:00:00 PM,41.744151639,-87.585945067,POINT (-87.585945066953 41.744151639042),C,9,2019,11:45:00
980c72182c18294566eaa23f6478baf8e917ca938217f0fae7e3ec3bed1f7b855b6da5602013b7c7b6e512e33e843795cafc67af5367db503a3b51fb0fb9dbc3,2021-06-08 10:43:00,CLEAR,DAYLIGHT,DRY,NOT ON SCENE (DESK REPORT),06/08/2021 10:43:00 AM,41.866080805,-87.723884001,POINT (-87.723884001002 41.866080804984),C,6,2021,10:43:00
99111da65e50167549024e98b33ad154319096a21f6a605e3536c8b62e533d4dfc89b9e874e17b9e04b34a19f420bac4733004e7d184c9732ff08b88412c7449,2022-07-18 16:18:00,CLEAR,DAYLIGHT,DRY,ON SCENE,07/18/2022 06:30:00 PM,41.741916078,-87.731527894,POINT (-87.731527894011 41.741916078034),C,7,2022,16:18:00
995860a8bd9999deedd104111e6f4b951eb31a931e23c705a91a49243df7c9a421aceca53337b7afb779377576cdcd9faf5ecaa9182604b2dabe5032a63291bc,2016-04-11 06:30:00,UNKNOWN,UNKNOWN,UNKNOWN,NOT ON SCENE (DESK REPORT),04/11/2016 08:00:00 AM,42.001436563,-87.660595367,POINT (-87.660595366972 42.001436563032),C,4,2016,06:30:00
99ea85f3fc7530674ded0e116c3b3cd7fe516026f10cce41df6d235775699ebc7d1a9bc6ca658124adb16e1601f4a166f4f8b25fb8516928f0631b7621c87b5d,2020-11-09 13:20:00,CLEAR,DAYLIGHT,DRY,NOT ON SCENE (DESK REPORT),11/09/2020 04:58:00 PM,41.744151639,-87.585945067,POINT (-87.585945066953 41.744151639042),C,11,2020,13:20:00
9824c39059caab843a3b86ae121d3b541454de223729de967492301eaebf3041f168f8e7bd5af6a4435161b963a10cc3db863c59fb28f58355a2b0e5cd47e110,2017-12-02 13:00:00,CLEAR,DAYLIGHT,DRY,ON SCENE,12/02/2017 01:06:00 PM,41.844469862,-87.716531999,POINT (-87.716531999035 41.844469861986),C,12,2017,13:00:00
9833fcfd2cff7ffb134ffa63eaa8397d26c2ccae7c49bce46d6b5fcc79fdcc6cbd5a018914d559a5740fbcca0aedc6be576e1eb327eb99af51042cb33885e278,2019-07-19 14:00:00,CLEAR,DAYLIGHT,DRY,ON SCENE,07/19/2019 02:05:00 PM,41.857417456,-87.666968777,POINT (-87.666968776972 41.857417456047),C,7,2019,14:00:00
97bdf984002239587c511a68b2390abed9129513205ce28d737c8481f7fa0e406afce0b10a3b119eac89d473f48dfe3c76c94f0a0ac5e3fb96b42cd2892a36c1,2022-02-15 20:00:00,CLEAR,UNKNOWN,DRY,ON SCENE,02/16/2022 12:10:00 PM,41.729509869,-87.601606747,POINT (-87.601606746953 41.72950986902),C,2,2022,20:00:00
98c964af40f657ee54f2fa49f4dac45a547d4ff24e9460d20d8a61edf3fcaef7cab3b5dd5ab52a845dfcf26e5d24611a92ad29edff6f9d5fe3d24ac1f665ace0,2022-10-21 19:19:00,CLEAR,"DARKNESS, LIGHTED ROAD",DRY,NOT ON SCENE (DESK REPORT),10/21/2022 08:20:00 PM,41.894228849,-87.625384759,POINT (-87.625384758996 41.894228848999),C,10,2022,19:19:00
992a90d355f65ee4eda63c523f2dbe5037df22f2248f79066bd26cbe83989ffe259a7d968e34cf528b7b7dfe7b1a448ecacd8f6029962a4454e97d8fe4fe4d2b,2019-02-04 11:00:00,CLOUDY/OVERCAST,DAYLIGHT,WET,ON SCENE,02/04/2019 11:03:00 AM,41.872497742,-87.725253192,POINT (-87.725253192011 41.872497742004),C,2,2019,11:00:00
97d7fa7d58cbb9a23f6e0f093abee4634a6a0721e8381b17bc55efb6a9e083af97b6f73d7ac32f39436fa2c69b2934e8298645c2130c134c7731d662f6e61878,2020-07-17 21:38:00,CLEAR,DUSK,DRY,ON SCENE,07/17/2020 09:42:00 PM,41.928615792,-87.687920247,POINT (-87.687920247039 41.928615792006),C,7,2020,21:38:00
9804c215af19d26920a1a18fe4a703648ab92d375f4ce6bf0257278ed294cf2a6e5b0f8e97a2cf17f46331e76ed3ff9e96edfacc1302213143884626f9368c44,2022-06-29 18:45:00,CLEAR,DAYLIGHT,DRY,NOT ON SCENE (DESK REPORT),06/29/2022 08:15:00 PM,41.917103631,-87.687248767,POINT (-87.687248767006 41.917103631009),C,6,2022,18:45:00
99b17ab5d0b3a64a02a37c63f37e04ebc6a3b3d4414454ddc28f5b1c592e49fd6b401c97a3af806e22f8aa601452cb5d8933ebe1c368869a7b47ae795b38b8b4,2021-01-27 18:50:00,CLOUDY/OVERCAST,DARKNESS,SNOW OR SLUSH,ON SCENE,01/27/2021 06:51:00 PM,41.751124945,-87.620853242,POINT (-87.620853241961 41.751124944981),C,1,2021,18:50:00
973f51fb679b553e22f1b0472cf5392f91e0cec37b64f03a024b8c983b2fe38760607590cf2d0407291f6dea4b4b28b84e669eb02f6dded0188d5d642fa02146,2022-09-08 07:17:00,CLEAR,DAYLIGHT,DRY,ON SCENE,09/08/2022 07:17:00 AM,41.917977302,-87.671867349,POINT (-87.671867349034 41.917977302034),C,9,2022,07:17:00
9753d345696f86c379140442c65d150b4a38ea00475011caa20ae9f031bbb6034017802fee45f7f4f11b40646688a6d33b15d4fb36bf1079552c9a4c80281f79,2019-10-11 23:03:00,CLEAR,"DARKNESS, LIGHTED ROAD",DRY,ON SCENE,10/11/2019 11:03:00 PM,41.817683733,-87.6650402,POINT (-87.665040200043 41.817683733038),C,10,2019,23:03:00
98d3ad41b2de3ad5cee2d963c3bfea55353c8578440316339c9ef3b9a724d67c9fd14558c4fe7a3ff57bb1454b783799edd86d72d977b0e1c1df112c7c7dab6d,2022-03-10 07:15:00,CLEAR,DAYLIGHT,DRY,NOT ON SCENE (DESK REPORT),03/10/2022 07:35:00 AM,41.886669157,-87.694110015,POINT (-87.694110015001 41.886669157044),C,3,2022,07:15:00
99229763d34732c5ef34738a671db0dadf1ae0a1762a168733703d2f492fa4772a04c136bbbc8e0132158943c20a26e455dfa0088b4eeb7fc1ec1795e1d010c2,2021-04-22 10:25:00,CLEAR,DAYLIGHT,DRY,ON SCENE,04/22/2021 10:27:00 AM,41.843639331,-87.712474174,POINT (-87.712474174002 41.843639330959),C,4,2021,10:25:00
9930cf8fcb8c012d492569be398ea9c522e533e4b13adef7809dd2e25ceca70f2f8e6f37949dbd8769dca857140740e853f17c70e07272c2d2adb11b3b8e2eb5,2021-01-13 15:00:00,CLEAR,DAYLIGHT,DRY,NOT ON SCENE (DESK REPORT),01/13/2021 03:45:00 PM,41.995579197,-87.675876884,POINT (-87.675876883986 41.995579196996),C,1,2021,15:00:00
9954cf3a6df94b1c190b7abf67a3187317fc8238e5315b3af1dd0bd9b784f794ea9db3a7d3e319a677862516b7ced1ed1adf9dbdfe1a0f26c8dae29c628afa26,2020-06-12 21:43:00,CLEAR,"DARKNESS, LIGHTED ROAD",DRY,ON SCENE,06/12/2020 11:59:00 PM,41.81769999,-87.613526835,POINT (-87.613526834967 41.817699989989),C,6,2020,21:43:00
98ae6e90e66f865cf390eb107d16194366119fc7468be732366e7adc04f155b9897845ee5a8a43f19651d20c790d1de8f26a023baf3efcd1fce2df297fa69417,2022-06-05 15:00:00,UNKNOWN,DAYLIGHT,UNKNOWN,NOT ON SCENE (DESK REPORT),06/05/2022 03:15:00 PM,41.924325921,-87.716840482,POINT (-87.716840482033 41.924325921008),C,6,2022,15:00:00
9993c3b34369c82eb60391b1db383218c82ebc8e3f34a7ff23067f54877916c75d7c6caf5d086245aaba58d8e0c363c2153172467b5159d3bffad2ddf6d297e9,2022-03-25 10:30:00,CLEAR,DAYLIGHT,DRY,ON SCENE,03/25/2022 10:40:00 AM,41.817683733,-87.6650402,POINT (-87.665040200043 41.817683733038),C,3,2022,10:30:00
974d2809d30d04b7cbb763bce9f4ee960be343b8c44a4c742285f6a0ce26a614f60524b7b684444225e97106ba77e864c4b21553d2cae48b15782c2f6d3449f7,2020-08-23 05:34:00,CLEAR,DAWN,DRY,ON SCENE,08/23/2020 05:34:00 AM,41.879460095,-87.774488458,POINT (-87.774488457981 41.879460095023),C,8,2020,05:34:00
977818655cc4d6d517708f30762bc64978f0c176c1d341abbf9361af3823b1a88be1f501a651a6583dc3883d8eb64963e3165e7d16763c9414d6ee1c741405ec,2021-11-11 08:15:00,RAIN,DAYLIGHT,WET,NOT ON SCENE (DESK REPORT),11/11/2021 09:45:00 AM,41.923878487,-87.639472096,POINT (-87.639472095984 41.923878487047),C,11,2021,08:15:00
99460e378a8dcd4ca87390f84337c8355744302a8b66f1ef1e0ec27d79035555f340668385e383a4a17c05c2d676692be0a6125d4e53e26775897cac8744491e,2017-02-10 08:10:00,CLEAR,DAYLIGHT,DRY,NOT ON SCENE (DESK REPORT),02/10/2017 09:20:00 AM,41.763882632,-87.707542757,POINT (-87.707542756957 41.763882632),C,2,2017,08:10:00
98736d3f9d40a6d3c7269c412092236bda1a000d355dd5e612e9c8cf7c561a2a7b5457a474ddebe6a164da561b0da8d93402b738462e118c1896aa131ece254e,2018-12-12 16:35:00,CLEAR,DARKNESS,DRY,ON SCENE,12/12/2018 04:38:00 PM,41.969104574,-87.661740125,POINT (-87.661740124981 41.969104574036),C,12,2018,16:35:00
9a023150fb388aac7a52e4f83ebebf2e232cdedb4773aa9f8e3d420010c22462ba759a186d2068995a946d75e51d6af7ee160c21910dc55d0c9a6e4323e0a56b,2020-04-20 13:00:00,CLEAR,DAYLIGHT,DRY,NOT ON SCENE (DESK REPORT),04/20/2020 01:40:00 PM,41.917765793,-87.761039505,POINT (-87.761039505034 41.917765793034),C,4,2020,13:00:00
97f259d357162e00c9bf0ada937683f132e53f26f67a445abac7148cd4b3401880d36b015edd96872bbd18bfce255b09c48186ed68f63c86dfc21e556d62eded,2020-12-25 09:45:00,CLEAR,DAYLIGHT,DRY,ON SCENE,12/25/2020 09:47:00 AM,41.917765793,-87.761039505,POINT (-87.761039505034 41.917765793034),C,12,2020,09:45:00
9a082fe75c865bffcad3e31b11461e8a71506fbcdc29d5a3d5414624343a964886677aa7fbd8d34beacfb350d3e43550659c80c761cef61b83ba99af6270499c,2019-08-19 08:40:00,CLEAR,DAYLIGHT,DRY,NOT ON SCENE (DESK REPORT),08/19/2019 09:07:00 AM,41.809572517,-87.611394621,POINT (-87.611394620986 41.809572516992),C,8,2019,08:40:00
99be048634baa20516c23012de16b3a814b84b4b319301009febe9ef76e5c339bae6faba7926971b30cdbf6663e533ede7579ea7569c6273b40b58a243f4be0d,2019-04-22 12:30:00,CLEAR,DAYLIGHT,DRY,NOT ON SCENE (DESK REPORT),04/22/2019 01:45:00 PM,41.744151639,-87.585945067,POINT (-87.585945066953 41.744151639042),C,4,2019,12:30:00
992ca4fea666e3395fa0d8a713b6ca4b8e9b0d09929da050d7fdbd773e7a98bbcd74cd8aedbd3a4e691032c8f50d9a6e8b1ce42e094b8f4adedb9d1090dca016,2018-02-28 15:40:00,CLEAR,DAYLIGHT,DRY,NOT ON SCENE (DESK REPORT),02/28/2018 04:00:00 PM,41.794602529,-87.742607215,POINT (-87.742607214988 41.794602528951),C,2,2018,15:40:00
98c75a9baa2f3ef0f2a73e03149c5514ef0c17c9d9c0d37bbdef4ee3feb8d4b4ba7d49d57e7ad7766116d7bf93bcc840115d480e74719fe096db45859a3152e5,2019-07-20 21:00:00,CLEAR,"DARKNESS, LIGHTED ROAD",DRY,ON SCENE,07/20/2019 10:00:00 PM,41.792772565,-87.581772077,POINT (-87.581772077026 41.792772564973),C,7,2019,21:00:00
9784d98ad365c6b519c4221722ae6bf325bad0c6f2e5237322d4ac24698082fc2f6a328c450132f71a2feb3ba88975553adabdcc9294ee07eedb24b6a804b772,2023-05-31 19:35:00,CLEAR,DUSK,DRY,NOT ON SCENE (DESK REPORT),05/31/2023 08:10:00 PM,41.866501191,-87.686157599,POINT (-87.686157599021 41.866501191036),C,5,2023,19:35:00
98e6e2e59a0ff993ba6e73cb4fb2c76bdcbcfa2f3ef45445d442879523c75cbf78c42dfd6f16aac223054be4a8eec92f33a53f19c0874e0f00c8d02ea2557c84,2017-03-07 08:20:00,CLEAR,DAYLIGHT,DRY,NOT ON SCENE (DESK REPORT),03/07/2017 09:15:00 AM,41.770688752,-87.576276333,POINT (-87.576276333027 41.77068875201),C,3,2017,08:20:00
97d93eca2f4a4ea27ceb0be2d757592ca38dac627d4540c1b5f98fa5efb98c3019c51526ea7b8cd7edb4626dc755e727b1f9b461b17b42692e13284ec0d867aa,2018-12-18 07:16:00,CLEAR,DAYLIGHT,DRY,ON SCENE,12/18/2018 07:16:00 AM,41.758245505,-87.626521907,POINT (-87.626521907009 41.758245504966),C,12,2018,07:16:00
985d79b5f8d5132bbe08e5403288355a8278e48ff564a2599562ed8177ce02b12c80b6a2bac8a4bcf446a46b6c867d796ffe2eec8f19df6a41bc7eafa01dabca,2017-04-13 09:15:00,RAIN,DAYLIGHT,WET,NOT ON SCENE (DESK REPORT),04/13/2017 04:00:00 PM,41.858321813,-87.703707726,POINT (-87.703707726023 41.858321812955),C,4,2017,09:15:00
99f60506f24dcae12406679be8bbffd836d6fe9882a68cc4ab4ed8837fa933e759caf776d175a371cd4a342eb2f2fb1ac7a543f91a736ca5bca8130653d58623,2022-12-01 15:00:00,CLEAR,DAYLIGHT,DRY,NOT ON SCENE (DESK REPORT),12/01/2022 03:30:00 PM,41.958986951,-87.933993929,POINT (-87.933993928974 41.958986950953),C,12,2022,15:00:00
99945bf3eec70945c580ec485f15cf75c48f0bc2ec808ff2f4c1ce78c5a3cb36e67700c661c5ab7d712ef58e5b7960b74440fe2c7f046c6e66d5fd1b867e45df,2018-09-30 20:30:00,CLEAR,DAYLIGHT,DRY,NOT ON SCENE (DESK REPORT),10/01/2018 03:30:00 PM,41.784946951,-87.671685498,POINT (-87.671685497986 41.784946950991),C,9,2018,20:30:00
9901d80178fac1535bd720165b28bfc529694ae77e8fabfe526cb236429ef1eedb14e61bc75406ea3ac92ca847dbc1d755c2cf9f968b844526a3ebdad61d4318,2021-12-11 22:30:00,CLEAR,"DARKNESS, LIGHTED ROAD",DRY,NOT ON SCENE (DESK REPORT),12/11/2021 11:40:00 PM,41.735634268,-87.682733396,POINT (-87.682733396015 41.735634268007),C,12,2021,22:30:00
985b720b3e5dcb409969333516c44b67f6412101c49aebb01d4f81db3a9c89be13cd9a8acb0253650828ea73f98ff54c09ef538f36ee623858323271cf25c970,2022-04-17 15:00:00,CLEAR,DAYLIGHT,DRY,NOT ON SCENE (DESK REPORT),04/22/2022 11:00:00 AM,41.748043431,-87.565109738,POINT (-87.565109737995 41.74804343103),C,4,2022,15:00:00
98cc4ad8439bc038671b40587202c49a005c6f883e98174ba791690e7454c7051b1f1eda058439d06d47a431dfaf8091ffd654fcc0d505252a5c93431d039153,2022-07-21 15:50:00,CLEAR,DAYLIGHT,DRY,ON SCENE,07/21/2022 03:51:00 PM,41.660125762,-87.58501516,POINT (-87.585015160022 41.660125762023),C,7,2022,15:50:00
99c5e899b1b255a8c9dc96b3f0e3e602ba108e53fb30685333eabafd3f9cc5770c524375a328b5059baf82f532e01fc71cc8936c0d9f4d05962b0a19908b02c3,2017-07-28 10:43:00,CLEAR,DAYLIGHT,DRY,ON SCENE,07/28/2017 10:43:00 AM,41.90516365,-87.647975873,POINT (-87.647975872994 41.905163649974),C,7,2017,10:43:00
97f2bb11cc476bd47fc8bf1916f7e829fc716b37ade3e1ac1c7a86a5af0180ddaf988b404dd79fc511227ad5bf6907e1c1f4aced828f38560a1414a29f67962b,2018-02-05 12:53:00,SNOW,DAYLIGHT,SNOW OR SLUSH,ON SCENE,02/05/2018 01:25:00 PM,41.784060473,-87.611937651,POINT (-87.611937650999 41.784060472995),C,2,2018,12:53:00
98c5fceafe26271b24cece266fe45c959af0f7e685ae5f82bd94c4222cae1b2f23176a2b75b80ea616ad5f1215c18a54cbbb4efc90aec75fc81f6f753b219cbd,2019-09-13 12:30:00,CLEAR,DAYLIGHT,DRY,ON SCENE,09/13/2019 05:14:00 PM,41.808026055,-87.71995187,POINT (-87.719951869982 41.808026054987),C,9,2019,12:30:00
99e46c3db3097b3b144607d2a758b228510e72dc5acaa6994231e6723f14508040115f4a3d98d3693411bc45bbb25fa0704c017bf1d1328e0a6f17e737b00845,2017-08-16 19:40:00,CLEAR,"DARKNESS, LIGHTED ROAD",DRY,NOT ON SCENE (DESK REPORT),08/27/2017 03:20:00 PM,41.935251659,-87.653825436,POINT (-87.65382543599 41.935251658968),C,8,2017,19:40:00
983a8b755add331fda508c5be53b20cfe93a39afa65648fec322099c65a3a8470ca1714049184b3a15c2d4ef44633d2e6b13e7d27a7e279178b9d72ade7db0f3,2018-10-25 13:15:00,CLEAR,DAYLIGHT,DRY,ON SCENE,10/25/2018 01:21:00 PM,41.806648097,-87.716326122,POINT (-87.716326121991 41.806648097041),C,10,2018,13:15:00
98a6f23874c45377fb4ecf2d0ce2d5610bf39809766d34a0d7b3255180c92de8d1d669eb403f41f07c0e485305fbdb8f3056c72d219b5ba2af2a0acaecb3a1fa,2019-11-08 11:32:00,CLEAR,DAYLIGHT,DRY,NOT ON SCENE (DESK REPORT),11/08/2019 12:05:00 PM,41.916597794,-87.64830004,POINT (-87.648300039977 41.91659779403),C,11,2019,11:32:00
99bb0b91fb1048a8b0f765f2ba868a829ae01cc385fa7c63ad20b693b6c0bacb18dbeaeb58f63c62ad54c924d1d15c80579a94b9239621a0a293e26f06244ca6,2017-10-16 19:15:00,CLEAR,"DARKNESS, LIGHTED ROAD",DRY,NOT ON SCENE (DESK REPORT),10/16/2017 07:45:00 PM,41.741916078,-87.731527894,POINT (-87.731527894011 41.741916078034),C,10,2017,19:15:00
986f419d27c3d746bfba1230c8d0b3579c41e4a205ebe8f5ddc012fc811ae7ec17e4b7946fe9bacf9dd837ac116377ab0dee95a6097e43d03e438a765f3ad4b5,2018-01-11 08:30:00,CLEAR,DAYLIGHT,DRY,NOT ON SCENE (DESK REPORT),01/11/2018 12:30:00 PM,41.928378968,-87.694958349,POINT (-87.694958349001 41.928378968012),C,1,2018,08:30:00
97794f277a468a0ee2759175952bf5eb47f4f7b62d19ad89d262ed6ca956865f1b4e2553d365242249e816ba10400e8b7d466143569a59ce11be6efe3bc6a800,2021-09-07 16:30:00,CLEAR,DAYLIGHT,DRY,NOT ON SCENE (DESK REPORT),09/07/2021 05:10:00 PM,41.907717718,-87.745916874,POINT (-87.745916874041 41.907717717976),C,9,2021,16:30:00
975bced144e4af78a72a03761e917fa407b7e396175f14a04c26a1ed5b0d1145a3255122dc821ce15109eef0227965fe1c81153e34dc3bfadc1dc54bd5f7462b,2016-12-19 09:05:00,CLEAR,DAYLIGHT,DRY,ON SCENE,12/19/2016 11:35:00 AM,41.75869138,-87.60533417,POINT (-87.605334170015 41.75869137995),C,12,2016,09:05:00
99aa7d974554434082ada63809fc37b79715259184d0adfa10426c95f1b8b238d3a0125193ba1d33c8f5e4df535234e5821daf3b3b94bc9954585d4910f26211,2020-05-03 02:14:00,CLEAR,"DARKNESS, LIGHTED ROAD",DRY,ON SCENE,05/03/2020 02:14:00 AM,41.854893868,-87.715238548,POINT (-87.715238547973 41.854893868049),C,5,2020,02:14:00
9888baba30798c6db210a779cc8271765f2e6b1b4e349c365feae36724ce27e90854592769d10f8102018a0ce5dfec14582db37ca8dddf3c961f2a0367a53f35,2021-02-22 00:01:00,FREEZING RAIN/DRIZZLE,"DARKNESS, LIGHTED ROAD",SNOW OR SLUSH,ON SCENE,02/22/2021 12:01:00 AM,41.899284038,-87.708264377,POINT (-87.708264377049 41.89928403803),C,2,2021,00:01:00
97c4c9af74d8d7f98c4a30e03dcb0d4aa30a7c138cb99e97b79398500d132c8be11d488f0ca850160fe5a3aad7830157d29b379ebcc455b7abc71da03481cc6c,2022-06-04 11:00:00,CLEAR,DAYLIGHT,DRY,NOT ON SCENE (DESK REPORT),06/04/2022 11:40:00 AM,41.884600962,-87.627828521,POINT (-87.627828520965 41.884600961961),C,6,2022,11:00:00
979df5184db69570ada40d6777e5b16ab2d3d6458cbe89e1a05a9dfbc28813b9547d7f913974dea408e3faab20c10548bada28f2e8fe1c70a0f2cff8c7332186,2022-07-13 12:02:00,CLEAR,"DARKNESS, LIGHTED ROAD",DRY,NOT ON SCENE (DESK REPORT),07/13/2022 12:02:00 PM,41.886892404,-87.620586558,POINT (-87.620586557997 41.886892403964),C,7,2022,12:02:00
993d8acd169f986a0772dd408ffc539f660673039876fc2bc42b201f2293191226fb50eeb14fcdc68d505bc5e4cd5574fd4bd914fd26cca9b055a3d72c1699f1,2016-08-18 19:04:00,UNKNOWN,DUSK,UNKNOWN,NOT ON SCENE (DESK REPORT),08/20/2016 12:56:00 PM,41.923313128,-87.677675318,POINT (-87.677675317992 41.923313127988),C,8,2016,19:04:00
97d04a7e05171544e1f4a1f08c9edd384c0ba28e8c4fc24ad8aec26fb2ea887a1432611448a6c9ff2c5ac898f76fc3c8e16d440455dd657e5fa02536102cd927,2021-07-21 15:20:00,CLEAR,DAYLIGHT,DRY,NOT ON SCENE (DESK REPORT),07/21/2021 06:02:00 PM,41.909665373,-87.734821737,POINT (-87.734821736967 41.909665373049),C,7,2021,15:20:00