CRASH_RECORD_ID,CRASH_DATE,WEATHER_CONDITION,LIGHTING_CONDITION,ROADWAY_SURFACE_COND,REPORT_TYPE,DATE_POLICE_NOTIFIED,LATITUDE,LONGITUDE,LOCATION,CRASH_TYPE,CRASH_MONTH,CRASH_YEAR,CRASH_TIME
99bf2c2aac68825a33e8573cdafef03d87c01aab90516584aed6fc0c8056e46d5d87b6adeec9543dc69bf563b10ff7feb186864d7e3f7e251a09fdbaf2e406c6,2022-09-29 05:00:00,CLEAR,"DARKNESS, LIGHTED ROAD",DRY,ON SCENE,09/29/2022 07:45:00 AM,41.950676839,-87.643784743,POINT (-87.64378474303 41.950676838996),C,9,2022,05:00:00
990609401571cc3149123a94f818f1a9500607e5fd33864a0359e42b9d91930b6cc64e5baa17b8db191dfcb36d665594a768460408d093dbb728d14c439a5ccb,2020-05-20 08:45:00,CLEAR,DAYLIGHT,DRY,ON SCENE,05/20/2020 08:46:00 AM,41.744151639,-87.585945067,POINT (-87.585945066953 41.744151639042),C,5,2020,08:45:00
99a79c1d43aa682d8540b8858c49fd426b0973e1bc718f8b2faa99fc86b30de833d897c5fe35ae3ca085a63f7c8265f617a642df653dd5138e383eed2c6a6670,2017-01-27 06:30:00,CLEAR,"DARKNESS, LIGHTED ROAD",DRY,NOT ON SCENE (DESK REPORT),01/27/2017 11:05:00 AM,41.972861181,-87.784147301,POINT (-87.784147301034 41.972861181028),C,1,2017,06:30:00
98d8ba0ddaf11a7db980ef5f96545172ca21375c5b7f60ebc6886ddb82261b7242d10a8288d4c2327925ea9f83830d46583a181ed8ad12defebde51e38ddb258,2023-06-22 22:20:00,UNKNOWN,UNKNOWN,UNKNOWN,NOT ON SCENE (DESK REPORT),06/22/2023 11:45:00 PM,41.85276755,-87.630024824,POINT (-87.630024824031 41.852767550035),C,6,2023,22:20:00
98fa24da70570eb1f54c20d030c91006fce58ede40f47bbd4a03ee7331644a2edfbcedb58d9c36d5072487b176644c23c1af6954b0d3fbc1fec1748d6e3c2a0c,2019-09-18 16:00:00,CLEAR,DAYLIGHT,DRY,NOT ON SCENE (DESK REPORT),09/18/2019 05:55:00 PM,41.917103631,-87.687248767,POINT (-87.687248767006 41.917103631009),C,9,2019,16:00:00
97674e4adafc048afe995ccc8159be3356a6ec3a1289f5b9077ffeec78bfc8f47625f89850f3b4e288cb5861e55be5e80fd9cba9c3d16a1f6f7da52a97965e89,2015-11-24 09:45:00,CLEAR,DAYLIGHT,DRY,NOT ON SCENE (DESK REPORT),11/24/2015 10:35:00 AM,41.909294322,-87.763395828,POINT (-87.763395828035 41.909294321981),C,11,2015,09:45:00
974a2fbb48699bd494cc292c0f5477ee5e24f851e0b40b0a1831d5d261bfc785451319bc383268f4324d358f9797dc09dbd4c8e9e70778acd26c6b1e5dc1a1dd,2022-10-08 21:00:00,CLEAR,DARKNESS,DRY,NOT ON SCENE (DESK REPORT),10/09/2022 01:40:00 PM,41.879442841,-87.758556948,POINT (-87.75855694798 41.879442840981),C,10,2022,21:00:00
99a97756c73ff9bd0d9da59cb4c24a0d8a672b568447d048a5ff2d80ef88049f12dd28f8b5bb92dcf29b6e48922a91394dad1677ec5ae74571eebafcdc87170c,2022-05-19 16:04:00,UNKNOWN,DAYLIGHT,DRY,NOT ON SCENE (DESK REPORT),05/19/2022 06:00:00 PM,41.861248347,-87.69560597,POINT (-87.695605970043 41.861248346977),C,5,2022,16:04:00
97e42b4b61d3ef487d0bf9df588f1d0539a3010dcb93a0437a7711963a0f75ad55233efc3703f05670f47538770b54acace013848c0db6e0075760cd19df491f,2018-06-25 10:00:00,CLEAR,DAYLIGHT,UNKNOWN,NOT ON SCENE (DESK REPORT),06/25/2018 06:00:00 PM,41.829047454,-87.644911429,POINT (-87.644911428952 41.829047453975),C,6,2018,10:00:00
979254d41d856ff59a50166928b5090177375b2703945f3e274bcd69eea5634eb645a5753c8f54858420ae78ac28dd1940974123119de52c8101268920607cbe,2019-05-17 13:30:00,CLOUDY/OVERCAST,DAYLIGHT,DRY,NOT ON SCENE (DESK REPORT),05/17/2019 02:24:00 PM,41.931607951,-87.697755776,POINT (-87.697755776035 41.931607951049),C,5,2019,13:30:00
993ab3d022929c827c6f57c3687a827c54235cfb557d8a533ed5ba617368519e7df5b3d2d98fc17bb972669601413a2aa8fe4c0ea7c706a0bdcad390783859ae,2023-06-08 02:40:00,CLEAR,"DARKNESS, LIGHTED ROAD",DRY,ON SCENE,06/08/2023 02:55:00 AM,41.697244717,-87.609995303,POINT (-87.609995303037 41.697244716993),C,6,2023,02:40:00
99f5c232ecbfc50ebdd90ac660e6247a90a843035d82241ea925dc4867b185687bd6de9dfac799b0ff5dc2a249af6d606f5aaaee8953d2e69b36d501398500f3,2021-12-13 13:50:00,CLEAR,DAYLIGHT,DRY,ON SCENE,12/13/2021 03:43:00 PM,41.741916078,-87.731527894,POINT (-87.731527894011 41.741916078034),C,12,2021,13:50:00
97eec8a4862a818c6880620e89fc45acaf06faf412c95ec10736cc8ab0fa0f0b69ce78d1a339bbd2191e5a3018309b7cbca70b85f121f3d8882c58e208138230,2020-06-20 15:41:00,CLEAR,DAYLIGHT,DRY,ON SCENE,06/20/2020 03:41:00 PM,41.785387445,-87.606183761,POINT (-87.606183761008 41.785387444959),C,6,2020,15:41:00
981873cc724a78e6bf2a7036eeb5dab4e436854c1cae1bdb6d763ca5d6d1671af1cbf9b2ecf588408c2c47ef31f7f674cde8612e1d1924f8550fd0b94874f3c1,2017-04-14 08:38:00,CLEAR,DAYLIGHT,DRY,ON SCENE,04/14/2017 08:39:00 AM,41.969261067,-87.650422729,POINT (-87.650422728959 41.969261066974),C,4,2017,08:38:00
99c4d25488a730c3f4afe499680a56ec7848fc40e0b7ea187c63bf0ff1b178bf81f2763744934cf443eff3c7aa80fa3b469ade6b80b90602b8fdb81a1492cbf4,2018-02-27 17:00:00,CLEAR,DAYLIGHT,DRY,NOT ON SCENE (DESK REPORT),02/28/2018 07:12:00 PM,41.735617589,-87.669285839,POINT (-87.669285839025 41.735617589025),C,2,2018,17:00:00
986c0ced40374bad34f55d52048c8dc4fb3b9171e9db165163d043e33f37074fda86247b8b4dace00a18361401846d7a41adea317047f99cc72790734f36d867,2017-11-10 09:33:00,SNOW,DAYLIGHT,SNOW OR SLUSH,ON SCENE,11/10/2017 09:40:00 AM,41.898979021,-87.637410212,POINT (-87.637410212028 41.898979021041),C,11,2017,09:33:00
99c21ef6b3b89cb2370359571d13a572e05a7bcdf41b1b67b62a62845d97f14dad016a738ce4a2b4834700e0fc9694b7da14c4c2c31183ac0e94097ab199f4f6,2016-06-26 19:20:00,CLEAR,DAYLIGHT,DRY,NOT ON SCENE (DESK REPORT),06/26/2016 07:58:00 PM,41.87844992,-87.630646659,POINT (-87.630646659034 41.878449919993),C,6,2016,19:20:00
97507828e8be3e4a5fedcddc2cb2b1828f189588e5fac9f668dbb0835fa7cbbda99e30c5331174fa2f8a3e2ae2eabb7d19e83f7105dc9696f07401cdeb04b5dd,2021-07-06 14:23:00,CLEAR,DAYLIGHT,DRY,NOT ON SCENE (DESK REPORT),07/06/2021 02:35:00 PM,41.91975438,-87.687333666,POINT (-87.687333666029 41.919754379966),C,7,2021,14:23:00
98d42e602de83483b793af393811e8cb35f16cc52cdbe6e72d063343215bf502e015e87ec1e4d870c821516932ccbe9d50fe6ec495e8f624becfbbd1e3b39604,2021-04-27 17:53:00,CLEAR,DAYLIGHT,DRY,NOT ON SCENE (DESK REPORT),04/28/2021 10:10:00 AM,41.910202458,-87.708596992,POINT (-87.708596991994 41.910202457983),C,4,2021,17:53:00
99a430ddd51f72dc8e3ca0ae33739b04e71bae8b49bb94f8ca920c6b169eb2567e7b1547581d8617a0e35adf386ea9dfecffe08649e1cfd46419fa4be4a9be8d,2019-05-12 21:55:00,RAIN,"DARKNESS, LIGHTED ROAD",WET,ON SCENE,05/12/2019 09:55:00 PM,41.876926589,-87.745039137,POINT (-87.745039137038 41.876926588953),C,5,2019,21:55:00
9914392df5fc6a053d35c8707004202d377753a1d32da63d4a1dd24ece611e3f4913ff1df9f8e680b38681d3e4141960f80667eca8f5127dd7a53080c0911921,2021-05-11 18:56:00,CLEAR,DAYLIGHT,UNKNOWN,NOT ON SCENE (DESK REPORT),05/11/2021 08:15:00 PM,41.794908912,-87.616471792,POINT (-87.61647179201 41.794908912028),C,5,2021,18:56:00
99cb7b44cebc728557e7854a2ca6b3fb5cc746a719c06f0eefd680e8e316193bf47164030d8f4195cd5387b27e2e792232d3cff1b0ed438af16aeda299d1238f,2022-04-03 05:54:00,CLEAR,"DARKNESS, LIGHTED ROAD",WET,ON SCENE,04/03/2022 05:55:00 AM,41.967797374,-87.757318908,POINT (-87.757318908014 41.967797374042),C,4,2022,05:54:00
97ab556b331b14c60ab389b52dccde32372314cd81ddda846f72b11ed406b32322ea0a7d55d5e0271a98c80eb2a6dcd6c90680b4068de9b90ff200cefdcb42a6,2016-04-14 11:30:00,CLEAR,DAYLIGHT,DRY,NOT ON SCENE (DESK REPORT),04/14/2016 12:10:00 PM,41.902299937,-87.69796895,POINT (-87.697968950027 41.902299937011),C,4,2016,11:30:00
97a20c22441ea8b5c8ed2f8b4469c85541dd5f880e2c5a3acae8ca5ff6e0a9ddf16e90c7a54fb2e12901071fb9d701760a82d43f1e5a8e2c4f8e518b1607879c,2017-11-11 14:45:00,CLEAR,DAYLIGHT,DRY,NOT ON SCENE (DESK REPORT),11/11/2017 03:15:00 PM,41.990024694,-87.728708871,POINT (-87.728708871015 41.990024694008),C,11,2017,14:45:00
97b8cdbd9e7500add3427e9d033e4befb4aa7e4cdc842ea8c8301e0acd2051344769e25abd5301007877bc5eff0a8c545a94768e31ce0b1cb21e3c4e80c6be6f,2020-04-23 12:10:00,CLEAR,DAYLIGHT,DRY,ON SCENE,04/23/2020 12:30:00 PM,41.78311773,-87.683600529,POINT (-87.683600529038 41.783117729972),C,4,2020,12:10:00
999267c2c90e93df31583531bda9fd9d06f224b7488e9a9e0afc16d8151d96060382865d4688691b11d3db01eba75f1de760e7575a9037acd85b8c1fad89fe0c,2023-04-20 09:40:00,CLEAR,DAYLIGHT,DRY,ON SCENE,04/20/2023 09:43:00 AM,41.982379285,-87.806794426,POINT (-87.806794425998 41.982379285018),C,4,2023,09:40:00
99e743e0feaa011c91fd0fe2f6e069e48a7a546c4e2056bee8411fe05dcb2e99c133a66b3c8877b1cdd23a8df538613957cfc4732afb0dde5bf7854551a882ae,2021-11-30 09:00:00,CLEAR,DAYLIGHT,DRY,NOT ON SCENE (DESK REPORT),11/30/2021 10:15:00 AM,41.836490047,-87.618373724,POINT (-87.618373724007 41.836490046973),C,11,2021,09:00:00
97c15d74852debacabce95d58f1b05693d7496c223ba7a75b8cb142dd0ba18f96ac5581667f4da1090f28b10eef4ce17f874529b2e2eefa0220afd818213e5cb,2021-08-17 17:15:00,CLEAR,DAYLIGHT,DRY,NOT ON SCENE (DESK REPORT),08/17/2021 06:15:00 PM,41.77125351,-87.723272314,POINT (-87.723272313996 41.771253509998),C,8,2021,17:15:00
99dcad99361f83f532c625a769f8fa539095f7838ccaf929e03d67f5a08200a3e66fb520408bcce4ac101cdbdeab804d9348c3afaf467f5488f916801ae28876,2018-08-24 08:50:00,CLEAR,DAYLIGHT,DRY,ON SCENE,08/24/2018 08:55:00 AM,41.921729807,-87.663234201,POINT (-87.663234201004 41.921729806985),C,8,2018,08:50:00
97e7f2e118cc19623ee7dcb6db37f43c8647812f08b7ec2390b304dd8e007ae5cdd61d108b6431cf80ab13c059a830a7713412125eaaf5af555b05a6ea161e80,2020-05-05 10:00:00,CLEAR,DAYLIGHT,DRY,NOT ON SCENE (DESK REPORT),05/06/2020 11:05:00 AM,41.895953607,-87.667900066,POINT (-87.667900065976 41.895953607031),C,5,2020,10:00:00
9783225bd3fbdd412a0b309ad6cf4393d981c620a04b826bbd2516f010ec67dd0ec9af97dd5a1587301aea9f9fcf40e130d5140e76061694d4073b681254bd11,2017-08-07 19:20:00,CLEAR,DAWN,DRY,NOT ON SCENE (DESK REPORT),08/07/2017 08:10:00 PM,41.947988017,-87.747288494,POINT (-87.747288493953 41.947988016986),C,8,2017,19:20:00
9cafa1eebe4eaf16f5dc3c2a4e66f03e0a596513755e2dcaee46aae54eb1d73d365901ff4d9c67b4b12e1c9c8950522bf4ae6d9891e18c7907d3f314e4179fff,2020-11-04 17:53:00,CLEAR,"DARKNESS, LIGHTED ROAD",DRY,ON SCENE,11/04/2020 06:00:00 PM,41.939285609,-87.639373796,POINT (-87.639373796021 41.939285608976),C,11,2020,17:53:00
9a6cb1db55e860010000442ca478887773e1a6b15c7662c6e49d7bccc7f94d046a9694aa77e1951ae96c99a982e50f2ff179db1890962cb87503fe8c2d339f1b,2018-05-20 12:40:00,RAIN,DAYLIGHT,WET,ON SCENE,05/20/2018 12:45:00 PM,41.990508926,-87.706622194,POINT (-87.70662219398 41.990508925961),C,5,2018,12:40:00
9ae376eac5e4aa194ddd4de488d39fbd3531f5dbd3108b2cd292c2b046b18ff73e2fe4a97430bea459e4370dc0e9022ac74dc709b723050339872160c8ef057d,2021-01-14 05:29:00,CLEAR,"DARKNESS, LIGHTED ROAD",WET,ON SCENE,01/14/2021 05:29:00 AM,41.659687315,-87.583621707,POINT (-87.583621706984 41.659687315045),C,1,2021,05:29:00
9a944c1ae0e0dc0bc45dec4b03b28d236dc9d4e37d718b9e618a329cec75bd119ba3fd75b8ef6c4ad9929ab56ab70fee2f1d2da7fb8e91c88e246d8f8bf199b4,2016-04-08 23:30:00,SNOW,"DARKNESS, LIGHTED ROAD",WET,NOT ON SCENE (DESK REPORT),04/12/2016 08:15:00 AM,41.909701111,-87.726235243,POINT (-87.726235243004 41.909701111025),C,4,2016,23:30:00
9cd6cd5b023ce17d667e37d77a063b5afa3bec6f18ebe67a31cd5185b19b18c8be600e4af100a579b56648f44ba85d46382493740e40d4c95b649003d656d4f9,2017-07-25 16:39:00,CLEAR,DAYLIGHT,DRY,ON SCENE,07/25/2017 04:40:00 PM,41.898607736,-87.765435936,POINT (-87.765435935974 41.898607735996),C,7,2017,16:39:00
9ca98351c31b88dda660fe25afef351b844e9d305a0c4b6eddc6806afb73337293410020a702d46e5dbdc7f3544798bfe4276ab8f85fbd1fb8925802a9ecc6e1,2017-12-17 16:00:00,CLEAR,DAYLIGHT,DRY,ON SCENE,12/17/2017 04:03:00 PM,41.975785113,-87.714994976,POINT (-87.714994975991 41.975785113021),C,12,2017,16:00:00
9b11421250926c325d554070e2a6e463c89db057ade5c154d9c285e46decbd21057580a206d5f805311db548700a9faff08b7b3993d3868136a8e56afc507fdc,2021-12-10 22:56:00,RAIN,"DARKNESS, LIGHTED ROAD",WET,NOT ON SCENE (DESK REPORT),12/10/2021 11:20:00 PM,41.899931735,-87.622074583,POINT (-87.622074582951 41.899931735006),C,12,2021,22:56:00
9bca770e544685b5c1022e1da5dcf9e12190b8ab7a77003ecfd5d0d3f21a1def52516a873e4ec651b50e8840ba1e3a7f4b7ccb6eda4a88f93fa3ca2582bf0be7,2020-02-06 18:40:00,SNOW,"DARKNESS, LIGHTED ROAD",SNOW OR SLUSH,ON SCENE,02/06/2020 06:45:00 PM,41.74914193,-87.704166761,POINT (-87.704166760973 41.749141930026),C,2,2020,18:40:00
9c479c2d5e4ffb67eb2acfe009fbe2f8b15623c36340d942f14712eafc31ce02e29327baf4a8c9d258760f1835b77bde59ca4871222de2f416ca8d84b99ca3d1,2019-08-22 23:00:00,CLEAR,DAYLIGHT,DRY,ON SCENE,08/22/2019 11:07:00 PM,41.712054148,-87.600676165,POINT (-87.600676165045 41.712054148023),C,8,2019,23:00:00
9b34e7a2c740fa231e8443fd856459419231badde22732eb9cb2ebc4de722dfa285a8f449ca0b1350209230b0f327d92c7fee7718f8862fb6712f564c3cd9f8f,2020-09-26 10:36:00,CLOUDY/OVERCAST,DAYLIGHT,DRY,ON SCENE,09/26/2020 10:56:00 AM,41.817683733,-87.6650402,POINT (-87.665040200043 41.817683733038),C,9,2020,10:36:00
9b18feeea086cd69f1c6d18a973e4d049444c23809b6f8b882d9e197a59ed82d54d9c3fb3a80314dae00817c671943b6674a9cf466a8d9ba27cf34411ed2a049,2023-06-28 20:10:00,UNKNOWN,"DARKNESS, LIGHTED ROAD",UNKNOWN,NOT ON SCENE (DESK REPORT),06/28/2023 08:20:00 PM,41.924025937,-87.754108923,POINT (-87.754108923036 41.924025936998),C,6,2023,20:10:00
9b97bdd0904472d3ed7c6b914f2065cbd625ae56e1ea17cc2ce6004309e94a7e6ea8c6e5069645bec967027d240d06dc1eadd96e2990905cd82fd98cc087d7c7,2018-07-12 19:49:00,CLEAR,DAYLIGHT,DRY,NOT ON SCENE (DESK REPORT),07/12/2018 08:04:00 PM,41.909669676,-87.765481309,POINT (-87.765481309016 41.909669676006),C,7,2018,19:49:00
9c3bddfcfcde8515f5abe353e6ff94aa683bc3ee274a411cef35b0318dac28856813d7d9bf225989497396df945bbfbba9cd2baaa6e86d3001de9e7ffd8114f4,2021-07-01 06:53:00,CLEAR,DAYLIGHT,DRY,ON SCENE,07/01/2021 07:30:00 AM,41.762174118,-87.558927464,POINT (-87.558927463962 41.762174118016),C,7,2021,06:53:00
9ac4266f25f8a84ad47bf98bca70a2e3ed437b34166c5b4885e87e1f491de8d1fc1ad686095a5c924964f7517a80e3ce098f0a0c74b1f8da04411d2a62b3c520,2020-01-02 12:16:00,CLEAR,DAYLIGHT,DRY,ON SCENE,01/02/2020 12:27:00 PM,41.808701008,-87.705356644,POINT (-87.705356644016 41.808701008034),C,1,2020,12:16:00
9cfd12a5c1692b0721b86ef42d70df64409d4e8bfe727c18eb811a862afcea6a49a1a0f7420ce181fec1e104c0b494cb52355e1f7e6742f414564d3ff6c4a171,2019-12-17 16:48:00,CLEAR,DUSK,UNKNOWN,NOT ON SCENE (DESK REPORT),12/17/2019 05:50:00 PM,41.993836936,-87.72150354,POINT (-87.721503539967 41.993836935994),C,12,2019,16:48:00
9caf1c8d32daba96ef4e03fe2c9824968c2cad5f33487c6039eaa8dee13dd1a3f410858e388f5b6dcfe147058a49abfe7a0b82b35eb4a8b7dd6673660cdf67b2,2017-12-25 14:20:00,CLEAR,DAYLIGHT,DRY,ON SCENE,12/25/2017 02:25:00 PM,41.960532229,-87.767097026,POINT (-87.767097025983 41.960532228999),C,12,2017,14:20:00
9aec5046e3ac3424a5a634529a4e004c99eb567ce4e52bb89083c57889cecd0f63a05f555a0baf552a25ba76baa5bbb2460f47cc858d43a70d8d4fa806fb51c9,2021-09-14 19:58:00,CLEAR,DAYLIGHT,DRY,ON SCENE,09/14/2021 08:02:00 PM,41.920676631,-87.775630269,POINT (-87.775630269041 41.920676630982),C,9,2021,19:58:00
9cd86376069cbb51816e8cb7aa8d13f6b7e89b89c614cfb58b7511acfb8cc10b55fc9a7222becdaf7eb62a7b7a62565dc96a19066aa04aec6c0779e2071b3194,2020-08-14 12:15:00,CLEAR,DAYLIGHT,DRY,ON SCENE,08/14/2020 12:20:00 PM,41.929244351,-87.775753482,POINT (-87.775753481997 41.929244350993),C,8,2020,12:15:00
9b4d15f88c58d8391ff534ac7e7c61c535eeaead20020bb7ea1c551aaf720530663d7b54d3683addf2fb1d46c07e0bfe4afe9371eee5d3f7fd3911c2dab7a9b1,2020-12-10 13:20:00,CLEAR,DAYLIGHT,DRY,ON SCENE,12/10/2020 01:40:00 PM,41.932604222,-87.727148226,POINT (-87.727148226037 41.932604221966),C,12,2020,13:20:00
9b90ad9d6ef93a46120f45e3179aaf5364604b96b5c55e263a46f738bbbd40772328ab283c8f2ae4f618ee972c7cb85666c072701388071b89f0102cfb3c29dd,2018-12-13 13:10:00,CLEAR,DAYLIGHT,DRY,ON SCENE,12/13/2018 01:15:00 PM,41.891955277,-87.617777237,POINT (-87.617777237011 41.891955276985),C,12,2018,13:10:00
9c48ca4c581adcda1fa3813b0e569223020e7072b8d48ab20cfb7bfb24b59bf3eca60438b1e2d518243e7e15b7e5c38e19ccd3e5e4661b5d3a934cead0d76ee9,2018-06-16 14:30:00,CLEAR,DAYLIGHT,DRY,NOT ON SCENE (DESK REPORT),06/16/2018 05:30:00 PM,41.892374041,-87.627242942,POINT (-87.627242941998 41.892374041012),C,6,2018,14:30:00
9be64c837a934ba657602f89dc346a54f53e6ed1279f64ba05f01488b9a780808e0abaa30e540abff1261d95599a8356b58a9523f3d7025333d877ea7ef297a6,2021-01-12 15:30:00,CLEAR,DAYLIGHT,DRY,NOT ON SCENE (DESK REPORT),01/12/2021 08:00:00 PM,41.809572517,-87.611394621,POINT (-87.611394620986 41.809572516992),C,1,2021,15:30:00
9b01a7687a7f2ba291e9943c06dea0f378f44647c757dc210cb277d458c27f92445548e907c9f65cc86d72657cb5c27438d5ef6f8dc8b5a60e62da1cf27798fb,2015-09-18 19:45:00,RAIN,DARKNESS,WET,NOT ON SCENE (DESK REPORT),09/18/2015 09:00:00 PM,41.720830381,-87.681745758,POINT (-87.681745757954 41.720830381015),C,9,2015,19:45:00
9cd2bee96dc40e8dca420c8dc9c8b6a70187dc6bbb7cc149336cf9cc156921d3ae07af0d598d23cc4cff4ec677e11d1e52ca0f84c96e933d47ed3b7cc86d3de3,2022-07-04 10:30:00,CLEAR,DAYLIGHT,DRY,NOT ON SCENE (DESK REPORT),07/04/2022 11:27:00 AM,41.858906154,-87.712914181,POINT (-87.712914181015 41.858906154029),C,7,2022,10:30:00
9c78ba187dfce30e4b6d5cf174cc58312a5b839e5d53b8b472dded375054f246ef29ec50f72fc2f7305861799fd3a5bb5cb5d9dfaa1aafc7acfcd6992fc46b82,2020-02-09 06:00:00,CLEAR,DAWN,DRY,ON SCENE,02/09/2020 06:20:00 AM,41.866080805,-87.723884001,POINT (-87.723884001002 41.866080804984),C,2,2020,06:00:00
9b29c099d69a500db621c1efa54a18750588fa606d5e7f014b7acb20248bee5de86b6322444b1fcea9bc8c2c2fe64af18528e4f3badf54c60ed7606adad19e25,2017-12-24 20:00:00,UNKNOWN,UNKNOWN,UNKNOWN,NOT ON SCENE (DESK REPORT),12/27/2017 11:45:00 AM,41.851187378,-87.731090989,POINT (-87.731090988985 41.85118737799),C,12,2017,20:00:00
9a541949071f404d101a1726b1f4e06dbd8388447fe7bdf1e394807b9ed68aaf77926460371d2847ab7238c870911746b5ae5548d329835d962dfc97dd354d34,2022-11-05 09:00:00,RAIN,DAYLIGHT,WET,NOT ON SCENE (DESK REPORT),11/05/2022 09:30:00 AM,41.902244761,-87.745802326,POINT (-87.745802326015 41.90224476099),C,11,2022,09:00:00
9bbad81453aeb9ef56ea4db43c97a245b1a0e854bcf3bba6e561298ebd172f6bc6eb7c683b1a7b362341aa6044177bd726b70cfd1697f839fefd7deaa87c5723,2023-06-02 19:05:00,CLEAR,DAYLIGHT,DRY,NOT ON SCENE (DESK REPORT),06/02/2023 08:35:00 PM,41.720332469,-87.655506404,POINT (-87.655506403979 41.720332468984),C,6,2023,19:05:00
9b698de8d60c0796f446aa7b840c40b078819c6c018da3bbb092c7a12228fb45e6602357f4a6239a0cf7eda22e5762e393a6a77a1f92f5fa2dc28ced73d19765,2022-01-03 12:40:00,CLEAR,DAYLIGHT,DRY,NOT ON SCENE (DESK REPORT),01/03/2022 04:35:00 PM,41.735617968,-87.682663369,POINT (-87.682663369002 41.735617967973),C,1,2022,12:40:00
9bb3bb22de6ead577f19d073f89dd68e05041dc72bc8b1ab2e93a3967bb2ed9f17f63896aa0ce01c28328a19c348a961dda6a1cd3979a3f3295a6edab81fdaa5,2022-07-07 22:00:00,CLEAR,DARKNESS,UNKNOWN,NOT ON SCENE (DESK REPORT),07/08/2022 02:55:00 PM,41.961238465,-87.713199375,POINT (-87.713199374979 41.961238465013),C,7,2022,22:00:00
9aff09f57605ad8f8c18e630174b724bba44eb9ad9757daa88d4b913a045044abf7917c89b1b00dce9269a341e1a756297dcb9663b20749eaa5f783be22f6708,2019-10-06 00:03:00,CLEAR,"DARKNESS, LIGHTED ROAD",DRY,ON SCENE,10/06/2019 12:03:00 AM,41.903536788,-87.661859583,POINT (-87.661859582959 41.903536788031),C,10,2019,00:03:00
9b9997b3e910f95143fd665d659cd4078a375b223481d14961f4e109ec10994171efb7ad068ba2447b2923516b22f3828fd6a1a80e890355015fcec87b24fd3c,2017-04-29 18:24:00,RAIN,DAYLIGHT,WET,NOT ON SCENE (DESK REPORT),05/01/2017 12:45:00 PM,41.74350578,-87.62819656,POINT (-87.628196560035 41.743505780006),C,4,2017,18:24:00
9ae95f4fec4be0cfc6b43794c02aba0280e504a7397ffdb18f5a1040df266727ea7b7939d3a1e394774b3c185fdd1efb91d965f219e8020914d7cef73003d4cc,2022-12-26 15:20:00,CLEAR,DAYLIGHT,DRY,ON SCENE,12/26/2022 03:28:00 PM,41.990304614,-87.704312836,POINT (-87.704312836005 41.990304613989),C,12,2022,15:20:00
9ce6f9bb3c3ab4d49fd12c9c1c1269e5dbfe3d8e02a006aeed0fe3544a10b6bcc8c82ea53f8862105d65bb75dd736d39dda0c834dfaaa623e79b9cc495d72fe4,2022-03-08 14:15:00,CLEAR,DAYLIGHT,DRY,ON SCENE,03/08/2022 02:16:00 PM,41.916714588,-87.752753452,POINT (-87.752753452033 41.916714588024),C,3,2022,14:15:00
9a9be63c9b5cae45511ac586238c5d391c0cd404ab5a7a885fed38a7f23c34f90e5ddaac9663d1617f62875c936d21af7520c92f7c6bfe36d19482b83a1911e4,2015-12-23 15:30:00,CLEAR,DAYLIGHT,DRY,NOT ON SCENE (DESK REPORT),12/25/2015 03:30:00 PM,41.741803599,-87.740953582,POINT (-87.740953581987 41.741803598989),C,12,2015,15:30:00
9c8e1c9e78b0ded3cbb8450b87641f8c36a8f9a2b9cb39e5ec9907a3cb730c0437cd0f754713c6d9e64ef8ed7f6b51fdcb4f559f489651a1c898b51528a17816,2019-08-29 18:10:00,CLEAR,DAYLIGHT,DRY,NOT ON SCENE (DESK REPORT),08/29/2019 06:50:00 PM,41.849651951,-87.640814939,POINT (-87.640814939018 41.849651951013),C,8,2019,18:10:00
9c46c595e6c1dc9b3dc887a617b182f58b3f1f93f032e837708e4896b8bb5c549a328dddf36c8a43b0b294745b22bb97bb2952bc36012030d22483a020077d7e,2017-10-31 07:40:00,CLEAR,DAYLIGHT,DRY,ON SCENE,10/31/2017 07:43:00 AM,41.792777244,-87.752567029,POINT (-87.752567029034 41.792777243971),C,10,2017,07:40:00
9a727bcd57039d5cb3a283503650f875cadb6c6d74b5f837f2fb6a1422533ce54383d06661ef7c008acb2f2034df1c242111ba912a9ce4b4af4e69ba03bae7db,2023-01-20 17:30:00,UNKNOWN,UNKNOWN,UNKNOWN,NOT ON SCENE (DESK REPORT),01/21/2023 03:00:00 PM,41.744151639,-87.585945067,POINT (-87.585945066953 41.744151639042),C,1,2023,17:30:00
9a2ffee8aef6d5b4e4676cda7515b7f4650c3336311b8d654c819c557439a32a53347883b3e738ef8415310bad219c23be2abd327c8ce7ab6c58ab0e1d448169,2021-09-26 20:05:00,UNKNOWN,"DARKNESS, LIGHTED ROAD",UNKNOWN,NOT ON SCENE (DESK REPORT),10/05/2021 12:50:00 PM,41.913722778,-87.64796414,POINT (-87.64796413995 41.913722777982),C,9,2021,20:05:00
9ae394c707106d056d1e5f2b158dc9597815b40bf46b17741b9ec45b1bbe4b6a5f2a0109f71c344144dbd228078d1032c97f13e2df7628a14dff35567fa779d0,2020-10-04 01:00:00,RAIN,DUSK,WET,ON SCENE,10/04/2020 11:02:00 AM,41.896913042,-87.664643808,POINT (-87.664643807979 41.89691304202),C,10,2020,01:00:00
9b7b9f158a6ab0eab456c0c813d3765f39665714c98e3fb6206b0f3ca8fa3a4dc9efffcd0bbc014630502ddc07a572ce819f9026c9d3d59c204f0d954c7240e6,2017-12-08 08:00:00,CLEAR,DAYLIGHT,DRY,ON SCENE,12/08/2017 08:01:00 AM,41.822669113,-87.706734716,POINT (-87.706734716027 41.822669113005),C,12,2017,08:00:00