CRASH_RECORD_ID,CRASH_DATE,WEATHER_CONDITION,LIGHTING_CONDITION,ROADWAY_SURFACE_COND,REPORT_TYPE,DATE_POLICE_NOTIFIED,LATITUDE,LONGITUDE,LOCATION,CRASH_TYPE,CRASH_MONTH,CRASH_YEAR,CRASH_TIME
9a8f0758f4d59c6da1b6501166a60c022d67cbf1fa74dc6fa8caa443dad477106ddcffbbdfbfd5dacc296a522a9336f71d3e9c5f5f9ff1d909d9bd13c23950c1,2016-03-25 13:50:00,CLEAR,DAYLIGHT,DRY,NOT ON SCENE (DESK REPORT),03/25/2016 02:00:00 PM,41.757975726,-87.618452286,POINT (-87.618452285984 41.757975726039),C,3,2016,13:50:00
9ae8d183f50ae6d5cd5994dfb7ef0abad84fab8c1bcd6c3d51ef2689bca9b70970ab2e30d78a8e22910acebece5e6fdc1624d59906f7e71c313dbdfe00877d80,2019-04-02 14:28:00,CLOUDY/OVERCAST,DAYLIGHT,DRY,NOT ON SCENE (DESK REPORT),04/02/2019 03:16:00 PM,41.879714362,-87.774496221,POINT (-87.774496220954 41.879714361958),C,4,2019,14:28:00
9a2a5902c367dfaaf01cbd4b14080ccc0632a31ea5eec259edeed9170a8e4d11d9204f28fb51da42572743ec5bf11ba1c2ad5c45ee9187a02e2980e03ccbdbd0,2023-05-12 18:49:00,RAIN,DAYLIGHT,WET,ON SCENE,05/12/2023 07:09:00 PM,41.781083095,-87.67288412,POINT (-87.672884120019 41.781083094972),C,5,2023,18:49:00
9c348ee22eebf388d9ce0da251fb35d28f87c51dfc160f7adc7df55bd4259d769fcf9d5d8b329116f3178ad335d1c6617c63605f1f07f4841e4026ccdf868188,2016-07-14 22:00:00,CLEAR,DUSK,DRY,NOT ON SCENE (DESK REPORT),07/14/2016 10:15:00 PM,41.87566181,-87.715869634,POINT (-87.715869633961 41.875661809982),C,7,2016,22:00:00
9b82704bad8876fc7f13b80ccdba204aa04cf1f9f42b6649d5596280cfa19775c76fd4a18d82802a5e6894639eabd676bf2141dd9a5c41594b8fa0e004720394,2020-01-25 12:43:00,SLEET/HAIL,DAYLIGHT,SNOW OR SLUSH,ON SCENE,01/25/2020 01:03:00 PM,41.717041633,-87.574148213,POINT (-87.57414821301 41.717041632981),C,1,2020,12:43:00
9ab33f340ba37e545dd9171736dfd92228bff599d380d632c2defee5ae9d54af6aed3ed5fa2574a1e20e16526a988dc30980ebdfd57e2a6351042a9dd3f9079a,2018-11-03 13:25:00,CLEAR,DAYLIGHT,DRY,NOT ON SCENE (DESK REPORT),11/03/2018 02:00:00 PM,41.809781151,-87.594212812,POINT (-87.594212812011 41.809781151018),C,11,2018,13:25:00
9ad4410bba0fa4c534d604a02342c89e577206b631b5f8733b1bd53eebcafa12b04eab0d63b57d8419a86b23ed749e280147e5d01a09ce9d935d5422ba03af81,2018-11-26 17:45:00,SNOW,DUSK,SNOW OR SLUSH,NOT ON SCENE (DESK REPORT),11/26/2018 06:20:00 PM,41.892374041,-87.627242942,POINT (-87.627242941998 41.892374041012),C,11,2018,17:45:00
9ba9e2f2bb97041c4993b57b7f3cc74b792e77974a670fdbc62301d51ab7e89ab51bf2af56072d162cf6c423277aa2a127a7522da9f50270584b61e41ef12c0c,2022-06-06 19:22:00,RAIN,DUSK,WET,ON SCENE,06/06/2022 07:26:00 PM,41.741374167,-87.721506394,POINT (-87.721506393957 41.741374166961),C,6,2022,19:22:00
9c453e4b47642d7e49f4907dec5fceb152f8187073e77ed68238a83cdddecc56b2ac423e155a6b0e20016c5a9e71c48e1c95ab024f79df5e9b51b6074ac52932,2017-12-14 08:30:00,UNKNOWN,UNKNOWN,UNKNOWN,NOT ON SCENE (DESK REPORT),12/15/2017 09:00:00 AM,41.879988513,-87.630688841,POINT (-87.630688841031 41.879988513046),C,12,2017,08:30:00
9b456a8358d9a95a012c729bd379b1e4ce84bd1ad9e849805c4000e4c10195d76b24a0a2c8f58c85125a2134eac2a23d6962be5169a4b144522451748024b549,2019-11-14 13:10:00,CLEAR,DAYLIGHT,DRY,ON SCENE,11/14/2019 01:15:00 PM,41.891621161,-87.624253929,POINT (-87.624253929022 41.891621161011),C,11,2019,13:10:00
9c1dc652943614ed167bc71e6d964aa4dcba29f40700c59f313ec0f8e7f955dbfd89440ffeb4f5bcbc4723d5c69d0a1d38432e89c42ba5089994dbc37a6bc2eb,2023-01-26 02:55:00,SNOW,"DARKNESS, LIGHTED ROAD",SNOW OR SLUSH,ON SCENE,01/26/2023 03:00:00 AM,41.898341319,-87.618057856,POINT (-87.618057855957 41.898341319021),C,1,2023,02:55:00
9b7a9a3590615f552305928ccc3f2a67fccc7535aaffe1457766283bfd275e65e0f03356243487a8c8c6c756afd3a37c31a599656ae950c6b6f7fac4ee3b17e1,2018-07-09 14:30:00,CLEAR,DAYLIGHT,DRY,NOT ON SCENE (DESK REPORT),07/09/2018 03:27:00 PM,41.851044205,-87.634819768,POINT (-87.634819768008 41.851044205018),C,7,2018,14:30:00
9ccd73ad51036ace4baf532dce49d293ff0e3c45c4ca1f1ef486312efcd2e0cf9c53c4e4d47f7b5ea663f0fa875f0ee028d05a2ebc79e8a3fb98cc94fa455c63,2022-01-26 23:40:00,CLEAR,"DARKNESS, LIGHTED ROAD",DRY,ON SCENE,01/26/2022 11:40:00 PM,41.953203301,-87.756048735,POINT (-87.756048735038 41.953203300975),C,1,2022,23:40:00
9b4f4a99b2344962d9a0fc11677c42ad823a92220d6484d0655098fd2ba3e7a154a793e0b935a18767b91c52dd57d0461a1ccdc32d716547b556033ee364e331,2016-11-17 08:56:00,CLEAR,DAYLIGHT,DRY,ON SCENE,11/17/2016 09:11:00 AM,41.809781151,-87.594212812,POINT (-87.594212812011 41.809781151018),C,11,2016,08:56:00
9c88bf5144a22dc63390061e260b241845f8c2594f831d1aa1139a0083e047bdd7b57956ef022d51f110f4f470b483f1753d38014ce0af364a419b2a34eedd3b,2016-12-12 17:07:00,CLEAR,"DARKNESS, LIGHTED ROAD",SNOW OR SLUSH,NOT ON SCENE (DESK REPORT),12/12/2016 07:05:00 PM,41.729740921,-87.602918053,POINT (-87.602918053002 41.729740921034),C,12,2016,17:07:00
9ab2196374ee63d3819ba580d91186868e3195d9f348f284da8a86dc7605b4f2aa988da5dd415fefe3bdf2840fce4bd141592e592b74218aae8eb5fa21c42c1b,2018-09-18 07:00:00,CLEAR,DAYLIGHT,DRY,ON SCENE,09/18/2018 07:04:00 AM,41.924070913,-87.767270609,POINT (-87.767270609035 41.92407091296),C,9,2018,07:00:00
9a6ca5d3a5c31024aa306e4c1a33c7f9a030e0b09ba50358d2182019780faffbfb68bbc2c430ec23972ddf5d64bf6766dc40775ccd10390ee8860b2603ecbe46,2021-07-23 21:51:00,CLEAR,"DARKNESS, LIGHTED ROAD",DRY,ON SCENE,07/23/2021 09:51:00 PM,41.925018178,-87.686883216,POINT (-87.686883216 41.925018178017),C,7,2021,21:51:00
9be7e0c52a0df03ffb36378adbed4c5693dce38b2c5f645d0129ccc2be59aacffda2f61959a52e874a63b61f9863f69e2614860bd6dda561b50e221f85cd9bc8,2022-03-16 23:00:00,CLEAR,DARKNESS,DRY,NOT ON SCENE (DESK REPORT),03/17/2022 10:00:00 AM,41.686338093,-87.630271457,POINT (-87.630271457023 41.686338093031),C,3,2022,23:00:00
9ca6787ef184cfbba86e40c86172329d922087ed857a8879219825f75f17fb7d81373d6b5381e87a89f0835698e5c7385ffca7132e060d2ca1b8829bbc659061,2018-11-03 17:00:00,CLOUDY/OVERCAST,DAYLIGHT,DRY,NOT ON SCENE (DESK REPORT),11/03/2018 07:50:00 PM,41.806186021,-87.66475882,POINT (-87.664758820017 41.806186020987),C,11,2018,17:00:00
9acb91114ea8e31189f9afa1dfcfa95023d62af5987871becc02b801ce2c0896edd5c7180936e845355891bf8f60c47a31913d550508442d343e24739e547730,2022-09-17 09:55:00,CLEAR,DAYLIGHT,DRY,ON SCENE,09/17/2022 10:51:00 AM,41.945067829,-87.761954483,POINT (-87.761954483017 41.945067828985),C,9,2022,09:55:00
9ae122f356157a7b4148fce7a32c09baab94c3292354ba251c234f549397aa6b6d3251810b7e3face574062c2289de01c8ae11ce9cebf9bae6d7a7a966d15cb9,2021-09-08 15:30:00,CLEAR,DAYLIGHT,DRY,NOT ON SCENE (DESK REPORT),09/09/2021 02:17:00 PM,41.74579217,-87.635369997,POINT (-87.63536999702 41.745792169991),C,9,2021,15:30:00
9bc36d10c61a497624a6e7275cab549cf34034b890e4bba95d485e7c823ef16502e8da9d052786fceb11b5bc830dd02aa2bf05134b1983c1ff4cc1646bd46782,2019-03-18 17:45:00,CLEAR,DARKNESS,DRY,NOT ON SCENE (DESK REPORT),03/18/2019 09:00:00 PM,41.924025937,-87.754108923,POINT (-87.754108923036 41.924025936998),C,3,2019,17:45:00
9c0bd2f63e417f38215fd907baec16dd415e1c8625b2d1c0a8c16253c884c8d2b0accfef47e08c05815219af1e4bb3895066f6980f6b872b0d4683fc16488e26,2022-06-25 13:00:00,RAIN,DAYLIGHT,WET,ON SCENE,06/25/2022 01:20:00 PM,41.741803599,-87.740953582,POINT (-87.740953581987 41.741803598989),C,6,2022,13:00:00
9b5675c9e61d9ddb1b7b44ce2b21add13f2ae9c2200e2d5ff3761ed1321ab22320951f3f115408ddde520efe1aef35a355bd0cd42b90cf23171f2c66dae24cf9,2020-05-26 13:45:00,CLEAR,DAYLIGHT,DRY,ON SCENE,05/26/2020 02:58:00 PM,41.741667598,-87.602391881,POINT (-87.602391880962 41.741667597999),C,5,2020,13:45:00
9b1750168c76d75d60989009b6bdfe7d13cf6bf5a81e0fc9ba3dc7b9e44557f6c25208b056244e2a6efa03f1f7913bddb63c622a6343f7f5d188e3135f5557de,2019-03-13 16:13:00,CLEAR,DAYLIGHT,DRY,ON SCENE,03/13/2019 05:05:00 PM,41.712072677,-87.681644152,POINT (-87.68164415196 41.71207267704),C,3,2019,16:13:00
9c02988f39837b69bdaa09d62053bec8989397c179dcaa7bc5f76edd7c06e5e8e8ea2fc53ee4c204eaa6b627ad30cfb2c8b2ce02cfa11382f80c1327f06c130c,2021-06-26 18:12:00,RAIN,DAYLIGHT,WET,ON SCENE,06/26/2021 06:20:00 PM,41.932748996,-87.653801489,POINT (-87.653801488996 41.932748996009),C,6,2021,18:12:00
9b494bcb73442a45cb4b2d131e915307df13dfb7ffaa31ddab2f114420d5be20c34eba650b28f64ddbd9a1cf7bb4d689072ae978c144773fa20f198091958786,2018-09-20 10:45:00,CLEAR,DAYLIGHT,DRY,ON SCENE,09/20/2018 10:55:00 AM,41.837732675,-87.66589445,POINT (-87.665894449999 41.837732674972),C,9,2018,10:45:00
9a31f58a9ba7c546e785cc9e1e7fcb683eb941a6eb0317f2961698334094e57c9504e7cb43cefade927c08051024577b611658b3271d5b027204059ee43bf9ee,2016-10-26 08:00:00,CLEAR,DAYLIGHT,DRY,NOT ON SCENE (DESK REPORT),10/26/2016 08:17:00 AM,42.010808345,-87.699590531,POINT (-87.699590530981 42.010808344995),C,10,2016,08:00:00
9ca780d4ad0d2e9afd8635f7eb06fa4b2e28d119d5531448f8d0c4a9808aae956237c45d1873d3125e9b12fa4388c535fc1c8a6d4bbb0515a1a655cb46841e77,2021-05-24 17:00:00,CLEAR,DAYLIGHT,UNKNOWN,NOT ON SCENE (DESK REPORT),05/24/2021 06:12:00 PM,41.882230166,-87.757516765,POINT (-87.757516764957 41.88223016602),C,5,2021,17:00:00
9b2df1a0e29f7a24c819b9c8c9a5e55b4c1671cde46e7107761c9d962ffbfb8acaebf0180ca7d9e8a68828e94239b65b3a092ebdcf6b9a2f7cbc45db2a65cffd,2023-02-13 18:30:00,UNKNOWN,UNKNOWN,UNKNOWN,NOT ON SCENE (DESK REPORT),02/13/2023 07:30:00 PM,41.924462295,-87.737848102,POINT (-87.737848101986 41.92446229504),C,2,2023,18:30:00
9b590b622167d8425b43547a2be74ef85ec535f47e22a9b584a680cb21c661c271f3fce0396c22750d958d1afa48bf2bdbc71d708bcd480ff8467805eb24dc15,2021-06-12 20:52:00,CLEAR,"DARKNESS, LIGHTED ROAD",DRY,ON SCENE,06/12/2021 10:08:00 PM,41.945552923,-87.786368212,POINT (-87.786368212009 41.945552922959),C,6,2021,20:52:00
9a651bc0be764689be35ecb65538e0fb89cc6dcafb7a7d29ce38be07d3e2baa4941dc03d0f024e8ea979d16ad39b3562a8799f617d7c3a8129d1bbc502fd922d,2021-03-18 17:05:00,CLEAR,DAYLIGHT,DRY,ON SCENE,03/18/2021 05:14:00 PM,41.876673758,-87.654450835,POINT (-87.65445083499 41.876673758026),C,3,2021,17:05:00
9aec8e781dae97caeb28326715f2a32585502a30510b443abd42f1962919ab459a30c1124748f49872ad962d62d5b34cd7099a47b54665ef88298ba3286d0daf,2016-03-27 14:15:00,CLEAR,DAYLIGHT,DRY,NOT ON SCENE (DESK REPORT),03/27/2016 03:15:00 PM,41.751920405,-87.576136982,POINT (-87.576136982014 41.751920404952),C,3,2016,14:15:00
9f3b4ade24bd9ef22f76b0e7016ff78d191cdac25f953eab6d41bad2f236bbc3b48479382dd57d33f154bc50feac7425295e39cd961e8b950e8ef327f998af7a,2021-10-01 17:45:00,UNKNOWN,UNKNOWN,UNKNOWN,NOT ON SCENE (DESK REPORT),10/01/2021 07:00:00 PM,41.945552923,-87.786368212,POINT (-87.786368212009 41.945552922959),C,10,2021,17:45:00
9fc258d024af3595d2900181150d76e1dcb4fe5244cb0e7255d8412b684d467d8df4fcd5aa1ff004c8ec3478720b52415b665aed2a590be215abe22f2dc42659,2016-09-07 13:15:00,CLEAR,DAYLIGHT,DRY,NOT ON SCENE (DESK REPORT),09/07/2016 01:15:00 PM,41.749362768,-87.605332981,POINT (-87.605332981011 41.749362768013),C,9,2016,13:15:00
9f84c2d1f55c314ae9654af9ba7863ec865ee64e35ce88d789f229c0b4e59b684172cb20fdeae9a714d4fd706846a9e93edb46c0f535be512dfe17374257328c,2018-06-13 12:00:00,UNKNOWN,UNKNOWN,UNKNOWN,NOT ON SCENE (DESK REPORT),06/13/2018 01:00:00 PM,41.868274205,-87.710800435,POINT (-87.710800435041 41.868274205039),C,6,2018,12:00:00
9f322e0aa46f354c1bc1ad4551b3f6f8ccd5e249b5d836ccb1710d370ade2a0cd40b19c944703bac9386053e958ff0b2ab86c6276ed08813072863586536c900,2022-12-21 13:36:00,CLOUDY/OVERCAST,DAYLIGHT,DRY,NOT ON SCENE (DESK REPORT),12/21/2022 03:00:00 PM,41.720930072,-87.675096598,POINT (-87.675096597998 41.720930072023),C,12,2022,13:36:00
9f4da6960c8ec41c1435d781032991730cbef88601f7a6a6bc4495badd669dd3cffe34566cd33cdbc62913bce0f290bc5173c8aa558fb99aaf61c6624dc01792,2022-05-12 07:43:00,CLEAR,DAYLIGHT,DRY,ON SCENE,05/12/2022 07:43:00 AM,41.983234951,-87.694452368,POINT (-87.69445236803 41.983234951043),C,5,2022,07:43:00
9dab6f7b142a58fea10ab31e2154a892feea5d7b8c8cd648ea98a527d1e9eac3f7f0a7eb6007a358c5974e8d898d31639e5543a655f3204f588d1862428277d6,2017-05-19 18:15:00,CLOUDY/OVERCAST,DAYLIGHT,WET,ON SCENE,05/19/2017 06:54:00 PM,41.776923225,-87.673987975,POINT (-87.673987975039 41.77692322504),C,5,2017,18:15:00
9ee07817235dfe2d6c7050a44dc682f81dbee700d338adc95d4441dd460eed8352822189eda5ddb4adac216e96e191d43fbb4f1da52dbfb84c273fe8f979a97f,2019-07-16 18:20:00,UNKNOWN,UNKNOWN,UNKNOWN,NOT ON SCENE (DESK REPORT),07/16/2019 06:40:00 PM,41.895768039,-87.629678317,POINT (-87.629678317 41.895768039028),C,7,2019,18:20:00
9ed03d1707d09416466ca69fdda70cea62ef7df5e288bdc1fcb371c6ea12781e8be1a82d0c2ebf3d2c80a13d3eacdf4814ea1d8bc48c70016426160919a0e468,2019-04-06 17:58:00,CLEAR,DAYLIGHT,DRY,ON SCENE,04/06/2019 06:10:00 PM,41.866119494,-87.720927574,POINT (-87.720927573996 41.866119493974),C,4,2019,17:58:00
9f9bba5f3414fe91f97f19a55de79af868dc6a3e06b362ea24da330bff1ac92ee06e2038fb31912e8f4689fb92bcc71894124fef13365786caed38629e73de63,2019-07-28 16:00:00,CLEAR,DAYLIGHT,DRY,NOT ON SCENE (DESK REPORT),07/28/2019 05:03:00 PM,41.75869138,-87.60533417,POINT (-87.605334170015 41.75869137995),C,7,2019,16:00:00
9e7795226f16157f5c13ce53f7e2a29e45ff75994887b06ea5e1beb801cf3095b085ba8bd5cc977dffe1d403f7ffb0dc921547b137b9bf2991c80ddf18fa3384,2016-10-04 21:18:00,CLEAR,"DARKNESS, LIGHTED ROAD",DRY,NOT ON SCENE (DESK REPORT),10/04/2016 10:15:00 PM,41.968851138,-87.663877012,POINT (-87.663877012025 41.968851138048),C,10,2016,21:18:00
9fa12ba0f77e7da54746302cb21a46c0371fece3cf82ac476d297540dc1fd429860a01b282fa3f21763e058d8ad232ddec09a74c05887f1cfa4485086e572a22,2022-02-01 08:35:00,CLEAR,DAYLIGHT,SNOW OR SLUSH,ON SCENE,02/01/2022 08:46:00 AM,41.844276406,-87.7147225,POINT (-87.714722500033 41.844276406013),C,2,2022,08:35:00
9d53dd9fdd97be803a7394b82c165c38fa061182c51b6f887af3225321f87eed3684ab647d5df6a2754d9dfc87f3be9c90c68d57a67bc8635d1e695a4e864a0b,2019-11-26 14:10:00,RAIN,DAYLIGHT,WET,ON SCENE,11/26/2019 02:13:00 PM,41.948361485,-87.818229932,POINT (-87.818229931998 41.948361484982),C,11,2019,14:10:00
9f2e858feed5d25151f622c041fcf2240e917a2b4058139819d5d50b3530becf0094c806bf66d86567cf0287c164cedf9992a87e419dc21bab2a4146b63f6ab2,2018-06-02 18:30:00,CLEAR,DAYLIGHT,DRY,NOT ON SCENE (DESK REPORT),06/02/2018 07:00:00 PM,41.959702199,-87.747352139,POINT (-87.747352138954 41.95970219897),C,6,2018,18:30:00
9e0c64c5ce2c6ce02b774b44752483cd4d8d75d0a4fec1f918988057d119d18ad10b0fda87859eddd91704626c686d1c9937f411d81b68c18eb6791fd87fdc84,2017-12-12 12:30:00,CLEAR,DAYLIGHT,DRY,NOT ON SCENE (DESK REPORT),12/12/2017 01:00:00 PM,41.750825387,-87.626474838,POINT (-87.626474838014 41.75082538699),C,12,2017,12:30:00
9dcf8ac1e1fb1325a4cb22000165b76a70caad88867927776964102a29b208b3dd969a8f44bb7c8226544b2c5f92690e304d14e4b7763482ecb8c45b337797c2,2018-12-01 15:06:00,RAIN,DAYLIGHT,WET,NOT ON SCENE (DESK REPORT),12/01/2018 03:40:00 PM,41.903536788,-87.661859583,POINT (-87.661859582959 41.903536788031),C,12,2018,15:06:00
9fb3a4241ccb4134dbfc326ec2d49f95327877e8ef97e7761b6a3ddbb099e701305f2a8ccab69ce3a03641b6c4f09606783bb646b3089ab418f399dce724e5f2,2021-10-24 19:30:00,RAIN,"DARKNESS, LIGHTED ROAD",WET,NOT ON SCENE (DESK REPORT),10/24/2021 08:05:00 PM,41.94009648,-87.64884604,POINT (-87.648846039986 41.940096480034),C,10,2021,19:30:00
9efadb23687389766cee58df44059d1bcf4a25a2aed39aa78af0a005f0c6da9b46b5955eb6eb9ccf367fdb862810a12ed8cba7dd06c02f97734842e9a42dfa01,2017-02-26 13:00:00,CLEAR,DAYLIGHT,DRY,NOT ON SCENE (DESK REPORT),02/26/2017 01:32:00 PM,41.895259507,-87.72592622,POINT (-87.725926219958 41.895259506969),C,2,2017,13:00:00
9d93bbd448977ba152de3d87696be8ca354b84ab21afe5d5f4fd504bbe245b5797c82a89e4e8352ced6341a64362914b7e399f9b89df968e708b7e3007788a19,2019-01-27 13:10:00,CLEAR,DAYLIGHT,SNOW OR SLUSH,NOT ON SCENE (DESK REPORT),01/27/2019 01:35:00 PM,41.938266954,-87.795761499,POINT (-87.795761499004 41.938266954026),C,1,2019,13:10:00
9efb744a54d67ed2478a3526512d6ee243ddf9bcd920b47c1d39886e5d0bef8d79274829f37fade4f7f64e99eb34186fd75d3fe8b6c714e594e75a09fda76524,2016-01-21 04:50:00,CLEAR,DAWN,WET,NOT ON SCENE (DESK REPORT),01/21/2016 06:35:00 PM,41.79573461,-87.762555326,POINT (-87.762555325992 41.795734610035),C,1,2016,04:50:00
9efb7626fa8dad8b6a0f1405b9d144bd4a5513eff9e0d509093b148ae40a54b9469c0a63c8739180732030bce401399d37ede3bac2bf73e782ed1aab6e79a1d0,2018-04-21 11:59:00,CLEAR,"DARKNESS, LIGHTED ROAD",DRY,NOT ON SCENE (DESK REPORT),04/29/2018 12:45:00 PM,41.793387047,-87.801425844,POINT (-87.801425844009 41.79338704697),C,4,2018,11:59:00
9f431d4dcdd1b7fb2d5effd529a424e312cfe06f27525f7eed7ff53684bbe6eee40258cdb3144c5777c40a0eff49b7f2578d82cb4273b0f0b32f5469f3ee4f6c,2017-09-26 16:45:00,CLEAR,DAYLIGHT,DRY,ON SCENE,09/26/2017 05:38:00 PM,41.894827612,-87.639938442,POINT (-87.639938442027 41.894827612018),C,9,2017,16:45:00
9e1b2f18e515967ddaf2aae09f76d4de37c244e5b3bceb06cc6fe54c24ec4d73a4fe7e3038e9ae952dd15b344f1b909fb942c7ad0a3c42cf66edcbc750301b47,2017-07-18 20:15:00,CLEAR,DUSK,DRY,NOT ON SCENE (DESK REPORT),07/18/2017 08:27:00 PM,41.921620305,-87.785233923,POINT (-87.785233923027 41.921620304983),C,7,2017,20:15:00
9f719bc7a763c971b768e963b0d0dd7dcef878a03b10c655664da27559d997830dc004b26963b82edada64ce3096a5ab649a261513e2914741abcc8a6c24047e,2020-01-20 21:30:00,UNKNOWN,UNKNOWN,UNKNOWN,NOT ON SCENE (DESK REPORT),01/21/2020 12:01:00 AM,41.951748584,-87.790296089,POINT (-87.790296089034 41.951748583999),C,1,2020,21:30:00
9e7a91b20e6e2c1c231c7ac9e5f691468fd64cfb52d7d14d2a68c1244a3f624d38070c10319337ffeef0e745aefd2e15c67c149e96e79d1c8be4e8ba3674a681,2018-10-29 15:00:00,CLEAR,DAYLIGHT,DRY,NOT ON SCENE (DESK REPORT),11/06/2018 04:00:00 PM,41.972198365,-87.708727358,POINT (-87.708727358 41.97219836497),C,10,2018,15:00:00
9e2f8e943662e3838b45fe6efb50535c6f52b5c2b2d416b7a5bec32c89aedb9ef10bc22ca407c1f0709b238142d33fadc17e605b9bc97eb749e9d8a2d9d36138,2019-11-18 22:30:00,CLEAR,"DARKNESS, LIGHTED ROAD",DRY,NOT ON SCENE (DESK REPORT),11/23/2019 10:55:00 AM,41.880926858,-87.701056523,POINT (-87.701056522993 41.880926858016),C,11,2019,22:30:00
9efae40b62b6ca4604466a553be9a4efae1d88235586be5b3a9a2445ba15c612a53dd62656a1b5ff9b2692eb1f63732642097f0af3dea79d3b1e7c9d6d9faee7,2018-10-18 16:30:00,CLEAR,DAYLIGHT,DRY,NOT ON SCENE (DESK REPORT),10/25/2018 10:20:00 AM,41.996555699,-87.761228026,POINT (-87.76122802604 41.996555698999),C,10,2018,16:30:00
9ef819182db6854c62cee91cebd1eb1c3fdc92e76cc99044692fcb3a04184ca743df607b8d4991ea10d8123176478a96dca974d5d73edea6ebd70347d60abd32,2021-08-09 20:07:00,RAIN,"DARKNESS, LIGHTED ROAD",WET,NOT ON SCENE (DESK REPORT),08/09/2021 08:50:00 PM,41.954105717,-87.693290369,POINT (-87.693290369008 41.954105716988),C,8,2021,20:07:00
9ea569cba226147e6c0fd44dbd275cf5a4f062a6418b202c4321d7e6adf79d232b74bed919fdac655b71fa2ec7c537a83a4dc53b05e08fb3521a084713472423,2018-07-27 14:38:00,CLEAR,DAYLIGHT,DRY,NOT ON SCENE (DESK REPORT),07/27/2018 03:20:00 PM,41.939226397,-87.725414877,POINT (-87.725414877038 41.939226397019),C,7,2018,14:38:00
9e22e4ab142fa1b19a1ad5b1681979f1c5361031eceba577909ee7cc9a6c0c6d8279f7ab66e91a1d2f4d6de33dff29f7f91d1005705fe5dd82b8d823e38043f2,2023-07-15 15:15:00,CLEAR,DAYLIGHT,DRY,NOT ON SCENE (DESK REPORT),07/15/2023 04:00:00 PM,41.923739288,-87.648748983,POINT (-87.648748983048 41.923739288036),C,7,2023,15:15:00
9df41e63b3c0db9fbc02363e305ba5993dce093de3fb3c2f5fc8d6f907c33d7d7ac0bb2331f1dec262e102f1c870cffa5f1c71c9996fb83ecb013e98d4ef7b65,2021-11-24 07:48:00,CLEAR,DAYLIGHT,DRY,NOT ON SCENE (DESK REPORT),11/26/2021 12:00:00 PM,41.874265467,-87.629062725,POINT (-87.629062725018 41.874265466984),C,11,2021,07:48:00
9e47c83a5c785538b2f6f5adb206372cf5c1a30f0d3da878f6db82cd78766859f430e9c693647646085ab1fe77629d7857a0cbabf479d5f292a1b19802af0877,2022-11-03 16:25:00,CLEAR,DAYLIGHT,DRY,ON SCENE,11/03/2022 04:35:00 PM,41.980714013,-87.76087261,POINT (-87.760872609998 41.980714012952),C,11,2022,16:25:00
9e5a32cd06b22f47cbf4e6459ba63ea4c80c9c5a04771758257fe9d36a4454cce0dbf6053469e08b4e401725418422d1c8c6d87e45d99c9eced54325368d323e,2019-12-18 19:55:00,CLEAR,"DARKNESS, LIGHTED ROAD",DRY,NOT ON SCENE (DESK REPORT),12/18/2019 08:02:00 PM,41.78419815,-87.741365268,POINT (-87.741365267996 41.784198149971),C,12,2019,19:55:00
9e83c5f9f364746d73cfdce1117185642ddc14d837df0ce041ac1f4358056c8bf98acfcbac0223fac4ebb8ef5204cf94aa251c37e5fe0790dac98d426f005497,2019-04-17 22:00:00,CLEAR,"DARKNESS, LIGHTED ROAD",DRY,ON SCENE,04/17/2019 10:05:00 PM,41.781253265,-87.686289516,POINT (-87.686289515956 41.781253264965),C,4,2019,22:00:00
9ea648adf83ec59bd3e6d0992e44dfddcb77bf93fc60eaf74e09722b399a216ec2dbac84d890a883f9bfeadc03f2e1d7580808ba4ae2b628bdacb489eaefbbbd,2019-05-24 13:53:00,CLEAR,DAYLIGHT,DRY,NOT ON SCENE (DESK REPORT),05/24/2019 04:35:00 PM,41.735617968,-87.682663369,POINT (-87.682663369002 41.735617967973),C,5,2019,13:53:00
9ee0b99c1ef344de1f5029371cf7817504c70d0c52535df955e54363b3712ffa5db16cdd2f9c7a7fc9d7706b32ae9e28bcf25fda25b8407acf0170b032f8059c,2019-10-23 17:05:00,CLEAR,DAYLIGHT,DRY,ON SCENE,10/23/2019 05:52:00 PM,41.900620925,-87.766665214,POINT (-87.766665213988 41.900620924993),C,10,2019,17:05:00
9e1987028b9b750202fe1c22afaed4316b6defcc0ee9e7036e5429f58c7bf1948f280063a6bd0a70534953c18d35596cd740feca40bb1bcd8b6bffdebbda71fd,2021-12-03 10:25:00,CLOUDY/OVERCAST,DAYLIGHT,WET,NOT ON SCENE (DESK REPORT),12/03/2021 10:35:00 AM,41.975852858,-87.70913432,POINT (-87.709134319958 41.975852858025),C,12,2021,10:25:00
9f5fdffb996134026ffa3ac8365e3e4170cf042292a8023da9cd8c420b5fa3229969a2b88147bb0c342f2cb4781ee94d42484290f96fac8bd9805fe64269d8c8,2023-01-30 14:50:00,UNKNOWN,UNKNOWN,UNKNOWN,NOT ON SCENE (DESK REPORT),02/19/2023 04:30:00 PM,41.884589493,-87.620498427,POINT (-87.620498427013 41.88458949304),C,1,2023,14:50:00
9eb7243ce499af846fbcfcdfaded0511fafaefce4ab86da4ed812cfd1ef76d0db13055125df3a9b60f492485fd469fd709f4bd0ce9372feb83a9580ee6e27db3,2015-10-16 18:15:00,CLEAR,DAYLIGHT,DRY,NOT ON SCENE (DESK REPORT),10/18/2015 06:35:00 PM,41.709659484,-87.681573809,POINT (-87.681573809 41.709659483952),C,10,2015,18:15:00