CRASH_RECORD_ID,CRASH_DATE,WEATHER_CONDITION,LIGHTING_CONDITION,ROADWAY_SURFACE_COND,REPORT_TYPE,DATE_POLICE_NOTIFIED,LATITUDE,LONGITUDE,LOCATION,CRASH_TYPE,CRASH_MONTH,CRASH_YEAR,CRASH_TIME
9e7750e5109c5f0beaf16bf160e4ae479075ce59c10b96b83465f9a3387d13d529b8b0f5fcf3055ca4e6458f82dde932f9594d32ada87eed8e5198072f518c18,2017-12-31 19:52:00,CLEAR,UNKNOWN,ICE,NOT ON SCENE (DESK REPORT),12/31/2017 08:15:00 PM,41.945067829,-87.761954483,POINT (-87.761954483017 41.945067828985),C,12,2017,19:52:00
9f9f10a863e34b9cbde426753d95ad242ba7851fbc4b986b921a79340b5afa7614ac812b32373181e84ae9bb4f2dc4823091c2fce25ae9526a9ce963fea8fbce,2021-12-18 21:13:00,CLEAR,"DARKNESS, LIGHTED ROAD",DRY,ON SCENE,12/18/2021 09:13:00 PM,41.929496035,-87.653604396,POINT (-87.653604395975 41.929496035006),C,12,2021,21:13:00
9f377ed2f20a85afeabf17205ffbd6cddcf62e113ff82a1d6452bc1aecb600db0b55bd5d974f283de478a480cdf0b9f1b1bafb3f8413cf8cfa693df7703f8cb6,2021-05-21 14:20:00,CLEAR,DAYLIGHT,DRY,NOT ON SCENE (DESK REPORT),05/21/2021 04:30:00 PM,41.663355654,-87.641363438,POINT (-87.641363438039 41.663355654041),C,5,2021,14:20:00
9e08b0b26a5a7bc0e196446fa037ba2e5765f13d059622f3e506e1586b6d34039ff058d9a454a3d5fc1e9bc4ea15b64607a82b07e427110a77cc62941ac24e99,2018-07-18 22:30:00,CLEAR,"DARKNESS, LIGHTED ROAD",DRY,NOT ON SCENE (DESK REPORT),07/20/2018 08:40:00 AM,41.744151639,-87.585945067,POINT (-87.585945066953 41.744151639042),C,7,2018,22:30:00
9d2a867997ca1fe3fed629244f81f750d36b0bf128ee9028a602047629ea83c59414cdfdc0a1905f46786789cb1319402cba4a2e0a0971549f2774f1900513fa,2023-04-09 00:45:00,CLEAR,"DARKNESS, LIGHTED ROAD",DRY,ON SCENE,04/09/2023 12:49:00 AM,41.947988017,-87.747288494,POINT (-87.747288493953 41.947988016986),C,4,2023,00:45:00
9e4a290b5eba10902fbf72374f8920ed0e56bf0fb7406a02f5842a3d34d7c9d1168a6dd2038aa5f080bf9b3abd9ae80e41fc23cd022f1aea1016e7d93f77d3df,2018-01-31 16:15:00,CLEAR,"DARKNESS, LIGHTED ROAD",DRY,NOT ON SCENE (DESK REPORT),01/31/2018 04:35:00 PM,41.975458553,-87.747327999,POINT (-87.747327999047 41.975458552982),C,1,2018,16:15:00
9e0df061dc919e487bbebeb971a2a3dea485adb4c96f8d282ce50ed626e5ae302eaf2ddab586c86d429df0452602c7a26bb8b8c19c7e988131bf3283c0b69a98,2022-05-01 08:00:00,CLOUDY/OVERCAST,DAYLIGHT,DRY,NOT ON SCENE (DESK REPORT),05/01/2022 11:05:00 AM,41.737779404,-87.63894634,POINT (-87.638946339975 41.737779404014),C,5,2022,08:00:00
9f96f892c6daa875677ea24386f631e918d00de6aacf533111589b1cf51b2d4cadc4e08290299819576ec83ccd595dc4bb57b8666644766f894f1bf361be6492,2020-02-14 21:00:00,CLEAR,DAYLIGHT,ICE,NOT ON SCENE (DESK REPORT),02/14/2020 11:58:00 PM,41.881041889,-87.687423607,POINT (-87.687423607029 41.881041888962),C,2,2020,21:00:00
9fc4b8baffa4fbfeeb2eb4eb582e8bb0d474d2d5a431e1766edb2e17bbaa179deacdb1d16c0b0f74e5a5e95e114ccc57f1ca1fe38613251a44e1484ec786f535,2020-02-11 18:00:00,SNOW,"DARKNESS, LIGHTED ROAD",SNOW OR SLUSH,NOT ON SCENE (DESK REPORT),02/13/2020 06:00:00 PM,41.744151639,-87.585945067,POINT (-87.585945066953 41.744151639042),C,2,2020,18:00:00
9f02de051578ff6e164218f826bc852b76788c5c38660cae454ed5363b8a64222766ca35f936331b96331114929f2e968f6bd90b696a0bb7ffb88dddba9591a5,2023-05-04 11:00:00,CLEAR,DAYLIGHT,DRY,NOT ON SCENE (DESK REPORT),05/04/2023 06:23:00 PM,41.892820994,-87.764485366,POINT (-87.764485365992 41.89282099402),C,5,2023,11:00:00
9ece35f2778da99160ffe12a942e0322a426145b8a4e1882270878132038f0de21a6fc5e2b5bf374469077059312aa2a921b4e43f5db88ef73b363d72602bf5e,2023-03-14 02:25:00,CLEAR,"DARKNESS, LIGHTED ROAD",DRY,ON SCENE,03/14/2023 02:25:00 AM,41.735733511,-87.721498188,POINT (-87.721498188022 41.73573351095),C,3,2023,02:25:00
9dae03868b2e5fd91770fbc905f895616384c419ab0f7201a7fa81e770891f8b9e0845521d564c35215a64a54ff6ce4e3dcc27efcd03fa49db514f2a97b81e09,2022-07-31 18:35:00,CLEAR,DAYLIGHT,DRY,NOT ON SCENE (DESK REPORT),07/31/2022 06:51:00 PM,41.778044783,-87.693217276,POINT (-87.693217275991 41.778044783014),C,7,2022,18:35:00
9d3f49189e4a4397e60257caafb2279d8116845d4a7fb7722d86f21362c6c686efc546f6ebff7fd6ba792be2943d769a3f066810e9dea6cd469fdb4ca3b97cae,2018-02-03 03:00:00,UNKNOWN,UNKNOWN,UNKNOWN,ON SCENE,02/03/2018 02:45:00 PM,41.745797647,-87.59512713,POINT (-87.595127129968 41.745797647041),C,2,2018,03:00:00
9e7137dddd6f4842c95072d8421adc66df82b8fab7aaf2fe804eae0f591e3fe173555f89a689e854f22f8c32400405a59a8d5ec1fb1e092fd5a4f1144614f5f9,2018-01-02 18:30:00,CLEAR,"DARKNESS, LIGHTED ROAD",DRY,NOT ON SCENE (DESK REPORT),01/02/2018 07:10:00 PM,41.964611566,-87.688634568,POINT (-87.688634568004 41.964611566013),C,1,2018,18:30:00
9f3fe5de3813eaf19abe3224d2fd1922767645260f731ea939bfe30a7774d74ce7b43fecbfeb0c73d0bbfa52b121e334b1befd40e3adbd2a040375f2a4e670b4,2016-03-12 03:15:00,CLEAR,"DARKNESS, LIGHTED ROAD",DRY,ON SCENE,03/12/2016 03:21:00 AM,41.75869138,-87.60533417,POINT (-87.605334170015 41.75869137995),C,3,2016,03:15:00
9f6cdfa1ed07330c9532179237aaf9a45cd1b9e84337bb0cb5a589c918af49bf1a1b48b4a8cc899c208068870d2bf23287dc038ddf4792e386a8ab399c36397a,2023-05-16 17:04:00,CLEAR,DAYLIGHT,DRY,NOT ON SCENE (DESK REPORT),05/16/2023 06:10:00 PM,41.793378954,-87.584053824,POINT (-87.584053824031 41.793378954013),C,5,2023,17:04:00
9ec0d89d07a5e3119e5df0803cd1dca321e927b085b98b0bc3e76ff3bd5b91fd79eba73844a44bef824a3680cd78cd0ecfe439eb9402e7214d070d3b59401a4a,2019-06-06 13:10:00,CLEAR,DAYLIGHT,DRY,NOT ON SCENE (DESK REPORT),06/06/2019 02:30:00 PM,41.720930072,-87.675096598,POINT (-87.675096597998 41.720930072023),C,6,2019,13:10:00
9e9c1553e3ecb167b8d210d97836b6533355b14da8e2ee15dc76032dd869b1c2748f7f30f099da79f35db31d9ec814679f7204e355c790dd7ac316a3f0bc6fbb,2020-05-12 20:40:00,CLEAR,"DARKNESS, LIGHTED ROAD",DRY,NOT ON SCENE (DESK REPORT),05/12/2020 10:30:00 PM,41.744151639,-87.585945067,POINT (-87.585945066953 41.744151639042),C,5,2020,20:40:00
9f9dfd07fd9a45fda5ab7d5cc37507b3dded5a797162c57ba55c067afc97e1300b034550f0e02f63c014b4c75c12d13f75f03a817831c3c8d2c15b65ab7b11ce,2018-11-05 08:00:00,CLEAR,DAYLIGHT,DRY,NOT ON SCENE (DESK REPORT),11/14/2018 07:22:00 PM,41.894817669,-87.756025644,POINT (-87.756025643998 41.894817669003),C,11,2018,08:00:00
9fc22a7f269187f784ba7bbe1f6e52f474092004e65024cfacd9aa0cbbac3943057a19f85a4dfb4cb23d426c2a73da1e221ce6672f3d53d85a8964dd55e54cbc,2019-01-28 18:00:00,SNOW,DARKNESS,SNOW OR SLUSH,NOT ON SCENE (DESK REPORT),02/02/2019 12:35:00 PM,41.749903242,-87.707348392,POINT (-87.707348392008 41.749903241984),C,1,2019,18:00:00
9dd67c040e8e26f823817a9a840ac4fa40a08fb506a6c270dac9cc3a1da05f5ae9cf91ce85cbfb8f0f98b6efac6d32a79fe32f044eadf53f8817e8e90ac9c79e,2020-09-05 21:48:00,CLEAR,"DARKNESS, LIGHTED ROAD",DRY,ON SCENE,09/05/2020 09:48:00 PM,41.779845601,-87.578814915,POINT (-87.578814914971 41.779845600988),C,9,2020,21:48:00
9edaa34b381cc56dcb2c4adc29a93cf7c333743ebdb2ea6a7039d345cd33fbbc0ec67fda96b40c4adeb07da3d91bf41ca113b943485281bb13533cb61849e303,2021-06-16 15:49:00,CLEAR,DAYLIGHT,DRY,NOT ON SCENE (DESK REPORT),06/16/2021 03:49:00 PM,41.958986951,-87.933993929,POINT (-87.933993928974 41.958986950953),C,6,2021,15:49:00
9ec739c0faeb8ac7083395a7071763618e9a3d82ba3de5e1599291802c1b402b13fde09c46428ffb4e0cfee92fb77b5b293b520878b36aa9e36afeec1f876490,2016-04-10 09:00:00,RAIN,DAYLIGHT,WET,NOT ON SCENE (DESK REPORT),04/10/2016 02:10:00 PM,41.799892524,-87.734409004,POINT (-87.734409004029 41.799892524005),C,4,2016,09:00:00
9f80ca71860c974b65da1942c10ffbc498c29f565a5c62ed3bd349ba5952f39ccf3bec37079f92a499a3b78c079cec4687ff480764a14f967e9c61c0d3430c55,2022-06-22 14:22:00,CLEAR,DAYLIGHT,DRY,ON SCENE,06/22/2022 02:25:00 PM,41.74579217,-87.635369997,POINT (-87.63536999702 41.745792169991),C,6,2022,14:22:00
9e68f8f6eaa597d1a6fef04db5ff314561be1bc8cb6bbbcf7a3320774371b54c20d4c7cf495eedf9916260b2063ad0b9fc2b7ac1ff47f01bc2adac1e7a327bfa,2019-02-15 12:25:00,CLEAR,DAYLIGHT,DRY,ON SCENE,02/15/2019 12:30:00 PM,41.749489982,-87.711415698,POINT (-87.711415697969 41.749489981971),C,2,2019,12:25:00
9d854ba4b93880a26fb0c434ab51c626756509381d9337290bc91938035e3595dc944d31ccc15d8a8bfb4f6dc40b1eb50445dcaf598c77857d528591873d77e6,2021-10-08 15:25:00,RAIN,DAYLIGHT,WET,ON SCENE,10/08/2021 03:49:00 PM,42.0109408,-87.682754031,POINT (-87.68275403105 42.010940800028),C,10,2021,15:25:00
9ec0d2a50aafe5926051adaa11b232a1c5672157d9861fbd34d24e5d2a85663b59981b4bcabc657c6b1b676ec69163c096be1d57bbde5fe0a59bab5bedf75c6e,2020-02-13 16:30:00,CLEAR,DAYLIGHT,DRY,NOT ON SCENE (DESK REPORT),02/13/2020 04:45:00 PM,41.89867634,-87.750938543,POINT (-87.750938543007 41.898676340029),C,2,2020,16:30:00
9e2c464c0f5320f08df78cf740a5fb7464da3aadc97150602c0f478504bad737cefb69c21cab892dc9f409744f7b7b432a9d48e35ad605549e81ba3f4d4b674e,2016-08-22 14:30:00,CLEAR,DAYLIGHT,DRY,ON SCENE,08/24/2016 09:15:00 AM,41.898711995,-87.73837944,POINT (-87.738379440019 41.89871199496),C,8,2016,14:30:00
9e56613d0084621452b4f554b418bf1195de68843f430e728c74481832718c597b8051ffb63afad7974cf82047b12329f3c1281a389af8d353cc8b0da88d7600,2021-05-02 00:02:00,CLEAR,"DARKNESS, LIGHTED ROAD",DRY,ON SCENE,05/02/2021 12:38:00 AM,41.735630024,-87.604626659,POINT (-87.604626659035 41.735630023978),C,5,2021,00:02:00
9d277acdf6d43d49f1d85e10f08414a74f1a55447bea2f71e3fa77db09396004b8c02d4a29422d3ed493e8b5b020e57a48e20e78532a95dd33f4356fdc6ee113,2017-06-05 07:00:00,CLEAR,DAYLIGHT,DRY,NOT ON SCENE (DESK REPORT),06/05/2017 02:27:00 PM,41.918175974,-87.715031566,POINT (-87.715031566016 41.918175974007),C,6,2017,07:00:00
9fc0f38cedbfc86d92ab765fc996097e7715f80ff518c0eda8850e12d81ef7f0b26d337fe40e689279640bbc6880dde7c6bb675a89fa93101e8ba153a6a0df1c,2020-08-12 11:15:00,CLEAR,DAYLIGHT,DRY,ON SCENE,08/12/2020 11:25:00 AM,41.799247435,-87.62110713,POINT (-87.621107130017 41.799247434998),C,8,2020,11:15:00
9e0a3f85357e0891f2eb9de7efa5f02c6f447f166fafe01c87344a4af64152cdbc24727a0f760dfe8abd4038b12fb396e8302ca423fa634898616aee88597e1b,2020-07-24 16:45:00,CLEAR,DAYLIGHT,DRY,ON SCENE,07/24/2020 04:50:00 PM,41.851905866,-87.6239257,POINT (-87.62392569999 41.851905865962),C,7,2020,16:45:00
9d857884ebf711b92069ad5ff6f215de22315c27dbcbfd9535a0ec096a980044ed936e3e98e3c141a5c22351a7f1b653918249e8917eb66055ad09d396c5835b,2020-12-04 16:11:00,CLEAR,DAYLIGHT,DRY,ON SCENE,12/04/2020 04:28:00 PM,41.938266954,-87.795761499,POINT (-87.795761499004 41.938266954026),C,12,2020,16:11:00
9d1a3e6925b941b994bb3f5a233fcfa285fe44f1ec3213e7a11df91a3fa4f9d21d5844832635551b592616011ffbb00cba0d6b5a41ab799336ec672fb3aed485,2021-07-27 11:48:00,CLEAR,DAYLIGHT,DRY,ON SCENE,07/27/2021 11:52:00 AM,41.682671696,-87.680726085,POINT (-87.680726085045 41.682671696043),C,7,2021,11:48:00
9dd96761ce0607d4c3a7f189cd4ca45ce8ecdb2f22abb7ddd10637eb0b0a5367b3afdd58ac895e91046f07b6dcb7a3d5ee8bb29dbf29b67f65c631cc37b851b4,2018-01-11 14:30:00,CLEAR,DAYLIGHT,WET,NOT ON SCENE (DESK REPORT),01/11/2018 03:00:00 PM,41.990304614,-87.704312836,POINT (-87.704312836005 41.990304613989),C,1,2018,14:30:00
9f5d6ad0935d9bd2c57e9e480d47e6a4405e8c3b265b99b6530d4caf36784012f340ca34d0d60d17e4d259b6f1496e1e1745284da6b9bc7e55187a41c21d122f,2022-12-31 16:06:00,UNKNOWN,UNKNOWN,UNKNOWN,NOT ON SCENE (DESK REPORT),12/31/2022 04:14:00 PM,41.745585752,-87.613706583,POINT (-87.613706582999 41.745585752047),C,12,2022,16:06:00
9e24a67b31a146a0c7aa3a1c72211396e5b94496c1f2db1579bb705a9777c3d6cafdd54f4a27abd8170a87999764c4fcfeac45f84a59e108c510fba7ce637e17,2018-12-13 08:15:00,CLEAR,DAYLIGHT,DRY,NOT ON SCENE (DESK REPORT),12/13/2018 08:58:00 AM,41.88267154,-87.774593421,POINT (-87.774593420963 41.882671540024),C,12,2018,08:15:00
9f04a4c6e34894e627b968425c5c1f522d601bf3c0eeaeefad6c02f9a33d4741f6692137f161f1d0d9e641cb72cbfcec950834f183754e57a0e966721e2a8084,2019-10-23 13:40:00,CLEAR,DAYLIGHT,DRY,ON SCENE,10/23/2019 01:58:00 PM,41.945944089,-87.735326206,POINT (-87.735326206008 41.945944088978),C,10,2019,13:40:00
9e8e963cc10e816584c7b0aef7e46236ad8a479183568e8f820b94345cdb85ad0b3e76b3a23784615770d4db649b7211f8c75d6a660e0484ec1f8e8cc51e2bcd,2023-02-24 23:00:00,SNOW,"DARKNESS, LIGHTED ROAD",SNOW OR SLUSH,NOT ON SCENE (DESK REPORT),02/24/2023 11:45:00 PM,41.945132845,-87.654676992,POINT (-87.654676992044 41.945132844962),C,2,2023,23:00:00
a05706e9af306c12bcf3907a0f08f492d15ffb5b3f9080f9085107edda7412a0d58db1797abae6af81a9a093feecb0b98ab72894dc42c700f6f4931b888dc3c9,2019-10-12 20:05:00,CLEAR,"DARKNESS, LIGHTED ROAD",DRY,ON SCENE,10/12/2019 09:09:00 PM,41.866119494,-87.720927574,POINT (-87.720927573996 41.866119493974),C,10,2019,20:05:00
a0eff1a35f114838c882f8c209ce83cf1c7340eed5c825d7bd472cc84603c1afec2d9d394fcc192582018f320c6df7224bf5ddbac3e27c96361cb3caa03903f9,2022-05-07 18:34:00,CLEAR,DAYLIGHT,DRY,ON SCENE,05/07/2022 06:38:00 PM,41.857621901,-87.70527585,POINT (-87.705275850039 41.857621900976),C,5,2022,18:34:00
a21a74d491a754f5ed1722295bd0ed384a9c46f251b387b2c6231b11e462237ef2babd2c5923ec839064e5387e741fad8bcc213e93e1b4928f7b3d2bc797e534,2020-07-20 12:50:00,CLEAR,DAYLIGHT,DRY,NOT ON SCENE (DESK REPORT),07/20/2020 01:30:00 PM,41.909665373,-87.734821737,POINT (-87.734821736967 41.909665373049),C,7,2020,12:50:00
a104a974b4cac4795cbbf1b14aa3e1adfd4ad60a569037b1a49777bd131f6fb5490d24645888e0ac4b4e44741749641a1a2bcf230271335c428c539fc75df35f,2022-12-28 14:30:00,CLEAR,DAYLIGHT,WET,NOT ON SCENE (DESK REPORT),12/28/2022 04:00:00 PM,41.727230926,-87.65810979,POINT (-87.658109789956 41.727230925974),C,12,2022,14:30:00
a12128f73eee91eff80431ffcd28e13a4d3981808a52c582eed446f48dfe7a2c39444e4f3e7d5c78ca3dacb34bae8ae611845181eae4c7feb936fee18a88d8a6,2017-11-24 07:54:00,CLEAR,DAYLIGHT,DRY,ON SCENE,11/24/2017 07:55:00 AM,41.74238939,-87.578386743,POINT (-87.578386743015 41.742389389983),C,11,2017,07:54:00
a1ec29fc18655e2f64ec2b8be1370cf0aefe4d4399446b9e1d551c39458b363ad4a6ce9b9c1dc26ac5606e1535c1497b8ac3e70a91651c000084cdba2265d511,2019-04-18 08:00:00,CLEAR,DAYLIGHT,DRY,NOT ON SCENE (DESK REPORT),04/19/2019 04:42:00 PM,41.749557313,-87.707211112,POINT (-87.707211112049 41.749557313023),C,4,2019,08:00:00
a2677ff354bdf961f9a4f85944b744291b15847dea2f43a2c150308a074df763ee2ce852c643c80b56da8cd82da6248d489b31fc57fa52891f88d6d36e9ba4bd,2019-12-12 05:00:00,UNKNOWN,UNKNOWN,UNKNOWN,NOT ON SCENE (DESK REPORT),12/12/2019 05:00:00 PM,41.765789579,-87.676699484,POINT (-87.676699483995 41.76578957904),C,12,2019,05:00:00
a035a96e8311f878e5c0c72afc5764c150ee43d2df7d94cdec5b76ffef51379bfa1546bcd9664799130f71026b7377fa77650b2fa4fcc601ff7a1eee85239fa4,2018-08-16 14:56:00,CLEAR,DAYLIGHT,DRY,ON SCENE,08/16/2018 02:56:00 PM,41.953189138,-87.757291902,POINT (-87.757291902006 41.953189137965),C,8,2018,14:56:00
a1d79c2136c2e5917c99e7d1c5c97a041f7b76eafcd1dc7244e7ecf7f0856945ba0b0bf74ac4ec88189954165a0bb8d6db77b1b4f663f0b154d8dfd582395cdb,2018-05-04 17:00:00,CLEAR,DAYLIGHT,DRY,NOT ON SCENE (DESK REPORT),05/04/2018 05:25:00 PM,41.903902732,-87.628531494,POINT (-87.628531494008 41.903902731961),C,5,2018,17:00:00
a195f3a7e60da6e80206d72b21697ff179cf422af812b0882cdc34a343f5592d437bc1accbe18a776faf5b805727da5109f00a276e1c2ddfab954b715b639db1,2018-06-13 09:21:00,CLEAR,DAYLIGHT,DRY,NOT ON SCENE (DESK REPORT),06/13/2018 09:44:00 AM,41.881779411,-87.654380269,POINT (-87.654380269009 41.88177941105),C,6,2018,09:21:00
a205d15ace7893fff9bf1c9f7d26c6ff0f76d815cb6c6a1c5f63c4c03d809c81739d04483a305fa7d26e5d001964c7c4a882eaa6af205c31dc7dd4f75aa36789,2020-03-31 23:00:00,CLEAR,DARKNESS,UNKNOWN,ON SCENE,03/31/2020 11:00:00 PM,41.778889506,-87.67013745,POINT (-87.670137449955 41.778889506021),C,3,2020,23:00:00
a112f0f419a20b077056780956417b47d734745a7db0fc8d1493945ed1445e539a5bb875de4756d7cb6c001d1bd68abbf9c508c5d58b10264178c065ec2542df,2018-12-07 13:16:00,CLEAR,DAYLIGHT,DRY,ON SCENE,12/07/2018 01:16:00 PM,41.881735573,-87.765054181,POINT (-87.765054181007 41.881735573029),C,12,2018,13:16:00
9fd8f0d992d3a19d18ecb2a5525775a69e024568b84552a16678f3969dc9f4f5cad448b56c2c444affbfe80adc9a9168539752cd84056bdc873fea5feaa448e2,2018-03-26 20:00:00,RAIN,"DARKNESS, LIGHTED ROAD",WET,NOT ON SCENE (DESK REPORT),03/26/2018 09:00:00 PM,41.931036923,-87.791942933,POINT (-87.791942932976 41.931036922967),C,3,2018,20:00:00
a02f9eced56c69de2282d34bb43b7fe579a0928c4c523551325d1ec7a4a5e3eb7d79ebc48eddc5f36138f6b4f1bef566c52acc1842b317d5ca4fcebcb75c92e5,2019-11-20 12:15:00,CLEAR,DAYLIGHT,DRY,NOT ON SCENE (DESK REPORT),11/20/2019 01:00:00 PM,41.785387445,-87.606183761,POINT (-87.606183761008 41.785387444959),C,11,2019,12:15:00
a1b03975bcf395d189fe07cd8f5e48199684e7bfea28382fbce6ea733bab4dc1517d1c31a4a0d5fa96b38c2f65082e3f01fd4c5496f1110ec9726b261f774adb,2019-09-03 09:16:00,RAIN,DAYLIGHT,WET,NOT ON SCENE (DESK REPORT),09/03/2019 02:00:00 PM,41.890374775,-87.677042676,POINT (-87.677042676037 41.890374775033),C,9,2019,09:16:00
a043aefcedae0153a61d76b25eb58c64bed9fdcac9dce8135f47188eff64d51eb3bd4f4343f0253c1677311f4340a5676dd364b3809d864bad6afd219c5fb0f9,2015-11-22 17:35:00,CLEAR,"DARKNESS, LIGHTED ROAD",ICE,ON SCENE,11/22/2015 05:35:00 PM,41.784990689,-87.615595778,POINT (-87.615595778012 41.784990689029),C,11,2015,17:35:00
a1ad953dbcda273ff737c0bacc5efb82e7a1657fe446e1c810f9b060327c054774064f95547a7a92e50969a5af4fb63e59e977e76820e2f4a9697b64f8b38ad2,2016-12-12 16:50:00,UNKNOWN,UNKNOWN,UNKNOWN,NOT ON SCENE (DESK REPORT),12/13/2016 05:50:00 PM,41.741803599,-87.740953582,POINT (-87.740953581987 41.741803598989),C,12,2016,16:50:00
a25ce69ceb803920036b8ab75d9b8a66a9d1352b37862d7a66fd696294bb13822224e367c6ea469b5da8ac2eba535a9d78de74d90ceff461f3236873b7e66cbf,2019-09-03 01:15:00,CLEAR,"DARKNESS, LIGHTED ROAD",DRY,ON SCENE,09/03/2019 01:20:00 AM,42.006801604,-87.661457734,POINT (-87.661457733969 42.006801603988),C,9,2019,01:15:00
9fe8f46f698a1a1be522ba529ff912dc15f9ecf6bac938361f653274db0b56736a5832cb96d5ca7090aa8821056a6cc1a72f847e3ecebf20f961eb72312e6207,2023-05-12 07:13:00,CLEAR,DAYLIGHT,DRY,NOT ON SCENE (DESK REPORT),05/12/2023 08:44:00 AM,41.945774599,-87.786184505,POINT (-87.786184505014 41.945774599022),C,5,2023,07:13:00
a200cb052e5340ac90627dff32f7cb53683b412e1b42b2b9a9c4b88367b81914d82101c8b509e8722d0327721b02622eef5faff06ecdea14664bc56091530981,2023-03-30 06:50:00,CLEAR,DAYLIGHT,DRY,NOT ON SCENE (DESK REPORT),03/30/2023 06:50:00 AM,41.830860895,-87.646047677,POINT (-87.646047676999 41.830860894992),C,3,2023,06:50:00
a1fe33790b324e78b1711580af4e75c7434dba330d5b6751a26e04f0da676f87ea1d4c41a89f30a6020664866e05bf254113130e058d01edd7154d2862f71a4e,2021-09-29 13:00:00,CLEAR,DAYLIGHT,DRY,NOT ON SCENE (DESK REPORT),09/29/2021 03:11:00 PM,41.924025937,-87.754108923,POINT (-87.754108923036 41.924025936998),C,9,2021,13:00:00
a193157dbb92b0a6af385f66292a0e85e6a9179bfe78d1cfc5c5748e19b540ef42f85f9552e294ff55e2e64990aaf7c1a4869b81b09805c18a7b124aa4f530cb,2017-11-22 07:00:00,CLEAR,DAYLIGHT,DRY,ON SCENE,11/22/2017 07:01:00 AM,41.800380687,-87.625704643,POINT (-87.625704642997 41.80038068701),C,11,2017,07:00:00
a00849b63299c4d36c0a884694e514a65f8de71bd08f64f4b73ee479e4dd639a032d1eef0a0f338e19ac625576cae31253ea3d76ff4000d9478a0edd85350ad4,2017-09-18 10:00:00,CLEAR,DAYLIGHT,DRY,ON SCENE,09/18/2017 10:13:00 AM,41.682973474,-87.642228468,POINT (-87.642228467961 41.682973473961),C,9,2017,10:00:00
a0892725c42db19eab8c44dc5c33a423b08d4f9f6b9f62fc268951c5deaa5d02185a8b759b6b88191ce69ac08e1a4116bf8f204edc38449ae9268a4794d4b10b,2022-02-25 10:30:00,UNKNOWN,UNKNOWN,UNKNOWN,NOT ON SCENE (DESK REPORT),02/25/2022 01:30:00 PM,41.718162731,-87.626220776,POINT (-87.626220776032 41.718162730966),C,2,2022,10:30:00
a1750ddab56f5daff83a5a12a2caa4b4a7139081a32eb9786ad35a0a793890b0d9f54665288175b58f7dc69c719b0d50c14751ac7edc743894a7365cceae5133,2020-10-22 19:10:00,CLEAR,"DARKNESS, LIGHTED ROAD",DRY,ON SCENE,10/22/2020 07:31:00 PM,41.773765662,-87.722781154,POINT (-87.72278115402 41.773765661984),C,10,2020,19:10:00
a150ca8ccca4f1799410d927fd621e763e72667abce6d2f59a88e93963a34649977a5f6220fbba596a0914d9bce8d6f1709a170e9fad03f97e365a39a77df591,2019-07-25 08:40:00,CLEAR,DAYLIGHT,DRY,ON SCENE,07/25/2019 08:41:00 AM,41.961238465,-87.713199375,POINT (-87.713199374979 41.961238465013),C,7,2019,08:40:00
a1ddbb6e27b1523dcb9e1fc9e973e237039083c0ad66b8059d81015095fd9b573a19014fa2d51e8dee005969a0130ba3d468210b7976270734173de79cf8c1f3,2018-07-22 05:30:00,CLEAR,DAYLIGHT,WET,ON SCENE,07/22/2018 05:30:00 AM,41.744151639,-87.585945067,POINT (-87.585945066953 41.744151639042),C,7,2018,05:30:00
a17facca8499f2b3f75eef4dd94d2b06adf778ca263f87dad80cf3de77e1c9ff58d7d787215bef577f38e9fa6e29ffbd3848df2ac6efd5dff373e6a81df91a81,2017-11-10 20:25:00,CLEAR,"DARKNESS, LIGHTED ROAD",DRY,ON SCENE,11/10/2017 09:47:00 PM,41.923793617,-87.785072221,POINT (-87.785072220998 41.923793616985),C,11,2017,20:25:00
a002a2a1e931dc3ae4cfb0d04c170391d832aac6b3bbde3ed67f302c0c3743ebee9897db4f3f8f87a6527bc13d45faac86a43029c718e3c0e854b5e73cdc9c59,2022-08-11 10:40:00,CLEAR,DAYLIGHT,DRY,NOT ON SCENE (DESK REPORT),09/18/2022 01:50:00 PM,41.987184227,-87.748165043,POINT (-87.748165042995 41.987184227042),C,8,2022,10:40:00
a03811da0093c4560f2bc6beb8ee0970a28550efeafff0509ec51b0179b465796e5861012dfc6ff00d12254af7c0d98aeba5f998897138ec0f9979e22b9b7162,2019-05-12 11:30:00,CLEAR,DAYLIGHT,DRY,ON SCENE,05/12/2019 11:45:00 AM,41.902881894,-87.714279103,POINT (-87.714279102976 41.902881894012),C,5,2019,11:30:00
a20aff1eb3f34309ec9fa9e27e5171f92f0be98af6dcaef04d57fee39930d554667f146b3c165556efcdaf90d0c8c717282f4d8656c2b368cc8e9caf335030a4,2022-08-13 15:33:00,CLEAR,DAYLIGHT,DRY,ON SCENE,08/13/2022 03:41:00 PM,41.975785113,-87.714994976,POINT (-87.714994975991 41.975785113021),C,8,2022,15:33:00
a1f883d82b00e7a2d78114d3f1c5cc84c75a7114a01714cc427afd6ff5bc24928b24eebd715ffe0efa9c8cbd30d070f7d0fa4d464c9357ed91dd9deecb3012e6,2018-12-02 23:34:00,RAIN,"DARKNESS, LIGHTED ROAD",UNKNOWN,ON SCENE,12/02/2018 11:48:00 PM,41.79573461,-87.762555326,POINT (-87.762555325992 41.795734610035),C,12,2018,23:34:00