CRASH_RECORD_ID,CRASH_DATE,WEATHER_CONDITION,LIGHTING_CONDITION,ROADWAY_SURFACE_COND,REPORT_TYPE,DATE_POLICE_NOTIFIED,LATITUDE,LONGITUDE,LOCATION,CRASH_TYPE,CRASH_MONTH,CRASH_YEAR,CRASH_TIME
a2ae0ef3c0a89fa75084aa02821a9c0ef7e2e152d411ba0c6f64b8668d050f3adfb3790f78e920779915eadd721d8ac7abbc1f699fe4a0308a8d51761d2b31fc,2018-11-03 21:01:00,RAIN,"DARKNESS, LIGHTED ROAD",WET,NOT ON SCENE (DESK REPORT),11/03/2018 09:40:00 PM,41.703243134,-87.701095989,POINT (-87.701095988993 41.703243134),C,11,2018,21:01:00
a1cd6d4732c1a152d1f1149f1c4a1a5bcd53c2d2698e1d7bcfa2d8e22013cd0d2886497c47c842856c6cbf15751d45a576ebcdd7009473fc42a9c79750e0219c,2020-11-27 20:35:00,CLEAR,"DARKNESS, LIGHTED ROAD",DRY,NOT ON SCENE (DESK REPORT),11/27/2020 09:44:00 PM,41.884600962,-87.627828521,POINT (-87.627828520965 41.884600961961),C,11,2020,20:35:00
a118827821f6852151e0f29bcbf7d1a34fbdd5e66d9c475cc40a4ec58a5fd9649644c58053b6efc274d139b50004e281b971699d950801616a66a69f8a2fde0f,2022-06-23 12:51:00,CLEAR,DAYLIGHT,DRY,ON SCENE,06/23/2022 01:15:00 PM,41.930775066,-87.795400106,POINT (-87.795400105985 41.930775066023),C,6,2022,12:51:00
a008b7b825de769538e851c446f89c19d84114f0bba34f03fd51b73f3d323a8797aafb850ec6eb22be48bd929deefc1f2dc66d93b725ed5158df1c86867a6034,2021-08-18 21:08:00,CLEAR,DARKNESS,DRY,ON SCENE,08/18/2021 09:30:00 PM,41.744151639,-87.585945067,POINT (-87.585945066953 41.744151639042),C,8,2021,21:08:00
a174aad26f047bb75c50cbafb429265ceb6efa75f7122fc3a0a7faa9741058fa266e627274a31444f434451dbb5ce42f79009193d48c9124be2c8f0073ca1ed8,2018-04-25 09:05:00,CLEAR,DAYLIGHT,DRY,ON SCENE,04/25/2018 09:15:00 AM,41.941662982,-87.651817892,POINT (-87.651817891969 41.941662981993),C,4,2018,09:05:00
a067c709d48a841c5b25b9d39fb67e57f825ce5455a7930d12ceff093ac9195dd7185db1338f2856109a894256b2b0447b3fea1f03387b5be3602aa4504fc007,2016-08-12 13:30:00,CLEAR,DAYLIGHT,DRY,NOT ON SCENE (DESK REPORT),08/12/2016 03:00:00 PM,41.909091248,-87.66131723,POINT (-87.661317230018 41.909091248043),C,8,2016,13:30:00
a138ee7dcda09602aca7bacfa29e8338284b939772c9c70098c356be4db2beac3a247171f1927623d7c61d62e134c9cf9a95ea8ef0bc05ef898850f0d4014fbb,2022-05-03 10:00:00,RAIN,DAYLIGHT,WET,NOT ON SCENE (DESK REPORT),05/03/2022 05:40:00 PM,41.807737432,-87.727106124,POINT (-87.727106124019 41.807737431999),C,5,2022,10:00:00
a00e91714602a3fac697bcf17622d587a348671bc28a91f0377db06904dd49c74870771a283da6cc3df0fa1de96097915feecefda42463d62a1f48cc68352660,2021-04-22 23:15:00,CLEAR,"DARKNESS, LIGHTED ROAD",DRY,NOT ON SCENE (DESK REPORT),04/22/2021 11:30:00 PM,41.898341319,-87.618057856,POINT (-87.618057855957 41.898341319021),C,4,2021,23:15:00
a1f3b0442bc671bbd12ef871e3b9139f74526b6e569d95fa5965ac060785a691c94eb52a96e80d641874d28b22d009e54f4b08ac2eece033b29f6766f6475d60,2023-02-21 15:00:00,CLEAR,DAYLIGHT,DRY,NOT ON SCENE (DESK REPORT),02/23/2023 01:51:00 PM,41.789651746,-87.726395989,POINT (-87.726395988958 41.789651746021),C,2,2023,15:00:00
a2634ea7ee91a115dd36cabb95928b9f6471bf78b57099df9bbb992242c52b0d15c3fa6e93c2b37d3181bd8f52dedc1bd3621f175923de84960e0552b4335664,2021-07-08 10:00:00,CLEAR,DAYLIGHT,DRY,NOT ON SCENE (DESK REPORT),07/08/2021 10:30:00 AM,41.773787731,-87.67482899,POINT (-87.674828990033 41.773787730993),C,7,2021,10:00:00
a03c80058fd7815a0c70e31c43788af2acdc8e18f569cb4334e68a11eeae399a3ab824374e7edaf69dbea06143aa97bd1055a82016a99b111f17a065d5b378d7,2020-08-04 13:00:00,CLEAR,DAYLIGHT,DRY,ON SCENE,08/04/2020 01:00:00 PM,41.744151639,-87.585945067,POINT (-87.585945066953 41.744151639042),C,8,2020,13:00:00
a094c4628e196ff51b7660ab2a1cda65b21226c6d86a58014d9308ffee5ea7dc7a93fdb8513bb69131430b25b44c15f8c6441de1852145e9cd4c81f4067c504e,2021-08-21 13:30:00,CLEAR,DAYLIGHT,DRY,NOT ON SCENE (DESK REPORT),08/22/2021 03:15:00 PM,41.743420229,-87.699923465,POINT (-87.69992346499 41.743420229014),C,8,2021,13:30:00
a02d0e2288848086ee9aec6118f3a3d65f2e6be1b00c003ee1bf19458dbf502172fa029aa771fa177c0f5823fc1a6a774fe5c4d604f7d1f300c121112ee63883,2018-09-04 06:40:00,CLEAR,DAYLIGHT,DRY,NOT ON SCENE (DESK REPORT),09/04/2018 08:38:00 PM,41.929132386,-87.687207787,POINT (-87.687207786982 41.929132386018),C,9,2018,06:40:00
a00f148bdf5dd02df952e17e03cb00f416cfa36a1ec8ee462e1b7a00df541d13b1febae50955e1a53e94f98351d3d75d3cda0343bfe841ba8a3e16b522bb147d,2022-11-23 10:37:00,UNKNOWN,UNKNOWN,UNKNOWN,ON SCENE,11/23/2022 10:52:00 AM,41.773407967,-87.57037243,POINT (-87.570372429966 41.77340796701),C,11,2022,10:37:00
a05018727b85b2987a1a0e7cabe75af2a54fcdcbdb495c1f0c88809f8e5839a7252e94977848c85f4c3225f8a40173f62832d4d2e0723a3008c4c931f458c7ec,2018-01-28 21:55:00,CLEAR,"DARKNESS, LIGHTED ROAD",DRY,NOT ON SCENE (DESK REPORT),01/28/2018 10:15:00 PM,41.967797374,-87.757318908,POINT (-87.757318908014 41.967797374042),C,1,2018,21:55:00
a20f057527f186e5422840b195c8f0000a1fd1290cbb34a8c1d03cf8cd5645e148c6667155747c6a676effefda204772710d36343d3be7221dfd678f68b0b09b,2019-11-17 06:50:00,CLEAR,DAWN,DRY,ON SCENE,11/17/2019 06:59:00 AM,41.8434751,-87.685511894,POINT (-87.685511894034 41.843475099982),C,11,2019,06:50:00
a2aca09be78bbd68649b1ca276e67f5bf1e5e10a93191155eb0c7a132b9b91f0f5cb9bd08e565e25f32ed43c4985e96b754ed204e2e52ac5329610a4109f6e66,2020-02-21 07:00:00,CLEAR,DAYLIGHT,DRY,ON SCENE,02/21/2020 07:12:00 AM,41.896225973,-87.676914216,POINT (-87.676914216046 41.896225973031),C,2,2020,07:00:00
a1af3eb46d42813c4fc2fae2d3d0e662917cd9acf7934e32625e70d9d768c125938b9217f4478ae8e79fd1e7a3ab6e45273e8524a7ce524ac35a613b86935bf7,2018-08-12 11:00:00,UNKNOWN,UNKNOWN,UNKNOWN,ON SCENE,08/12/2018 11:08:00 AM,41.764961065,-87.66731706,POINT (-87.667317060034 41.764961064993),C,8,2018,11:00:00
9fff5b73fd4e24783c062834fae1df4210c489407f44097d253f1463054b3a29c0d84582876b597c78dadc821093e608b1c98066564a1d5c3fc3bf8f56d7803d,2022-12-10 12:50:00,CLEAR,DAYLIGHT,DRY,ON SCENE,12/10/2022 12:50:00 PM,41.721712295,-87.618195495,POINT (-87.618195494962 41.721712295012),C,12,2022,12:50:00
a267b95165b5bfd46affc746cf525ac06733a6200e7031843a27338b5e40fc1a1dde1c37edcfb1962d009778ff9c322fef085e96e7050c921a142a7c2ef85d71,2017-10-27 18:00:00,CLEAR,DAYLIGHT,DRY,NOT ON SCENE (DESK REPORT),10/30/2017 02:39:00 PM,41.954046293,-87.678812012,POINT (-87.678812011999 41.954046293036),C,10,2017,18:00:00
a1c33d5863982e300d09765837dda03569c6f48b784609687d0c325ada3453cdb2908e96299fa763c5336a9e120d89af64bc4d3a4f10daf162cf394169066022,2018-10-16 12:15:00,CLEAR,DAYLIGHT,DRY,NOT ON SCENE (DESK REPORT),10/16/2018 01:30:00 PM,41.75869138,-87.60533417,POINT (-87.605334170015 41.75869137995),C,10,2018,12:15:00
a15e3d354738f7f55d7cfcaee068fc619e6d0f3dd015c3eb2df0c39dbbad132880c9184e308604b30e039a20a922e712563b30f20a5cf2ecff1093915479c49d,2018-01-23 21:00:00,CLEAR,"DARKNESS, LIGHTED ROAD",DRY,NOT ON SCENE (DESK REPORT),01/24/2018 04:10:00 PM,41.809781151,-87.594212812,POINT (-87.594212812011 41.809781151018),C,1,2018,21:00:00
a07bb21b7fa009ca8a09eac29933de19e20ec2b00e2a569b7f081d83e70c95682f985d5c0e27639a6e53db43639a3a305dfafaeda46184ef58de1829aa9cfb2a,2021-02-05 11:00:00,CLEAR,DAYLIGHT,DRY,ON SCENE,02/05/2021 11:00:00 AM,41.733225101,-87.596566497,POINT (-87.596566497047 41.73322510098),C,2,2021,11:00:00
9fee104ffd7c981d1746c483a99f68545da4692dd6c47d612995bc344b3f7e76b2ce898f6478d7acff998e345984158369595f9b6cca3520b2e013c7da0617d7,2020-03-21 11:58:00,CLEAR,DAYLIGHT,DRY,ON SCENE,03/21/2020 12:05:00 PM,41.781253265,-87.686289516,POINT (-87.686289515956 41.781253264965),C,3,2020,11:58:00
a077d28496b25e84b330d07eb3ef6f4b1f922b5e8f5a4eb7918fcb5e8365e72b031da719d38e98128320b43e7f97a03c787b489fd7a797018e4c8a2482bfdc24,2020-11-12 19:48:00,CLEAR,"DARKNESS, LIGHTED ROAD",DRY,ON SCENE,11/12/2020 07:55:00 PM,41.960532229,-87.767097026,POINT (-87.767097025983 41.960532228999),C,11,2020,19:48:00
a031c63c6ba33e5fa0a4f3cf210bd800f80c2328f0cc87ee59fe926045055614c5e6f62a610687b8760551a1aefe107c66ceb335c833670a81a76b3ae85e9ec6,2022-11-14 18:30:00,CLEAR,"DARKNESS, LIGHTED ROAD",DRY,NOT ON SCENE (DESK REPORT),11/14/2022 07:06:00 PM,41.931607951,-87.697755776,POINT (-87.697755776035 41.931607951049),C,11,2022,18:30:00
a198e2e7c82019281d6b4c9c46afa114b79bb1c1a2c22a3993af46a649b902e772a00857b2fd3d9d9841f3599805b404cf225f9da99511dc2643c4fcf0ea7d12,2018-01-19 15:08:00,CLEAR,DAYLIGHT,DRY,ON SCENE,01/19/2018 03:12:00 PM,41.706298175,-87.700872992,POINT (-87.70087299195 41.706298175002),C,1,2018,15:08:00
a04420fddb5456aa5de06421e96f1735b0af897631232091160d43ddc1a61f6b472e7e86dc614c396230c6ee4b85a3ac69d1736e05ce3b6e26e65e41b2932cc0,2022-04-02 03:00:00,CLEAR,"DARKNESS, LIGHTED ROAD",DRY,ON SCENE,04/02/2022 03:08:00 AM,41.852253085,-87.677868298,POINT (-87.677868297976 41.852253085034),C,4,2022,03:00:00
a2725f33d08a560810d0236c51d27ec2887fb2d00b89709b54c8aa4b9a07a86c2fbfce7acec953a808e429724c108bdd57bc50e9c2e9da3181dfaa663d9f3fd4,2021-11-30 15:59:00,CLEAR,DAYLIGHT,DRY,ON SCENE,11/30/2021 03:59:00 PM,41.973293497,-87.80691304,POINT (-87.806913039966 41.973293497011),C,11,2021,15:59:00
a137e8a0fd09c540df5dff913e6461a836374a52cb8ad66b9b8e8a5d362897b62e9edad4cb31d59cfead4958991dc2c30c9bbb212c75aa787d7648154b65e6ec,2021-01-16 04:46:00,SNOW,"DARKNESS, LIGHTED ROAD",SNOW OR SLUSH,ON SCENE,01/16/2021 04:46:00 AM,41.868635838,-87.744730162,POINT (-87.744730161967 41.868635837952),C,1,2021,04:46:00
a04a7be6db6628d980521286c3b780f068c1f89dc327fbefb5e01a7c850defa7620bb2f429c856cc5e922c382c1ec6250bc1b3a240b19807737f7680266a04ca,2018-09-21 06:00:00,CLEAR,DAWN,DRY,NOT ON SCENE (DESK REPORT),09/21/2018 06:40:00 PM,41.993772949,-87.758867947,POINT (-87.758867947042 41.993772948986),C,9,2018,06:00:00
a12af46a6b74b274a1bbaaa4d3c5dab8b18c36f16a4a5d4342dea52b72008908f0f935e78309dc79474e2b1dcd191085eaa017cf2cc43da97e0cd5b7854b056e,2020-09-24 08:20:00,CLEAR,DAYLIGHT,DRY,NOT ON SCENE (DESK REPORT),09/24/2020 09:00:00 AM,41.834058754,-87.68276172,POINT (-87.682761720001 41.834058754032),C,9,2020,08:20:00
a1591b61630ffd351a74c61d39f29905db964b09f014a9aa2aac8a833a23e59dc04b809bc250eba978073e44c53546c6a89331cb5be728543b70a80a4b7fad33,2020-10-12 14:30:00,RAIN,DAYLIGHT,WET,NOT ON SCENE (DESK REPORT),10/12/2020 04:15:00 PM,42.012358439,-87.687185624,POINT (-87.687185623952 42.012358439017),C,10,2020,14:30:00
a091165ebec6e66250121e6b26e50921b500b561cbbd8032cd3e469113be1e932b556675db6ac99d8746c5a75109944bd521070afb65c14a797b747d9a0c44fd,2023-06-17 16:15:00,CLEAR,DAYLIGHT,DRY,NOT ON SCENE (DESK REPORT),06/17/2023 05:28:00 PM,41.78419815,-87.741365268,POINT (-87.741365267996 41.784198149971),C,6,2023,16:15:00
a1c8e5a8bd618081b2ca88c69408a49c5ef4990506d6fe70675c1dbe22527068842f342b5a19790ccad1b29098584cb4b030e017582252d2693979f043215ccb,2016-05-10 17:25:00,CLEAR,DAYLIGHT,DRY,NOT ON SCENE (DESK REPORT),05/10/2016 05:25:00 PM,41.990508926,-87.706622194,POINT (-87.70662219398 41.990508925961),C,5,2016,17:25:00
a17b93fb175cace48d89681920098c3652fcb09bec711b227d3255561a2a9cf8b257ce5f40e41008d1d00437e14bcd219cdfbdb328a5886896171000ebdf8ba3,2019-04-01 03:05:00,CLEAR,DARKNESS,DRY,ON SCENE,04/01/2019 03:05:00 AM,41.878390352,-87.757767275,POINT (-87.757767275028 41.878390351978),C,4,2019,03:05:00
a032d3d6ddd4660fa253090a53c93c15c2b9e8f00348dffa04dfd34b494d9cac6b6d9bec9bd871418aabe0e2e3817b0a5946c7a7218748014c9d9ffb68b92115,2017-03-29 14:45:00,CLOUDY/OVERCAST,DAYLIGHT,DRY,NOT ON SCENE (DESK REPORT),03/29/2017 03:05:00 PM,41.960921874,-87.739753307,POINT (-87.739753307037 41.960921873996),C,3,2017,14:45:00
a1b9cc80d24bb4a4c98f4b39cfe56d798344ee7231e18d5865c0f271edb11182162ce5f7a8eff965c6765b8d4b4f8fce8c5920eec74d2b14b56d50c6605be6da,2020-09-12 20:05:00,CLEAR,"DARKNESS, LIGHTED ROAD",WET,NOT ON SCENE (DESK REPORT),09/12/2020 08:14:00 PM,41.909883748,-87.716751343,POINT (-87.716751343041 41.909883748015),C,9,2020,20:05:00
a22ef256024cc3c69a1de403bbd622d61f8965c504770f9593714024d2d85d72373ac73943609304db16f640255421f2a3be499ea13525d66ffd198863493b65,2016-03-14 15:10:00,CLEAR,DAYLIGHT,DRY,NOT ON SCENE (DESK REPORT),03/14/2016 03:40:00 PM,0.0,0.0,POINT (0 0),C,3,2016,15:10:00
a060551f8b59eb07652efd20dc9f48b7e7a8788cbdebc1470f6ac9f4ce0ef0dc8c96885caa2d8339e42baa5334454481e84e3bd70129d351d83aa12272d6c064,2017-06-08 13:30:00,CLEAR,DAYLIGHT,DRY,NOT ON SCENE (DESK REPORT),06/08/2017 02:44:00 PM,41.85299459,-87.629136748,POINT (-87.629136747987 41.852994589998),C,6,2017,13:30:00
9fdb5fee18ce228b8faff878ca4fd9a03a9a145aa6b6775c631862bbd740dd157003bbc34b1b5b25b0deae94bdd8dc70d921646724acb9cbb46c52a49dd39c62,2019-05-23 18:10:00,CLEAR,DAYLIGHT,DRY,ON SCENE,05/23/2019 06:10:00 PM,41.981246463,-87.765998637,POINT (-87.765998636962 41.981246463021),C,5,2019,18:10:00
a19afd58cf201b1dc66513247f4f487265437a7bd38806b0e32c52f8cce8a4571c706f3e43a2fd3766b17f4076249186437d4cf9de425760e8373181c12ca9b2,2021-07-06 17:58:00,CLEAR,DAYLIGHT,DRY,NOT ON SCENE (DESK REPORT),07/06/2021 08:00:00 PM,41.97561033,-87.711177978,POINT (-87.711177977984 41.975610330004),C,7,2021,17:58:00
a0d77aed11529a721670e148a8c29827619425d4579d28c5ca7cb585b83f57223bbaa040f2d634ba0fb71bb7045e9d8082d3c1f7753ce00f4dee709de5fa0f39,2019-04-06 10:50:00,CLEAR,DAYLIGHT,DRY,NOT ON SCENE (DESK REPORT),04/06/2019 11:15:00 AM,41.942625178,-87.744457319,POINT (-87.744457319016 41.942625177988),C,4,2019,10:50:00
a292ad52db27f3ab6f89bca13256a02877a114b736cb0cd1aa98eded53a15b7ad60604f0a0615ea1b5c8f48a70921e4f9901ea2f226577f3dc5dd541b48a8e04,2023-07-19 16:47:00,CLEAR,DAYLIGHT,DRY,ON SCENE,07/19/2023 04:53:00 PM,41.942612691,-87.745158091,POINT (-87.745158091015 41.942612690976),C,7,2023,16:47:00
a06c91cd97b19d1e3bfc4265bcbe0777b34008d5305978e9f0eda3cfc0497aad720eadc0f1232bd3af1cf1b16382689898ab9f897e5c3f752f8df44d68439769,2022-12-06 21:00:00,CLEAR,"DARKNESS, LIGHTED ROAD",DRY,NOT ON SCENE (DESK REPORT),12/07/2022 10:50:00 AM,41.982657151,-87.807063827,POINT (-87.807063827038 41.982657151046),C,12,2022,21:00:00
a28436716c4b7cc023ee50c783a9a1dc4a5668a6602983328e4efeb70fa857cb2d6a9ae7d17999c929594d5dcfa1c61e473491ad39d2ffde2f6e210305413ba5,2022-02-26 18:00:00,CLEAR,"DARKNESS, LIGHTED ROAD",DRY,ON SCENE,02/26/2022 06:02:00 PM,41.734393366,-87.643424124,POINT (-87.643424123981 41.734393365956),C,2,2022,18:00:00
a19212815d8d607fe14211399cadd7bc7d61576bf535af0be385939319dd9fde10d0b23a594cfffcec8b64080d9ce29049ba178ff71beec0a7bd2894bf6ccfe6,2017-04-28 20:45:00,CLEAR,DAYLIGHT,DRY,NOT ON SCENE (DESK REPORT),05/11/2017 12:55:00 PM,41.882694003,-87.711206455,POINT (-87.711206454997 41.882694003031),C,4,2017,20:45:00
a1c1e04f12c7bd431451b943d9cd4f5fa05210291dca78820c0a6ce4c37df9166c9648e837acabda3ed2253d278d3a075462d71d65e6d33eba5196c51c660777,2023-07-09 18:36:00,CLEAR,DAYLIGHT,DRY,ON SCENE,07/09/2023 06:42:00 PM,41.762683377,-87.689160143,POINT (-87.689160143026 41.762683377031),C,7,2023,18:36:00
a0fae4ec47faafa323572c6402a72728c8cdb894d3557c88e820c2934aea9e2701e88843e75fb253532bebdba210273d0af45f2ae6533bbd8d369b41d937438a,2023-04-17 16:15:00,CLEAR,DAYLIGHT,UNKNOWN,NOT ON SCENE (DESK REPORT),04/17/2023 05:00:00 PM,41.920711842,-87.783022312,POINT (-87.783022312049 41.920711842004),C,4,2023,16:15:00
a28fbc04b87464b1b891acf079be0c6b16c65f5ebeb6e03f870561e7a83645b9ef9b74a20883bd1b10c3898e2b76f7a9b05a1e720fe5ea0816f4455a97376f9b,2020-07-16 09:45:00,CLEAR,DAYLIGHT,DRY,NOT ON SCENE (DESK REPORT),07/17/2020 09:25:00 AM,41.887864322,-87.773334767,POINT (-87.773334767033 41.887864321973),C,7,2020,09:45:00
9fe87952f56a94bb34d9b420d75c70762b279f62bac739b46358733375742e3c3573517202148a19cfbfe45b744b49ba6e55f86fe9318ac9f81ae7d77c980929,2019-06-30 13:14:00,CLEAR,DAYLIGHT,DRY,NOT ON SCENE (DESK REPORT),06/30/2019 01:45:00 PM,41.968680809,-87.693861033,POINT (-87.693861033037 41.968680808972),C,6,2019,13:14:00
a1fad1ba9d52d76c72aad85bf8e414f65fe2260842c366ae566bf82f72566f79bc0849173c2e256e536fb3e02c82a63b76371baacbcb133dbf0fe6eeb03bb518,2018-09-02 04:00:00,CLEAR,UNKNOWN,DRY,ON SCENE,09/02/2018 10:00:00 AM,41.740173927,-87.604273057,POINT (-87.604273057017 41.740173926978),C,9,2018,04:00:00
9ff9155fda92469ad2033fe07097a891dbc695a9f2be9168cf5f72973a74350aa73ae92087a051e3f8f0776a32808b9e3fa6fab33543e21eff51356277281111,2019-11-13 14:10:00,CLEAR,DAYLIGHT,ICE,NOT ON SCENE (DESK REPORT),11/13/2019 03:30:00 PM,42.001233359,-87.691337967,POINT (-87.691337967022 42.001233358973),C,11,2019,14:10:00
a1dc0e8c183cfdd0a749f0356e00e3ac773968ed03680a77e483d7fa4ad963c2825a8047e2316ee4aa40bf90e038bf4627345a958c6d5fbb573b97d3b9cd59d3,2019-02-22 14:20:00,CLEAR,DAYLIGHT,DRY,ON SCENE,02/22/2019 02:45:00 PM,41.94503125,-87.703017842,POINT (-87.703017841999 41.945031249994),C,2,2019,14:20:00
a002c26780e234baa2b10f31464bd7c2cd178eebcc42af22f493195bc2a56d167f82772bacf497467c5e0588ff21fae82c9c30b3c27664a2a11e476ae0b0324e,2020-01-01 21:45:00,UNKNOWN,"DARKNESS, LIGHTED ROAD",UNKNOWN,ON SCENE,01/01/2020 09:45:00 PM,41.874350356,-87.720538576,POINT (-87.720538575955 41.874350356029),C,1,2020,21:45:00
a3713fa9416af439dcc218d771c99a8495d82ae075b46dc4d528abfa11d25c5021a7267bdfef6173e413b119a799e98dc1688000c0241f7e7bb2a08fa102a926,2019-11-11 12:30:00,SNOW,DAYLIGHT,SNOW OR SLUSH,NOT ON SCENE (DESK REPORT),11/11/2019 01:00:00 PM,41.885583712,-87.658758596,POINT (-87.658758595989 41.885583712016),C,11,2019,12:30:00
a2e725da0f190466400c8536b6b74b1da31f63eb7643b88a57fb8ad7f7a3eb3126c0d142e359892ae4356dcce64ab8e76761b45c2bfa4645ec2a2a89c3c92ed8,2018-08-25 15:30:00,CLEAR,DAYLIGHT,DRY,NOT ON SCENE (DESK REPORT),08/25/2018 03:45:00 PM,41.839618307,-87.614090377,POINT (-87.614090376967 41.839618306985),C,8,2018,15:30:00
a5301367e0f517c875010f974642bc368e3ee37b057dc914b20750d63612ec046220df8a84b69f9d1fae2911db783708ebc48b0f379db6bdd98e5fd2f1081276,2018-05-14 13:08:00,CLEAR,DAYLIGHT,DRY,NOT ON SCENE (DESK REPORT),05/14/2018 01:50:00 PM,41.838299776,-87.623296812,POINT (-87.623296811988 41.83829977603),C,5,2018,13:08:00
a506297fe3673ea98a4dd1d70d3e1eccd7d8398664a93de7f7ca4f0e4b0a9ab2f23c6e6fd5d3399b60ec0c3aaf7a71233aa7258b8b2caa7537c7dfee71c3f96d,2018-01-10 14:57:00,RAIN,DAYLIGHT,WET,ON SCENE,01/10/2018 02:59:00 PM,41.960921874,-87.739753307,POINT (-87.739753307037 41.960921873996),C,1,2018,14:57:00
a2f4f3954c5cbbf0c8d7678f4c4a0697552bcc3d86768baa26a95d64c09717161313f656a22b172ae8a906bedee4a7851aa9b997a4fe46e136a01621ace1d7aa,2018-10-28 05:58:00,RAIN,"DARKNESS, LIGHTED ROAD",WET,ON SCENE,10/28/2018 06:10:00 AM,41.895596296,-87.626409138,POINT (-87.626409138035 41.895596296006),C,10,2018,05:58:00
a4e2bd86729d9fc8e92a83550655dd1a47f89c4d6b7582e83e0817b2e7836c0f043b21bd305623100b1c130c188b291fab5dd111df8776376cc4254d1da8de16,2018-10-29 18:30:00,CLEAR,DUSK,UNKNOWN,NOT ON SCENE (DESK REPORT),10/30/2018 05:00:00 PM,41.703808374,-87.540250922,POINT (-87.540250922035 41.703808374034),C,10,2018,18:30:00
a356fb1f52f2c449af993dfc6528b9fc5bba1064f417d47c177d9eef60c2dd19d66583e19d9d6efeb049a51ee428ee9a4ef4ff73316b1f3b2d4e7c1be2df3aff,2021-06-18 05:55:00,RAIN,DAWN,WET,ON SCENE,06/18/2021 07:49:00 AM,41.869973975,-87.735871071,POINT (-87.735871071033 41.869973974982),C,6,2021,05:55:00
a3694ab6048715c7d716d0a280f69950b2fccd023c4e044fc35f655537f2ce37782809094228a81b60006596c2856f99da0e3d956dbce40e46edf85f889cb265,2022-08-09 19:03:00,CLEAR,DUSK,DRY,ON SCENE,08/09/2022 07:06:00 PM,41.746710362,-87.65742424,POINT (-87.657424239974 41.746710362028),C,8,2022,19:03:00
a3c536b599b22a231a2b3e94d79848b8e889468ea0e8c4150d73f66db13027a866aadfd2bd3d9b7a92ddcaed40c886eddc8db449d4a99179122a4eba6e932afc,2016-09-02 21:50:00,CLEAR,"DARKNESS, LIGHTED ROAD",UNKNOWN,NOT ON SCENE (DESK REPORT),09/02/2016 10:35:00 PM,41.954046293,-87.678812012,POINT (-87.678812011999 41.954046293036),C,9,2016,21:50:00
a4ea1ffa13f8ac5be3cfdd58dedec2256a43b41947418c2ad3cffdd38f5687de2cf15cda2d74da7eea5a6de4f71f075a5a1f5eadd9278f77c542faed73983d94,2020-06-30 07:45:00,CLEAR,DAYLIGHT,DRY,ON SCENE,06/30/2020 07:50:00 AM,41.958986951,-87.933993929,POINT (-87.933993928974 41.958986950953),C,6,2020,07:45:00
a479c9dbe3bdff6aa4564eb14c302081317f4ebc533d58514a81910cc22fc419c78bd8243b8843aca07848f0e35c5cadf16351fcfd6c3bf19daf092cd7d50871,2022-02-23 08:23:00,CLEAR,DAYLIGHT,DRY,NOT ON SCENE (DESK REPORT),02/23/2022 09:00:00 AM,41.846483385,-87.700345333,POINT (-87.700345333019 41.84648338501),C,2,2022,08:23:00
a3d21ab8215bc13d2400589f391807fdfa812494d7d7d1280a6b9b41e46f6d0d1a33cf95ab98962051a523c9c8368bbbc7152e408a832cf71fd379b95a64c9fb,2022-10-20 18:00:00,CLEAR,DAYLIGHT,UNKNOWN,NOT ON SCENE (DESK REPORT),10/20/2022 07:00:00 PM,41.990304614,-87.704312836,POINT (-87.704312836005 41.990304613989),C,10,2022,18:00:00
a2c9da7cf30121dd5e11a6dd2c5d6c28c3a45597afcf652b2f08e04e69ac39e21dc7e997d5d0a9eef254637f029352f2ee7ac49ebd6bdb82a2b55c235daeb270,2018-08-30 16:00:00,CLEAR,DAYLIGHT,DRY,ON SCENE,08/30/2018 04:10:00 PM,41.943646149,-87.65382314,POINT (-87.653823139982 41.943646148999),C,8,2018,16:00:00
a3621ba306f315e617bdd45c23bad44baf594323821321e21a516f1d07aa7fb0fe77f25bfcd94a2e46a08384c654f01e3e5136a0d5b9b97be0e6f15cd05588e5,2017-08-06 04:50:00,CLEAR,"DARKNESS, LIGHTED ROAD",DRY,ON SCENE,08/06/2017 10:46:00 AM,41.961784107,-87.662850388,POINT (-87.662850388045 41.961784107035),C,8,2017,04:50:00
a35d0dd5ade6f5efa774efec0cbad06593d7c1bd974e68443a00426beeae29c54fbfe3ec601b33db8192307b570967eeb445cf413404f95be274cac30a33b29e,2022-10-12 15:25:00,CLEAR,DAYLIGHT,WET,ON SCENE,10/12/2022 03:53:00 PM,41.928347381,-87.707749216,POINT (-87.70774921597 41.928347381018),C,10,2022,15:25:00
a3c84bedde02ef94939f9f7ab9d5f15212b53729623e4e1bbc5455c603c1dbe197c803e0694f64a92d630eebbdd0a7ad484207c2e11277b589af994cbe5dcb5d,2018-02-23 11:00:00,RAIN,DAYLIGHT,WET,NOT ON SCENE (DESK REPORT),02/23/2018 11:20:00 AM,41.905786234,-87.755710582,POINT (-87.755710581983 41.905786233963),C,2,2018,11:00:00
a53b8b0e965c430f0f1617d201cd2aa020cb8133ec2ffbecc08dad2c105e2bf0184988ea20d926eb6f8e31ef057620150fc3fad7a79d4e091e626c2e6f8ec93c,2020-10-10 21:48:00,CLEAR,"DARKNESS, LIGHTED ROAD",DRY,NOT ON SCENE (DESK REPORT),10/10/2020 10:15:00 PM,41.903825234,-87.64328636,POINT (-87.643286359995 41.903825233976),C,10,2020,21:48:00