CRASH_RECORD_ID,CRASH_DATE,WEATHER_CONDITION,LIGHTING_CONDITION,ROADWAY_SURFACE_COND,REPORT_TYPE,DATE_POLICE_NOTIFIED,LATITUDE,LONGITUDE,LOCATION,CRASH_TYPE,CRASH_MONTH,CRASH_YEAR,CRASH_TIME
a33e9e4a82b1af2ccbdcbafb8e1f1996041e7d81856a43cba375697fd6b38e9d324a9dcb021e4725d5f69381ca9ce56269b57b8e4f8be4a8a5cd68319bd7e325,2023-06-20 16:49:00,CLEAR,DAYLIGHT,DRY,ON SCENE,06/20/2023 04:50:00 PM,41.895747777,-87.632840348,POINT (-87.632840348002 41.895747776955),C,6,2023,16:49:00
a47af35f388d69de48f081fa89695c92848169ccfdad03e33c034d79278c71ba089fb297ca1364ce1139207d1e577c55f90939865a7878ebbf0529bc702f7645,2021-07-17 15:35:00,CLEAR,DAYLIGHT,DRY,NOT ON SCENE (DESK REPORT),07/19/2021 05:40:00 PM,41.873934029,-87.692836237,POINT (-87.692836237035 41.873934028966),C,7,2021,15:35:00
a339bd71145571c2feca34baa25182c7739bb3d2ea81c44fa7c111c6f6c65c66161509b54080147a897fe6b068f871a0ca151d2e9e4cf3e8afae8b10982d614a,2019-02-22 14:20:00,CLEAR,DAYLIGHT,DRY,NOT ON SCENE (DESK REPORT),02/22/2019 02:40:00 PM,41.821872443,-87.62140658,POINT (-87.621406579964 41.821872443028),C,2,2019,14:20:00
a417fdb69b1c00799b3f92089f7665f78aef35d6ca218eeef35740f5605fd98c030f97d155589cca13d6944fe4c26a66ed75cbe17dc809e270cf884a095db619,2019-07-25 12:30:00,CLEAR,DAYLIGHT,DRY,NOT ON SCENE (DESK REPORT),07/25/2019 01:55:00 PM,41.75869138,-87.60533417,POINT (-87.605334170015 41.75869137995),C,7,2019,12:30:00
a384b7326d81c3503b485b1c6286f79078489617f0a609e5a614aeaa9a3bbc5d6ec0ca7ef37e741244075691f49ca77be938a15012580768e9eea833f7905796,2023-03-12 14:10:00,SNOW,DAYLIGHT,WET,NOT ON SCENE (DESK REPORT),03/12/2023 02:15:00 PM,41.873860438,-87.700586149,POINT (-87.700586148982 41.873860438041),C,3,2023,14:10:00
a51553115628f8ba4790445fda28f5878848a32578fcf9d33df26fa0c7abcd9b0c23e610048f4d80931ff125e4371f2e7f2b516eb9d8909da369a6ddb5729d0e,2019-10-30 10:50:00,RAIN,DAYLIGHT,WET,NOT ON SCENE (DESK REPORT),10/30/2019 11:05:00 AM,41.893380429,-87.657587738,POINT (-87.657587737968 41.893380429025),C,10,2019,10:50:00
a33f7c5fc09a6504dbeff36a1fea61d068879c64ddb3935dc95806bff846480214a1125acb567edfe2e4766273ab457cdd4a5e3d75a47ebc37c79665f6387805,2018-12-23 02:21:00,CLEAR,"DARKNESS, LIGHTED ROAD",DRY,ON SCENE,12/23/2018 02:25:00 AM,41.928615792,-87.687920247,POINT (-87.687920247039 41.928615792006),C,12,2018,02:21:00
a3a8a5a893ac92db2e2562e832526214b3b59f985bf067988a9fb65b73c2abea529daa305da7d34899d10802a923bb79a3000092c3a2c9a51dd4aad8a0c9b556,2022-01-29 05:00:00,CLEAR,"DARKNESS, LIGHTED ROAD",WET,NOT ON SCENE (DESK REPORT),01/29/2022 05:20:00 AM,41.974645684,-87.659970179,POINT (-87.659970178971 41.974645683985),C,1,2022,05:00:00
a3cc8ded02e6d826a4be240120560de8fe1d1d7188aae98350c8c31c02c8012d6dbb46df26df0af73a39d4a14073e87f1d6b6df163371f0deec5ea80bb29feac,2022-04-19 19:05:00,CLEAR,"DARKNESS, LIGHTED ROAD",DRY,ON SCENE,04/19/2022 07:09:00 PM,41.825760497,-87.685042869,POINT (-87.685042869017 41.825760497038),C,4,2022,19:05:00
a5399545bdcdb539959adb38c311ac5d84f66d537152d6e755badae418ad277d07fe04c94d03ccb43d266fb30baa4b3a29683fe13308f222ccc22d2195f78c4e,2019-10-07 07:45:00,CLEAR,DAYLIGHT,DRY,ON SCENE,10/07/2019 07:51:00 AM,41.882421759,-87.666986295,POINT (-87.666986295043 41.882421759024),C,10,2019,07:45:00
a448cbec2691d1ed615f59a6e1c0892bd37d8cf5d6bc2e2c7bbc317cb2e20b726b1e7916760703d8cc8a534359c0cffe7741cbad538d76855ee90de433757cbd,2017-10-27 16:15:00,CLEAR,DAYLIGHT,DRY,ON SCENE,10/27/2017 04:28:00 PM,41.836490047,-87.618373724,POINT (-87.618373724007 41.836490046973),C,10,2017,16:15:00
a36a87105342071398e686375afd40fe832b9ebc4b6e784093b32770522e99d746b19182f694a05816c22f3d1d10246e631febea0d9c15aa56f08d925dd0da95,2019-06-30 00:00:00,UNKNOWN,UNKNOWN,UNKNOWN,ON SCENE,06/30/2019 09:00:00 AM,41.773178389,-87.733533038,POINT (-87.733533038032 41.773178389036),C,6,2019,00:00:00
a4b1af921c2a7a0ef0c02eeaff92d10042c4c481daa20f03423cb425402cad4bd6ca8f29bb4ce787c40e1920ec5bc3363444d73dccaf3074e7c7eb5ff169f3c4,2022-01-10 03:30:00,CLEAR,"DARKNESS, LIGHTED ROAD",SNOW OR SLUSH,ON SCENE,01/10/2022 03:32:00 AM,41.775099231,-87.778838915,POINT (-87.778838915035 41.775099230992),C,1,2022,03:30:00
a48ba598b085720ad3c45e71f7aa44922d79b3eb827ac77171ad76239883d5d27c93e12e9502757a3df0b2c27cc46c8806ad877aef09ae5e744f96c05d204cd3,2018-10-12 17:30:00,CLEAR,DAYLIGHT,DRY,NOT ON SCENE (DESK REPORT),10/13/2018 10:53:00 AM,41.866501191,-87.686157599,POINT (-87.686157599021 41.866501191036),C,10,2018,17:30:00
a5373e1065bf119a9b0dd9e0a32f69fe1aaf362039f114f272a45131c46cc88f6366640fd71d1584f531db45c1af2491503f735d372c7c435b3eab9bf96313da,2018-06-24 09:45:00,CLEAR,DAYLIGHT,DRY,NOT ON SCENE (DESK REPORT),06/24/2018 10:40:00 AM,41.898341319,-87.618057856,POINT (-87.618057855957 41.898341319021),C,6,2018,09:45:00
a34dc3761a06002ec4f2e4bf46fbd03b9139e9bfb7ececf80e571a4c9d4d2cf4db715b166381b9b885f0c87ccdccc0d2541383dbed581258346578569e3bdcbb,2016-05-31 06:00:00,CLEAR,UNKNOWN,DRY,NOT ON SCENE (DESK REPORT),05/31/2016 11:30:00 AM,41.867307094,-87.700958448,POINT (-87.700958447981 41.867307093985),C,5,2016,06:00:00
a513cdff756c3b29bed696842309cbd2bbb7b8658fbcaeed7a003fa99356ebbd9d4af6757fac34a3f778510eff9b12906c7d137b55ba25efca900348ffb0f424,2018-12-31 15:47:00,RAIN,DUSK,WET,ON SCENE,12/31/2018 03:47:00 PM,41.744151639,-87.585945067,POINT (-87.585945066953 41.744151639042),C,12,2018,15:47:00
a5709ca3d63a0e33299893bef253f0a5526b50d22c8b6e738701719e99812af6d2e1179b61aceb1e0ddce5a1a31837e75583a315b3d71136e4ccb8da14505335,2017-09-27 14:45:00,CLEAR,DAYLIGHT,DRY,NOT ON SCENE (DESK REPORT),09/27/2017 03:00:00 PM,41.809485268,-87.616738128,POINT (-87.616738127999 41.809485268023),C,9,2017,14:45:00
a2eddd7cdb09195755b7bb714dcdc8e3d7e99300ba2f9128f52076c3af3f2729728797e71a7207df2702e9ef80b577b315c2151b99a92af20c807364469bda29,2019-09-09 15:15:00,CLEAR,DAYLIGHT,DRY,ON SCENE,09/09/2019 03:17:00 PM,41.938349123,-87.790716543,POINT (-87.790716543026 41.938349122986),C,9,2019,15:15:00
a46e0a90f91eab81b9abd2e9c297001b8f204c15c6f56211fd9aff75b6f3e11899f7977836490893fec841caada384e3975d68fe412ec80928fac85d1468d34f,2022-08-30 11:52:00,CLEAR,DAYLIGHT,DRY,ON SCENE,08/30/2022 11:52:00 AM,41.830439364,-87.605760977,POINT (-87.605760976989 41.830439363971),C,8,2022,11:52:00
a447f33806af6a8f173926f899c0fd6ff770edbdbe4d06ee5f624f65f5c6b3049e6e938d27f4747c265343ff83e2dba18df460a3427dafc22a8a891a7c7cce17,2021-11-13 11:38:00,CLEAR,DAYLIGHT,DRY,ON SCENE,11/13/2021 11:57:00 AM,41.888399178,-87.623954282,POINT (-87.623954281953 41.888399177959),C,11,2021,11:38:00
a58490b8227a025f049d7d86c49cca305ae639a61f986d3098a9f6d52f276b1e6499fb3afd33923a56d19f1c29b5248ad90520c7b015c572e75638ee042ee3c4,2016-07-31 00:01:00,CLEAR,"DARKNESS, LIGHTED ROAD",DRY,NOT ON SCENE (DESK REPORT),07/31/2016 01:00:00 AM,41.894228849,-87.625384759,POINT (-87.625384758996 41.894228848999),C,7,2016,00:01:00
a5302feef0c90334f4f163f345f9b2fd3454fe6d47b2d34fbc5fd6d1ae41d9476f8a1d9b0088fe6a596d56be582b35ac154d79606e7572f2e785fb921481055b,2017-12-15 12:00:00,CLEAR,DAYLIGHT,DRY,NOT ON SCENE (DESK REPORT),12/15/2017 07:20:00 PM,41.746019808,-87.642027076,POINT (-87.642027076032 41.746019807964),C,12,2017,12:00:00
a54c539851ca406c430c0a3a3e3c5fd6d551867fb728a36264963132a27bcff813666804c6615333e0c6e94941230a52484e08b96be9265c7eb8aa3d5ebb6528,2020-06-12 11:20:00,CLEAR,DAYLIGHT,DRY,NOT ON SCENE (DESK REPORT),07/03/2020 08:00:00 AM,41.914624584,-87.752981314,POINT (-87.752981313983 41.914624583962),C,6,2020,11:20:00
a3e1dcfbb54a1d87d2ad042284bf0262e2a8faf1cc4d452b8eabd955647fd63bf72c8081ae8f1bfb78936cc318a2be194cd57dd6a0cb550bbda1f046f666c34c,2016-10-20 10:00:00,CLEAR,DAYLIGHT,DRY,NOT ON SCENE (DESK REPORT),10/20/2016 10:53:00 AM,41.78564265,-87.664222522,POINT (-87.664222521972 41.785642649994),C,10,2016,10:00:00
a35697ff87eed4624aee7e4a3aa8be01ea167495856439c86d6ce6014fdfc10106539a8044b6d896ca8127c4e19b4e861e1453b012d509e5936cb0521f6a2f11,2016-11-05 16:45:00,CLEAR,DAYLIGHT,UNKNOWN,NOT ON SCENE (DESK REPORT),11/05/2016 05:15:00 PM,41.969038442,-87.667662387,POINT (-87.667662387022 41.969038442049),C,11,2016,16:45:00
a4c3422913a567b6c29bfce145d36ed51cf09343fbaa562ee352017e1c4730500295302a6be50372e6aa1aea33e014bc150ea0762859aa176c8cb4b356855608,2022-09-28 17:05:00,CLEAR,DAYLIGHT,DRY,ON SCENE,09/28/2022 05:06:00 PM,41.940454815,-87.638050508,POINT (-87.63805050797 41.940454814983),C,9,2022,17:05:00
a3ca820b5ab560a02401ed9fa1e51740251add708f908c3fe9b6abbc589239ab18cd6b19a806086e124c6e06d1223455d1bbf77af2e1cc9898ff4ecbee5497db,2022-02-10 15:55:00,CLEAR,DAYLIGHT,DRY,ON SCENE,02/10/2022 04:32:00 PM,41.844229859,-87.623748001,POINT (-87.623748001036 41.844229859031),C,2,2022,15:55:00
a527f69870f105d481bb595605438f8075d4ca305751fbe77581c815b04dfda011dc1cb40708a2e3b2ed16865fc87e46ad329afac44a399e54ed0773bd69ef45,2019-12-17 10:14:00,CLEAR,DAYLIGHT,DRY,NOT ON SCENE (DESK REPORT),12/17/2019 10:56:00 AM,41.858007607,-87.644942266,POINT (-87.644942265994 41.858007606958),C,12,2019,10:14:00
a543ac9af28db3ba6ac3dd75360769a1a2b40cc3b3fe603996648c9ffc906d01ce12584c2a176cb24ac11a5b93ccde012aebf66d525728527445d87440bc8c54,2017-12-06 14:15:00,CLEAR,DAYLIGHT,DRY,ON SCENE,12/06/2017 02:16:00 PM,41.731700457,-87.575070081,POINT (-87.575070080951 41.731700457022),C,12,2017,14:15:00
a382735de84126bfbe280348dad5baad0f9ff789fae5d66257a9885d4bd847b3d31eadacbe6d4b4cc11a70291f9caf2f0eba3953a1db66b64d100b23900a8714,2019-09-24 17:05:00,CLEAR,DAYLIGHT,DRY,ON SCENE,09/24/2019 05:10:00 PM,41.823176057,-87.677019423,POINT (-87.677019422962 41.82317605701),C,9,2019,17:05:00
a3baaa292be042eb808f27a1fcd0431851ec8b893a2c0850ab72f1da07fd061067e025eb73495fed9206c30a55742f3b015f0cd1cccdf7e2c150dc3c8d0ccd08,2021-03-08 18:30:00,CLEAR,"DARKNESS, LIGHTED ROAD",DRY,ON SCENE,03/08/2021 06:30:00 PM,41.953203301,-87.756048735,POINT (-87.756048735038 41.953203300975),C,3,2021,18:30:00
a4241fdeef85f21bc9b5d1f4eb7c8b945b2ce9d53c6bd1444344fe14e2be8e46ffa1ada85bf9ded8f61f5ac1af93110c2a230dc45d5693368d927c47550b4fb3,2022-10-10 16:50:00,CLEAR,DAYLIGHT,DRY,NOT ON SCENE (DESK REPORT),10/10/2022 07:00:00 PM,41.939236051,-87.724573999,POINT (-87.724573999003 41.939236051042),C,10,2022,16:50:00
a466dece1dbd61cdf74b8218a0809b85d2b85f7d96fbe6764ba4f3804274d411f4d5f8f9c4a89844af42cbc8ca44cee0062b3b831fdda211c808610532373f52,2019-05-18 15:50:00,RAIN,DAYLIGHT,WET,ON SCENE,05/18/2019 03:52:00 PM,41.950676839,-87.643784743,POINT (-87.64378474303 41.950676838996),C,5,2019,15:50:00
a2f963c43d5563dd27067286315714a498fa1801122b25d58e566ea2dd8899b63fc43ab4e6a77b76e310d80998bea0c8b8738f64dfda3c20492620bb7bf53da0,2018-04-14 13:28:00,RAIN,UNKNOWN,WET,ON SCENE,04/14/2018 01:30:00 PM,41.744151639,-87.585945067,POINT (-87.585945066953 41.744151639042),C,4,2018,13:28:00
a5019959864b91548c438abcc5973e8b98f9c4c352b656a620f7c1ca24bb07413bdd6ce3a49e8bb06b72dd7e0b15ec5ef5323c6552eea42a6b9ddbe35028fb87,2018-02-14 08:00:00,CLEAR,DAYLIGHT,DRY,NOT ON SCENE (DESK REPORT),02/14/2018 05:40:00 PM,41.927648213,-87.757852771,POINT (-87.757852771026 41.927648212969),C,2,2018,08:00:00
a3b97739faa50133b79d5b4a3642747c8651112b2e7d7dca4d0f0d0a3158e2eab7ae1918c74fa8979f8c402c92ada582c18e689d838203a3df12653d05eb998a,2019-01-24 09:45:00,SNOW,DAYLIGHT,SNOW OR SLUSH,ON SCENE,01/24/2019 10:00:00 AM,41.706714203,-87.653813468,POINT (-87.653813467968 41.706714202986),C,1,2019,09:45:00
a4cf093d0babeb146a090b1620be6cdb141fdafb8343357930db2b747ae2b41edd7939557a98bae79fbff16ee34a8ab25eb4ffcc8fc4e219ae980911d70ddc27,2022-10-31 12:40:00,CLEAR,DAYLIGHT,DRY,ON SCENE,10/31/2022 12:40:00 PM,41.809316525,-87.613790359,POINT (-87.613790359015 41.809316524975),C,10,2022,12:40:00
a35e262ec60ce8d960764dccd61847bdcd7ae116289a94f54a3ae7acea1393c79c584f63e92defb07ee213f15ff0816d55bbd7970a96532139f89bf8ac653d46,2022-06-26 18:15:00,CLEAR,DAYLIGHT,DRY,NOT ON SCENE (DESK REPORT),06/26/2022 07:00:00 PM,42.006661878,-87.660965258,POINT (-87.660965257957 42.006661878013),C,6,2022,18:15:00
a5497575ce6d6e63294ee2b06e5333971b13eaf40cffdc6a736a66b16042ebc6d6be68e5662d1dde32728a54f88d44f7d2238120fe43a6d70afadcd69b7490f3,2019-03-04 07:30:00,CLEAR,DAYLIGHT,DRY,NOT ON SCENE (DESK REPORT),03/04/2019 08:17:00 AM,41.879714362,-87.774496221,POINT (-87.774496220954 41.879714361958),C,3,2019,07:30:00
a2e9e44840f213ca8acf71e89a2ccab9046f3dabd305d0be8f9c3bbc00b2ad8a2abc3644e70f690e6d722db5868a47f700818f6e7f7655b0a881a3ed49716311,2018-04-14 11:20:00,RAIN,DAYLIGHT,WET,ON SCENE,04/14/2018 11:20:00 AM,41.903536788,-87.661859583,POINT (-87.661859582959 41.903536788031),C,4,2018,11:20:00
a4b0d5c10568fd2428599edbbe8cf0fa81674d59e2672e9627d5d2e2af3b3e3824c0c990aae6b8a69c27c795c414e4dc745cea93d9df5cbb5d2aa2526eea39ca,2019-01-11 18:22:00,CLEAR,"DARKNESS, LIGHTED ROAD",DRY,ON SCENE,01/11/2019 06:26:00 PM,41.954068242,-87.678604449,POINT (-87.678604449027 41.954068242042),C,1,2019,18:22:00
a57b12be53dfe9981ec60ca3d9d9182907880b5782ceb94c09aef1c2654c49fec9027f6705dd966abdc6563ddd9c2091ccaf0f8caf1dbc39b43845d4832df355,2021-01-24 21:37:00,CLEAR,"DARKNESS, LIGHTED ROAD",DRY,NOT ON SCENE (DESK REPORT),01/25/2021 01:30:00 PM,41.801257833,-87.681173004,POINT (-87.681173003975 41.801257832988),C,1,2021,21:37:00
a37a0533207267860abffa9ae23144374621ee74b86422dafdec0d50bf4175b619534b1e3944230e5fc2d9869d88265073fbad53811af7ee757b55532cdfeb9a,2022-09-20 09:38:00,CLEAR,DAYLIGHT,DRY,ON SCENE,09/20/2022 09:49:00 AM,41.720830381,-87.681745758,POINT (-87.681745757954 41.720830381015),C,9,2022,09:38:00
a2dfb5bf2ef750f98d4466936b65d84eebf4e28f24087493165f673f89890f70b01078acd6938c87ae60714bc00ed1b46f7b88c166018eed7cdfada709f3a4f1,2022-11-19 15:30:00,CLEAR,DAYLIGHT,SNOW OR SLUSH,ON SCENE,11/19/2022 03:56:00 PM,41.831375098,-87.605773635,POINT (-87.605773635017 41.831375097982),C,11,2022,15:30:00
a3eee207728b5139e90c1c3253a7c3b02f9291c0e8188b3d857b9d76e39807e8b09d59855fb785d0a2d40d2d5c15088915b0108a902c0dbde0b1e44087b8285e,2022-12-18 14:00:00,UNKNOWN,UNKNOWN,UNKNOWN,NOT ON SCENE (DESK REPORT),12/19/2022 01:30:00 PM,41.946643529,-87.686894106,POINT (-87.686894106014 41.946643528978),C,12,2022,14:00:00
a44e1d40ddcfd139a621b7364113719973ea00522215af2533b039083843770a51d3cea699a7135a7aeb2cf089cab2127678dac0498944695e667545270b42f6,2022-06-08 15:30:00,RAIN,DAYLIGHT,WET,ON SCENE,06/08/2022 04:00:00 PM,41.796698503,-87.723407562,POINT (-87.723407561962 41.796698503006),C,6,2022,15:30:00
a57c2bace079d98d27cd446bb94a0d0ec85ac623ea4fd9553bf9b74afb23bf8200da93f784190198e492f4adca3578374c1ea8333df1e3c8608b574ea156348b,2019-09-17 19:00:00,CLEAR,"DARKNESS, LIGHTED ROAD",DRY,ON SCENE,09/17/2019 07:05:00 PM,41.911684016,-87.66757343,POINT (-87.667573429985 41.911684015996),C,9,2019,19:00:00
a52e5382c6b9231091257c3a6347c15f528bd7903437a5d895b2642cdf5ddb14917f844341791a10c97c798f03fff3558e7a4e6c2dced5a5130d83d84c2d1b4a,2016-10-24 05:30:00,CLEAR,DAWN,DRY,NOT ON SCENE (DESK REPORT),10/24/2016 06:30:00 AM,41.882211292,-87.710898608,POINT (-87.710898608036 41.882211292041),C,10,2016,05:30:00
a389a6426ab2558f0446dcb302f6c64f69ea1d9d75a445197d4fe9aab0c328a5a00aa33a7e5baf9f438a49573e7215c7c1c1784eda626624e39beae3db06dae7,2021-08-06 02:37:00,RAIN,"DARKNESS, LIGHTED ROAD",DRY,ON SCENE,08/06/2021 03:00:00 AM,41.809781151,-87.594212812,POINT (-87.594212812011 41.809781151018),C,8,2021,02:37:00
a39f8a559cf7829edbe93c03409120525a6b085405250524428d102362c70d9170d385b2d7ebee7980c3cc22e186214ae56e5ca65cfbb4ee8e4bd84941e7fe66,2015-09-09 13:10:00,CLEAR,DAYLIGHT,DRY,NOT ON SCENE (DESK REPORT),09/09/2015 01:45:00 PM,41.735617968,-87.682663369,POINT (-87.682663369002 41.735617967973),C,9,2015,13:10:00
a50b2e80d34e5292d375e263d98f986f1dd7235790055974cbc097d768c1145dbab86b2292fbd04c103e09aaab23c0ba500b9fcdeb9ab8a22f62ab0b6bdf571e,2021-12-17 18:00:00,CLOUDY/OVERCAST,DAWN,DRY,NOT ON SCENE (DESK REPORT),12/17/2021 08:30:00 PM,41.882211292,-87.710898608,POINT (-87.710898608036 41.882211292041),C,12,2021,18:00:00
a4dc33b22e858d80a35f916a18fa405c19c9cdb70e538e9cb3b63ddb11cfb67aa50a85360b31d55a3fb6d236bf1a1bb9a40fbe8aa0380359c689a574a29ddb26,2021-07-09 13:14:00,CLEAR,DAYLIGHT,DRY,NOT ON SCENE (DESK REPORT),07/09/2021 03:00:00 PM,41.744151639,-87.585945067,POINT (-87.585945066953 41.744151639042),C,7,2021,13:14:00
a2e6553d504953f40f00fa2ecaa361feae7b1fc5417a1da71895de8f095835f93414c56be4b3ba41869c8e7e522b608e5d34496e84a90dca5ac7027adfeb2cd2,2019-12-11 19:45:00,CLEAR,"DARKNESS, LIGHTED ROAD",DRY,ON SCENE,12/11/2019 07:48:00 PM,41.910318888,-87.697966526,POINT (-87.697966526036 41.91031888795),C,12,2019,19:45:00
a4bb64d3cb3f2aa7c605f95fc50a7900c073cfd21195091d9b01cbdbbf59066a915847fbd60923855b8abee19acc259cf07093686b51e0076b732a31e68a2788,2019-01-15 18:12:00,CLEAR,"DARKNESS, LIGHTED ROAD",DRY,NOT ON SCENE (DESK REPORT),01/15/2019 07:30:00 PM,41.909665373,-87.734821737,POINT (-87.734821736967 41.909665373049),C,1,2019,18:12:00
a4ba053c8850d7983809b4b57eec9dd4e27315cd4dc786191876f7b7c714377c8c70a287d7b666e819aaeceacbdd0cd868f45f2c2318bca6b3ba87a61c4926e1,2022-09-20 18:40:00,CLEAR,UNKNOWN,UNKNOWN,NOT ON SCENE (DESK REPORT),09/21/2022 10:50:00 AM,41.866711249,-87.676101605,POINT (-87.676101605034 41.866711249013),C,9,2022,18:40:00
a41a4972996dd877bbaf2d48e5dfc44158e9fdf9820a00d05f2ff7775307162706e5400fc41fbfce35eacec32ee18b659e95f9f5f05adcbed6aa7ae9ae016f87,2022-10-15 02:15:00,CLEAR,"DARKNESS, LIGHTED ROAD",DRY,ON SCENE,10/15/2022 02:20:00 AM,41.758234861,-87.618639687,POINT (-87.618639687028 41.758234860997),C,10,2022,02:15:00
a4003bd5f56e0e003749635dae876d49d20dd265bac9fed8f3da3c750e3d00f62a2f491ec1e88c15e98d2b8d4ac8f74cc86386fd91e900a31c214a80f0f5a75d,2021-05-28 15:00:00,CLOUDY/OVERCAST,DAYLIGHT,WET,NOT ON SCENE (DESK REPORT),05/28/2021 03:15:00 PM,41.896393332,-87.654686711,POINT (-87.654686710965 41.89639333201),C,5,2021,15:00:00
a2cf19bacf29254fb656ce74ffdf4ee649f9f921c5d10a3046b80e8ea993121b29c19f0760668d7473c8a9d2b527f40e9420592edd31197dc3c0eb0ba3db5cd8,2019-12-30 22:30:00,CLEAR,"DARKNESS, LIGHTED ROAD",SNOW OR SLUSH,NOT ON SCENE (DESK REPORT),01/02/2020 06:42:00 PM,41.944525951,-87.808333802,POINT (-87.808333802014 41.944525950995),C,12,2019,22:30:00
a43cf57ea85c95f93adcaa8a2f19c5d2de58e28d241086bea671e7f8894ee61c45254b2fff31cc3d196fd2234890bb0181c88b02e00705fcc155dc93d3104cb9,2023-04-02 20:29:00,CLEAR,"DARKNESS, LIGHTED ROAD",DRY,ON SCENE,04/02/2023 08:30:00 PM,41.854120263,-87.665902343,POINT (-87.665902342962 41.854120262952),C,4,2023,20:29:00
a3e472bb8d905035620b346bb5cbb0597af796efeddec8cfca9780a0e9f1dabe4ae1738b34af287138fbba62ef4c49f6dd3db9b6acea362a6bbed0dc74ca82c1,2016-01-20 14:50:00,CLEAR,DAYLIGHT,DRY,NOT ON SCENE (DESK REPORT),01/20/2016 03:10:00 PM,41.898979021,-87.637410212,POINT (-87.637410212028 41.898979021041),C,1,2016,14:50:00
a2eeb06880f47284263c6dac84bef8cddf9d5872ce59de864d0aa6c1bd08a0024c8e5cce2cf2d9abba4163f8eba3840b4e387e515542f44737108edd579f71c7,2021-06-21 23:00:00,CLOUDY/OVERCAST,DAYLIGHT,UNKNOWN,NOT ON SCENE (DESK REPORT),06/22/2021 03:00:00 PM,41.939308285,-87.718653753,POINT (-87.718653752993 41.939308285031),C,6,2021,23:00:00
a49b8b7e6aa1c1786b051330a20d87bbc659452fab209edccc55ef15eea00af0dcaed1ee4d6bef2dea3c1cabc9c35cb6adebba73c55f66214e1643bf07332d93,2016-02-26 17:30:00,CLEAR,"DARKNESS, LIGHTED ROAD",DRY,NOT ON SCENE (DESK REPORT),02/26/2016 06:30:00 PM,41.885876639,-87.623834626,POINT (-87.623834625975 41.885876639007),C,2,2016,17:30:00
a566b46866372149d8f47137aa5dae283b9247171b735ebb9b59945f873b5d2d68bf79afe725197fd6fba151d34321e51d9c061b5d2c2416fee7dbf4c16abede,2018-09-25 17:39:00,CLEAR,DAYLIGHT,DRY,NOT ON SCENE (DESK REPORT),09/25/2018 07:15:00 PM,41.894228849,-87.625384759,POINT (-87.625384758996 41.894228848999),C,9,2018,17:39:00
a2cb6d9513d8ddff8f1ca586f795c47222f676a35a85aba55ac60f4ecd92c505384526a04bc054ea689c4a63ecbf81e08fbdacb01b27973b8bb214f058d08957,2019-01-08 05:30:00,CLEAR,DAYLIGHT,DRY,NOT ON SCENE (DESK REPORT),01/11/2019 01:00:00 PM,41.836772906,-87.725712341,POINT (-87.72571234101 41.836772905951),C,1,2019,05:30:00
a6fab4807b688f400aaa09e5a887e56ddd0c684afb961e291e4e4f17a47c3b777cd91b14961e8258e77ddc1d91d6ac4489da24c56864f5535da7b17067d560d2,2021-10-30 08:58:00,CLOUDY/OVERCAST,DAYLIGHT,WET,ON SCENE,10/30/2021 09:06:00 AM,41.886769177,-87.745355616,POINT (-87.745355615988 41.886769176982),C,10,2021,08:58:00
a6445c8518040af7f205cff82157fec3539ed9c547c4ec4fdcf784736f131f5ef261a67b1fb690bc3e8f2b108517e7a6ce34515e74764c7e1104b0824998f1ea,2019-05-25 22:50:00,CLEAR,"DARKNESS, LIGHTED ROAD",UNKNOWN,NOT ON SCENE (DESK REPORT),05/27/2019 09:25:00 PM,41.885719361,-87.627792462,POINT (-87.627792461951 41.88571936101),C,5,2019,22:50:00
a83e4ae9c1ac9f72248921994ec38dfda57f388b059e473b3e8f07bfdbba1d2fae8fdd85f3ba43115dc1e976590d4686eaa12d5e36fa4a2e8f7655332c5ceca8,2020-06-29 12:39:00,CLEAR,DAYLIGHT,DRY,NOT ON SCENE (DESK REPORT),06/29/2020 01:38:00 PM,41.858906154,-87.712914181,POINT (-87.712914181015 41.858906154029),C,6,2020,12:39:00
a6bbde82eebf5163cce8cf65632c3fdcb9820a2415e5dce32ccbdf62f2505f11c5e279ba44e471af49d49346a3569759658f7901aa9f201dd1a50afca1cb6884,2023-04-12 09:50:00,RAIN,DAYLIGHT,DRY,NOT ON SCENE (DESK REPORT),04/19/2023 11:30:00 AM,41.751523189,-87.562445391,POINT (-87.562445391 41.751523188987),C,4,2023,09:50:00
a5fbd3ec7c084ffd94e97d2cc6ee201a2dd38a698f500df52e087a3562f1c708b371432ec82dfc84956f7d595b9abf86c320ddfff4ea11ca6fcc4b99a192af59,2020-07-24 07:09:00,CLEAR,DAYLIGHT,DRY,ON SCENE,07/24/2020 07:09:00 AM,41.866501191,-87.686157599,POINT (-87.686157599021 41.866501191036),C,7,2020,07:09:00
a64a0ca253909e02f3989a4080db5f9c0142f13812acaca4ff12a6f4946fb39b5d74a0daf081e11a2a9335e3fa26b1f35a6531d0d1c17818a4e060258bfa2b4d,2020-02-29 15:50:00,CLEAR,DAYLIGHT,DRY,NOT ON SCENE (DESK REPORT),02/29/2020 04:10:00 PM,41.990361416,-87.694471537,POINT (-87.694471536961 41.990361416049),C,2,2020,15:50:00