CRASH_RECORD_ID,CRASH_DATE,WEATHER_CONDITION,LIGHTING_CONDITION,ROADWAY_SURFACE_COND,REPORT_TYPE,DATE_POLICE_NOTIFIED,LATITUDE,LONGITUDE,LOCATION,CRASH_TYPE,CRASH_MONTH,CRASH_YEAR,CRASH_TIME
a624a9ea0f768a41188e99d2026e2c71e98027ee57ed5cbf32d93bb18942f9ebc8b0271d004bb470bd984ccaae5affcd26d3e06496a81ac796f9dfe6cc1b307b,2020-09-14 16:50:00,UNKNOWN,UNKNOWN,UNKNOWN,NOT ON SCENE (DESK REPORT),09/14/2020 05:25:00 PM,41.758245505,-87.626521907,POINT (-87.626521907009 41.758245504966),C,9,2020,16:50:00
a839ba287041a59aa92988fe012aadba533e378e61c4c9f968bac47697db7f4e4ab456d9ef648295ae6d23ba6f0406fb969999e821b451cd525e96768e5ca3c7,2023-01-06 09:00:00,CLEAR,DAYLIGHT,DRY,NOT ON SCENE (DESK REPORT),01/06/2023 11:44:00 AM,41.874917987,-87.688836561,POINT (-87.688836560991 41.874917986977),C,1,2023,09:00:00
a6a46b75323dcaff9118af2f8d4cf8e3b3572a4a6811a4ea510fdf90724624f114056a618fa2aea10a726474060c29bb986a84fd2cb10f197130fd0c2e7b2c83,2020-10-08 16:28:00,CLEAR,DAYLIGHT,DRY,ON SCENE,10/08/2020 04:35:00 PM,41.895259507,-87.72592622,POINT (-87.725926219958 41.895259506969),C,10,2020,16:28:00
a7b7f6bdd5b4cc5ac50ffe702074bf6ff88510ea904295fb53e9831b710892f792545b2dcb4603d9bf5f930ba375e1a7b2b5ca76c3182ff4a6753fae289d0ef9,2022-01-28 08:00:00,SNOW,DAYLIGHT,SNOW OR SLUSH,NOT ON SCENE (DESK REPORT),01/28/2022 09:00:00 AM,41.945552923,-87.786368212,POINT (-87.786368212009 41.945552922959),C,1,2022,08:00:00
a63843e7e5202658b032930885235b0b541834c34a7f833dcdcfe2ce09ab2e1425645fb386a173314c22c77758a1a103dd6008500b6c7ddf014594c33a5556ae,2017-09-04 01:00:00,CLEAR,DARKNESS,UNKNOWN,ON SCENE,09/04/2017 12:05:00 PM,41.718843473,-87.628741163,POINT (-87.628741163015 41.718843472989),C,9,2017,01:00:00
a6ce1b00b95598b9f439a949d344d216463079dc1367b8de49d854e8b5dd380e9c87a0455ae2ac4da947dcaadc826c5c330fe4b38cea8fc0812f2bcaf9edb7f5,2023-05-30 14:30:00,CLEAR,DAYLIGHT,DRY,ON SCENE,05/30/2023 02:40:00 PM,41.942206868,-87.807044663,POINT (-87.807044662987 41.942206867982),C,5,2023,14:30:00
a7a9a27f1ddf0d072041f4f6bb9814d969fc8f7b93d48be2a1583a720d5d11c1092c36f9df56436ad2251a544f352d6ea1a53651fb500569844cb73bf131290f,2018-11-26 08:30:00,SNOW,DAYLIGHT,SNOW OR SLUSH,NOT ON SCENE (DESK REPORT),11/26/2018 09:29:00 AM,42.014660423,-87.687677345,POINT (-87.68767734503 42.014660422996),C,11,2018,08:30:00
a65c7c008ee46c0f0c1e3c966903454a1872fdd7039551dd6a31d1930cfc7b60a40d0150aa4cad35fd79d8798e0055d233eace313f1f64141e03fd341b2814dc,2023-05-28 16:19:00,CLEAR,DAYLIGHT,DRY,ON SCENE,05/28/2023 04:19:00 PM,41.819599672,-87.692449751,POINT (-87.692449750996 41.819599672043),C,5,2023,16:19:00
a71db147b23d1327f1a72f0aa5793e471b3f486a6a57b055b6ad785d153f7a4bddf2afdebdab6ca7e2ae37e37242c168513fe17d44b99e9665180b994c1c4d98,2021-07-11 13:25:00,RAIN,DAYLIGHT,WET,ON SCENE,07/11/2021 01:27:00 PM,41.793666729,-87.701266774,POINT (-87.701266773982 41.793666728969),C,7,2021,13:25:00
a6e93405f744cba202dc7b30fce1c97af1281d9594d7c98e01ae3e0babbb2e4abab76a1d91bfe84a164415cc49ee7edae70aa3dcf827cfb1d0a516d9025f9e52,2019-04-02 10:00:00,CLEAR,DAYLIGHT,DRY,NOT ON SCENE (DESK REPORT),04/02/2019 10:08:00 AM,41.976033133,-87.671642688,POINT (-87.671642688042 41.976033132989),C,4,2019,10:00:00
a65827e1b3d5be5df19ff9042f3d0377895ae7866cd90034d37ee43bdfc08a0e106f24bacf8d698fda53dd969c085b1e1e49b8f4779eb20d07b414bf97e3bb3a,2021-02-09 21:30:00,CLEAR,DUSK,WET,NOT ON SCENE (DESK REPORT),02/09/2021 10:15:00 PM,41.864124324,-87.666463607,POINT (-87.66646360701 41.864124323954),C,2,2021,21:30:00
a763f32395f2a25f55cacfc3dc786515132cf68ce26bdfa71a5c4eea542bc9451383636b27b527e479a961c48fe7f333e6bcaee161de22049d353ccfba0da39d,2021-01-27 12:00:00,SNOW,DAYLIGHT,DRY,NOT ON SCENE (DESK REPORT),02/03/2021 11:00:00 AM,41.907129906,-87.674446409,POINT (-87.674446408978 41.907129905993),C,1,2021,12:00:00
a826d657f120ad2c0f33da49a16136480d86fe2b0ada07076769909e89419c018404ac5bfe1f60ce25c2ff1369bfdea88df959d125a3ef0bf355c3fd2d7d12a2,2022-07-17 14:55:00,CLEAR,DAYLIGHT,DRY,ON SCENE,07/17/2022 02:56:00 PM,41.924541106,-87.753842497,POINT (-87.753842497041 41.924541105993),C,7,2022,14:55:00
a6fceca6876000d94b5b9e7fe8bf588806c10fec29086099017983241118426f4b506d7ca840586a6aeb118d0b9412f3767c783e92d1e57a7192a851ac1de5f7,2017-06-14 19:20:00,RAIN,DUSK,WET,ON SCENE,06/14/2017 07:24:00 PM,41.880660067,-87.740728133,POINT (-87.740728133013 41.880660066981),C,6,2017,19:20:00
a62914303f222ba1fedabbe642896b2a1abc2eca09c3204a826ac80b50c9ba85c1018cfe7f8a62b5f44dba33ad00bb8223c4ff1e1a2641569ccb2f74226a4f61,2020-01-19 23:01:00,CLEAR,"DARKNESS, LIGHTED ROAD",DRY,ON SCENE,01/19/2020 11:05:00 PM,41.750825387,-87.626474838,POINT (-87.626474838014 41.75082538699),C,1,2020,23:01:00
a69227ca3134a0ae36f92d4d1e768f26929a8ab8c5a70bb888627885a366614b7df97a1fdaccc94f8170ec55905198c1ed30f7f21e3254c68a570028c858ab13,2020-03-13 14:00:00,CLEAR,DAYLIGHT,DRY,NOT ON SCENE (DESK REPORT),03/13/2020 02:15:00 PM,41.742554288,-87.575667714,POINT (-87.575667714004 41.742554288042),C,3,2020,14:00:00
a7ea5a1e5e67ea7ed2405f34bf0d55dd2bdca21b47b44f58383396ca82ddeb6e5f911ca34861dcb1b57d9c6213bfd9594fa28604b335523c99a35d35ef094608,2020-05-20 02:40:00,CLEAR,"DARKNESS, LIGHTED ROAD",DRY,ON SCENE,05/20/2020 02:44:00 AM,41.894848748,-87.753581314,POINT (-87.753581313984 41.894848748025),C,5,2020,02:40:00
a6576e03721b4c5caf855b7f197f68ff53abb143b2725d88151b89f473d93f0ed22429f1320ad15667ed388c00e59539be7aecddcd999b29999e83a94b1c6eea,2018-04-08 01:17:00,CLEAR,"DARKNESS, LIGHTED ROAD",DRY,NOT ON SCENE (DESK REPORT),04/08/2018 01:41:00 AM,41.8516599,-87.72453636,POINT (-87.724536359985 41.851659899998),C,4,2018,01:17:00
a767fc7028fb693644f24ff9f1780869ca5e50b408cf858ad759a17bffb5257ee11b7edc94656f302362b79744c9158cef0795a80325e1af9e631ef2732e93bb,2022-12-14 18:00:00,RAIN,"DARKNESS, LIGHTED ROAD",WET,NOT ON SCENE (DESK REPORT),12/14/2022 07:26:00 PM,41.945064736,-87.806851953,POINT (-87.806851953014 41.945064736015),C,12,2022,18:00:00
a6e7e74d2d0f5d5df58e71979d07f715f83bd58ab212eeb35f00a340a59f034b86ef5014afb8f9a7ecb107bdd565d8601e86ea7f4e8fda9df6b29c90b30547a8,2018-09-26 07:48:00,CLEAR,DAYLIGHT,DRY,ON SCENE,09/26/2018 07:48:00 AM,41.893280807,-87.677100015,POINT (-87.677100014973 41.893280806986),C,9,2018,07:48:00
a7e7164b4a5b383f115f582bdf718f6c718d9201b4ea95b27b9918d2480c5c3348311fadfd960d9bcee7a950263cb46088162a8c926e7bea9ff4cf2e67a2e8a0,2018-05-04 21:51:00,CLEAR,"DARKNESS, LIGHTED ROAD",DRY,ON SCENE,05/04/2018 10:45:00 PM,41.666869567,-87.634921919,POINT (-87.634921919012 41.666869566973),C,5,2018,21:51:00
a70b98e719cc263f74b94a895ab7920c6bb71822c83f0bf16737aec82e49519d51b9a791d1bfd20c78c349baf1ed667f2a116fa189747e4de2dd5c100187447f,2022-12-04 01:52:00,CLEAR,"DARKNESS, LIGHTED ROAD",DRY,ON SCENE,12/04/2022 01:53:00 AM,41.920676631,-87.775630269,POINT (-87.775630269041 41.920676630982),C,12,2022,01:52:00
a609a00df56a953c2dbf8ae27ad5f07ae9049724bfbfe07c359b5507f9e67a6fa977cc992bb5c17d42cc718af3a00b795ed5f939414ff6f948357590c1cbefa1,2018-11-05 22:11:00,RAIN,"DARKNESS, LIGHTED ROAD",WET,NOT ON SCENE (DESK REPORT),11/05/2018 10:12:00 PM,41.909669676,-87.765481309,POINT (-87.765481309016 41.909669676006),C,11,2018,22:11:00
a74a43ec44fb9cf364f9db93d2419b3f286c01a4c72d43f1e76d158378d3568a050666a3d93c2195f5b552180fb326bf6fbcbf5d55da5d2c42351ca6d020ad34,2018-05-18 15:00:00,CLEAR,DAYLIGHT,WET,ON SCENE,05/18/2018 03:04:00 PM,41.877836738,-87.64729714,POINT (-87.647297139953 41.87783673803),C,5,2018,15:00:00
a7587b1abaa352017b2987caefdec61276658df28216ceceed1f75a733c23edf6e8e58ba73af8b3cf0f0c075cc4c1bd6c29a9a814a512d3cd3d5eb9ecf7ff44b,2016-11-01 12:00:00,CLEAR,DAYLIGHT,DRY,NOT ON SCENE (DESK REPORT),11/01/2016 12:56:00 PM,41.88311224,-87.625517262,POINT (-87.625517262034 41.883112240036),C,11,2016,12:00:00
a64a0de638d42743b429b9dabcf657b1ef7cc7bd9074cf20633bfe7fa8c9c666ddecb31e7b69d29ea5f729e6b29176fe5613fb4ffa850e3c0792ddfb594168d6,2022-04-30 22:40:00,RAIN,"DARKNESS, LIGHTED ROAD",WET,NOT ON SCENE (DESK REPORT),04/30/2022 11:20:00 PM,41.837732675,-87.66589445,POINT (-87.665894449999 41.837732674972),C,4,2022,22:40:00
a842513495de7368743fce2c9b23cb41d31898199208ef809d5679a97f6e45eb6b7a0e785216ffaf8580a6bc7977c0244e4391ff91cfb886fffaae08e46df061,2017-02-21 22:00:00,CLEAR,"DARKNESS, LIGHTED ROAD",DRY,NOT ON SCENE (DESK REPORT),02/21/2017 10:15:00 PM,41.93134823,-87.767612131,POINT (-87.767612130984 41.931348229973),C,2,2017,22:00:00
a82f56b77048faf862457b92a0c2c73444756fe30ea89be44b8754e6c0905b2429eca3e8863e69e3b4b4925270aeda94aa7e58964887bb1aff4410e8265dba71,2017-06-05 07:15:00,CLEAR,DAYLIGHT,DRY,NOT ON SCENE (DESK REPORT),06/14/2017 01:45:00 PM,41.880556614,-87.637168587,POINT (-87.637168587045 41.880556614042),C,6,2017,07:15:00
a5f70d83a8f57a6f2138d3e3c16c23f41509a9e7d3c94d786b7041d92819a14d3e4406c4e258da8b942b88d642f2c4fed4d5c9d170ed495283d870c065038fb6,2017-12-18 18:00:00,CLEAR,"DARKNESS, LIGHTED ROAD",DRY,NOT ON SCENE (DESK REPORT),12/18/2017 07:15:00 PM,41.898953023,-87.721373141,POINT (-87.721373140994 41.898953023039),C,12,2017,18:00:00
a6067de3e101a48771b1a5632c0ef662ffe43daca2d46a4367f863de581e498ebac3e911e17f87a64e728072d5f0a88a262235fce03081ff816a24b71ba97c82,2020-01-17 12:25:00,CLEAR,DAYLIGHT,DRY,ON SCENE,01/17/2020 12:35:00 PM,41.873741172,-87.690011671,POINT (-87.690011670964 41.873741172024),C,1,2020,12:25:00
a71856b9c2e39c996e33c3b627b4a4e1e2e5888883f8205dbccb420d6aff33466cecfb183052b2c579d414dfec78838f1167b106df2faa89fb8ef02c5ea3fd6b,2021-12-28 18:25:00,SNOW,"DARKNESS, LIGHTED ROAD",WET,ON SCENE,12/28/2021 06:25:00 PM,41.947878256,-87.756831199,POINT (-87.756831198971 41.947878255976),C,12,2021,18:25:00
a6377a629041620997706d7f56daf9a4b608c9d5b9c7db201d9bdcb13bffad589bc41f11663a6d8e9f0b0eb7b48b0a3db554b44802915bbacc9be9f2e9f79f90,2019-08-09 22:48:00,CLEAR,"DARKNESS, LIGHTED ROAD",DRY,NOT ON SCENE (DESK REPORT),08/09/2019 11:50:00 PM,41.874590031,-87.633704185,POINT (-87.633704184958 41.874590031007),C,8,2019,22:48:00
a86a9c2f67bc968db2a37a2eb2ab5fa0b881c7981f047d51a6ba7c32eb2fb2dd1df3eabccdf0438b45fbb1b8f4a38a57f60d2c392dfa1e133d77943c64957724,2020-12-31 14:00:00,CLEAR,DAYLIGHT,DRY,NOT ON SCENE (DESK REPORT),12/31/2020 02:26:00 PM,41.721551815,-87.628434273,POINT (-87.628434273034 41.721551815038),C,12,2020,14:00:00
a6a010a42802a8b8be6586e103213543757401e0d80d4cc9fa1d6dfefaa33ed7f12dbb4b1feff95c81fdf5f8a778721cbbbe97a71583b47cbe50c4b560aa9eb3,2022-07-23 14:28:00,CLEAR,DAYLIGHT,DRY,ON SCENE,07/23/2022 02:28:00 PM,41.856434945,-87.719834464,POINT (-87.719834463974 41.85643494497),C,7,2022,14:28:00
a684d3f92c9bca5856d0a852522c88c532e61145951a9aa9fed5ebf5b73706125ce01d1bddade10a9d973ea38687fd41e76fae7b9fb67736bdced4532058b1f9,2019-06-13 22:05:00,CLEAR,"DARKNESS, LIGHTED ROAD",DRY,ON SCENE,06/13/2019 10:06:00 PM,41.910342759,-87.679210593,POINT (-87.679210592998 41.910342759039),C,6,2019,22:05:00
a6a0eb9b2c91cfdf0c7f8aef780109812bdb24fb9997653c5042e4ffec2133a21e807ff6cc9cdd473edf7077a7d3e4fa3408e7d6b98d97cfc9ff79f94a365759,2022-03-23 09:13:00,CLOUDY/OVERCAST,DAYLIGHT,WET,ON SCENE,03/23/2022 09:19:00 AM,41.90052616,-87.712682588,POINT (-87.712682587959 41.900526159988),C,3,2022,09:13:00
a5fb78a4959471f7591b8660551c5fb53da5d5b9c11cb7be0bfc3e92ce36c69ea5fc6bd626637132cf5d3fbd9578bd957e0580668cc1896705c0f491648cf7db,2023-02-04 00:52:00,UNKNOWN,UNKNOWN,DRY,ON SCENE,02/04/2023 12:54:00 AM,41.89483392,-87.63944317,POINT (-87.639443170011 41.894833919993),C,2,2023,00:52:00
a62d2b7c0d71f9cf6be8e73100624534e963dfd724b5d08f478db0745e1d36a9624d443eb4e9373f4f7a271ae9a47f84c4ec2a990e5d574345063262135310ba,2020-01-21 18:00:00,CLEAR,"DARKNESS, LIGHTED ROAD",DRY,NOT ON SCENE (DESK REPORT),01/24/2020 10:30:00 AM,41.893380429,-87.657587738,POINT (-87.657587737968 41.893380429025),C,1,2020,18:00:00
a6d216460c993cdf6ad6203872ddf7b1a5a067faa805598b1c00816c2a4ff8625838ee7af3ff6faa5e23e7807c830dadc5ca2e4fdbe169ed4ac71c8103de94a0,2020-02-14 17:44:00,CLEAR,"DARKNESS, LIGHTED ROAD",DRY,ON SCENE,02/14/2020 05:47:00 PM,41.89047706,-87.624261413,POINT (-87.624261412989 41.89047705999),C,2,2020,17:44:00
a68dbc2c3c107e9695c4aa4477539a5057a0abc8cc39b864c0a3c4280b7447339e96b3e3df0ae14c5c56dd4648fa38a3aba1200838f6adb57ef48b1202b352c4,2019-06-01 00:30:00,CLEAR,DARKNESS,DRY,NOT ON SCENE (DESK REPORT),06/05/2019 01:10:00 PM,41.883071178,-87.760364419,POINT (-87.760364418968 41.883071178012),C,6,2019,00:30:00
a665b30fc44e5e0e56c5ee49abc1d15789918501fb1d2e11b46a5cb6c47e6861af08f2db7c38ac08ca30b36defe21f17aa59b0255165078b3529aac10c7e3520,2017-09-01 14:20:00,CLEAR,DAYLIGHT,DRY,NOT ON SCENE (DESK REPORT),09/06/2017 08:10:00 PM,41.794013736,-87.675583227,POINT (-87.675583227048 41.794013735991),C,9,2017,14:20:00
a71f10eaf6ad561b58488ff20b3e4bcb46d829adce43c0596f204fcbff07f3ffed266ef5372758b57dd285b3a2b4391c395137dea246c07c1ba4151a93a55429,2021-12-27 17:45:00,CLEAR,DARKNESS,UNKNOWN,NOT ON SCENE (DESK REPORT),12/28/2021 01:50:00 PM,41.817683733,-87.6650402,POINT (-87.665040200043 41.817683733038),C,12,2021,17:45:00
a7553679bb8397fb6042b23daa8805b4471b66b41c34697d4161c8c1909d720a6d07ca1a52451ea4932c58b54db18a8db6ea75f887a166f9a379416bd8a80fb1,2019-12-01 07:20:00,CLEAR,DAYLIGHT,DRY,NOT ON SCENE (DESK REPORT),12/01/2019 08:00:00 PM,41.735617968,-87.682663369,POINT (-87.682663369002 41.735617967973),C,12,2019,07:20:00
a5a86d87067808aee305a01b8e7684a89c68cbb09b258ca8758dfcd2887450b0ba83abba32fec3a0e65714caaac12758bb12aa2df76c3ca8859a31051087dec0,2018-07-25 15:45:00,CLEAR,DAYLIGHT,DRY,NOT ON SCENE (DESK REPORT),07/25/2018 04:15:00 PM,41.914546068,-87.797524893,POINT (-87.797524892976 41.914546068021),C,7,2018,15:45:00
a64c5652d011223c182088e6e1025033f25c5fabf4cf0283fe75f928538e6a6b98662f9c0379abb68ccf6c98ef53a70990c122e12c9c0a8c1467827879cc95a8,2022-04-19 04:00:00,CLEAR,DAYLIGHT,DRY,NOT ON SCENE (DESK REPORT),04/20/2022 04:28:00 PM,41.868635838,-87.744730162,POINT (-87.744730161967 41.868635837952),C,4,2022,04:00:00
a78cea253afcd23e0d3e296ba3125f8b1c24bf44af6d80b5e245a88ed7943b8711a7552aec26dad3cfca4a1083abe4eb328b68d5c1171b0dee6617b87e7986ab,2021-07-28 13:35:00,CLEAR,DAYLIGHT,DRY,NOT ON SCENE (DESK REPORT),07/28/2021 07:00:00 PM,41.735617968,-87.682663369,POINT (-87.682663369002 41.735617967973),C,7,2021,13:35:00
a5ea0e3cb9b55c055d8ff0302696d961020f84718c84b6a462e0aa88475e8923d01bf39f5cd513c18166ac7056eac3e90b3dc6cbada407d93200c26980831953,2018-08-19 19:20:00,CLEAR,DAYLIGHT,DRY,ON SCENE,08/23/2018 03:00:00 PM,41.75616061,-87.634583596,POINT (-87.634583595966 41.756160610031),C,8,2018,19:20:00
a6a2d5aa514970d9149767c685e6745e48d26efddec3f0a321756b84175c5d1ded2f4cfea6e9cb47225a48268c4bb0fb55de15af15806e88b6ba246652c3bdbe,2019-02-23 20:00:00,RAIN,"DARKNESS, LIGHTED ROAD",WET,NOT ON SCENE (DESK REPORT),02/24/2019 11:40:00 AM,41.79883316,-87.674589026,POINT (-87.674589025965 41.798833160044),C,2,2019,20:00:00
a5dee0a22b4fe370c01d72169f3efcebcf86aac13bea51637fb6f4ca3e2a067f3aa7a71bba7792cb9c3c98c82e0c2932d6675297f9985e92522180421ce5fdad,2021-10-31 07:45:00,CLEAR,DAYLIGHT,DRY,NOT ON SCENE (DESK REPORT),11/03/2021 09:30:00 AM,41.869511396,-87.657699369,POINT (-87.657699368991 41.869511396012),C,10,2021,07:45:00
a61cf24d3bd1aac34fefb568ad313018b08f30d93a7c2fab56336db8ac86e42af4c334c59d1303e629c5935a6c91f31e173a288298804f0f4f190ab74fb10f01,2020-02-24 11:25:00,CLEAR,DAYLIGHT,DRY,ON SCENE,02/24/2020 11:27:00 AM,41.953750194,-87.728489892,POINT (-87.728489892005 41.953750193958),C,2,2020,11:25:00
a5bc1cd608faa5d283bb6b48f8a2af2e243e85c912a7737df776ea9fdf3696958cfeb3724ff0bed2d9d775c2a71083ad75eecb0bc52e67955bad216819949627,2021-12-11 21:30:00,UNKNOWN,"DARKNESS, LIGHTED ROAD",UNKNOWN,NOT ON SCENE (DESK REPORT),12/12/2021 09:30:00 AM,41.694577926,-87.681392215,POINT (-87.681392214993 41.694577925956),C,12,2021,21:30:00
a607c84607df75156f66b78614042fc72fcce451d670589f7513f6025f302c338a8fcb0416cb9b5142c75ce23f4adf4e75f41f35d409da6e358564800d2a4529,2022-10-17 16:45:00,CLEAR,DAYLIGHT,DRY,ON SCENE,10/18/2022 03:15:00 PM,41.791469084,-87.726853146,POINT (-87.726853145963 41.791469083971),C,10,2022,16:45:00
a7a324891b6de177637795e8554447e82b55117ac8bac7ce5444bebac0809d41eb368dcf9241b9a35da93db0012d51bb5a928abda696a09ecea129f5dd9ef419,2022-04-05 07:36:00,CLEAR,DAYLIGHT,DRY,NOT ON SCENE (DESK REPORT),04/05/2022 04:20:00 PM,41.964295766,-87.745031434,POINT (-87.745031433958 41.964295765982),C,4,2022,07:36:00
a7c3fe6533dfcf49e2200cb45acc7b68722f6adc6cff965bbab6151871d8cf8030168b24fbc32d17b8063ab3209a83a94cf3cca89047251cf674a04ba3e0437e,2018-03-24 22:56:00,CLEAR,"DARKNESS, LIGHTED ROAD",DRY,NOT ON SCENE (DESK REPORT),03/24/2018 11:10:00 PM,41.961269527,-87.710631229,POINT (-87.710631228962 41.961269526962),C,3,2018,22:56:00
a5e95eed1a4b3a7b104ce0eea043c2f708e07b2f3262069d507e3dc005f3fdc5174b6bf05597bdb84e9f393ad418b1369cdd62e294635c508950797db1dc0f7b,2015-11-14 18:15:00,CLEAR,DARKNESS,DRY,NOT ON SCENE (DESK REPORT),11/14/2015 06:45:00 PM,41.744151639,-87.585945067,POINT (-87.585945066953 41.744151639042),C,11,2015,18:15:00
a74827b33fd95c27fd146bbbd56613270ba179bd245fb15f8a8b9bbec87a1a4d0a278bb804f177d7e9b15821b11fd01a8970d1622e5e2e15ca01cc2b0fa03cd6,2017-09-30 14:00:00,CLEAR,DAYLIGHT,DRY,NOT ON SCENE (DESK REPORT),09/30/2017 03:15:00 PM,41.929780107,-87.687964235,POINT (-87.687964234994 41.929780107046),C,9,2017,14:00:00
a59b436bda13f45115e8b2256c149e30024a86faaa1fa227cde39f1a483bb0f02d256f9b15cb4cafc6e279960fa8773f4ae3f2bbedd4ff499535dcf306b8985f,2022-06-11 23:30:00,CLEAR,DARKNESS,UNKNOWN,NOT ON SCENE (DESK REPORT),06/12/2022 12:30:00 PM,41.771584236,-87.590203682,POINT (-87.590203681976 41.771584236017),C,6,2022,23:30:00
a7de03414251048dd3680934f0a363971a5c1a8c24a79bac7aff18820c5520b10a6d0ce489837449392e80083810f225e65cc1e0c44bbb44ab60def5477a6928,2019-11-01 06:15:00,CLEAR,DAYLIGHT,DRY,NOT ON SCENE (DESK REPORT),11/01/2019 10:53:00 AM,41.957179469,-87.747545428,POINT (-87.747545428003 41.957179469047),C,11,2019,06:15:00
a6e28c1e13e5e7955e1340c08bc441cfcae5a08d1c309ac9234cf4cfca5a1a517446cc6c466a6fbce716c5d746ef6566ce5142c3bba5a06612d19994c05f70aa,2018-05-15 15:10:00,CLEAR,DAYLIGHT,DRY,ON SCENE,05/15/2018 03:12:00 PM,41.794090446,-87.630527331,POINT (-87.630527331008 41.794090445987),C,5,2018,15:10:00
a644c14bdec392703f6d31a02d92fc422f0f96fc06736535a692a82c9bceae752ab3bd4ebd1c77c50c96b60e3c8dc59a8b92e0c9eee71b46a4798b88ac4e0d19,2018-09-01 05:30:00,CLEAR,DUSK,DRY,ON SCENE,09/01/2018 05:50:00 AM,41.903639931,-87.65554697,POINT (-87.655546970003 41.903639930952),C,9,2018,05:30:00
a6ef06b0bbfbacd2f9ac732f2bf3d4370f2c1f9a681d0c112bdf77192dc79f72d2dfaf9c84b508b7f6567d6692a157890c2ed7b668c348b012b44f02c3fbd78e,2017-09-03 16:00:00,CLEAR,DAYLIGHT,DRY,NOT ON SCENE (DESK REPORT),09/03/2017 04:30:00 PM,41.909665373,-87.734821737,POINT (-87.734821736967 41.909665373049),C,9,2017,16:00:00
a5f6091903fc4fdd300d2ad9989f069773fc971f9b62aec8f68e2f76d2f7b39dc0d9a6bf32eeaa8ebe8deafe360582dd684dfec619cf8225f961bbcea270cfcb,2023-05-11 23:30:00,UNKNOWN,"DARKNESS, LIGHTED ROAD",UNKNOWN,NOT ON SCENE (DESK REPORT),05/12/2023 03:30:00 PM,41.897145558,-87.617097587,POINT (-87.617097587017 41.897145558021),C,5,2023,23:30:00
a6abcd4fb807dec85c196ad6609416d689cc250f8e5bb799fbbdfb7c065ccebec78ff1dacadc708ec7d12f802e01e6a4a6d9021b59c43472f32202041ae1d482,2017-02-27 07:40:00,CLEAR,DAYLIGHT,DRY,NOT ON SCENE (DESK REPORT),02/27/2017 03:40:00 PM,41.95567889,-87.727820869,POINT (-87.727820869024 41.955678889983),C,2,2017,07:40:00
a7e57ea79839532ba834bf104544c4c98e7fa6810dc9f4eb4acccd2a5a59018a9c2fab9a8c477ff1f59664a8e76f06ccb0fcae0eb202a1abab16406d67eaccdc,2023-06-17 12:08:00,CLEAR,DAYLIGHT,DRY,NOT ON SCENE (DESK REPORT),06/18/2023 04:00:00 PM,41.87479856,-87.755004029,POINT (-87.755004029038 41.874798560005),C,6,2023,12:08:00
a64972edae7089252d84ee91cf3c257767b65a26179a6aa21dde1114ad0de37b30e4fb6f80fa7f9f4b779790cd26aa5c0670c3a0dbdc845fc210e4fc1fee2b69,2022-10-21 19:10:00,CLEAR,DARKNESS,DRY,NOT ON SCENE (DESK REPORT),10/21/2022 08:23:00 PM,41.773765662,-87.722781154,POINT (-87.72278115402 41.773765661984),C,10,2022,19:10:00
a7f1365450395eee9cc19f58e66aade33fab571bfdbfddcd51e590281d3e1af2d9634b20b547f3f96f0adf68e5ac2db9dfa8f1b7b82dd4ffa8f596557fb89d75,2019-10-13 03:30:00,CLEAR,"DARKNESS, LIGHTED ROAD",DRY,NOT ON SCENE (DESK REPORT),10/13/2019 03:50:00 AM,41.89178367,-87.70668771,POINT (-87.706687709951 41.891783669982),C,10,2019,03:30:00
a82bcfc17399b919bd003397f535c8a5059ae78e330262fccb7e4bd39b44d0a9f635d936815a32ffde08f5e2523efa7fdb8015394638efff058a05f522ef10c7,2021-02-12 10:38:00,CLEAR,DAYLIGHT,SNOW OR SLUSH,NOT ON SCENE (DESK REPORT),02/12/2021 02:40:00 PM,41.878990342,-87.667647653,POINT (-87.667647652989 41.878990342001),C,2,2021,10:38:00
a7ba17b47f83ffd23b4fc57e21362ec2512e54b50639985afb78c82bdd794e77ca1a364979cfc276b79e4d34c7bccb25bccbbe196ef486983e2f0400a57edbd6,2020-03-20 10:48:00,CLEAR,DAYLIGHT,DRY,ON SCENE,03/20/2020 10:50:00 AM,41.924490094,-87.717288131,POINT (-87.717288130979 41.924490093998),C,3,2020,10:48:00
a759aa08393b9e05975e9949ce057e6747b924a74e887b4d708f245b197f803813ddb0c37f9e29e392432c3de7de2225c96cba4ff204c42d5f50fd134af43d84,2018-05-28 17:24:00,CLEAR,DAYLIGHT,DRY,NOT ON SCENE (DESK REPORT),05/28/2018 05:45:00 PM,41.749621025,-87.682687851,POINT (-87.682687851001 41.749621025041),C,5,2018,17:24:00
a700fbd911c9167b24e37bc2e36f3e47eedfb8403ce74004c37901cd7ea5ffe9de9f02203295ec86032742a85f7efe729f73c32bf5e9d97ac8ff75dac5d35b32,2022-01-29 12:45:00,CLEAR,DAYLIGHT,DRY,NOT ON SCENE (DESK REPORT),01/29/2022 01:45:00 PM,41.954046293,-87.678812012,POINT (-87.678812011999 41.954046293036),C,1,2022,12:45:00
a8280b9132481bb212baecae06adcc53541ad303adcf16b3d41dd958f18b61f370dd05476525f7d0832e8faf8feb252a326c47e87d8ec9063d0b7821dfffa30b,2017-03-29 08:18:00,CLEAR,DAYLIGHT,DRY,NOT ON SCENE (DESK REPORT),03/30/2017 08:45:00 PM,41.898607736,-87.765435936,POINT (-87.765435935974 41.898607735996),C,3,2017,08:18:00