CRASH_RECORD_ID,CRASH_DATE,WEATHER_CONDITION,LIGHTING_CONDITION,ROADWAY_SURFACE_COND,REPORT_TYPE,DATE_POLICE_NOTIFIED,LATITUDE,LONGITUDE,LOCATION,CRASH_TYPE,CRASH_MONTH,CRASH_YEAR,CRASH_TIME
a72a545a9a6aa1cc7563c9a35807e0290fe251dfddc9a1df67dc21b497522324a09b15134e22fc280ccb278ad3e7d7d5b027fcb492a68dade3812e56c9ceb9de,2022-04-26 01:00:00,CLEAR,DARKNESS,DRY,NOT ON SCENE (DESK REPORT),04/27/2022 01:25:00 PM,41.979313485,-87.70882789,POINT (-87.708827889998 41.979313484974),C,4,2022,01:00:00
a72c6321bc561a8c6ae8716f56747010d0a2a05c554666b1785d66244787b63f795fcfeec012d827b14ccb514bf52cc1790dc0fa452259801f92abac1a3e9df9,2023-05-14 14:00:00,CLOUDY/OVERCAST,DAYLIGHT,DRY,NOT ON SCENE (DESK REPORT),05/15/2023 12:30:00 PM,41.785387445,-87.606183761,POINT (-87.606183761008 41.785387444959),C,5,2023,14:00:00
a6039ac1898db36891048d6bceb6c3e9e136299d0e1ee0b9569f523903537312a0e60e447dde05d150efa46f763dc8d332cf97f8cc02f64d8a847c37d901dd3f,2022-07-08 23:00:00,CLEAR,"DARKNESS, LIGHTED ROAD",DRY,NOT ON SCENE (DESK REPORT),07/09/2022 12:30:00 AM,41.877020184,-87.628385656,POINT (-87.628385656007 41.877020184037),C,7,2022,23:00:00
a6f9fc46c9c9b158ff51f0b94379c19b70a6ef527727b2fd4521ec7160d80999a11496b2275b01863210998ab02d4e132d801d1d91bfbe2d7550a5644a6cc4c1,2019-07-03 23:07:00,CLEAR,"DARKNESS, LIGHTED ROAD",UNKNOWN,NOT ON SCENE (DESK REPORT),07/04/2019 01:00:00 AM,41.749362768,-87.605332981,POINT (-87.605332981011 41.749362768013),C,7,2019,23:07:00
a6c7109a5e87eb065b03528bb7657d8617e4222db48b4e1fdcf8b9844da2a197430bd6d7c73394d546a6a7f718a4efef41db76c80da78757d1f5aa1c0e2439a9,2017-08-02 16:30:00,CLEAR,DAYLIGHT,DRY,NOT ON SCENE (DESK REPORT),08/03/2017 12:58:00 AM,41.744151639,-87.585945067,POINT (-87.585945066953 41.744151639042),C,8,2017,16:30:00
a5a5811e29bcdc33f55bf02143db506abe7646268d28a005fe3ea8f0d8878638ef616c250c9d45d558a974a0b664a45d8e54c62dfad0eb3e3906f4ba99eb4324,2017-09-07 18:00:00,CLEAR,DAYLIGHT,DRY,NOT ON SCENE (DESK REPORT),09/08/2017 10:41:00 AM,41.891621161,-87.624253929,POINT (-87.624253929022 41.891621161011),C,9,2017,18:00:00
a6f0f25a281a352329e10a0ed29abc0e6e8fb430c8251381b2ae32d54c3528064c27a92e5bb71515d41e24df2b5a175ac9087684c3ec09f8379adb2ab25bdb0b,2017-10-19 10:08:00,CLEAR,DAYLIGHT,DRY,ON SCENE,10/19/2017 10:08:00 AM,41.844607515,-87.694804642,POINT (-87.694804642033 41.844607514956),C,10,2017,10:08:00
a5af9b88fb621fa6d11350eb595d0b50d66e00c4c9178b85d31eda256480b764464f2a7ac142261e1a750549aa41164078430d1fc6654a9558160098936df23c,2015-10-07 06:45:00,CLEAR,DAYLIGHT,DRY,NOT ON SCENE (DESK REPORT),10/07/2015 06:56:00 AM,41.770688752,-87.576276333,POINT (-87.576276333027 41.77068875201),C,10,2015,06:45:00
a8269f566bf6a81306185abf3dc7d354b634a45111f47b7728a5df33217a915e7bb15fc20bd8ff9c068abb44394a2f92e5f35e2c75199a7689f217ce6cde36a9,2022-03-17 17:10:00,CLEAR,DAYLIGHT,DRY,ON SCENE,03/17/2022 05:24:00 PM,41.913750177,-87.646343192,POINT (-87.646343191951 41.913750176994),C,3,2022,17:10:00
a70334f22ae26381968eaa6942e9816a170443a29abdff9728f8b6b228e208b8fb6dfe8d31a30bf5fdad994cba1de92b926052842245684785d897f366eb3a43,2020-08-29 01:36:00,CLEAR,"DARKNESS, LIGHTED ROAD",DRY,NOT ON SCENE (DESK REPORT),08/29/2020 03:00:00 AM,41.898341319,-87.618057856,POINT (-87.618057855957 41.898341319021),C,8,2020,01:36:00
a81e9ef0e1cf095a701dfb10338fb4a0247548d60182be4269813815a37506961b2f2964179210b8335bd9b5595e2825f9d38299ccd2e295e3296f9a39c1df2a,2020-12-29 18:38:00,SNOW,"DARKNESS, LIGHTED ROAD",SNOW OR SLUSH,ON SCENE,12/29/2020 07:05:00 PM,41.762174118,-87.558927464,POINT (-87.558927463962 41.762174118016),C,12,2020,18:38:00
a9250375204682d2e1dd2f2134744f592e77d1e009432f059433295f03910d39eeab05cd2773e8a70f3478b61fd6dbcd49bd56ce1e94add5a4d00d0d28cf09c2,2017-10-16 20:30:00,CLEAR,"DARKNESS, LIGHTED ROAD",DRY,NOT ON SCENE (DESK REPORT),10/16/2017 11:24:00 PM,41.797783863,-87.664622869,POINT (-87.664622869011 41.797783862955),C,10,2017,20:30:00
a9c0acb5a7136125af193ab5c18a724d237034ebb772d3f8d9a20cca05cd79eb286daf0fb9edb556f5c0d390c5a9f88b339c06a9e60149978e2b603085dfe6d4,2018-02-05 10:45:00,CLEAR,DAYLIGHT,DRY,NOT ON SCENE (DESK REPORT),02/05/2018 11:00:00 AM,41.942799653,-87.687941771,POINT (-87.687941770971 41.942799652999),C,2,2018,10:45:00
ab23a4fbf30b43b51a334429543ce65a62f6c98257e496e6e28e4c737574a2eae7baf9981fb7418add2b2b14ca6df2800dc9521c1872699d745c4d70c9597978,2018-09-18 06:45:00,CLEAR,DAYLIGHT,DRY,ON SCENE,09/18/2018 07:05:00 AM,41.775134742,-87.687050658,POINT (-87.687050658048 41.775134742049),C,9,2018,06:45:00
a9b01d57fd33d44825dd98d82d759ce17fb466fc85a97eaeb68f867d759a8475f2bfd53669f676ac2b219116a39bc0bea235287dd2e35effa2fcbd747c3f26a5,2021-09-06 14:40:00,CLEAR,DAYLIGHT,DRY,NOT ON SCENE (DESK REPORT),09/06/2021 03:30:00 PM,41.880668499,-87.739980899,POINT (-87.739980898973 41.880668498984),C,9,2021,14:40:00
aad738f78f8f0c999be7a0109f306618fc7543e79984aa77293dec3905047a5854add4e7f737e670763db3c429b13d4f9249ae1ceee46a3c773513a8c6c70b4f,2018-03-23 16:00:00,CLEAR,DAYLIGHT,DRY,ON SCENE,03/23/2018 05:00:00 PM,41.744151639,-87.585945067,POINT (-87.585945066953 41.744151639042),C,3,2018,16:00:00
aa82725d8dbff115c43dabd7edb209bdc4db5b3bf9748b57db6eec38b63effe850d038f643eeb9f3b3c8dd5778d70ea79f8b419bc1b64ed851f003f57ef69a5c,2021-04-30 10:42:00,CLEAR,DAYLIGHT,DRY,ON SCENE,04/30/2021 10:45:00 AM,41.780390452,-87.683818193,POINT (-87.683818193019 41.780390451976),C,4,2021,10:42:00
a951a5f8e63399037fc261b3c6628e8b897fcdf8d8e2f6db80700a8bcd00e70c5dcc7946a0cc1ce6f5001c303c907b2c91d3420ff96db5fe92acb02bb516975a,2015-12-23 14:30:00,CLEAR,UNKNOWN,WET,NOT ON SCENE (DESK REPORT),12/23/2015 03:00:00 PM,41.741803599,-87.740953582,POINT (-87.740953581987 41.741803598989),C,12,2015,14:30:00
a8fe52cb4cbb2812f72dd41b675bc2c9c8c61aa74f75cec44797725ee4f7c542fa01361b4e1fb7643fa293e2941688a3a41ae980c3b1baf49f3a5af203b94865,2022-06-15 16:15:00,CLEAR,DAYLIGHT,DRY,ON SCENE,06/15/2022 04:22:00 PM,41.839056951,-87.711213152,POINT (-87.711213152019 41.839056950961),C,6,2022,16:15:00
a90e1fef890e21b1a1d1e128af57aa8aa66d2083d5994f235c12f0fe429aadd376ada4bf7205c2144431ad10a0a279daaa1d73da36b1af256e492b7aed8e6ce7,2021-02-15 10:05:00,SNOW,DAYLIGHT,SNOW OR SLUSH,NOT ON SCENE (DESK REPORT),02/15/2021 04:20:00 PM,41.851553475,-87.731697598,POINT (-87.731697597994 41.851553475043),C,2,2021,10:05:00
aa13f9787c5de411756a69d093744d9363d65ba688950c59c215873dedeb57547e1dafd867198376ad147e2da35ac9d2e0adb59217610e85fd8a02c42b10fcba,2017-11-13 19:18:00,CLEAR,"DARKNESS, LIGHTED ROAD",DRY,ON SCENE,11/13/2017 08:10:00 PM,41.929209817,-87.648746265,POINT (-87.648746264964 41.929209817007),C,11,2017,19:18:00
a8a76bfcf684347c8d5e1c094acaf13873d0618699e244a315211bde648e64fa12a93c97fed385959eaba0fc271a98f3e67f71458857785c24105b2b4dd37885,2018-07-31 17:42:00,CLEAR,DAYLIGHT,DRY,NOT ON SCENE (DESK REPORT),07/31/2018 06:44:00 PM,41.786192939,-87.701055579,POINT (-87.70105557902 41.786192938996),C,7,2018,17:42:00
aa898d8fee0d7c7ba3382bff600e1a2715080c305d664e27260534e6aced3c43061d9462c12381a4a149c691966dc7d6de6d0b832df5ad3952e6feee14e8f300,2018-06-20 13:09:00,CLEAR,DAYLIGHT,DRY,NOT ON SCENE (DESK REPORT),07/03/2018 03:52:00 PM,41.873665508,-87.626125479,POINT (-87.626125479035 41.873665507986),C,6,2018,13:09:00
a9e7de401f9e875269e2d529907a8a55b667c7fe6aba7cce1910f92ddec8199f40d49e3efd8915d1a7fbd962511137ff885b381e97e071b95eb63572bfe446cb,2022-08-14 08:30:00,CLEAR,DAYLIGHT,DRY,NOT ON SCENE (DESK REPORT),08/14/2022 09:00:00 AM,41.942347955,-87.787582226,POINT (-87.787582225967 41.942347955003),C,8,2022,08:30:00
a991225c9368554564945e794a519553696bf082136eac3f9407f3e438d11a4bbcec359600c7aa94182d113367026a92b6525e1333353aef5f59aaccf9b4b5d7,2022-09-17 21:00:00,CLEAR,"DARKNESS, LIGHTED ROAD",DRY,NOT ON SCENE (DESK REPORT),09/17/2022 09:30:00 PM,41.895747777,-87.632840348,POINT (-87.632840348002 41.895747776955),C,9,2022,21:00:00
a90a004e0a2f090791d1c55d2b5ced0d73362acb16a60e7cf65e889df289c6edd659939dac3ce1dedd5b7bc9387cc07c1823f6482c9a1c0b0665764a8f3e8684,2019-02-20 01:00:00,UNKNOWN,UNKNOWN,UNKNOWN,NOT ON SCENE (DESK REPORT),02/20/2019 11:11:00 AM,41.938775127,-87.75439133,POINT (-87.754391329988 41.938775127012),C,2,2019,01:00:00
a9df2658464df8f2361a29aa3a8498c4c9cd7a3fa1d8108267717d62d457d3be61d83fdd4d44f6e620f79cae1f8e2fb1b4b53afd14fdde558e78272a3fb2ff98,2020-01-08 08:47:00,CLEAR,DAYLIGHT,DRY,NOT ON SCENE (DESK REPORT),01/08/2020 04:50:00 PM,41.995579197,-87.675876884,POINT (-87.675876883986 41.995579196996),C,1,2020,08:47:00
a96a943f9078b182dc055a0d5a05a70a94856266fe0de48d478d1fa677177ba7e6051583fbfa9b4a7dc20bb5debc138e28af4be6d49573b82c0fcf14134d38a7,2016-08-06 08:15:00,CLEAR,DAYLIGHT,DRY,NOT ON SCENE (DESK REPORT),08/07/2016 08:35:00 AM,41.936547158,-87.647571397,POINT (-87.647571397018 41.936547157964),C,8,2016,08:15:00
a99a100f42b3f1f430574cd4b16e0baafa0042213fd40ccfe20cb7357247d442e6e7cbc4331e9c516663a28bcbfb51518a22d5b415c2ba7ea8e45b495f88b254,2018-06-16 14:44:00,CLEAR,DAYLIGHT,DRY,ON SCENE,06/16/2018 02:45:00 PM,41.794908912,-87.616471792,POINT (-87.61647179201 41.794908912028),C,6,2018,14:44:00
a9e56069ea237a67de06450f8125d3d429220a9a7ad016cecf08cb92795edbcf77690eee0134d28b87aad453f163b42b70cb04963ace9a16a165ebe6e3fcfd72,2019-05-04 11:20:00,CLEAR,DAYLIGHT,DRY,NOT ON SCENE (DESK REPORT),05/04/2019 02:56:00 PM,41.919626611,-87.746042496,POINT (-87.746042496029 41.919626611008),C,5,2019,11:20:00
a92a9531ec3dd9451b8d3b565fdbedad6d206ce69d95dc47f768f4bed1eb704d63b61b088152ef2af9576982e3b9675d91b12e8fd06eeb720ab7121b7501484e,2019-07-21 06:00:00,UNKNOWN,UNKNOWN,UNKNOWN,NOT ON SCENE (DESK REPORT),07/21/2019 01:17:00 PM,41.818930522,-87.689478253,POINT (-87.689478252956 41.81893052199),C,7,2019,06:00:00
aa938f3c5be2edb0a10556d4f04a68e461c7f76ad821f483ee75ca57ec1a28ebdafeb1a48799c33ba2a7a00c24db68e5af49906ca95d8ce7711874093b4bd511,2017-12-13 15:10:00,RAIN,DAYLIGHT,WET,NOT ON SCENE (DESK REPORT),12/13/2017 03:45:00 PM,41.730038868,-87.565961337,POINT (-87.565961337019 41.730038868042),C,12,2017,15:10:00
ab22c3f1a18bb20c137a56a59d9dd4a6869e1202313235844e9fed8e1ad1335a2b2a8efa2060ffb5f15d44595bb5aa7faaa0e3d112727841395d0e80236747a0,2022-06-05 23:40:00,CLEAR,"DARKNESS, LIGHTED ROAD",DRY,ON SCENE,06/05/2022 11:50:00 PM,41.744151639,-87.585945067,POINT (-87.585945066953 41.744151639042),C,6,2022,23:40:00
a89f1273776e12fa8af13d3e702115f3e90ef012e6b960c49d0de00c1a96475ae2d5d67d148a61707d86931414efa53810054ad1c0ceb7819f92ea0daee68e1f,2021-06-03 23:17:00,CLEAR,"DARKNESS, LIGHTED ROAD",DRY,ON SCENE,06/03/2021 11:17:00 PM,41.744151639,-87.585945067,POINT (-87.585945066953 41.744151639042),C,6,2021,23:17:00
aa02ab7cf7d256100884ddc4be73e7499b1d59263c67bd118ced90055289424b3a40ec30a1de23e82c10b58a7f545bb1ca9f20d9856f849b741b699f90613a51,2019-03-04 04:15:00,CLEAR,"DARKNESS, LIGHTED ROAD",DRY,NOT ON SCENE (DESK REPORT),03/04/2019 06:50:00 PM,41.772189648,-87.67340401,POINT (-87.673404009982 41.772189647956),C,3,2019,04:15:00
a95d7e1337b5d7e6681c5c36b4cfaebeed5165ac5fe5ab38157f626d1599df150c3881297e89dabf0e0fe0d230121c786cb845c95374d445afbe4256c8a8b70b,2020-12-23 14:30:00,CLEAR,DAYLIGHT,DRY,NOT ON SCENE (DESK REPORT),12/23/2020 04:10:00 PM,41.942978341,-87.670803378,POINT (-87.670803378013 41.94297834098),C,12,2020,14:30:00
aa53adf04f5bbd4a786cf5b0418f1e03b26330e0dcd88dd9cd23738b44da987243989af5683b956edfef0e4600a8d8e05bff10871b217d40be9b639e2d89133a,2020-11-21 16:15:00,CLEAR,DAYLIGHT,DRY,ON SCENE,11/21/2020 04:17:00 PM,41.721150404,-87.658966651,POINT (-87.658966651043 41.721150403976),C,11,2020,16:15:00
a8847c5dc4209a43d38855d288019ab051b3a4003e8f8a2ae17e80f01c6cdf13f9ce5dbbb182605cc5b270ec6ed0dfdbb95b0bcd543aeb29e4bf1159ba03a8a5,2023-03-24 15:30:00,CLEAR,DAYLIGHT,DRY,NOT ON SCENE (DESK REPORT),03/24/2023 04:10:00 PM,41.752251354,-87.655244975,POINT (-87.655244975044 41.752251353988),C,3,2023,15:30:00
aaa267b10222a64f0584835cb2834f397eccf17f75884a22fa79e2b03873db69c592598e17cba878d9cf072344661b6084bc14f1fe805af219abf08e4f41596c,2020-08-06 13:35:00,CLEAR,DAYLIGHT,DRY,ON SCENE,08/06/2020 01:40:00 PM,41.958986951,-87.933993929,POINT (-87.933993928974 41.958986950953),C,8,2020,13:35:00
aa7311582556d9f36fdcd5a647f8a44cb721c406760665f41c04aa09ce6a4b981d262261cd5e5b52c4e61dc65a6692b3d4452056c060f9b6ea5c7b390369e9ac,2017-02-05 09:30:00,CLEAR,DAYLIGHT,DRY,NOT ON SCENE (DESK REPORT),02/11/2017 11:02:00 AM,41.74258724,-87.647652517,POINT (-87.647652516998 41.74258723999),C,2,2017,09:30:00
a9c53128aaf7359114418a28734d700d12738f2a10c8bcd804b9d1b7170c17d1f9fa4b1c119a136267aef0cff1c50b8bb69d2982b8752dfde57dd0cf00519928,2022-04-06 06:15:00,RAIN,"DARKNESS, LIGHTED ROAD",WET,ON SCENE,04/06/2022 06:20:00 AM,41.892620907,-87.625986283,POINT (-87.625986282981 41.89262090705),C,4,2022,06:15:00
ab33617646aa93dd30bdfbe7f544493008c1b15850adf909c184979dcd7263d199d4399a23fdfac5cbc275d94a2d5f7791ee9744512cf17b26d76ea93c890999,2020-05-24 18:00:00,CLEAR,DAYLIGHT,DRY,NOT ON SCENE (DESK REPORT),05/30/2020 02:00:00 PM,41.933495357,-87.650213368,POINT (-87.650213367976 41.933495357005),C,5,2020,18:00:00
a8a403a1f5f5fbd582f8790b40c2030bf70c425919da1d94159c032e817dab6892e2a037852801e67c57c8731583137f2c98adca26bcc534e833b38aa8806c00,2017-07-14 16:06:00,CLEAR,DAYLIGHT,DRY,NOT ON SCENE (DESK REPORT),07/14/2017 04:06:00 PM,41.885535855,-87.754858365,POINT (-87.754858365035 41.885535854992),C,7,2017,16:06:00
a9836790d47d33e1235f9681f84021a2648fc1be683d2094d276e891116637fbf5935db4f9d2628f6ca929dbfffe3fc143dd41efdde5f8f067cb92c3c54c4b86,2019-11-27 11:55:00,CLEAR,DAYLIGHT,DRY,NOT ON SCENE (DESK REPORT),11/27/2019 12:15:00 PM,41.933875927,-87.688061388,POINT (-87.688061387968 41.933875926988),C,11,2019,11:55:00
aa6ce2620e60b0b12d2036803bd7432485c9645d20f200f7d90485743b4169777748550da0eb62353e63bea90612ab0831a466a30c704224021bcd2d50a786a8,2021-06-08 12:26:00,CLEAR,DAYLIGHT,DRY,ON SCENE,06/08/2021 12:29:00 PM,41.775564613,-87.660610403,POINT (-87.660610402989 41.775564612971),C,6,2021,12:26:00
a9f5e391bd87c202a2a2e5711eb3c408d2f450a13656c32f655fa68d3f647d25d006f6929776faf913a87832d6debc81b8838f68a29e20211d1def59cbe2d9e9,2017-12-06 17:55:00,CLEAR,DAYLIGHT,DRY,ON SCENE,12/06/2017 06:25:00 PM,41.8820229,-87.637081412,POINT (-87.637081411989 41.88202289998),C,12,2017,17:55:00
aa0a75596fe4db60b7225a72a16212114c6be828b3453cdbfd7efce6fa13028870423b29cd8f779e84b9c3bd2194a1fee7221aa0fbb7e285cda0264a9a87bde2,2019-07-21 11:30:00,CLEAR,DAYLIGHT,DRY,NOT ON SCENE (DESK REPORT),07/21/2019 05:35:00 PM,41.990024694,-87.728708871,POINT (-87.728708871015 41.990024694008),C,7,2019,11:30:00
a94c8c91ed3b277e6813fc81f54fa1657627bb0fe34d02bbe8afca808f875470de21adab7848a4fbfca86a5074d180ed17df6ef3c93c3dde252483665ed5ce88,2018-09-28 16:30:00,RAIN,DAYLIGHT,WET,NOT ON SCENE (DESK REPORT),09/28/2018 04:51:00 PM,42.015252313,-87.682946513,POINT (-87.682946513024 42.015252313008),C,9,2018,16:30:00
a9ad2dd55e496171e86d32d86678ab94006b95df5b2e50f46d63d6d234e78284800b5c8f9692e3eb72d42f92cf6fadd971e4cf66571c17d40b7565926dd0f710,2020-03-09 11:40:00,CLEAR,DAYLIGHT,UNKNOWN,NOT ON SCENE (DESK REPORT),03/09/2020 12:15:00 PM,42.012582905,-87.663488208,POINT (-87.663488207977 42.012582905034),C,3,2020,11:40:00
a9cc0b7d2da8ea90bbfcb12e49d654442384eb9c0fd5d6bae0ed8a500c21221690dc4800839f41d7edaf2bafde1eb0e318e09a9fdaf79ed71a7a813f64c6918e,2020-07-11 12:00:00,CLEAR,"DARKNESS, LIGHTED ROAD",WET,NOT ON SCENE (DESK REPORT),07/11/2020 12:50:00 PM,41.855630065,-87.625415361,POINT (-87.625415361031 41.855630065016),C,7,2020,12:00:00
a968b0cd951330a613228eb6070efc58394b415dcf0fee1f049e88ed7666a7ac78e95ab7ed24d77340b08c35d19fa1b23e74c39d6e4b1c61398975c004cf055e,2019-10-08 07:50:00,CLEAR,DAYLIGHT,DRY,ON SCENE,10/08/2019 08:07:00 AM,41.904101491,-87.631598255,POINT (-87.63159825499 41.904101490958),C,10,2019,07:50:00
aa5d9dc5cd0e360ad9ae3eb58ee1d58bc2792eb3c19a857f3f6d330b4e2dcdfc5955a0d6a5496fabaf6938f9c43ff3a67943637b13ce2c97bee6f11e04fa99a9,2018-09-15 08:00:00,CLEAR,DAYLIGHT,DRY,NOT ON SCENE (DESK REPORT),09/15/2018 08:30:00 AM,41.920676631,-87.775630269,POINT (-87.775630269041 41.920676630982),C,9,2018,08:00:00
ab31190473797e3d4c25b07cf2dc66cddf063f67b0919d7f68a0814396b165000ed9c2ce2bd25781d1b0a491799a3f76ed35f264d7bc49e7761fa5c3cc638640,2019-11-11 10:30:00,UNKNOWN,UNKNOWN,UNKNOWN,ON SCENE,11/11/2019 10:31:00 AM,41.906368244,-87.706862179,POINT (-87.706862178993 41.906368243951),C,11,2019,10:30:00
aaa8882b4a8f401d3056c2e9aff745f92145da8314ae5f4d5c4b311bf890d0bff3c13d4434172cb9c37374c461286205c485718392a5b0276f4f36cd9699bd41,2018-04-16 10:10:00,SNOW,DAYLIGHT,SNOW OR SLUSH,NOT ON SCENE (DESK REPORT),04/16/2018 12:43:00 PM,41.903639931,-87.65554697,POINT (-87.655546970003 41.903639930952),C,4,2018,10:10:00
a89119efff2fa5b1ce693dd437ab93d88f94fbcdf1ce9627335d94a506ac67a971c13e470fcc28f83a597d9a7bd701b4b7a00069294a8b61d578a5fa6e2dcbfc,2019-12-01 17:10:00,RAIN,"DARKNESS, LIGHTED ROAD",WET,NOT ON SCENE (DESK REPORT),12/01/2019 05:30:00 PM,41.985976968,-87.78782345,POINT (-87.787823450015 41.985976968036),C,12,2019,17:10:00
aa39dd655beb807df93cb16a64647e626dc67dbc276403ab59d3e3ae4e7b79445bcf4a8570bc9f64aca9bce02180e2a3c9e52a2f8bf046263d25da3b457235a0,2020-06-12 16:05:00,CLEAR,DAYLIGHT,UNKNOWN,ON SCENE,06/12/2020 04:16:00 PM,41.919078039,-87.634538115,POINT (-87.634538115047 41.91907803902),C,6,2020,16:05:00
a9eb36f417453efddf08bee04543c4ea6eb654fc1038a3569122266bbcfc8b1c7989f1bbca2a71cd05a83644fe4633d107fff95cf6c0a55ad0def987264e00b8,2020-03-02 07:52:00,CLEAR,DAYLIGHT,DRY,NOT ON SCENE (DESK REPORT),03/02/2020 12:00:00 PM,41.692695048,-87.622963607,POINT (-87.622963607013 41.692695047957),C,3,2020,07:52:00
a9ed0a1e1b527c94790bacbfe48c056a62622a3c49a927353cf8e9b9216b7155347687a8cf9cbc26e0368f72f99113a318fce955f484aeae6294b2e9bfd6b7d7,2016-08-28 11:00:00,CLEAR,DAYLIGHT,DRY,NOT ON SCENE (DESK REPORT),08/28/2016 11:25:00 AM,41.917103631,-87.687248767,POINT (-87.687248767006 41.917103631009),C,8,2016,11:00:00
a905c1ae11f6632af3b5ba53571782a50e952978637e633ea0a1d001465a55d51eb08d9f72bd90e0c063d7cb772533f18df1e29a459cc94f7cf6c8c59521c131,2017-12-11 17:43:00,SNOW,"DARKNESS, LIGHTED ROAD",SNOW OR SLUSH,ON SCENE,12/11/2017 06:00:00 PM,41.899463059,-87.68952126,POINT (-87.68952125998 41.899463059023),C,12,2017,17:43:00
a89ac0dd08c4f6642c164d4bbbd7f120319968e01f1150b098b3198c6625e9cd63631baebbc9885ce7d876ceec802df235f2165ce89c0247e1797f5c2af1c5e6,2018-10-19 16:30:00,CLEAR,DAYLIGHT,DRY,NOT ON SCENE (DESK REPORT),10/20/2018 11:00:00 AM,41.68523047,-87.638633159,POINT (-87.638633158992 41.685230469969),C,10,2018,16:30:00
a8c308788cd1fbd0f61aabbb8f95d35f8828c6d812bad833acd4df5db8d8b26db75c585c1c7c36250fffb64d30c0406a1bdad7b7bcdb558bfa06879df3c12770,2020-09-04 20:48:00,CLEAR,"DARKNESS, LIGHTED ROAD",DRY,ON SCENE,09/04/2020 08:48:00 PM,41.891293713,-87.647680593,POINT (-87.647680593026 41.891293712961),C,9,2020,20:48:00
aac71ef81f62145f373b9e08d5fa5ead54b69e971d2e205f703779f18f910fc1dfdd8e75311e0a2af7b33dce0b91932ff773b7527801af91a2d772fa2f3b483e,2022-02-21 19:15:00,CLEAR,"DARKNESS, LIGHTED ROAD",DRY,NOT ON SCENE (DESK REPORT),02/21/2022 07:40:00 PM,41.899463059,-87.68952126,POINT (-87.68952125998 41.899463059023),C,2,2022,19:15:00
aae0cd39efeb873e62e2e8a648c24edea7a01cec402ba62a3ef63ac35d46012ceeb9f92ee672971506c2ba9171034e488a02db0cbd1a67e9e7e279116b1c5e6d,2017-10-03 01:00:00,CLEAR,DAYLIGHT,DRY,ON SCENE,10/03/2017 01:10:00 AM,41.884232781,-87.618901965,POINT (-87.618901964965 41.884232781004),C,10,2017,01:00:00
a9d6349eb0d910b6f6d55bd11360c9d02dab4304663e946624728db5f5ebdfdc884237bf51104d7d53ca31c1d4d72465859381c45cc5667d2b48ebd43c43fe87,2021-05-17 20:20:00,CLEAR,DUSK,DRY,NOT ON SCENE (DESK REPORT),05/17/2021 09:35:00 PM,41.79713643,-87.716060266,POINT (-87.716060265995 41.797136429978),C,5,2021,20:20:00
a9fe07bec7c26b63a27e9bd94d01ab739beccf72599646aa98139a931399fcd4ea89bef27b1953bacaee19728271c36a51f92942af3bf825b48bed04b3d9988c,2020-06-06 11:40:00,CLEAR,DAYLIGHT,DRY,ON SCENE,06/06/2020 11:41:00 AM,41.937774181,-87.634783463,POINT (-87.634783462995 41.937774180954),C,6,2020,11:40:00
ab3aafd7c7061d8ee13092e624de6a0ae0b18dfb142c99dda126bb7e146ce0b32ed776401d2575f773d9a6ff9e275e2891a10c5ab49dbb96c487a99768e57c63,2019-12-02 09:00:00,UNKNOWN,UNKNOWN,UNKNOWN,NOT ON SCENE (DESK REPORT),12/02/2019 10:30:00 AM,41.916449903,-87.676229473,POINT (-87.676229472973 41.916449903041),C,12,2019,09:00:00
a9eb9d8d7867e17797b83e2aab59534f3de196db8f92d6860a9b0345cfea57c6303c22d4926eacd044698142c036f7676208fbc08a62ae37966c47a61b6354cf,2022-06-15 14:46:00,CLEAR,DAYLIGHT,DRY,ON SCENE,06/15/2022 02:46:00 PM,41.879813058,-87.725492182,POINT (-87.725492182032 41.879813057952),C,6,2022,14:46:00
aada0cb0226a897334d04cffd63af0f5505b87ceef3a7a340072a486e9e2f80df87dfadb08edf90a8599d1b73eefb2dffe6fe6e84c1d3c0fbfbb6eb1d7e77cd8,2019-05-01 11:40:00,CLEAR,DAYLIGHT,DRY,NOT ON SCENE (DESK REPORT),05/01/2019 02:28:00 PM,41.891621161,-87.624253929,POINT (-87.624253929022 41.891621161011),C,5,2019,11:40:00
a9a7e53e0da9ffceaaae52a98f08723a06ff8fc49141d5b6983f399f1ef8955298b0d01a50ac202a7abbdba47ee618709bc1906caa1e95e338d59e15e76a1e1c,2017-08-29 11:24:00,CLEAR,DAYLIGHT,DRY,ON SCENE,08/29/2017 11:26:00 AM,41.777876115,-87.776445652,POINT (-87.776445651971 41.777876114963),C,8,2017,11:24:00
a87174f62adc26128632fee69adcf414530320369bc31decdb68f25c4249b8b46557b17b89497a9f9c26edeccc197c251e53d840dd78a47db2d793ce4e7be105,2017-07-13 15:30:00,CLOUDY/OVERCAST,DAYLIGHT,DRY,NOT ON SCENE (DESK REPORT),07/13/2017 04:30:00 PM,41.961753352,-87.663885141,POINT (-87.663885141038 41.961753351994),C,7,2017,15:30:00
a93ca003fc1dc22c3b8fc4e5b023444d288899deab8ca67ef21bac7e390db14b58599b342f12d95493690731ab2cc6ed5bbcabc03654c28a002631068eee63e0,2021-07-31 15:00:00,CLEAR,DAYLIGHT,DRY,NOT ON SCENE (DESK REPORT),08/10/2021 01:20:00 PM,41.719108743,-87.629960299,POINT (-87.629960299019 41.719108743039),C,7,2021,15:00:00