CRASH_RECORD_ID,CRASH_DATE,WEATHER_CONDITION,LIGHTING_CONDITION,ROADWAY_SURFACE_COND,REPORT_TYPE,DATE_POLICE_NOTIFIED,LATITUDE,LONGITUDE,LOCATION,CRASH_TYPE,CRASH_MONTH,CRASH_YEAR,CRASH_TIME
aaa595db9d46ac98f5e6cb97e50d43ab0601ca55e0dc36efcae66e5bb28f4d8b80f7004b7435561a096ca13d10925cd5495812785cd18de5cd64dde24354a32e,2018-01-06 09:53:00,CLEAR,DAYLIGHT,DRY,NOT ON SCENE (DESK REPORT),01/06/2018 11:20:00 AM,41.740259223,-87.663031505,POINT (-87.663031504963 41.740259223048),C,1,2018,09:53:00
a97437fa9b03d9e567a5583475892ab63178f2b657a23d41ae34ad4f437c1e708637adde7dece4f8eef1c22f9471fe4c1ff77df9f4f7a8ec12a8204fe0bff14d,2019-08-29 16:30:00,CLEAR,DAYLIGHT,DRY,NOT ON SCENE (DESK REPORT),09/17/2019 08:50:00 AM,41.721150404,-87.658966651,POINT (-87.658966651043 41.721150403976),C,8,2019,16:30:00
a944447d7db733f2e368864c2f69a806ebe949da854dd0d7ff8aab5962c782905818adff1c4b9a99ea80b14a63d367d719cf75c45b6f8ca6f5fa72d3d58adbe5,2019-11-14 14:45:00,CLEAR,DAYLIGHT,DRY,NOT ON SCENE (DESK REPORT),11/15/2019 12:55:00 PM,41.884552309,-87.63975418,POINT (-87.639754179988 41.884552309006),C,11,2019,14:45:00
ab01c5c7ffa54579bce1d45e221f569641e017f6dd674a2006496c5ab76919ce74cbd86c17ab8ee97c58faec5e88081edadb112fd9c09f6fecb577805fcc7559,2020-11-02 11:15:00,CLEAR,DAYLIGHT,DRY,NOT ON SCENE (DESK REPORT),11/02/2020 11:34:00 AM,41.722258535,-87.575497264,POINT (-87.575497263984 41.722258534963),C,11,2020,11:15:00
a966270e372ca60b3163acd4e8650ba43d349d4c3af81b8a542e9c84f1c8902173b1c0835fec6513f0a766a9af242cac53d51f58fab9d014a3af75f0490b1a7a,2021-09-05 19:54:00,CLEAR,DAYLIGHT,DRY,ON SCENE,09/05/2021 07:55:00 PM,41.827363248,-87.621826931,POINT (-87.62182693101 41.82736324801),C,9,2021,19:54:00
ab259145c44191ffb7e1985194e1652515c392f9d513d9083f0ec7a63fd72e7e421f2b6632c227862d0851e719a9822f65589e4675f6e13b242aa78d0a6e6321,2020-07-13 20:17:00,CLEAR,DAWN,DRY,ON SCENE,07/13/2020 09:00:00 PM,41.905786234,-87.755710582,POINT (-87.755710581983 41.905786233963),C,7,2020,20:17:00
aa103900dfe9c70ed958d30ccac9329677782679bc41c21695e4886ce417cc0ccc1dc612dbc4047c57ae09cc5107fe97df267db7b9cb93be4c26bce0e1c34128,2019-05-03 16:00:00,CLEAR,DAYLIGHT,DRY,ON SCENE,05/03/2019 06:11:00 PM,41.988634407,-87.660075623,POINT (-87.660075622954 41.988634407031),C,5,2019,16:00:00
a87b5f9653cb57e53ea8ba3fd1c1ca12439bf9e9ad043424978db3b772ac8c23b0f9321381b6f8e9ea7e36b3d267e549f54b8d959f761d8e2eb8628324ade9d4,2015-12-28 17:00:00,SNOW,DAYLIGHT,SNOW OR SLUSH,ON SCENE,12/29/2015 06:25:00 PM,41.741916078,-87.731527894,POINT (-87.731527894011 41.741916078034),C,12,2015,17:00:00
ab1491fe0a074d8148cab89c088811ee4c45f67e06b36944d435c478b73e3376789f86a2c5295e49542ac4f79509c34dbdc01bbdc08eea818751abd3d24b661b,2019-06-08 22:00:00,CLEAR,"DARKNESS, LIGHTED ROAD",DRY,ON SCENE,06/08/2019 10:02:00 PM,41.982657151,-87.807063827,POINT (-87.807063827038 41.982657151046),C,6,2019,22:00:00
a9b18f65f4293600ee20d4bb9772619f6db4eeede6c5a3543e743a976dc3cd44b2850a942c0ab65f14506f29fa26466aa5796f9b15a235956b33ae6df1bc7a97,2020-06-28 18:00:00,CLEAR,DAYLIGHT,DRY,ON SCENE,06/28/2020 06:09:00 PM,41.758380023,-87.684406352,POINT (-87.684406351993 41.758380022992),C,6,2020,18:00:00
aaa1a7427f5ad367fb9035898e7020b515908afdc624b86f064153368f98842b93fa2d6c2111ac6b88948cc16da05f60d880e0a792eb5187bd29245a9ac276fd,2019-09-04 17:30:00,CLEAR,DAYLIGHT,DRY,ON SCENE,09/04/2019 05:30:00 PM,41.767632258,-87.693251357,POINT (-87.693251357019 41.767632258031),C,9,2019,17:30:00
a935a7cba7c2b413d1cbb3488b446c2c1dd2e44b269741f2e522a68e2d8b12cb8827cf3e19ec65315d3f7fa9372cf4ba90b0639c4788b6d812867483c0f89d07,2019-11-26 11:03:00,CLEAR,DAYLIGHT,DRY,ON SCENE,11/26/2019 11:06:00 AM,41.793378954,-87.584053824,POINT (-87.584053824031 41.793378954013),C,11,2019,11:03:00
aabb1652e48d6510035d2410922173b29bee3591938b2932d6ad0678dbbfd72ef8bd235ed346c9c42ebb75aa21dfa48184f6795f50afc6c1c04c61db3f090e7e,2021-02-12 08:30:00,SNOW,DAYLIGHT,SNOW OR SLUSH,NOT ON SCENE (DESK REPORT),02/14/2021 10:15:00 AM,41.702778166,-87.627113134,POINT (-87.627113133968 41.702778166013),C,2,2021,08:30:00
a8d90c2330389ff91a5f59e35e6481c1f50db1277158d4ffe475860f5a6366cf5535ac4eabc4f4471fc153d734b9f85de71b359790fafd9a07d863896b80f875,2019-07-12 16:20:00,CLEAR,DAYLIGHT,DRY,NOT ON SCENE (DESK REPORT),07/12/2019 05:39:00 PM,41.924025937,-87.754108923,POINT (-87.754108923036 41.924025936998),C,7,2019,16:20:00
a8e6e804cee2eecbc4504458fc9466e758994b2cce87bf99a07090c03c409c53779ebe8977fddca9bf57e5f93a90b1630980e25e080d5acb84cd22a1392c9586,2022-11-16 15:45:00,SLEET/HAIL,DAYLIGHT,WET,NOT ON SCENE (DESK REPORT),11/16/2022 03:45:00 PM,41.758245505,-87.626521907,POINT (-87.626521907009 41.758245504966),C,11,2022,15:45:00
a9da6702bde49de5db14553c27fbfd6042fae83ff760d42878d2f41556c588900f396bc5496e15963dd904be33f31e73a2c755bf2c00f79e6221c7dec4f700f9,2016-03-28 21:00:00,CLEAR,"DARKNESS, LIGHTED ROAD",DRY,NOT ON SCENE (DESK REPORT),03/28/2016 10:00:00 PM,41.744151639,-87.585945067,POINT (-87.585945066953 41.744151639042),C,3,2016,21:00:00
aa2dfac2b97d63204ddb024eca73b2d16ff69a7fad786fcec4d635f23cb0f54f5147af4e0a17c648720890c86016b6000b59ec2d84a936a60d46af1ee131c931,2022-03-05 14:04:00,CLEAR,DAYLIGHT,DRY,ON SCENE,03/05/2022 03:44:00 PM,41.937075759,-87.71227195,POINT (-87.712271950026 41.937075759013),C,3,2022,14:04:00
aa4c005a96865ffb8c8d78c2e09bb7e11ed86835acfaa79066119982ac365314e39b8e7634e22211659d06e032dec5a323fd6a9e0a9dbbc84ad771ae71aac1e2,2018-08-16 17:52:00,CLEAR,DAYLIGHT,DRY,NOT ON SCENE (DESK REPORT),08/17/2018 01:30:00 PM,41.880556614,-87.637168587,POINT (-87.637168587045 41.880556614042),C,8,2018,17:52:00
abe089573f507bc1ba255aa8663a2887e846a9418c7f2d202f3050cf8905ab94e7e183ecd2a8a9bffcec346add239d2d122c4733fefb828e3a2e7b365c8a02a3,2019-11-19 01:30:00,CLEAR,"DARKNESS, LIGHTED ROAD",DRY,ON SCENE,11/19/2019 01:40:00 AM,41.977089945,-87.660033687,POINT (-87.66003368701 41.977089944963),C,11,2019,01:30:00
ad8f369679da36dd5b575870fa780991bc3afa68eb36362415862d95c60e928b27c483d4aa994fc4fe9e44349a0753c84866dc83d378bfcd8f489c0cdb297ccb,2021-10-08 19:20:00,CLEAR,"DARKNESS, LIGHTED ROAD",DRY,ON SCENE,10/08/2021 07:43:00 PM,41.758289393,-87.60307704,POINT (-87.603077039983 41.758289392995),C,10,2021,19:20:00
acdd25d651b585571c6c73d8a30ec3cc2a7ae30f107c31655c9d09764238aa4376252e05899abaf5826e7b1761cfdd34ef107e82a05af02a64b2cb16c3f96875,2018-08-02 16:30:00,CLEAR,DAYLIGHT,DRY,NOT ON SCENE (DESK REPORT),08/02/2018 04:50:00 PM,41.873544311,-87.695945646,POINT (-87.695945646023 41.873544310995),C,8,2018,16:30:00
ab3db28339608a4b04ba0fa716e8b804500d20ba6848186f1544e355fde4dfca753a12c1e876d9cb79237161117bf453d3cb3562ee098f789c803e877ec96cd4,2020-06-08 12:30:00,CLEAR,DAYLIGHT,DRY,NOT ON SCENE (DESK REPORT),06/08/2020 03:50:00 PM,41.929134981,-87.773612542,POINT (-87.773612541979 41.929134981013),C,6,2020,12:30:00
ac04cc269f68183d78b17b04b8d9976169d24764f1e933d21749c9b6dea906dc8f0b62f59ab51b7c4e283772943e35d94af868f875195a1ad584aeed2a921b51,2019-04-28 20:48:00,CLEAR,DUSK,DRY,ON SCENE,04/28/2019 08:51:00 PM,41.84434083,-87.711276265,POINT (-87.711276264979 41.84434082995),C,4,2019,20:48:00
ada4f081502d41f34bb4372d57de7ee99a14aefadedb597c5baf4746464b48bdd390d68b4e786a7ea3af9e190a479f78d257339b2bb9fa41b7e637fbba894365,2018-07-07 02:20:00,CLEAR,"DARKNESS, LIGHTED ROAD",DRY,ON SCENE,07/07/2018 02:30:00 AM,41.924888953,-87.700379982,POINT (-87.700379982012 41.924888953039),C,7,2018,02:20:00
ad6d10512cffac147bd9ec89d7923762592e92dd3821e7136854a956003bc47f72eba11d883eae0aeb1d40a50334b3dff4eab1f2d383a57f87b6c13f759b0a87,2018-02-28 07:10:00,CLEAR,DAYLIGHT,DRY,NOT ON SCENE (DESK REPORT),02/28/2018 07:30:00 AM,41.720332469,-87.655506404,POINT (-87.655506403979 41.720332468984),C,2,2018,07:10:00
adbab284678311b359110b9ebdcf8af6b9d418ba10e0fde2d7d7b553e89d56c75b1600423ae2f0d1cf6e066788eeed4bdf2445c136a6c392577302fa5ee08d7d,2023-02-16 23:19:00,SNOW,DARKNESS,SNOW OR SLUSH,ON SCENE,02/16/2023 11:19:00 PM,42.001343077,-87.678235747,POINT (-87.678235747037 42.001343076976),C,2,2023,23:19:00
ab4018c6e0d93659a4f1637673f7e9a12e38fc0031dcbc85f2f932d1954d9302e49229f5406067de36ee17296344c82c4d5314928deaebe90760f1b7387e1528,2020-07-02 22:42:00,CLEAR,DARKNESS,DRY,ON SCENE,07/02/2020 10:42:00 PM,41.788800392,-87.658527293,POINT (-87.65852729298 41.788800392016),C,7,2020,22:42:00
aceae27d33af337b82ee6daccbf8e6ff762cdbe40328cfd9cd3eb6981e0b2a2088dc91954c390288919ab3ac9f47ff5c6a9e1cf4e828d5c8090b775be11c9c10,2020-07-25 17:45:00,CLEAR,DAYLIGHT,DRY,NOT ON SCENE (DESK REPORT),07/25/2020 06:05:00 PM,41.857801741,-87.658812307,POINT (-87.65881230701 41.857801740993),C,7,2020,17:45:00
ad93c028fdaeb4a2984cc592be24618b1145f0bc7890fc522b95000fa7c4decb1dfd077cda4787502bcf09b5cf4b8e603aa6a3405085d45a1cc268a13a8ed8a7,2015-09-16 16:30:00,CLEAR,DAYLIGHT,DRY,NOT ON SCENE (DESK REPORT),09/16/2015 05:00:00 PM,41.883478712,-87.626080934,POINT (-87.626080933954 41.883478712048),C,9,2015,16:30:00
abbc3a279a7a332cc5575da66781f99ede64e86f142eba6da43d37f935d342c5f455d9673bc282107bf45f31ce3557334838a6398700b0905ee1025be53e015a,2019-07-05 20:15:00,CLEAR,DUSK,DRY,NOT ON SCENE (DESK REPORT),07/05/2019 09:45:00 PM,41.806189414,-87.703772851,POINT (-87.703772850981 41.806189413965),C,7,2019,20:15:00
ad8600dfe063000e24de157e708fc2eb446b89bbdc5c60d1e8ad3ec6ee1e1ebcebc742fa9517c2ef3e8708e0f4accaeacbdb9eb111bf89dafa1cef6c32a3f215,2021-08-01 04:00:00,CLEAR,DARKNESS,DRY,ON SCENE,08/01/2021 04:09:00 AM,41.710474068,-87.605685597,POINT (-87.605685596969 41.710474067985),C,8,2021,04:00:00
ab515bb70bef1bc34dc364324fd871a26643e1a1649d9b7cf9e43c0a0787628f164f5c22f95baceaa030c48b136829b123f903aecb6cbef788fc9dbcc8ca4853,2021-10-04 09:40:00,CLEAR,DAYLIGHT,WET,NOT ON SCENE (DESK REPORT),10/04/2021 10:00:00 AM,41.895807093,-87.753027355,POINT (-87.753027354955 41.895807092973),C,10,2021,09:40:00
ad3ebbe7aa7763271c939ca5f13fbf9885e0bd6705ec0ef2575006e8c66a1dd5aec3bf3807c47d8cd825c7805a4dad5fb5ba2fbdb10dc7f107dc9ba333cf7615,2017-03-03 13:40:00,CLEAR,DAYLIGHT,DRY,NOT ON SCENE (DESK REPORT),03/03/2017 02:30:00 PM,41.743527297,-87.640632683,POINT (-87.640632683016 41.743527297021),C,3,2017,13:40:00
ad107593174e3accc9a529f58f33e91e10fd50a5a90fd3071f6710677e23f6a45ee7355becae82e63aa856105fcbbf6c911b649f0d0f976bb0afdbaeddaae04e,2021-02-06 17:35:00,SNOW,"DARKNESS, LIGHTED ROAD",SNOW OR SLUSH,ON SCENE,02/06/2021 05:38:00 PM,41.858908833,-87.729904272,POINT (-87.729904271964 41.85890883299),C,2,2021,17:35:00
ad9626a8fc0095fc0e828c76ee04cfee8ada03ca9b3293181b7151228d281c7137aa444673e03a5a9e41bed65eaae3e9a5ceca035bb886dc838104e842fa49cb,2018-06-30 19:05:00,CLEAR,DAYLIGHT,DRY,ON SCENE,06/30/2018 07:06:00 PM,41.794631725,-87.632689617,POINT (-87.632689616962 41.794631724953),C,6,2018,19:05:00
ac7279172be5d36feed6279306c4e3c1cbd5267cea7ca1da5b8d40edc8fe1340f7886c7051805ce8b39fc7ae86415b544e0337685cf322c2b31bdc1c080eac0a,2022-04-08 11:50:00,RAIN,DAYLIGHT,WET,ON SCENE,04/08/2022 11:53:00 AM,41.938266954,-87.795761499,POINT (-87.795761499004 41.938266954026),C,4,2022,11:50:00
abcea75af57efa69d3c3d10ce75484ded3e7f97f24798c3265c69115168da35913e12820b8d95751e3c4d164483a05c6c73fd4a977f1d5d7ea50ee040e92838e,2021-08-11 09:45:00,RAIN,DAYLIGHT,WET,NOT ON SCENE (DESK REPORT),08/11/2021 11:55:00 AM,41.97561033,-87.711177978,POINT (-87.711177977984 41.975610330004),C,8,2021,09:45:00
ac5bd98e62444cad06d1c1f81df60f35819d3ee56dd95eedae1ea0572a6f2059c18065da2158fb4a11d8cfb50d3807870078b3ef8339f3d0759d2dd6963e48d0,2022-03-30 21:35:00,RAIN,"DARKNESS, LIGHTED ROAD",WET,ON SCENE,03/30/2022 09:37:00 PM,41.721267719,-87.584839485,POINT (-87.584839485043 41.721267718978),C,3,2022,21:35:00
adf2ebad9d0cf981064d67ec84dbe742b519c454e56391a566393a2f7eff6ca852d699046a740bae56e7380cf7b67580d7f2bdbd91ab0c47c6597ec5a5bb02dc,2022-08-05 16:30:00,CLEAR,DAYLIGHT,DRY,NOT ON SCENE (DESK REPORT),08/05/2022 08:44:00 PM,41.739799417,-87.702267353,POINT (-87.702267353044 41.739799416956),C,8,2022,16:30:00
abbb7e2947a9f94ff889d91617e2ff461f3858c9522ff2444793251ea23ff1a9e5dff20c7efd2b34397a44e9a328cc44689789f4e3323ba174ad795a5f93284a,2023-05-29 13:20:00,CLEAR,DAYLIGHT,DRY,ON SCENE,05/29/2023 01:26:00 PM,41.682973474,-87.642228468,POINT (-87.642228467961 41.682973473961),C,5,2023,13:20:00
abd8d45662cb52e0e3b4d66b5691736f4a5a82af9602ed4e136d796ef7092ff07da16565d32c450d73a7228027e27a899e22abbe133e92580392cda458f05d21,2019-06-16 18:00:00,RAIN,DUSK,WET,NOT ON SCENE (DESK REPORT),10/30/2019 07:10:00 PM,41.684000795,-87.710347761,POINT (-87.710347761044 41.684000794983),C,6,2019,18:00:00
ace8a7c964e3247bf6a2aa30e18ea5e514766c0bb752c0f10e1670d50ad3fc61b25f11d3895f1532ff6afea0927958c1d935fc2afcdb270ea6e6a828b29b325a,2022-04-27 15:23:00,CLOUDY/OVERCAST,DAYLIGHT,DRY,ON SCENE,04/27/2022 03:25:00 PM,42.011442385,-87.812770509,POINT (-87.812770509024 42.011442385036),C,4,2022,15:23:00
adda697d617538480830bc68513806830df8c736f81f79ffe79d96262db14f13537b302ecc3bb2bc109d95ecd3febdca8b9a64439cb37c0410fc3f7caa62f662,2016-02-27 08:00:00,CLEAR,DAYLIGHT,DRY,NOT ON SCENE (DESK REPORT),02/27/2016 08:30:00 AM,41.887963984,-87.619695895,POINT (-87.619695894963 41.887963984047),C,2,2016,08:00:00
acc790a378c1191e9a16a81695e0a332dd7e48663e7461c2a1db9d51f7c542df73119511740587047f193325d919adc5285d8ec9f1a9d31a6088d5b5c772be2d,2019-09-21 17:32:00,CLEAR,"DARKNESS, LIGHTED ROAD",DRY,NOT ON SCENE (DESK REPORT),09/23/2019 08:30:00 AM,41.837995213,-87.657998103,POINT (-87.657998102956 41.837995212971),C,9,2019,17:32:00
ad690801155d2d0267b23dea6ae4a384e95f2bc1ea132575904cd2490a9905508aac34d34730f2e10df6e3ab92aae47cb2c9beba8a0237eca48fc1aba1ffcaa2,2019-10-30 21:33:00,RAIN,DUSK,WET,NOT ON SCENE (DESK REPORT),10/31/2019 01:42:00 PM,41.741803599,-87.740953582,POINT (-87.740953581987 41.741803598989),C,10,2019,21:33:00
ac1d63d618d09b6a2e654aa901306f0aae605f562d1ae79dc898de831d20410e7480a8904204935903597387a0ab92d39bccef408dd26079db054e0dc17dfd7d,2015-11-15 14:00:00,CLEAR,DAYLIGHT,DRY,NOT ON SCENE (DESK REPORT),11/15/2015 02:00:00 PM,41.780390452,-87.683818193,POINT (-87.683818193019 41.780390451976),C,11,2015,14:00:00
ac0b66b33365c9e7202d49c13d59c6c8cbb5d5a597ca2cbca3c3e2aa3c3fa9be74f3a302df44d0045c5d7b0cdfe286531b31d3c40814afe7bdaf2e7519bf27a5,2019-05-14 08:00:00,CLEAR,DAYLIGHT,DRY,NOT ON SCENE (DESK REPORT),05/14/2019 08:10:00 AM,41.69178444,-87.67391383,POINT (-87.673913829974 41.691784439979),C,5,2019,08:00:00
ab4069de1c08a61dacb309f793d9010c6579763dadc5abb88a88b46a467fdbda35ad1a1aafd92c62d7d35f0d542075ffdf89be9561061c8b5c2c24c0e33b5632,2017-08-14 15:40:00,CLEAR,DAYLIGHT,DRY,ON SCENE,08/14/2017 04:10:00 PM,41.786328045,-87.705136175,POINT (-87.705136175049 41.786328044987),C,8,2017,15:40:00
ac512c506f640a91a21ec6aae5a913fc087dbf2df0681e362bdb0e5c211fbc0c9c00dcbfac4ffd81aaeeee2801a09d18957c7257eec3a273f0402cc6846a799e,2018-02-28 09:00:00,CLEAR,DAYLIGHT,DRY,NOT ON SCENE (DESK REPORT),02/28/2018 09:20:00 AM,41.984874268,-87.787555484,POINT (-87.787555484022 41.984874268025),C,2,2018,09:00:00
ac8bf55591452949cc9cf66fd6213a77b59ed43298c339e6f7df97a435bf31ecf0ea35c6e51a29fa92953df1c0edb2889718889177a1d30af0055436fdda0cf9,2021-05-15 14:00:00,RAIN,DAYLIGHT,WET,ON SCENE,05/15/2021 02:00:00 PM,41.744151639,-87.585945067,POINT (-87.585945066953 41.744151639042),C,5,2021,14:00:00
ae1d6968a97ad9715bd6f569e5c6dfba5f528d7e7a13101ee8174d59817df8a31ff0f4fb8f627bfeead7c87a7e71ac6ee748edd40be32ebf404ccc4bc9cee0ca,2018-11-26 09:30:00,CLOUDY/OVERCAST,DAYLIGHT,SNOW OR SLUSH,NOT ON SCENE (DESK REPORT),11/26/2018 10:53:00 AM,41.898201888,-87.711669683,POINT (-87.711669682966 41.89820188801),C,11,2018,09:30:00
ac8e66f32cd1258b18a361ff25998968952a29fb67d5ff2d2234a00e4f1ffed36ec1f1d65b49ca40659b9cbee60b7e39cde0c98489507a88b9b2e6a7331ec1fb,2023-07-22 01:00:00,CLEAR,UNKNOWN,UNKNOWN,NOT ON SCENE (DESK REPORT),07/23/2023 09:00:00 AM,41.874738518,-87.749356543,POINT (-87.749356543031 41.874738517966),C,7,2023,01:00:00
ab9a1f7cf6002aa314064bdb2340dfea71d7650cc60652f2c4c7acce7d5d1be791750fa685ae8f6eb04d7fae30836037de293225c25318b8266ed3a76f71c6cf,2023-03-22 16:20:00,RAIN,DAYLIGHT,DRY,NOT ON SCENE (DESK REPORT),03/22/2023 04:49:00 PM,0.0,0.0,POINT (0 0),C,3,2023,16:20:00
ad81c7dc778b56063b07ee5eb3bf1357396de4c1b28ab0f8cc845b91361b059dafa99a9fe6142fb25a476abdd0f4eed385b67650be036c21d8f7983a2f41a4e0,2018-11-16 18:30:00,CLEAR,"DARKNESS, LIGHTED ROAD",DRY,ON SCENE,11/16/2018 06:33:00 PM,41.794090446,-87.630527331,POINT (-87.630527331008 41.794090445987),C,11,2018,18:30:00
ae126bc31d15ae03187626eae0bc359e9f9c831917402d1b3757aecd4cb43f0b485c81ffda954a07b8b9c880238d4f0b1706ab373ecc673b029c5a62598a20ee,2021-08-08 15:15:00,CLEAR,DAYLIGHT,DRY,NOT ON SCENE (DESK REPORT),08/08/2021 04:10:00 PM,41.786192939,-87.701055579,POINT (-87.70105557902 41.786192938996),C,8,2021,15:15:00
abc863991ef02b0718b9ffca818b854e259b925749c60a726797460e96fbc23987ba35a45f583091535a48585348502e0bfe6a86e07487c48828764510e69f35,2023-05-26 19:30:00,CLEAR,"DARKNESS, LIGHTED ROAD",DRY,NOT ON SCENE (DESK REPORT),05/26/2023 08:15:00 PM,41.906403365,-87.687263796,POINT (-87.687263796036 41.906403364976),C,5,2023,19:30:00
ac1ae6bef6f44fd6dc38727c32a4a654d0220e2e3cb4d023e15feb946ac27847d5e4e77565a698f03ea25263d5690ead8a23bef78e42d3b8673cb908976de66a,2022-07-07 07:47:00,CLEAR,DAYLIGHT,DRY,ON SCENE,07/07/2022 07:53:00 AM,41.860260262,-87.623841742,POINT (-87.623841742029 41.860260261961),C,7,2022,07:47:00
ac30a6cc8aae0ca65fd3d7ca1afeea07e38f13df45df8f5c7d59365231fa0c006393efdd42b959c5b3c81e846f71e77a348f1c914b4bdb4fd0d52c735fff41fb,2021-08-14 17:00:00,CLEAR,DAYLIGHT,DRY,ON SCENE,08/14/2021 05:19:00 PM,41.866501191,-87.686157599,POINT (-87.686157599021 41.866501191036),C,8,2021,17:00:00
abc1ace01da8b9092afac8cb0bf65edbbcfc652bcf22456c502aab1c849ec275e316fc7435807f3354fb1680bbbc7e1b227a5fc8eb05b77752488fcb2781f629,2023-05-20 17:00:00,CLEAR,DAYLIGHT,DRY,NOT ON SCENE (DESK REPORT),05/22/2023 01:30:00 PM,41.705916515,-87.594129048,POINT (-87.59412904802 41.705916515013),C,5,2023,17:00:00
ae0a14423f8b4dbee740b762e5f5faddd0e664383e9c98ea314ffe2a7a92aea6550c0134adfa5a51af9ed2f39a4149e36455cf6f7fd44c86dfeea20d53b3c577,2016-07-10 14:00:00,UNKNOWN,UNKNOWN,UNKNOWN,NOT ON SCENE (DESK REPORT),07/10/2016 08:40:00 PM,41.745014578,-87.737713629,POINT (-87.737713629031 41.745014578023),C,7,2016,14:00:00
ad7fb5dda7c9da7f125d2ba5a44520406ba477762b305dd748f388280b4b1b6333bad92af1e78c187c58cbe7bd782a6961ed5977dee48cc4f336ac0f1b99a3cd,2018-01-23 16:40:00,CLEAR,DAYLIGHT,DRY,NOT ON SCENE (DESK REPORT),01/29/2018 04:36:00 PM,41.874366822,-87.634508236,POINT (-87.634508235979 41.87436682198),C,1,2018,16:40:00
ad9fb4d25372ae055ec80a9b1beea0597263bd144326ec5a246735ba4ef12063d9941127bf518656912484a79483e482c344dd35d7f5419beb30fa434feb88cf,2020-08-04 06:10:00,CLEAR,DAYLIGHT,DRY,ON SCENE,08/04/2020 06:15:00 AM,41.96222563,-87.709651322,POINT (-87.709651321988 41.962225630025),C,8,2020,06:10:00
ad941f2d82dfc5e665a999785fc03557faa3740430dafa8dc59ef9e84f7e81be0da51fd3ffa657605c0d5b260fe7097ea7748da326cea11de60eafcc22c1e566,2017-02-14 05:00:00,CLEAR,"DARKNESS, LIGHTED ROAD",DRY,NOT ON SCENE (DESK REPORT),02/14/2017 09:05:00 AM,41.974395501,-87.778353546,POINT (-87.778353546019 41.974395501041),C,2,2017,05:00:00
ac486bf014059ca070fe5743f828b1fd9eea1e15542f12ed69e48bcfb2d067fc9b1b335fea7be5ce3765ab87ecbf6667b4e1b88ff1e012bd5d8bb7c1590a4cb3,2020-06-23 21:30:00,CLEAR,DAYLIGHT,DRY,NOT ON SCENE (DESK REPORT),06/27/2020 06:35:00 PM,41.682259422,-87.645276448,POINT (-87.645276447983 41.682259422007),C,6,2020,21:30:00
ad0d2c061a47f4f6e0a135195ad9bf53ac1231d01cbedb5985d9f7e1ab2c19dff624ff7c6450208f8f5e1ac7a58145c9f313b29e0b32015d5968a430a2c51202,2022-11-29 16:20:00,CLEAR,DUSK,DRY,NOT ON SCENE (DESK REPORT),11/29/2022 05:35:00 PM,41.866777061,-87.696059341,POINT (-87.696059340993 41.866777061004),C,11,2022,16:20:00
ad48c01eef2998302ddbafff85344cb666a929519792a3fb7af2ab0058e9a16a9e3d74857e027136d8e2977bff5208ae71aab0d8929e72a28460a286d511aafe,2022-09-14 19:00:00,CLEAR,"DARKNESS, LIGHTED ROAD",DRY,NOT ON SCENE (DESK REPORT),09/15/2022 05:30:00 PM,41.896748808,-87.767952908,POINT (-87.767952908015 41.896748808043),C,9,2022,19:00:00
ad6dc70b5112b23f345c2cb3bf2c3625de97e75af82b455a5eb5af9c70795c6607d51bfa71d72e05995d1ce2288c854c1429671a9f9f0c397412b12599e86784,2019-03-18 17:35:00,CLEAR,DAYLIGHT,DRY,ON SCENE,03/18/2019 05:38:00 PM,41.975737254,-87.695076537,POINT (-87.695076537021 41.97573725404),C,3,2019,17:35:00
ab98216caef5088d0ac608c74be64ec98016ab596bc851bb3e1ffa21b66649a817e7d875bdbeedebc424132c158b6765a3698aa23e99fb5e1ce5c07c588063fe,2019-12-08 19:48:00,CLEAR,"DARKNESS, LIGHTED ROAD",DRY,ON SCENE,12/08/2019 08:49:00 PM,41.909294322,-87.763395828,POINT (-87.763395828035 41.909294321981),C,12,2019,19:48:00
ab573d1b299c169782a4949d6f838a0404cb94fc640fa347a99edf65c38b0ac49987bbc20ef9dd745c554a792c231d70a54ae77b862fc56430da6fe5e2fc0190,2017-07-01 16:53:00,CLEAR,DAYLIGHT,DRY,NOT ON SCENE (DESK REPORT),07/01/2017 05:49:00 PM,41.741803599,-87.740953582,POINT (-87.740953581987 41.741803598989),C,7,2017,16:53:00
acc4262fab9407b82f2c02fe8a3807c844c74c806477c20e75014ef30e1de854026d59292ae428b7ebf2a4ef741f46b23d369c9d95e10b5fd1525e406e69134f,2019-11-10 03:15:00,CLEAR,"DARKNESS, LIGHTED ROAD",DRY,NOT ON SCENE (DESK REPORT),11/10/2019 03:15:00 AM,41.968343874,-87.740309686,POINT (-87.740309686003 41.968343873979),C,11,2019,03:15:00
acdba854df264d7f6c57d230fba1293dbb382e022bcccc5853c343212630ef7d93210f21ae7d369bb365952816ec34dc93fbc429c65e33b1880116a74d949047,2018-09-10 17:50:00,CLEAR,DAYLIGHT,DRY,NOT ON SCENE (DESK REPORT),09/14/2018 09:49:00 AM,41.929775123,-87.732945186,POINT (-87.732945186048 41.929775123034),C,9,2018,17:50:00
acbb0bf6b4d7318fe3ba1101cef452cd1f4c0acc88255a45acde59f65f535578be97ea29bf936790b33d8f41c6e24d30ab7f9ac74d2026ad1e86240246cb6361,2019-09-09 16:17:00,CLEAR,DAYLIGHT,DRY,ON SCENE,09/09/2019 04:25:00 PM,42.015901674,-87.669442135,POINT (-87.669442135045 42.015901673999),C,9,2019,16:17:00