CRASH_RECORD_ID,CRASH_DATE,WEATHER_CONDITION,LIGHTING_CONDITION,ROADWAY_SURFACE_COND,REPORT_TYPE,DATE_POLICE_NOTIFIED,LATITUDE,LONGITUDE,LOCATION,CRASH_TYPE,CRASH_MONTH,CRASH_YEAR,CRASH_TIME
ab4243e2a47e3f8ba0b38a88594718c036a03f2cc5011dbcf9af462c8016242c837ff880014c4e56d43298074e1308de57b279b1e792fc1fe03598166d398c10,2022-11-18 20:03:00,CLEAR,"DARKNESS, LIGHTED ROAD",DRY,ON SCENE,11/18/2022 08:04:00 PM,41.749362768,-87.605332981,POINT (-87.605332981011 41.749362768013),C,11,2022,20:03:00
ab3e3e6d0575cabfde1e22471b242c1b2f4e088f115fa5e5e14f4b6f1f2f8e3ade203eb430ea4492236b14a2199a717588aca29dd24baf83b6e281cf93441c93,2021-06-17 16:39:00,CLEAR,DAYLIGHT,DRY,ON SCENE,06/17/2021 04:51:00 PM,41.787199151,-87.641236622,POINT (-87.641236621967 41.787199150968),C,6,2021,16:39:00
ac50c95436864c4b2e5454448e938be596adb79d087dbde64b68d5bd78646f1135651054f0ca184d88e5a1b9441c77706560c12dec559f98a2449d41c94d7a62,2020-09-19 14:04:00,CLEAR,DAYLIGHT,DRY,NOT ON SCENE (DESK REPORT),09/19/2020 03:00:00 PM,41.80136481,-87.669793668,POINT (-87.669793667978 41.801364809976),C,9,2020,14:04:00
adc7d057be56d1af9311b888aa8feddfb17b37eece3257ae896e8d72d14f51837a3a190de5ff803ee08a2f450543185d677de832bf705745a7035f04162f8998,2019-02-10 16:10:00,SNOW,DAYLIGHT,SNOW OR SLUSH,NOT ON SCENE (DESK REPORT),02/11/2019 07:39:00 PM,41.98354261,-87.658429145,POINT (-87.658429145025 41.983542609998),C,2,2019,16:10:00
adbaacdd95f08be658fc7e593f2befdc70891915f7648e40e5912287d907a96335058be07ac53c748c177584779cc2edbe6eca0e0db14ed9ccdf4e9b9ab64ec5,2022-10-25 15:50:00,RAIN,"DARKNESS, LIGHTED ROAD",WET,ON SCENE,10/25/2022 03:50:00 PM,41.862908014,-87.646646126,POINT (-87.646646125951 41.862908013953),C,10,2022,15:50:00
ab7ca49797d858838fc98b738a126d528e4658d389301bcd1bb1eedbacc9f533cc035b8999e95b14563f73fb70776beae150ec9bbd7800f5222610f4ffceda92,2016-09-05 22:03:00,CLEAR,"DARKNESS, LIGHTED ROAD",DRY,NOT ON SCENE (DESK REPORT),09/05/2016 10:45:00 PM,41.777046576,-87.640942492,POINT (-87.640942491964 41.777046575959),C,9,2016,22:03:00
abab72d8968f471fa7725330939613c9a6f65f85af35cd7020aa6195cc9970933868406503d03eb0eb5e9bf64abdc5964e2dfd033794054b74a94ea46b25d27e,2017-02-07 17:15:00,CLEAR,"DARKNESS, LIGHTED ROAD",DRY,NOT ON SCENE (DESK REPORT),02/07/2017 06:00:00 PM,41.755967643,-87.671012502,POINT (-87.671012502003 41.755967643002),C,2,2017,17:15:00
ab911ad1c2315303b1d46fd500c2732c99ea24de5edb19b2ca878ea280bb3fa4a2a5fbcc787db91d24af05aaa666b9ec4d25bc2517e8fbd8cdbec7754c9cea1d,2019-07-29 18:15:00,CLEAR,DAYLIGHT,WET,NOT ON SCENE (DESK REPORT),07/29/2019 06:34:00 PM,41.784385694,-87.740065946,POINT (-87.740065945952 41.784385693962),C,7,2019,18:15:00
ac573e7b485bd5ac12d98fdf78d2241a8a52094305c47ea6b9d1d37b11cba7869f9ac778ee2aa92d287def01a41862c9566542c514de70edbf431a9d8beb6b89,2023-05-27 14:30:00,CLEAR,DAYLIGHT,DRY,NOT ON SCENE (DESK REPORT),06/02/2023 05:05:00 PM,41.854120263,-87.665902343,POINT (-87.665902342962 41.854120262952),C,5,2023,14:30:00
ab48508cc475a9f492323402b36d1cb971efb1ffc7e218c54c4cbddc8120f975b78bce3ebfb70ba25319f624fc8404c85c21fe1e08c043273f9e6539ee824cb9,2017-07-29 10:30:00,CLEAR,DAYLIGHT,DRY,ON SCENE,07/29/2017 10:32:00 AM,41.927895404,-87.668388154,POINT (-87.668388154045 41.927895404027),C,7,2017,10:30:00
abad64ae8ca2e4bce27af596a20394440900dc2c276d46b848c4ad03b80f24590a64e99e0f4e9ded3ca14bbeadbb37fae0d67186645184ff64ad91ce42de16fe,2020-11-30 18:00:00,CLEAR,"DARKNESS, LIGHTED ROAD",DRY,ON SCENE,11/30/2020 06:10:00 PM,41.869780623,-87.640655493,POINT (-87.640655493049 41.869780622992),C,11,2020,18:00:00
ad12badef9fa7c0a598b9817cd69767cb79384abf8c1efb885b334616760a7b85f505cf8a7d326f39b6aaf4ff342b05733641f671085c45ce3d3081a5de819e0,2018-08-25 09:24:00,CLOUDY/OVERCAST,DAYLIGHT,DRY,ON SCENE,08/25/2018 09:29:00 AM,41.864124324,-87.666463607,POINT (-87.66646360701 41.864124323954),C,8,2018,09:24:00
ace5639fd91caf7b387a950ac00918c4c02c4d86e483778844b7e281ca946d2e2d2d2803dcc2f08c0124cb236e854f007fdd58bf393c072e188f93686437290b,2021-05-15 22:00:00,CLEAR,DUSK,DRY,NOT ON SCENE (DESK REPORT),05/15/2021 10:30:00 PM,41.750388107,-87.669438517,POINT (-87.669438516967 41.750388106952),C,5,2021,22:00:00
acd85a6b1e99357223b70f41cb90db7a15c2a4f39858c0d685baac7158cde07b4069ccf28cd4528ee6f8ce331406c318e729b63f285d3dc480d7b8a33a2f229b,2021-11-16 10:00:00,CLEAR,DAYLIGHT,DRY,ON SCENE,11/16/2021 10:30:00 AM,41.825136168,-87.651679664,POINT (-87.651679664008 41.825136167987),C,11,2021,10:00:00
aba90651a57991821b945172f45b03445b08de9739dc9802a186ecfbd9d210853dd3be1259d228573a1becb6e9a1b6805f5f421e451965d3faf5cf710d18f226,2019-06-12 22:23:00,RAIN,"DARKNESS, LIGHTED ROAD",WET,ON SCENE,06/12/2019 10:23:00 PM,41.937110901,-87.746940173,POINT (-87.746940173048 41.937110901019),C,6,2019,22:23:00
abb0c11607b93a875633cbe170c283b19917e97cafae5ccaee286b3ca11dacd27ed687eeb2663494080cff8b07d4345e3a72df6ecd96d6a216030680b69c587a,2022-02-20 10:27:00,CLEAR,DAYLIGHT,DRY,ON SCENE,02/20/2022 10:27:00 AM,41.930775066,-87.795400106,POINT (-87.795400105985 41.930775066023),C,2,2022,10:27:00
ad6608f46dc4a809233cec8603e224a445a5d5570a7edec54b95cbfc305337471a521380afd85d591e0e73b0546d669130a25506f60e12bbd72b448f9a65d100,2018-12-17 12:30:00,CLEAR,DAYLIGHT,DRY,ON SCENE,12/17/2018 12:55:00 PM,41.721551815,-87.628434273,POINT (-87.628434273034 41.721551815038),C,12,2018,12:30:00
abd5ab591a44d73696bc0eceb6634c95b334a8f140ef8638b86d81a3d2a9f1a1a2d0401092c6132c42a7072dfd1f39d625193e74f9defb93ace648807f4bfa46,2022-05-13 12:30:00,CLEAR,DAYLIGHT,DRY,NOT ON SCENE (DESK REPORT),05/13/2022 12:50:00 PM,41.97600184,-87.689092635,POINT (-87.689092634969 41.97600183997),C,5,2022,12:30:00
abc09298b4e3811398f18644fce0fb02a82469246da117c2487f37192c494ad821002958c1332e93caaa8b20332fdfbb54421d6965c20a5fafe9f4f4e1bd9fa9,2022-01-20 15:30:00,CLEAR,DAYLIGHT,DRY,ON SCENE,01/20/2022 03:31:00 PM,41.765152567,-87.654935255,POINT (-87.654935254989 41.765152567011),C,1,2022,15:30:00
ab46a8cf0367338fce7185d5be2912d88159dd5a9c36b0b48d5199dbc3cc22a3f6221217cd3d1f4d044e4dba40fd113735ea82eb060535bba5bcd02d893af723,2018-05-18 14:37:00,CLEAR,DAYLIGHT,DRY,ON SCENE,05/18/2018 03:13:00 PM,41.830728826,-87.655813252,POINT (-87.655813252029 41.830728825995),C,5,2018,14:37:00
ac1ab58cd6fbd014607a352dfc2670c8019d7e42e0f2f0c6469febac5c413b9c6295a79a556077d6530f6a799e6a77ed20f88c01ddd3871f6fc7bda92f3717e5,2017-12-05 16:45:00,CLEAR,UNKNOWN,DRY,NOT ON SCENE (DESK REPORT),12/06/2017 08:20:00 AM,41.964572406,-87.673916359,POINT (-87.673916358977 41.964572406016),C,12,2017,16:45:00
ac555dd024e98f88769b8662c832a0926658445dad52c2da6c134fda7050227dec13980b783914676fd932f5fe2bd9302e81845b169a83a7ddb82ef34614f99e,2018-11-20 15:43:00,CLEAR,DAYLIGHT,DRY,ON SCENE,11/20/2018 03:45:00 PM,41.908996544,-87.804119441,POINT (-87.804119441014 41.908996543981),C,11,2018,15:43:00
adfc99cfe1f25c554e23bf81f40bc20003aa4f9d4ac59bbc21cc47d3fe007dceb0b85a2c4f23779ff0e8d95887108aee4f22a3b4068735be45f180c6413f09ac,2022-02-18 07:30:00,CLEAR,DAYLIGHT,ICE,NOT ON SCENE (DESK REPORT),02/18/2022 12:00:00 PM,41.796698503,-87.723407562,POINT (-87.723407561962 41.796698503006),C,2,2022,07:30:00
ab7e44a50c1dff92ec747d95d6195f39a2f4ce4ef6e9e99897e959be954d7762f00b814ab57c1c57fdf37ba212a4971f86a70d285b89e71cb0c00d32cea64dd9,2021-01-25 11:52:00,CLEAR,DAYLIGHT,DRY,ON SCENE,01/25/2021 12:13:00 PM,41.787298999,-87.683999809,POINT (-87.683999808977 41.787298999005),C,1,2021,11:52:00
ab6c15831ce80c8c485222e17dbb7696cd46178cc87cf1f1ce26fbe79a06d9b7ca1df11e07d2fda7e16ccf8d16d668b1979d6515f2322e890485370922e96649,2021-11-07 13:00:00,CLEAR,DAYLIGHT,DRY,NOT ON SCENE (DESK REPORT),11/07/2021 01:15:00 PM,41.88586071,-87.62816357,POINT (-87.628163569988 41.88586071002),C,11,2021,13:00:00
ac9d278d71b92c9648ccb2ab58b203b6d1141bfd952e56f3911b79c1ffe2805177130768bcda210c20d65841e57e1bc22e8795ffd5f5bd67c649b87c52bb7df2,2021-09-01 16:10:00,CLEAR,DAYLIGHT,DRY,NOT ON SCENE (DESK REPORT),09/01/2021 04:10:00 PM,41.794189876,-87.622600564,POINT (-87.622600563979 41.794189876043),C,9,2021,16:10:00
b0197c592ad4c012a0ad205fe5c88bd34997b470aad1014e0d0f083a779894dd09dd42e2b22fd3fb4c350b44f2b0f48818ba7579cd72c7f1a95025ee1c9468ea,2020-03-07 19:00:00,CLEAR,DARKNESS,DRY,NOT ON SCENE (DESK REPORT),03/08/2020 12:15:00 PM,41.785387445,-87.606183761,POINT (-87.606183761008 41.785387444959),C,3,2020,19:00:00
af771e32e604bec69573356ac6fa862d1ee9d5f376059a8f71662e3287a3d7fb1627bf223879210ea2fd65ca9a0741f03bece6734e667fa98988c6a49b4c9485,2019-12-23 19:55:00,CLEAR,DAWN,DRY,NOT ON SCENE (DESK REPORT),12/23/2019 08:40:00 PM,41.711436309,-87.67950079,POINT (-87.679500790003 41.711436309005),C,12,2019,19:55:00
ae8761f32552e0ab90b10b8e0ea2a1089599d5afdf4d181cbb539c4085aec12665dec8631b57bc267cc33968ab0e0145e9cacf6ff230abb08e7745b3509617d3,2017-01-22 17:50:00,CLEAR,"DARKNESS, LIGHTED ROAD",DRY,ON SCENE,01/22/2017 05:52:00 PM,41.762174118,-87.558927464,POINT (-87.558927463962 41.762174118016),C,1,2017,17:50:00
aea3e38d836afe50047d8cf4aa3356bf8586900fc5e87e99a10c342ae300fd556f7f8a0d6c616aca31aa57528f864250cd8668c3534ec06fa85cb96abdb7eb57,2020-08-10 18:40:00,RAIN,DAYLIGHT,WET,ON SCENE,08/10/2020 06:42:00 PM,41.845192357,-87.695374559,POINT (-87.695374558963 41.845192356971),C,8,2020,18:40:00
afeed69ceb6a5693cf7b63e9e1954d52cc6179afda0180dd7ca05e12a5915c5fbc2e34279f05f183101aaaac75328bdc43001ef3e8bfa7e31b8f271415a5dbac,2019-01-18 15:00:00,CLEAR,DAYLIGHT,DRY,NOT ON SCENE (DESK REPORT),01/18/2019 03:48:00 PM,41.895953607,-87.667900066,POINT (-87.667900065976 41.895953607031),C,1,2019,15:00:00
aecf0316fdcbc6a408fc3d69f21d46d6bee1b4f08c6eb66c0e5d75ab94dafe3cd30ac8961849609461bf29bdcbb7155798cbc1c8110a1edd3af060a363f569b2,2022-08-18 12:40:00,CLEAR,DAYLIGHT,DRY,ON SCENE,08/18/2022 12:48:00 PM,41.75035382,-87.670562079,POINT (-87.670562079001 41.750353820041),C,8,2022,12:40:00
afb7b548f525fcb187ad678b5c8e136a1aa1a6f8bd0e20760e6ab910c3defad7ae355dcb68b11f3908a9778c88d110f6f3f609d3677efaa5d9fd66afb8b072fb,2022-12-06 10:15:00,CLEAR,DAYLIGHT,DRY,ON SCENE,12/06/2022 11:02:00 AM,41.698550479,-87.715869272,POINT (-87.715869272011 41.698550478966),C,12,2022,10:15:00
b0c49c01e17b0e29a6384fc35ca5c59859b91fdca63334b6299a57adf4771cd68e778df7a514245386741c8b938862eeace168dc06c96b0da367654d52bd96d7,2022-10-25 08:00:00,RAIN,DAYLIGHT,WET,NOT ON SCENE (DESK REPORT),10/25/2022 10:42:00 AM,41.902815701,-87.717648644,POINT (-87.717648643968 41.902815700998),C,10,2022,08:00:00
af37ecf47b79cea768ca846bd55f1ee82f2b594fbb593906f29d964a30b70f5b6c049048e06bd0ff64e4a84b19923b7fea8ac482e8c5c781bc0a47b4f1d3d04d,2015-11-27 07:20:00,RAIN,"DARKNESS, LIGHTED ROAD",WET,NOT ON SCENE (DESK REPORT),11/27/2015 07:34:00 AM,41.768954973,-87.686886001,POINT (-87.686886001013 41.768954972991),C,11,2015,07:20:00
aff045ec6971b5b2b37577fc47c110bf3a54fd6f0e2338dc8ea12d611ce40d89286a7e49ae13a960192b428130cfed004ce65c9a99e32c862bdbe9ef0b43aac3,2019-09-13 15:55:00,CLEAR,DAYLIGHT,DRY,ON SCENE,09/13/2019 04:05:00 PM,41.741753759,-87.638153413,POINT (-87.638153412958 41.741753758969),C,9,2019,15:55:00
ae6641a84f9bf87f75e1ddc9319d5888572ed238f8adb69e302bf8f60543a66d4330851e5a09f38542517402e4c1b03da59ba21c158d996713de8bab19c25d64,2020-08-04 12:05:00,CLEAR,DAYLIGHT,DRY,ON SCENE,08/04/2020 12:10:00 PM,41.909091248,-87.66131723,POINT (-87.661317230018 41.909091248043),C,8,2020,12:05:00
af82d86722b53861ada7ba9fe2ca42f6a6f2065fb2f4a6b06de79d0839e260170cca6aca417a5c9dcb1b0fc5c40925c0bc7a8cca3bf34294f60de45196fe81f1,2018-06-18 12:45:00,CLEAR,DAYLIGHT,DRY,ON SCENE,06/18/2018 12:52:00 PM,41.761155914,-87.665999967,POINT (-87.665999967003 41.761155914036),C,6,2018,12:45:00
afef5249b973e0152adcdcf38202dd2f2b2083ce35547d80f89045a78c7bd2c46ebfb59ef2042bc03eba03bbfc21f02fb5da6c0f6074d0adc969d6e2a4c93ba7,2018-06-20 09:50:00,CLEAR,DAYLIGHT,WET,ON SCENE,06/20/2018 09:51:00 AM,41.896987358,-87.673689437,POINT (-87.673689437032 41.896987358038),C,6,2018,09:50:00
b0a1339b9e0704ab3f4d667a9b62579a1615961cd1c922be42d6479662b214ffd191e6003cf0a032a86c24ed524d7c9f05d90fe83620b48967ac8f2eaa7b8a52,2023-07-23 19:50:00,UNKNOWN,UNKNOWN,UNKNOWN,NOT ON SCENE (DESK REPORT),07/24/2023 09:13:00 AM,41.859402636,-87.645006896,POINT (-87.645006896011 41.859402635956),C,7,2023,19:50:00
aea6f59b841641798bbe7937176444793898fb61ee922481bd78d6e4ba608e5670da3a6f33ffcb1952e422e909762ba8247a850c8f7bbbab08583a59f1b6ccbd,2023-01-05 13:25:00,CLEAR,DAYLIGHT,DRY,NOT ON SCENE (DESK REPORT),01/05/2023 01:40:00 PM,41.6621277,-87.64148984,POINT (-87.641489840003 41.662127699955),C,1,2023,13:25:00
b07ccf8d33ccae83305465e8874e8cb3ce90cf4d1894f0c3dc9873f5a0a3149505bd0d5683b7f9b6b686a4900a3dc4430b5ac5d030062d2fe77b07ae7b748f3d,2017-12-25 12:30:00,SNOW,DAYLIGHT,SNOW OR SLUSH,NOT ON SCENE (DESK REPORT),12/25/2017 01:00:00 PM,41.735751901,-87.659561832,POINT (-87.65956183196 41.735751900992),C,12,2017,12:30:00
aef78964898d4999a6ddf637e465c7e5a0cc66ce2d361a4e84b4e291da0783c74c79b8eeef71a657e8230d03c7b594a061ad3a102805f4a35dc643f487985d77,2017-09-11 08:15:00,CLEAR,DAYLIGHT,DRY,NOT ON SCENE (DESK REPORT),09/12/2017 11:30:00 AM,41.974645684,-87.659970179,POINT (-87.659970178971 41.974645683985),C,9,2017,08:15:00
aefcfcc67bd2a7d1cf7661055f5b03bf2f12b7dacc8737f5d56e1b73256325249681e2b47b1a0c4c28c1705b1440cc320a3011ed2eb7bca17d7d8c96be58b21a,2017-06-08 16:50:00,CLEAR,DAYLIGHT,DRY,NOT ON SCENE (DESK REPORT),06/08/2017 05:49:00 PM,41.880660067,-87.740728133,POINT (-87.740728133013 41.880660066981),C,6,2017,16:50:00
aec5793c5e62030eb5380815f0244fff61d4ff40b5ecdb5f799924fa61622eba688d5470d76dbfe41117b987338854b01cd78f152c0eacf76c51e7dce7c59674,2020-02-26 00:10:00,SNOW,"DARKNESS, LIGHTED ROAD",SNOW OR SLUSH,ON SCENE,02/26/2020 12:20:00 AM,41.735733511,-87.721498188,POINT (-87.721498188022 41.73573351095),C,2,2020,00:10:00
af725739257f81fdc225bb5e1d4a3b801f4f8f887a816bbac89e361a05d4b5424540bdae1a867448905029ac84ba823737a48cd80aa06b8cb423a633178a4978,2021-05-26 12:00:00,CLEAR,DAYLIGHT,DRY,ON SCENE,05/26/2021 12:05:00 PM,41.910899808,-87.626150711,POINT (-87.626150710962 41.910899808009),C,5,2021,12:00:00
afd3564da6a96c49915cfce1fc04c601005c1e4de36bd7f4f2645248bcd7917413380a9c32b9260679ffb6563e4ea480b8942ff8ce1a5cb17fb7924bde8d1a71,2019-12-24 12:45:00,CLEAR,DAYLIGHT,DRY,NOT ON SCENE (DESK REPORT),12/24/2019 01:27:00 PM,41.749903242,-87.707348392,POINT (-87.707348392008 41.749903241984),C,12,2019,12:45:00
aed1cf4304868f330c97873eafe9142d925df101b097d802fb4e76109021b85fcabc4c1b2ad139e93ab3ee10ef9595cf98d846a493a74901636e18f81ebf2a3c,2019-05-26 12:50:00,CLEAR,DAYLIGHT,DRY,ON SCENE,05/26/2019 01:05:00 PM,41.894228849,-87.625384759,POINT (-87.625384758996 41.894228848999),C,5,2019,12:50:00
b02dac5d62195a361b8b25e96a4ad7a700b3d3ba22624bf0196207343c5362e35228e0d9d115acde6d781868637ba64d06d1f508754962e55a4914ecd036f918,2018-08-03 07:50:00,CLEAR,DAYLIGHT,DRY,ON SCENE,08/03/2018 07:57:00 AM,41.907076513,-87.684844391,POINT (-87.684844391026 41.907076513009),C,8,2018,07:50:00
ae45a33b30f0139a70924078d608058a7754964a0b0c71d8eef18927d311df70bed17783823e13ded5e8b1d2a70cecfce7f844af0de30314f9e5b5741626569b,2021-11-02 17:18:00,CLEAR,"DARKNESS, LIGHTED ROAD",DRY,ON SCENE,11/02/2021 05:25:00 PM,41.974645684,-87.659970179,POINT (-87.659970178971 41.974645683985),C,11,2021,17:18:00
af43cbe84c810a4e4d4dfcad1fa69c31625ce0e9999b49d351249b7a0853ae97d4ce19beedb115b94bb87151d2848c7ab806c276a1b6d68726a7c45ad706814a,2022-05-16 09:00:00,CLEAR,DAYLIGHT,DRY,NOT ON SCENE (DESK REPORT),05/16/2022 11:30:00 AM,41.921473642,-87.679606522,POINT (-87.679606521997 41.921473641976),C,5,2022,09:00:00
afc56734482c5571d8c7fccf928b52937de31326e5ebe4b835a9fc0a3c59eda0c6ead37b7b9e2f3d54994813f436500abedce8309e106d4eef14da97160c5670,2018-02-27 17:28:00,CLEAR,DARKNESS,DRY,ON SCENE,02/27/2018 05:45:00 PM,41.948659454,-87.766996881,POINT (-87.766996881028 41.948659454018),C,2,2018,17:28:00
b0b3190f94fc2ddbd1a8f6aa60cc2e80b851c52d9e0aa4a9d72845cb0964d18dfc56263e247a47c863257f70c2b183f32f8f038b3c112eaec9b817105c0cb0cb,2023-05-15 09:06:00,CLEAR,DAYLIGHT,DRY,ON SCENE,05/15/2023 09:06:00 AM,41.785387445,-87.606183761,POINT (-87.606183761008 41.785387444959),C,5,2023,09:06:00
ae2905b57046aeb09a74391fe715c1718eaad578553543419cdfb19d0be37c207e318784d969341ab7d1ccc146c8c7bc3bd338175f8997c830b636d0e9b7913e,2020-10-02 17:50:00,CLEAR,"DARKNESS, LIGHTED ROAD",DRY,NOT ON SCENE (DESK REPORT),10/02/2020 06:30:00 PM,42.012582905,-87.663488208,POINT (-87.663488207977 42.012582905034),C,10,2020,17:50:00
af6bf9c0f4833cca00b0ef963b62baa8595f5fa0ba7b6980ffe0be42d63eee70ce114aa743e29a2f9f0261a30daa5e820dd91776b471bdd51805bf5031cd96f3,2019-03-02 02:16:00,CLEAR,"DARKNESS, LIGHTED ROAD",DRY,ON SCENE,03/02/2019 02:16:00 AM,41.77994916,-87.63919374,POINT (-87.639193740007 41.779949160046),C,3,2019,02:16:00
aef1e8025f82281c7e3c1048d24e933160d5db83f0b595f43119f7d171cd69a5f41686d9522fd1d597fd2eeeb891c5a3dcc6ffc5a87bd964adb1a7649209b232,2017-10-29 16:50:00,CLEAR,DAYLIGHT,DRY,NOT ON SCENE (DESK REPORT),10/30/2017 11:32:00 AM,41.986386988,-87.706212393,POINT (-87.706212392969 41.986386988041),C,10,2017,16:50:00
af6c64aa017fc2b0f32182c9491f49541aa5421da7c7ceb94ceac3bbed18010be19e9e5f385ce4ab77ee1596696cd0f2da8f04dfaf4403f19b7fc6fccc66eaaa,2021-07-20 15:00:00,CLEAR,DAYLIGHT,DRY,NOT ON SCENE (DESK REPORT),07/20/2021 03:40:00 PM,41.83062731,-87.647149469,POINT (-87.647149469 41.830627309988),C,7,2021,15:00:00
b02fe4656fb29fbcb3a38bf190681360312ae6b25ec05f060c2df021d8bd8df082160296857f383bc694245d407b50aeddb447c089504fd551dfbb23e9f250ac,2018-03-20 17:30:00,CLEAR,DAYLIGHT,DRY,ON SCENE,03/20/2018 05:40:00 PM,41.79573461,-87.762555326,POINT (-87.762555325992 41.795734610035),C,3,2018,17:30:00
b072600706f8f923bb0ea46898d83a957b2510a4efae0f9797fa4596c1ac4c4fea6ad08246dcfb9b3f3f75ac309a0170dd20a18aeef7ab302a38cdd9ab1d4151,2020-05-22 15:30:00,CLEAR,DAYLIGHT,DRY,ON SCENE,05/22/2020 03:31:00 PM,41.776091817,-87.774901092,POINT (-87.77490109199 41.776091816993),C,5,2020,15:30:00
ae5cc4297afbd2746247931c04fc403b3ab9c2686da1ab7e5410d4a0db497fd1cc5d7424975f3cf27f650f3140d7dd0c06fb12d10490eedd9b308c27d81981d0,2018-07-01 17:00:00,CLEAR,DAYLIGHT,DRY,NOT ON SCENE (DESK REPORT),07/01/2018 05:14:00 PM,41.903825234,-87.64328636,POINT (-87.643286359995 41.903825233976),C,7,2018,17:00:00
afb98d230b5a07933e83c9eb5b6ed420c0b817d11c67ef934f735648f4f961eb1e3f8f77337bf5cf252ed3b69ecf444d308d233a9c9d6529329432c578b75bcd,2018-07-01 04:30:00,CLEAR,DAWN,DRY,NOT ON SCENE (DESK REPORT),07/01/2018 05:30:00 AM,41.989009755,-87.674805814,POINT (-87.674805813969 41.989009755023),C,7,2018,04:30:00
ae50b9cf31a1bc53b46258197e93bd903139e3cce29e2e9fb9d84d50b72ccbf6124bca80a7514b12aa9296a730320420d3135f1f824ae14ba2bae43408c9f711,2020-07-04 03:09:00,CLEAR,"DARKNESS, LIGHTED ROAD",DRY,ON SCENE,07/04/2020 04:10:00 AM,41.770112296,-87.668671471,POINT (-87.66867147104 41.77011229597),C,7,2020,03:09:00
afe529a1c7c662385bf078f24887de98fce97d8a095832941b0c54962f92433e10f3b292bb28108f1c5425b90460a56289ace242cc1a7a9ea37ad4266b6bf97f,2022-04-28 18:45:00,CLEAR,DUSK,DRY,ON SCENE,04/28/2022 07:30:00 PM,41.741803599,-87.740953582,POINT (-87.740953581987 41.741803598989),C,4,2022,18:45:00
ae2f1320a0dbdd621fc6775effe02822497a227034691d14c6ebbc6b12af7f95e3502b98662389dcad7ba4c6da644dd5dc871a7cdf5038b23ddefe5a77b44e94,2017-10-29 07:00:00,CLEAR,UNKNOWN,DRY,NOT ON SCENE (DESK REPORT),10/29/2017 08:30:00 AM,41.925237554,-87.803562246,POINT (-87.803562246047 41.925237554006),C,10,2017,07:00:00
af7c8158705858d476af2d7c2e0f649abc0ca9ab969225aa1f0aed7869eefb04e79b21369da6b556a182676c099990d4a8ec8f9e82b19079bf220c8d231c21d5,2022-08-15 15:04:00,CLEAR,DAYLIGHT,DRY,ON SCENE,08/15/2022 03:07:00 PM,41.785387445,-87.606183761,POINT (-87.606183761008 41.785387444959),C,8,2022,15:04:00
af91707a6a24970316bbd8919116a5fc2b501104ef077e9c4f51df20440e36d0fdb9e6bd348581eeb40e9514c58b638a8a4d2669c5be71e4ba14aaaa51f41dff,2021-07-14 18:05:00,CLEAR,DAYLIGHT,UNKNOWN,NOT ON SCENE (DESK REPORT),07/14/2021 06:29:00 PM,41.941302752,-87.649162689,POINT (-87.649162688958 41.941302751995),C,7,2021,18:05:00
af2fbad2f73973688e289596956005a610ab78d73ce0dfe4e6aaa4962de81bbcb9c3c85710e62c61e5ea7cf25e9cdf61de8628664e920918c224a3d655feba49,2018-10-01 10:00:00,CLEAR,DAYLIGHT,DRY,NOT ON SCENE (DESK REPORT),10/01/2018 10:22:00 AM,41.917103631,-87.687248767,POINT (-87.687248767006 41.917103631009),C,10,2018,10:00:00
aef218fedc124f6bc5486f682d160cf0419abd26e21270010b3863d320bfd39c6861dd9950115cc4d34d94cb6537c6de9104d026eb727ff1b7b54dacad28ce10,2019-09-01 00:45:00,RAIN,"DARKNESS, LIGHTED ROAD",WET,ON SCENE,09/01/2019 12:50:00 AM,41.749557313,-87.707211112,POINT (-87.707211112049 41.749557313023),C,9,2019,00:45:00
af8c1cfb7c4af946506fed4ab392a35b029d732e0bfbd26f4697bfbe687dc3dca9b5ff0dcbc9daff8f840073ab126c199e85aff6a3f31945ccfbed5b0501ceb4,2023-05-16 09:36:00,CLEAR,DAYLIGHT,DRY,ON SCENE,05/16/2023 09:36:00 AM,41.787298999,-87.683999809,POINT (-87.683999808977 41.787298999005),C,5,2023,09:36:00
ae4b3331b709f6028f7ce3c9d772f410d7fb38b75d638ce4f7a2e5b02410b45c5e57e789d4c98eb8ed04c128d7d16e98f170aab33f4602b90deb3a03e60423ea,2022-08-29 09:33:00,CLEAR,DAYLIGHT,DRY,ON SCENE,08/29/2022 09:34:00 AM,41.961939497,-87.654897398,POINT (-87.654897398035 41.961939496975),C,8,2022,09:33:00
b0715e452dd11a4897fa06f2ae9cf296f722eb75ec9c5e0784fa56be9320bf64be179afaae3ae33157929ba970eeb6f70649c1a996e31bd23c37e0fae08a6ae2,2020-09-22 17:50:00,CLEAR,DAYLIGHT,DRY,ON SCENE,09/22/2020 05:54:00 PM,41.752880675,-87.708734217,POINT (-87.708734217035 41.752880675011),C,9,2020,17:50:00
ae5c70acb58b9f70ea1c6413cf0f0387382316132753f0c0ee1a60935717c17edad13b7c0f152dddc73368c5da047a0dc5663c2c495e81516fd49f4fdd49f303,2022-04-04 16:50:00,CLOUDY/OVERCAST,DAYLIGHT,DRY,NOT ON SCENE (DESK REPORT),04/04/2022 05:35:00 PM,41.894817669,-87.756025644,POINT (-87.756025643998 41.894817669003),C,4,2022,16:50:00