CRASH_RECORD_ID,CRASH_DATE,WEATHER_CONDITION,LIGHTING_CONDITION,ROADWAY_SURFACE_COND,REPORT_TYPE,DATE_POLICE_NOTIFIED,LATITUDE,LONGITUDE,LOCATION,CRASH_TYPE,CRASH_MONTH,CRASH_YEAR,CRASH_TIME
b0134a43b914190d00b4493f5f04f790c3bd6f94b4cbd4b058b7869d13b11440e8269ac064342f191c53a1ed28919a14c45a98e4c70dff9920f2c065c899706f,2019-04-14 12:40:00,OTHER,DAYLIGHT,SNOW OR SLUSH,NOT ON SCENE (DESK REPORT),04/14/2019 01:18:00 PM,41.788641301,-87.710626415,POINT (-87.710626414955 41.788641301001),C,4,2019,12:40:00
b04a9295b6dd63346c29776f8ddb44fcda2e5e405100a50bb23b2c9cc98361dc563cd2aa61e22dd0835934761e83ac9c26bf959201e429fda6459578094a17e6,2021-03-06 18:00:00,CLEAR,"DARKNESS, LIGHTED ROAD",DRY,NOT ON SCENE (DESK REPORT),03/07/2021 11:50:00 AM,41.953750194,-87.728489892,POINT (-87.728489892005 41.953750193958),C,3,2021,18:00:00
b07a56e7702fd011e268be457b20ffd407d4370085dc9db3970b4da0c0a61411fa2565b20057dd312e5c0a97ca2baf0273c686638cc3dfce07cc1bd77630625b,2018-01-15 09:50:00,SNOW,DAYLIGHT,SNOW OR SLUSH,ON SCENE,01/15/2018 09:58:00 AM,41.909883748,-87.716751343,POINT (-87.716751343041 41.909883748015),C,1,2018,09:50:00
b0396e8bc6dc9424b44e2414f08d60181b07fd12ee2df3b41750550983a3158b7b1bf91ca22ed116a452314033b929edf8109c90ecc663f21419a7569a1bf751,2015-09-30 09:20:00,CLEAR,DAYLIGHT,DRY,NOT ON SCENE (DESK REPORT),09/30/2015 09:35:00 AM,41.984874268,-87.787555484,POINT (-87.787555484022 41.984874268025),C,9,2015,09:20:00
afd06d2f2fede06d375f1934ae3fa10c2c0fc221e42f35adf63f042788e2b606152f6ea0859aded93b11663b293f9c76a21bf4b2f0a9e3f2b11198f87114a844,2020-12-18 10:59:00,CLEAR,DAYLIGHT,DRY,ON SCENE,12/18/2020 11:01:00 AM,41.763181195,-87.644215021,POINT (-87.644215021048 41.763181195035),C,12,2020,10:59:00
b0cc36c370b199155cf7d6c74d05ae3617ba46915bdeec4b570072356e0feda8a839ca40ee98eb36893eebddfa745bc2e36eb803069d95cb60c3ba0bad279d4e,2021-06-03 18:15:00,CLEAR,DAYLIGHT,DRY,NOT ON SCENE (DESK REPORT),06/03/2021 08:20:00 PM,41.778680345,-87.693233953,POINT (-87.693233953041 41.778680344998),C,6,2021,18:15:00
b074c34d05561a69d707ca5531acbf4bdcb9baa07c9715b94abec141dee0dca7730c39f2d4c599f37cf8b6940152813cfed8cc2fd8c4de395804c0853a845273,2017-10-26 14:47:00,CLEAR,DAYLIGHT,DRY,ON SCENE,10/26/2017 02:47:00 PM,41.968260726,-87.716418153,POINT (-87.716418153012 41.96826072601),C,10,2017,14:47:00
ae21671b7c8c776e9e6a2b26e63a701d8604f18b9851ad02f9262c1f233fc7a82f83c8ccceac1927a105c2b213c33f0548a8c33bbfe7161818ac69b3bbf48e4c,2017-03-06 01:45:00,CLEAR,"DARKNESS, LIGHTED ROAD",DRY,NOT ON SCENE (DESK REPORT),03/06/2017 12:05:00 PM,41.866119494,-87.720927574,POINT (-87.720927573996 41.866119493974),C,3,2017,01:45:00
af6b01d07a4408f34105a77b2f1d58ecafa408b5a0199f09326d613d4ea8673c89e15fab6baa080bcc10b1b80cd9b842b4489b3e687b22288ca4fab99d48ddad,2018-03-25 18:15:00,CLEAR,DAYLIGHT,DRY,NOT ON SCENE (DESK REPORT),03/25/2018 06:25:00 PM,41.903825234,-87.64328636,POINT (-87.643286359995 41.903825233976),C,3,2018,18:15:00
aff4d4d93b562504a7aef4bd6e3d159a58b1846ea5e4ea66d33bf065e7058f9bbacceed1229beedd7d78f90aac0f65909d35a9f4cebd62987c498635f5e6d172,2021-09-23 13:30:00,CLEAR,DAYLIGHT,DRY,NOT ON SCENE (DESK REPORT),09/23/2021 03:10:00 PM,41.921729807,-87.663234201,POINT (-87.663234201004 41.921729806985),C,9,2021,13:30:00
ae7e66b1196bd603a7aa1e9527c8f25ad85b3eb49393639e5015f187a7f7256086c61f2c9c26a716674fd768dc77b658d845c260743b67c3638009e86147ac9f,2017-10-11 12:55:00,CLEAR,DAYLIGHT,DRY,ON SCENE,10/11/2017 12:57:00 PM,41.924888953,-87.700379982,POINT (-87.700379982012 41.924888953039),C,10,2017,12:55:00
afa929657ba4ba8cef7d4f817526b561e140fd2241776c407f7e1f0855ec8246ae639b162dd1825bd8f681cfb504a39835f1d97a0bf95786eed00e6dc94ff3da,2020-07-22 12:30:00,CLEAR,DAYLIGHT,DRY,ON SCENE,07/22/2020 12:40:00 PM,41.713550359,-87.681786484,POINT (-87.681786484031 41.713550359002),C,7,2020,12:30:00
af05d75014a563b1f55d38707555c88d42872a58e8153a8ed82eda252c5976bfe6e858e2cce1e2d581528fe7cc791d587a82247cd3ca3be3b107d3b1d6186a10,2021-11-22 11:20:00,CLEAR,DAYLIGHT,DRY,NOT ON SCENE (DESK REPORT),11/22/2021 01:20:00 PM,41.997091834,-87.76372081,POINT (-87.763720810001 41.997091834002),C,11,2021,11:20:00
b0632e0494f1799ed257dd6bffe1ad22ade1929093b65ddfdfe66a6883b1ad1216e5293c1303a7a0c92547a19b10df82de159c6c7daf689c641f5a2ac1508554,2019-08-12 21:06:00,RAIN,"DARKNESS, LIGHTED ROAD",WET,ON SCENE,08/12/2019 09:07:00 PM,42.012354741,-87.68680802,POINT (-87.686808019986 42.012354741021),C,8,2019,21:06:00
aea234c27be26f384216d1e8e691787e278acd5369e1479d058c3f902851751d9f1ba34a706482f71f9e14c3f2a30a8daeb80b46038222f46b7dbe519acae5ec,2022-12-25 00:15:00,CLEAR,DARKNESS,SNOW OR SLUSH,ON SCENE,12/25/2022 12:20:00 AM,41.868505893,-87.744688538,POINT (-87.744688537963 41.868505892977),C,12,2022,00:15:00
ae2b8fc5a58690ee142e5860f0c5163b213fecb3f6f78194e4d01c072fe59542474832f1929dba25a77b7ceeb21aaf5b862f3df9f986613ea11a95d66baf3ce9,2021-12-11 12:00:00,CLEAR,DAYLIGHT,DRY,NOT ON SCENE (DESK REPORT),12/11/2021 05:43:00 PM,41.778680345,-87.693233953,POINT (-87.693233953041 41.778680344998),C,12,2021,12:00:00
b074ebca18cf47b675f9fa184e812802a75be1c4064d92bd14753532b4476eb217365f6d95f2de3d6a6626b9e0a8f8da9ecbde882157f9448d70c3056525558d,2018-01-03 08:00:00,SNOW,DAYLIGHT,SNOW OR SLUSH,ON SCENE,01/03/2018 08:00:00 AM,41.914181644,-87.705323494,POINT (-87.705323494017 41.914181643976),C,1,2018,08:00:00
afae3d7d490651fc08417b2e4857dc4748282f705b4d15499cafcc93720471fbdd4d606688613b03a926f684461d56cde4d69c151cbe317d0da1ee30e0a0230d,2023-07-16 11:40:00,CLEAR,DAYLIGHT,DRY,NOT ON SCENE (DESK REPORT),07/16/2023 11:55:00 AM,41.897127426,-87.641914583,POINT (-87.641914582961 41.897127426022),C,7,2023,11:40:00
b00c3be8e595898a01b45790038909c9721f58a6571a62ee2836ebc91958b27a2f12bdf5110e3163cc7547302f39a18863d5d3d467bc0b45f41789e78fadb205,2019-12-18 11:15:00,CLEAR,DAYLIGHT,DRY,ON SCENE,12/18/2019 11:17:00 AM,0.0,0.0,POINT (0 0),C,12,2019,11:15:00
b0323c2e08ad7e143679464d7902d0a4286e205dffd3b43b1755bbbc3e96951757467fe1813cf789d205dee5a081e496924937059b89563a187a26f141e75429,2018-09-11 16:10:00,CLEAR,DAYLIGHT,DRY,NOT ON SCENE (DESK REPORT),09/11/2018 04:40:00 PM,41.916381427,-87.66618973,POINT (-87.666189730021 41.916381427046),C,9,2018,16:10:00
ae8c7209e9b41a070558fc33fb8bda7a1a6cad26a9690bc0f689d6443ef3028b436b6f5022349dc97c9c9c877bcdf889175d79979e3de7a449d3d58d31356b73,2021-11-12 15:45:00,RAIN,DAYLIGHT,WET,NOT ON SCENE (DESK REPORT),11/12/2021 03:45:00 PM,41.866501191,-87.686157599,POINT (-87.686157599021 41.866501191036),C,11,2021,15:45:00
afc4ff38d0c932b897ca61e6c124125252ff5ab1d160ca062b107232291d7086cedc106674c046e87834cf6a3d50b7cd1afa31694e649dac9761a8c4617ea787,2019-09-30 22:55:00,CLEAR,"DARKNESS, LIGHTED ROAD",DRY,ON SCENE,09/30/2019 10:55:00 PM,41.905786234,-87.755710582,POINT (-87.755710581983 41.905786233963),C,9,2019,22:55:00
aeae5abdf43e3de1124789c3ddad3369e97ac12bc97d46b3fc9c8c7317714dfccca8d06db39857bf7c5395dc2f7f6fb6c95debb1890cecdb2d1e0be887959928,2020-09-25 07:36:00,CLEAR,DAYLIGHT,DRY,ON SCENE,09/25/2020 07:50:00 AM,41.744151639,-87.585945067,POINT (-87.585945066953 41.744151639042),C,9,2020,07:36:00
b0bed438d80449ceab6228e491c51dc347e43afe1fe166296c8b0158783c495d1c656e942fbb4df3062147b5e7274b35c6b3d7bc2439dd8d3933da2faf0cc68e,2022-03-08 12:30:00,CLEAR,DAYLIGHT,DRY,NOT ON SCENE (DESK REPORT),03/08/2022 01:20:00 PM,41.954105717,-87.693290369,POINT (-87.693290369008 41.954105716988),C,3,2022,12:30:00
af5cd77efbdce1028572ed7a746327fdbe8313579f4e6bc1e6aadfffcd0a21058fb2f30b1c47da13bdd96fb55ab8ac1b74d7043e11e15583e5f96c6407dde6ca,2022-05-18 13:01:00,CLEAR,DAYLIGHT,UNKNOWN,NOT ON SCENE (DESK REPORT),05/18/2022 02:45:00 PM,41.903639931,-87.65554697,POINT (-87.655546970003 41.903639930952),C,5,2022,13:01:00
b25ebd04d0240309bc9a630d380c157f1753433c587cba1b460277b101483d60fbe7b5177b2fda572a531eeb19ce2795eaeea4a50754e6609e40e6bcf408b9fc,2019-11-06 13:10:00,CLEAR,DAYLIGHT,DRY,NOT ON SCENE (DESK REPORT),11/07/2019 01:45:00 PM,41.977929145,-87.681707271,POINT (-87.681707271046 41.977929145041),C,11,2019,13:10:00
b12ea150915e02692ed59cbb817dd0068e7af4f3d91c203904835f230ef423020c5b992e1e1042a27950f0569e7919e145ac03234a28f8ef9ca57d3764489c35,2017-12-18 15:30:00,UNKNOWN,DAYLIGHT,UNKNOWN,NOT ON SCENE (DESK REPORT),01/17/2018 03:30:00 PM,41.74579217,-87.635369997,POINT (-87.63536999702 41.745792169991),C,12,2017,15:30:00
b153017f725e92fe4fda9c3bd49045989bfd03a8f148e712c1a05a7917f32db4ed5cdb6c4b0591d9114ffa5e2c25149ff6154899ce8f53e5d9fe6f554eb131cd,2022-07-10 02:15:00,CLEAR,"DARKNESS, LIGHTED ROAD",DRY,NOT ON SCENE (DESK REPORT),07/10/2022 02:30:00 AM,41.945132845,-87.654676992,POINT (-87.654676992044 41.945132844962),C,7,2022,02:15:00
b3bc6c541a5689e6de03be58f81cfbe42ee688530096921fa6d3a3e92386f9ea22456a1a351bb151c1c1c16f5cf4a096f3dd55330f17e29d2b34fe38db02ebda,2021-05-05 18:08:00,CLEAR,DAYLIGHT,DRY,ON SCENE,05/05/2021 06:08:00 PM,41.948659454,-87.766996881,POINT (-87.766996881028 41.948659454018),C,5,2021,18:08:00
b25d613c91999135d7287e7bb70c5d3a6c7458e6e8b34ffe0daca16d76769191a76d1f59d03ad6375e635e27542dfb0e8288d67e496158a2a131be8fb9c76223,2020-12-05 00:01:00,CLEAR,"DARKNESS, LIGHTED ROAD",DRY,ON SCENE,12/05/2020 12:06:00 AM,41.743096128,-87.669805633,POINT (-87.669805632964 41.74309612801),C,12,2020,00:01:00
b35317e88c38911da1488ca40b30f9780a3a5e90879b1b34bcea5f4da99528c492ab6f11af0e872fb457c00351efc7f46b35afd7a71c7d5be5276cdeea70aaae,2017-09-14 07:05:00,CLEAR,DAYLIGHT,DRY,NOT ON SCENE (DESK REPORT),09/14/2017 07:25:00 AM,41.866501191,-87.686157599,POINT (-87.686157599021 41.866501191036),C,9,2017,07:05:00
b2e1790c17722727ee2f985d743c6e4a87ae4b265faddeb6a7746ae1e7580cffb80aa27b42feb7b6a8a47d019c1615e5fd33ce7513813a5db7427a0922907830,2021-07-04 20:30:00,CLEAR,DAYLIGHT,DRY,NOT ON SCENE (DESK REPORT),07/05/2021 01:30:00 PM,41.817719252,-87.629596144,POINT (-87.629596144033 41.817719251988),C,7,2021,20:30:00
b310feff8ec3ec1e12d1826ae0fa1e004769699fc2dd7f7964e1b3b19847f7e0cb318c8164c596e9f155319ab044eb2a913817d7b787342b2bd9073f7c2d6aa3,2017-05-04 22:25:00,CLEAR,"DARKNESS, LIGHTED ROAD",DRY,ON SCENE,05/04/2017 10:30:00 PM,41.948567062,-87.75194887,POINT (-87.751948869982 41.94856706205),C,5,2017,22:25:00
b3d01c132c4a14cf74a61562004e84686c1e854860983abd24da34c2b25e0227b1cdca00dc4a795948fd366305486226088e04acba14a23614effab898c61df6,2017-09-26 14:15:00,CLEAR,DAYLIGHT,DRY,NOT ON SCENE (DESK REPORT),09/26/2017 03:15:00 PM,41.74579217,-87.635369997,POINT (-87.63536999702 41.745792169991),C,9,2017,14:15:00
b21a2255e46a449a94a53698eba7314ef273b507f3436ae135a005a52f74158570b85c87546a5acc2431c35a0f97b4fce005e222cc1f72d955b18a99b19d1838,2019-06-27 21:35:00,CLEAR,"DARKNESS, LIGHTED ROAD",WET,NOT ON SCENE (DESK REPORT),06/27/2019 10:30:00 PM,41.981809941,-87.809191199,POINT (-87.809191198998 41.981809941025),C,6,2019,21:35:00
b1b6f7efa86cc06ccb1cc1c2f49fcda64e6f06b52aea9a8c31caee6979152897ece1facfd8f011f67050641a37992d5418ef6a2d7e23db3657705f2f6f501c43,2018-07-21 16:30:00,CLEAR,DAYLIGHT,DRY,ON SCENE,07/21/2018 04:35:00 PM,41.762174118,-87.558927464,POINT (-87.558927463962 41.762174118016),C,7,2018,16:30:00
b2e1c1cce05d0b9e9c0dce555175d3ef0f1d029420d9db73bb9ab1002198f4320da6213079eb89058cbf02c8ee473a407c6306d2ea477f70e2eae0fd98531ffd,2021-08-30 08:21:00,CLEAR,DAYLIGHT,DRY,NOT ON SCENE (DESK REPORT),08/30/2021 08:36:00 AM,41.704442541,-87.680774466,POINT (-87.680774465986 41.704442540986),C,8,2021,08:21:00
b2e910878e4932c76a36cc2bfa26300cc608b7e66ff4702f97401d3b7e847c8a9df240015a2a6de79e633e9a38b76af317c80192fad24ee8071b518b972afefe,2018-04-27 10:30:00,CLEAR,DAYLIGHT,DRY,ON SCENE,04/27/2018 10:43:00 AM,41.983148128,-87.71136489,POINT (-87.711364889983 41.983148127979),C,4,2018,10:30:00
b10907bba54e0d60753165a75f672ca964de81029c6d604d4c3b5ab5b26b874f7bb089cb742eadab911f803010cb72c2216330c8cb9419a3e1009f201cf31761,2022-10-11 16:15:00,RAIN,DAYLIGHT,WET,ON SCENE,10/11/2022 04:21:00 PM,41.86844629,-87.655369755,POINT (-87.655369755044 41.868446290015),C,10,2022,16:15:00
b14761fc2adc153a165037d59266e92742ff8ac33efcaa6290d3735fef176e07502c409e486c572ad396c48888ef57ac0eee7774b60f2d91a9bbb3cd7080bea9,2019-11-10 20:50:00,RAIN,"DARKNESS, LIGHTED ROAD",WET,ON SCENE,11/10/2019 08:50:00 PM,41.913022516,-87.759313598,POINT (-87.759313597975 41.913022515984),C,11,2019,20:50:00
b1520541375fc119f8e92c11b1c61a052de54c3cbf516798032dd0efa7368f46438bac9ae6c364121682685edb485b42a0c924cae620f516409c99a8e998fc0e,2018-09-07 19:15:00,CLEAR,"DARKNESS, LIGHTED ROAD",DRY,ON SCENE,09/07/2018 07:19:00 PM,41.960921874,-87.739753307,POINT (-87.739753307037 41.960921873996),C,9,2018,19:15:00
b1d93dc789574e19ba40d4bc18cdeb4db2758c3b93bcc673b6f988a6d0bb0a211dcbd1d6dded8f0176f5ea108cd845819aaf5f10f8bf34d2b09d668990787d1a,2019-10-10 12:55:00,CLEAR,DAYLIGHT,DRY,ON SCENE,10/10/2019 01:01:00 PM,41.903639931,-87.65554697,POINT (-87.655546970003 41.903639930952),C,10,2019,12:55:00
b1d050bb2089a94d5b3bafd3e05cf5e57583452e8f9f0bc5764d9a21f88b497aa37ce522ddf58e5d0f855706fd80b69b606bb4ed465ba04bb7f4a456baced8b6,2020-02-12 19:15:00,SNOW,DARKNESS,SNOW OR SLUSH,NOT ON SCENE (DESK REPORT),02/21/2020 03:45:00 PM,42.010018661,-87.709056552,POINT (-87.709056551967 42.010018660983),C,2,2020,19:15:00
b1bf236b52c0981763cd2d256df2b0611175efbcc63edf3539017c60e3101b836af6ea4e395031fe5ee6b51d5d049185fa61763ad81af7dcbd280e0c4cf193a3,2021-01-29 00:00:00,UNKNOWN,DARKNESS,SNOW OR SLUSH,NOT ON SCENE (DESK REPORT),01/30/2021 11:30:00 AM,41.799518076,-87.73834096,POINT (-87.738340959964 41.799518076003),C,1,2021,00:00:00
b1ef7acc2e11807a6c0d0e2ba527a50640bdf4fe625267c10f26d269bc6297a419d8891de99b59f69b5e0b04838a3112b95274fc35d8aef510fac1dbd1df479d,2023-04-04 14:00:00,RAIN,DAYLIGHT,WET,NOT ON SCENE (DESK REPORT),04/04/2023 03:44:00 PM,41.917049819,-87.727076061,POINT (-87.727076061047 41.917049818976),C,4,2023,14:00:00
b38685c23054c7730254be98c16d79154451998c4e7d51f54ef42c3a1ec3d1189bb6d33286893fbb265225662702498e603e29891d6346e17ede2e38bd56a6c2,2017-11-12 12:00:00,CLEAR,DARKNESS,DRY,NOT ON SCENE (DESK REPORT),11/13/2017 08:30:00 AM,41.809572517,-87.611394621,POINT (-87.611394620986 41.809572516992),C,11,2017,12:00:00
b1487d701c5cfa0856f0baa36696d2a4c3e924d30130301ccb9bb7e3b22696b424bd8c6d7ab592f251a1cad8418980a8c6ae7a97c86307c09ab4bb891ef758ce,2016-09-21 16:00:00,UNKNOWN,UNKNOWN,UNKNOWN,NOT ON SCENE (DESK REPORT),09/22/2016 03:30:00 PM,41.94683078,-87.672417095,POINT (-87.672417094985 41.946830779953),C,9,2016,16:00:00
b3b49dd8a1cc76713dfae73ac6cdbb0c3e8c0d321559e91ced69b42d9d61dd3defd8fbeeffc028ec41f39ff82afe059767599e99f28c630ce10cdb125e0afb07,2018-11-28 17:19:00,CLEAR,DARKNESS,DRY,ON SCENE,11/28/2018 05:33:00 PM,41.7444367,-87.576002263,POINT (-87.576002262985 41.744436700023),C,11,2018,17:19:00
b18e290318dd1c3eb132b9779b806de4b49677865274b4b5d540b0b2d844c2054e2f3be38482c29d0f7cb19adae83eeb1020aaa9984a1b090f118301dde36c47,2017-07-21 11:00:00,CLEAR,DAYLIGHT,DRY,ON SCENE,07/21/2017 11:15:00 AM,41.735617968,-87.682663369,POINT (-87.682663369002 41.735617967973),C,7,2017,11:00:00
b36d6b11576b046adf3c65fedbc2f92e2026a35873f026aa756d62f787f0f7a23a2359219ee0ed899cd9d24f65865e9b1a03f3c0cca910d6c2fa082331a1421a,2018-04-01 09:45:00,CLOUDY/OVERCAST,DAYLIGHT,DRY,NOT ON SCENE (DESK REPORT),04/02/2018 02:37:00 PM,41.880660067,-87.740728133,POINT (-87.740728133013 41.880660066981),C,4,2018,09:45:00
b2d2f827f79cd5ab6897b9d0e380cad7d43518f76cc0315666ba11d5ff190476da80215160af74237808cff66e8f9a378248b66058457d9f138244d7de46eb4a,2019-10-31 08:29:00,SNOW,DAYLIGHT,WET,NOT ON SCENE (DESK REPORT),10/31/2019 09:03:00 AM,41.931607951,-87.697755776,POINT (-87.697755776035 41.931607951049),C,10,2019,08:29:00
b1a48a5023357ef569c9434ec1c4b63445bc689c149ec219ca50bbedd2df9992917ae1f1d3ff837fe3a59fd36860554cdeb7e18222d61dfc2268055550848d4d,2020-06-01 17:00:00,CLEAR,DAYLIGHT,DRY,NOT ON SCENE (DESK REPORT),06/06/2020 04:30:00 PM,41.896393332,-87.654686711,POINT (-87.654686710965 41.89639333201),C,6,2020,17:00:00
b3d4f2796357ef10cd923a7db4ca2681a9b88b1f7222a1ec09fcaec34a58c310d5bd5fcb265b1ee694a22c306f96130e17939a78b7d769b312eb709f33107605,2018-05-31 12:30:00,CLEAR,DAYLIGHT,DRY,ON SCENE,05/31/2018 12:40:00 PM,41.880660067,-87.740728133,POINT (-87.740728133013 41.880660066981),C,5,2018,12:30:00
b155c81d0f368898f2374f95868524dbe6595772070d2ab19926fe50eb822d5dfcebff4d872fdae1dd4d1eb7fbdfdf5dd497e9fae323ee4409a82f0d8a5c18d1,2021-09-18 12:03:00,CLEAR,DAYLIGHT,DRY,ON SCENE,09/18/2021 12:03:00 PM,41.858908833,-87.729904272,POINT (-87.729904271964 41.85890883299),C,9,2021,12:03:00
b3bf515d8e9c3acf8f70ee5a8503fbb3f87b8f553041b10fef3e148d9a78b911caad5b52c55bf9d8078fd389b16c5eb47bf25ef65453167193d93f1ca9a4c369,2019-06-23 08:30:00,CLEAR,DAYLIGHT,DRY,NOT ON SCENE (DESK REPORT),06/23/2019 09:16:00 AM,41.785387445,-87.606183761,POINT (-87.606183761008 41.785387444959),C,6,2019,08:30:00
b2af5174ad71b029bca72d04888ea6131f9779ee2a7040900088bba347aefb7257afea3d0c18c15daf3cd1093705de7ff5da54b87b1566557a4602b2bd3de9bb,2020-02-29 16:02:00,CLEAR,DAYLIGHT,DRY,ON SCENE,02/29/2020 04:06:00 PM,41.778568266,-87.739786769,POINT (-87.739786769031 41.778568266034),C,2,2020,16:02:00
b28bbfa379782eee2ee0f242c227608763eb674ca422ced581608553bd7ef0e0e8b99e3b232c29fad4764b4436546b85c7c8a78e7215d43fea6fdeb042e211a9,2017-08-26 18:05:00,CLEAR,DAYLIGHT,DRY,NOT ON SCENE (DESK REPORT),08/26/2017 06:45:00 PM,41.936151294,-87.654588575,POINT (-87.654588574999 41.936151293981),C,8,2017,18:05:00
b3142982a0b85bb2c56161901592549a0f636d9c9543ab5c913a26fdbc35290447470c5360477a4abc1d193c54c15330fc3f2b5e0da83c03d62e9c39de2850b3,2019-08-27 10:05:00,CLEAR,DAYLIGHT,DRY,ON SCENE,08/27/2019 11:09:00 AM,41.744151639,-87.585945067,POINT (-87.585945066953 41.744151639042),C,8,2019,10:05:00
b32b2e9aa9dd2651bbe3e81fb42644878856d98bd73456565e19712d689b9ad481fefa9c8fa4b37c206704f01f08b0ee073a008dfc151947f63cd7fa3c449fc9,2022-03-12 17:10:00,CLEAR,DAYLIGHT,DRY,NOT ON SCENE (DESK REPORT),03/12/2022 05:28:00 PM,41.880668499,-87.739980899,POINT (-87.739980898973 41.880668498984),C,3,2022,17:10:00
b1199eaa0ed1dd53cabf682e50a46f8f5f77243a12478e96f1d146d46d79321f58de8e16a85e5b188fc16066e5999ecb474ba0fd8279efa5a64b8e161d0a2f88,2023-02-11 00:00:00,CLEAR,UNKNOWN,DRY,ON SCENE,02/11/2023 09:44:00 AM,41.726171226,-87.562360674,POINT (-87.562360674018 41.726171226008),C,2,2023,00:00:00
b147d719b554fd1418d416fe123c374fa5bb3fbfaae555e0d9c50d4b1dc924d9210a9c18b02db0135a380e14e98ebe6742b6b37f089f509b838b897384668aac,2021-11-28 08:15:00,CLEAR,DAYLIGHT,DRY,ON SCENE,11/28/2021 08:15:00 AM,41.975863285,-87.707836481,POINT (-87.707836481034 41.975863284969),C,11,2021,08:15:00
b28ac869b33cf930aacfc2ace79452c31d47f18340434209fb18c83e13893064778f7c661137b12e66afc661081c1d001ac185d0a7650a6161d7a71062496088,2019-05-30 15:56:00,CLEAR,DAYLIGHT,DRY,NOT ON SCENE (DESK REPORT),05/30/2019 05:25:00 PM,41.810440446,-87.710418852,POINT (-87.710418851956 41.810440445956),C,5,2019,15:56:00
b1998dd71246901382cd50b324a39674574ac865e7a977dafeb5b0035924a08e8fe1f64f5745123941f6d429c38f9c7a48be2034f82419a333958de51e3a0424,2017-02-09 08:00:00,CLEAR,DAYLIGHT,DRY,NOT ON SCENE (DESK REPORT),02/09/2017 08:38:00 AM,41.889123861,-87.617461167,POINT (-87.617461167004 41.889123861045),C,2,2017,08:00:00
b1534975adb1633899258856321b472f6f987216172adfb8d450d25770711473912af37601cdab89512a2b5ff3ae27558640a7e7428da2cb07e6835467654128,2018-02-02 11:33:00,CLEAR,DAYLIGHT,DRY,NOT ON SCENE (DESK REPORT),02/02/2018 11:55:00 AM,41.917103631,-87.687248767,POINT (-87.687248767006 41.917103631009),C,2,2018,11:33:00
b3c45e4a51dc9433aaf724ebf353a5f8a1684d29a6ac98b6307d2769b486d5c7fd6163ce0096c8a06b8253ab50823201defd1ed139208d3c35a6159f801c2a38,2018-06-28 12:00:00,CLEAR,DAYLIGHT,DRY,NOT ON SCENE (DESK REPORT),07/20/2018 11:50:00 AM,41.890355784,-87.614377352,POINT (-87.614377352049 41.890355783989),C,6,2018,12:00:00
b2151a7a61df6721fec00b339c7a3ecf313a150d1841074f65c0c4976378cf7309156a0845560963a4f139b13d6d1ee17c6b738d78343800236035391fee5255,2021-02-06 18:10:00,CLEAR,DUSK,WET,NOT ON SCENE (DESK REPORT),02/06/2021 07:17:00 PM,41.808026055,-87.71995187,POINT (-87.719951869982 41.808026054987),C,2,2021,18:10:00
b1ee71c445fdd9c2e624a255a8147d474beb1d54f2954d1ffea48910d0aca951464d9690997e1b0f30de9e3217fbe628e8df8ad0304bbd2ac0a30faf94124c2b,2022-02-02 10:10:00,SNOW,DAYLIGHT,SNOW OR SLUSH,NOT ON SCENE (DESK REPORT),02/02/2022 10:15:00 AM,41.958986951,-87.933993929,POINT (-87.933993928974 41.958986950953),C,2,2022,10:10:00
b129c931dbe2a4661e8ea1830062fe478170cf2c1175987cc4bdf58faadac561ff4be0cac102fc6264dca2881e54bb67ae3482acb7eda20767d61edf51eeddda,2018-09-26 17:30:00,CLEAR,DAYLIGHT,DRY,NOT ON SCENE (DESK REPORT),10/04/2018 09:45:00 AM,41.879341476,-87.6462302,POINT (-87.646230199975 41.879341475962),C,9,2018,17:30:00
b3aa893559fc8b4914c5f19d3a13a24f57a61c9f636472a5416fabeae4d9dfc7abe3d44ff637767ec80237e54ab5d56d318261f64b5930aae248893e8acc9d11,2021-03-06 14:30:00,CLEAR,DAYLIGHT,DRY,NOT ON SCENE (DESK REPORT),03/06/2021 05:06:00 PM,41.690782797,-87.631245904,POINT (-87.631245904032 41.69078279699),C,3,2021,14:30:00
b364bc08bfc89c197240df12dc418e038922a6494596bb402297f9d59ee8848790b0b9e6c792de1dba7b079ad4a811a36059b1525fd2fb4dba79a92c063c216a,2017-08-09 13:10:00,CLEAR,DAYLIGHT,DRY,NOT ON SCENE (DESK REPORT),08/09/2017 01:53:00 PM,41.792311499,-87.789197189,POINT (-87.78919718901 41.792311498963),C,8,2017,13:10:00
b1d7d0ddd0c6646653d48f3d9912b255550590f15f182d7b5cfd5bae07ee3b1d155bdbef43bd6e1c9ce0cb2ec1175befdca0c02c45a3dc2ce562cf22d51cb678,2019-09-14 16:15:00,CLEAR,DAYLIGHT,DRY,NOT ON SCENE (DESK REPORT),09/18/2019 05:35:00 PM,41.744151639,-87.585945067,POINT (-87.585945066953 41.744151639042),C,9,2019,16:15:00
b29ed004f3a84a832eb67d99d577092de63c8bbc3183ddc9ebe08ba6aef08eb4f6f374a2b1e78b53f8dc7ebac797a9777a39d11da467209d9afc337acaa08b68,2022-02-02 09:00:00,SNOW,DAYLIGHT,SNOW OR SLUSH,NOT ON SCENE (DESK REPORT),02/02/2022 11:15:00 AM,41.721267719,-87.584839485,POINT (-87.584839485043 41.721267718978),C,2,2022,09:00:00