CRASH_RECORD_ID,CRASH_DATE,WEATHER_CONDITION,LIGHTING_CONDITION,ROADWAY_SURFACE_COND,REPORT_TYPE,DATE_POLICE_NOTIFIED,LATITUDE,LONGITUDE,LOCATION,CRASH_TYPE,CRASH_MONTH,CRASH_YEAR,CRASH_TIME
b33e3a3c8712be755df8aa5b3343a7f0a124247ee810609e580396ba8bc680a9b830766d624e42e14eb0b214aed47bf2c838faa96db8ec476c2c42745e3efde2,2021-10-13 12:15:00,CLEAR,DAYLIGHT,DRY,NOT ON SCENE (DESK REPORT),10/13/2021 01:10:00 PM,41.793378954,-87.584053824,POINT (-87.584053824031 41.793378954013),C,10,2021,12:15:00
b331a2bdd434396e3936e3b7233d0f6c158e7f8fdab8d70e6ea5c51165d595a6ca514d0c7806a2ca41e3f278940990f68ee0d71d807beec2b449dd3730959f32,2020-02-21 09:00:00,CLEAR,DAYLIGHT,DRY,ON SCENE,02/21/2020 09:05:00 AM,41.75872376,-87.585590902,POINT (-87.585590902031 41.758723759994),C,2,2020,09:00:00
b3011e7d026137138c17d1d09360ce7b64d6b0f746bf049ce6489d51121d070a83b9ee9cae5b641eff9c32b11bec866e26727bc7452a7cabf010f1f2c5a28860,2016-09-05 11:00:00,UNKNOWN,UNKNOWN,DRY,NOT ON SCENE (DESK REPORT),09/07/2016 06:20:00 AM,41.923459165,-87.724148021,POINT (-87.724148020951 41.923459165045),C,9,2016,11:00:00
b3842f3da5cd3e10f8f86ecf1d789f5c69617a3b3d3cddf1e3b880355765314e5fc845f66b1a254faa16be63ddb68cb28c0ecd6cd69ff3a045d33d075f0710ca,2022-04-29 10:23:00,CLOUDY/OVERCAST,DAYLIGHT,DRY,NOT ON SCENE (DESK REPORT),04/29/2022 11:00:00 AM,41.868249078,-87.70587475,POINT (-87.705874749985 41.86824907799),C,4,2022,10:23:00
b1ebce06c8552031dae8a1acbcce6746b17d7e256e0551affabc2eb636cb816fc9b1fec9b3b0e4e320d707bf315a6295fa5f8757a3674d65d7e3f605f085e012,2021-06-25 00:10:00,CLEAR,"DARKNESS, LIGHTED ROAD",WET,ON SCENE,06/25/2021 12:23:00 AM,41.70074439,-87.642788385,POINT (-87.642788385019 41.700744390025),C,6,2021,00:10:00
b3c9d6d9944555e54cead8aa40f9b323abd2841b259b23089ea21051746d4d449743f98bf55825b0b21b71fac28f06d465c3695964fa3655676688282cd072fc,2018-08-06 10:30:00,RAIN,DAYLIGHT,DRY,NOT ON SCENE (DESK REPORT),08/06/2018 11:45:00 AM,41.989727546,-87.748178979,POINT (-87.748178979 41.989727545973),C,8,2018,10:30:00
b3130244f452b7adc30f4ad11b3a8ce31925be55102bf71a6cb115dee46d9ece80ba9572d26c7ddc6a7334dcbf5c07558526b13c58d9c7f3a28adb602b8cb4a9,2020-07-18 12:00:00,CLEAR,DAYLIGHT,DRY,NOT ON SCENE (DESK REPORT),07/18/2020 12:55:00 PM,41.945552923,-87.786368212,POINT (-87.786368212009 41.945552922959),C,7,2020,12:00:00
b3353c3110d86d22842ca418b1954b59f2e694a9680d313c23a6c7151446f0c23028f7aef1ed0c49b418c171896dce319ae22f757093eaab8add59cab5a9b4f9,2023-01-03 18:35:00,RAIN,"DARKNESS, LIGHTED ROAD",WET,ON SCENE,01/03/2023 06:41:00 PM,41.903536788,-87.661859583,POINT (-87.661859582959 41.903536788031),C,1,2023,18:35:00
b1ac369d26f2cf3531d2c22c39320e102c64e6f55f71dd290ae6ecb914ed794bc8e0ed6c29dbff68419fe551469c1cf9ac803d1545e66a937eebfe380125f51e,2021-06-07 21:00:00,CLEAR,"DARKNESS, LIGHTED ROAD",DRY,NOT ON SCENE (DESK REPORT),06/08/2021 07:30:00 AM,41.992527473,-87.781455965,POINT (-87.781455965002 41.992527473043),C,6,2021,21:00:00
b3c2bcf3ef1e26e79827b2db0a6a3d7b2828102b51731cc186fb9d009396dded9cf424ef9db8c984e0642643da70537f77bba6eccc19b0f8d616b77b7f8281d8,2016-10-17 14:20:00,CLEAR,DAYLIGHT,DRY,NOT ON SCENE (DESK REPORT),10/17/2016 02:54:00 PM,41.944333465,-87.735897816,POINT (-87.735897816023 41.944333464962),C,10,2016,14:20:00
b10d4d71bf22a996a3dd595d5f241787ea78f5f5231e893cb54dd2453c58d8555f7cb64c10c5a1cebcdbdd14fb296b3428a7b7b5cadae05a87d3bafd6aa8e453,2017-10-09 11:00:00,CLEAR,DAYLIGHT,DRY,NOT ON SCENE (DESK REPORT),10/09/2017 12:00:00 PM,41.757144282,-87.56009239,POINT (-87.560092389961 41.757144282029),C,10,2017,11:00:00
b34da9bacacdff4e23a28580c34fd54c89c998e637c0e4166ca62846788e9b05cf6ff2832e616ccbc6c1c0ce59a8d142089a656f57168eef1844d642dbcc3557,2019-01-12 11:15:00,SNOW,DAYLIGHT,WET,NOT ON SCENE (DESK REPORT),01/12/2019 12:40:00 PM,41.969593156,-87.689782076,POINT (-87.689782075955 41.969593155969),C,1,2019,11:15:00
b3b141f7662bcf7bc4a9f680777728a52e8890dde118cf4f0e0ea1a626b0f507ce2fae2d1f799d4be5a33c5486ac1cc72fc7334ec982052f03cd72625d24b3ce,2021-12-22 12:05:00,CLEAR,DAYLIGHT,DRY,NOT ON SCENE (DESK REPORT),12/22/2021 12:07:00 PM,41.944889104,-87.666234974,POINT (-87.666234974011 41.944889103969),C,12,2021,12:05:00
b371cce733687d39a98ea82441451c86cfd93f692284f4eed0842b95fd005581eecd3fee9a23b32902c5307cb41d456ceff5f7b453ec2ac2b79c9d68a15aaec8,2018-02-16 08:39:00,CLEAR,DAYLIGHT,DRY,NOT ON SCENE (DESK REPORT),02/16/2018 10:33:00 AM,41.692335522,-87.636480715,POINT (-87.636480715012 41.692335522029),C,2,2018,08:39:00
b13440da67c73a7f5f7eadc8f58d38516d0cb1dc53fbcafe20fe549bc0431e896a00d4369ac63f3eb2ae129a3eefb308a35fa6b7fab92b22060720dd2d54651f,2018-10-06 10:00:00,CLEAR,DAYLIGHT,WET,ON SCENE,10/06/2018 10:05:00 AM,41.793387047,-87.801425844,POINT (-87.801425844009 41.79338704697),C,10,2018,10:00:00
b1dd0046b5d3f49da30e337406917350608b914e4b99b6c4b9c399f8a7373afd79f5662fa1aeb8d8874586d76dc554c989dd0e8f1b1aae4de0452f4a953f4524,2019-05-10 13:00:00,CLEAR,DAYLIGHT,DRY,NOT ON SCENE (DESK REPORT),05/12/2019 08:30:00 AM,42.010018661,-87.709056552,POINT (-87.709056551967 42.010018660983),C,5,2019,13:00:00
b10e0d6f417f387dfcbe2d28a64b53e9fa34849ecfd2b1103db5996adc4e422ad2846a4510dc6e1ff68c717c0e425b85db2fb47e5ce722ce19594e32baa3bdf5,2018-10-20 13:05:00,RAIN,DAYLIGHT,WET,ON SCENE,10/20/2018 01:30:00 PM,41.756894455,-87.59286789,POINT (-87.592867889958 41.756894454967),C,10,2018,13:05:00
b1f1482950b4d5254e9293c39a3211d6619d25a80d2876bfe381e46f9785c9ed9d5e87cfb0f150b4aecdfea8e4c7e29a0dd74c03ab823794ed5fbb8a89d87143,2022-05-31 11:00:00,CLEAR,DAYLIGHT,DRY,NOT ON SCENE (DESK REPORT),05/31/2022 02:25:00 PM,41.790021982,-87.689890816,POINT (-87.689890816015 41.790021982007),C,5,2022,11:00:00
b2c617df23663c46ebe1f09a6da81ad4f0a0b4103cdec625587d4efdfd3efbdbaca662b5a8ff9869fd21ba8a691efc70b7ee7645c9dafdc2f2940b7eb0ff13f2,2020-09-07 14:20:00,CLEAR,DAYLIGHT,DRY,ON SCENE,09/07/2020 02:23:00 PM,41.903536788,-87.661859583,POINT (-87.661859582959 41.903536788031),C,9,2020,14:20:00
b1ddfbe6f0fbce9debdb6fdbe95c51e3d4dfb62ae0ecf87c88546e6156beafc451c294dd3a7531365f9d988a1255dede76c8aee06f2b2512522ae11ac8b52a5b,2018-08-14 08:30:00,CLEAR,DAYLIGHT,DRY,NOT ON SCENE (DESK REPORT),08/14/2018 10:05:00 AM,41.887040052,-87.667158502,POINT (-87.667158502015 41.887040051999),C,8,2018,08:30:00
b2153b4b07fcdba333d00723588aa775d646f7346982dee18d8ba397b5173f240de069830389246aae8ae97625b9b7656fd2eae31ee9e8dac8eb1ab049d26ef4,2023-01-01 03:00:00,UNKNOWN,"DARKNESS, LIGHTED ROAD",UNKNOWN,NOT ON SCENE (DESK REPORT),01/06/2023 06:15:00 PM,41.970394345,-87.656398134,POINT (-87.656398133972 41.970394344974),C,1,2023,03:00:00
b32af276265c4bfd6f22fb2523999b18d563da7658f7ce9491531bccf98019e4cfa83d8f283584f2e190d1071fec169bd6f321615a93f01c88c5a52ef464ebb5,2017-03-16 13:11:00,CLEAR,DAYLIGHT,DRY,NOT ON SCENE (DESK REPORT),03/16/2017 01:32:00 PM,41.895527078,-87.699098183,POINT (-87.699098182975 41.895527077955),C,3,2017,13:11:00
b1f4f67ae339321863cbcc37d71a4320cd47cead5f59e698b4573064a16bf6d416226ab68eba08f75356e1a9402b2a2f3dea639ea6399c1cded43608211929e0,2019-03-17 17:00:00,CLEAR,DAYLIGHT,DRY,ON SCENE,03/17/2019 05:01:00 PM,41.741916078,-87.731527894,POINT (-87.731527894011 41.741916078034),C,3,2019,17:00:00
b3db990ea8af2682b43c1e2616a460fc7728166f47d53afc2ca9975b3ae50cc3bfe03c401efa9d4fbe58df36d04a3aa61118b03c1b1705eb33ba616eca4ef940,2020-11-21 05:47:00,CLEAR,DARKNESS,DRY,ON SCENE,11/21/2020 06:02:00 AM,41.78419815,-87.741365268,POINT (-87.741365267996 41.784198149971),C,11,2020,05:47:00
b32ea1ebea39299b92a6ca4cac1ba1f60a00e443c77117f3698ce4fc82210ecd937e5fd7d6a15a977f106e2c59f79de9bd9ef4f385700bb77faf5d303fadd4f3,2018-11-11 18:16:00,CLEAR,"DARKNESS, LIGHTED ROAD",DRY,ON SCENE,11/11/2018 06:18:00 PM,41.669100255,-87.640563536,POINT (-87.640563536017 41.66910025501),C,11,2018,18:16:00
b29a3b7dbf5793b48fa6a3f3fb3020120bf50b6c8596d96d6238c013321895f5d895fdd0e5d9e6dbafa402f72494421fe4ba3cb4793e6d0a0609635d235dfc79,2018-10-09 14:01:00,CLEAR,DAYLIGHT,DRY,ON SCENE,10/09/2018 02:04:00 PM,41.850049165,-87.724865737,POINT (-87.724865737019 41.850049164978),C,10,2018,14:01:00
b34cb5d8a71d079dec2b338f0324ee9500d28cd0062620ffc19a9e0e5cb9f93cbc0defa77f4d8a4daf6f9d702d64827a4d6e7a899d979e72e779b87dd38cefb9,2019-11-05 14:30:00,UNKNOWN,UNKNOWN,UNKNOWN,NOT ON SCENE (DESK REPORT),01/02/2020 04:58:00 PM,41.881779411,-87.654380269,POINT (-87.654380269009 41.88177941105),C,11,2019,14:30:00
b116df289b325cfd98d7158e1bc6e7eae39fdec7e2e8a01d2d05ab1809b93232f4277b6e948b7e83ae23a6398fbcd2a8b45d6dc5c705db944c62225988afcced,2017-10-16 09:00:00,CLEAR,DAYLIGHT,DRY,ON SCENE,10/16/2017 09:45:00 AM,41.802040988,-87.744381148,POINT (-87.744381147954 41.802040987964),C,10,2017,09:00:00
b1680776c8383cf334a4b210573a543d5ef0c69674f07448d23e69f28999fad6bc75500577097924511a6f10cf5145341f2888e3289608180ae67b9a356ff7c4,2020-03-12 00:00:00,CLEAR,"DARKNESS, LIGHTED ROAD",DRY,NOT ON SCENE (DESK REPORT),03/12/2020 02:40:00 PM,41.729797563,-87.561077105,POINT (-87.561077104996 41.729797563011),C,3,2020,00:00:00
b2a005cdc3e74beb3f956885fc318c4627df646f18319a6a270898a08ad0e4a8cef97cef98b56cfc40bf2ef75962951be06bf03a4fea9054bef3a1987eddaac7,2016-01-21 15:20:00,CLEAR,DAYLIGHT,DRY,NOT ON SCENE (DESK REPORT),01/21/2016 04:45:00 PM,41.744151639,-87.585945067,POINT (-87.585945066953 41.744151639042),C,1,2016,15:20:00
b2c0dc13df85884dc5e315763bda4219b63fa55a4fb3420a63c351ed999ef7e3b30f5a2170568726bed6ccc2e087f1cf7fafe50d767e5025f7be37540d043517,2020-03-05 08:20:00,CLEAR,DAYLIGHT,DRY,NOT ON SCENE (DESK REPORT),03/05/2020 08:39:00 AM,41.864124324,-87.666463607,POINT (-87.66646360701 41.864124323954),C,3,2020,08:20:00
b0fc4882a3c5f02d0257905d0305676aa6f4e4cd87592a8ff198a6b3abbcbf33fe22176455250742a94a668bb5b6ec3959197b67c9259ab0c3df32f7144e4b0a,2017-07-04 23:00:00,CLEAR,"DARKNESS, LIGHTED ROAD",DRY,NOT ON SCENE (DESK REPORT),07/05/2017 05:50:00 PM,41.878390352,-87.757767275,POINT (-87.757767275028 41.878390351978),C,7,2017,23:00:00
b39f853296970539c4b5bb4892bfc1ca742fa468dba7eb90ca8e7e2fae17d3270c67af4ad33428758763186d19468163ecee114c1cdd16dcf5f916c481291784,2018-09-11 20:55:00,CLEAR,"DARKNESS, LIGHTED ROAD",DRY,ON SCENE,09/11/2018 09:00:00 PM,41.915717526,-87.701891348,POINT (-87.701891347955 41.915717525962),C,9,2018,20:55:00
b26a98717e6f9c3dfb20688771c808fc991ab6d4e7b551ba2a0bf61bc609b5295b7d8dbf04f33efbf5abba348d4c3cc992a42f3fec7f7b539f12632e50bad635,2018-08-24 11:58:00,RAIN,DAYLIGHT,WET,NOT ON SCENE (DESK REPORT),08/24/2018 12:06:00 PM,41.893558892,-87.712081833,POINT (-87.712081832987 41.893558891963),C,8,2018,11:58:00
b1186e16a5c9c4396aee9cadf8e934463b83efc8b132ecf65fd10a21242c32ed841c9fb6c8645ca467c79a4b55db06514e4e1fd703d833eb1b95ed51880cd1e4,2022-03-01 17:48:00,CLEAR,"DARKNESS, LIGHTED ROAD",DRY,NOT ON SCENE (DESK REPORT),03/01/2022 06:30:00 PM,41.777909863,-87.683753544,POINT (-87.683753543988 41.777909862995),C,3,2022,17:48:00
b160b89dd445683843d45585505772c5905899e9bb97d66ab1908995b90139eccbaedd733e8f609993f8a01b285fed05673affa95be9c435eece19b045392d08,2019-05-24 08:25:00,RAIN,DAYLIGHT,WET,ON SCENE,05/24/2019 08:25:00 AM,41.973483454,-87.669414759,POINT (-87.669414759049 41.973483454001),C,5,2019,08:25:00
b1ea436d4ef18cc58579d8e7e8842f6378ac6c194f9d31a8f22b3565f59a4adaa9d23dcb936080b2016ce95411c311d1c887f9204d579ec36237cade0603ca42,2021-11-22 11:42:00,CLEAR,DAYLIGHT,DRY,NOT ON SCENE (DESK REPORT),11/22/2021 01:15:00 PM,41.785387445,-87.606183761,POINT (-87.606183761008 41.785387444959),C,11,2021,11:42:00
b1d5e6d1cd5ef9b622c11d8a12da107acf89872f533370bb81ac20724e4c568f564974c6c5824b5da2bf7779459d1ac53e27d503fed314f018c015948593ab1d,2019-02-08 20:19:00,CLEAR,"DARKNESS, LIGHTED ROAD",DRY,ON SCENE,02/08/2019 08:20:00 PM,41.919626611,-87.746042496,POINT (-87.746042496029 41.919626611008),C,2,2019,20:19:00
b2749b4e58313ac5029a05f6a69a3c92c57faad0ce04566166671e2b6903f8017cb0bffda46f894301409210791f5204ba167b8d2520fb5ab0827919a75baca7,2022-02-01 07:50:00,CLEAR,DAYLIGHT,DRY,ON SCENE,02/01/2022 07:55:00 AM,41.958986951,-87.933993929,POINT (-87.933993928974 41.958986950953),C,2,2022,07:50:00
b2596b5cfbf76fc3ebdb8af2a38abf4ab7dc75185a00c9a2f06606fe84621e5a6361bd355f4aedc7448cd474a7c6dba9cd928a2ab81e2cb51950622b1adc2152,2021-01-14 06:45:00,CLEAR,DAYLIGHT,DRY,NOT ON SCENE (DESK REPORT),01/14/2021 03:37:00 PM,41.744190021,-87.607320003,POINT (-87.607320002997 41.744190021034),C,1,2021,06:45:00
b30e9440732d2ab43daac5b7e037bc2a8a1064a2ea7dd0cd31d1b48bb59d1589811ba51f76f0e9cd940aedf7211aad7c567edf49af8d8d33272cd30d4964d8a5,2021-02-26 07:00:00,UNKNOWN,UNKNOWN,UNKNOWN,ON SCENE,02/28/2021 09:20:00 AM,41.7598849,-87.628637628,POINT (-87.628637628043 41.759884899998),C,2,2021,07:00:00
b36e289ac5d0e090027ca569a2271c4a2f268b2655b7012e5b738c7609855d1355b78a34c91c1ed0cb70880efea886b7c7c5038ac9610d885bae4ef90a1a6de9,2021-10-07 15:47:00,RAIN,DAYLIGHT,WET,ON SCENE,10/07/2021 03:48:00 PM,41.958986951,-87.933993929,POINT (-87.933993928974 41.958986950953),C,10,2021,15:47:00
b29da9c1196b8b3b81dda9c2b392894ab93c4b6f956a3aaef7be7b8e0294a7c827308f22b0fd7ba77979571411ccc92c1b88f3c3193f7837771f49c3dfa2e3e0,2022-07-29 17:00:00,CLEAR,DAYLIGHT,DRY,NOT ON SCENE (DESK REPORT),07/29/2022 09:30:00 PM,41.968680809,-87.693861033,POINT (-87.693861033037 41.968680808972),C,7,2022,17:00:00
b153071100235d3aa964bff1fe3cf4111e481fa604b863b2659d32a4a30b88cad7bb119c01a01411435b786905896b7e49ef2139da7a5ac04609ceb406b57ca7,2016-12-23 12:45:00,CLEAR,DAYLIGHT,DRY,NOT ON SCENE (DESK REPORT),12/23/2016 02:00:00 PM,41.768075335,-87.61150984,POINT (-87.611509839999 41.768075335038),C,12,2016,12:45:00
b1d52d2251eaa52ae9ecdffc46ae22634268ececaac75a4cc28dfbc56591d1ea4a3ab749eb144873015c9f49d23e0f2bd4b52271b0ffe760503b79cb63578a4e,2017-01-20 17:20:00,CLEAR,"DARKNESS, LIGHTED ROAD",DRY,NOT ON SCENE (DESK REPORT),01/20/2017 07:00:00 PM,41.913682897,-87.633329737,POINT (-87.633329737007 41.913682897035),C,1,2017,17:20:00
b10d4acb1cc6e92a3b59bba108ba727d7a71b415ba013a529e9eb9d0b3ad26143fd8d32f4ccc81102002000ff87c0b871d4ba2a365378f01588a6d92594f4e7b,2018-05-04 04:04:00,CLEAR,"DARKNESS, LIGHTED ROAD",DRY,ON SCENE,05/04/2018 04:06:00 AM,41.794090446,-87.630527331,POINT (-87.630527331008 41.794090445987),C,5,2018,04:04:00
b2b707ffd07f40273d92773d94de75834b02fb475d6207d40c6663d069d56974165d606eb3e5021cd62a3acb0d3b3431723360b01b5c98c156b9d6fa8ba811a7,2019-01-25 17:54:00,SNOW,"DARKNESS, LIGHTED ROAD",SNOW OR SLUSH,ON SCENE,01/25/2019 05:56:00 PM,41.894989505,-87.761902885,POINT (-87.761902884992 41.894989504972),C,1,2019,17:54:00
b116122bfb0e46d08ac911b67d533d6fb892bca6e5d9aa0f225f1ddb1d39ebe61661bd22a732b08490d4155cfcf7009db81132d7b15e551ae00b460e8dfacaf5,2022-08-16 13:15:00,CLEAR,DAYLIGHT,DRY,ON SCENE,08/16/2022 01:15:00 PM,41.781254039,-87.781247113,POINT (-87.781247113038 41.781254039043),C,8,2022,13:15:00
b354c55fe2d92969d07b4c590a3f476262396bd7b963a348829464556ad4c92d41aa40428e47f051ec7307f4ea31aa93cba94fc43f9105ef3b7cd8902a86ce17,2022-10-07 19:15:00,UNKNOWN,UNKNOWN,UNKNOWN,NOT ON SCENE (DESK REPORT),10/07/2022 07:28:00 PM,41.882211292,-87.710898608,POINT (-87.710898608036 41.882211292041),C,10,2022,19:15:00
b151c2fe86b0785fc81703be4d02f7ecb5674e8d98fd9a1560ea353b2475b68e3e19eafd1426770e4e57987da5c6f79d4c1a12f337965dfd1508972913c76bd0,2018-02-01 18:00:00,CLEAR,"DARKNESS, LIGHTED ROAD",DRY,NOT ON SCENE (DESK REPORT),02/01/2018 07:05:00 PM,41.744151639,-87.585945067,POINT (-87.585945066953 41.744151639042),C,2,2018,18:00:00
b42dae46a0df02b973aebc82c2731370dd03d27a3b953159d7aac7c4310fd6538179bfba41ba8803a1d7a55aefe94742822fcdc67e35a6a830d0530fcf004a32,2022-10-24 08:30:00,CLEAR,DAYLIGHT,DRY,ON SCENE,10/24/2022 08:52:00 AM,41.790028246,-87.688586028,POINT (-87.688586027965 41.790028245989),C,10,2022,08:30:00
b629d5acf568adb4d97da35ccef1e118f5b096da99e696d2baa4adc603d939b4cbca63fcf94c62bcde200dd09bd56e351b9ef14ffed55993a41babd4dac263da,2023-04-26 12:48:00,CLEAR,DAYLIGHT,DRY,ON SCENE,04/26/2023 12:49:00 PM,41.75869138,-87.60533417,POINT (-87.605334170015 41.75869137995),C,4,2023,12:48:00
b60f7a70dd9cd8b409ffadaaf2e8366f2e99e3409160c91e1164c209553e30da1899b9ff6ed600bc2c034762fb83b77daf5b860b985716620973f169996662f4,2019-05-29 18:25:00,CLEAR,DAYLIGHT,DRY,NOT ON SCENE (DESK REPORT),05/29/2019 10:10:00 PM,41.862255838,-87.718167919,POINT (-87.718167918954 41.86225583798),C,5,2019,18:25:00
b591003b056a3d738244617ae37b377052ff5ba261c1f01af4432f60ae5dddb35e959472ff699c3335addaa1d0ea5ff0cd35bcdc39bee14b71b0cc3945f7f7ac,2017-06-11 18:00:00,CLEAR,DAYLIGHT,DRY,NOT ON SCENE (DESK REPORT),06/11/2017 06:50:00 PM,41.693542585,-87.718134611,POINT (-87.71813461102 41.693542585044),C,6,2017,18:00:00
b45cb86c3741f34b0d467d632e7ead80ab73b0c7bc8c7eee30efc557179f59096978e8bdf90647eee88719c97576fd5a8cf461ed858900da99f17998f3540512,2021-03-25 17:20:00,CLEAR,DAYLIGHT,DRY,ON SCENE,03/25/2021 05:22:00 PM,41.761080381,-87.688101681,POINT (-87.68810168101 41.76108038097),C,3,2021,17:20:00
b669d4f39431baae716bee2483fb9f4d4b1c6b340acede77d5097603046d229ed527caf6434f12fa452e782f412ed10320c7ea0a85cb57f07cf47d94e8d5a53c,2022-05-15 09:00:00,CLEAR,DAYLIGHT,DRY,NOT ON SCENE (DESK REPORT),05/18/2022 09:45:00 AM,41.793826238,-87.722096988,POINT (-87.722096987971 41.793826237973),C,5,2022,09:00:00
b3fb0cc6f099362a04d8d163bd8d39aa862da646c0b5e5a7f91a2ddd0714dd5b42ad3c9b83b167ca69bbe109b6cca8a0d784d6a37e001bec7c7b8ef5045e6e46,2022-07-12 20:35:00,CLEAR,"DARKNESS, LIGHTED ROAD",DRY,ON SCENE,07/12/2022 08:40:00 PM,41.946069451,-87.760265019,POINT (-87.760265019005 41.94606945105),C,7,2022,20:35:00
b628d1b64c8d0df8fb9643f9929153efc56a72e01b1b3f1481442aaee22c6c4fb95c1bf4bebba96cb2b3715053e80bf2ff47e09583874ef6da1603623ff8a4fb,2022-09-22 16:15:00,CLEAR,DAYLIGHT,DRY,NOT ON SCENE (DESK REPORT),09/22/2022 05:29:00 PM,41.793378954,-87.584053824,POINT (-87.584053824031 41.793378954013),C,9,2022,16:15:00
b450bcb48353d6c2115d68b24d11aaeb6bc73476bcec4c3eeffca364ffd2d7f02d9c3e88e44550f96f3014a377590f5bff2bd65a601e07571c20d78e11df181c,2017-04-05 00:55:00,OTHER,DARKNESS,DRY,NOT ON SCENE (DESK REPORT),04/05/2017 02:13:00 AM,41.903732495,-87.650919283,POINT (-87.650919282999 41.903732494983),C,4,2017,00:55:00
b6217957017b02508427b36d68a927f6f5d0bf517a3991693ac0773144acd39835565c0bea61789b59c8af1a79ca055da87b42bd859b051800fae72672d0dedd,2021-03-15 16:20:00,SNOW,DAYLIGHT,SNOW OR SLUSH,ON SCENE,03/15/2021 04:28:00 PM,41.787961159,-87.625676201,POINT (-87.625676200972 41.787961158951),C,3,2021,16:20:00
b44095861715e59c9c1e5b8a2ff53afb5685f3564e8c7220e1ce20671caf471104fa975d7489aa80b4f4bf379836f5313d6e1a606d9dbaaddd8547b4d8d17ed3,2021-12-30 15:06:00,CLEAR,DAYLIGHT,DRY,NOT ON SCENE (DESK REPORT),01/05/2022 02:05:00 PM,41.903536788,-87.661859583,POINT (-87.661859582959 41.903536788031),C,12,2021,15:06:00
b59219471b7f553c8de5aaa4a96225d2f8cf7e60a962ceadd74ab78f8fbf9c3f803b024c954111d19bc64b44c2844a90839d63c07017e3b7f12e7b9cf0fe4064,2019-11-04 16:55:00,CLEAR,"DARKNESS, LIGHTED ROAD",DRY,NOT ON SCENE (DESK REPORT),11/04/2019 05:25:00 PM,41.866119494,-87.720927574,POINT (-87.720927573996 41.866119493974),C,11,2019,16:55:00
b45e5d47763b9000695a2439f3b4897596d2917d7f51529f3be6916d0fd5935f959c218b280401d3fb28af3a83eda4d183bdedfac712ca3cfbdbcd6ec72527fc,2020-04-27 12:00:00,CLEAR,DAYLIGHT,DRY,ON SCENE,04/27/2020 12:05:00 PM,41.830686238,-87.659454461,POINT (-87.659454460965 41.830686238041),C,4,2020,12:00:00
b453570c6e11bab4fb00e77e37c47f5c4a35e6d7e92cc3f722d8820386d9e41624fc51fb065ef899a4ce13ee0c2817c627c090f885f2906d2f82da13a810d7a9,2018-09-21 15:10:00,CLEAR,DAYLIGHT,DRY,NOT ON SCENE (DESK REPORT),09/26/2018 02:45:00 PM,41.977089945,-87.660033687,POINT (-87.66003368701 41.977089944963),C,9,2018,15:10:00
b630b6b185b5f36312eea6e2bed901bbb42c0c7206a89ab99553d7daa5ebb8c9c34bfcd2ecb1d45cc342ff6377dda5371a90d302ea2ec7daac6f9d7fd37dd83b,2019-08-06 17:50:00,CLEAR,DAYLIGHT,DRY,ON SCENE,08/06/2019 05:50:00 PM,41.882211292,-87.710898608,POINT (-87.710898608036 41.882211292041),C,8,2019,17:50:00
b5b9b5051aa4cafaa42835f913970dc397bb4836e6f2530cdc1b029f80d8f18ab6a0316166a14b6d6755b79535c0b0c7db212af5c3dd7cc7abc222d588bc7ce5,2016-12-20 21:10:00,CLEAR,"DARKNESS, LIGHTED ROAD",DRY,NOT ON SCENE (DESK REPORT),12/20/2016 09:24:00 PM,41.878883432,-87.674619503,POINT (-87.674619502993 41.878883432002),C,12,2016,21:10:00
b4d9a98d3efa12f83e3d664ca7bd77ca4cfc5eda62d628605654cf4bcc399cf5f2555d5faf2f4b57719e1796a595495829eb7bbb676915b6fff98e6f7d7354ec,2022-08-05 11:45:00,CLEAR,DAYLIGHT,DRY,NOT ON SCENE (DESK REPORT),08/05/2022 03:24:00 PM,41.947445791,-87.647170375,POINT (-87.64717037502 41.947445790953),C,8,2022,11:45:00
b68c76e3cba5bd2cc2057f1d34f6d8567cf716d0dd73d2eeaaba1147f63f15e56eb9e9e3d0bd188c038f4ce5a6a2763d5edf102db5387e51f54df8b5c7f7f087,2022-07-30 02:54:00,CLEAR,"DARKNESS, LIGHTED ROAD",DRY,ON SCENE,07/30/2022 02:54:00 AM,41.991040483,-87.672380163,POINT (-87.672380163027 41.991040483021),C,7,2022,02:54:00
b6667f7a02f1b0d34820916506abc493bec8f63090f5760905eeca607a1600bf5bdf59516bebbc3bdc2d69d9070a478eacb6847456e7fbc3dda3316a23172a1c,2020-02-29 08:55:00,CLEAR,DAYLIGHT,DRY,ON SCENE,02/29/2020 08:59:00 AM,41.938266954,-87.795761499,POINT (-87.795761499004 41.938266954026),C,2,2020,08:55:00
b47ee7873802d74728c7b0ce01127aa203842d5358ebe4fc233c6c249f6a1bc3aa875d884cdd1a891d345f0762d828f247681bb94ff9a309892b442455b65362,2021-09-14 12:55:00,CLEAR,DAYLIGHT,DRY,ON SCENE,09/14/2021 12:56:00 PM,41.882211292,-87.710898608,POINT (-87.710898608036 41.882211292041),C,9,2021,12:55:00
b5d284ac4672fba9241e1e816d71cb4acaf3686284edfa908b6fbf22abe1217f5555d051535f525ea0ed21f983a2580d8d9a34640a9322ab17c26b0d99108d82,2022-06-24 09:00:00,UNKNOWN,UNKNOWN,UNKNOWN,NOT ON SCENE (DESK REPORT),06/27/2022 04:45:00 PM,41.800411253,-87.678072955,POINT (-87.678072954993 41.800411253011),C,6,2022,09:00:00