CRASH_RECORD_ID,CRASH_DATE,WEATHER_CONDITION,LIGHTING_CONDITION,ROADWAY_SURFACE_COND,REPORT_TYPE,DATE_POLICE_NOTIFIED,LATITUDE,LONGITUDE,LOCATION,CRASH_TYPE,CRASH_MONTH,CRASH_YEAR,CRASH_TIME
b4d621ce13af944df0cbefee66f9105619d35deab37209276ba81588b2098aac28d8d3f88c0d1be02ed4578f125997efa25a4196ea8b708d2fd104aaa13cd1cb,2019-04-11 20:00:00,RAIN,"DARKNESS, LIGHTED ROAD",WET,ON SCENE,04/11/2019 09:40:00 PM,41.752036956,-87.717348952,POINT (-87.717348952039 41.752036956013),C,4,2019,20:00:00
b6b10628054b5473b50c7a05924162fbc04b32a23d858e79413c004754a6691da56c23abb7ac29bd0c769418e2c606c9b7432eab8b39f6d12987de560c76d31a,2022-12-23 09:15:00,BLOWING SNOW,DAYLIGHT,SNOW OR SLUSH,ON SCENE,12/23/2022 09:20:00 AM,41.958986951,-87.933993929,POINT (-87.933993928974 41.958986950953),C,12,2022,09:15:00
b535714f787062745c9a058bc1b4f2e4b2a7625a48c4c1e8e205528fc98da042fd94a9a699e9980b0c22f4264ad88c03936130605301903404445939814fec51,2016-10-03 17:30:00,CLEAR,DAYLIGHT,DRY,NOT ON SCENE (DESK REPORT),10/03/2016 06:45:00 PM,41.773581098,-87.574450281,POINT (-87.574450280992 41.773581097988),C,10,2016,17:30:00
b3ebb2b212e9adafb232b282f8767960fa773bace44b80e7e305c4ce1162863650290b50444e180873f1fda8baa88894757c140f3d37d12109aeae71bb5415ee,2022-01-04 17:25:00,CLEAR,DAYLIGHT,DRY,NOT ON SCENE (DESK REPORT),01/04/2022 07:03:00 PM,41.741803599,-87.740953582,POINT (-87.740953581987 41.741803598989),C,1,2022,17:25:00
b52595882cefcb115c53d4d27a535183feb776c7c826622ad8ba6c132ce0d77ab11c19ae360966255382715f8f77826c32a477efca1e953b39231d258132988c,2018-07-29 05:00:00,CLEAR,DAYLIGHT,DRY,ON SCENE,07/29/2018 08:17:00 AM,41.842323061,-87.712443957,POINT (-87.712443957006 41.842323061012),C,7,2018,05:00:00
b5c04311d708e985d21a96e1e377fc06aa20c58dc8fc62528f3801dfd3de22478373950823a2c7310557ebbb016e36bb7bca16d9a98a6babfcc06e4eccd8e3ec,2017-10-06 20:45:00,RAIN,"DARKNESS, LIGHTED ROAD",WET,NOT ON SCENE (DESK REPORT),10/06/2017 10:05:00 PM,41.945494069,-87.717130711,POINT (-87.71713071099 41.945494068972),C,10,2017,20:45:00
b66f4c3cf56d6c387bccc8e0128d38e0031cd0c03971013f9ba801235aa029bc3bd7597f5961c0f4ffd66d85cab3a5fb6285e69543e7a52cefa4ffff726e5ab0,2017-07-31 18:45:00,CLEAR,DAYLIGHT,DRY,ON SCENE,07/31/2017 06:48:00 PM,41.975791662,-87.714481854,POINT (-87.714481853982 41.975791661981),C,7,2017,18:45:00
b68ae1cf122fa42238e3251716a1161a1ba4fd2d0bd01f79997c23070894f19e11d570a31769c0d5d27f79e45ffdcc997ed09ed56129968f636614d313f4798b,2022-07-23 17:05:00,UNKNOWN,UNKNOWN,UNKNOWN,NOT ON SCENE (DESK REPORT),07/23/2022 05:30:00 PM,41.948861464,-87.659353493,POINT (-87.659353493016 41.948861464028),C,7,2022,17:05:00
b6940bcd664eeec5a3ba8b49b59a3b050b9f3732f0eab261c09d9e6b9ee2063d67146b65e3645d3c896a2633dd69900865ea402e506f7f6900187a8189d995f5,2018-07-03 19:13:00,CLEAR,DAYLIGHT,DRY,ON SCENE,07/03/2018 07:16:00 PM,41.77125351,-87.723272314,POINT (-87.723272313996 41.771253509998),C,7,2018,19:13:00
b4330b019e5eaf217fac87f472548bb8f7b372cef0d937aa623415a9fb9692ded00acb021a28969af8548a101e09c7205e87bfdfb4f364a74a24acb7803a49cb,2019-01-26 15:20:00,RAIN,DAYLIGHT,WET,ON SCENE,01/26/2019 03:45:00 PM,41.915470713,-87.656841048,POINT (-87.656841047981 41.915470713028),C,1,2019,15:20:00
b6b2f5c5cc81438f9efec26a23c0dac95813b49451b2fe0827a46a8ab8db47402d790354a4e3e5ecdc0e97fee85597bc1c778a9e0e1765835beb883c6121f89f,2016-05-24 07:10:00,CLEAR,DAWN,UNKNOWN,NOT ON SCENE (DESK REPORT),05/24/2016 04:40:00 PM,41.898607736,-87.765435936,POINT (-87.765435935974 41.898607735996),C,5,2016,07:10:00
b3edf287e125d257e893532953ff13dc17a57e8cd23e06a215faf6ce88221b7b1e28374fc6909b0449d8a74b9cf8ea9a7723c6b9faf19f8d28e41f7f3fa8fa06,2022-02-05 02:08:00,OTHER,"DARKNESS, LIGHTED ROAD",SNOW OR SLUSH,NOT ON SCENE (DESK REPORT),02/05/2022 02:14:00 AM,41.968816134,-87.682510907,POINT (-87.682510906987 41.968816133971),C,2,2022,02:08:00
b6ab2962aa0a438649f3155c043bb43d79f0ddca8d368b25821e2ed1219f59b5f871c50d39f8b1317283729c26b9706af2a6e07352ce0c7f559a91cccecf4cc4,2021-12-14 09:55:00,CLEAR,DAYLIGHT,DRY,ON SCENE,12/14/2021 09:57:00 AM,41.79616458,-87.650128788,POINT (-87.650128788043 41.79616457997),C,12,2021,09:55:00
b50593a923927cac693ae5e2e87bbade6c02a8885903a3abbf92128b40a8aa6bd702271a7996ca8ae4fac52e5e65fd6e33dbb34f2a077d8368d7ca2aa4649a4e,2022-04-04 23:00:00,UNKNOWN,"DARKNESS, LIGHTED ROAD",UNKNOWN,ON SCENE,04/05/2022 01:51:00 AM,41.772728349,-87.660532607,POINT (-87.660532606958 41.772728349029),C,4,2022,23:00:00
b48be1a611683fb4242a6dcb8c5c533e671bb3cab829e528093d0259900e6fc9320d32cb74b547d6bd21ab018e594b6cc30c37349cbe072e90ef230c59bb06ba,2018-03-24 11:00:00,CLEAR,DAYLIGHT,DRY,NOT ON SCENE (DESK REPORT),03/24/2018 11:36:00 AM,41.932433736,-87.659435779,POINT (-87.659435778993 41.932433736019),C,3,2018,11:00:00
b3f8ef4f8718441efdfadc2093091c784a62788a5ff223266085cad76cddf7f18c2e0c1a8d10ead49292009485411abfbad6ec505afc14aa30b641e31e097178,2020-10-15 13:10:00,CLEAR,DAYLIGHT,DRY,ON SCENE,10/15/2020 01:15:00 PM,41.735617968,-87.682663369,POINT (-87.682663369002 41.735617967973),C,10,2020,13:10:00
b3f319bc1f61d17cf77af2f5844fc8a9744d44b6e4335459033289d9cf069893d87f3f28e013c45b0c81678e5a49edb6aea01b1846f8d252ea0824369259662d,2022-12-23 10:51:00,CLEAR,DAYLIGHT,SNOW OR SLUSH,NOT ON SCENE (DESK REPORT),12/23/2022 03:30:00 PM,41.737779404,-87.63894634,POINT (-87.638946339975 41.737779404014),C,12,2022,10:51:00
b4652aa6b2c5e3413e7f2789fa871520867a2a4d3940bed904e720c23e8c6db90ae3f435aa660917733ef7ff6e9e7ec49fa25f53e577d915d35bb8f10e1c7fec,2021-11-26 23:20:00,CLEAR,"DARKNESS, LIGHTED ROAD",DRY,ON SCENE,11/26/2021 11:21:00 PM,41.958986951,-87.933993929,POINT (-87.933993928974 41.958986950953),C,11,2021,23:20:00
b4371cb56e7268c8e0efd7c0fb2d6c33ae45260e551b6dd1e36085287ccc1ca69b6e4263101d1ba2a9730415c50c67109d59d8a603df603b36aca9c0c00e121e,2017-10-11 18:15:00,RAIN,"DARKNESS, LIGHTED ROAD",WET,ON SCENE,10/11/2017 06:16:00 PM,41.895088594,-87.721032221,POINT (-87.721032221046 41.895088593981),C,10,2017,18:15:00
b63bbefb085698a3b370e19727caa3192aa2aa7065c3ac5a36032498228650907e625c17be3d6145abd693f175a8d632e2e38d932c84c7a277649638a8b4706b,2021-09-14 16:39:00,CLEAR,DAYLIGHT,DRY,NOT ON SCENE (DESK REPORT),09/14/2021 05:10:00 PM,41.809974731,-87.723514791,POINT (-87.72351479096 41.809974730978),C,9,2021,16:39:00
b670ac523156b61cd894d503b8b0848e33d01f6b48dee2a171b431d5108aecc94eabdcea57c60ec1fc558a4b8fc92f51148dc8ddf55d0e037aae8533e5c493f1,2017-09-08 07:45:00,CLEAR,DAYLIGHT,DRY,ON SCENE,09/08/2017 08:00:00 AM,41.918075676,-87.647865591,POINT (-87.647865591007 41.918075676022),C,9,2017,07:45:00
b4305c1d3181a9dc5913d4f5c00d5264faac75fcb3a127d4ca98542085bf94d7123105f0bcdb8ff26e74028604b6dff1c54268793848cb0d1d632d8e5002b9e6,2022-04-14 22:13:00,CLEAR,"DARKNESS, LIGHTED ROAD",DRY,ON SCENE,04/14/2022 10:13:00 PM,41.917103631,-87.687248767,POINT (-87.687248767006 41.917103631009),C,4,2022,22:13:00
b3e69fc2017351745d50578be91ba7d9389c6bed569458a9ddd017e9ff7ba653c415907dd50eab0d2fe65d0bcca37f480f79e64c5ca8a2f487e0771f600c68a1,2018-12-17 11:45:00,CLEAR,DAYLIGHT,DRY,ON SCENE,12/17/2018 12:00:00 PM,41.881817472,-87.651627211,POINT (-87.651627210982 41.881817472013),C,12,2018,11:45:00
b488b13a88c065df6636d4a9dc1dd55a63befc5584640be3429fb75a9be2aae7f4cdd853b8a43457d3f8de3356dac993deae00ea4be903f297d07a6c15b80db4,2018-03-15 21:45:00,CLEAR,"DARKNESS, LIGHTED ROAD",DRY,NOT ON SCENE (DESK REPORT),03/15/2018 10:45:00 PM,41.932604222,-87.727148226,POINT (-87.727148226037 41.932604221966),C,3,2018,21:45:00
b536d06366d4e1defe5383189dc2291f8c9d2c00487be71b9443d88bf6157f744dadebfacf3c51d37c6bc01efeb8c7a90b9c5aab58646bb1e2f5c9d49590a6f4,2022-03-22 08:15:00,RAIN,DAYLIGHT,WET,ON SCENE,03/22/2022 08:25:00 AM,41.958986951,-87.933993929,POINT (-87.933993928974 41.958986950953),C,3,2022,08:15:00
b4bfb580be800466af84c3c9a2812c814a66d48e1f4ad2eee60f2b0ff009d07b511cbe125db63088217db1833288b2283559fd03e3b14f390f45462456818aec,2021-05-22 01:37:00,CLEAR,"DARKNESS, LIGHTED ROAD",DRY,NOT ON SCENE (DESK REPORT),05/24/2021 06:35:00 PM,41.773455972,-87.585022352,POINT (-87.585022352022 41.773455972008),C,5,2021,01:37:00
b4d51ebe691b03c5a2de9223cd18b0eaf92f4db6cff562974c70885b902128ee57a6c1d79e20121b78cb8a5f24acc0cc270b9f6687f5c52ae5cb14127674d342,2017-07-25 14:40:00,CLEAR,DAYLIGHT,DRY,ON SCENE,07/25/2017 02:47:00 PM,41.837385459,-87.702442532,POINT (-87.702442531983 41.83738545903),C,7,2017,14:40:00
b589dda5870b353c41a6065585847eb49c0bec43843c20db5b2b9cccca186563bbbe5ff8df922e872ab668bd05bd98da6b10e6089c2f4e2af2ba86425b274e8c,2018-10-22 07:05:00,CLEAR,DAYLIGHT,DRY,NOT ON SCENE (DESK REPORT),10/22/2018 07:35:00 AM,41.984689364,-87.66886593,POINT (-87.66886593 41.984689363986),C,10,2018,07:05:00
b498d9f36dd6c6d7cc91655e55895077e629313c1fbd24b793798fa768f5eac089d9d386a51844704b264939ceb43e08c0ce017f0877f82a0da37700bcdf3bb3,2018-08-16 16:46:00,CLEAR,DAYLIGHT,DRY,NOT ON SCENE (DESK REPORT),08/17/2018 09:40:00 PM,41.884600962,-87.627828521,POINT (-87.627828520965 41.884600961961),C,8,2018,16:46:00
b4fae8d87277da4da185312e23d70b5d28509b1a1d52bd293078bbf9dbedb9784ca7f581ca88e990e9f3a097ccf43a3b573ff53cee781c046be242bf463f2451,2018-02-18 10:35:00,CLEAR,DAYLIGHT,UNKNOWN,NOT ON SCENE (DESK REPORT),02/19/2018 05:25:00 PM,41.821728572,-87.626248912,POINT (-87.62624891199 41.821728572034),C,2,2018,10:35:00
b5d665a1b165e26cbcabd04ef98939dad13e83ede85f4051230139b53171164b4505c2220eb737b28b2fcf038e695d9da05e1d238f6dad1c7332b26f4ef63c02,2021-06-13 06:40:00,CLEAR,DAYLIGHT,DRY,ON SCENE,06/13/2021 07:00:00 AM,41.940941649,-87.705367848,POINT (-87.705367848016 41.940941648995),C,6,2021,06:40:00
b5c477e4032893b034cb72da353ee8f4fc1bed3b90d5d1de5b262216ae06e043c6d307275ad2dd84a123f87d0e4695237eead3680b13b37b65b0b3fd3178a427,2023-01-17 19:00:00,CLEAR,DARKNESS,DRY,NOT ON SCENE (DESK REPORT),01/20/2023 03:00:00 PM,41.809874687,-87.604526948,POINT (-87.604526948047 41.809874686958),C,1,2023,19:00:00
b40db6e6456f2ac300e806157bffe54525cbe56e44037b3ab7e04fa3e1e9eb6dd41393e8354302e6e33a033bcf7f923a67f5fae530abe4bb96b4e512eef384c4,2016-07-02 06:55:00,CLEAR,DAYLIGHT,DRY,NOT ON SCENE (DESK REPORT),07/02/2016 07:30:00 AM,41.784385694,-87.740065946,POINT (-87.740065945952 41.784385693962),C,7,2016,06:55:00
b41cfd128855f3db6a930d538922d367df89bdbcc7aa9511c822da394f110af414e4e9ee35061adacd5f32fe4299961188705f2458d308f7e9e51b31af3fc396,2016-11-23 09:30:00,RAIN,DAYLIGHT,WET,NOT ON SCENE (DESK REPORT),11/23/2016 11:20:00 AM,41.891621161,-87.624253929,POINT (-87.624253929022 41.891621161011),C,11,2016,09:30:00
b672a7712878d9b096fdc1559aac464f90fd19092394886cb4b4a20bb91fd05784b210331b51368af5702fb1b23bfde82f8c752124650a23c4a7faa23900042e,2019-08-16 16:26:00,CLEAR,DAYLIGHT,DRY,NOT ON SCENE (DESK REPORT),08/16/2019 07:35:00 PM,41.805327954,-87.7417244,POINT (-87.741724399998 41.805327954034),C,8,2019,16:26:00
b65a223b6e1e4444c1d728eeb6a790ac7c4005d0a4e75607be3870755337457fe81b0bacf2cb18e8e9b5117c4f3250d9d0619eb1baf0048b3fe81af9936c3815,2019-02-05 11:15:00,CLEAR,DAYLIGHT,DRY,ON SCENE,02/05/2019 11:20:00 AM,41.997655095,-87.699498438,POINT (-87.699498437993 41.997655095),C,2,2019,11:15:00
b4505ba04a4b6d14bc1c75947573cb34d0130f82bde75bdd39aec4e56296e4f083c549d3d65c56b5540fea1da7fe7ec868ade61f6d98cb730066a6bf305b701a,2022-09-09 19:45:00,CLEAR,DUSK,DRY,NOT ON SCENE (DESK REPORT),09/09/2022 08:12:00 PM,41.749621025,-87.682687851,POINT (-87.682687851001 41.749621025041),C,9,2022,19:45:00
b44eb00b7b28886e027e980ede9dbd8a9a3c248c32d77caf893284c430eef7fa6bc1f27cc7b2f7d3d903852786130bbc563b300dd7de5e81bec851df99d0da30,2022-01-04 09:30:00,CLEAR,DAYLIGHT,DRY,ON SCENE,01/04/2022 09:45:00 AM,41.975355803,-87.65189745,POINT (-87.651897449989 41.975355802966),C,1,2022,09:30:00
b57cdd4ab76c2efbc3759e1cb124b101dcbcee6aee2b9cb0be0ee6f103dc899d705315f7874ea90fdc17bb02997310bcf8870ab1a116155a436425524d37572a,2022-10-01 06:40:00,CLEAR,DAYLIGHT,DRY,ON SCENE,10/01/2022 06:45:00 AM,41.992154584,-87.693222892,POINT (-87.693222892039 41.992154583978),C,10,2022,06:40:00
b4dffc092c64eecfa4d83cbb1453c0ba4f58b1ffce5c53442f6096e2b78986a86fefb4ecfdfda1230bed5ebb068cdc21db26cbd1eccdcabf90ba35928341d694,2020-06-02 14:05:00,CLEAR,DAYLIGHT,DRY,ON SCENE,06/02/2020 02:07:00 PM,41.830990865,-87.665727039,POINT (-87.665727039022 41.830990864953),C,6,2020,14:05:00
b6328f55cdd31bd6be9112b7f0bb1f0d8c8c23bf3e65a83525e48f50133f8834ebcd737680c7b3eacf1a466f882ce0d4d2067c14c9f1ec88b1d8b53bf0ada6ca,2018-01-18 20:10:00,CLEAR,"DARKNESS, LIGHTED ROAD",SNOW OR SLUSH,NOT ON SCENE (DESK REPORT),01/18/2018 09:48:00 PM,41.930921559,-87.666076347,POINT (-87.666076347042 41.930921559049),C,1,2018,20:10:00
b3e3dc043e5abc91c1cfe23f86a9da5862a17a2b769e3714783407f853eaba2d429f8db82e1cbec2ab0aebcccc235cda704b6ec87791103c9c3cd4b573e8ba9c,2022-07-10 22:15:00,CLEAR,"DARKNESS, LIGHTED ROAD",UNKNOWN,ON SCENE,07/11/2022 12:19:00 AM,41.869780623,-87.640655493,POINT (-87.640655493049 41.869780622992),C,7,2022,22:15:00
b62bb2ac1a80cf72192add48167855adcbda2c61f045ce8bc422e7b41ba5319149fe5fa45cd368eb54e48cb8ed710d19a9d0fc4f14066890a5afb36ac2c4e86e,2021-02-20 17:40:00,UNKNOWN,UNKNOWN,UNKNOWN,NOT ON SCENE (DESK REPORT),02/20/2021 06:48:00 PM,41.762483498,-87.590758369,POINT (-87.590758369007 41.762483498011),C,2,2021,17:40:00
b4c48e786f8f1f0a7607920145b56793deab309046a9374394f3e9c337e2ec56ff888119dcff29b1858e4705a35a9a065f4bb92bccec78bb0caf595519e6ff50,2023-03-05 18:24:00,CLEAR,DAWN,DRY,ON SCENE,03/05/2023 06:45:00 PM,41.858007607,-87.644942266,POINT (-87.644942265994 41.858007606958),C,3,2023,18:24:00
b42394d54622c9dfb031a0294512020b7c28ba692e89cd663609c20a88d88d06b7c7ed5802eded7a308cc3bec583a81a3920c9b2cd877fd3fe23dc2769d7c708,2016-10-24 17:30:00,CLEAR,DAWN,DRY,NOT ON SCENE (DESK REPORT),10/25/2016 03:18:00 PM,41.786192939,-87.701055579,POINT (-87.70105557902 41.786192938996),C,10,2016,17:30:00
b495557082608958272e8221899ff71bdb1cf112c2ad9da2cbac2f14f3136300043e2ee32654b8abe2855408ff3de21b02a6172ea4cffd9cd164fd7e9a7a3bf2,2018-09-11 17:00:00,CLEAR,DAYLIGHT,DRY,NOT ON SCENE (DESK REPORT),09/12/2018 05:25:00 PM,41.691160018,-87.720092396,POINT (-87.720092395977 41.691160018019),C,9,2018,17:00:00
b404b051d05097739008927bf667628422c2ad8eaa9ad9fbb391f5f2e33ee6cfd2e21dc728e963aa4a6f59f1325f97e7aa41b7f7f9ca9b6cef769ee61630036c,2020-10-01 06:30:00,CLEAR,DAYLIGHT,DRY,NOT ON SCENE (DESK REPORT),10/01/2020 02:59:00 PM,41.762683377,-87.689160143,POINT (-87.689160143026 41.762683377031),C,10,2020,06:30:00
b6930f17f263e549779aacfe3eb3c7cf2ecd94f67c625ca6ba9c9b312187534826276b513085e3bf48ce8d1bb5f446c008d67064df35f1b9aa460200c5ccc5fb,2020-10-15 15:59:00,CLEAR,DAYLIGHT,DRY,ON SCENE,10/15/2020 04:40:00 PM,41.663355654,-87.641363438,POINT (-87.641363438039 41.663355654041),C,10,2020,15:59:00
b3f194d2bbfb1f5d03a1eaf0817561dfcebd336ef4b7aa3a017b077676bd25d112db8c7ea9ef7876e01a3119dc53cc2eda2ec65252c77eec57d41d009218019f,2015-08-08 01:48:00,CLEAR,"DARKNESS, LIGHTED ROAD",DRY,NOT ON SCENE (DESK REPORT),08/08/2015 11:00:00 AM,41.878244432,-87.632140699,POINT (-87.632140699021 41.878244432032),C,8,2015,01:48:00
b62137fbfb15e830fe582300cb9c841a1fa695421bc9aa98046e8225364b9e462a488b3a8d01dd85189eeeb9c328b7b53fbffc37f494a73b70c51b2acc03ca44,2017-10-26 00:01:00,CLEAR,DARKNESS,DRY,NOT ON SCENE (DESK REPORT),10/28/2017 07:30:00 PM,41.809572517,-87.611394621,POINT (-87.611394620986 41.809572516992),C,10,2017,00:01:00
b5ce861f1bcb6e912f9770f59bb729a4aa2d12ecef0d7f35102c17821dfc44a62bab05eda0f89e5bc6e82ae3f46dc1c7568788ee27e95a15ae583a092b899419,2021-01-01 09:45:00,SNOW,DAYLIGHT,ICE,ON SCENE,01/01/2021 11:05:00 AM,41.75044991,-87.649534468,POINT (-87.649534467966 41.750449909981),C,1,2021,09:45:00
b62bfc6b53b789de4f9c1b1d53abacd245f9e07e0598ef6fcf3cc738204e03f9fc33452933526e2cab243c0abbcadc572081bab751bc50d473a30f31c6ec6534,2021-06-30 08:10:00,CLEAR,DARKNESS,DRY,NOT ON SCENE (DESK REPORT),06/30/2021 09:20:00 AM,41.892374041,-87.627242942,POINT (-87.627242941998 41.892374041012),C,6,2021,08:10:00
b639a9ac72843972eed12ee862f826ae4febff055f34addca691f0d7ab7f0bb7b991eb9f957c416bb3d138ef0351ef7ff8345d02f6ed12db30f15e44f74a512e,2019-11-15 10:31:00,CLEAR,"DARKNESS, LIGHTED ROAD",DRY,ON SCENE,11/15/2019 10:36:00 AM,41.891621161,-87.624253929,POINT (-87.624253929022 41.891621161011),C,11,2019,10:31:00
b815199a398ec87ec300125721987c0c5c45be85b0b250e0a3dc3b4874fd148a1f6512e93a40b89cfa70fb29ef1fedb2e9bbaedce0f9b6d8b9ac5d7b6e541ea9,2020-11-24 12:15:00,RAIN,DAYLIGHT,WET,NOT ON SCENE (DESK REPORT),11/24/2020 12:40:00 PM,41.985976968,-87.78782345,POINT (-87.787823450015 41.985976968036),C,11,2020,12:15:00
b954363b2a69111f3c4f2f68fa019e59565f10a622e191b892ff3c4b23659a221ffbfbeae31894068f2fe16465a45d4e2a942ecabc767c2e5c22074b42f82476,2018-11-26 12:20:00,SNOW,DAYLIGHT,WET,ON SCENE,11/26/2018 12:26:00 PM,41.765956135,-87.576743076,POINT (-87.576743076024 41.765956135009),C,11,2018,12:20:00
b8894210fe1409526f97e93f9a24c044b3b6e388dc051b6c167c06b1fb09f8973f49e8ac83b65b9e5734a48ba0465c8d5e45c1aa548fa6b6bd03c57d4d5759c9,2021-03-20 15:00:00,CLEAR,DAYLIGHT,DRY,NOT ON SCENE (DESK REPORT),03/20/2021 04:00:00 PM,41.744151639,-87.585945067,POINT (-87.585945066953 41.744151639042),C,3,2021,15:00:00
b720a53c8c72865a54a8875e54885451c72e744ae29779fa0487da45f0e76129e8efa5746d49691a2441813fd09a5ac93f7dfe1fc289a5989cfcd00c1f0aa2c3,2018-06-05 12:57:00,CLEAR,DAYLIGHT,DRY,NOT ON SCENE (DESK REPORT),06/05/2018 04:42:00 PM,41.962630019,-87.650430429,POINT (-87.650430428964 41.962630018961),C,6,2018,12:57:00
b8688beb91f18bce8a03385d2d184dcd09f3f1c1e91b51f443d702f1e83a14f4459bbc978c79263bf0a42c816448639e298b404db08efaa26ffcdaaf6f9273f4,2020-03-14 10:35:00,CLEAR,DAYLIGHT,DRY,NOT ON SCENE (DESK REPORT),03/14/2020 11:20:00 AM,41.785387445,-87.606183761,POINT (-87.606183761008 41.785387444959),C,3,2020,10:35:00
b76322a9e049ed5c51cd4bd4e2f2ae59647945ca23b73e3474bebf2e11d7b4a1bc40727193399002bf585c4877f38dee6120f33b028dd49b0289824a9d2716d6,2023-05-31 17:20:00,CLEAR,DAYLIGHT,UNKNOWN,NOT ON SCENE (DESK REPORT),05/31/2023 07:30:00 PM,41.921729807,-87.663234201,POINT (-87.663234201004 41.921729806985),C,5,2023,17:20:00
b86472659bd1652ee84974c12dc82a631bda5f498b8ec5872ba94075da959368ed1ac5fe2fc57236442e6a2f3fa8f97db11f02cdd619f7c1bfb40e4d69c39596,2017-11-05 02:10:00,CLEAR,"DARKNESS, LIGHTED ROAD",WET,ON SCENE,11/05/2017 02:15:00 AM,41.916760313,-87.752866224,POINT (-87.752866223957 41.916760313025),C,11,2017,02:10:00
b7373cda4d51954e02008b73993f69d6c108af6f5af17a94087c8eaab5527f2ca818990aab6b20d0233432ffad33db373089836770a15f53a157e35c5dc68aac,2018-07-17 17:50:00,CLEAR,DAYLIGHT,DRY,ON SCENE,07/17/2018 06:08:00 PM,41.945552923,-87.786368212,POINT (-87.786368212009 41.945552922959),C,7,2018,17:50:00
b8341f7f2032081154b2b0b5daaacbcdd9736b09573300fc26a2bfac5f460e0bf628378b27a4fb94166818aa20472c1581738aef8a2bfac3b655680e32c1f343,2020-12-03 06:10:00,CLEAR,"DARKNESS, LIGHTED ROAD",DRY,NOT ON SCENE (DESK REPORT),12/09/2020 06:05:00 PM,41.806189414,-87.703772851,POINT (-87.703772850981 41.806189413965),C,12,2020,06:10:00
b6fdcc8736ddf7d4654d64acd304920e0b6af23a00d9ada56c3e9bb196d3c2cd2be479d112749fd71de49a66978e91a24b0f734b67f8e3f0de973857007fdc32,2020-10-15 17:00:00,CLEAR,"DARKNESS, LIGHTED ROAD",DRY,NOT ON SCENE (DESK REPORT),10/15/2020 06:35:00 PM,41.852580594,-87.695321828,POINT (-87.695321828025 41.852580594034),C,10,2020,17:00:00
b84f185f17ed6d3e99ce54c4dd4d0432b24043c716d4aa80f8079129a4aaa85cd9342fbaa09cc40852c0bf485bd953bfc34efcb050840b496d16a894db3d4097,2018-05-19 02:15:00,RAIN,DARKNESS,WET,NOT ON SCENE (DESK REPORT),05/19/2018 02:30:00 PM,41.857256342,-87.641998607,POINT (-87.641998606956 41.857256341988),C,5,2018,02:15:00
b6ee11a452ae4b7a0b12f3465dfa2b15dade9322e44600279312e6659b8f8cc4abc473a05715f9a2e9e42b8d2884a5524f08340da9e80f1b90286f5257cdaee7,2016-12-04 05:10:00,CLEAR,"DARKNESS, LIGHTED ROAD",DRY,ON SCENE,12/04/2016 05:28:00 AM,41.871723331,-87.709540446,POINT (-87.709540445962 41.871723330965),C,12,2016,05:10:00
b736190db3686dfabe1e5cfb8909036dd6a9cea35469abd7620db8291d20fec4c36d3eda37ff37da435ec1fe465c6e66e5790a5289d1e931c397d95520791c5a,2022-03-25 12:40:00,CLEAR,DAYLIGHT,UNKNOWN,NOT ON SCENE (DESK REPORT),03/25/2022 03:30:00 PM,41.773121202,-87.613108656,POINT (-87.61310865596 41.773121202033),C,3,2022,12:40:00
b8875cadfe3b51ca6daa7e0f0014ee33e30f696e7e93e201bfc32632e83641556bacd5c7ccd89f868acaa62c9965f72505a37a6cd1b41f424a08acdf0d5b703c,2017-03-27 01:30:00,CLEAR,"DARKNESS, LIGHTED ROAD",WET,ON SCENE,03/27/2017 01:31:00 AM,41.916714588,-87.752753452,POINT (-87.752753452033 41.916714588024),C,3,2017,01:30:00
b6d429dfcb86e0d1c1c4e3fdea61b62590bfca988bdc5e66e0f641ed0193f5ec00ea05c661e66a299a5eb6b253f6d9037e03e431650bbdfbf4f70448c81cf28c,2018-05-24 11:51:00,CLEAR,DAYLIGHT,DRY,ON SCENE,05/24/2018 12:45:00 PM,41.917103631,-87.687248767,POINT (-87.687248767006 41.917103631009),C,5,2018,11:51:00
b8fe2a42e35a9d2006353de4110789749c99dbf4a38b6817676f10112a2bcf6edb63b123b52e8a07384f91b5cd32cea9d9b4b323d3a9a6998c2d641563a2a84c,2019-04-07 14:30:00,CLEAR,DAYLIGHT,DRY,NOT ON SCENE (DESK REPORT),04/07/2019 03:34:00 PM,41.773765662,-87.722781154,POINT (-87.72278115402 41.773765661984),C,4,2019,14:30:00
b876dd24e982aa170e9bde33848b2cef29d1c3f9c5e5e24a99a18e925041102082bea325ef5997ce8c4c3b899de40e53817e8dedd6fedf80a0d9a8b682a79359,2022-04-10 04:15:00,CLEAR,"DARKNESS, LIGHTED ROAD",DRY,ON SCENE,04/10/2022 04:26:00 AM,42.010435143,-87.662648355,POINT (-87.662648354977 42.010435143007),C,4,2022,04:15:00
b944b7cc48db7e5d29f61af0b2daf424a95796dfbf95cd9474049572ccb96544d49f50ec9391a802d25d0fd4ce7d674baf6f69480d04ecd086a4ed656984b05c,2022-03-27 13:00:00,UNKNOWN,DAYLIGHT,UNKNOWN,NOT ON SCENE (DESK REPORT),03/27/2022 02:35:00 PM,41.947114622,-87.674027476,POINT (-87.674027475988 41.947114621969),C,3,2022,13:00:00