CRASH_RECORD_ID,CRASH_DATE,WEATHER_CONDITION,LIGHTING_CONDITION,ROADWAY_SURFACE_COND,REPORT_TYPE,DATE_POLICE_NOTIFIED,LATITUDE,LONGITUDE,LOCATION,CRASH_TYPE,CRASH_MONTH,CRASH_YEAR,CRASH_TIME
b7aeb76291e167d1614c25887152e7f32140583b0853009e3a1b2090dd72457e887bc52eff6ceaa14a5b80a323f3d8be33cbd3813e4054a3130f7f3fb369843b,2023-03-05 05:18:00,CLEAR,"DARKNESS, LIGHTED ROAD",DRY,ON SCENE,03/05/2023 05:25:00 AM,41.809316525,-87.613790359,POINT (-87.613790359015 41.809316524975),C,3,2023,05:18:00
b888d0b728ea0bb2afdf9a6109447fbc0571f9fc0a459ab86411c4a314df74e83fcfd5547d2b0371841a0af479ca85e633152da5507f9170aa6508811aefbc57,2021-10-29 05:52:00,RAIN,DARKNESS,WET,ON SCENE,10/29/2021 05:52:00 AM,41.836772906,-87.725712341,POINT (-87.72571234101 41.836772905951),C,10,2021,05:52:00
b893dff104bb60669b56af147bccbadfccba2698c2aa7b33c462c5adc5d40bf89326de4535a251b102de5ded532ba30e43ab5a3bdbba3b35450b6d1c59cf08c6,2018-10-18 18:40:00,CLEAR,DUSK,DRY,NOT ON SCENE (DESK REPORT),10/18/2018 08:45:00 PM,41.924070913,-87.767270609,POINT (-87.767270609035 41.92407091296),C,10,2018,18:40:00
b8d90cc15a927c4a6f2057cf92431ead4663bbd9e0e1885c0f4fa8230b82a74a7d3d605c81a3c3ca724c795ae2e7596ac455264eb7ccff7e45da786e417764c3,2019-09-30 07:45:00,FOG/SMOKE/HAZE,DAYLIGHT,DRY,NOT ON SCENE (DESK REPORT),09/30/2019 08:45:00 AM,41.93134823,-87.767612131,POINT (-87.767612130984 41.931348229973),C,9,2019,07:45:00
b937bc72e8162f88762becc6c477531f735960f6f7bac19ed98818a9f3cf40d63308d0fd49e3615bdca46c8b2fe3e0e153aed908cd3b84cce785fa9f51b35d80,2018-11-26 12:49:00,SNOW,DAYLIGHT,SNOW OR SLUSH,ON SCENE,11/26/2018 12:49:00 PM,41.902815701,-87.717648644,POINT (-87.717648643968 41.902815700998),C,11,2018,12:49:00
b792940c3cc9763ca803406279f6c8c55b2855d0d277c9a160d0070fbc3ffe4d95add5cd6bb7529b1edaf9e31bbf08d746e69fa9ebdde66fc03506a23d31b597,2022-06-02 17:56:00,CLEAR,DAYLIGHT,DRY,ON SCENE,06/02/2022 06:15:00 PM,41.659687315,-87.583621707,POINT (-87.583621706984 41.659687315045),C,6,2022,17:56:00
b8137b8896ec68d1ff27798a1f614584f0c3a1942a4cb5282f80cccadc7d023ee2bd16ac48ebd5c340a2cc1947f8391c06fae98bf6ae488ae9992d01f6910b82,2019-07-07 13:26:00,CLEAR,DAYLIGHT,DRY,ON SCENE,07/07/2019 01:36:00 PM,41.873738818,-87.710720253,POINT (-87.710720252962 41.873738817987),C,7,2019,13:26:00
b7ff885a788ba12d347944b523d2acd77421e9bd131319573f1372bbaf60ea352da00b01a3d06a456a2083010a33b57151e899de31d9d07781c5609f0bd72288,2019-04-26 10:00:00,CLEAR,DAYLIGHT,DRY,NOT ON SCENE (DESK REPORT),04/26/2019 11:41:00 AM,41.762174118,-87.558927464,POINT (-87.558927463962 41.762174118016),C,4,2019,10:00:00
b7a3e7d396c518241bc5b47ecbd537db244d5e606d2d00c3afc9c2a097602cb9076535b95622abb7be9f0518aa97169633869d6a0169cee4e9d0870c858d569c,2020-10-02 10:25:00,CLEAR,DAYLIGHT,DRY,ON SCENE,10/02/2020 10:27:00 AM,41.749053557,-87.585233155,POINT (-87.585233155017 41.749053556953),C,10,2020,10:25:00
b902afd8dbfa49c871aa62c9059d514795f7b68681cd62f83dc1599b2462e8c8cd09093da8a522c6125f8a37bb10bccdafb66e97f723184f5e77159d4c66372d,2019-01-07 17:30:00,RAIN,"DARKNESS, LIGHTED ROAD",WET,ON SCENE,01/07/2019 05:32:00 PM,41.775048833,-87.60595789,POINT (-87.605957890049 41.775048833022),C,1,2019,17:30:00
b6f2de04c75c50e51c9f1d48288858a623981c2db219f7d76a51bba139ff17d9fec780c2c0b06af511bff78a8826143c8cbe4cb18ee78c206d7e278ca855f984,2017-07-19 19:00:00,UNKNOWN,UNKNOWN,UNKNOWN,NOT ON SCENE (DESK REPORT),07/19/2017 11:30:00 PM,41.779853803,-87.631809648,POINT (-87.631809647996 41.779853802992),C,7,2017,19:00:00
b6d2e561cfc0995f8362dea24a2ffedaf56e952e6ae36b95305616f8b193722ce0ab90eefb1f61e8dcfde457fa37e1f6addb2fea8dfe036cf5373f74c1c7d78c,2016-08-09 20:00:00,CLEAR,"DARKNESS, LIGHTED ROAD",DRY,NOT ON SCENE (DESK REPORT),08/09/2016 10:00:00 PM,41.887607269,-87.620584684,POINT (-87.62058468401 41.887607268966),C,8,2016,20:00:00
b93f3970958bc2a0310ea7ee85a6fce4bdd3cba33720cf0b0bc426e2c3105872c9c9efd213a1c02430780086340d97764c4af388213f76ee6b866b476c7cbf94,2017-07-05 16:00:00,CLEAR,DAYLIGHT,DRY,NOT ON SCENE (DESK REPORT),07/05/2017 07:55:00 PM,41.923106637,-87.787692246,POINT (-87.787692246004 41.923106636955),C,7,2017,16:00:00
b840785d5a9b167cbbf60709cecc1a1a952a6962fbfed1ffd94c6daada5f48f08a48776a7b26cdd9f8ccbc350e296a2ba6285f424747ea586ec6c5527fbe1f95,2021-06-19 09:09:00,CLEAR,"DARKNESS, LIGHTED ROAD",DRY,ON SCENE,06/19/2021 09:09:00 AM,41.744632159,-87.561492764,POINT (-87.561492764004 41.744632159022),C,6,2021,09:09:00
b818d3a415b36da69ff11021e2b4d5f64fdb392ac481c4d9e349e8d070085cdbb0efc215eb1392f7264701113340ac5dc14f8b09553c22d5c4cb74bbb0fbcd24,2019-07-30 12:45:00,CLEAR,DAYLIGHT,DRY,ON SCENE,07/30/2019 05:31:00 PM,41.907687712,-87.746263621,POINT (-87.746263621002 41.907687711998),C,7,2019,12:45:00
b788180f0cd755d81cf4ffb43d4ceed849114227b01acfba9800588d8db0772b001637f051526ab7ee6133f8e82b9f14d7b25781e7d99b7bde234aa8bc24ff37,2019-05-22 16:50:00,CLEAR,DAYLIGHT,DRY,NOT ON SCENE (DESK REPORT),05/22/2019 05:00:00 PM,41.842476558,-87.713667149,POINT (-87.713667149041 41.842476557992),C,5,2019,16:50:00
b85887e6a8ee6bde79c8759a97ff4cfe4a9fcfd757d55bfab534eb10da4bbae3cb37c633de574676e0b64f685342eda0e3c1fcb7a92e3b065cedeeb5028b909c,2021-02-20 14:42:00,CLEAR,DAYLIGHT,SNOW OR SLUSH,ON SCENE,02/20/2021 05:06:00 PM,41.994538767,-87.757519416,POINT (-87.757519416013 41.994538767047),C,2,2021,14:42:00
b71f185f9f2fbe1088676328dd1b097ab9b6aff30b410331d81de8b8446c8b23c7faa9fa9cdbf0b6fc1b41b303647c60d95942afe56f07d150275353a61852ed,2022-06-03 07:15:00,CLEAR,DAYLIGHT,DRY,ON SCENE,06/03/2022 07:20:00 AM,41.946909114,-87.683469891,POINT (-87.683469891004 41.946909113959),C,6,2022,07:15:00
b830d68398f72fd97a4ae000e49bfd90cc9c1b1a83d7080868ffc40cae04419a392f79374603a94374438dd70e6aeb566de8a6f332b46129c1783ca0a32b0263,2022-10-26 20:20:00,CLEAR,"DARKNESS, LIGHTED ROAD",DRY,NOT ON SCENE (DESK REPORT),10/26/2022 09:00:00 PM,41.985160813,-87.669715097,POINT (-87.669715097048 41.985160812983),C,10,2022,20:20:00
b6e0e42bffe9dc4c4fc8db10d3b12f98dc5d2d3f9835a2a6a07b1a4cadf76e50e9746cdf768daa614a893a504e222b83af5f222c679e9f51880d7159d0f8abc9,2020-10-05 13:00:00,CLEAR,DAYLIGHT,DRY,NOT ON SCENE (DESK REPORT),10/05/2020 04:26:00 PM,41.866080805,-87.723884001,POINT (-87.723884001002 41.866080804984),C,10,2020,13:00:00
b6d13df039bf5562fff23bd808dc064952a46593985a2ab1cbb640a8b4f79fe9228cecb5be390616476f73116c6a93e98db5b32f1c627a6bc5c360c3f4036848,2017-12-09 05:00:00,SNOW,DAYLIGHT,SNOW OR SLUSH,ON SCENE,12/09/2017 07:37:00 AM,41.75358165,-87.612709209,POINT (-87.612709208962 41.753581649965),C,12,2017,05:00:00
b862f0725faf859cb4b5205ff9e1b3d64ab29de564bc91d9846f6ada17d434b40d83267c7cfad913a074242273c1a20e37df7b25be844479d7216dd5a3e63848,2022-12-30 02:20:00,CLEAR,"DARKNESS, LIGHTED ROAD",WET,NOT ON SCENE (DESK REPORT),12/31/2022 06:02:00 PM,41.992143979,-87.706887831,POINT (-87.70688783102 41.992143978958),C,12,2022,02:20:00
b6cad34beade0b974d116f3ae6a4c9a53be4b0ba4be4734d385d76cf0b33e29269c65ba08c259e96957e7ab4f51422113560c33a7599e4f77d94861092109d84,2023-05-21 02:40:00,CLEAR,"DARKNESS, LIGHTED ROAD",DRY,ON SCENE,05/21/2023 02:40:00 AM,41.800951884,-87.702486624,POINT (-87.702486624015 41.800951884004),C,5,2023,02:40:00
b758093bdb74229302e5bedd44cae10d808dc77d37f20f1efd0fdd295090a8078ba648ba4a87a0b1bde55f0621c1e8da088f26b3b59aaf258bc1f51f6d6730f1,2016-11-15 14:34:00,CLEAR,DAYLIGHT,DRY,NOT ON SCENE (DESK REPORT),11/15/2016 03:55:00 PM,0.0,0.0,POINT (0 0),C,11,2016,14:34:00
b93d295d3e0285d583a500e3edcc6b2a1e81d5b12c58851fa767ea29bf6e16f380316d3ac7908b59090d54c1a34b3ad05da4a3e549bc6851d6ced2526702ede4,2021-01-02 01:12:00,FREEZING RAIN/DRIZZLE,"DARKNESS, LIGHTED ROAD",SNOW OR SLUSH,ON SCENE,01/02/2021 01:12:00 AM,41.921342718,-87.755919972,POINT (-87.755919972001 41.921342718004),C,1,2021,01:12:00
b73ca4358324ce30064238b1599cab0d42d2792ebdb025e60480b8eef975f3f1c4161d5f65bfe1470db8203713c2f344f4042eb3ca120142411d032a736c4881,2016-05-10 07:06:00,RAIN,DAYLIGHT,WET,NOT ON SCENE (DESK REPORT),05/10/2016 07:58:00 AM,41.894790473,-87.759400091,POINT (-87.759400090958 41.894790472985),C,5,2016,07:06:00
b70f4cc9f0f7eb397d6e227669a6629207095ec80195bbe642d0baa18261b98552adc93caa027ef2dc801bad633630e7e44755aced48aecb959a5a4f26d1d302,2021-10-28 14:30:00,CLEAR,DAYLIGHT,DRY,NOT ON SCENE (DESK REPORT),10/30/2021 05:40:00 PM,41.882268559,-87.660727184,POINT (-87.660727184048 41.882268559036),C,10,2021,14:30:00
b7a3245bf8dc2e21a03fa6861522b04cee255c3b63749a2325d8bc602b54853e3abca73885172fb0036cca525bee1f2458cfa7e3e15bd214d19836419e52a992,2019-03-25 16:00:00,CLEAR,DAYLIGHT,DRY,NOT ON SCENE (DESK REPORT),03/25/2019 07:20:00 PM,41.945552923,-87.786368212,POINT (-87.786368212009 41.945552922959),C,3,2019,16:00:00
b78d2743ebbd8f8eeb68238abfba43894f30919729511ba8d46a378cd67287a81fa7f60bb3ccde86e9b066981d5a908d512c7d529690ce805826e690e2b08f8a,2019-02-14 01:05:00,CLEAR,"DARKNESS, LIGHTED ROAD",DRY,ON SCENE,02/14/2019 01:07:00 AM,41.880660067,-87.740728133,POINT (-87.740728133013 41.880660066981),C,2,2019,01:05:00
b77ad85df3a800cadc4b5ca1b9be3be184fe98c5d60805bb10657951c585404c295221027d6ffd2ec0e15e41a44c7fcfa8a34f5c180118726476ba4539a04275,2022-01-08 08:20:00,CLEAR,DAYLIGHT,DRY,NOT ON SCENE (DESK REPORT),01/08/2022 09:38:00 AM,41.830728826,-87.655813252,POINT (-87.655813252029 41.830728825995),C,1,2022,08:20:00
b949c620380c705c6af2b34963ef448558be985298d15a59b4eca6f3bbf7726120898255756babd2ce2b54e7a18960284b41f978a2dd25978bc25b7392c0c157,2023-06-26 16:45:00,UNKNOWN,UNKNOWN,UNKNOWN,NOT ON SCENE (DESK REPORT),06/26/2023 06:20:00 PM,41.883709006,-87.632568017,POINT (-87.632568016971 41.883709005986),C,6,2023,16:45:00
b95e472f6a2a275c80a44807eede80f55d80b9de94d1cc2a97ba5ce3862bd5418a91e8b0a5715c90fa92b716648f9fc3bc9cb55ed77eca74e9b0cc767a7c206d,2020-11-05 20:10:00,CLEAR,"DARKNESS, LIGHTED ROAD",DRY,NOT ON SCENE (DESK REPORT),11/05/2020 08:30:00 PM,41.871950357,-87.627383083,POINT (-87.627383083038 41.871950357015),C,11,2020,20:10:00
b783e7af51f33fc0d286e5d17bf881e30be30a3cbe47f7157e2052bd310911a60102e62a88764b9e6386dde4582b065bb3e465d9f13d69a73aa1c3596eda360f,2021-01-29 12:05:00,CLEAR,DAYLIGHT,SNOW OR SLUSH,ON SCENE,01/29/2021 12:18:00 PM,41.891011447,-87.666996498,POINT (-87.666996498025 41.891011446962),C,1,2021,12:05:00
b841b0774eb12b2598721ecb4db496fda2a56c3ed383035df6c4239a3c17e56ff8c5b5dc376affdd6ea10e577e9d36f507769e20b491cf44895e32119b60c2db,2021-12-03 11:10:00,CLEAR,DAYLIGHT,DRY,NOT ON SCENE (DESK REPORT),12/03/2021 11:30:00 AM,41.989727546,-87.748178979,POINT (-87.748178979 41.989727545973),C,12,2021,11:10:00
b7e9fd5c2d92b18e4320b2ce547e6ada1864d16f7d1d18a96c257e3272eb941cc328075faf2ebf8c75689b985460feb5654bc0181cd0adf70b7b41aba33640b5,2022-08-17 11:19:00,CLEAR,DAYLIGHT,DRY,ON SCENE,08/17/2022 11:25:00 AM,41.793378954,-87.584053824,POINT (-87.584053824031 41.793378954013),C,8,2022,11:19:00
b8068fd14d6548a659aab263c163ac0eb1aa65c9525c44721ac8fd059b37d090bf7e8173690a4ea329acb943702641a015b986f4dcadbe2c1c13d074efca1f8e,2018-05-14 11:00:00,CLOUDY/OVERCAST,DAYLIGHT,WET,NOT ON SCENE (DESK REPORT),05/14/2018 11:30:00 AM,41.882211292,-87.710898608,POINT (-87.710898608036 41.882211292041),C,5,2018,11:00:00
b6d2dd77228bc9a9a1e335812fc825cf5c925b3b69f0a9a7d9c464a3133c6564d24e5a0cf3b5e9aeb6febacc2ff97f71561c2e5e3478096d723d2e6dd600255c,2018-03-16 19:30:00,CLEAR,DARKNESS,UNKNOWN,NOT ON SCENE (DESK REPORT),03/17/2018 02:06:00 PM,41.969261067,-87.650422729,POINT (-87.650422728959 41.969261066974),C,3,2018,19:30:00
b888e868e1d2ced14997193f1da7dc51f471426d2e32d64dd82af2403a2ebd6e555841d94430244f2e025fc115b642130cd0c0f25754843dd8701baefe26ade0,2021-06-24 15:30:00,RAIN,DAYLIGHT,WET,NOT ON SCENE (DESK REPORT),06/24/2021 04:00:00 PM,41.902350314,-87.756487181,POINT (-87.756487180994 41.902350313955),C,6,2021,15:30:00
b7f26381eda1f669015ccf0b15a15dceadb5fecfb51c86d26b9faead3a7fd73badd05eed014901e6da427b8ecfe8f0b48f46b1e6f7149eca7b2417476e082c33,2018-02-17 04:15:00,CLEAR,"DARKNESS, LIGHTED ROAD",DRY,ON SCENE,02/17/2018 04:20:00 AM,41.769365348,-87.676231496,POINT (-87.676231496049 41.769365348039),C,2,2018,04:15:00
b7379ee91dc9eddf013a3a8e540e7356e189d51f630bc0632f6c939e400cd51b7758f37207849ea5ce565b83f8240e61fbd4aed4441ee8b1afb497663c7fb2c7,2021-09-19 17:00:00,CLEAR,DAYLIGHT,DRY,NOT ON SCENE (DESK REPORT),09/19/2021 05:30:00 PM,41.785387445,-87.606183761,POINT (-87.606183761008 41.785387444959),C,9,2021,17:00:00
b96fc5f2e913c52f2280518529c24af3a839fbca33d68fd2fc0106cc63e725002d792281326eaed9efe461e89f067bb49e1b1a35cdc2bc2597b994adc1f91d01,2019-10-17 14:10:00,CLEAR,DAYLIGHT,DRY,NOT ON SCENE (DESK REPORT),10/17/2019 02:14:00 PM,41.882211292,-87.710898608,POINT (-87.710898608036 41.882211292041),C,10,2019,14:10:00
b8e39670912ff628c375241ab00c3d70c0091717c5bfaaa91c631788ed6d91ed583e80f9efc5c36b03c4ab1fc82520a5ac3eb76bb199b3dce8d482dabdb9ff25,2021-08-19 19:50:00,CLEAR,"DARKNESS, LIGHTED ROAD",DRY,NOT ON SCENE (DESK REPORT),08/19/2021 08:57:00 PM,41.89054065,-87.627879862,POINT (-87.627879861961 41.890540649971),C,8,2021,19:50:00
b82570e6ee5edcf8e5c9ecbbc89d7759fc1bda6d372ca2f0121abbc860b784252088cb479f18ef7cc88c108f90d5e3eb62c5575f741dc23bb1462b8277641236,2021-08-28 17:20:00,CLEAR,DAYLIGHT,DRY,NOT ON SCENE (DESK REPORT),08/29/2021 12:20:00 PM,41.967797374,-87.757318908,POINT (-87.757318908014 41.967797374042),C,8,2021,17:20:00
b95db962129806dcc70c531c8512897e12ab13da00f3566af5ae93ac48e83bb9484f714f632e63812526d0cc0acade563083b65702e33eb830aefde77323b136,2017-10-07 15:30:00,RAIN,DAYLIGHT,WET,ON SCENE,10/07/2017 03:55:00 PM,41.645823276,-87.542713717,POINT (-87.54271371696 41.645823276013),C,10,2017,15:30:00
b734fcead8c2273e532b490ff2ed6597693d30ea5fafac44f9363a28b321972c54ef5e4afded8b5d6912e1258ffb2ffc6d9294b23bcf9ce32281eb1827574264,2016-07-16 13:45:00,CLEAR,DAYLIGHT,DRY,NOT ON SCENE (DESK REPORT),07/19/2016 03:42:00 PM,41.882211292,-87.710898608,POINT (-87.710898608036 41.882211292041),C,7,2016,13:45:00
b8e2bb476227d2a06892a03372d136d365aab016cc7b149f3ff1698b613f2b2a9030e5949d614f24896342c48af35b0edeb36929fe16cb47eff796edc43f3eae,2020-08-01 13:50:00,CLOUDY/OVERCAST,DAYLIGHT,DRY,ON SCENE,08/01/2020 01:56:00 PM,41.961314937,-87.705584266,POINT (-87.705584266043 41.961314936988),C,8,2020,13:50:00
b8cf064c2ee0e450fdb8a6fc5475a6ff666f872cadb1dcc7fc3ab5f86fc74ec39103c4a96974e0e1a06449a2cd77a93d85ca69470c50a7f9c43ad7b48506e44e,2018-12-19 07:55:00,CLEAR,DAYLIGHT,DRY,ON SCENE,12/19/2018 08:00:00 AM,41.997219397,-87.808689862,POINT (-87.808689861958 41.997219397045),C,12,2018,07:55:00
b973dd10fdd021287c2ced8f16f2447e79294f9bd2bb22b44f52c5f836c9ec5ce468285c068aa3c66d63b1cbfba9ce06da3ec1e07c72473fbe74761f70025dfd,2018-07-26 19:23:00,CLEAR,DAYLIGHT,DRY,NOT ON SCENE (DESK REPORT),07/26/2018 08:00:00 PM,41.884600962,-87.627828521,POINT (-87.627828520965 41.884600961961),C,7,2018,19:23:00
b738a9ad4f9b85228d7117524bb20baac53cdd69e5462ec2d67c857ce6b688006ce14acfb52b356ce912ae4ff7879ab1c58099a74ef52e8fa3fcf57bdc730422,2018-09-27 13:05:00,CLEAR,DAYLIGHT,DRY,ON SCENE,09/27/2018 01:15:00 PM,41.682973474,-87.642228468,POINT (-87.642228467961 41.682973473961),C,9,2018,13:05:00
b8182f8166dae0096a66a93eb8a0f8f4263daace8763f6890b1542584a16ef96375bf8f84b79ec84b104173f6606646b45ec9b098f8de7855d39005e94a6da08,2019-07-03 17:26:00,CLEAR,DAYLIGHT,DRY,ON SCENE,07/03/2019 05:46:00 PM,41.744151639,-87.585945067,POINT (-87.585945066953 41.744151639042),C,7,2019,17:26:00
b7598c8c6cbae2130da3c2e0475965d6aceb1e853210f31484239de668685f83673cbf11f08665198daaf1a557071a0ccb83fbac46cb1404cc28b8259f8c5490,2019-12-13 10:30:00,CLEAR,DAYLIGHT,DRY,NOT ON SCENE (DESK REPORT),12/13/2019 03:30:00 PM,41.947445791,-87.647170375,POINT (-87.64717037502 41.947445790953),C,12,2019,10:30:00
b78f6d8b9b20ce7094e731fa271b41c9e5379b895f3502e276c2ba59bca6221db91595d85dbcda709c40568d9c44f4d876de66d0134fafd30dc7a2a0ca4b5bf3,2021-06-20 00:01:00,CLEAR,"DARKNESS, LIGHTED ROAD",DRY,NOT ON SCENE (DESK REPORT),06/20/2021 10:20:00 AM,41.917103631,-87.687248767,POINT (-87.687248767006 41.917103631009),C,6,2021,00:01:00
b6d6b9ceacf456a0cf72a0070f49bdc8c75832205adad58b2e47f25e1d0c84ecb5c415e4defc73a6abd7a2be05295519dd813bbfb5ea8c986d2c62315ba34039,2017-05-25 16:45:00,CLEAR,DAYLIGHT,DRY,NOT ON SCENE (DESK REPORT),05/25/2017 05:30:00 PM,41.946506756,-87.673270312,POINT (-87.673270312024 41.946506755973),C,5,2017,16:45:00
b9579b00660be9130d2422c836fb696e358c19e32033847f1d8f973d2aaf56895d54c02d1dc83d62be71f3ec7d8e853951c584466a239c357672d6c2f2b8eca6,2017-12-09 00:01:00,SNOW,UNKNOWN,SNOW OR SLUSH,ON SCENE,12/09/2017 10:30:00 AM,41.892009554,-87.706109304,POINT (-87.706109304035 41.89200955403),C,12,2017,00:01:00
b8d59880a4e8a8b50f32cce87479b8406883ac3fb3c91a888559e233b6cd55783df1bd65ff9c160f239b1d23e1f168734c7eb57bee370947687a3b5f20b395a0,2018-07-30 07:00:00,UNKNOWN,UNKNOWN,UNKNOWN,ON SCENE,07/30/2018 09:58:00 PM,41.821724082,-87.628707384,POINT (-87.628707383963 41.821724081982),C,7,2018,07:00:00
b774708087d37b4163ea0e06cc39633f6674db67a2b1cef05c18184741aabb26a4f97cdf7935055b708f6005e5aebf368b68283e83360f25c766b35a1c2efaaa,2020-01-31 05:55:00,SNOW,"DARKNESS, LIGHTED ROAD",SNOW OR SLUSH,ON SCENE,01/31/2020 05:58:00 AM,41.915815361,-87.693415439,POINT (-87.693415439028 41.915815360984),C,1,2020,05:55:00
b896738298e4e7b6fc31c076d7ab1af351d710c693ed7af98df544a6260a029717aeeeb5518654bd139defbc44f510cf3bcb87f7b8ec04f6ecea3df61e23fb2b,2021-07-07 09:25:00,CLEAR,DAYLIGHT,DRY,NOT ON SCENE (DESK REPORT),07/07/2021 10:20:00 AM,41.785387445,-87.606183761,POINT (-87.606183761008 41.785387444959),C,7,2021,09:25:00
b84fe95e894920bc2d3a21b67e4cbbfb227a1d5922c3af0b868387499ab76a515486fcfbdb901c75a025a9aa97d656c8d71451a966b43607b785b95a2b9ec244,2016-10-03 16:10:00,CLEAR,DAYLIGHT,DRY,ON SCENE,10/03/2016 04:32:00 PM,41.758148819,-87.636934197,POINT (-87.636934197044 41.758148819019),C,10,2016,16:10:00
b88ed8d881f608162728589dc0ca8c77ad4432ae16b47210efe44eda42c0d5483b38ea835cdb0dce0e8221c834b63920e7fd619bd6c93ea3200fe33e4ef93643,2019-09-14 17:08:00,CLEAR,DAYLIGHT,DRY,NOT ON SCENE (DESK REPORT),09/16/2019 04:05:00 PM,41.93963175,-87.810373749,POINT (-87.810373748977 41.939631750003),C,9,2019,17:08:00
b7079e519f76fcefcc8484a881e8ef7bd086b38f08396ecbd6af403e0f217480cf2f2b1ebd7cb76e447741562d84351062e30bc4780910b6bf418b0fade9fd14,2021-02-19 15:30:00,CLEAR,DAYLIGHT,SNOW OR SLUSH,NOT ON SCENE (DESK REPORT),02/19/2021 04:20:00 PM,42.010018661,-87.709056552,POINT (-87.709056551967 42.010018660983),C,2,2021,15:30:00
b7b0260f433fe2ec62103d70742eab18a76f27ac3c2f4a765b7b86bcc5661a4eba769673fe244c31fb6733845a833bc6fef940713536a6f349a9a23cb8324903,2022-11-01 07:05:00,CLEAR,DAYLIGHT,DRY,ON SCENE,11/01/2022 07:10:00 AM,41.876926589,-87.745039137,POINT (-87.745039137038 41.876926588953),C,11,2022,07:05:00
b88de13514ed57811a2b3567b64cb2f64a4d02b8e3ca6706400bc3a11c30def5ec45cc5478d6cca4960469ca456796167dfbd5c5513dbe4dff259e997f60cba6,2016-09-25 13:40:00,CLEAR,DAYLIGHT,DRY,NOT ON SCENE (DESK REPORT),09/25/2016 02:45:00 PM,41.891621161,-87.624253929,POINT (-87.624253929022 41.891621161011),C,9,2016,13:40:00
b84194a8201db7d8c2c0a5066f58133550da6f27d68e6e8bb93ab6f5c74d2ee80be6c1dd6c6352eb7feb8ef3bb1042b696cb77bc95d013c7d1bbc451797e4fe5,2018-03-15 13:15:00,CLEAR,DAYLIGHT,DRY,NOT ON SCENE (DESK REPORT),04/09/2018 03:25:00 PM,41.890374775,-87.677042676,POINT (-87.677042676037 41.890374775033),C,3,2018,13:15:00
b95c994b62df311f79ea1595b90dc08d414dbc5611c1eb82cfe497b0cf7ca9542793c373f0a7dda663bb1fc47b7141d75e63af822b63daef4a1cb6b1617c60b3,2021-05-09 15:35:00,CLEAR,DAYLIGHT,DRY,NOT ON SCENE (DESK REPORT),05/09/2021 06:00:00 PM,41.879714362,-87.774496221,POINT (-87.774496220954 41.879714361958),C,5,2021,15:35:00
b7cd8b43b87259d9f2205a3a22e565e2830fb14c0b1bd91a871287df9c9bec5cc687989ad8c4e72adec227a3d90b8c762caa2a5d9617af5628762737d438ac7e,2023-01-03 15:00:00,UNKNOWN,UNKNOWN,UNKNOWN,ON SCENE,01/03/2023 06:24:00 PM,41.936818562,-87.752676591,POINT (-87.752676591016 41.93681856199),C,1,2023,15:00:00
b8b7a0127f24d478ee78bcdf15abef4d1e9a2667029372595fadd47160ff51f457af9584a27476ab96f9cfe76c8b3d657b30f9b8e16bb822eac9b43b7de80913,2021-01-13 09:45:00,CLEAR,DAYLIGHT,DRY,NOT ON SCENE (DESK REPORT),01/13/2021 11:00:00 AM,41.899463059,-87.68952126,POINT (-87.68952125998 41.899463059023),C,1,2021,09:45:00
b88ca7e23a318aea7030dbeb749183fa2289d98612188e8de8bffe29f7d58bc5644133eba1866e6692a19a77b2901364c74005df35648c1e3bcd1c0e599a657d,2020-04-09 13:58:00,CLEAR,DAYLIGHT,DRY,NOT ON SCENE (DESK REPORT),04/09/2020 02:35:00 PM,41.785387445,-87.606183761,POINT (-87.606183761008 41.785387444959),C,4,2020,13:58:00
bbd738a8b253ddc95f01f57929c18a4f9a62906bc2153f298687ee516e5c4aea8e863dfcffeeaafa2963fb034f19fa5d032d8abd81f5b9752bc62f7479364d37,2018-12-03 11:00:00,CLEAR,DAYLIGHT,DRY,NOT ON SCENE (DESK REPORT),12/08/2018 07:29:00 PM,41.924490094,-87.717288131,POINT (-87.717288130979 41.924490093998),C,12,2018,11:00:00
bbe4490dd8672b350757529a70edb97274bf0632963898875645a78a03b649a83623c7bb243b01645ca202f48197805915ce6d46fdd4d4cfb1e309b3cb6ddbff,2020-07-31 19:15:00,CLEAR,UNKNOWN,UNKNOWN,NOT ON SCENE (DESK REPORT),07/31/2020 08:05:00 PM,41.866501191,-87.686157599,POINT (-87.686157599021 41.866501191036),C,7,2020,19:15:00
ba40727f7722fa278e50e87902955ff99284b2e17c5281e49233642cc9708c5ea097f33df2504d8dd540483a2b4f9552a13d8c5ddde3c2feaa016cc3999356d9,2017-11-07 12:00:00,CLEAR,DAYLIGHT,DRY,NOT ON SCENE (DESK REPORT),11/07/2017 02:22:00 PM,41.87909308,-87.625963199,POINT (-87.625963199017 41.879093079955),C,11,2017,12:00:00
ba55f63a42b0df455366a215abe3cb77c030e6b8a4c9e934e41a99467fa7c53c3ddb2fb68c0cc2f144fdfb7a7b17d0ffdb5868a43104bc0eb604150046c01185,2019-02-22 11:30:00,CLEAR,DAYLIGHT,DRY,NOT ON SCENE (DESK REPORT),02/22/2019 02:00:00 PM,41.961286599,-87.709243776,POINT (-87.709243775984 41.961286599009),C,2,2019,11:30:00
b9f68580d196678aed3aafb1a7cccd5aa372956fad08e62112437d47324c8f7f539bf12255751298e9508e79c241205bcbcf13b7ae6e18fdf25f6e599385f9ac,2019-01-31 02:00:00,CLEAR,"DARKNESS, LIGHTED ROAD",SNOW OR SLUSH,NOT ON SCENE (DESK REPORT),02/01/2019 09:10:00 AM,41.706992858,-87.535430931,POINT (-87.535430930997 41.706992857973),C,1,2019,02:00:00