CRASH_RECORD_ID,CRASH_DATE,WEATHER_CONDITION,LIGHTING_CONDITION,ROADWAY_SURFACE_COND,REPORT_TYPE,DATE_POLICE_NOTIFIED,LATITUDE,LONGITUDE,LOCATION,CRASH_TYPE,CRASH_MONTH,CRASH_YEAR,CRASH_TIME
ba86f53787cbaea32f056688973152cfa13354609ae0388f0f6edadb7719d8ad6fecb57eae1ff34c3346a0406b1e7fe8afe2b65d0a6749e7db444724b737d5b4,2018-12-21 07:09:00,RAIN,DAYLIGHT,WET,ON SCENE,12/21/2018 07:09:00 AM,41.888394084,-87.624637071,POINT (-87.624637070954 41.888394083974),C,12,2018,07:09:00
ba7e1b256295b9b33124cee5ebd9a7b2050d82d5a7b17ef976e7917030ecbcebc6cb3a8d12ab1024b797f69fbc0113e9611cde921a641145f26edca917da0c29,2022-07-15 15:20:00,RAIN,DAYLIGHT,WET,NOT ON SCENE (DESK REPORT),07/15/2022 03:50:00 PM,41.691587867,-87.689970392,POINT (-87.689970392004 41.691587867038),C,7,2022,15:20:00
baa2857fbfe732429f3806a158330a334cdf4770111753c1149fd2b80e57853a7f41c87773cd8834ce40e5bbfe0a4b3e6314bd2d5842dccb58f67034010b7671,2022-01-28 19:17:00,SNOW,DARKNESS,SNOW OR SLUSH,ON SCENE,01/28/2022 07:36:00 PM,41.808749374,-87.66230696,POINT (-87.662306960034 41.808749374011),C,1,2022,19:17:00
bc6a6bd6a50f7da737cd45cf64ed6cbbd86a7ff8c974a71719f7df93d3af159aaf1d3da4f595265a42ea8847d94151d03190cee685d832d1f8a2dfbc5f9b49ca,2016-12-03 13:20:00,CLEAR,DAYLIGHT,DRY,NOT ON SCENE (DESK REPORT),12/03/2016 02:35:00 PM,41.809781151,-87.594212812,POINT (-87.594212812011 41.809781151018),C,12,2016,13:20:00
b9a6b17149cfc6849dcb10bae58f139dbf10a173bf438c29580cd7c9eba270b93f1f23e9a82d024254eb480eb143d554d220002c295d7aaeac23d4288aee6462,2021-01-25 12:30:00,CLOUDY/OVERCAST,DAYLIGHT,DRY,ON SCENE,01/25/2021 01:06:00 PM,41.964541591,-87.656762551,POINT (-87.65676255096 41.964541590956),C,1,2021,12:30:00
bc5ba28d8752d33d264fbe1757884f368d1da2a262cbd0f9c544ea74061b00451908d4728e53e4e0e6b38ad4f31289b00325bec7e69677c69669fb15eabc7d29,2018-11-26 12:08:00,SNOW,DAYLIGHT,SNOW OR SLUSH,NOT ON SCENE (DESK REPORT),11/29/2018 06:30:00 AM,41.923739288,-87.648748983,POINT (-87.648748983048 41.923739288036),C,11,2018,12:08:00
ba67eb5018708901bc5c7ea803d3a3c0fe11eb35ce752558002bb7d032c4ec9f306f95be3f6591819055d12578ee4cac958f01fd0548da94823ccebf6bd8efac,2018-10-03 07:20:00,CLEAR,DAYLIGHT,DRY,NOT ON SCENE (DESK REPORT),10/03/2018 10:20:00 AM,41.784164473,-87.606162911,POINT (-87.606162911021 41.784164473022),C,10,2018,07:20:00
bb03abbfb3363e9bc654e5c5a294e0c643e51742fb5e4058ff11cf3578213f57435e482a11d064dedc5fdd258950f7218f1903f1eb14518d8b1d61806d1ba527,2020-08-07 14:00:00,CLEAR,DAYLIGHT,DRY,NOT ON SCENE (DESK REPORT),08/07/2020 04:25:00 PM,41.903639931,-87.65554697,POINT (-87.655546970003 41.903639930952),C,8,2020,14:00:00
b9cfe8095f7a84f144b9cd64b96522bb9e8156fec35022f219379895ec0dfc6e7e688280cae254f557df0d187e0ec9cf0c26d679dee886b300e41863d9ff2c6e,2021-10-28 22:30:00,RAIN,"DARKNESS, LIGHTED ROAD",WET,ON SCENE,10/28/2021 10:36:00 PM,41.893280807,-87.677100015,POINT (-87.677100014973 41.893280806986),C,10,2021,22:30:00
bc175fb365f8f022b94f05e0f5513dd45757f96f23e7523a3372de296481cd92089f563b9489a727af5bca7255d96f3405be043ea44085094bcbbc32f016e08d,2018-01-06 08:35:00,CLEAR,DAYLIGHT,DRY,ON SCENE,01/06/2018 08:49:00 AM,41.893216223,-87.624812444,POINT (-87.624812443976 41.893216223021),C,1,2018,08:35:00
bac03363ce4404b7b96e93e4727b3a03f131f1f1eba8e108065a78a849d82f3037742afe5a59e6ac3ac65a925d2912e7c207cacf47c6301e54cba1f8ebed75b5,2017-09-05 08:45:00,CLEAR,DAYLIGHT,DRY,NOT ON SCENE (DESK REPORT),09/05/2017 09:25:00 AM,41.967197009,-87.666637763,POINT (-87.666637763011 41.967197008971),C,9,2017,08:45:00
bc3fe6b918008aca8406b61c3a230f3564543b7866bfd2e1ad15ad93b19afa9e043636487ec872e0fda46a9aa6f318066ce5fc61c645de5d5191d07758ee161c,2018-04-29 21:34:00,CLEAR,"DARKNESS, LIGHTED ROAD",DRY,ON SCENE,04/29/2018 09:35:00 PM,41.910773707,-87.730171748,POINT (-87.730171748034 41.910773706978),C,4,2018,21:34:00
bab0e3b8a4d3b83620bbc70f3909be504bf16c5c515d081dfa67b9b8157f8309c20986fc931666977df99b00e5bcc1d81ea6eeeb6a51bc3480bb0d8c7de7eea9,2016-09-15 15:00:00,CLEAR,DAYLIGHT,DRY,NOT ON SCENE (DESK REPORT),09/15/2016 05:55:00 PM,41.99373019,-87.670286482,POINT (-87.670286482014 41.993730190035),C,9,2016,15:00:00
ba80a59b4d16d3d27b7d030b34ac2dd68406dd075895cf5c3de230cec709a9eacbf6597dd255d5f199a98e5e4f477ab6579c72c3a54aa3bd7ef6b90546724e36,2022-01-13 06:15:00,CLEAR,"DARKNESS, LIGHTED ROAD",DRY,NOT ON SCENE (DESK REPORT),01/13/2022 07:45:00 AM,0.0,0.0,POINT (0 0),C,1,2022,06:15:00
bb84ff87dcb276e5a8fcd8aa26038451accde020b305380c50bbaf328876edeb61da4acf5b2b2ace933cdef04d622be858a1f47438a76dea318177772653ca15,2023-01-03 15:25:00,RAIN,DAYLIGHT,WET,NOT ON SCENE (DESK REPORT),01/03/2023 03:35:00 PM,41.990508926,-87.706622194,POINT (-87.70662219398 41.990508925961),C,1,2023,15:25:00
ba331cf5ec91cd1c4f84759080df86f2d8c4424d4c5a62a3e81a485906cb8d2b5d6e43c07b4f62fceabf681adcd9475608d68dc7b9fb42dcb0a08e82d14738a3,2019-05-04 23:45:00,CLEAR,"DARKNESS, LIGHTED ROAD",DRY,NOT ON SCENE (DESK REPORT),05/05/2019 08:30:00 AM,41.744151639,-87.585945067,POINT (-87.585945066953 41.744151639042),C,5,2019,23:45:00
ba4c553404b24b18b463e0d69e0d76096f639b557e133c3e52e6fdeffb51b071946176ceab5971124e8e3f514e60413066cc9831a8285f034fc01f6fbad9c858,2019-10-03 23:46:00,CLEAR,"DARKNESS, LIGHTED ROAD",DRY,ON SCENE,10/03/2019 11:46:00 PM,41.867170294,-87.65279514,POINT (-87.652795140047 41.867170294037),C,10,2019,23:46:00
bc3b487514d6ed1075d9631670ed6d33f4884ecaac2666aef8018188377772e8b0daecadebc0bbc2f57cfedf4876b9b39db82636dedcc0813f72d1bd5c5060a7,2021-04-14 00:50:00,CLEAR,"DARKNESS, LIGHTED ROAD",DRY,ON SCENE,04/14/2021 12:50:00 AM,41.909470528,-87.766991268,POINT (-87.766991268028 41.90947052799),C,4,2021,00:50:00
bb38e0fdcce9f033beaae714703bc22298dc9128b0fad06536a4ef3fe60803d0208d39df09f235db727da4f8cb99db20901de9f69ee1624da019c2c46d485157,2019-03-08 19:50:00,CLEAR,UNKNOWN,DRY,NOT ON SCENE (DESK REPORT),03/08/2019 08:00:00 PM,41.75616061,-87.634583596,POINT (-87.634583595966 41.756160610031),C,3,2019,19:50:00
bac32fc6989ce53d6f60b81b524b7180f2ccfb1c63f3f9ac73a3d8165906f39ee8a652a284638022389108905397c1272d9fd9d6c1e890da7222842f3f02a703,2018-02-25 21:17:00,CLEAR,DARKNESS,DRY,ON SCENE,02/25/2018 09:20:00 PM,41.794090446,-87.630527331,POINT (-87.630527331008 41.794090445987),C,2,2018,21:17:00
bb98d8d6267fb2a6f5e1c26b9b898f1b04026491f4ffae2395fb470218b05fa90cde0f9e39e38be1c9b45821f96555156fd6fb973cd8ad46520138c24b71f98e,2020-08-12 07:55:00,CLEAR,DAYLIGHT,DRY,ON SCENE,08/12/2020 08:00:00 AM,41.942978341,-87.670803378,POINT (-87.670803378013 41.94297834098),C,8,2020,07:55:00
ba70e8c22e306531bb938708844841cb433ef30d95395af6e432a69be4fa22bc1a1cf2375b2c4b01a196b7723ad316ee1335a87287e5b193e7dd401e58db01ff,2020-05-15 19:20:00,CLEAR,DAYLIGHT,DRY,ON SCENE,05/15/2020 07:25:00 PM,41.706714203,-87.653813468,POINT (-87.653813467968 41.706714202986),C,5,2020,19:20:00
b9b00da2fdcb88bc5db69b6c8cfcb5c528f2e32c40f6b40e3db2787ed3471750b1f5d74478b61442b9ed8edd471690175a42a4e601c95b42260449f2b60a9e48,2018-12-13 08:54:00,CLEAR,DAYLIGHT,DRY,NOT ON SCENE (DESK REPORT),12/13/2018 12:30:00 PM,41.760172114,-87.624355826,POINT (-87.624355825979 41.760172114011),C,12,2018,08:54:00
bb6f9b99f8c955dcb120804f8944539fd0336e9bdae6e1e7d13c289e501320a46fc48ed67e996a636d43313372622032dcfc2193f16f03c9b479ebbb04398202,2020-11-26 18:40:00,CLEAR,"DARKNESS, LIGHTED ROAD",DRY,ON SCENE,11/26/2020 06:41:00 PM,41.886769177,-87.745355616,POINT (-87.745355615988 41.886769176982),C,11,2020,18:40:00
bc6a0d4a6d3a2867dbb509a121e6ba0b06701a45591fbe261063e852b5080ed3b16971add9aaa4932f9e422b71f6869390ecdf286945b5f22f85400ff300ef8a,2020-04-25 12:30:00,RAIN,DAYLIGHT,WET,NOT ON SCENE (DESK REPORT),04/25/2020 01:53:00 PM,41.86434945,-87.719319075,POINT (-87.719319075007 41.864349450029),C,4,2020,12:30:00
b9ddc2c843ba8f9d8417703ba11ae9a711e8d2e12600e702b97efc42a36e945564f582b3e29083349027539fba8bc2451d29ecdce1a09ce6cd13e9f6653e2b0e,2022-08-04 03:00:00,CLEAR,DARKNESS,DRY,NOT ON SCENE (DESK REPORT),08/04/2022 06:10:00 AM,41.747120415,-87.573320026,POINT (-87.573320026024 41.747120415039),C,8,2022,03:00:00
b9c47a029eed336d2b44fab600b1f66cdc4d0d8d48bf2784fa7951a43fe3aa1fef65c7a8ee84a02846946af9f633822bd3ce1ca8689ce921f1de7a60a2de0e84,2018-02-07 08:50:00,CLEAR,DAYLIGHT,WET,ON SCENE,02/07/2018 09:41:00 AM,41.882237214,-87.620550598,POINT (-87.620550598048 41.882237213965),C,2,2018,08:50:00
bbd8c523e61ab69a0e8e6a1607e726ceaa7c16f0c693be7f3d9b4b43122a52ddceec02eb4937ba06b3eb73959ec03ce52d5656b1715a5dd850fa4e94f2bda8fb,2017-07-03 17:35:00,CLEAR,DAYLIGHT,DRY,NOT ON SCENE (DESK REPORT),07/06/2017 02:50:00 PM,41.997730287,-87.806645117,POINT (-87.806645117018 41.997730287008),C,7,2017,17:35:00
bbffad75f861595873f230918dc0bd03f87d0e4cf174197daa0a0d177df165e01125b0186a8ba5c21d28ae50e2834852ebd682dbc5f67e16fb8c175202e70cb5,2019-02-09 20:30:00,CLEAR,"DARKNESS, LIGHTED ROAD",DRY,NOT ON SCENE (DESK REPORT),02/15/2019 10:40:00 PM,41.758245505,-87.626521907,POINT (-87.626521907009 41.758245504966),C,2,2019,20:30:00
bae85d287b06bdd9861d7de82a0ebdc66da422fcd4456305c5c19b2e3462e6d5ca5bc254e79120bd44aaa272eb9bc830e4627e095a82707709da0ec62ef2dece,2021-05-30 19:40:00,CLEAR,DAYLIGHT,DRY,ON SCENE,05/30/2021 07:43:00 PM,41.952185613,-87.744427828,POINT (-87.74442782798 41.952185613004),C,5,2021,19:40:00
bb04d922bb93794ff01813ba14c4d4ae7338d6fb0ce39158e712be86de5336e3dfd452eb069d724027dcaa29fcbdd6a839ac977e8a17e5ae97179e4accb4b72f,2020-02-26 20:13:00,CLEAR,"DARKNESS, LIGHTED ROAD",DRY,ON SCENE,02/26/2020 08:16:00 PM,41.884307756,-87.703541843,POINT (-87.703541842981 41.884307755974),C,2,2020,20:13:00
bae995f7ac0352ddbbd56fb549cf7ce33542b8414abec5695abd912d2a3ede6de0f5fa5bfb5baa3708764779f1128d7ad4fe41c99d883cce9e792cadad5056cc,2022-08-22 16:20:00,CLEAR,DAYLIGHT,DRY,NOT ON SCENE (DESK REPORT),08/22/2022 04:58:00 PM,41.953613284,-87.725273285,POINT (-87.725273284963 41.95361328405),C,8,2022,16:20:00
bb38e013489e55842cc38d0d71b32c966bf9baf2bc507269757f1ea5a73b48898266920b5ec7de7e3a4a67c209f39548c94b096e0dd33683b91f9109a79d15e0,2022-04-01 13:54:00,CLEAR,DAYLIGHT,DRY,ON SCENE,04/01/2022 03:05:00 PM,41.982657151,-87.807063827,POINT (-87.807063827038 41.982657151046),C,4,2022,13:54:00
bacbcf3442c8f6c595c790a2ed777880ba043e3df354e8640f7f3fc9977870f5906f7e6c88b663ce781e4111586c6f29217afbb4cad80f2142c236895887198e,2018-10-06 15:50:00,RAIN,DAYLIGHT,WET,ON SCENE,10/06/2018 04:05:00 PM,41.932128813,-87.708707862,POINT (-87.708707861997 41.932128813032),C,10,2018,15:50:00
bbe1781fbced9ef493175fa42b2838ad450f3b754c4098298ef1d5685307452f8e55bf323bbd61c57f3f8b11497eaab7d04e42ec5a5671637f92ac51478e881a,2021-04-16 16:52:00,CLEAR,DAYLIGHT,DRY,NOT ON SCENE (DESK REPORT),04/17/2021 12:29:00 PM,41.786328045,-87.705136175,POINT (-87.705136175049 41.786328044987),C,4,2021,16:52:00
bbf8fc09b46f1f2451e19e53e278faa3ce963d9ce5ab0080b40d2d21bf7c9abce01660dfa46d4d6fd61926a78fcf64313e93869afd91a30155ae46894ffc1840,2021-10-25 08:45:00,RAIN,DAYLIGHT,WET,NOT ON SCENE (DESK REPORT),10/25/2021 09:40:00 AM,42.012710155,-87.67669997,POINT (-87.676699969969 42.012710154972),C,10,2021,08:45:00
ba7cf6ded325633e4817a11b1e0499ca9d42d0f4ff37c6f7d84730e83982a3c5db31caa66107c72454071a41e907d68117f54acc10fd34ce6fbc1b844a31e69a,2016-04-27 03:50:00,CLEAR,DAWN,DRY,NOT ON SCENE (DESK REPORT),04/27/2016 02:38:00 PM,41.728784254,-87.60448631,POINT (-87.604486309965 41.728784253977),C,4,2016,03:50:00
ba914a8332f29db38b58cd5484b4c624a74c500d057bb3b24ca83b489b426950f7da3bb8ae95e0e94f949dbda70692cfcad2489153e6b3861953d95a41e15ddf,2018-08-28 22:02:00,CLEAR,"DARKNESS, LIGHTED ROAD",DRY,ON SCENE,08/28/2018 10:02:00 PM,41.845112295,-87.705201536,POINT (-87.705201536014 41.845112294966),C,8,2018,22:02:00
bb1f7b7d62a54087fce0d8ea7e63aa8d8f241b025bcd1e054dfe403ded2762869539cfe58c1111bc323a316bd267166b7757c832565ed802a88822bb88761f56,2020-12-02 17:05:00,CLEAR,"DARKNESS, LIGHTED ROAD",DRY,ON SCENE,12/02/2020 05:11:00 PM,41.915717526,-87.701891348,POINT (-87.701891347955 41.915717525962),C,12,2020,17:05:00
bb7d20e75d5483188ae1acce67b2f0b52f55057ecb89e90de670d5038c4151d65b94390f0ab0e1c9726fe5a6d76ed67a5e4b3a49adc1a67c9695cdd19e5d93f0,2022-09-17 15:30:00,CLEAR,DAYLIGHT,DRY,NOT ON SCENE (DESK REPORT),09/17/2022 05:30:00 PM,41.852752766,-87.624197806,POINT (-87.624197806009 41.852752765988),C,9,2022,15:30:00
b9c821632a92a760ee03d329bc5b9203534c942fc5a968eb653252e7847d04f2bb2df28a6dffb964a4aadb08b4f803838e622dac5c527da26bb6317de71d0010,2017-07-25 14:25:00,CLEAR,DAYLIGHT,DRY,NOT ON SCENE (DESK REPORT),07/25/2017 04:16:00 PM,41.995579197,-87.675876884,POINT (-87.675876883986 41.995579196996),C,7,2017,14:25:00
bb8ca960ee2d7cbcabf47d2e52b05227d328778d2dffa34e91b2101f2c5222945ae42205a63b90d3e6ed0d2abb96a4eb251c7fc7a1be6b5887b4e965283fb211,2019-02-09 09:00:00,CLEAR,DAYLIGHT,DRY,ON SCENE,02/09/2019 09:15:00 AM,41.924490094,-87.717288131,POINT (-87.717288130979 41.924490093998),C,2,2019,09:00:00
ba8042bc287839fa39ca8e19524b951d03d3357b6e39c2934fa2850c0f02ad653339c679c5880fbee3b18f9485c115de2f8efb977284343acd8b8f69ab4bd2af,2023-03-09 17:45:00,CLEAR,"DARKNESS, LIGHTED ROAD",DRY,NOT ON SCENE (DESK REPORT),03/13/2023 10:40:00 AM,41.744151639,-87.585945067,POINT (-87.585945066953 41.744151639042),C,3,2023,17:45:00
b9c6d6c298bf5a90bfdf9f7a3f4d0157dbda7e28ce3dd22f50a2b36bdf166ce4175254af0e9b3834b1ec2b17c6b9f1745ff3ddc7f62fa88b6fa4e97aae59b7d8,2016-04-06 20:20:00,RAIN,DARKNESS,WET,NOT ON SCENE (DESK REPORT),04/06/2016 08:20:00 PM,41.805782825,-87.606545328,POINT (-87.606545328006 41.805782825022),C,4,2016,20:20:00
ba1bc8de839af8f0bb77887d3a4c67804b0cbe2dccb9dc77bb07f6aa90742b8cb64b7b3d2f8d4e737bcec257f9b13015e41d7e539ffc4a05cab837936760157e,2021-10-16 15:15:00,CLEAR,DAYLIGHT,UNKNOWN,ON SCENE,10/16/2021 04:45:00 PM,41.809781151,-87.594212812,POINT (-87.594212812011 41.809781151018),C,10,2021,15:15:00
ba63117739e177fc900855733aa23294858b65e9800eb8fd9534b32f35755df99643c2b041f11c18fca524a29e6688ec3c9097dbe27bde3655426855a952cd75,2020-02-14 16:30:00,CLEAR,DAYLIGHT,DRY,ON SCENE,02/14/2020 04:36:00 PM,41.779293734,-87.683298832,POINT (-87.683298832043 41.779293733988),C,2,2020,16:30:00
ba041bfcd0ffef573ee72682ba282fb5229b1bdec6f806b876fd691930d9c10c3b0856030a4c3a3c03ff9c234ae9519dbe6880dc476911f007c2d029db38147a,2023-05-10 18:41:00,CLEAR,DAYLIGHT,DRY,NOT ON SCENE (DESK REPORT),05/10/2023 08:10:00 PM,41.898341319,-87.618057856,POINT (-87.618057855957 41.898341319021),C,5,2023,18:41:00
ba6538c3953452b8b97af8ac695bf3e81c2eedb43f250e481438abde5d6697bcea4bf26feb7f6284c4e928bd7d9a34253748d87270336de8d2ed3219b41be631,2018-01-21 22:28:00,FOG/SMOKE/HAZE,"DARKNESS, LIGHTED ROAD",WET,ON SCENE,01/21/2018 10:31:00 PM,41.71326357,-87.553770285,POINT (-87.55377028505 41.713263570021),C,1,2018,22:28:00
babb5bfd3166fc1399334098f43ac857dcad7b8a6530419bde207afa5ed66bf7f0ea52b8d002c3b12834d5224af598bee999fa8edd279268a8edd4d1ee5ba354,2017-07-29 16:30:00,CLEAR,DAYLIGHT,DRY,NOT ON SCENE (DESK REPORT),07/29/2017 05:21:00 PM,41.808749374,-87.66230696,POINT (-87.662306960034 41.808749374011),C,7,2017,16:30:00
bb4f08ac6261e57a55b2e719bc8cd55ed3c5a7411fac02032de8d18d0021a9c4622784f3854ead9d81e00854c6df9e7533d15bb9d77b3d5f308c8bb21f1d3ca2,2019-01-14 07:50:00,CLEAR,DAYLIGHT,WET,NOT ON SCENE (DESK REPORT),01/14/2019 08:42:00 AM,41.683799756,-87.735617906,POINT (-87.735617905971 41.683799756002),C,1,2019,07:50:00
bb47a37cf20d95541398303b192d87a4181697bfc30e4c9367da90c44a21f6abfe06809028795cf83b2ba6d4689e8cb2a65e4cbde546ddbee756d9d59bdc8451,2019-12-07 22:45:00,CLEAR,DARKNESS,DRY,ON SCENE,12/07/2019 10:49:00 PM,41.956973426,-87.764537664,POINT (-87.764537664019 41.95697342602),C,12,2019,22:45:00
ba445c6f37f68e4e71ef19d8ee048948817acbaa925e74f24892c4b118e8d85ab2d349d59061c08f2aaab1aee8c1d0821ee1eb31833848b82180535511aa4e6f,2020-06-26 08:20:00,RAIN,DAYLIGHT,WET,ON SCENE,06/26/2020 08:23:00 AM,41.978263713,-87.756423992,POINT (-87.756423991973 41.978263713006),C,6,2020,08:20:00
b9dc4a23eb80efc1e41f4251d0e913d2680717c71dbdd0b01e263922cdc2f3607b8e5003ed7a93cbfb9c798f58afb506fa40d311cf49e96dc92d0961c9d4963a,2015-10-14 12:30:00,CLEAR,DAYLIGHT,DRY,NOT ON SCENE (DESK REPORT),10/14/2015 01:09:00 PM,41.880925603,-87.624862374,POINT (-87.62486237401 41.880925603019),C,10,2015,12:30:00
bc03c85e80bb832bae03e5852ff5ff5e3ee643bc02453e651133097b00d6bc8f705dcf237144013f25416dd74df6dd03fec594d49daeae1c83d535096db44011,2019-08-24 14:30:00,CLEAR,DAYLIGHT,DRY,NOT ON SCENE (DESK REPORT),08/24/2019 02:50:00 PM,41.990024694,-87.728708871,POINT (-87.728708871015 41.990024694008),C,8,2019,14:30:00
bc092b5febc21751e5636307460ac47873fa0f4171ab5816b58d6101a92439837ea79371b6a8d5ff86bf44dd5b0957d8cc17e72d0dbcad2b38923f5489850057,2023-06-10 08:00:00,UNKNOWN,UNKNOWN,DRY,ON SCENE,06/10/2023 08:51:00 AM,41.988699304,-87.697059831,POINT (-87.697059830989 41.988699304037),C,6,2023,08:00:00
ba7219493e9ae9589b4820904d87f8774c0372e09f08411e793545f792031bb20694fdc7cda54f28e791f8dd4dc11b222ea9c85000cba511c08eee1c255bf18d,2020-06-24 11:50:00,CLEAR,DAYLIGHT,DRY,ON SCENE,06/24/2020 11:55:00 AM,41.902212301,-87.74884541,POINT (-87.748845410034 41.90221230099),C,6,2020,11:50:00
ba20ef22ba2d02ce11f33afa9540a051b8c7d4b9c29d962525f58739040b8fc8d618ab5bffb61c4b462689b7b5ae0b6aff46fa9c0c723d7f2bbd2f3b43723b33,2021-12-05 14:15:00,RAIN,DAYLIGHT,WET,ON SCENE,12/05/2021 02:20:00 PM,41.907129906,-87.674446409,POINT (-87.674446408978 41.907129905993),C,12,2021,14:15:00
ba988d39d0bfb26bc9937c5ac87e9657a58bfb63e44c040e2cd4c27225d1ffd734e2cae32f1669a7466478fa2f87f29fc6b5090c9587b0f72a17c590cb9e9c63,2020-07-01 17:01:00,CLEAR,DAYLIGHT,UNKNOWN,ON SCENE,07/01/2020 05:02:00 PM,41.88080675,-87.631002349,POINT (-87.631002349029 41.880806750005),C,7,2020,17:01:00
ba60d5019fae46228a5758f6b01655bedc7dbdca8ad18bd3386d825f86ce5520f7114e58435154f30c7d6a1fbdc459c253a962bc65618f510a44096cf242f309,2020-06-11 20:20:00,CLEAR,DAYLIGHT,DRY,ON SCENE,06/11/2020 08:25:00 PM,41.778012898,-87.76930106,POINT (-87.769301059976 41.778012898009),C,6,2020,20:20:00
bbd0e90bef5e444b00fd11714c9942693880481df5d5a0a4b9552832c0a3b4436ea6b5ff424357b7bbe4e4b618bcc78d34a716175ae72d4b6ca0147bd8b98efe,2021-03-02 11:00:00,CLEAR,DAYLIGHT,DRY,NOT ON SCENE (DESK REPORT),03/02/2021 11:54:00 AM,41.785387445,-87.606183761,POINT (-87.606183761008 41.785387444959),C,3,2021,11:00:00
badee37338e671de652e29d54925cd1221c3295113faedbf06e67a90b3310a8f93f86230986743b1f9bb3b384b757bcd6c1ef39d157fba452bd10976bf17e623,2017-04-28 04:38:00,CLEAR,"DARKNESS, LIGHTED ROAD",DRY,ON SCENE,04/28/2017 04:40:00 AM,41.877838259,-87.76675516,POINT (-87.766755159966 41.877838258998),C,4,2017,04:38:00
bb5d841cd62457bbd68c274a6e2dac9dffbec1b84c8338ee686ee72ed67174680981ba0a58664f8644bdc4cc8bb8053c1ce0e9248962af2a339a496f4f36177c,2022-02-12 18:28:00,CLEAR,"DARKNESS, LIGHTED ROAD",DRY,ON SCENE,02/12/2022 06:39:00 PM,41.781626709,-87.762015567,POINT (-87.762015567 41.781626708966),C,2,2022,18:28:00
b9f85ee4c99d5c7bfd0b62a3da033414a4e474f303d59f3212cd47bc0c7e5390c20779222672123b4343be0051c5cfd8ddf1f0b7c5e76171e8f9dad226ef7bbc,2016-03-07 06:10:00,CLEAR,DAYLIGHT,DRY,NOT ON SCENE (DESK REPORT),03/07/2016 07:00:00 PM,41.961238465,-87.713199375,POINT (-87.713199374979 41.961238465013),C,3,2016,06:10:00
b9c973aa0ccff6fa296b609f9c1a6efa6e74711f36a428e1a86b5c5e4d4c2217a6817df66ace514b5285e26f6cd29669051bc4cd186361debfda260490e0cf80,2018-07-07 07:29:00,CLEAR,DAYLIGHT,DRY,ON SCENE,07/07/2018 07:29:00 AM,41.705705738,-87.58631682,POINT (-87.586316820015 41.705705737973),C,7,2018,07:29:00
ba534e9520391f53d5625b69608685630a6476d677a80f426920553ad136b1a0dd7a0d2fa24b798eed762520da63656b1c547aa550d8a0a01e1721325d85f0b9,2019-04-16 08:10:00,CLEAR,DAYLIGHT,DRY,NOT ON SCENE (DESK REPORT),04/16/2019 09:45:00 AM,41.895953607,-87.667900066,POINT (-87.667900065976 41.895953607031),C,4,2019,08:10:00
bbd23f2189b9c849a342c18dc4de854c6436f4041206df645376cc9467a5fc6581c430b2427881a37a0da12cb2f564d5072e38bcc93797aee1bea5ac0f0dd494,2019-10-08 15:02:00,CLEAR,DAYLIGHT,DRY,ON SCENE,10/08/2019 03:10:00 PM,41.713550359,-87.681786484,POINT (-87.681786484031 41.713550359002),C,10,2019,15:02:00
b9b7d2c8c8b0ba0d3c8c1ffb7a7fee7124401809a98db61e5df6903d181f7d626d68a47a23c8b0fc933f62fa38af4c307cd9c4d1d56ce12db812833ed390b14f,2021-09-25 11:45:00,CLEAR,DAYLIGHT,DRY,NOT ON SCENE (DESK REPORT),09/29/2021 07:25:00 PM,41.768982672,-87.644657428,POINT (-87.644657428037 41.768982671979),C,9,2021,11:45:00
bb392be438906eebd02101ed9acabf14245cb5399c357af37ee467e1bff30329a2f68b3a1a29a4083163086b47a4d3c1a62262e8f4e49bd9c591a600bc8b4e75,2016-03-31 07:00:00,RAIN,DAYLIGHT,WET,NOT ON SCENE (DESK REPORT),03/31/2016 03:45:00 PM,41.801274306,-87.725371326,POINT (-87.725371326001 41.801274306006),C,3,2016,07:00:00
bb46c15ed39ecacd1305d562557ff96be016da8d38defebf891395f4a896bdfe22ce18d2c47d233ca45eca605b2026a0817396eb68f135bb83c1dbf471199c46,2018-10-28 09:45:00,CLEAR,DAYLIGHT,DRY,NOT ON SCENE (DESK REPORT),10/28/2018 10:15:00 AM,41.887976803,-87.619964056,POINT (-87.61996405602 41.887976802951),C,10,2018,09:45:00
ba60b54163b217ea28319201b8212cb90cbba1f1c94838f6cac6c6fa7d5b0d7071a801d960ee59e52cc1391b7097808916e82c1e4f4fd0bee42866a72706c4e4,2019-09-09 04:45:00,RAIN,"DARKNESS, LIGHTED ROAD",WET,ON SCENE,09/09/2019 04:52:00 AM,41.815749343,-87.666125925,POINT (-87.666125925005 41.815749343028),C,9,2019,04:45:00
ba02388f9210da053d4f962ce9ed33f24512564180b20fa26dbc889e9dac1c2c1b70ecbdf581f20307708cb12505fa4dbc097d08216b67c22f1b5c8d05db9e83,2016-04-12 15:00:00,UNKNOWN,DAYLIGHT,UNKNOWN,NOT ON SCENE (DESK REPORT),04/13/2016 11:45:00 AM,41.872497742,-87.725253192,POINT (-87.725253192011 41.872497742004),C,4,2016,15:00:00
ba1cc7d2f95567bbabd43b8c4e1ea8f0192b1abd1ab30ad0d33d386a669aac821b849cd9d7bc540ea36db8e8a1df3b725e09dad5db5fb6955b481a33ed6fc918,2019-03-23 19:17:00,CLEAR,DUSK,DRY,ON SCENE,03/23/2019 07:17:00 PM,41.910202458,-87.708596992,POINT (-87.708596991994 41.910202457983),C,3,2019,19:17:00