CRASH_RECORD_ID,CRASH_DATE,WEATHER_CONDITION,LIGHTING_CONDITION,ROADWAY_SURFACE_COND,REPORT_TYPE,DATE_POLICE_NOTIFIED,LATITUDE,LONGITUDE,LOCATION,CRASH_TYPE,CRASH_MONTH,CRASH_YEAR,CRASH_TIME
bbba890de873ff219117ebfb3cc85b87ceca76af0b1781e0dd3d8afcd03f7997e1bf3413e500cacfb877dbfbecdc7ead880fe15fd85d516d2c7766aa7ef07f71,2019-11-24 12:03:00,CLEAR,DAYLIGHT,DRY,ON SCENE,11/24/2019 12:05:00 PM,41.854120263,-87.665902343,POINT (-87.665902342962 41.854120262952),C,11,2019,12:03:00
bb20b017d09cefc2499fcce45ed7c5adc8d4b6061ef02f89a14368c37bdc80bc3a1c63b4855c45fa22f7e354fc99670bd25e26e627e4183fc7ba054651c7a2e1,2020-06-20 16:35:00,CLEAR,DAYLIGHT,DRY,NOT ON SCENE (DESK REPORT),06/20/2020 05:15:00 PM,41.793378954,-87.584053824,POINT (-87.584053824031 41.793378954013),C,6,2020,16:35:00
bbca73bbf862ff545a9582c315e3bbd4a4a56ae01e98e20aba58caa1332fb288aae92cef8240f7c9bd74d5333e2bf61050945764c57e68e330a4b33cc3d97570,2019-12-16 15:11:00,SNOW,DAYLIGHT,WET,ON SCENE,12/16/2019 03:11:00 PM,41.744855614,-87.659803585,POINT (-87.659803584967 41.744855613969),C,12,2019,15:11:00
ba9c8f7ccea12995d0e060dd6d52a0878b76eda1722210a0e23bfce714e0ec711c6eaae4eaea902186b6784b4c06e46a5da94a15d47409d57abc3c56508b2c51,2019-05-12 09:55:00,CLEAR,DAYLIGHT,DRY,ON SCENE,05/12/2019 10:00:00 AM,41.902182098,-87.636869728,POINT (-87.636869727964 41.902182098032),C,5,2019,09:55:00
bb7042d7eeef3d52575e0cbe1111afe30a06896f9b13750af749de07bc2c9d6c3adef222eac9c6863fc755a2fd4c94e394dc1869aa26708497d7dd8b8eb0f1f6,2019-04-24 23:06:00,CLEAR,"DARKNESS, LIGHTED ROAD",DRY,ON SCENE,04/24/2019 11:07:00 PM,41.895364141,-87.755761216,POINT (-87.755761215983 41.895364141018),C,4,2019,23:06:00
bc69f75fea11916e6a780026b9f779fbae5d077b0fc0743ca96a8459b9e809cac466bdd30ab41555b87ffc0fd463a4b5244ebb23ba7a67396f989e4600d0bb6f,2016-03-31 15:30:00,CLEAR,DAYLIGHT,DRY,NOT ON SCENE (DESK REPORT),03/31/2016 03:35:00 PM,41.939226397,-87.725414877,POINT (-87.725414877038 41.939226397019),C,3,2016,15:30:00
b9ee2ed836165a817924a2f8dd5a2315c4382a29051f912cfd463361fda203da6ac8cc8ec5b2af898b686fb2a82f215d8c5f548842945cc96f2749371ae226cf,2021-05-07 22:31:00,CLEAR,"DARKNESS, LIGHTED ROAD",DRY,ON SCENE,05/07/2021 10:31:00 PM,41.82059773,-87.606732486,POINT (-87.606732485962 41.820597729985),C,5,2021,22:31:00
bae64e33fbf5d0e3520354b084368e0c70d9a1c1fcdd892218957f165c2bdc8d359e2cc8565159b513941be82358eef45b69ab72ab81cde31d21eae2cf497c93,2023-05-17 20:35:00,CLEAR,"DARKNESS, LIGHTED ROAD",DRY,ON SCENE,05/17/2023 08:38:00 PM,41.816528587,-87.631174235,POINT (-87.631174234989 41.816528587016),C,5,2023,20:35:00
bb78a74c1589ba8602702583f8a67466c49aa1b616ba2f83834d93f16946892b2a90d52c4fe0fc9102d087c8ae590b7c4a49f8fb3b0821314d3a1660965319af,2022-01-21 03:00:00,CLOUDY/OVERCAST,"DARKNESS, LIGHTED ROAD",WET,ON SCENE,01/21/2022 03:02:00 AM,41.903536788,-87.661859583,POINT (-87.661859582959 41.903536788031),C,1,2022,03:00:00
baabd29adc01e06487a6a0c53a7dc30f91ca905ba402d1a704f60012c4dfcd4043f3362ad8cda09d3aaf2004f4737c5b76e01053e94e98adc657aff8bf4e6d8d,2018-01-02 11:43:00,CLEAR,DAYLIGHT,DRY,NOT ON SCENE (DESK REPORT),01/03/2018 01:45:00 PM,41.880244897,-87.756414744,POINT (-87.756414743965 41.880244896964),C,1,2018,11:43:00
bb3a291fd97f21cea3d0478d375b81abe00cbff0987b3d78344846ed642ac15da7db00009897c4191e6b4cd1903494effd806eb162862f947c2bd1170bac4949,2021-11-15 00:38:00,CLEAR,"DARKNESS, LIGHTED ROAD",DRY,ON SCENE,11/15/2021 12:38:00 AM,41.834833585,-87.611398262,POINT (-87.611398261971 41.834833585035),C,11,2021,00:38:00
bbe70b17d75c3d0e4678e84928c4f16fc255e66b46dbc7efea278449abba5a9d39a3691384f65966eca5ccbfddd1e78e6577df23d1a452d57fc1e17b5705db12,2022-10-31 17:45:00,CLEAR,"DARKNESS, LIGHTED ROAD",DRY,ON SCENE,10/31/2022 05:50:00 PM,41.917103631,-87.687248767,POINT (-87.687248767006 41.917103631009),C,10,2022,17:45:00
ba3a14f67b1a608e3075b7c954002dbb5a7629bf5c2821922501934bab6df39d7916e86477fe2ab99aede314bd64fd3b79681a7884a0bb982c35c0c8b789a89f,2017-04-20 07:34:00,CLOUDY/OVERCAST,DAYLIGHT,DRY,ON SCENE,04/20/2017 07:46:00 AM,41.902082792,-87.760864427,POINT (-87.760864427018 41.902082791979),C,4,2017,07:34:00
be3781d0ea20337beea0079027ab9d76857cd7ba0db136a33b737802b57e610b7caf07d81bab8a0909f6c952418c1e9ca5f42b5af370f4e9e96b59d8bc7d1352,2017-11-04 19:00:00,RAIN,DARKNESS,DRY,NOT ON SCENE (DESK REPORT),11/04/2017 07:15:00 PM,41.997730287,-87.806645117,POINT (-87.806645117018 41.997730287008),C,11,2017,19:00:00
be21edba0b26c6721f6f9a1dac94f645f28be78436b131a576bc11bb9fa05a2e36f8524e79d8406c09a76de76c6ec5929a59784d743da91760258fc5be830304,2017-08-15 15:04:00,CLEAR,DAYLIGHT,DRY,NOT ON SCENE (DESK REPORT),08/15/2017 03:40:00 PM,41.692990747,-87.601305122,POINT (-87.601305122007 41.692990746972),C,8,2017,15:04:00
be4c70a1a364e12ef0198923a8b9aa04991e0d489b4a6a4e58b93202d9303255e00effa4893620ce5eb66266eee4ba58041d574f0a24cf2c54926f51ad836cd4,2019-11-09 09:30:00,CLEAR,DAYLIGHT,DRY,NOT ON SCENE (DESK REPORT),11/09/2019 12:00:00 PM,41.701642992,-87.650628792,POINT (-87.650628792018 41.701642992046),C,11,2019,09:30:00
bd3afe1202b8ed8dce130afa4d3fd0c8017f95944715efedfe398ac2065fd02c3a149ddfd82c7e896cd1fc6571810b7192612be8113e636d6a44a0a513e040f9,2018-06-15 07:23:00,CLEAR,DAYLIGHT,DRY,ON SCENE,06/15/2018 07:33:00 AM,41.6621277,-87.64148984,POINT (-87.641489840003 41.662127699955),C,6,2018,07:23:00
bcbf19a6a31dd0aa8881c492e113fb767011e16b16a6e39013b15943072e185d8a1cd2a9f6047ac5cef85cb1d495bbe41ad013054de16e18453b1c8b0237fe29,2017-08-25 20:39:00,CLEAR,DARKNESS,DRY,ON SCENE,08/25/2017 08:39:00 PM,41.895784449,-87.721352746,POINT (-87.72135274599 41.895784448963),C,8,2017,20:39:00
be60a86e3636238b802a9e84132e6f812bf538259851e924cb855705da3bded8e6a768dc48ef65cea0385b819c084270bf4a8477f56973047d5a7782f897d9e0,2022-10-11 18:10:00,RAIN,"DARKNESS, LIGHTED ROAD",WET,NOT ON SCENE (DESK REPORT),10/11/2022 07:20:00 PM,41.822958463,-87.691425915,POINT (-87.691425915045 41.822958462973),C,10,2022,18:10:00
bcedcb902280804084ea9a3aaabf600f3461d5ed7b0ac39448b2d9aaa4d32a05299babf4bc4328b42aa7466db719cfc65606e811d5746b6c344cd723d77395ce,2016-11-16 15:45:00,CLEAR,DAYLIGHT,UNKNOWN,NOT ON SCENE (DESK REPORT),11/16/2016 04:30:00 PM,41.74579217,-87.635369997,POINT (-87.63536999702 41.745792169991),C,11,2016,15:45:00
bd8aa409fe75b58b3113ec58f688857119fd2ef10c110bcda30cdac9ebc1d67c7c5e889523b2f0f03a421e4f1c6d22872182b705d2baa7b2341b7f2d6a503568,2021-04-26 17:29:00,CLEAR,DAYLIGHT,DRY,ON SCENE,04/26/2021 05:30:00 PM,41.939120711,-87.733354387,POINT (-87.733354386994 41.939120711026),C,4,2021,17:29:00
bd057196e6f227b375098044314161955a673aa339d001514758a8a1a5025f1266f0401b72b72c6df634a2649006868a253a7ba3b79f973e4dbeb4b36fb16335,2017-11-30 06:40:00,CLEAR,DAYLIGHT,DRY,ON SCENE,11/30/2017 06:48:00 AM,0.0,0.0,POINT (0 0),C,11,2017,06:40:00
bdc99e73bb550c9f1481f65c8b4033dc6da2dd4b09d5c7ba47e12128794481fce67c9ae9064b2e1a6dfa97877cc404fad410495856a80ece3db520fcfbaf7e26,2019-04-27 12:55:00,SNOW,DAYLIGHT,WET,NOT ON SCENE (DESK REPORT),04/27/2019 01:45:00 PM,41.946643529,-87.686894106,POINT (-87.686894106014 41.946643528978),C,4,2019,12:55:00
be6c00f655475af3971e5fbbac4023f74734ce9470999526a5b364bc8c4ba0dfaa231c864112ea6839fc6a01e04bb0f381272ba8ef2fd8674d01f14cbc56c1d4,2022-06-25 00:15:00,CLEAR,"DARKNESS, LIGHTED ROAD",DRY,ON SCENE,06/25/2022 12:32:00 AM,41.794949063,-87.704674655,POINT (-87.704674655024 41.794949062982),C,6,2022,00:15:00
be7250fb4fbe1462fcf6df3d6a2d2ad425ec751c8e9aff577c976da0d4d6c06c86d45677a2f5467beca24bf5c130b25b4d5e5be075539c38e786328a64bbc72d,2022-06-05 13:11:00,CLEAR,DAYLIGHT,DRY,NOT ON SCENE (DESK REPORT),06/05/2022 01:50:00 PM,41.744151639,-87.585945067,POINT (-87.585945066953 41.744151639042),C,6,2022,13:11:00
bea9a7f0e70d498bf88e7a33caba72a6dfee90afb0ee36aa863dd6a4a0ff7b028200a2393afbb126e5793f9f692ac1018f2e757e15858d142184c6cfc4c42f20,2021-01-23 11:30:00,CLEAR,DAYLIGHT,DRY,ON SCENE,01/23/2021 11:40:00 AM,41.876709819,-87.640877979,POINT (-87.640877978951 41.876709819038),C,1,2021,11:30:00
bf25f4ba4d08f753ae0f2d8bc7f4875540dea76a54c5c2e78b9dde11e23d2b9ce527a589281d48f6c965db849cbd2fe61da49d1bf6ba8779c286a967445fab89,2017-09-06 11:58:00,CLEAR,DAYLIGHT,DRY,ON SCENE,09/06/2017 11:58:00 AM,41.744151639,-87.585945067,POINT (-87.585945066953 41.744151639042),C,9,2017,11:58:00
bd63cf34e5e647c74c0ce4db14ab5424ecc5c3223dd46b0679c86978f62643b7b52f7ebdfc1b08bb32f8225d5e384fe7b78d48116dc51ff6f74e64d6d770731c,2015-12-22 16:45:00,CLEAR,"DARKNESS, LIGHTED ROAD",DRY,NOT ON SCENE (DESK REPORT),12/22/2015 05:30:00 PM,41.881340912,-87.627894178,POINT (-87.627894178 41.881340911956),C,12,2015,16:45:00
bd2f2e3549559061d4185c8202ada94c2351986700feaf8fa3ee82fab9518ff1e59d5eca81de930b8323ff30b0b8da29af203e2ff87e98532dfd3e52a1ac452b,2019-02-22 22:25:00,CLEAR,"DARKNESS, LIGHTED ROAD",DRY,ON SCENE,02/22/2019 10:26:00 PM,41.876909824,-87.749435842,POINT (-87.749435842032 41.876909824018),C,2,2019,22:25:00
befd43ac6b93a4779d54617db1617a6079801a15854bf1cc37dbb0783016fd39a477fc67b086b318f486f7bed644487a2ae85fd219f38a24da8fb49cac03eed7,2019-08-16 17:26:00,CLEAR,DAYLIGHT,DRY,ON SCENE,08/16/2019 05:26:00 PM,41.928513159,-87.704814777,POINT (-87.704814777027 41.928513159047),C,8,2019,17:26:00
bcf44106c5ab15a6900cc15e7dc1e84820f8bf5486f3d732259bac28362101973ad149d6fce677d58e39c517837470b021f8117e0f87a7c227e1f2a293f6d278,2022-11-15 09:55:00,SNOW,DAYLIGHT,WET,NOT ON SCENE (DESK REPORT),11/15/2022 10:15:00 AM,41.659687315,-87.583621707,POINT (-87.583621706984 41.659687315045),C,11,2022,09:55:00
bcdab85582766a76d2b6f72248832928ed74569ee8031474728ac08b3d49e168e5f8a28f2ac57d14dd0713a4495e6f055a6ec44bf8a121aa76613fda16f9d4d3,2022-12-22 23:05:00,SNOW,"DARKNESS, LIGHTED ROAD",SNOW OR SLUSH,ON SCENE,12/22/2022 11:10:00 PM,41.702473877,-87.681346972,POINT (-87.681346972031 41.702473877),C,12,2022,23:05:00
bf1987251d71cfb1b5e493de2b2c3e0e9ab58d8a7319737334050d528c90ebb43c1bc227f8d826fd0b02554a28c04f26904f48165f605626aaecf624955a9804,2016-09-06 08:35:00,CLEAR,DAYLIGHT,DRY,NOT ON SCENE (DESK REPORT),09/06/2016 09:20:00 AM,41.903825234,-87.64328636,POINT (-87.643286359995 41.903825233976),C,9,2016,08:35:00
bd1eabb2d20203a65f156ebe9b8659ab6793ebe293afb9afdd58d2157285307123e927fa55145c5179efb52653c16c16963a29fa8050a3319373f0caf940b477,2023-05-05 06:30:00,UNKNOWN,UNKNOWN,UNKNOWN,NOT ON SCENE (DESK REPORT),05/08/2023 02:30:00 PM,41.983014558,-87.78220528,POINT (-87.782205279991 41.983014558005),C,5,2023,06:30:00
be4fecb510b655de66c3b9bb6b4ec327e9099a2c25179de15829de1bdf790ab797a844027c3ebf813b6fa31cd6af495a339e2432156887ad5633af05e41c90a0,2016-12-10 19:00:00,CLEAR,"DARKNESS, LIGHTED ROAD",DRY,NOT ON SCENE (DESK REPORT),12/16/2016 02:46:00 PM,41.812808163,-87.73111091,POINT (-87.731110909968 41.812808163041),C,12,2016,19:00:00
bdc73cf01085a54824e38bfff3923c3db4344d5742ad65f54c7ca7fb908ededcb5dba9249e12e803dcee4a5da9c38c80eb58869a556b5a242b75a72ddad4e4d5,2019-10-14 18:10:00,CLEAR,"DARKNESS, LIGHTED ROAD",DRY,NOT ON SCENE (DESK REPORT),10/14/2019 06:48:00 PM,41.844469862,-87.716531999,POINT (-87.716531999035 41.844469861986),C,10,2019,18:10:00
be8799116a992858fe958b19ed4348d231890f6133b8b6c423e281a7005938b55c69857561b588fce9f6ab65c81f5b48da00a4643abac6e04d6ee5887d604ddd,2022-06-15 12:10:00,CLEAR,DAYLIGHT,DRY,ON SCENE,06/15/2022 12:17:00 PM,41.749362768,-87.605332981,POINT (-87.605332981011 41.749362768013),C,6,2022,12:10:00
bcdcb12dc087d9011f3a2cd5afd421084e691527e424144af84d02a7d6693d4f9838fea55243bd8deb5300359bbca31263b4ca025444e23ed17f3b16e6beb6cd,2016-08-26 15:30:00,CLEAR,DAYLIGHT,DRY,NOT ON SCENE (DESK REPORT),08/26/2016 07:00:00 PM,41.916760313,-87.752866224,POINT (-87.752866223957 41.916760313025),C,8,2016,15:30:00
bde547722b07087a3b73fda878c8f7c000496957071b542c94c5da709172ccb8734d9e16ff92edcd58e1b12992136f86f652ab302e820c7045e67e41e9102f1e,2020-11-01 20:16:00,CLEAR,"DARKNESS, LIGHTED ROAD",DRY,ON SCENE,11/01/2020 09:06:00 PM,41.788738138,-87.715537783,POINT (-87.715537782963 41.788738137999),C,11,2020,20:16:00
bd0892834db66cdc95812dfa4eff0700c35fc661290e4387240b2e9d6c853341ecd1ef616206ea8e5d72e42e5ad6cc827fb49c5fcc98117f3763ff6b5992221d,2015-10-21 16:30:00,CLEAR,DAYLIGHT,DRY,NOT ON SCENE (DESK REPORT),10/22/2015 08:20:00 AM,42.018747391,-87.811370238,POINT (-87.811370237995 42.01874739095),C,10,2015,16:30:00
be787a225192e2578e2c3f452e2fc005b92e13853ce629472e06a6f4c562af311b291c8734e886b9c05bbe69c58e9e0ebd3a10e4d684ea8a8d2045775645fc2d,2018-08-21 12:15:00,CLEAR,DAYLIGHT,DRY,NOT ON SCENE (DESK REPORT),08/21/2018 01:03:00 PM,41.881779411,-87.654380269,POINT (-87.654380269009 41.88177941105),C,8,2018,12:15:00
be49eab4e1c744f1a846dc54cf12045a3b4c0cc93af7e33f14b1b589e5a382bb02d346de0700b8f558f550c35f47b6b0d623c868558c379b6ccdbc32ad1b19b7,2020-04-08 15:30:00,CLEAR,DAYLIGHT,DRY,NOT ON SCENE (DESK REPORT),04/08/2020 03:50:00 PM,41.931000176,-87.766089408,POINT (-87.766089407959 41.931000176021),C,4,2020,15:30:00
be95ae55734b05c4f89d5218210726bf2dde966238b5d640586941537442ffee46e69e94d794b331f60d93f23f1da58a4a5cffdfcf2f14c05458cd4aa15b557b,2017-08-18 03:00:00,UNKNOWN,UNKNOWN,UNKNOWN,NOT ON SCENE (DESK REPORT),08/18/2017 12:45:00 PM,41.885900985,-87.758793598,POINT (-87.758793598042 41.885900984968),C,8,2017,03:00:00
bcca0120bf82875858d4e140035e782d8cc436e8b570a80dfc8eaf5f5abb944be75b8721ea6414a721322f14eb749f9d87d9068d3d4a077d1b50e0b6dd57176f,2022-10-05 12:38:00,CLEAR,DAYLIGHT,DRY,NOT ON SCENE (DESK REPORT),10/09/2022 08:00:00 AM,41.691826527,-87.688302732,POINT (-87.688302732037 41.691826526999),C,10,2022,12:38:00
bc788984ef117c6e2964a026e417e9a7e45374563fa5489fc3786ef1dd57a3581d56d16f33d3bff6ba16114ca2788e5ef8e2bae53f30fed49c3c6f5ca3832125,2016-12-07 08:06:00,CLEAR,DAYLIGHT,DRY,NOT ON SCENE (DESK REPORT),12/07/2016 06:02:00 PM,41.835238431,-87.719280867,POINT (-87.719280866971 41.835238430977),C,12,2016,08:06:00
bda432fc0d092e3931318a997822a2746f669334bf10bcd406f56b4c52ab2001bb9586e7b0378dc6643e47d050f6f348114f01f7c6421c3a74187ec6d517fa88,2022-08-20 22:18:00,CLEAR,"DARKNESS, LIGHTED ROAD",WET,ON SCENE,08/20/2022 11:11:00 PM,41.779351179,-87.684804466,POINT (-87.684804465996 41.779351179003),C,8,2022,22:18:00
bee6c2065ddf8b15b3bd87ca400fac64f52913dfc2757dc4b4841620f47f208769d24f430b13296020a4e833f18f006e852f2cd02d81cec514cd411cf56f089e,2017-03-26 17:00:00,CLEAR,DAYLIGHT,DRY,NOT ON SCENE (DESK REPORT),03/26/2017 05:15:00 PM,41.742554288,-87.575667714,POINT (-87.575667714004 41.742554288042),C,3,2017,17:00:00
bee5e758e3a9e89e3e4784ec8262d6ada13208cca745f7939f1f49ce7d958983cbc2a724bc30add45cdf40f50d8fc4d96ae2be34ad902700ae77c1b1d21e63bf,2019-08-29 13:10:00,CLEAR,DAYLIGHT,DRY,ON SCENE,08/29/2019 01:57:00 PM,42.012782706,-87.672484088,POINT (-87.672484087993 42.012782706036),C,8,2019,13:10:00
bf29e52d93e9635f022c5058cb3d19f41e5dd930aed2b73f3d51d4b6b09ce977ea835877b7ff4f19cd54ed08f44fc060ba4ae4c2eaa0610087802190ea277d0f,2021-03-26 16:58:00,CLOUDY/OVERCAST,DAYLIGHT,DRY,ON SCENE,03/26/2021 05:53:00 PM,41.886769177,-87.745355616,POINT (-87.745355615988 41.886769176982),C,3,2021,16:58:00
bcfc23219227b08551f0a51a1ad44863ce0ded6498048247d5edc68387bb2e7e1fecc6522d018b14ede473acc4b90644b8be3029d420fc0b654423e6060d0461,2022-11-06 15:42:00,CLEAR,DAYLIGHT,DRY,ON SCENE,11/06/2022 04:12:00 PM,41.997228762,-87.712355632,POINT (-87.712355631957 41.997228762048),C,11,2022,15:42:00
bf30965d158c156ef3d9086c66c850182682e76519edca532f983cac23d2f34575bf9f8e092f63ba53cb3c00a23ca3f96630a9591598af33da9e5ee2d07c4f76,2021-04-02 17:44:00,CLEAR,DAYLIGHT,DRY,ON SCENE,04/02/2021 05:53:00 PM,41.924697278,-87.718357061,POINT (-87.718357060977 41.924697277952),C,4,2021,17:44:00
bc8a87616d5b8f32f09216c7fbc8051ee69c08362b767822180abbc90eee409b0574a2cf9acdd1b9e081a067bcc48a9e364933d42dbcfd2abfe7a803063d0552,2023-01-16 15:56:00,RAIN,DAYLIGHT,WET,ON SCENE,01/16/2023 03:56:00 PM,41.859797619,-87.646944213,POINT (-87.646944212986 41.859797618957),C,1,2023,15:56:00
be3d9054fe1054dc478dc4fa1a1ab7e1262805feca3d07f9e5a7bcb022a8fca83a7e404fcc549755d00700be2977d7f1b870e89263ba83624912e15d21077d41,2020-07-17 06:00:00,CLEAR,DAYLIGHT,DRY,NOT ON SCENE (DESK REPORT),07/17/2020 06:25:00 AM,41.758245505,-87.626521907,POINT (-87.626521907009 41.758245504966),C,7,2020,06:00:00
bebf79f7d15622667b89c110b56c47513f1a9233b592a4c18f5e0d6c2505404aa82f266626de9b2b2d27458cf96180d3dfaea548f5f2666b6c5fd226dfbc0409,2022-05-12 16:07:00,CLEAR,DAYLIGHT,DRY,NOT ON SCENE (DESK REPORT),05/12/2022 05:10:00 PM,41.986386988,-87.706212393,POINT (-87.706212392969 41.986386988041),C,5,2022,16:07:00
bc78e2cdd95f097427d167f3eb2f1a9d1808912d7c7ebb92246ff30d29668f4b696022d14cbda5475b8c4ce58443e8e0312beba244ef967b6ed41597051a3f1f,2023-02-11 22:55:00,CLEAR,"DARKNESS, LIGHTED ROAD",DRY,NOT ON SCENE (DESK REPORT),02/13/2023 02:00:00 PM,41.884552309,-87.63975418,POINT (-87.639754179988 41.884552309006),C,2,2023,22:55:00
bd1bcca5c781f087a9fc5785dc1a8a2d6695a3e19edaa25f5909e19aed509148d1c755d49626199fa2c9c01c0136c5c233da6de759f67b5f2d527b17c39a1e3f,2023-05-07 00:20:00,CLEAR,"DARKNESS, LIGHTED ROAD",DRY,ON SCENE,05/07/2023 12:25:00 AM,41.920676631,-87.775630269,POINT (-87.775630269041 41.920676630982),C,5,2023,00:20:00
beffb08ecea9469e35ae5a36e516f314ccbfb794275c60182cbc4a77154e224ad32834472b850c8401c41d3a1e064bd6297eb85564457f0351b033f00d1d95bd,2018-04-06 08:45:00,CLEAR,DAYLIGHT,DRY,NOT ON SCENE (DESK REPORT),04/06/2018 09:05:00 AM,41.836490047,-87.618373724,POINT (-87.618373724007 41.836490046973),C,4,2018,08:45:00
be1c2e8a240ae9973a6011926cc62dcc56f66ffae58b072b8c07defd8fe4a144751c1076c837e6dee345d4b196b9e0ad0bc71b25c1ff32dbaa076c529c90712e,2023-05-06 18:30:00,CLEAR,DAYLIGHT,DRY,NOT ON SCENE (DESK REPORT),05/07/2023 12:02:00 AM,41.741374167,-87.721506394,POINT (-87.721506393957 41.741374166961),C,5,2023,18:30:00
bce3f674bb8a5ccc6f576ee2420c12e9065ec1cd608780643f427f32e8cfc9a8faddb829c1f674b6e8965cec178a66cbe0ebc7aeaae1814669c87acd4911a34a,2018-09-01 03:31:00,CLEAR,"DARKNESS, LIGHTED ROAD",DRY,ON SCENE,09/01/2018 03:41:00 AM,41.892374041,-87.627242942,POINT (-87.627242941998 41.892374041012),C,9,2018,03:31:00
bdfdecdf2c017d2d0deff901f00f6533cf086853721f663ce18befc4166c5381014bd6de414af7a40b7decec687812511128ed3880c4b39bbeb4da55f74db17b,2017-11-11 01:50:00,CLEAR,"DARKNESS, LIGHTED ROAD",DRY,ON SCENE,11/11/2017 01:54:00 AM,41.966474496,-87.759719343,POINT (-87.759719342999 41.96647449604),C,11,2017,01:50:00
bda0c60c75e6fe5d33ae02c4089938e7314be257c4f502bf63608ea078ffe5b22eff491bfb3571423869a7390ef9a6a791cd74bd3cfc2ea4cb509a76e35812bd,2022-12-24 14:30:00,CLEAR,DAYLIGHT,DRY,NOT ON SCENE (DESK REPORT),12/24/2022 05:45:00 PM,41.836348276,-87.645073536,POINT (-87.645073535966 41.83634827602),C,12,2022,14:30:00
bda19cac4a89db21051931c40a7793f7e59b8f4bc234ed84ba8b706b6f3d0e9277d09c5035caf280ddab8d4f7ee5c8642293c0fde84c345c95b9b01455142a96,2017-10-11 07:50:00,RAIN,DAYLIGHT,WET,NOT ON SCENE (DESK REPORT),10/11/2017 08:00:00 AM,41.983014558,-87.78220528,POINT (-87.782205279991 41.983014558005),C,10,2017,07:50:00
bc8b4663f8789184d917940b444801e35e8f9f4536c618504829f93b6b6beb7ad21d04a1c071c4861c2ffb87d7a2399c238290f6e3fb383c01f82647a77f50e5,2022-03-31 14:45:00,CLEAR,DAYLIGHT,DRY,ON SCENE,03/31/2022 02:48:00 PM,41.93883817,-87.754519818,POINT (-87.754519817975 41.938838170007),C,3,2022,14:45:00
be3a5ba174ecee7a7c6743c0ef2974522862814eb6527437f9e56792967812f74bc808c2598df4b4ee00dbc6ea40ab08e3a2aca23421dea44c56cd898aaa1011,2021-07-09 10:00:00,UNKNOWN,UNKNOWN,UNKNOWN,ON SCENE,07/12/2021 11:35:00 AM,41.853789949,-87.652943495,POINT (-87.652943494967 41.853789948987),C,7,2021,10:00:00
bdd88680ff913192962f96a1e3afb3b78c364365f8b99ba7cc582b19e6eca49e741aad8bb9c53ecdf6625bd7897bc653ed30c4583ef768077605fc67dd658652,2020-01-16 09:25:00,CLEAR,DAYLIGHT,DRY,ON SCENE,01/16/2020 09:30:00 AM,41.866501191,-87.686157599,POINT (-87.686157599021 41.866501191036),C,1,2020,09:25:00
bde73884e3e0cb6c42f8c685628d8732005914dc18f32ead81cc7c641c89385853213814018f7c13dac0ba6050c2f2237cdde55e46c68d41dff6f730f97b8b0b,2016-08-18 07:40:00,RAIN,DAYLIGHT,WET,NOT ON SCENE (DESK REPORT),08/18/2016 09:55:00 AM,41.796570569,-87.683959518,POINT (-87.683959518015 41.796570569042),C,8,2016,07:40:00
be669a8475e098a59f5c53194374fff14057ee9cf6ab8995ae69dc1c4899f0ddec3d03ee0f4468c230a5ca3249bf37279bceb5a0398b3d465efb7e4688e2b3a6,2020-05-12 14:20:00,CLEAR,DAYLIGHT,DRY,ON SCENE,05/12/2020 03:13:00 PM,41.99543206,-87.807657853,POINT (-87.807657853032 41.995432060012),C,5,2020,14:20:00
bc98b853ccdd4df7907f33c8f71c4c20e5e7da1da3470d464a6c119dc16495ac423989892d9aedba86665a8a4d9cb55ae323ecaea038a8097b9af03d55b3a05f,2020-03-14 10:15:00,CLEAR,DAYLIGHT,DRY,ON SCENE,03/14/2020 10:20:00 AM,41.903536788,-87.661859583,POINT (-87.661859582959 41.903536788031),C,3,2020,10:15:00
bde1951ddb4fe95895576dd7ae1ff3086e865d930581316f7b67a48785e1933fcb2cc308b7ed6f0bb6f899264fc6f4a0cd734366b7f480984f777103bc1febce,2023-05-23 14:30:00,UNKNOWN,UNKNOWN,UNKNOWN,NOT ON SCENE (DESK REPORT),05/25/2023 03:20:00 PM,42.006801604,-87.661457734,POINT (-87.661457733969 42.006801603988),C,5,2023,14:30:00
bcc2abb4844c5789e0cc36b4c7f4865a5dd1a1d15e35751781bd3f640982868eea63b240f02e03adc1922016163602f6a0faf3c9d044135b54c2dafd780a7f0f,2017-12-16 21:30:00,CLEAR,"DARKNESS, LIGHTED ROAD",DRY,NOT ON SCENE (DESK REPORT),12/16/2017 10:15:00 PM,41.94908994,-87.658365336,POINT (-87.658365335996 41.949089940011),C,12,2017,21:30:00
be258f2a515d78ef32772e3fa44e02c578b7c3be20cdd5ee138514a471db40498115781e7cf950a754e2acc7484d431f8151c2b30416bcd1057f1b4f98aa248d,2017-05-18 08:20:00,CLEAR,DAYLIGHT,DRY,NOT ON SCENE (DESK REPORT),05/18/2017 12:30:00 PM,41.932604222,-87.727148226,POINT (-87.727148226037 41.932604221966),C,5,2017,08:20:00