CRASH_RECORD_ID,CRASH_DATE,WEATHER_CONDITION,LIGHTING_CONDITION,ROADWAY_SURFACE_COND,REPORT_TYPE,DATE_POLICE_NOTIFIED,LATITUDE,LONGITUDE,LOCATION,CRASH_TYPE,CRASH_MONTH,CRASH_YEAR,CRASH_TIME
bed550dd2bab2739931b8d21c80598f7465fdbd1032aea77c7bbd64ffce7ca360a7d7cd61f9f9dcb9d5b19863468ee2a1b7c84aa6f74bc33f9e41ef1a4c47986,2023-04-27 18:13:00,CLEAR,DAYLIGHT,DRY,ON SCENE,04/27/2023 06:13:00 PM,41.894790473,-87.759400091,POINT (-87.759400090958 41.894790472985),C,4,2023,18:13:00
bef38ab47c46602287b867e90bbb30da353182c1cb528716203306f7636e5d4ce46ca8b5210766ceada2569ef54439f3674492d56c645658a45a64df979a05b2,2021-10-23 09:25:00,CLEAR,DAYLIGHT,DRY,ON SCENE,10/23/2021 09:26:00 AM,41.907717718,-87.745916874,POINT (-87.745916874041 41.907717717976),C,10,2021,09:25:00
bf1b9a2c7116e677cdf1bcaaf71cb379243e0c8ec5d7d280085ea35ea20c9808d99df129b8fa66ef1fac0f20daff3074b548cd98b853ca1c85f37526d8d9bcb0,2019-03-31 23:25:00,CLEAR,"DARKNESS, LIGHTED ROAD",DRY,NOT ON SCENE (DESK REPORT),04/01/2019 12:10:00 AM,41.920676631,-87.775630269,POINT (-87.775630269041 41.920676630982),C,3,2019,23:25:00
bca0c5db34f560539e68fbf9a4c314c7577ff4d766158531988553cad062cc5a85ac091ef07bc8bc918405487135af79d62ab69d4ca3dcd9561af419c7f86b7e,2019-06-23 19:30:00,RAIN,"DARKNESS, LIGHTED ROAD",WET,NOT ON SCENE (DESK REPORT),06/24/2019 01:15:00 AM,41.933341652,-87.659591855,POINT (-87.659591855013 41.933341652029),C,6,2019,19:30:00
be9ce37540b5692cd89fc5a560bd4e8a064ae251ff0a2a944a052b76cfefb09cacc723f0d6e887f0f01b9e8d71b8034fc18ef5ebe7fbd725680e4ee772e637ef,2022-08-18 11:10:00,CLEAR,DAYLIGHT,DRY,ON SCENE,08/18/2022 11:11:00 AM,41.903639931,-87.65554697,POINT (-87.655546970003 41.903639930952),C,8,2022,11:10:00
beb08b749b5047f3922081b182b9d8998829b0dae7ef1962737172dc0f4b301d388ddfc9089443cf8de37f34e76b621416714410ae06db8a0fff87b0b677bb8e,2021-08-18 09:52:00,CLEAR,DAYLIGHT,DRY,ON SCENE,08/18/2021 10:30:00 AM,41.908522236,-87.745933925,POINT (-87.745933924993 41.908522235962),C,8,2021,09:52:00
bd67fb0fcf9345a835a9de9f260991459a2b7d80a44dc672347e3a61073599f8862f7b9e95e6327ec32c28f36f768c11b0d1d471c6388e824b84340573b9e507,2018-06-13 15:36:00,CLEAR,DAYLIGHT,DRY,ON SCENE,06/13/2018 03:38:00 PM,42.0109408,-87.682754031,POINT (-87.68275403105 42.010940800028),C,6,2018,15:36:00
bd1948354e7503a6f971de9f6ea6a5915038e4fa7dddcd27c7eb3ec0ed1adb2d21dd6026fc2104f0417a0e23144a055d1adb364eff89f77cf49e58a9f2bc5878,2022-05-04 20:25:00,CLEAR,"DARKNESS, LIGHTED ROAD",DRY,ON SCENE,05/04/2022 08:26:00 PM,41.883455458,-87.727162324,POINT (-87.727162324001 41.883455458038),C,5,2022,20:25:00
beb56cb41d2504946e4c95dac685c6e85971c4a01b62106f78ec9273afaf88f4fae9521f3d9df3829c2de7947effc1aa4b0345713bb1f250029c59ff27a28978,2019-10-24 13:40:00,CLEAR,DAYLIGHT,DRY,NOT ON SCENE (DESK REPORT),10/24/2019 03:20:00 PM,41.945064736,-87.806851953,POINT (-87.806851953014 41.945064736015),C,10,2019,13:40:00
bd1a4e2b4e189aa5350ca621941a3cd9122bad2ca17b1a0b491ffc1ed4322c8b1b7cc7c3dd21d44bfb4e875211ff12ff8146f989b74d9aeb765ec5a4b453e8ab,2019-08-07 18:00:00,CLEAR,DAYLIGHT,DRY,NOT ON SCENE (DESK REPORT),08/08/2019 07:15:00 PM,41.974326808,-87.674211211,POINT (-87.674211210971 41.974326807986),C,8,2019,18:00:00
be29452392252857ca75d5ddf4877f3293dd46b18816466e4efb4bbb1f5f62c7308cc21a31e6e2ec5a1687e38bf73e0dba73e46f19361ff9a9b6d5a91c6da25b,2022-12-21 17:40:00,CLEAR,DARKNESS,DRY,NOT ON SCENE (DESK REPORT),12/21/2022 06:24:00 PM,41.799888717,-87.596797969,POINT (-87.596797969006 41.799888717015),C,12,2022,17:40:00
bc73d846619c789a39d2d7e97755233a2477469fba59631588474d4da4016de38d4b1438f0fc67648b29feec6516a5c8d731a0d235bc930b0e293fdf16f3f8ec,2022-09-18 15:00:00,CLEAR,DAYLIGHT,DRY,NOT ON SCENE (DESK REPORT),09/18/2022 03:30:00 PM,41.945385824,-87.733942132,POINT (-87.733942131983 41.945385823999),C,9,2022,15:00:00
bdce8f530a57a55b2408694db6c6003372575000b4c0ea201fcf7cba9f4870103ad2e2d1151ac1c715fd604993bb013d32d92be45143f05e0ce44162f8b487cd,2018-01-28 01:20:00,CLEAR,"DARKNESS, LIGHTED ROAD",DRY,ON SCENE,01/28/2018 01:24:00 AM,41.920509461,-87.693212359,POINT (-87.693212358995 41.920509461016),C,1,2018,01:20:00
bcc8b6ffa3e087302444340a16fc8226e118f0d7045ded0c4673f3d0a4f700effd1e2ea1e6641603ae7460c7b3b1d0b631b686e2fef76351942e23e88a9db153,2019-12-27 13:30:00,CLEAR,DAYLIGHT,DRY,NOT ON SCENE (DESK REPORT),12/27/2019 03:30:00 PM,41.785387445,-87.606183761,POINT (-87.606183761008 41.785387444959),C,12,2019,13:30:00
bea176b2f9c9be79db012d7ff8e5b8af93efd5b26c6fb2b47714f4c037638554ca78860773802d312d4f0ba14c4fff3862783341a35970bf8499154758e08875,2019-02-10 14:25:00,CLEAR,DAYLIGHT,SNOW OR SLUSH,NOT ON SCENE (DESK REPORT),02/14/2019 09:00:00 AM,41.940775176,-87.745921284,POINT (-87.745921284012 41.94077517603),C,2,2019,14:25:00
bca7845781f7ede82909e39966d458120f6be9ddfc6e0632e4db51dc7c5d7cc1d1b88e35ed70a0f1942a458d23ed3c4e1698f3617c0d29028d29724546359a53,2022-12-05 17:30:00,CLEAR,"DARKNESS, LIGHTED ROAD",DRY,ON SCENE,12/05/2022 05:36:00 PM,41.958986951,-87.933993929,POINT (-87.933993928974 41.958986950953),C,12,2022,17:30:00
bd4bb0a6c8b4d51eb64fdd8cd1b45ecf35630380f42a88746bc6cad102aa9e1aa41a38ff463cb362ef3837ab4b8abe73d276715a11ac278a86ba708cdc3533de,2015-12-08 12:15:00,CLEAR,DAYLIGHT,DRY,NOT ON SCENE (DESK REPORT),12/08/2015 12:35:00 PM,41.842261161,-87.724350853,POINT (-87.724350852971 41.842261160991),C,12,2015,12:15:00
becdd2b53dd474d9c40197311b1c1165f8da6004b9a19299f58073dcfb2f3a2f751f06db25c005fdc0e2320c59ef706b88ae2ee48630f8145a2c64fea8f7d375,2022-05-12 15:30:00,UNKNOWN,UNKNOWN,UNKNOWN,NOT ON SCENE (DESK REPORT),05/13/2022 08:10:00 AM,41.907687712,-87.746263621,POINT (-87.746263621002 41.907687711998),C,5,2022,15:30:00
beab50cea50fa84c6fd03703518fcdd2e10bc5235cf7d8b57704ca16c3d413669ecfa7d2a01493c2dd2960eda5aeeb2005b550422468364f108a6fd52edf577c,2022-05-01 04:10:00,CLEAR,"DARKNESS, LIGHTED ROAD",DRY,ON SCENE,05/01/2022 04:14:00 AM,41.775869853,-87.722541841,POINT (-87.722541841014 41.775869852993),C,5,2022,04:10:00
bcfa7cc71aa151a5da1a190b3cf78a150aeea294b904bea226966fca42938cc3daf1a12e13d38aff835b150fe4852a20b4095fa881776303324968ac3d4e98da,2016-09-12 12:20:00,CLEAR,DAYLIGHT,DRY,NOT ON SCENE (DESK REPORT),09/12/2016 01:00:00 PM,41.882268559,-87.660727184,POINT (-87.660727184048 41.882268559036),C,9,2016,12:20:00
bd121e53dbfe80309dbf7565a0dbb02f7f57a677f19615c82baff7d08e167109efd204db189d8bc80a6a8693e0f7b937e9df905e16f4dbd171b75c4bf55c0d02,2021-08-25 16:30:00,RAIN,DAYLIGHT,WET,NOT ON SCENE (DESK REPORT),08/25/2021 08:30:00 PM,41.795090898,-87.589174084,POINT (-87.589174084004 41.795090897976),C,8,2021,16:30:00
be56f204f5fa7bfc16b45c88e74413428d9e941d2e2759fead0dc2e7e944357593aafd5bbccd2677eded111b52130db53672e8d30a52283009cc7f66035ed5a2,2017-11-07 17:35:00,CLEAR,"DARKNESS, LIGHTED ROAD",DRY,ON SCENE,11/07/2017 05:37:00 PM,41.986367553,-87.837330821,POINT (-87.837330821049 41.986367553013),C,11,2017,17:35:00
c125ab478f7a272b488870774ecb86421f654d4adb2d69ad48f7fd08c948a7110c8d21005178af061b8e79eead043b13e7ac6e9f10f0966770c3d13379011b59,2020-01-24 20:10:00,RAIN,DARKNESS,WET,ON SCENE,01/24/2020 08:10:00 PM,41.916381427,-87.66618973,POINT (-87.666189730021 41.916381427046),C,1,2020,20:10:00
c16a8579bec7a4a9ae8e81b764583f3e9f4cea85bed9593f3add20c1757116c14741d37e8a9e81c28b2f53e532f491833bc81400db56f2d572a3e197e58301e8,2018-04-11 12:20:00,CLEAR,DAYLIGHT,UNKNOWN,ON SCENE,04/11/2018 12:22:00 PM,41.874590031,-87.633704185,POINT (-87.633704184958 41.874590031007),C,4,2018,12:20:00
c106b420baa996b7592bcc1c619a3633939bccecd4fccc07e4bd0628124dd4930f9e9fcdfce7dd7b8ea4e65d01dc6f02877b64557204f3c6927a62ccb8fd1925,2021-11-28 01:24:00,CLEAR,"DARKNESS, LIGHTED ROAD",DRY,ON SCENE,11/28/2021 01:24:00 AM,41.924070913,-87.767270609,POINT (-87.767270609035 41.92407091296),C,11,2021,01:24:00
c06012b5d2fac948c1666bcbede6201bada886dee1ddb4759a2ed7f1633fac0c139dcebc100502da51fc94ecaf0dd701abd8a1a7eb694e945f5f62388366f0dc,2023-03-16 15:15:00,CLEAR,DAYLIGHT,DRY,NOT ON SCENE (DESK REPORT),03/16/2023 06:30:00 PM,41.741803599,-87.740953582,POINT (-87.740953581987 41.741803598989),C,3,2023,15:15:00
c1daeb412a2fe51531016bfa3c8f3ce1c82daba67a8b2f7a715257fef3a341fefab48c7c8747478ee2f279ee6a2340699ec796cf1a961f7b36346d0d261eff01,2023-07-23 01:45:00,CLEAR,"DARKNESS, LIGHTED ROAD",DRY,ON SCENE,07/23/2023 01:47:00 AM,41.69968025,-87.701258182,POINT (-87.701258182041 41.699680249961),C,7,2023,01:45:00
c03c3617f41d377d5373615ac80ead8daa3a741b09844fa5c35d7a5732fc7c909fa98547face3938908c26438a6a70fc4d8a12a79daca8dec190529ee6706d3f,2019-01-05 21:03:00,CLEAR,"DARKNESS, LIGHTED ROAD",DRY,NOT ON SCENE (DESK REPORT),01/05/2019 09:36:00 PM,41.931607951,-87.697755776,POINT (-87.697755776035 41.931607951049),C,1,2019,21:03:00
c133252cb87f0c846c41a1beea2fac74ab3c3d31f4b7132514854f604d032980b37e079041b3248ae628129ae68db05e0cdb096d591565ce6980f8c884502e0b,2018-06-02 13:00:00,CLEAR,DAYLIGHT,DRY,NOT ON SCENE (DESK REPORT),06/02/2018 02:50:00 PM,41.991904767,-87.662554045,POINT (-87.662554044964 41.991904767047),C,6,2018,13:00:00
c06fde8175e11acc7612a1292bc47570199ca3879dcf9cfcd0cc0f9dbac4686261500a542b76f85dd434ca611598eb71cc21a1829b21a6a3188025fc057aeb79,2017-09-27 15:45:00,CLEAR,DAYLIGHT,DRY,NOT ON SCENE (DESK REPORT),09/27/2017 04:15:00 PM,41.946909114,-87.683469891,POINT (-87.683469891004 41.946909113959),C,9,2017,15:45:00
c02ea7bc8903489fc1b8ecfa412646b269a47037b3c73b0f67a467f32671cac291a0028670691cdf8300f98352393125cd84a474ecca4991153b9e610a7c3250,2023-02-12 04:45:00,CLEAR,"DARKNESS, LIGHTED ROAD",DRY,ON SCENE,02/12/2023 04:47:00 AM,41.808026055,-87.71995187,POINT (-87.719951869982 41.808026054987),C,2,2023,04:45:00
c0c7c3f6e129e403b1f3db7ba2f4705ed8c7c42f758e1ce807f9a8e8e5456375b6a4e2a38ad370bcf34c9fb43385cc275e412390845d7f46526e9d060ddacda1,2019-03-17 11:00:00,CLEAR,DAYLIGHT,DRY,NOT ON SCENE (DESK REPORT),03/17/2019 11:15:00 AM,41.912439164,-87.700547655,POINT (-87.700547654991 41.912439164043),C,3,2019,11:00:00
c2115e85e406701624a2ee950044c1e30460a19ef7fa163c92c90e4cc8731ac1d5ef1cd81c1381d0d69daa133c559d51b558c211ba346779eb3d7d6be5212082,2019-05-07 22:00:00,CLEAR,DAYLIGHT,DRY,NOT ON SCENE (DESK REPORT),05/08/2019 10:52:00 AM,41.915264524,-87.69728163,POINT (-87.69728163001 41.915264523997),C,5,2019,22:00:00
c03f20a9d27968aec097107936c159f1bcedb4ff0642e85dca8f5bd928445320fb100af753a5167e447bc2c43b546ba90a6d4c33f6494b28412248946ccfcaa7,2022-04-04 07:12:00,CLEAR,DAYLIGHT,WET,ON SCENE,04/04/2022 07:20:00 AM,41.917765793,-87.761039505,POINT (-87.761039505034 41.917765793034),C,4,2022,07:12:00
c032bf7be3f6a3526ebe670240760239cee696af6e99fc456af8e9ee44219dfddfe57e7ad8d9fad47b67653bb4ab9b9ae2a406f2a1704de4ad08e711e60f325a,2021-09-04 09:30:00,CLOUDY/OVERCAST,DAYLIGHT,WET,ON SCENE,09/04/2021 09:39:00 AM,41.817683733,-87.6650402,POINT (-87.665040200043 41.817683733038),C,9,2021,09:30:00
bfed9cdd539b5c377305485de32a89ac84983c31d4f42af97a2d0103cac7290e2868bc2bab982ab5c60e39e54e494261922119e28010c374efd508aaefcc8417,2021-02-26 23:26:00,RAIN,"DARKNESS, LIGHTED ROAD",WET,ON SCENE,02/26/2021 11:33:00 PM,41.77994916,-87.63919374,POINT (-87.639193740007 41.779949160046),C,2,2021,23:26:00
c179de6ade58b44d6a350e42898496617b1a313f0bad4a1c23a448e2b079e4b328f69b489e47a90bac0fb7fbd75f30f748eac8477719f1a1542e44c729501cb4,2020-06-08 22:28:00,CLEAR,"DARKNESS, LIGHTED ROAD",DRY,ON SCENE,06/08/2020 10:29:00 PM,41.873860438,-87.700586149,POINT (-87.700586148982 41.873860438041),C,6,2020,22:28:00
c17e8db9e573e6a537f2e588cec51a40c62e767b79781bb63cf7a49300acf5518282573ed07785bd75a57e6d47c9dc82799d8586b1023a3fc2d6211cbb2023ab,2019-11-01 10:45:00,CLEAR,DAYLIGHT,DRY,NOT ON SCENE (DESK REPORT),11/01/2019 11:10:00 AM,41.836772906,-87.725712341,POINT (-87.72571234101 41.836772905951),C,11,2019,10:45:00
bfc9e83b6bb564f90a4389e77c79c8c018281625f62dee7585b7f129dc745def365590ce735cd470880614af659841a4a6cf7bee558e01a3d2df068ecf82d59b,2021-11-30 11:45:00,CLEAR,DAYLIGHT,DRY,NOT ON SCENE (DESK REPORT),11/30/2021 02:00:00 PM,41.99543206,-87.807657853,POINT (-87.807657853032 41.995432060012),C,11,2021,11:45:00
bfc64b84d3ed8a6db7985f3cae050b2fcde99fc3b79c97e421383a0cfb85d34777bea92b4f18859f621f88ed7c213386ad38f99e6dc2b330f856650c2f6fe67e,2020-10-25 15:00:00,CLEAR,DAYLIGHT,DRY,NOT ON SCENE (DESK REPORT),10/25/2020 03:59:00 PM,41.785387445,-87.606183761,POINT (-87.606183761008 41.785387444959),C,10,2020,15:00:00
c15ccf3bebf76756cc438b3eeca277fc283db98f1da8e324bbcec707c55ecb04b082ed31b76a4310197eb516551d86610d2e762b132cdcb93f5019b6d7f4edde,2023-05-01 13:06:00,RAIN,DAYLIGHT,WET,ON SCENE,05/01/2023 01:37:00 PM,41.913507802,-87.696934422,POINT (-87.69693442197 41.91350780196),C,5,2023,13:06:00
c23009b7b7709549ed35988126c205c2a638b87da517fcddc5c31dc8e7398b0e4795202dd2848db8c1c3f76eb291e6a7d51e5cd10c6c965166dab96fc2de99ea,2023-01-04 13:06:00,CLOUDY/OVERCAST,DAYLIGHT,WET,ON SCENE,01/04/2023 01:11:00 PM,41.768265456,-87.679546299,POINT (-87.679546298979 41.768265455984),C,1,2023,13:06:00
c01d027e611f721a4a9f4f35157324dd3c64740f98d3689d3122feca2574a03f72d88b463ef7a83fd593fe54fec0b12247871bd9bac777a5956787608ddc63a2,2018-05-21 16:45:00,RAIN,DAYLIGHT,WET,NOT ON SCENE (DESK REPORT),05/21/2018 05:26:00 PM,41.74579217,-87.635369997,POINT (-87.63536999702 41.745792169991),C,5,2018,16:45:00
c0cee78c520501bd6c36cbec2e0619793fac6e8933a7f7b3767abebd9cca40c107ddfcdb96dcb8aa3dec9e0f5c34c37a13f6fbbe58823bad26a831469899ec37,2018-03-03 19:25:00,CLEAR,"DARKNESS, LIGHTED ROAD",DRY,ON SCENE,03/03/2018 07:29:00 PM,41.784385694,-87.740065946,POINT (-87.740065945952 41.784385693962),C,3,2018,19:25:00
c0b79839b0cf9b97ebd7f4d53084c01105327f85b29fe261107e6f222092ea09509448d5522ce24c050f0e4b7f96ea72c85cb8e1efa35c8f7b6e585298bd5a1d,2018-01-17 07:35:00,CLEAR,DAYLIGHT,DRY,ON SCENE,01/17/2018 07:42:00 AM,41.974329658,-87.819524932,POINT (-87.819524932013 41.974329657994),C,1,2018,07:35:00
c06ac3d89ae400a62df2700c0d131eca3412661b30dd0372ac86037bf06dfdd692d124d742a877adfb6b44d20d0c0a7a55a8f115c462cf557a8724e73a18ab20,2019-02-12 06:05:00,CLEAR,DAYLIGHT,DRY,NOT ON SCENE (DESK REPORT),02/19/2019 04:35:00 PM,41.660125762,-87.58501516,POINT (-87.585015160022 41.660125762023),C,2,2019,06:05:00
c22070a35256affb2e5a8667911837fe762f3aa925d15af5e1829123907b3295f575250b68b6718825a6b3e1e70b9ef25ddf00c42c7d15426514c3ce1e895a21,2018-04-03 09:30:00,CLEAR,DAYLIGHT,DRY,NOT ON SCENE (DESK REPORT),04/03/2018 06:51:00 PM,41.744151639,-87.585945067,POINT (-87.585945066953 41.744151639042),C,4,2018,09:30:00
c0810104b1097d8376b4b7e2ac22e431acb8e8fb654f6e10b33276d743d9dc8717cfa3499e647cce9937b9c69f99398c4e68ad9429951384a9589def04fdaa25,2020-05-20 16:29:00,CLEAR,DAYLIGHT,DRY,NOT ON SCENE (DESK REPORT),05/21/2020 04:00:00 PM,41.750388107,-87.669438517,POINT (-87.669438516967 41.750388106952),C,5,2020,16:29:00
c16a359db9093526602eb604406ce039969cf2486c5f20f66c56fc9c945bec3df30340afd3e1252c2e4ea07172177248677eea0b5e39c4621535ca354a7f8e5b,2020-06-02 13:06:00,CLEAR,DAYLIGHT,DRY,ON SCENE,06/02/2020 01:06:00 PM,41.91806312,-87.746298891,POINT (-87.746298890978 41.918063119995),C,6,2020,13:06:00
c059c796ff906621fec8763dab3cb2053d3db8954b1e03ae074ba2f502ce99c93b650fea7da0615e0b13d81701a9d4ce5a3ef1c328d07d19c38ea103cacc2c9c,2017-07-28 21:50:00,CLEAR,"DARKNESS, LIGHTED ROAD",DRY,NOT ON SCENE (DESK REPORT),07/28/2017 10:20:00 PM,41.902815701,-87.717648644,POINT (-87.717648643968 41.902815700998),C,7,2017,21:50:00
c19a400ac865b8551d46ce36574facf2d758031c53fdbed7d0dca0cbaea3f2157ab76438dcf08615155fda127db502eaf76a45d5e2ac12dda1eb517b3271eb36,2019-11-08 12:30:00,CLEAR,DAYLIGHT,DRY,NOT ON SCENE (DESK REPORT),11/08/2019 03:30:00 PM,41.886676655,-87.69354148,POINT (-87.693541479988 41.886676655033),C,11,2019,12:30:00
c0075922f226ae6f5f63e463f8028b2eb7cd898a1649d479e85e848025af6cf89bd717b4842adecfa1be0cd8ed5b3640e18ff6a84163012b61f98d3a9afe7d8f,2022-09-19 07:20:00,CLEAR,DAYLIGHT,DRY,ON SCENE,09/19/2022 07:20:00 AM,41.895085944,-87.749369426,POINT (-87.749369426012 41.895085944038),C,9,2022,07:20:00
c1ef78b3aef92383d4c9b66ec3425b5180c1cfb84fe78149462286aa397f853298a700379c42dd30805d704f0104ba5790b7aaa5c723a9cb383b42c2c55c848c,2020-09-25 11:50:00,CLEAR,DAYLIGHT,DRY,NOT ON SCENE (DESK REPORT),09/25/2020 03:45:00 PM,41.910005731,-87.706895043,POINT (-87.706895043031 41.91000573099),C,9,2020,11:50:00
c073db434e44d7d55b281d9cbd129e38c2c3803a37e2f78443a235e46405230c5bb8e1097863b826ed0fa576f44b647548e377836efbeaed0eb5c5ef0fbd6eae,2022-12-28 15:04:00,CLEAR,DAYLIGHT,WET,ON SCENE,12/28/2022 03:16:00 PM,41.814028151,-87.660394133,POINT (-87.66039413295 41.814028150991),C,12,2022,15:04:00
bf50f1a4426a46ae57ab8c2859c35715568da751a0ac84d20d7c7e9ee8605b96618278ebd7aeca75b1c2b86428594752aa808abcf44d8c989a180c6a1b90e5da,2021-10-09 01:10:00,CLEAR,DARKNESS,DRY,NOT ON SCENE (DESK REPORT),10/09/2021 01:10:00 AM,41.749557313,-87.707211112,POINT (-87.707211112049 41.749557313023),C,10,2021,01:10:00
bf65a466acb53c25d89f392e4d8e30c0fe98411e59f9c117e89d98dba45c36084fa9bbaafa2026ed5bee313dc4e78795fe2cddb55934dcebcff43211e20ab9cd,2021-03-06 11:33:00,CLEAR,DAYLIGHT,DRY,ON SCENE,03/06/2021 12:43:00 PM,41.666262053,-87.630836449,POINT (-87.630836448968 41.666262053046),C,3,2021,11:33:00
bf69fea7c364fa9e15ee268bbcb51040878c92d636fa491f1d8266347b8052b87c9251eda6e70941ea4e28fae41cd8fbd9fbed9e10ae6d0467c0e6eaf1ee1271,2021-10-13 17:15:00,CLEAR,DAYLIGHT,DRY,NOT ON SCENE (DESK REPORT),10/13/2021 06:01:00 PM,41.799518076,-87.73834096,POINT (-87.738340959964 41.799518076003),C,10,2021,17:15:00
c214eac21afca867321ac4ba11c0f4fb274bab4d55cda108ec64299257230e04d5c69c8d58abf9827813111a9f10a19e432eaee50a830e427d4e60ab513efcc6,2020-01-13 16:20:00,CLEAR,DUSK,DRY,NOT ON SCENE (DESK REPORT),01/28/2020 05:18:00 PM,41.885924576,-87.731982715,POINT (-87.731982714976 41.885924575984),C,1,2020,16:20:00
bf5ffad841d8a606fe40987d7c24d741d552ef6b725c3318f18e5c52ecbf2214322f3910ac81336cf8e7c6a709233b9a302cd2735ef5267487e94c080f8bd7e5,2017-09-07 19:00:00,CLEAR,DUSK,DRY,NOT ON SCENE (DESK REPORT),09/07/2017 07:02:00 PM,41.944788618,-87.641111168,POINT (-87.641111167993 41.944788617988),C,9,2017,19:00:00
c21db3ff4e6768a0bd201c2e7d4d71d4a7a7042885b739e3a3a38ba1d4732d3cb574401e8c5f3a94f0a71ce7a2d5e8e6a1f717cd63a89624c100eec252be83dc,2017-04-07 17:20:00,CLEAR,DAYLIGHT,DRY,NOT ON SCENE (DESK REPORT),04/07/2017 07:15:00 PM,41.759891311,-87.641899916,POINT (-87.641899916018 41.759891311022),C,4,2017,17:20:00
c13c5b5561f60d0df2d3ee215a7bfdceb2ab82fa3806d8c18a3259e948a59343a8b350b577cc00a9ea37f8d16dd08c1fdf9f9c853db544c4b4bd336b29878a09,2018-07-04 23:00:00,RAIN,DARKNESS,WET,NOT ON SCENE (DESK REPORT),07/05/2018 01:20:00 PM,41.869729068,-87.624268064,POINT (-87.624268063983 41.86972906797),C,7,2018,23:00:00
c164734e5d7a9327e274f465883747c03dcd3b3822c7ee33e98b32db0322c6b330a7e5d4ee03c1a5cb7a87679efea8c692649122e9e2eb448adebada4f475315,2017-05-18 08:15:00,CLEAR,DAYLIGHT,DRY,ON SCENE,05/25/2017 02:50:00 PM,41.915691276,-87.706240581,POINT (-87.706240580951 41.915691276044),C,5,2017,08:15:00
c02d80accea0318809aa2fabcf0621e3867f55d424d312eaf1ba02283245963bfb0c9c33086c4e259474e27027469a34abc1aaa40c22029f404523b9497c93bf,2019-07-02 21:05:00,RAIN,"DARKNESS, LIGHTED ROAD",WET,ON SCENE,07/02/2019 09:08:00 PM,41.803334126,-87.721540971,POINT (-87.721540971001 41.803334126034),C,7,2019,21:05:00
c0db7cc6c8d3af80e91b1934a360328edeecd67d64db75aa728f6d854bea51d97b8ca7f8d48a56e2004d6468d95ec5a15662c73523ee9148d879210720ea111e,2022-03-29 15:50:00,CLEAR,DAYLIGHT,DRY,ON SCENE,03/29/2022 04:03:00 PM,41.858906154,-87.712914181,POINT (-87.712914181015 41.858906154029),C,3,2022,15:50:00
bf6447d611c2adb652d3b3012736498ecafaff84bfff39c109c57f2cef47e4de26f9b0a387464e3a5e3d2dba5e67c622dde2d97aa34bf48a6c6aaeab77923cf0,2020-11-18 13:05:00,CLEAR,DAYLIGHT,DRY,NOT ON SCENE (DESK REPORT),11/19/2020 02:30:00 PM,41.921729807,-87.663234201,POINT (-87.663234201004 41.921729806985),C,11,2020,13:05:00
c0506dbb08794c092ed64041abcc7bac4577c433894fdd5740d29e2785231a95430b9e0e5699feaf272df5ea1414e9adc3167162360fa5d2999cf875d48f3ff3,2019-06-24 15:15:00,CLEAR,DAYLIGHT,DRY,ON SCENE,06/24/2019 04:10:00 PM,41.893216223,-87.624812444,POINT (-87.624812443976 41.893216223021),C,6,2019,15:15:00
c0f2b8a4bad268c19c9f4f561d05fcd7d6076f8203b1cc902252475bdfd1498aa6066ab1ad1612a9beec2c640390c526f1d0148f8077075a933eac9b9bbcb929,2021-10-03 09:30:00,RAIN,UNKNOWN,WET,ON SCENE,10/03/2021 10:13:00 AM,41.862271668,-87.709059379,POINT (-87.709059379003 41.862271667971),C,10,2021,09:30:00
c068d6843c8ded0b451cfed6cf791e76d7b6255cf8d15400056dbbda9b86a204186ea583b2481ad830f0cc1ccbd473e0ddb003527afe68a148b484dfa0a0c735,2019-02-08 18:15:00,CLEAR,DARKNESS,DRY,NOT ON SCENE (DESK REPORT),02/08/2019 07:54:00 PM,41.849651951,-87.640814939,POINT (-87.640814939018 41.849651951013),C,2,2019,18:15:00
c19093119f0facd5e256646bae3e19623c20e74d1df806ee9d28e43bac3d0c8319dbe1c422773c4481af132dfa32efd956811d6dc151488bbf84571331d2a379,2019-09-20 13:30:00,CLEAR,DAYLIGHT,DRY,NOT ON SCENE (DESK REPORT),09/20/2019 04:15:00 PM,41.822958463,-87.691425915,POINT (-87.691425915045 41.822958462973),C,9,2019,13:30:00
c1a5d202c6b2af6c31de6e5e5de2781ece31efef2f93c6c42b8ba2b9643b2027c3efa385a5bcb0a08517651e2661dbdcfd21402f4048b4c7370c88718c575125,2022-02-03 09:34:00,CLOUDY/OVERCAST,DAYLIGHT,SNOW OR SLUSH,ON SCENE,02/03/2022 09:40:00 AM,41.873759978,-87.688011568,POINT (-87.688011567959 41.873759977999),C,2,2022,09:34:00
c18548ee4b637987beb1b811b54e4ef2f23f49bb7d134cc7b6a8928b70bbccba5152f9b4931b3c9cdd3235ad10bc4a42d8d34731d0c89c8889744826ec1d2138,2020-11-13 10:00:00,CLEAR,DAYLIGHT,DRY,NOT ON SCENE (DESK REPORT),11/13/2020 01:47:00 PM,41.764326392,-87.566344376,POINT (-87.56634437597 41.764326392046),C,11,2020,10:00:00
c1d0b95e70f40c28e16e4e55261b04c6c945a44645b99b1a28aca24474f29f51f5c7c7e6275be54fedf3261da62cd17c1a4abb7c665148449f3e3ec1524b2fbe,2022-06-21 10:35:00,CLEAR,DAYLIGHT,DRY,ON SCENE,06/21/2022 11:00:00 AM,41.692465983,-87.7107625,POINT (-87.710762499982 41.692465983028),C,6,2022,10:35:00