CRASH_RECORD_ID,CRASH_DATE,WEATHER_CONDITION,LIGHTING_CONDITION,ROADWAY_SURFACE_COND,REPORT_TYPE,DATE_POLICE_NOTIFIED,LATITUDE,LONGITUDE,LOCATION,CRASH_TYPE,CRASH_MONTH,CRASH_YEAR,CRASH_TIME
c22e7fa0967077df065d785476074ac760716417ae95cce9dfcf8e558d7b41f38f7d194f56af0b54c038a4ce23c030fde0ffdc30e1ab2246b6e0860d50f1e15e,2020-07-17 18:20:00,CLEAR,DAYLIGHT,DRY,ON SCENE,07/17/2020 06:32:00 PM,41.885375924,-87.657980882,POINT (-87.657980881977 41.885375924031),C,7,2020,18:20:00
c1af00d6b9e4d9d913a795eda424944acd2ee9ddd6fcd7ac2c4bf4ec7e625262e533606b3acd67b52f999587c553d11f58b970a485fc31fbf6795a9da121593f,2022-03-30 11:10:00,RAIN,DAYLIGHT,WET,ON SCENE,03/30/2022 11:15:00 AM,41.809505466,-87.615898018,POINT (-87.61589801803 41.809505465954),C,3,2022,11:10:00
c0ffae32f94da7141706f208bfeeb9f721913ad7020ea9fd4d5d9cd1dbf1497b4eab4d67c2d1369d9f59575a1e5276e7a6586cc5d4cadfc1e7e4a3babd25b2c0,2022-03-24 03:00:00,RAIN,"DARKNESS, LIGHTED ROAD",WET,ON SCENE,03/24/2022 03:02:00 AM,41.898341319,-87.618057856,POINT (-87.618057855957 41.898341319021),C,3,2022,03:00:00
c20e5f9fbe1a224627b89ed4f09a889c873c162d6f2f1dab695156014e9d50184ab2a72f4742ca80995f6dac11f3a5b7336ecf04a14fec8469dce71f6013541f,2016-04-07 23:28:00,CLEAR,"DARKNESS, LIGHTED ROAD",DRY,ON SCENE,04/07/2016 11:50:00 PM,41.765563782,-87.624825828,POINT (-87.624825828045 41.765563782008),C,4,2016,23:28:00
c0dad41cf7601c03a990313121fb0e3b50ffbadf100874c486b5b88366ae55930c4cc0a46ed31be790435b0a8e6c5f4c12c6b9ce614a1487a7d3fc313c942107,2019-08-18 17:59:00,CLEAR,DAYLIGHT,DRY,NOT ON SCENE (DESK REPORT),08/18/2019 05:59:00 PM,41.706581284,-87.63569603,POINT (-87.635696030021 41.706581284036),C,8,2019,17:59:00
c05c4cc1bcb780e89d81c0f20a53462f7522c209be2732db1825468eb505c2db53368338d1ef4ed5c585a64ded3b76677678181c966cc271bd7a2616891ab126,2023-03-12 14:03:00,SNOW,DAYLIGHT,WET,NOT ON SCENE (DESK REPORT),03/12/2023 02:31:00 PM,41.909294322,-87.763395828,POINT (-87.763395828035 41.909294321981),C,3,2023,14:03:00
c19727a844dd990cbd67aad402517c0658b6cfb4a561567c987d0636b0800b20ea0d815a45d4317a546716e305617ce0630a05828b4564cbaf408cc632b0fd68,2020-06-08 07:00:00,CLEAR,DAWN,DRY,ON SCENE,06/08/2020 08:25:00 AM,41.840704724,-87.709955505,POINT (-87.709955504966 41.840704723985),C,6,2020,07:00:00
c078f328422403fbbe64e7973be6e3fc924e87a5ee88f8058000c9f044cfe370d2bd6a556a223fefa1917ccb3b1184856a390cba145cdfcd3d598de2ae51dfa6,2017-11-27 20:55:00,CLEAR,"DARKNESS, LIGHTED ROAD",DRY,ON SCENE,11/27/2017 09:50:00 PM,41.868505893,-87.744688538,POINT (-87.744688537963 41.868505892977),C,11,2017,20:55:00
c06e06c6b2e9ae9ceb505daa55a63630082553f187515371131a5341c7471dd2c94a8a80be422af46c7b475dadc435071f02c51f9e7187c1449b6d640e7f5036,2020-02-13 18:23:00,CLEAR,"DARKNESS, LIGHTED ROAD",DRY,ON SCENE,02/13/2020 06:26:00 PM,41.79573461,-87.762555326,POINT (-87.762555325992 41.795734610035),C,2,2020,18:23:00
c1f9cf1f4a2a7e7635f58199d1f9dc792851e188db21f75bf8402a178763ddb69d91a7f7083823d89f356d1ab5f5cf317a812eadd774fa45643eebbb91143fef,2020-02-05 21:10:00,SNOW,"DARKNESS, LIGHTED ROAD",SNOW OR SLUSH,NOT ON SCENE (DESK REPORT),02/05/2020 09:30:00 PM,41.837732675,-87.66589445,POINT (-87.665894449999 41.837732674972),C,2,2020,21:10:00
c008026416c61838fe0d20f21b291a6aa8e52317bf6f603d055d056f6677f557d56e7507869bb537b09396c0519952af28266753cb6e3d87f79dee72e211238a,2017-08-22 13:00:00,UNKNOWN,DAYLIGHT,DRY,NOT ON SCENE (DESK REPORT),08/24/2017 11:45:00 AM,41.682973474,-87.642228468,POINT (-87.642228467961 41.682973473961),C,8,2017,13:00:00
c1adf3889df05678254cd6da3b22da646a015b7d0025ddb47970e44b5f92978a856543d7a1e2b6145712b829d850f835e1f22ebe60c69835eecf0e3f2d9168d1,2019-03-05 10:00:00,CLEAR,DAYLIGHT,DRY,NOT ON SCENE (DESK REPORT),03/05/2019 10:30:00 AM,41.962790402,-87.71739415,POINT (-87.71739414996 41.962790401988),C,3,2019,10:00:00
c0d25fde8260f7bb379b536be0d2ace11300a119fd32aade654788b3045b3a06c07aaecb612d04bacefd350f78940f22a3d977f9b03a8cd03934e3af02189b7c,2023-05-11 16:26:00,CLEAR,DAYLIGHT,DRY,ON SCENE,05/11/2023 04:26:00 PM,41.830728826,-87.655813252,POINT (-87.655813252029 41.830728825995),C,5,2023,16:26:00
bf4720bfb94ace6ec6446a807c09607e9bce06572e609453eb49df32aea5eab10be99241147aa4b470411a9f3f4a7672e9bbd4ff95f7c8220bb16401d57cb383,2023-02-23 12:38:00,CLEAR,DAYLIGHT,DRY,NOT ON SCENE (DESK REPORT),02/24/2023 11:10:00 AM,41.75865379,-87.586246403,POINT (-87.586246402994 41.758653790025),C,2,2023,12:38:00
bf481ff1ec8d26d3f7e1279fae655120553bc8edab67df17ed0b5c84707271adb63d7125de74ac803d832b0c87c1a34b57e4541120f5195c9f1800885f7266d1,2017-10-18 17:35:00,CLEAR,DAYLIGHT,DRY,NOT ON SCENE (DESK REPORT),10/18/2017 06:10:00 PM,41.983148128,-87.71136489,POINT (-87.711364889983 41.983148127979),C,10,2017,17:35:00
c0e911286cb8e30a3911a639e16044c15fcdd70a8464c11a418e8b54bfa0465510fd62656adb5274aa422ce941e6da453bdd8e97642af45b047d0780f56e5688,2019-05-28 15:51:00,CLEAR,DAYLIGHT,DRY,NOT ON SCENE (DESK REPORT),05/28/2019 04:00:00 PM,41.905786234,-87.755710582,POINT (-87.755710581983 41.905786233963),C,5,2019,15:51:00
c0b5ea65deec29429ad11b2a6b0630943b99fc3a2741ab3913a098ce23d4ebeed881268d74e3868383a280bb5ea3a80cde2ee36cb5e334572140fc98be2b8d8e,2018-09-03 14:02:00,RAIN,DAYLIGHT,WET,NOT ON SCENE (DESK REPORT),09/03/2018 02:04:00 PM,41.926157506,-87.716885712,POINT (-87.716885711983 41.926157505962),C,9,2018,14:02:00
bf64cce15182f90d9ff7dadba25b599d437209ee6949a080aab20126d4cf0d085c2145bd9dcbf0f7deb5429d9bf3aac96b3661f8fd11d90b87e3af5d2ad4e87a,2022-02-25 14:45:00,SNOW,DAYLIGHT,SNOW OR SLUSH,NOT ON SCENE (DESK REPORT),02/25/2022 04:30:00 PM,41.854540823,-87.661372432,POINT (-87.661372432013 41.854540823005),C,2,2022,14:45:00
c2c3b3f6962151ba4363eb6403ad2dabb8926e8dd8fa2111ccb147b7f63b1124c63bd4ae690f807ff6972fd97ed18d66038bd6d57f05df4436939d5e13e919f7,2020-05-10 06:27:00,CLEAR,DAYLIGHT,DRY,ON SCENE,05/10/2020 06:27:00 AM,41.808749374,-87.66230696,POINT (-87.662306960034 41.808749374011),C,5,2020,06:27:00
c0b11b851c7c9044c15c5c291546ff881e44d66e953c2651e8c0d7a9f8d479bab14601e80e6f8725cd8394f03e2ac7973d53e4f342d0802051bb6e3106811f00,2019-05-07 09:15:00,CLEAR,DAYLIGHT,DRY,NOT ON SCENE (DESK REPORT),05/07/2019 04:00:00 PM,41.759891311,-87.641899916,POINT (-87.641899916018 41.759891311022),C,5,2019,09:15:00
c0f29794992507db42f7ab21bd88ddb0ee85d09c0119e3d72005600de1baea339e4ce2fc0495b3355b261f55e235d540b5ca103defd7e238f4a93d5f857e6dd6,2020-12-27 12:46:00,CLEAR,DAYLIGHT,DRY,NOT ON SCENE (DESK REPORT),12/27/2020 01:10:00 PM,41.721437253,-87.567851651,POINT (-87.567851651036 41.721437252952),C,12,2020,12:46:00
c0c271ab4f89e47c1887c8868aeee6f809513789a9037dc82fb4080353a2266b6851c2b31d83202e91712900e3d9062cf37fbb6ec0cbcefabebd19a4912e0c2c,2018-05-26 22:36:00,CLEAR,"DARKNESS, LIGHTED ROAD",DRY,ON SCENE,05/26/2018 10:43:00 PM,41.839339858,-87.650734424,POINT (-87.65073442397 41.839339857985),C,5,2018,22:36:00
c3ee50f6a733dd34b2ac2447ceee6eb1016c5b2d32eb4aa0af52a1ddec4866e1a6bbc1c52f8a0d1948bd19502a7a1bb08326f13273b81fa515b67ff7bf73e5cd,2017-08-09 10:24:00,CLEAR,DAYLIGHT,DRY,NOT ON SCENE (DESK REPORT),08/09/2017 11:20:00 AM,41.886702154,-87.624954265,POINT (-87.624954265018 41.886702153955),C,8,2017,10:24:00
c237b0b39bec06937a717524859e6204f58e5bee3bc5e8f09602dc7d6744604c604abe2d2a004765c38120cbfefef411f57fcf3906190e6899325c0ae8cb4119,2017-09-20 17:40:00,CLEAR,DAYLIGHT,DRY,NOT ON SCENE (DESK REPORT),09/20/2017 05:50:00 PM,41.903825234,-87.64328636,POINT (-87.643286359995 41.903825233976),C,9,2017,17:40:00
c355209b67e1cd176df6548f5da55bd2db55c3d95064b9372264216eee513970f7af190ac718104c7aa42a4e47549cf522c845c80963a4b4c5b822b1a74afb83,2022-10-16 23:04:00,CLEAR,"DARKNESS, LIGHTED ROAD",DRY,ON SCENE,10/16/2022 11:15:00 PM,41.997730287,-87.806645117,POINT (-87.806645117018 41.997730287008),C,10,2022,23:04:00
c2c29f67459cb2c4673d203d54ff7c73e0e70d88f830d3494b58786d708d06fd6015f441d583daba6a63a86efd98ae70d1cefd8fc77dd6d6a4965a1e55476285,2022-02-11 12:00:00,CLEAR,DAYLIGHT,DRY,NOT ON SCENE (DESK REPORT),02/11/2022 12:54:00 PM,41.751370989,-87.706238405,POINT (-87.706238404975 41.751370989009),C,2,2022,12:00:00
c356471401e17494618cc71135067241c1a16890b43b4d4d1fa76b7c956496eec13267b3025dd279647be1558d4ed5c78ac715d447edbec60b6eb1a1f8d1a6d2,2018-01-17 20:50:00,CLEAR,"DARKNESS, LIGHTED ROAD",WET,ON SCENE,01/17/2018 09:27:00 PM,41.916449903,-87.676229473,POINT (-87.676229472973 41.916449903041),C,1,2018,20:50:00
c4b74f9aac97421db68f26683a52bad860ea2dfe438610dfd38334ce120535bc057d58ea7cdd0e01025a3d96bfc9f8f665d8408b921d80339377bfff79f065dc,2021-04-22 18:00:00,UNKNOWN,DAYLIGHT,UNKNOWN,NOT ON SCENE (DESK REPORT),04/27/2021 06:43:00 PM,41.882211292,-87.710898608,POINT (-87.710898608036 41.882211292041),C,4,2021,18:00:00
c2c854de0da8c3a08f53ff392f667e03bee0fd30c0a9a8808d804d9ef4bd9fc4a5c09d58204723e515a07319ed9c078d087412ca06828c5a5764ecec586db606,2017-10-11 10:00:00,RAIN,DAYLIGHT,WET,ON SCENE,10/11/2017 10:50:00 AM,41.895627547,-87.710202502,POINT (-87.710202501959 41.895627546974),C,10,2017,10:00:00
c3e89ab675c6698200ab9422ea91662c33673caf39565bded26f5a9046a43055ebad61f832f76abd02c927d2c3d8e517f2de142f4f5d1f1494baa379103d0640,2019-08-20 08:45:00,CLOUDY/OVERCAST,DAYLIGHT,DRY,NOT ON SCENE (DESK REPORT),08/20/2019 06:50:00 PM,41.895088594,-87.721032221,POINT (-87.721032221046 41.895088593981),C,8,2019,08:45:00
c47428bae50f2edfede2c3d6e1c747e007165c239fa036284707d412970ab368edc6e418f0c7b296b8a5eb83efbbd1fd166a88260366b2e3d8b2043c309826ff,2018-05-16 17:05:00,CLEAR,DAYLIGHT,DRY,NOT ON SCENE (DESK REPORT),05/16/2018 05:45:00 PM,41.750388107,-87.669438517,POINT (-87.669438516967 41.750388106952),C,5,2018,17:05:00
c28700b165a6a20428989373ea3725b0b8c0e7b50b3bc73e70a14202415604b6f7a4458f6a78c41c378dcecd07b49666e7a7be9f7e37a0e610a9380cce4de103,2022-06-12 11:00:00,UNKNOWN,DAYLIGHT,DRY,NOT ON SCENE (DESK REPORT),06/12/2022 11:30:00 AM,41.974645684,-87.659970179,POINT (-87.659970178971 41.974645683985),C,6,2022,11:00:00
c4c39833317e1acbfbe5ba3fe159b4030ba3f0560805ab36130e609535bc48c034f016ce2c2c3de2772a08e4200c16806092541608b8ab8d0e6986387ea54cd5,2021-11-02 08:08:00,CLEAR,DAYLIGHT,DRY,ON SCENE,11/02/2021 08:11:00 AM,41.902212301,-87.74884541,POINT (-87.748845410034 41.90221230099),C,11,2021,08:08:00
c3431eb1513a23234c2ea76667c814f9147d09c11b1790952c2afdb37a2f9ea0e1a169ddb9e71dd02c1fc50fb4556d655efd272812f1400d053556c48364aae4,2021-04-20 17:00:00,CLEAR,DAWN,DRY,NOT ON SCENE (DESK REPORT),04/29/2021 11:00:00 PM,41.976534052,-87.768327467,POINT (-87.768327467035 41.976534051981),C,4,2021,17:00:00
c4fcc4fdfa2b0a9bd744bb9cab0fcef18e02f3b9d7ce9a0b11c0b5d4841b281e62bf1ddb7123b5b014b7e57bd1f7e909af9c1f4bbb87d6ba1b2ccc0a1170a4b6,2022-02-22 19:00:00,RAIN,DARKNESS,WET,NOT ON SCENE (DESK REPORT),02/22/2022 07:30:00 PM,41.693824379,-87.540256788,POINT (-87.540256788049 41.693824378953),C,2,2022,19:00:00
c28cc30a0b35760df338083da2bf1e921a8a55c9ba7c739ffb17a86ad45d7beabd3a1607ac90d4fb4aae125c86f988485ec657a22488c735f1d38e56a9dbc1e2,2016-01-27 17:20:00,CLEAR,DUSK,DRY,NOT ON SCENE (DESK REPORT),01/27/2016 05:38:00 PM,41.858906154,-87.712914181,POINT (-87.712914181015 41.858906154029),C,1,2016,17:20:00
c3a490733f1e00c445bb58e12b9ac19d11e8277f04f740e727f191b980d39fae71fca5661c993f0b2d848feb8ead0d995fc3766cd78711734d254d15cbfd2a6c,2019-06-12 18:30:00,RAIN,DAYLIGHT,UNKNOWN,NOT ON SCENE (DESK REPORT),06/13/2019 08:15:00 PM,41.837732675,-87.66589445,POINT (-87.665894449999 41.837732674972),C,6,2019,18:30:00
c2e0f94019ce3cd879efe3bfc770f9a347591fc75b5d65c7b1b41f9f860e2403fd148751e26df8ea65004d2d9d9b684394b4c41b033ab1a3c53bcba3df0586c2,2022-10-12 23:30:00,CLEAR,"DARKNESS, LIGHTED ROAD",DRY,NOT ON SCENE (DESK REPORT),10/13/2022 08:36:00 PM,41.75616061,-87.634583596,POINT (-87.634583595966 41.756160610031),C,10,2022,23:30:00
c4962f259ebdf82c3e6fe92a3a62f749522c843a3a389572021add5176e20ccf3d856fc4699f8fa0833926f8a3838b7eca0ddb6c51dcca994da9e890089d9553,2016-09-20 15:20:00,CLEAR,DAYLIGHT,DRY,NOT ON SCENE (DESK REPORT),09/20/2016 04:45:00 PM,41.902212301,-87.74884541,POINT (-87.748845410034 41.90221230099),C,9,2016,15:20:00
c25f390f3ca586d54f64da1bcd71cc018dae795d95d9de4370d22f617ae8b93e61719f5f41666edf68710fac20e20188295dd2c6a60bd115c5aa395b53cd3c0b,2022-05-12 10:05:00,CLEAR,DAYLIGHT,DRY,NOT ON SCENE (DESK REPORT),05/12/2022 11:05:00 AM,41.906446465,-87.753273478,POINT (-87.753273478001 41.906446465035),C,5,2022,10:05:00
c42f893752e76f0adf6cfd7ab7844b580b169001836ff3b198a270fc15942e3e6afdcde987fd37fe038d4a943af856a95f2f75f0dd54d437c7ef21f12aabe5fe,2019-07-30 18:30:00,CLEAR,DAYLIGHT,DRY,NOT ON SCENE (DESK REPORT),07/30/2019 07:14:00 PM,41.893918609,-87.624085833,POINT (-87.624085832985 41.893918609004),C,7,2019,18:30:00
c279331b888d4107be667eea02fc2f7bdfb781a9a516e9d8f2d55b482388686f0b6bcbf8d1925d943c458f4656147fd68d15a8e2b7968c4e62ac5776669bb107,2022-09-27 13:30:00,CLEAR,DAYLIGHT,DRY,NOT ON SCENE (DESK REPORT),09/27/2022 08:05:00 PM,41.823365374,-87.702118304,POINT (-87.70211830395 41.823365374034),C,9,2022,13:30:00
c2b8ff87481a855c2135f7a0725f3da204538dd3a5d161aada3576103fc3a055e651ce56a4ef036314f1cdcf388c8a8a56800f4aabf4ec3d4d96d1a2753f3a55,2019-06-06 16:45:00,CLEAR,DAYLIGHT,DRY,NOT ON SCENE (DESK REPORT),06/06/2019 04:45:00 PM,41.986578619,-87.777520352,POINT (-87.777520351994 41.986578618975),C,6,2019,16:45:00
c34640f74d044b2a79705793420fcbb12fe5186b2943fd4f4a9e7d65b53982320d4a16bc5f9aa430c4473138449bd23c29da3d1ddb9979eeaac9c5cf29fafa3a,2021-01-15 19:15:00,CLEAR,"DARKNESS, LIGHTED ROAD",DRY,NOT ON SCENE (DESK REPORT),01/15/2021 09:15:00 PM,41.903825234,-87.64328636,POINT (-87.643286359995 41.903825233976),C,1,2021,19:15:00
c3aba54aa1f8f536ffd1249571164ac6aff1af50f9b83a70a8f9492ac53605512e96c3f791873a30bc2bdb76c4fca841fa0ac4d5e5612027d154a9a4a367b64b,2017-03-19 12:00:00,CLEAR,DAYLIGHT,DRY,NOT ON SCENE (DESK REPORT),03/19/2017 01:30:00 PM,41.801157435,-87.670706395,POINT (-87.670706394986 41.801157434957),C,3,2017,12:00:00
c3c8f834c4004a140bb9f944b483a45cd5bfc405fb4bc9c8201008b6106107ccb5c4d7fe064ed6472726fe55443307f4f592643ee7c694c94cefea2308eb21ef,2021-07-03 11:55:00,CLEAR,DAYLIGHT,DRY,NOT ON SCENE (DESK REPORT),07/03/2021 12:40:00 PM,41.896393332,-87.654686711,POINT (-87.654686710965 41.89639333201),C,7,2021,11:55:00
c45944dfc814b16a363f37eedffc7d95c0ffd420fe11988c0efe05e5644b00fa4b191a22f5c68f8fe876dbc56e078c33d0f4c7414df86fc821f119415dc939b3,2021-07-31 13:05:00,CLEAR,DAYLIGHT,DRY,ON SCENE,07/31/2021 01:05:00 PM,41.726865636,-87.549933282,POINT (-87.549933282015 41.72686563601),C,7,2021,13:05:00
c3b4a61e19f5d1d5f6c490137c282c289b3b052f87cdc5bf0bbb6e659283fa072e1d44fec91e00f1c0f83100d514d0825199bffa68709278366a474017c15dfc,2018-11-20 16:30:00,CLEAR,DUSK,DRY,ON SCENE,11/20/2018 04:38:00 PM,41.77125351,-87.723272314,POINT (-87.723272313996 41.771253509998),C,11,2018,16:30:00
c4114a6446bb6f416b57483e2da3507dde01edd0661132749d930dcbd27d15c606aaeefa6b2b7c04b19392ecbe910e85001fc2656f12adfcc2317ebe3d158ecc,2019-06-05 13:35:00,CLEAR,DAYLIGHT,DRY,ON SCENE,06/05/2019 02:10:00 PM,41.859524076,-87.725120773,POINT (-87.725120773022 41.859524075956),C,6,2019,13:35:00
c2384073f4b0cf2d188870f94914c9be5bbd94d803c7fdf8b052196546c8bb58e8bc80b56a93b7197807c6d1ef817ccb6d65202c482d7196e013a399a7fd7353,2015-09-11 13:00:00,RAIN,DAYLIGHT,WET,NOT ON SCENE (DESK REPORT),09/11/2015 01:15:00 PM,41.86682801,-87.625963269,POINT (-87.62596326902 41.866828010004),C,9,2015,13:00:00
c4f265ad9f60eb06934dd2af22633645bf6ac7862a4b681f65f1144520a845b68c838a1710c01ab9cac6a5043c6b4c94d8443461b6dd910cdbc70e4b3c40774d,2019-11-15 16:08:00,CLEAR,"DARKNESS, LIGHTED ROAD",DRY,ON SCENE,11/15/2019 04:09:00 PM,41.884589493,-87.620498427,POINT (-87.620498427013 41.88458949304),C,11,2019,16:08:00
c25e8e348769cdcc562540e413e95c7c04a9f3e3e94f87d41206ecf60b2e7b0afd047d2e9ca721808ee162ff9c3cbab9629eb105960e3872e86bbe8fcfdfbe02,2022-03-27 10:34:00,CLEAR,DAYLIGHT,DRY,ON SCENE,03/27/2022 10:42:00 AM,41.794090446,-87.630527331,POINT (-87.630527331008 41.794090445987),C,3,2022,10:34:00
c4648c17df9722694396b2933a93987810e389fb79a2196dd0b61f8d61d937a5c1d2970844db7b7e11108af4cc2686eb3e1979fe5815cdc3ea67daa0fddc082a,2021-06-12 19:00:00,CLEAR,UNKNOWN,UNKNOWN,NOT ON SCENE (DESK REPORT),06/14/2021 10:15:00 AM,41.874917987,-87.688836561,POINT (-87.688836560991 41.874917986977),C,6,2021,19:00:00
c495b7c1e1fcd79a6f4d9f4cfc8bd32310ae41291c6c7773e6d2a20d49f566c98ad3bd8aa9e6744242c10aff762d5101fd370a1f31655de9b7db3a97464a6fcc,2017-08-22 19:25:00,CLEAR,DUSK,DRY,ON SCENE,08/22/2017 07:33:00 PM,41.744151639,-87.585945067,POINT (-87.585945066953 41.744151639042),C,8,2017,19:25:00
c37fc792ebf3ce90a883f8006c8b934616f9bc2685a7b392c6210c46f388ab4dc4b060aa220f40d970544147833def5af3abd50ef905d0daa04b6e8e411ae507,2023-03-22 11:30:00,CLEAR,DAYLIGHT,DRY,ON SCENE,03/22/2023 11:35:00 AM,41.839441726,-87.710847423,POINT (-87.710847423021 41.839441725953),C,3,2023,11:30:00
c3272b9c1fde607be2c1d98c355e9ed0ea0fc2d2c8381b5f2bec542a4de4858b30bc549ad839df1010231ba2b3b28bbf410c2e985b1263630ff148f3dc627121,2017-12-16 14:13:00,CLEAR,DAYLIGHT,DRY,ON SCENE,12/16/2017 02:37:00 PM,41.960796183,-87.750630003,POINT (-87.75063000305 41.960796183046),C,12,2017,14:13:00
c36dd7d56fed32667663d3d79514f662c73f23b32fd1b53284772db57a807380a72ddab8504c984b571e90b05165b345714601d07895df45c2275002b12a09a3,2021-12-04 17:20:00,CLEAR,"DARKNESS, LIGHTED ROAD",DRY,ON SCENE,12/04/2021 05:30:00 PM,41.968261657,-87.736209783,POINT (-87.736209782986 41.968261656967),C,12,2021,17:20:00
c38a1e53908bff3f0190ab1f1fe2b5846cc6ca2849203765d8ffbf84622434186d17f489930e77a9883653f097905fe5a7e7c81b63266d0381447239f0e0a42b,2019-10-26 22:21:00,RAIN,"DARKNESS, LIGHTED ROAD",WET,ON SCENE,10/26/2019 10:22:00 PM,41.990508926,-87.706622194,POINT (-87.70662219398 41.990508925961),C,10,2019,22:21:00
c3526ba11268da3bbe6629f402d39a1eddfd466759d3bb101120af705bdb7b6d9706e5e8c5b28967878311220b23b178876e32374cf1b25fb2f5e7a515e1116d,2019-12-31 20:45:00,CLOUDY/OVERCAST,"DARKNESS, LIGHTED ROAD",WET,NOT ON SCENE (DESK REPORT),12/31/2019 09:00:00 PM,41.91975438,-87.687333666,POINT (-87.687333666029 41.919754379966),C,12,2019,20:45:00
c2c80bdeaf496aa080621f52807365d329afb7b64f5ceba9adfacd1e84dea395f7104eb2a1529b54262b4ef8f4faa6e50db071de117ed270e46990f097ab8c1b,2022-07-31 15:00:00,CLEAR,DAYLIGHT,UNKNOWN,NOT ON SCENE (DESK REPORT),08/01/2022 08:30:00 PM,41.950676839,-87.643784743,POINT (-87.64378474303 41.950676838996),C,7,2022,15:00:00
c494976b9d77796f5c0ad8a1cab1f8512ec55f08f13cf4f9af8b186e6dcc1b6fc1aaa99a584a4daea9498c65f3fc7f3656fdeb04af5e2c1eaa92b59ff67f292f,2020-08-09 15:10:00,CLEAR,DAYLIGHT,DRY,ON SCENE,08/09/2020 03:10:00 PM,41.922391299,-87.731457568,POINT (-87.731457567969 41.92239129896),C,8,2020,15:10:00
c344f26f47cfe8714d23d87d6a245750be37f1356494942c8a135466e45b5e399fa52e54a460feba6c8746ab90bc9a024c3bb1fff99f7aba4b2bd697d5673921,2020-03-07 14:15:00,CLEAR,DAYLIGHT,DRY,NOT ON SCENE (DESK REPORT),03/07/2020 02:40:00 PM,41.894989505,-87.761902885,POINT (-87.761902884992 41.894989504972),C,3,2020,14:15:00
c4664d5359c75abcb892e2d6e6f84975bede061256e53a4ec00bd5d886b7e80b7f776edd64961c4f83eb6aac8bdb43cc2bfe85eba24c3df363360dfaec235082,2022-09-13 08:30:00,CLOUDY/OVERCAST,DAYLIGHT,DRY,NOT ON SCENE (DESK REPORT),09/13/2022 09:00:00 AM,41.985160813,-87.669715097,POINT (-87.669715097048 41.985160812983),C,9,2022,08:30:00
c4e7982fe40541a4924361146b9f06a9141325619cabdf746df6f65aaa3e6b8c3ea77d7c8c0f7f09ef62199d42d2fff49a3d7863fca6f474c4ad8eedf2a1ef09,2018-09-24 13:55:00,RAIN,DAYLIGHT,WET,ON SCENE,09/24/2018 01:56:00 PM,41.902815701,-87.717648644,POINT (-87.717648643968 41.902815700998),C,9,2018,13:55:00
c43f4aba8bf65174f8219dafe8d39e99a850daae21a622e0f37ca9e0f9cb6e873c5af35699da6879862981049f27ae9982e96d8945053667586223168e82d4dc,2021-06-04 21:00:00,CLEAR,UNKNOWN,DRY,NOT ON SCENE (DESK REPORT),06/05/2021 09:00:00 AM,41.895499511,-87.723699547,POINT (-87.723699546998 41.895499510995),C,6,2021,21:00:00
c4093fe7362067e09763502a1e1081042e69958c3090b95fc6393cf76564b6f9d0ef3d9ef6e71a736cad045327b94dbaacb30ba97b8a876a527128b133a1a916,2019-06-04 07:33:00,CLEAR,DAYLIGHT,DRY,ON SCENE,06/04/2019 07:35:00 AM,41.903983207,-87.721244898,POINT (-87.721244897993 41.903983206955),C,6,2019,07:33:00
c3e6025159193583e1beb7a8f9d303dfe34a7d67735fb476c7b7395953f17b6888de5ed2ad1c83d38e23a798ece39fbfade45a05c009b7b1a9036840f1cbfd32,2020-09-18 18:30:00,CLEAR,DAYLIGHT,DRY,NOT ON SCENE (DESK REPORT),09/19/2020 04:55:00 PM,41.975781108,-87.777024213,POINT (-87.77702421295 41.975781107966),C,9,2020,18:30:00
c4bd76623e4970439165e9e76e0d050ff6f17361785b903e3610a7c8f539c93d9908a3e654bc11e6c014d0c70943a092107055e3004543a224d3579607d037ff,2018-08-17 10:00:00,CLEAR,DAYLIGHT,DRY,NOT ON SCENE (DESK REPORT),08/20/2018 02:47:00 PM,41.749991021,-87.552384323,POINT (-87.552384323001 41.74999102095),C,8,2018,10:00:00
c3e0d48f4d8d31100dcf0c0f313692daa87f01a49f0044971064a0b6654779ccf91953901c6d7e5bc828a2de20759b3718abdfe1b01938944c1c5ffed7bebd4a,2022-11-27 10:55:00,RAIN,DAYLIGHT,WET,ON SCENE,11/27/2022 10:59:00 AM,41.749362768,-87.605332981,POINT (-87.605332981011 41.749362768013),C,11,2022,10:55:00
c2885cde57891e0861e360de739e5de136e07f9935104b73709c2ff8645a51cae1b4796b12bb1eec3f98950ab7f455cfbbf0b1fd15f188a6d931f283f6adcc27,2021-05-23 15:07:00,CLEAR,DAYLIGHT,DRY,ON SCENE,05/23/2021 03:12:00 PM,41.898341319,-87.618057856,POINT (-87.618057855957 41.898341319021),C,5,2021,15:07:00
c35c7a11d44f9d6e34eb9cd40d1ce243b0dba236fd5404a3ca5cdd1ec0500f7476572b627b78df30eb3c06de9641296fde65f2fcd4abc51752f1d2dc1fc17b58,2016-06-23 08:00:00,UNKNOWN,UNKNOWN,UNKNOWN,NOT ON SCENE (DESK REPORT),06/24/2016 12:15:00 PM,42.006801604,-87.661457734,POINT (-87.661457733969 42.006801603988),C,6,2016,08:00:00