CRASH_RECORD_ID,CRASH_DATE,WEATHER_CONDITION,LIGHTING_CONDITION,ROADWAY_SURFACE_COND,REPORT_TYPE,DATE_POLICE_NOTIFIED,LATITUDE,LONGITUDE,LOCATION,CRASH_TYPE,CRASH_MONTH,CRASH_YEAR,CRASH_TIME
c2fdaac13d22cba51fe51280d80547e96b3a232420599caead57dc9363888d1fee273f6222cbb6c42ef0109edb33d73b20955d6726903d580c5946941cdfcbae,2020-03-30 06:45:00,CLEAR,DAYLIGHT,DRY,NOT ON SCENE (DESK REPORT),03/30/2020 09:00:00 AM,41.674187115,-87.615174122,POINT (-87.615174122 41.674187114956),C,3,2020,06:45:00
c2b6758e7725bf482d205b6492fda5c5bd7409ae06fcd503742e584e1edd7e0f475800ad6d7af6b8bfe3c40d31c052bd56f78fa2d3bc1cc8a4e5b47deb42f16a,2022-05-28 22:50:00,CLEAR,"DARKNESS, LIGHTED ROAD",DRY,ON SCENE,05/28/2022 10:54:00 PM,41.917103631,-87.687248767,POINT (-87.687248767006 41.917103631009),C,5,2022,22:50:00
c2fc7a4a0335c4e3169c2753f138d86ca761170cf4ca8b992582b310b69106dc4f9dd61952ae891dce47d7b22ffaf4aa78661d2d5a1c363f72abffa638305022,2018-09-21 14:25:00,CLEAR,DAYLIGHT,DRY,NOT ON SCENE (DESK REPORT),09/21/2018 03:30:00 PM,0.0,0.0,POINT (0 0),C,9,2018,14:25:00
c3ead6d1ffcfe82b3d2e2149d08ddd0baefc091e9c92e59c4d40a84b23d4b907b43d311d51c2804395b450accbe77cde942c840a3bb577d9c162baa0adb3a0b2,2016-07-26 13:00:00,CLEAR,DAYLIGHT,DRY,NOT ON SCENE (DESK REPORT),07/26/2016 01:40:00 PM,41.902212301,-87.74884541,POINT (-87.748845410034 41.90221230099),C,7,2016,13:00:00
c308f239f796000b3b85c7c96b1b150912e4b8c684d3a2685e9366cdb8fb59a7990bb2dd40f6ba88f9e93b5ffb7a5a242021c8b07445a3fef7a7e73454c18a6c,2018-05-14 07:29:00,RAIN,DAWN,WET,NOT ON SCENE (DESK REPORT),05/14/2018 08:35:00 AM,41.923910668,-87.777386127,POINT (-87.777386127036 41.923910667953),C,5,2018,07:29:00
c3b28142a04087d32db95e20cf22a65f1a7fddbaa8a04ffe4190faeb986542e86b7c2fab5d594c18adb2e5d653c1abfb024584c158e4ba7f40adb48002692ac8,2022-01-15 18:30:00,CLEAR,"DARKNESS, LIGHTED ROAD",DRY,NOT ON SCENE (DESK REPORT),01/15/2022 07:23:00 PM,41.909294322,-87.763395828,POINT (-87.763395828035 41.909294321981),C,1,2022,18:30:00
c3a160f23afc3fdf345cd13ba7f19a84d63fcdc8001e13d4cc62d265f83560828da83e62469f9cbed3cf2d349870fddfe1974439a8840ef5494591d467822051,2022-02-17 15:20:00,SNOW,DAYLIGHT,SNOW OR SLUSH,ON SCENE,02/17/2022 03:30:00 PM,41.759251503,-87.571388179,POINT (-87.571388179033 41.759251502973),C,2,2022,15:20:00
c3e350d6d3985d04112f9e076b3b1e5870284169890b76ce9abb52659f21bc1f1de4bd8afad71e5df4fc2c620ed0cadecc892fb383a0f236bf5c42ef7ceb7d7f,2017-08-21 10:15:00,CLEAR,DAYLIGHT,DRY,NOT ON SCENE (DESK REPORT),08/21/2017 11:00:00 AM,41.995579197,-87.675876884,POINT (-87.675876883986 41.995579196996),C,8,2017,10:15:00
c299cb8e2dea1db0a3f0a35684076ef8693adc02c044346017bf72771837a5cd672d933691ae7480e7c3dd8a596bad03f64dc1e89a95e9aca67b7b653fec04d7,2018-01-30 21:24:00,CLEAR,"DARKNESS, LIGHTED ROAD",DRY,ON SCENE,01/30/2018 09:28:00 PM,41.743169044,-87.663106556,POINT (-87.663106556014 41.743169044023),C,1,2018,21:24:00
c39b6042bad5fdf5a916edafd636eb2891da41855f6c4180a59edbf93418216da0d9b5ed16ee87811462172974565c3dbc8fb476888429eda52dd26dc2f82578,2018-08-02 23:30:00,CLEAR,"DARKNESS, LIGHTED ROAD",DRY,ON SCENE,08/02/2018 11:30:00 PM,41.757928189,-87.637021852,POINT (-87.63702185196 41.757928189007),C,8,2018,23:30:00
c2bd81be37182064010c5b4dd06c40633b0e04798fc76c92c76655c7452a41a04c7e4bd2586ea76055cb6a0bd1ed20d412e2ab5eed0b99ed0a9fbb3e0d3e3d85,2019-03-27 11:50:00,CLEAR,DAYLIGHT,DRY,ON SCENE,03/27/2019 12:06:00 PM,41.807107438,-87.723415986,POINT (-87.723415985953 41.807107438008),C,3,2019,11:50:00
c33bde7ef1542adbaaeec1af3f57442229a8a5be236414994cc97bf1af317b196b444e7d7eff8e71f8683de6dae992faeeb4d1fe10cbd2e9e345305ab95e601b,2017-06-10 13:07:00,CLEAR,DAYLIGHT,DRY,ON SCENE,06/10/2017 01:11:00 PM,41.891843265,-87.722247692,POINT (-87.722247692012 41.891843265012),C,6,2017,13:07:00
c2d2449948c72bf5e0437dd57c45cbff8b1ff2f3a76cf341d76e045b2e80c3af4004a749d4a5816e5ae30d5e7dddc7a81b7cb0e74fe26d937df46ded42a3aa6f,2019-10-02 16:30:00,CLEAR,DAYLIGHT,WET,NOT ON SCENE (DESK REPORT),10/03/2019 09:25:00 AM,41.974329658,-87.819524932,POINT (-87.819524932013 41.974329657994),C,10,2019,16:30:00
c4f9805103c597cc55af7383407476f7dcf69d22b2786d05931989e1a26f60d18f257fd35af5ed25a9347f4c5e79ebd2dec40e3c10bd37f883e99b2bf058f24e,2021-05-02 13:30:00,CLEAR,DAYLIGHT,DRY,ON SCENE,05/02/2021 01:30:00 PM,41.912363131,-87.706664942,POINT (-87.706664941972 41.912363131046),C,5,2021,13:30:00
c2d4fd35e08be17669219f71f96c8938f8624778a087d1f66cde6d1e06484f969b37cd944401ec36d30a510e6faf87a0b6ff857c0009439cc1ffc0e0dfeda1a2,2016-07-25 19:45:00,CLEAR,DAYLIGHT,DRY,NOT ON SCENE (DESK REPORT),07/25/2016 11:12:00 PM,41.924025937,-87.754108923,POINT (-87.754108923036 41.924025936998),C,7,2016,19:45:00
c30d7abade02ef818e6a3e1607a3566f2c6678c903d6b09bd175356a1117ba04e015cd545d22d4eae7951c34fc0ea3f9f25048fb283c11c70efa72486614439e,2022-04-04 21:25:00,CLEAR,"DARKNESS, LIGHTED ROAD",DRY,ON SCENE,04/04/2022 10:21:00 PM,41.721067364,-87.665271161,POINT (-87.665271160955 41.72106736401),C,4,2022,21:25:00
c3f4695e66dc5d849902a0e706acd107101245adcccf092c37bc3ef4d86d09d5409125241f86ed8d03656933a8c01f58ddac4d4fd22743ef5297925b9288106d,2023-04-13 07:35:00,CLEAR,DAYLIGHT,DRY,ON SCENE,04/13/2023 07:39:00 AM,41.895768039,-87.629678317,POINT (-87.629678317 41.895768039028),C,4,2023,07:35:00
c4ee2d1b446242f078928793697e5e5f4e1a3ab86223d7a8a5e52f847faca37c3cdfec2381803b6ed5f9847d625944de3178316608b7b6aff547a93901b00a28,2020-03-01 19:50:00,CLOUDY/OVERCAST,"DARKNESS, LIGHTED ROAD",WET,ON SCENE,03/01/2020 07:51:00 PM,41.982527973,-87.674735708,POINT (-87.674735707974 41.982527972951),C,3,2020,19:50:00
c4139e4c9264e2fea3d3c0c99222bb01813297c22b7115eddadf4b5c42342f7826b889254e367627484e55cd65117a0486313eb3b694770a322d3fbfe38424fb,2021-01-22 12:26:00,CLEAR,DAYLIGHT,DRY,ON SCENE,01/22/2021 12:26:00 PM,41.830686238,-87.659454461,POINT (-87.659454460965 41.830686238041),C,1,2021,12:26:00
c38c0da8e8744f5bdd7528f147a2f12da5241118bb3999f00f55b0cf77a28bf9fce5d9a566681427b754909aa9900d0852e131ec601bb8930952dc936006a50d,2016-12-19 22:14:00,CLEAR,"DARKNESS, LIGHTED ROAD",SNOW OR SLUSH,ON SCENE,12/19/2016 10:15:00 PM,41.995579197,-87.675876884,POINT (-87.675876883986 41.995579196996),C,12,2016,22:14:00
c27c6f49801d743670ded0c30350745f792468d9186bd4884fd56876676542b50ef02e6c5773df0a5337f239a22277ae362b245404873be8c8afa0c9417d791b,2021-09-14 22:23:00,CLEAR,"DARKNESS, LIGHTED ROAD",DRY,ON SCENE,09/14/2021 10:24:00 PM,41.801401913,-87.723544598,POINT (-87.723544598036 41.801401912995),C,9,2021,22:23:00
c307d45bb902691bbfb4f0b000050b8edcc9bd6fde9ae2b16eb00bb0474b35c2fbbfce7868c8ad01a54309f117759fb41c0b2c2398e4bda6ec24ce1a009ce716,2017-10-16 16:00:00,CLEAR,DAYLIGHT,DRY,ON SCENE,10/16/2017 04:04:00 PM,41.79573461,-87.762555326,POINT (-87.762555325992 41.795734610035),C,10,2017,16:00:00
c281a2a13fb5dd368c637368156a8569aa206eab51b816540973e4c2cac419f542846636952f3fb9ed8aef9c797f15fc2064d6252af8f2f34ddb7f6d640a211b,2020-10-04 13:56:00,CLEAR,DAYLIGHT,DRY,ON SCENE,10/04/2020 02:16:00 PM,41.75869138,-87.60533417,POINT (-87.605334170015 41.75869137995),C,10,2020,13:56:00
c2f9a54383110ac8bf853ce3e9d2f2ee30bc65c6f4342f5090948db97d89782e4b22a914cf966ae5d2d59350c50aaac3ca6984013dcf097d3754c0d0563ce1d3,2017-10-16 04:14:00,CLEAR,"DARKNESS, LIGHTED ROAD",DRY,ON SCENE,10/16/2017 04:15:00 AM,41.953750194,-87.728489892,POINT (-87.728489892005 41.953750193958),C,10,2017,04:14:00
c35d5fc41f2cce4990cb4cbb92083b3003e25aeeb3e8df6d11b0a840c30d09c6ddd249135172f398889e6c3d11f74b176c5647b146f1cc92886d19385ee0a6b8,2017-05-14 00:00:00,CLEAR,"DARKNESS, LIGHTED ROAD",DRY,ON SCENE,05/14/2017 12:00:00 AM,41.87479856,-87.755004029,POINT (-87.755004029038 41.874798560005),C,5,2017,00:00:00
c49151065c8b57f760ab569dfff37d7c4aa4fc643c21b9372379d1d44a703214bbf6d249b80a9aae6283fd792956363275834dc18ccb9174402db03117e07adf,2017-08-07 15:15:00,CLEAR,DAYLIGHT,DRY,NOT ON SCENE (DESK REPORT),08/07/2017 07:18:00 PM,41.969038442,-87.667662387,POINT (-87.667662387022 41.969038442049),C,8,2017,15:15:00
c25009c287bd3b178f593ef0119c8b3782523c9947f71544b65905febbb7c09ecb05a19c6b6781a37899de4485618c6f9b2eca1d866961d259e0adfc47281d06,2017-09-29 13:45:00,CLEAR,DAYLIGHT,DRY,NOT ON SCENE (DESK REPORT),09/29/2017 02:23:00 PM,41.872964481,-87.698651649,POINT (-87.698651648952 41.872964481008),C,9,2017,13:45:00
c333331f733f90af4eeb792d236a99ec49f490bd40ec1d5ba1759ec73cacc3d57b68f56aa38d7d16946718b1ecaa6cab7d6c44db70b606223096569323f52fbf,2017-05-15 17:51:00,CLEAR,DAYLIGHT,DRY,ON SCENE,05/15/2017 05:51:00 PM,41.762174118,-87.558927464,POINT (-87.558927463962 41.762174118016),C,5,2017,17:51:00
c2f0d4a53a1e59926041b771152c7d53515b2e126b8ae66204d594384fb131c7e08952668aa57f4d4153803aedb9523e83d666d6e87584bb63e8bb8f5c11dd49,2021-11-01 14:30:00,CLEAR,DAYLIGHT,UNKNOWN,ON SCENE,11/01/2021 05:00:00 PM,41.932604222,-87.727148226,POINT (-87.727148226037 41.932604221966),C,11,2021,14:30:00
c4e21c27c4dd483c88ebf7f29eb851fdda5c750cca3f181aec1c511e3b03f67ed16f0c9283dda1fd7b59e71e04bd0127f31c148bf561fb87f70506ab6be0b3ab,2016-07-12 14:30:00,CLEAR,DAYLIGHT,DRY,NOT ON SCENE (DESK REPORT),07/13/2016 10:05:00 AM,41.885749675,-87.75520262,POINT (-87.755202620024 41.885749674953),C,7,2016,14:30:00
c2c16ba95f4938060cecc9dc7955071e70aa5acda77b47347619a2c87614f8c1a1a3b65ebf5f3796377ddd758bbbbbf9c591032782289c91dc71e4a8c77215dc,2017-04-18 10:45:00,CLEAR,DAYLIGHT,DRY,NOT ON SCENE (DESK REPORT),04/18/2017 12:43:00 PM,41.786609181,-87.666757336,POINT (-87.666757336003 41.786609181029),C,4,2017,10:45:00
c4b966d46be6fbf52fc009ca0c4ecd4d77b11c88d7ea414d0281cdfffcac95d4d3bec777f3be009e650e63e35a8755220a735e41a40ea41edb71377c116b7ddc,2022-11-29 07:35:00,CLEAR,DAYLIGHT,DRY,NOT ON SCENE (DESK REPORT),11/29/2022 08:00:00 AM,41.924490094,-87.717288131,POINT (-87.717288130979 41.924490093998),C,11,2022,07:35:00
c2ecd8c245eaca394409738ea19119881107b403c79e2f08fc308866fefb70e0709822fc570a774639e76ba3f3b7d39446364502a4246f5c09a027aa30ceb7ea,2023-05-21 11:50:00,CLEAR,DAYLIGHT,UNKNOWN,NOT ON SCENE (DESK REPORT),05/21/2023 01:00:00 PM,41.902815701,-87.717648644,POINT (-87.717648643968 41.902815700998),C,5,2023,11:50:00
c74820709d4556bd7a79fc9db7448206288c2cc8a2e65744f586bd1d6da08c45eee2b13e1113a06de0a1118617862a4e0c2d419ed635feeca09e953016926c02,2021-04-02 15:00:00,CLEAR,DAYLIGHT,UNKNOWN,NOT ON SCENE (DESK REPORT),04/02/2021 04:12:00 PM,41.9461579,-87.656576302,POINT (-87.656576302048 41.946157900045),C,4,2021,15:00:00
c79bb7c5ddf2c2c4866f8636416cc37af19e9c15bb9609dff792691fd39d323ded53ca85c83a10d3aba429c50d407dec042c5d957095f53c7a64af03356eff45,2021-02-19 15:20:00,CLEAR,DAYLIGHT,DRY,NOT ON SCENE (DESK REPORT),02/19/2021 04:25:00 PM,41.947047424,-87.755241938,POINT (-87.755241938016 41.947047423999),C,2,2021,15:20:00
c6b97dbb427f4e24c302d1e482d41f4abb375527a35e34614337801d6584b84a5e37c18d3564aab81afbbe57ca9d17b95c9d407d9a082866fd4843f90ccbe59f,2018-02-16 15:45:00,CLEAR,DAYLIGHT,DRY,NOT ON SCENE (DESK REPORT),02/16/2018 04:30:00 PM,41.749362768,-87.605332981,POINT (-87.605332981011 41.749362768013),C,2,2018,15:45:00
c7b71f9e033cf69e572204592e881230e05e3f484dd80feca4fe7971d2169e149fab367715c6a50958b7fb42f7f8136bcba55c74d1d3699808e01aac97722d43,2017-01-20 03:00:00,UNKNOWN,"DARKNESS, LIGHTED ROAD",WET,NOT ON SCENE (DESK REPORT),01/20/2017 02:05:00 PM,41.714309142,-87.569580943,POINT (-87.569580942985 41.714309141953),C,1,2017,03:00:00
c6c48674677981a0351ecaf0a31d720a3caeaafc189e4282fe38984692c5967e213208ec2a8be848917a481019a490e2e69733f236bcf036b751428ce270aac0,2020-10-24 11:30:00,CLEAR,DAYLIGHT,DRY,NOT ON SCENE (DESK REPORT),10/24/2020 12:00:00 PM,41.882694003,-87.711206455,POINT (-87.711206454997 41.882694003031),C,10,2020,11:30:00
c7312a57c4b7269bebd6a6f31f287af3f67f65ed63a7c2620338756a90f02a8e47173858c236e4f62b70a89f17ae026eac5aa35eba6000587adaaf9967987648,2023-06-13 16:16:00,RAIN,DAYLIGHT,WET,ON SCENE,06/13/2023 04:18:00 PM,41.939308285,-87.718653753,POINT (-87.718653752993 41.939308285031),C,6,2023,16:16:00
c76ae3d0a16f0e4343f947be910e99ca759af5fee3da1f2a467214faeb94d1dd38a6f481f9bcacf83d1a1889e84b092a2cfc8873dadbb2d1bfa62a7f34ba2873,2016-12-31 10:30:00,CLEAR,DAYLIGHT,DRY,NOT ON SCENE (DESK REPORT),01/03/2017 11:10:00 AM,41.799900666,-87.706336455,POINT (-87.706336454974 41.799900666031),C,12,2016,10:30:00
c533d4375c5a4da1f259bd0e52c4254c041663dad80f51abccceeea6ea2578f3279d58c8cc0b7ae5b71276af4354362c1ff001de298467119ccb36195b83d679,2020-05-03 02:20:00,CLEAR,DARKNESS,DRY,NOT ON SCENE (DESK REPORT),05/03/2020 09:20:00 AM,41.744151639,-87.585945067,POINT (-87.585945066953 41.744151639042),C,5,2020,02:20:00
c6374a6617577a5223bda03dc0e3e3d7a8d16094850eeb472070f048a3c4895f59cd33edd468bde5ac9f7bf9e380c7dd0c36eb28cbf16074e5e8708b261f6bdf,2023-07-27 08:30:00,UNKNOWN,DAYLIGHT,UNKNOWN,NOT ON SCENE (DESK REPORT),07/28/2023 07:50:00 AM,41.938718652,-87.763911545,POINT (-87.76391154503 41.938718651976),C,7,2023,08:30:00
c52580faa03fdd2d4663c706fd2a367c7dc1c129c603990c5441d470d85c75bf604ec2c9b49f1017446aabe5d37ae82384f07fd8a52a32e0af7ef339eec2228e,2018-12-27 09:45:00,RAIN,DAYLIGHT,WET,NOT ON SCENE (DESK REPORT),12/27/2018 10:10:00 AM,41.872497742,-87.725253192,POINT (-87.725253192011 41.872497742004),C,12,2018,09:45:00
c593186f0d4eabc5e18647c787ebc26f9ce18fb2f7ddec78804e9db0b2bcda2086a78bcf0118a78bb9f01cf47e3bf33ec263585bda07853a1cf57a4165053b7d,2022-01-19 08:30:00,UNKNOWN,DAYLIGHT,ICE,NOT ON SCENE (DESK REPORT),01/19/2022 09:30:00 AM,42.006801604,-87.661457734,POINT (-87.661457733969 42.006801603988),C,1,2022,08:30:00
c6dc980dd0472ed10d937bfffb0ec0a01c0b9d0bdd7218046887acc3b5dcfda5b20f954abbd45efe9e677c031797bf50c568cd540f0e2882d6889a910c0f64b5,2022-11-13 23:15:00,CLEAR,DARKNESS,DRY,NOT ON SCENE (DESK REPORT),11/14/2022 10:50:00 AM,41.744855614,-87.659803585,POINT (-87.659803584967 41.744855613969),C,11,2022,23:15:00
c53549a0a87246c00681f3e3dd811343dc3ddd220ad52e83cd989a5153ada4d47f385ec06f92dee1883c020dcadc47376bd1fc3c4b1c5763cebe4361163c18c8,2019-02-11 07:16:00,CLOUDY/OVERCAST,DAYLIGHT,WET,NOT ON SCENE (DESK REPORT),02/11/2019 07:30:00 AM,41.721256457,-87.643062482,POINT (-87.643062482016 41.72125645696),C,2,2019,07:16:00
c7cdd54009ad191c6e9ccda3ec6fbdba5981fea522f44e951243eae490a3aa7e50cc4e6782b5c24fa7ac68fc2531684b462a87835a6da3144f35c316a014eba9,2022-11-14 14:30:00,CLEAR,DAYLIGHT,DRY,NOT ON SCENE (DESK REPORT),11/14/2022 05:10:00 PM,41.975359124,-87.728081161,POINT (-87.728081161032 41.975359123987),C,11,2022,14:30:00
c555887e1819649d5e7bb585f14e9303c6a065cad52746e53c813d68279a99ecd7e44f60b16ce359ad0d4258e5769a926bb069d7397480175bf8c58ff39103c9,2018-02-09 17:00:00,SNOW,DARKNESS,SNOW OR SLUSH,NOT ON SCENE (DESK REPORT),02/09/2018 06:30:00 PM,41.809781151,-87.594212812,POINT (-87.594212812011 41.809781151018),C,2,2018,17:00:00
c76041ea00ac0ec269b04ed97a3798c7a80c3576faba5be64a692a1df9ec64d44cc588fc5d9ede011feafa48c9f3569d2d66a230c1c3063c9dfa872ecee6790c,2021-05-02 14:00:00,CLEAR,DAYLIGHT,DRY,NOT ON SCENE (DESK REPORT),05/04/2021 06:46:00 PM,41.784385694,-87.740065946,POINT (-87.740065945952 41.784385693962),C,5,2021,14:00:00
c57cd79e9773493a62b268f56247933ee2d0d4622f1286c56c8ca6bf2354b7d69f3e64fef520a656ed395f60448716aae80ef35d31ddf83d541656721787da25,2022-02-14 23:47:00,CLEAR,"DARKNESS, LIGHTED ROAD",DRY,ON SCENE,02/14/2022 11:47:00 PM,41.879157991,-87.627556713,POINT (-87.627556712986 41.879157991038),C,2,2022,23:47:00
c758cc96fc332b23d3d06e06b7122dd4f8df2b3016a03d3c913b329b261b379afa289d73b7642074f5df6cbc9ae716c3fa2d539aaca9ccd2ddbb6a71f3532d37,2022-09-30 09:15:00,CLEAR,DAYLIGHT,DRY,ON SCENE,09/30/2022 09:18:00 AM,41.895578486,-87.715579397,POINT (-87.715579397022 41.895578486018),C,9,2022,09:15:00
c5bed79460f650c089df81d9ba1372feabae474da534be51370ceea99b50e18b3ae85a5c259d886c125e84e2165bffed892a30d08575980ccf9100e17923c520,2021-08-20 15:05:00,CLEAR,DAYLIGHT,DRY,NOT ON SCENE (DESK REPORT),08/21/2021 03:15:00 PM,41.882211292,-87.710898608,POINT (-87.710898608036 41.882211292041),C,8,2021,15:05:00
c62cde1967a245a54dd6cc970ebeceedd0577f68054f49d4b61f770e7ed5c666f5fbb6412556b04536964fa88165c47b4514d48228a17b53628817b00627c013,2018-01-30 16:30:00,CLEAR,DAYLIGHT,DRY,ON SCENE,01/30/2018 05:07:00 PM,41.718934612,-87.619089076,POINT (-87.619089076023 41.718934611963),C,1,2018,16:30:00
c7b2d7f2825c125ce8523309762c3708ea2e138d587a8c3386b35c87f2559d8a9744453bbe235d720a00d9781e2bcd40017f638731f7d187a5cc560b81e8c373,2018-03-23 21:50:00,CLEAR,UNKNOWN,DRY,NOT ON SCENE (DESK REPORT),03/23/2018 11:00:00 PM,41.969038442,-87.667662387,POINT (-87.667662387022 41.969038442049),C,3,2018,21:50:00
c77655dbdae1f1c2485a5ff0a46b8d1cdd3b835d7648b838e689ac73193869e976a8a8f94b5de490ab54526ca72fb0fc6b3ad3b3729a3384c01a3427f5313165,2023-02-24 00:51:00,CLEAR,"DARKNESS, LIGHTED ROAD",DRY,ON SCENE,02/24/2023 12:52:00 AM,41.841986332,-87.641355908,POINT (-87.641355907981 41.841986332042),C,2,2023,00:51:00
c7c84e6ef265b82f18e198f016d5014bd8f7b5baf3375ae135c21bfbee4f75950d64fb291971342cdce6cd3c30c29b532c7607f8efd4aeef2578f6e12eb1a4e5,2022-08-23 11:30:00,CLEAR,DAYLIGHT,DRY,NOT ON SCENE (DESK REPORT),08/23/2022 01:20:00 PM,41.908996544,-87.804119441,POINT (-87.804119441014 41.908996543981),C,8,2022,11:30:00
c77332a1a57b88116c66ea7238be23be5cffdddd08fb5aa6023ca0f5a7b72cdf83fc75c07d01d0bcb1ea9761ca6aeff797474aa0fa16e8bddcd14fa38291cf7c,2019-12-17 18:10:00,CLEAR,DAWN,DRY,NOT ON SCENE (DESK REPORT),12/21/2019 08:15:00 AM,41.947114622,-87.674027476,POINT (-87.674027475988 41.947114621969),C,12,2019,18:10:00
c60822cdaffe79c129ee6bb254247957e5b208d01a256cf418bc1e0423d218e374429eb717d4f93b9ee6207884933fe1626a91aa7541871ec1e0fdfd86d0b283,2020-06-14 14:50:00,CLEAR,DAYLIGHT,DRY,NOT ON SCENE (DESK REPORT),06/14/2020 04:36:00 PM,41.75872376,-87.585590902,POINT (-87.585590902031 41.758723759994),C,6,2020,14:50:00
c74b56e5e5f2cddcfcc1db712a7ab686d7fefbeced208f0db8aa2d53c7adc0a55a7f4a50b7e4bb758fbad76eb526ffc5c448685eeeaab031681d985d934b43cc,2023-01-31 10:15:00,CLEAR,DAYLIGHT,DRY,NOT ON SCENE (DESK REPORT),01/31/2023 12:00:00 PM,41.871207853,-87.676228848,POINT (-87.676228847973 41.871207853017),C,1,2023,10:15:00
c7af6921f2b78b179f1e26d40506699385ab4fdb6cfc89b38f9cf6beb0f171d9b721cbfe55bdf63d4bce8d07316dcf76c96e29c72c3f1d9ee832ee3a2aab32b4,2021-10-15 13:00:00,RAIN,DAYLIGHT,WET,ON SCENE,10/15/2021 01:00:00 PM,41.694577926,-87.681392215,POINT (-87.681392214993 41.694577925956),C,10,2021,13:00:00
c57cbee805e0b0e280234b093f2b3fab6581108e8aadc497c1b3ee49a254502ab44945dd793e22466265c67821eaf79f0355be00e858f815d103fc32c25128b3,2019-10-07 19:10:00,CLEAR,DAWN,DRY,NOT ON SCENE (DESK REPORT),10/07/2019 07:10:00 PM,41.894228849,-87.625384759,POINT (-87.625384758996 41.894228848999),C,10,2019,19:10:00
c7d48b315d371907b39d6a6b528c5317ed6bc0e3f2a7eca8112d13a6c5cc494ac5457d19d4dce0b63cd9ccc244541f739ffe8280992eb8b747c247bf80433a10,2017-10-25 09:00:00,CLEAR,DAYLIGHT,DRY,ON SCENE,10/25/2017 09:38:00 AM,41.843952777,-87.738047625,POINT (-87.738047625035 41.843952777003),C,10,2017,09:00:00
c6777c69c80f03541ecca616d45512bbf34e5625a29ffc16cda7c44ab8987a1f9440b4ce748827e916227b02e1400da37c1c29e8b449c951534128d6d0c0cada,2020-02-03 07:12:00,CLEAR,DAYLIGHT,DRY,ON SCENE,02/03/2020 07:13:00 AM,41.863008351,-87.656420638,POINT (-87.656420637993 41.863008350972),C,2,2020,07:12:00
c508c8e62368287587a713d3a68e8240a997502370aa7ce14494bb9d0302956c13eefdc26e52d778bbef526a54bc02acf18980c05dc80d7d29042d73b5bde3cd,2023-01-12 16:01:00,CLEAR,DAYLIGHT,DRY,ON SCENE,01/12/2023 04:19:00 PM,41.925660873,-87.739188002,POINT (-87.739188001978 41.925660872981),C,1,2023,16:01:00
c6be2e8108378658c022544ba43bb2651a4cf2012119d96b756aa6d74c9ea8ac628715a1ea1513b32518b4f109ddc810cb90623ecabd08c7a137d20074383d8a,2019-11-19 17:05:00,RAIN,"DARKNESS, LIGHTED ROAD",WET,ON SCENE,11/19/2019 05:06:00 PM,42.019164625,-87.668397288,POINT (-87.668397288001 42.01916462497),C,11,2019,17:05:00
c61e2d54bfe2e71948d2481ee9ed18e34e67cc03699c29dc98f8d70663efd5578ebf2022ef2ff2e2cd66c712758ef691cd1e31adbe4677546addc3909706c6b5,2021-09-15 14:57:00,CLEAR,DAYLIGHT,DRY,ON SCENE,09/15/2021 03:10:00 PM,41.975319532,-87.659738127,POINT (-87.659738126956 41.975319532018),C,9,2021,14:57:00
c6d29555c04b3516773b8e1b3f506aa11396a19a3017921eba6592aa9bbe51df9a4aaeafa47d1d04eb01308ef390c0f5f4a4cbaa4e9d52a1da049df1ecc8eaea,2022-10-31 08:10:00,RAIN,DAYLIGHT,DRY,NOT ON SCENE (DESK REPORT),10/31/2022 03:00:00 PM,41.924820733,-87.685301935,POINT (-87.685301935013 41.924820733031),C,10,2022,08:10:00
c78de52c9e143270aa6c7c955fde1e8377c779b51b0f752e4904e291f160c7fc7607d5e499dccc3fcbe5f1050e266fe5defeb739c6e0a59f65f6ab5aaa566799,2020-02-01 08:00:00,CLEAR,DAYLIGHT,DRY,NOT ON SCENE (DESK REPORT),02/01/2020 06:00:00 PM,41.747329137,-87.662292763,POINT (-87.662292762962 41.747329136968),C,2,2020,08:00:00
c5e47d1ec40df5bb1c65c16e75f04e93b035fd7003b25cff6d3c70f9cda317d8c76315aaa4a2b157474cb9520cd014ad9783c207ca9a4d6937906967bc58c90f,2019-10-24 16:15:00,CLEAR,DAYLIGHT,DRY,NOT ON SCENE (DESK REPORT),10/24/2019 05:00:00 PM,41.875560779,-87.710884921,POINT (-87.710884921013 41.875560779017),C,10,2019,16:15:00
c5f5b69dc9bb3f5138b9fdaaaed7c1b6f9e35f24966716b30830171ad89cf2132005920c693e7d6d5bebe1d5069e5de30e9f0874e3a8b0a02f2eb6c9590028df,2016-04-18 07:50:00,CLEAR,DAYLIGHT,DRY,NOT ON SCENE (DESK REPORT),04/18/2016 09:30:00 AM,41.8198969,-87.724126177,POINT (-87.724126177005 41.819896900039),C,4,2016,07:50:00
c599e93e77e60999198cd96b6d5d98ff62efa8319de435b5748ddb53ee832db73a04f2abea8598ec8136e51c56503dd35f1cc217f58d4c0209f1f7080f05a3a4,2016-07-16 02:00:00,CLEAR,DARKNESS,DRY,ON SCENE,07/16/2016 04:00:00 PM,41.937981048,-87.758955638,POINT (-87.758955637965 41.937981048048),C,7,2016,02:00:00
c788890578ca8b7058fd259149a09a0e71280421dbaca69936de31f6b1451e318b27f757847a14e06e3986b522ab0e1a6153a96cce12501983257b780ec30a2a,2018-06-24 22:40:00,CLEAR,DARKNESS,DRY,ON SCENE,06/24/2018 11:52:00 PM,41.889344957,-87.629429511,POINT (-87.629429511044 41.889344956988),C,6,2018,22:40:00