CRASH_RECORD_ID,CRASH_DATE,WEATHER_CONDITION,LIGHTING_CONDITION,ROADWAY_SURFACE_COND,REPORT_TYPE,DATE_POLICE_NOTIFIED,LATITUDE,LONGITUDE,LOCATION,CRASH_TYPE,CRASH_MONTH,CRASH_YEAR,CRASH_TIME
c5eb09e4057f88cec01ab37eb35bddf68bca8fec9fc4e3ac1139f0849cc1fca974752f09ed626f12e6640153c5e51d71dde1eff87bebc573c80f5f0415f67586,2020-02-21 18:45:00,CLEAR,"DARKNESS, LIGHTED ROAD",DRY,NOT ON SCENE (DESK REPORT),02/21/2020 08:02:00 PM,41.887428891,-87.660961599,POINT (-87.660961598977 41.887428890955),C,2,2020,18:45:00
c76b3a7955fa5f190156e5fba96a65b5def96a6d73f0514e0dc985a12735ef912bd01ce9516522b51e48f77ce4a4eab790dc9c1ceb109bd9b391d787af30e59c,2022-09-02 12:44:00,CLEAR,DAYLIGHT,DRY,ON SCENE,09/02/2022 12:44:00 PM,41.751447568,-87.65390833,POINT (-87.653908329951 41.751447568023),C,9,2022,12:44:00
c7b06d7ef065ed59cc4538c0f3408461e438246303d1e304595354bd81510f9ac5f0f60f08d0174ffe061f15d876a49c6526140335c5ad0b031a173ff269669f,2020-01-10 16:00:00,CLEAR,DAYLIGHT,DRY,ON SCENE,01/12/2020 10:20:00 AM,41.915552161,-87.698519158,POINT (-87.698519158001 41.915552160998),C,1,2020,16:00:00
c74024359c9a7cab78f0aa19f1203d73b54ec517c7911cec35788ce9fe700176fe0383db6aa07d2d047711de683a1f221ba0e300161ae8981a4adfabd2c59af2,2017-09-11 08:45:00,CLEAR,DAYLIGHT,DRY,NOT ON SCENE (DESK REPORT),09/11/2017 10:00:00 AM,41.882211292,-87.710898608,POINT (-87.710898608036 41.882211292041),C,9,2017,08:45:00
c6a3e2536a026d5e0c99a4b3ed5c82443a0bbeda177e1cf12c819d717fcad7cc8422b1bd4cef54131d88ef3ce3fbefcfbd20eaaa318cd3ee6b291ea563a9a17b,2020-06-18 11:30:00,CLEAR,DAYLIGHT,DRY,NOT ON SCENE (DESK REPORT),06/18/2020 12:00:00 PM,41.777876115,-87.776445652,POINT (-87.776445651971 41.777876114963),C,6,2020,11:30:00
c5bd39d501a57e8af569bd2a67315dd93f176117779c892da45a0a0a615eb1d09f563cc7b2133c30c7e2e573c3ab1addf1167402dad39ccc21f8f55e8bc7878d,2020-06-24 02:07:00,CLEAR,"DARKNESS, LIGHTED ROAD",DRY,ON SCENE,06/24/2020 02:10:00 AM,41.744151639,-87.585945067,POINT (-87.585945066953 41.744151639042),C,6,2020,02:07:00
c57f8570f632decdcb88d7ed158117277fb24bef2481091c233e3a44a45bc055cf5482a7c6a861c6af0c11b48ed2a5d338f791a8758e75af4487759fc250d2c0,2019-08-22 05:30:00,CLEAR,DAYLIGHT,DRY,NOT ON SCENE (DESK REPORT),08/22/2019 09:00:00 AM,41.958986951,-87.933993929,POINT (-87.933993928974 41.958986950953),C,8,2019,05:30:00
c7b2cdf47eb2931ac15fc9208f3ad4d399ea51d53a5e146afb4143b12b89b5698449a954253602ba14e69a0f48db675d425aad27fee6b2fcd045e143de19f4e9,2019-06-09 13:45:00,CLOUDY/OVERCAST,DAYLIGHT,UNKNOWN,NOT ON SCENE (DESK REPORT),06/09/2019 02:15:00 PM,41.903536788,-87.661859583,POINT (-87.661859582959 41.903536788031),C,6,2019,13:45:00
c788b684854ffb5fd2857e055827cac43ed53be2dd9bdc6573968f9007413e259455bdfe82e9cd0eebccde834a31ddff70d353856442b8adb1e2aa6d8d171a70,2021-12-06 11:17:00,CLEAR,DAYLIGHT,DRY,ON SCENE,12/06/2021 11:20:00 AM,41.894228849,-87.625384759,POINT (-87.625384758996 41.894228848999),C,12,2021,11:17:00
c6113cd97fa0f480980cba251c3ffa91b706d68be1ecbeb8d3c8b0f2d6c2dd515caf46a0f33f81fcf813c3e4dfece4bf83a3ddbd86dc38798f365bb7352ae2f8,2018-11-11 17:00:00,CLEAR,"DARKNESS, LIGHTED ROAD",DRY,NOT ON SCENE (DESK REPORT),11/11/2018 06:00:00 PM,41.892374041,-87.627242942,POINT (-87.627242941998 41.892374041012),C,11,2018,17:00:00
c6c74c6e849fa4da22546017ed189f87b667d8f911677aaa4d7d40a1f8325dd3e95c5157995334dcf6d408ca397a23b2d7732fb4d300d20b5d2b8e4330912cd1,2017-01-02 08:00:00,CLEAR,DAYLIGHT,DRY,NOT ON SCENE (DESK REPORT),01/04/2017 04:45:00 PM,41.880503593,-87.750028738,POINT (-87.750028738019 41.880503593027),C,1,2017,08:00:00
c50a5f75811e1ecf459cc37142811dc09f668b31b8106ce7a2a927da0dd393417ea52333a659a9d98ab97365b3ba8172a4ba56275364ec56b4689dadf9bdeb8f,2022-04-25 17:00:00,CLEAR,DAYLIGHT,DRY,NOT ON SCENE (DESK REPORT),04/25/2022 05:30:00 PM,41.794908912,-87.616471792,POINT (-87.61647179201 41.794908912028),C,4,2022,17:00:00
c6271c970a9c8ba516e4fbe9ed2986fdd502fd518e3e6903f7b14ded278e90729b611c43ac127ecae23c64bfdeb73fa8dd557d616a3965049baee99b4a9d1882,2018-08-22 21:26:00,CLEAR,"DARKNESS, LIGHTED ROAD",DRY,NOT ON SCENE (DESK REPORT),08/22/2018 10:20:00 PM,41.969261067,-87.650422729,POINT (-87.650422728959 41.969261066974),C,8,2018,21:26:00
c756303b4111be0bac9d708b53ebaaac7fdaef5171164de747404d4ced6842c848803d7777a35cd700d461f34bb8b010663ded4f8ad0b0053876f1a357137098,2018-12-05 17:45:00,CLEAR,"DARKNESS, LIGHTED ROAD",DRY,NOT ON SCENE (DESK REPORT),12/05/2018 06:15:00 PM,41.939150798,-87.687788607,POINT (-87.687788607001 41.939150798046),C,12,2018,17:45:00
c66165ad71ddf63f3fef10425e5c0f04ff56c7d5c684c55e69ab32bf7eaefe4de52442f690bbb4fef32828bbcb65137fb0c00f22015b949157e1d75b136212bb,2022-02-05 10:22:00,SNOW,DAYLIGHT,WET,ON SCENE,02/05/2022 10:47:00 AM,41.741803599,-87.740953582,POINT (-87.740953581987 41.741803598989),C,2,2022,10:22:00
c5c88e1455b7de4916a0f0a19f0fc62831b0a714acc8c281f3870d06a7021998f29690798d4256db46906d6ff16b44e6041a6d5ece3e5d14ef3d4d152eb9cd64,2018-03-07 14:10:00,CLEAR,DAYLIGHT,DRY,ON SCENE,03/07/2018 02:10:00 PM,41.945104724,-87.654997704,POINT (-87.65499770401 41.945104724008),C,3,2018,14:10:00
c6e4390fa2742d7098599877616723edea72b8a3d9a3a73cff9bc2b09a6ac4d943bfbd6977b9884c7d4452284727c152cf078618ad1a04bcece010e95b7b1ec8,2019-07-26 15:45:00,CLEAR,DAYLIGHT,DRY,ON SCENE,07/26/2019 03:52:00 PM,41.773738532,-87.70287002,POINT (-87.702870020047 41.77373853199),C,7,2019,15:45:00
c7b996257c146de6572444023510267f7ea6b32c4baf6f4a98c71b18b6625e497a67181f0cea9886bc6098f07c47469bc931ff452929924dd565292bc9aa92fd,2021-09-04 14:00:00,UNKNOWN,DAYLIGHT,UNKNOWN,NOT ON SCENE (DESK REPORT),09/04/2021 02:35:00 PM,41.75869138,-87.60533417,POINT (-87.605334170015 41.75869137995),C,9,2021,14:00:00
c50475834b3a609e1d6d41d38649c2eab5af8333708cfcc03dffb337551c7aba071ccbb968d779161da36b08dc494dcee10467bb5a3d00a2f9eb6893824afe6b,2020-01-10 22:58:00,RAIN,"DARKNESS, LIGHTED ROAD",WET,ON SCENE,01/10/2020 11:03:00 PM,41.741803599,-87.740953582,POINT (-87.740953581987 41.741803598989),C,1,2020,22:58:00
c5d846e6183a63f2e6cd3c3bae77ca7afdf6cd16ba2faa21fd980d9368f5af33d234d41f58b9cb55ed946ba07e4c8858408171acdd84295abfefdc054bfe69f2,2018-09-07 15:39:00,RAIN,DAYLIGHT,DRY,NOT ON SCENE (DESK REPORT),09/07/2018 04:00:00 PM,41.749903242,-87.707348392,POINT (-87.707348392008 41.749903241984),C,9,2018,15:39:00
c76c2ba70139beb7ad149c7d24fe9a5f30f1abebf9ad6b989670af888e82bfa40c907ecaafe99c30a33da8010737cd4f0f852757f167d53de01e8f2d7770d438,2022-07-30 11:25:00,CLEAR,"DARKNESS, LIGHTED ROAD",DRY,NOT ON SCENE (DESK REPORT),07/30/2022 11:25:00 AM,41.730924988,-87.604829958,POINT (-87.604829958009 41.730924987968),C,7,2022,11:25:00
c6c5a025a212de5e51bbdbc16a52e7bfc364e279a20f124aa4d9402f1fd55c68efb0f55bd8de60f084799145bc4cbd6c2c9559ad764267cb31f8cc287c087915,2022-02-06 21:02:00,CLEAR,"DARKNESS, LIGHTED ROAD",SNOW OR SLUSH,ON SCENE,02/06/2022 09:02:00 PM,41.89601086,-87.72136042,POINT (-87.721360420048 41.896010859952),C,2,2022,21:02:00
c59dcfd30038ea6658873341785386e3c5d8a436675b10e34cb38dc03607a8e1e4d5bd09bc4fd94950b005889d90da2bf28ed7ff9cb278d195c1bab2e320e5fd,2019-09-12 16:40:00,CLEAR,DAYLIGHT,DRY,ON SCENE,09/12/2019 04:41:00 PM,41.746062636,-87.702143236,POINT (-87.702143235997 41.746062636044),C,9,2019,16:40:00
c746794810616170ad335835a2af13969460e043fc957e4d5c8745c37545fefcbc21f2f81bcf1ae3da652418ccc4c661918d50d9e00404abd659166fb9af1dcc,2018-06-30 12:57:00,CLEAR,DAYLIGHT,DRY,NOT ON SCENE (DESK REPORT),06/30/2018 06:45:00 PM,41.938323018,-87.777389154,POINT (-87.777389153975 41.938323017997),C,6,2018,12:57:00
c66c265e63a746af652c11fe814fb3d2b4d71372f786d8c69f446ec5b97c737782c76abba1da3d2ed296192ea1628533cd1bb1d3aa96420dbecc8c5097a1df5f,2017-09-16 16:11:00,CLEAR,DAYLIGHT,DRY,NOT ON SCENE (DESK REPORT),09/16/2017 04:30:00 PM,41.916965489,-87.75210778,POINT (-87.752107780008 41.916965489023),C,9,2017,16:11:00
c6de7e57a8c18b1377c6ebb56e87ea0960408f1a39b2c8d90b5de7003f505d3a1b5f8df89745a4165c9ed05a58da411ebbf173d0b8aa9919cdfd6be2911b9e2d,2019-09-24 16:15:00,CLEAR,DAYLIGHT,DRY,NOT ON SCENE (DESK REPORT),09/26/2019 04:15:00 PM,41.898979021,-87.637410212,POINT (-87.637410212028 41.898979021041),C,9,2019,16:15:00
c77fed75fab12af1978bd4745520ec525affc19d209fb885eaf2a7a4e476ecd5a42a4c0d5240f93e1c02acba79bc4c26e8e7f19571c3cb4cc6f6d82ff0db2942,2020-10-03 13:00:00,CLEAR,DAYLIGHT,DRY,NOT ON SCENE (DESK REPORT),10/03/2020 02:00:00 PM,41.920676631,-87.775630269,POINT (-87.775630269041 41.920676630982),C,10,2020,13:00:00
c614140bc2bd0ec939fb99fdb1f1a00080ddcf166d02647c78696bcc18b24190d82d5fc272d06d9c1bf4ad5eb7449f188df05d124f4e73b3d9f2f36b33ac1041,2019-02-19 00:01:00,SNOW,UNKNOWN,ICE,NOT ON SCENE (DESK REPORT),02/25/2019 02:00:00 PM,41.774834086,-87.795506138,POINT (-87.795506137973 41.774834085997),C,2,2019,00:01:00
c628063e8269e0b5876b16664a92fa652b5540d45bece272ac0e69973a5a8072086e349b2907abdaadcb2690b4ea6dd6ba2fa46a06c6d980f09ea2b2cb4aa710,2019-11-22 11:15:00,CLEAR,DAWN,DRY,ON SCENE,11/22/2019 11:21:00 AM,41.965938944,-87.688970589,POINT (-87.688970589029 41.965938944018),C,11,2019,11:15:00
c50122e079ff3ca71820ce9970d49f3f3d9ac0fe8cd67381102ce21697b9e5d0bf47f0f56d1e93774218a6ff5231c17fac06ab8ee44864788e35c975d7964231,2018-05-02 12:30:00,CLEAR,DAYLIGHT,DRY,ON SCENE,05/02/2018 12:35:00 PM,41.963127734,-87.78582518,POINT (-87.785825179977 41.963127733983),C,5,2018,12:30:00
c7caeb48efa7112439070b682d4fef9388d0e78b8f2339c82973b9f96302138346beba6f6f1182ed5b4b01867f5f324365ca5df1383f51faebb702ef9c0ae544,2019-09-04 20:20:00,CLEAR,DARKNESS,DRY,ON SCENE,09/04/2019 08:25:00 PM,41.93197047,-87.699931619,POINT (-87.699931619044 41.931970469953),C,9,2019,20:20:00
c5054b403700d1f60f4a4bc5f7612d20ca2b5f6d0886681727adca07b4a24bb9c7acea5f613f663a305298bc7c7ebddad72125b99a17e1f1247aa711ba2324b0,2016-07-04 15:02:00,CLEAR,DAYLIGHT,DRY,NOT ON SCENE (DESK REPORT),07/12/2016 03:48:00 PM,41.744151639,-87.585945067,POINT (-87.585945066953 41.744151639042),C,7,2016,15:02:00
c73f7f22ac72574c9aa61f98ea723c0c773ef2e7f62842b6c96d1d7900603e480e37cce12d742af5ded48540e09e9abe55c792f8de9144f4e5a1b323c4f7cd60,2021-04-07 19:38:00,CLEAR,"DARKNESS, LIGHTED ROAD",DRY,ON SCENE,04/07/2021 08:16:00 PM,41.905786234,-87.755710582,POINT (-87.755710581983 41.905786233963),C,4,2021,19:38:00
c664c1c29a74440be8a8ed97ba60fe8345b7da1460188b4b2b9b8442513c31d7d16637ccb55f244facdb6a05162d2d8d1c932f92b291df8843b27c0ed9c936d7,2021-04-09 02:45:00,RAIN,"DARKNESS, LIGHTED ROAD",WET,ON SCENE,04/09/2021 03:05:00 AM,41.793954525,-87.680775731,POINT (-87.680775730972 41.793954524993),C,4,2021,02:45:00
c7b289c72f9755f68312f2fd8287cbf529e1b27570efb8574be353d5e8cb0ce81fd4ed1806feef916b634e58b5daa1096287966d24e71c8c90d2be65556525bf,2020-07-24 11:47:00,CLEAR,DAYLIGHT,DRY,NOT ON SCENE (DESK REPORT),07/24/2020 11:58:00 AM,41.793378954,-87.584053824,POINT (-87.584053824031 41.793378954013),C,7,2020,11:47:00
c586b5f7ab7ba36230fd0c8c4169d3f8eacde4dd1c1d112556cfaf14eec37d036dccbcb4d306a1fdb8d6273a331ff28a00516b211a8374e55d6b9b2cb1d0236a,2020-06-22 09:56:00,CLEAR,DAYLIGHT,DRY,NOT ON SCENE (DESK REPORT),06/22/2020 12:05:00 PM,41.741803599,-87.740953582,POINT (-87.740953581987 41.741803598989),C,6,2020,09:56:00
c562cbdf7e6faa406d8fc1d4834baeb4b4311475682ecbf29fef6f28a4e98d8f1d366ec65d8a0d28f302698e21351b8c481bf8bf4fdee6313cf39069755def81,2018-08-26 18:50:00,CLEAR,DAYLIGHT,DRY,ON SCENE,08/26/2018 06:50:00 PM,41.921729807,-87.663234201,POINT (-87.663234201004 41.921729806985),C,8,2018,18:50:00
c5361f30afe59e64a478c026054c1d7e38c75dd09283027294434fa71c74f7b7f155202b4579fd3875260f476a91d49247370e5037ed73b864211c922c17da7b,2022-08-27 15:30:00,CLEAR,DAYLIGHT,DRY,ON SCENE,08/27/2022 04:00:00 PM,41.822958463,-87.691425915,POINT (-87.691425915045 41.822958462973),C,8,2022,15:30:00
c66fbcf26fdd35b3246b96d4787164e72b56fe7f0ca3bcd055e95c9d7ce4a0c5881936f4f1b211792a3a6877c476bfa764fdcca4201d8d98d4fa380f3b965b10,2021-02-20 16:51:00,CLEAR,DAYLIGHT,DRY,ON SCENE,02/20/2021 05:00:00 PM,41.923910668,-87.777386127,POINT (-87.777386127036 41.923910667953),C,2,2021,16:51:00
c54f6651c09d916724ff61d1e3ff42cdccc07ff6e3970417c1fb064df021e62d5f46c65f15180857124da64e5989fafcb5b17307362025a15516a772a1cf9ba6,2018-04-17 07:20:00,CLEAR,DAYLIGHT,DRY,ON SCENE,04/17/2018 07:30:00 AM,41.735789821,-87.671388703,POINT (-87.671388702988 41.735789821025),C,4,2018,07:20:00
c59bd397568fbb05d872c2ef7e6da2159fc216b97810adde5e030f8730e3b91a7df2a101ca932dae492d6ecf22238c5ca366d07492074f6b343bfe9a5c4638fa,2017-08-03 13:10:00,CLEAR,DAYLIGHT,DRY,NOT ON SCENE (DESK REPORT),08/03/2017 04:20:00 PM,41.75869138,-87.60533417,POINT (-87.605334170015 41.75869137995),C,8,2017,13:10:00
c607ea55f049859cf4dda4f1dbb1154f9e7b5eb027dd8238ff4c39d345351e2e4d47b5c48a33a9c815e33bf38feb47e47e46c9c1db4921ce54fbd2e19cb18abe,2016-07-08 14:02:00,CLEAR,DAYLIGHT,DRY,NOT ON SCENE (DESK REPORT),07/08/2016 03:25:00 PM,41.89529917,-87.636991987,POINT (-87.636991986972 41.895299169964),C,7,2016,14:02:00
c58d37fe281c92d1ee704c3c716cb9eb6ce92207022202c7cf26bfdbc5b198b6c65db1bbea99b60f99303e61ada6640be560fc30e1f026fd5f19c6ff8a15f011,2020-08-04 11:30:00,UNKNOWN,UNKNOWN,UNKNOWN,NOT ON SCENE (DESK REPORT),08/04/2020 01:30:00 PM,41.799247435,-87.62110713,POINT (-87.621107130017 41.799247434998),C,8,2020,11:30:00
c789e3c94a75cc071f37da8f98aa6ecc0bc2feaac508665b2496d885be6f665476224dba2217977f39792852bb292453bd5008984b0fee182242347079d7e5fe,2018-07-18 17:03:00,CLEAR,DAYLIGHT,DRY,NOT ON SCENE (DESK REPORT),07/18/2018 05:55:00 PM,41.851084197,-87.638340859,POINT (-87.638340859009 41.851084197047),C,7,2018,17:03:00
c56a50af287e5a5ee302b2b3d3ddf28f85c77bdf75223a7a0b6632457c63d52fd9b645a6a5ea29d869cfff814af73653dd0ad27ae36fc60865d6cddd5b6cde31,2020-09-24 17:10:00,CLEAR,DAYLIGHT,DRY,ON SCENE,09/24/2020 05:14:00 PM,41.755698309,-87.591202807,POINT (-87.591202806983 41.755698309013),C,9,2020,17:10:00
c6e7be8e681c79f9707304a4f5c0261b20dea6d931434b13035f4b6d048a7d793cd3aa24640f7ec7309d4116920cff6756b668c1b9b6c35cef81a278e6e8f21e,2018-09-19 16:30:00,CLEAR,DAYLIGHT,DRY,NOT ON SCENE (DESK REPORT),09/19/2018 05:24:00 PM,41.764544707,-87.68705707,POINT (-87.687057069958 41.764544707037),C,9,2018,16:30:00
c68520a485009f62131cd80b1a98b469e663cbe304335a97fa92cd2253aabdb536ae44f0b85eefba664e06affc50dd4f059d12b9bf4b3f5ee8f83ea834169b29,2018-07-03 03:00:00,CLEAR,"DARKNESS, LIGHTED ROAD",DRY,ON SCENE,07/05/2018 02:00:00 PM,41.79015372,-87.617338042,POINT (-87.617338041997 41.790153719984),C,7,2018,03:00:00
c747f1fba8bb81a3f4c01d31314022a3bd77c39b320e63578e258052d32bcc00142c9054eaa63d000647b9b507649a90438ac5e55c73e48579a4f88e7a2e5f08,2019-05-09 05:00:00,RAIN,DAYLIGHT,WET,ON SCENE,05/09/2019 07:15:00 AM,41.78132233,-87.610678157,POINT (-87.610678156965 41.781322329952),C,5,2019,05:00:00
c9bb8a47eaf0f935dc39685c96fe170ab3345d9dba0b24c6898e982451bfe1a216cf0298b5d07169fa36bf0cecb353f2fe17fa975f346e40812071c7d19d1ee0,2015-11-19 23:45:00,CLEAR,DARKNESS,DRY,ON SCENE,11/19/2015 11:55:00 PM,41.760965626,-87.56214222,POINT (-87.562142219973 41.760965625983),C,11,2015,23:45:00
c92f8826d33033fc4199e7d5ec8402364ad5d1aa37382c2609a02ca9551c94c5375fc7c73e23c2fc20d2f2dbc068f9315d494fef942bc34fa5f77d8bc7d11584,2018-07-09 16:07:00,CLEAR,DAYLIGHT,DRY,ON SCENE,07/09/2018 04:07:00 PM,41.885453648,-87.6426193,POINT (-87.642619300002 41.88545364797),C,7,2018,16:07:00
c82f64448f259b71c7b39ec23ec5643e4183e2b0b912a37272270fbaab5734d3ccdabae556ee304d52d20fb4fa19c15815d7bf25b0a15581b54e34039f67764d,2023-04-14 11:30:00,CLEAR,DAYLIGHT,DRY,NOT ON SCENE (DESK REPORT),04/14/2023 12:00:00 PM,41.735617968,-87.682663369,POINT (-87.682663369002 41.735617967973),C,4,2023,11:30:00
ca26572e070cb421d0222574dfe46001bd618404f26a78d20006eed5b85a38e581f9404f4392544ba45d63ddf8292f574cc38efe5a94689e225a14d48d0a6ca8,2017-07-18 15:00:00,CLEAR,DAYLIGHT,DRY,NOT ON SCENE (DESK REPORT),07/19/2017 02:20:00 PM,41.854109895,-87.670850799,POINT (-87.670850798988 41.854109894957),C,7,2017,15:00:00
c8cf1fe47372af914eaced33ffcb54ccdcb4c7562929b5fa76defe101802c01f55114fdcda77337ea1095f68af3ab0c093ff2a1d90231a833db7d43794e2f6a5,2019-01-19 11:20:00,CLOUDY/OVERCAST,DAYLIGHT,SNOW OR SLUSH,ON SCENE,01/19/2019 11:25:00 AM,41.882211292,-87.710898608,POINT (-87.710898608036 41.882211292041),C,1,2019,11:20:00
ca66283d8d908c0d3e20bd1f763cfdd367d75ce9ec635dedc8bf7625ff94165780f107b63ebb8e35945bd2f10aa2373a5f889ac943b3e45a9d932f825fd1e49a,2017-11-27 17:00:00,CLEAR,"DARKNESS, LIGHTED ROAD",DRY,NOT ON SCENE (DESK REPORT),11/29/2017 08:35:00 PM,41.923739288,-87.648748983,POINT (-87.648748983048 41.923739288036),C,11,2017,17:00:00
c99d9fe99cb3f69b9042e99f6b9c68b825f143e9b84c27e82cc1451031acd876ff0261f2a484db613889932cda48507a2eae9e40bb0220af91fc78b2009a4790,2021-05-01 18:00:00,CLEAR,DAYLIGHT,DRY,NOT ON SCENE (DESK REPORT),05/04/2021 06:00:00 PM,41.89186947,-87.622748584,POINT (-87.622748583999 41.891869470026),C,5,2021,18:00:00
c99234a962921811d51809a6537793618527133570e4931ffb576eff7cc9c395baf47c6cb126bb2436c266443c489e03a6edc28b0e79d154964645a315cf7d28,2022-10-25 17:15:00,RAIN,DAYLIGHT,WET,NOT ON SCENE (DESK REPORT),10/25/2022 06:10:00 PM,41.853668536,-87.724957696,POINT (-87.724957695957 41.853668535989),C,10,2022,17:15:00
c94d2a968a92a723be7229088e2dc5798326751bb9aad9fb93b52d83b46549d92af73bc817efab54d4c7063e5503c1305963a14a47c4400455e6fb29e5855752,2019-10-17 17:30:00,CLEAR,DAYLIGHT,DRY,NOT ON SCENE (DESK REPORT),10/17/2019 05:30:00 PM,41.783962626,-87.683916666,POINT (-87.68391666596 41.783962625964),C,10,2019,17:30:00
c81472514929dee633ce801b898d7978e55a273ae4847ad3001385342874e9b3a47fe80336230c78f7a111c6b1cd85c855014f1f01fc545e326a6c59ccd0f7b5,2016-10-06 07:45:00,RAIN,DAYLIGHT,WET,NOT ON SCENE (DESK REPORT),10/06/2016 08:37:00 AM,41.8820229,-87.637081412,POINT (-87.637081411989 41.88202289998),C,10,2016,07:45:00
c89073d5f80ad1ae69c72273c90a4f2604f12d1d97193ea7e10c6759fe1431f4bf677486ac76dba3c3e954a70968deeef8bdb9fba350bcd352d045f8ea421ec5,2017-11-23 03:15:00,CLEAR,"DARKNESS, LIGHTED ROAD",WET,ON SCENE,11/23/2017 03:15:00 AM,42.0109408,-87.682754031,POINT (-87.68275403105 42.010940800028),C,11,2017,03:15:00
c87652d1f5ee6ed11d78ce7f28050b99cc8be40efd083d1516e2ad430cccfc64fd0bf73c90d7a3545505d7b4d55daca72240bc6f8bc0e2062892bcccc4f6260d,2018-12-04 17:00:00,CLEAR,"DARKNESS, LIGHTED ROAD",DRY,ON SCENE,12/04/2018 05:05:00 PM,41.750307763,-87.659234467,POINT (-87.659234466968 41.750307763011),C,12,2018,17:00:00
c84c28dbd6119a07e79c14ba26b119cbb39f9123e4e4e5ef97028a0f7c646bd72c1152784afce9fd2345b3bce42bd8b74b644b3fb1b3779fa95948465c4740c2,2021-02-16 14:45:00,CLEAR,DAYLIGHT,DRY,NOT ON SCENE (DESK REPORT),02/16/2021 03:15:00 PM,41.809949748,-87.616751825,POINT (-87.616751825028 41.809949747986),C,2,2021,14:45:00
c9231c8568f3476c896a43601139a41306c9b9c5fb9d992092160e52bd4aea298c44a42f0b983f652cffbc60cdb5dab44da88acbced8c478c99a6d2de6cbbb27,2020-12-20 09:04:00,CLEAR,DAYLIGHT,DRY,ON SCENE,12/20/2020 09:08:00 AM,41.885719361,-87.627792462,POINT (-87.627792461951 41.88571936101),C,12,2020,09:04:00
c9cc99d846d373a492d08258ac260006508a788abc11044aa6c46a05918260687179f379dbe30710a1dda526b44ff3ded63181e196568c351f2f8c7bbd8fc488,2020-12-29 19:17:00,SNOW,"DARKNESS, LIGHTED ROAD",SNOW OR SLUSH,ON SCENE,12/29/2020 07:25:00 PM,41.961238465,-87.713199375,POINT (-87.713199374979 41.961238465013),C,12,2020,19:17:00
c9f4c2fd784e688f638564a4620a65d087a4ae3bb547054535773013a81dd02ce833700411685a3d188ea8514e0f5c44a252c4a5f0dfe5100da0f8bc794349ac,2020-05-27 12:26:00,CLEAR,DAYLIGHT,DRY,ON SCENE,05/27/2020 12:26:00 PM,41.909596143,-87.739700644,POINT (-87.739700644014 41.909596142962),C,5,2020,12:26:00
ca48bdb27ff8b9833d47e681986d7213b9d66a1cc317be780469c3e7c7d65d9963705cd667b97e01674ae6faf7ce488f91752ae44de2dd92d4de717aebd6a49b,2018-11-28 17:40:00,CLEAR,"DARKNESS, LIGHTED ROAD",DRY,NOT ON SCENE (DESK REPORT),11/28/2018 05:55:00 PM,41.84434083,-87.711276265,POINT (-87.711276264979 41.84434082995),C,11,2018,17:40:00
c9aae7f54b54140a220065dbf426464a595c576c84d0a5ec5ad4c5cc2e477d49e1c5c7f0d7cc78089626aad445e710e2bbcad99f2c39243e743fbee7b8882ebc,2019-08-24 08:05:00,CLEAR,DAYLIGHT,DRY,NOT ON SCENE (DESK REPORT),09/04/2019 03:00:00 PM,41.954105717,-87.693290369,POINT (-87.693290369008 41.954105716988),C,8,2019,08:05:00
c8bf2098e15bfeac8c245b51280c47b7e34dc98b750e3860b0dfef7356885b36e8d4460b57d1f94235bdbc239e032b57a6d10e6e855b8a10b64f6069059becbc,2022-10-20 07:30:00,CLEAR,DAYLIGHT,DRY,NOT ON SCENE (DESK REPORT),10/20/2022 09:52:00 AM,41.87479856,-87.755004029,POINT (-87.755004029038 41.874798560005),C,10,2022,07:30:00
c8592c2a9ba743c2537631f52f0498ae13b2fd5886b15cbb3e28803882689eba60aff4d4f9e44fb3e96c3300d06de0ff03fc514619500f3a09d3901c67cc8484,2023-05-04 12:00:00,UNKNOWN,DAYLIGHT,UNKNOWN,ON SCENE,05/04/2023 04:50:00 PM,41.948253812,-87.714837924,POINT (-87.714837924003 41.948253811969),C,5,2023,12:00:00
ca811bd272312f5cc3f6eae1fc699e355ca635db7040cb8d7159ea1e60bc866d0fefbdf03bb535d3592bb70482ff02a6ab1d23deda244441b085977b06d1ac84,2018-07-11 22:30:00,CLEAR,"DARKNESS, LIGHTED ROAD",DRY,ON SCENE,07/11/2018 10:33:00 PM,41.675418672,-87.621103158,POINT (-87.621103158021 41.675418671961),C,7,2018,22:30:00
c903fb3dbb24e20581dd50de39dfcb21b36921c9c1ac069683ef756b739d7f1c0cf3ec409ff3a54ef2b711bd46f14ae431577b6cd193000bd6851d5735e56a6a,2020-12-22 13:15:00,CLEAR,DAYLIGHT,DRY,NOT ON SCENE (DESK REPORT),12/22/2020 01:45:00 PM,41.991867173,-87.755345739,POINT (-87.755345738978 41.991867173008),C,12,2020,13:15:00
ca4f48edb35652ae9d3cc36c366ae33510904c2c26618441db3b0f7cd4892e47252d149349c776fde391aa9cc776402844e1fd4fe58aaf4fc3ace0980a0c1f0b,2018-08-01 14:30:00,CLEAR,DAYLIGHT,DRY,ON SCENE,08/02/2018 02:35:00 PM,41.866693692,-87.671493236,POINT (-87.671493235971 41.866693692003),C,8,2018,14:30:00
caadf480852f376cc9ff53ce9ef47c07ff065cfb3ecc50654757ec3f9980de3d957bef602d287aace6ec0e1872fd30e0300fb06c21c8800cd52a9a2712976e55,2017-02-21 07:18:00,RAIN,DAWN,WET,NOT ON SCENE (DESK REPORT),02/21/2017 01:30:00 PM,41.897718077,-87.775087071,POINT (-87.77508707104 41.897718077013),C,2,2017,07:18:00