CRASH_RECORD_ID,CRASH_DATE,WEATHER_CONDITION,LIGHTING_CONDITION,ROADWAY_SURFACE_COND,REPORT_TYPE,DATE_POLICE_NOTIFIED,LATITUDE,LONGITUDE,LOCATION,CRASH_TYPE,CRASH_MONTH,CRASH_YEAR,CRASH_TIME
c98d553d2adfc684e7f6971a3810ee845a9cd4956b1ca2be6c7287257d07d541bc0114acb458f920b044ed9d5b611a2a5f5ad5bce84e2524b647cdbda1848af9,2022-11-17 18:00:00,UNKNOWN,"DARKNESS, LIGHTED ROAD",UNKNOWN,NOT ON SCENE (DESK REPORT),11/17/2022 06:35:00 PM,41.896393332,-87.654686711,POINT (-87.654686710965 41.89639333201),C,11,2022,18:00:00
c848113b6b4697899f5a631f0b62bdf6138381be5e63b544ff9f08314eb048f794e6717744c2d40169c4952cf58b66545e39160b9b5594932658a2addc54d2f0,2019-11-04 17:59:00,CLEAR,"DARKNESS, LIGHTED ROAD",DRY,ON SCENE,11/04/2019 06:00:00 PM,41.779764045,-87.648992733,POINT (-87.648992732983 41.779764045004),C,11,2019,17:59:00
c94c78d19ede7dcaf9a4b41e932cdd8547601bc7c054149328dd52f80ebbd48deaee88bc9e417e167fc1c09c789d7b0359ca6767da6d61df805a9700ea71b6a3,2023-07-14 10:08:00,CLEAR,DAYLIGHT,DRY,ON SCENE,07/14/2023 10:40:00 AM,41.968575824,-87.683979795,POINT (-87.683979795015 41.968575823977),C,7,2023,10:08:00
c9236973217eeefaa68ad977cd46c76f6d0fce9185c4a4872196a54cdb6b1ae9def8ebb51d471663b65eca583020afb7099cd0be34fa5a61dee36807ba740829,2022-08-22 16:30:00,CLEAR,DAYLIGHT,DRY,NOT ON SCENE (DESK REPORT),08/22/2022 07:20:00 PM,41.898711995,-87.73837944,POINT (-87.738379440019 41.89871199496),C,8,2022,16:30:00
c944906910c1ee12d7a8041927ecf05fab26f02c98485637a441f9ffac7aba117a23bfaefc9ab0426e3355f5ada37173a8975b003b987e9ae0c8b9a9ff2b76cf,2021-03-30 16:45:00,UNKNOWN,UNKNOWN,UNKNOWN,NOT ON SCENE (DESK REPORT),03/31/2021 03:25:00 PM,41.909919754,-87.731971257,POINT (-87.73197125697 41.909919754032),C,3,2021,16:45:00
c9cd6d15dcb5734ee01788f0d72b17a1363c36eba7c0ab089cd048b6cbadf86102a8f74d0eb5458443ed9aaba20cf4de99cd6c1a138caa3db8c89a805b1ffe41,2021-03-27 18:23:00,CLEAR,DUSK,DRY,ON SCENE,03/27/2021 06:23:00 PM,41.758275267,-87.616382997,POINT (-87.616382997002 41.75827526696),C,3,2021,18:23:00
cab4118928450f89cc88430c3da6c1e70279142ab8f2fc37386fa0d592c7dc317debc321e1c0170f961a0548a36f3842e7db4a20514335e248ded7455171873a,2020-01-25 14:20:00,SNOW,DAYLIGHT,WET,NOT ON SCENE (DESK REPORT),01/25/2020 03:51:00 PM,41.894989505,-87.761902885,POINT (-87.761902884992 41.894989504972),C,1,2020,14:20:00
c8d0e12f3e951bcd2ac39e16cbbfe64470657f0ebeaa4da864cf357aebc2cc581bfbc634d2f4bf0f4c8552b2e2129552d14f4757d1fa781d8f157d25826dc359,2017-10-19 13:30:00,CLEAR,DAYLIGHT,DRY,ON SCENE,10/19/2017 02:45:00 PM,41.722384436,-87.573330266,POINT (-87.573330266047 41.722384435986),C,10,2017,13:30:00
c851cb70c4cedb18006fcad64fd89b198041645df76715081bd94e936afe589608c91b2161704c95e463f1d110fc1b79627e79a63c6db302cbc0c17dab5ed72d,2022-06-01 11:55:00,CLEAR,DAYLIGHT,DRY,ON SCENE,06/01/2022 11:58:00 AM,41.989049878,-87.793483698,POINT (-87.793483697951 41.989049878007),C,6,2022,11:55:00
caa289d4f8440124ecd81f00f73192f9e73b98db3b45ca735b0dc9569d2d9c7c7b60bafafd2bd656b10f0fd1622db60fd68b0a9d80a8e1be56f625aceb3ca3f8,2016-10-28 02:59:00,CLEAR,"DARKNESS, LIGHTED ROAD",UNKNOWN,ON SCENE,10/28/2016 03:03:00 AM,0.0,0.0,POINT (0 0),C,10,2016,02:59:00
ca743aba62fc0f28e43ae586ce6335984890bb215d5879d8f8a3a384c39e64a9f1bbf0143939bde9aaaa6cd18e8cff7c4731e22a3c1c27572a09e7139de8ec76,2023-01-15 11:00:00,UNKNOWN,UNKNOWN,UNKNOWN,ON SCENE,01/15/2023 03:00:00 PM,41.797997236,-87.584164109,POINT (-87.58416410905 41.797997236026),C,1,2023,11:00:00
ca49744ab6436cf8522f9d366118e869975a719fd4c9a4c877d986adb5e051dffb6d6a06ba3112da75debe31f76e8138baf746a2cc64089318c652a125332333,2018-11-22 22:30:00,CLEAR,"DARKNESS, LIGHTED ROAD",DRY,NOT ON SCENE (DESK REPORT),11/26/2018 08:30:00 PM,41.794778764,-87.623828038,POINT (-87.623828038036 41.794778764028),C,11,2018,22:30:00
c8887c71496aa652932d831942eee2168b6ec1d22ed64b56f41f9abeadde10f8ad1e01a31427d6089629ba79c673249ab3092ff43ee29e9418b422af7b3e9f31,2018-05-18 11:45:00,UNKNOWN,DAYLIGHT,UNKNOWN,NOT ON SCENE (DESK REPORT),05/18/2018 12:10:00 PM,41.749362768,-87.605332981,POINT (-87.605332981011 41.749362768013),C,5,2018,11:45:00
c9af5cef33e98e722dbb6d75b992fbf36f031b3f8fbd99d4405fbbe8920beb2f550c8f04db18ac72c5086eef10c05bf3a5f77ff7ddc4a0cb7b9179ca551ae9b6,2022-10-09 06:04:00,CLEAR,"DARKNESS, LIGHTED ROAD",DRY,ON SCENE,10/09/2022 06:05:00 AM,41.945774599,-87.786184505,POINT (-87.786184505014 41.945774599022),C,10,2022,06:04:00
ca3858ac539e714145a8d5fbfa31be2beb36ae83486bfd04adf8c9662f039bac9485bf306edc8dfe6ea0fcc68c7edba4cc6c4cd3167d8a8abdd299ef74289d70,2021-11-25 12:26:00,CLOUDY/OVERCAST,DAYLIGHT,DRY,NOT ON SCENE (DESK REPORT),11/25/2021 01:20:00 PM,41.774744612,-87.650877487,POINT (-87.650877487004 41.774744611997),C,11,2021,12:26:00
c825c49b8db94c41e69c063024aa36ff9d3774db54c785a864c2c13559ee54df0092684f26668d0c183eab7ef2b7095d7dc686605bc6dd9887cd336e1b1eb346,2022-10-28 10:25:00,CLEAR,DAYLIGHT,DRY,NOT ON SCENE (DESK REPORT),10/28/2022 10:50:00 AM,41.990855948,-87.661722091,POINT (-87.661722091032 41.990855948025),C,10,2022,10:25:00
cab344cb5ff64c55ab3df1d6347db6c44556d9174ad67e8a0cfb38b497839c3f8432a4e7c3dd4f1fbf8d79bce7fe313289f0003b6881f872d763091e6f3cb376,2019-09-11 19:50:00,CLEAR,"DARKNESS, LIGHTED ROAD",DRY,NOT ON SCENE (DESK REPORT),09/11/2019 09:08:00 PM,41.720930072,-87.675096598,POINT (-87.675096597998 41.720930072023),C,9,2019,19:50:00
c978b59183232ef4e62496c64804124f09085dcb73573d4fcdb6a59ec6220b8aaea896fffbff468e62de0c752ac22037461f7b14f0ecd17c335cdafe8a21b1db,2016-04-29 10:40:00,CLEAR,DAYLIGHT,DRY,NOT ON SCENE (DESK REPORT),05/02/2016 09:30:00 AM,41.871237944,-87.684879627,POINT (-87.68487962702 41.871237944048),C,4,2016,10:40:00
c90bd35e6b28db27da6b8cc5039d3c63e095d7313db9dcbefef9e84aaaafd64d1171142b35ded0b442b69ffad5eec27faa9546192d2e180e277332c5b0966de6,2023-02-10 21:00:00,CLEAR,"DARKNESS, LIGHTED ROAD",DRY,ON SCENE,02/10/2023 09:09:00 PM,41.911262747,-87.635751572,POINT (-87.635751572022 41.911262746962),C,2,2023,21:00:00
c7f33f37a6ad8f62d3128bf22861b25f6028640613858af6d605c02697175bc13bc7df9de888b817e161093e6e67bd2c2f468e4f05f5f2859dc0bd3a04b2461d,2018-08-04 22:15:00,UNKNOWN,UNKNOWN,UNKNOWN,NOT ON SCENE (DESK REPORT),08/04/2018 11:00:00 PM,41.874590031,-87.633704185,POINT (-87.633704184958 41.874590031007),C,8,2018,22:15:00
c9b8fff05b2e5d921930627f1b22a7c67c70b2d78320a41a8902423438fdb181bd04a95b2d8e484c942bdef71a79aeaaf6a5527727f0831d7fd98d39db1b46ef,2022-10-13 14:05:00,CLEAR,DAYLIGHT,DRY,ON SCENE,10/13/2022 04:10:00 PM,41.743429654,-87.64635238,POINT (-87.646352379965 41.743429653988),C,10,2022,14:05:00
c88c26d6ae529a8aedd7be493f906d8a3ffe94c5224dfbd0a5f79dfa224ef42bebf5e7c4f4f8906849320c69c36aed42f96dc0fa8345a02ab5c5c0d7d9cb8e04,2020-08-14 18:45:00,CLEAR,DAYLIGHT,DRY,NOT ON SCENE (DESK REPORT),08/14/2020 06:50:00 PM,41.961238465,-87.713199375,POINT (-87.713199374979 41.961238465013),C,8,2020,18:45:00
c858a240502c20564fdb60cee1e2e9d9af0fe437f8632e24935fad245a189a58543021eacf68c6c27fd59757d0673b1141aac3bc4756fffef153e7f419dc996a,2018-01-22 19:00:00,CLEAR,"DARKNESS, LIGHTED ROAD",WET,NOT ON SCENE (DESK REPORT),01/22/2018 09:15:00 PM,41.969261067,-87.650422729,POINT (-87.650422728959 41.969261066974),C,1,2018,19:00:00
c9aea5fbcc8e03c9bf1d2f7db9fc2737d9afa13e55d0e581cab59d62e016c93f9787b3120befa68475c359e847656a7b8f1168276c80f8e609076205b9407423,2021-11-08 15:40:00,CLEAR,DAYLIGHT,DRY,ON SCENE,11/08/2021 09:09:00 PM,41.917037021,-87.72799573,POINT (-87.727995730029 41.917037020963),C,11,2021,15:40:00
c994fbf4dcae5a709637ce7011fd6fc530128d8e5380d278a109805f4a918415160b28cfb098ac099d736f87bd68ab71cab72d0b635d7555087bd650cff016c5,2018-08-29 07:30:00,CLOUDY/OVERCAST,DAYLIGHT,DRY,NOT ON SCENE (DESK REPORT),08/29/2018 08:42:00 AM,41.885556772,-87.666836559,POINT (-87.666836559011 41.885556771969),C,8,2018,07:30:00
c911108e253a01cca339b6026eee1d10e7a02ef808d38942996e7a615d3ee714663bacfdda4aa65a20b3b66ef5d1b24b293ee10bec9591f48717bceed5b273d3,2021-09-23 18:30:00,CLEAR,DAYLIGHT,DRY,ON SCENE,09/23/2021 06:39:00 PM,41.735634268,-87.682733396,POINT (-87.682733396015 41.735634268007),C,9,2021,18:30:00
c926f5e35569d59cc1ca900dfa80a7d0f8d69e28aed2186b7ad935df962f01900c5cecb6d24cc8c2e6de68581e47f21790c9b5771c217765846fbc299290d72a,2022-10-30 05:11:00,CLEAR,"DARKNESS, LIGHTED ROAD",UNKNOWN,NOT ON SCENE (DESK REPORT),10/30/2022 06:35:00 AM,41.917103631,-87.687248767,POINT (-87.687248767006 41.917103631009),C,10,2022,05:11:00
c838152121b62523d7b8cfbe81d3fedbdf3c0b955a7667338152a794dd4865db21b3ac2dd9986811bb8a3542630463b98de4e37393033dc4b7f249386c99a553,2023-04-16 12:58:00,RAIN,DAYLIGHT,WET,ON SCENE,04/16/2023 01:40:00 PM,41.941564926,-87.723444043,POINT (-87.72344404299 41.941564925977),C,4,2023,12:58:00
ca7181df60b93d609811cb609482f1580fe8b6a43ef2dd2ee882a675ed8c87eeaec900788993fdafe1313a3010f5d5c6b11bdf31b18f0e2ca271e3219d47549c,2020-09-18 12:40:00,CLEAR,DAYLIGHT,DRY,ON SCENE,09/18/2020 12:45:00 PM,41.960532229,-87.767097026,POINT (-87.767097025983 41.960532228999),C,9,2020,12:40:00
c8a3f5d4455073b0533992ac87c11b0f51bce736393a9840479c8371209af9e525158f3463e14ab634a9bd082fc3651dca24fe18f8dd4095338f7831c68b55a0,2018-12-24 16:45:00,CLEAR,DUSK,DRY,NOT ON SCENE (DESK REPORT),12/24/2018 06:05:00 PM,41.945612913,-87.781249472,POINT (-87.781249472044 41.945612912979),C,12,2018,16:45:00
c8c8147e63c5298596de82327a14a3b79c95f176211d9f1990f440e50f0bb2eabdd8f41fca5496d11128998c93128c7c3bb12579a145f75eee54de158f9c0a86,2018-02-12 08:45:00,CLEAR,DAYLIGHT,SNOW OR SLUSH,ON SCENE,02/12/2018 08:50:00 AM,41.749903242,-87.707348392,POINT (-87.707348392008 41.749903241984),C,2,2018,08:45:00
c85a49a41d772cda2b70ef036143a4bf6c8312a196e85bbdec8448076fdfc79ac6b673288d82501cca0843d23a5888b68f27efa60d172ce36bf9f4801024ecb0,2022-07-28 15:30:00,CLEAR,DAYLIGHT,DRY,NOT ON SCENE (DESK REPORT),08/08/2022 05:02:00 PM,41.915879129,-87.674917524,POINT (-87.674917524031 41.915879128978),C,7,2022,15:30:00
c9b789bfb0c2c1299ad378ddad635ad4312af27c145b0cd0c40d4732fa9747da78b80f4c178479c9b5949ae1673fd297d14e5dbebbafa501336f0ab29f3b7f2e,2021-06-24 22:30:00,CLEAR,"DARKNESS, LIGHTED ROAD",DRY,NOT ON SCENE (DESK REPORT),06/24/2021 11:00:00 PM,41.998284493,-87.682440904,POINT (-87.682440903997 41.998284493043),C,6,2021,22:30:00
c89f827a9a2a3c92559c7e430dd237ca5d938d23ec4d74f7a915c883e3b888dbaadc3e46e77706da76dd9f29a7e81d9726ec9b1588d539018e430b8b861754d6,2021-06-04 10:45:00,CLEAR,DAYLIGHT,DRY,NOT ON SCENE (DESK REPORT),06/04/2021 11:00:00 AM,41.917765793,-87.761039505,POINT (-87.761039505034 41.917765793034),C,6,2021,10:45:00
c83f958a5659f24800a013130668089bd1e158894c543e7342068f0a34edf9a2c4977a7b1b1dd607932d2e7a4d7fb40b4ff286794f530a1b6d28ade0ffe53bb8,2018-01-31 02:30:00,CLEAR,"DARKNESS, LIGHTED ROAD",DRY,NOT ON SCENE (DESK REPORT),02/01/2018 11:00:00 PM,41.75869138,-87.60533417,POINT (-87.605334170015 41.75869137995),C,1,2018,02:30:00
c7ef6eedfee1390c9400b16b7189a4d6705325c7fc37bd954a14ebd04d175a8dd3d1eb1892034b4cdf4ab13a177a577c94fa591ef8ac76481bb584dd9148fb5a,2017-10-15 21:30:00,UNKNOWN,UNKNOWN,UNKNOWN,NOT ON SCENE (DESK REPORT),10/16/2017 12:46:00 PM,41.673401606,-87.633195466,POINT (-87.633195465966 41.673401605975),C,10,2017,21:30:00
c7d84c9f2043295b4c746fc5674f49074308d47e37e0dffa4e3c63a10f0985618138d913e122e0dc3a1c5cf1e4d27c9cbf0cfe4565ced59e2462a86ae9499535,2021-04-25 09:58:00,CLEAR,DAYLIGHT,DRY,ON SCENE,04/25/2021 09:58:00 AM,41.878390352,-87.757767275,POINT (-87.757767275028 41.878390351978),C,4,2021,09:58:00
c920bf2cde1a040e450375dea1d3f9f7c8ef5159e6ee084436b3b06c9962ee1a4d26a4889c67121e8abee8fc607eca4d7f58b6697776db6f4e795ec5f22289a2,2016-10-07 10:50:00,CLEAR,DAYLIGHT,DRY,NOT ON SCENE (DESK REPORT),10/07/2016 12:05:00 PM,41.875008491,-87.673536864,POINT (-87.673536864033 41.875008491025),C,10,2016,10:50:00
c95e3c39f4ba844446642252f984340a0cefabd5ac240d4afe698410e7f40c977ab97a8c0120afe5b2ce57dac0971c4560ddd9646b29d24c6b8ab711ab63f82a,2018-12-31 08:07:00,RAIN,DAYLIGHT,WET,NOT ON SCENE (DESK REPORT),12/31/2018 09:56:00 AM,41.8820229,-87.637081412,POINT (-87.637081411989 41.88202289998),C,12,2018,08:07:00
c9f94eebcb6b0614680174fb5d06983ef5f17c90c7d8cb03e01921b797a37682e47d1d67f48de76055f0fc14db1095ee5b4cced4baca5d850c9cf00d85001795,2017-11-20 18:45:00,CLEAR,DARKNESS,DRY,ON SCENE,11/20/2017 06:57:00 PM,41.751670691,-87.598995591,POINT (-87.598995591008 41.751670691027),C,11,2017,18:45:00
c9ab9e4289ca53cc122c7a4e395e7939f324a00988ef0acd5f92aaa1ff67e51444233753e387e46d8defecf841c6ac94854205185e34b4bad0606746655c86c0,2020-08-30 02:30:00,CLEAR,"DARKNESS, LIGHTED ROAD",DRY,ON SCENE,08/30/2020 02:30:00 AM,41.777719582,-87.631614167,POINT (-87.631614167004 41.777719582009),C,8,2020,02:30:00
ce8f946daf7fecb3c52f11234a2b09af8b5288d6f69861567ac4c90f4c427cabb64dd1128e54bef1486a73fb637ca60981113d2239f7e73ec6bdb6e1c6051822,2022-11-05 09:00:00,SEVERE CROSS WIND GATE,DAYLIGHT,WET,ON SCENE,11/05/2022 09:12:00 AM,41.780539345,-87.71267832,POINT (-87.71267832004 41.780539345048),C,11,2022,09:00:00
c7db717a8ca8856e5c63e03c118a08ef834df6a2e0054072f38cc77f961268e747e4860a6758fbd0d204803f1f5f352f094d2e72399d832ac5c6b7f72c5b6773,2023-01-27 22:11:00,CLEAR,"DARKNESS, LIGHTED ROAD",ICE,ON SCENE,01/27/2023 10:54:00 PM,41.885583712,-87.658758596,POINT (-87.658758595989 41.885583712016),C,1,2023,22:11:00
c7f36a8c946300721879a5d83a97e6019d0a07aea7a7efbcce7fb3b4526e99872f3adf0a902b51483783dbd8618746fc9fbe293929b24cb3b90deb524407461e,2022-05-05 01:07:00,CLEAR,"DARKNESS, LIGHTED ROAD",DRY,NOT ON SCENE (DESK REPORT),05/05/2022 01:07:00 AM,41.925150202,-87.711971971,POINT (-87.711971970977 41.925150201976),C,5,2022,01:07:00
c80d7093f584367b68d3642c06f5ee0fdc9f2ba2a6541ead76d9cd58e69870db960f7be79b571d7571379444c5a0b942c1e59015876552cd3aef9b6e9b10c5c0,2020-07-26 13:30:00,CLEAR,DAYLIGHT,DRY,NOT ON SCENE (DESK REPORT),07/26/2020 03:53:00 PM,41.758245505,-87.626521907,POINT (-87.626521907009 41.758245504966),C,7,2020,13:30:00
cba243a82ec253480a925b79167719d96d22bbe26be85d6cd784a53c4fb0bde594cd1c803c3812aef4f6aaa5be0006c7a426ae6f39ad8f416118704bee18dab2,2022-01-21 15:00:00,CLEAR,DAYLIGHT,DRY,NOT ON SCENE (DESK REPORT),01/24/2022 09:30:00 AM,41.770033146,-87.684296137,POINT (-87.684296136991 41.770033146027),C,1,2022,15:00:00
cb6b084d01c8578202e84f7603456a67bcbddec7c795a6302e9f1f0195d5ceded50593c7d86a11a36ede6cbe0ac12740f70acd80b3cc6013301aa80b4c38addc,2022-01-13 21:20:00,CLEAR,"DARKNESS, LIGHTED ROAD",DRY,ON SCENE,01/13/2022 09:25:00 PM,41.794602529,-87.742607215,POINT (-87.742607214988 41.794602528951),C,1,2022,21:20:00
cd3de2ac7c8cbfcc8f1f072665a382e7c6a66e8e7a0db3f5714733175d6817a5ca5fb5c8540a938be3f6c3224a24f07161926484423c07a07780168b03a5613a,2021-09-17 12:06:00,CLEAR,"DARKNESS, LIGHTED ROAD",DRY,ON SCENE,09/18/2021 09:49:00 AM,41.857706952,-87.704063906,POINT (-87.704063905985 41.857706951989),C,9,2021,12:06:00
cc0e4375f08ec78de5863a14113d7d0bc9fc73f4f99fc9d2cdcb0bb6af6b9f8e6561f306e058c070e96e3a9f819dd2bf1e0d078240d5373ce9ecabcde4ca0cca,2023-03-22 19:30:00,CLEAR,"DARKNESS, LIGHTED ROAD",DRY,NOT ON SCENE (DESK REPORT),03/22/2023 08:29:00 PM,41.750004047,-87.551375169,POINT (-87.551375168976 41.750004046992),C,3,2023,19:30:00
cd99a6e391ce9a22ad1b1c728e23a25552feee6b31e415a0e8bc899fe86fd3ae6be5c12235245c349297d949591451318f25be30648ce2e6b69a065554d1180b,2022-01-25 20:00:00,CLEAR,"DARKNESS, LIGHTED ROAD",ICE,NOT ON SCENE (DESK REPORT),01/26/2022 02:35:00 PM,41.720830381,-87.681745758,POINT (-87.681745757954 41.720830381015),C,1,2022,20:00:00
cbbadf30ca9132030d2bd8d9c898548999902fa02adc0f7c9a2c22fa5b278826bf6ff8b9a512ec76357e99f657ef4fccbf39f8c3ef9e74db8654a438e3db24c8,2019-05-17 15:00:00,CLEAR,DAYLIGHT,DRY,ON SCENE,05/17/2019 03:03:00 PM,41.996445554,-87.764251405,POINT (-87.764251404986 41.996445554037),C,5,2019,15:00:00
ccb08b6ba6e754ea32dc99e4a297bb6d760c451ab740add98cd9afe8a24e1fa412bcca64c0f9d71d5751fa91e76cd8695d45762c16cdc248a8df6a3dc027a6ea,2017-07-27 07:00:00,CLEAR,DAYLIGHT,DRY,NOT ON SCENE (DESK REPORT),07/27/2017 08:30:00 AM,41.876926589,-87.745039137,POINT (-87.745039137038 41.876926588953),C,7,2017,07:00:00
cc302b131afec7b383b6c1b35fdc7cceb3bf2ac3a0cf431a55938af4fd65b7d8fb734ec3942e2dbb0336186995ab98d29ffc7b9c9006468412f6b78a29bd8126,2018-11-07 12:20:00,CLEAR,DAYLIGHT,UNKNOWN,NOT ON SCENE (DESK REPORT),11/07/2018 01:50:00 PM,41.962630019,-87.650430429,POINT (-87.650430428964 41.962630018961),C,11,2018,12:20:00
cd3fd9c8b274afcab7e0118f29b3c65c9183fe1c6b2af2ec31f6d4224459fceaeba367c9a617b2b1db8ce2de3f6555071dedde2968e9da48851aab02fe126ce2,2017-10-13 18:00:00,CLEAR,DUSK,DRY,ON SCENE,10/13/2017 07:04:00 PM,41.739324178,-87.721732697,POINT (-87.721732696952 41.739324177957),C,10,2017,18:00:00
cab6d959820ad5755c1b0a5a39dd6f7537ebf4b5115691ed7a640cbfe344ddf513512dae7142d378dd628abb7672a038791b8457eb0ea73772f465872a0be178,2022-06-24 10:40:00,CLEAR,DAYLIGHT,DRY,ON SCENE,06/24/2022 11:03:00 AM,41.830728826,-87.655813252,POINT (-87.655813252029 41.830728825995),C,6,2022,10:40:00
cd62f9da7cc1d8443b5aa594776f76614676bb6e454533657cba3179c8ffc8e649c7e780b1509818478510d698271e41512f4835fcd981ed66c9fd08f79cfbdd,2016-12-29 04:00:00,UNKNOWN,"DARKNESS, LIGHTED ROAD",DRY,ON SCENE,12/29/2016 06:25:00 AM,41.891450046,-87.750076569,POINT (-87.750076568954 41.891450046032),C,12,2016,04:00:00
cd2770d0cd853f85525fb62cd01a5f29082aa6733520ef261191c0202580ff0841970a47080b809a8da68f26ec243e392ca66e9a4bf7987b346677e9f83096b2,2017-07-21 08:00:00,CLEAR,DAYLIGHT,DRY,NOT ON SCENE (DESK REPORT),07/21/2017 12:35:00 PM,41.757660362,-87.662872722,POINT (-87.66287272198 41.757660362002),C,7,2017,08:00:00
cb3804047be36a565cf25b5f3a77eacd2d3caeb05a9a8d9b04613fe18f4cccdc617f46c4aff3809f73d6bbb3849974d7beb51ae47c95c3b22c1de1142deeeea4,2023-01-24 11:00:00,CLEAR,DAYLIGHT,DRY,ON SCENE,01/24/2023 01:00:00 PM,41.932284772,-87.721947344,POINT (-87.721947343978 41.932284772001),C,1,2023,11:00:00
cc6319d6092e72b7f20a5a87a2f5a981710b89585edff8de54a7a12deb3de385d27de94d5478d20e43b380b245efad4b8da3c2e509fcf449b3b45b2abc95494d,2022-07-02 17:50:00,CLEAR,DAYLIGHT,DRY,ON SCENE,07/02/2022 05:50:00 PM,41.872497742,-87.725253192,POINT (-87.725253192011 41.872497742004),C,7,2022,17:50:00
cd4a59c43f9c677502a9337563c174f815c756d373b5561f62bd06ba4e961b39baaed30c7dc30d5e5072ce5204f1fcfcec2abc1277f4d478e96a34b822dad1d5,2022-07-06 21:32:00,CLEAR,"DARKNESS, LIGHTED ROAD",DRY,ON SCENE,07/06/2022 09:32:00 PM,41.869208386,-87.771660883,POINT (-87.771660882989 41.869208385957),C,7,2022,21:32:00
cc8f94884e555b60ebb6dd8db3d91cb9887ae1e8d907e2e46b6b5101c117faf4ab2260e4e9ab563f15fd2f8e50b35cac7647e326c4fcd2184a5afdfd14811519,2018-02-15 09:15:00,FOG/SMOKE/HAZE,DAYLIGHT,WET,NOT ON SCENE (DESK REPORT),02/15/2018 01:00:00 PM,41.920676631,-87.775630269,POINT (-87.775630269041 41.920676630982),C,2,2018,09:15:00
cd010939cdd25e70fa55d281712edfda6cfa1195e21f0bea09475a6d9bebad7316c2ca1c6e58ef0d0b3dd747c478ba18f7d882392fa962fe68395463cde68e21,2023-01-29 09:00:00,SNOW,DAYLIGHT,SNOW OR SLUSH,ON SCENE,01/29/2023 11:27:00 AM,41.735447546,-87.68054453,POINT (-87.680544529968 41.735447546029),C,1,2023,09:00:00
cb06fdd57c2e5f60098eeba64657d69083350492421162c2725ec9082fa73e4cb41a9811d4394386a3c3ed03d4400d1db0308b68fb4a564505f9c48827a03f64,2017-12-01 17:15:00,CLEAR,"DARKNESS, LIGHTED ROAD",DRY,NOT ON SCENE (DESK REPORT),12/02/2017 11:10:00 AM,41.888103289,-87.76498596,POINT (-87.76498596003 41.888103289002),C,12,2017,17:15:00
cccac1d19d9c2247cb45bff44be0cc6aa38aad16813ac75c4a257dc78625af778ead2c19e34076ed75b5ec88a09830c06e561ec2f9a8e45a8b70dcf24ea912f7,2019-04-16 15:00:00,CLEAR,DAYLIGHT,DRY,NOT ON SCENE (DESK REPORT),04/16/2019 03:20:00 PM,41.985976968,-87.78782345,POINT (-87.787823450015 41.985976968036),C,4,2019,15:00:00
cc11278d8fde7eb78fd936cbf34487ad7aab78e655930f65b2c4793771d2d37d23bf55d57f1b865186ac17246d186946f523e1e0801f7d70545035b86244c70c,2017-12-03 19:30:00,CLEAR,DARKNESS,UNKNOWN,NOT ON SCENE (DESK REPORT),12/03/2017 07:53:00 PM,41.946909114,-87.683469891,POINT (-87.683469891004 41.946909113959),C,12,2017,19:30:00
cba0996cf83b027cbae38579bc81c42feff4d2f1f50018bf7c9f43f9dbf90088416ee53a507962d9ba5120158b79d66fcd2e97964ab6b3afa67da893b9135b4f,2019-03-02 09:00:00,CLEAR,DAYLIGHT,UNKNOWN,NOT ON SCENE (DESK REPORT),06/20/2019 02:30:00 PM,41.749362768,-87.605332981,POINT (-87.605332981011 41.749362768013),C,3,2019,09:00:00
cb3d17fd552716e0894f0c320d54173c6574e532559bdce1981581f7c8e0dcc05b3e2f9818a2fbad5d52f75c7fcec7b444bdeef38dcbc1624b2d867d1be2b8f2,2022-09-17 04:31:00,CLEAR,"DARKNESS, LIGHTED ROAD",DRY,ON SCENE,09/17/2022 05:29:00 AM,41.740315055,-87.621241641,POINT (-87.621241640965 41.740315055026),C,9,2022,04:31:00
cc5f6570d08e76ab9c4cca7035fe7f74be29a690e2e14319788a0f3f05a8109150dd85ec6c9c7728aa10cd4115af76a312f51d5ad5263d28b10dfa01aa9b6551,2018-10-14 18:45:00,CLEAR,DUSK,DRY,NOT ON SCENE (DESK REPORT),10/14/2018 07:30:00 PM,41.743527297,-87.640632683,POINT (-87.640632683016 41.743527297021),C,10,2018,18:45:00
cd81a4f21e4f7185d41b8e57b064d8689500a661ce102c7b08e0c0b0129fa17af25b4646862b4fdbd78cbf71affa9f8ec18e1107668856f5e5b5951d69c6f6f0,2020-05-08 08:00:00,CLEAR,DAYLIGHT,DRY,ON SCENE,05/08/2020 08:15:00 AM,41.898341319,-87.618057856,POINT (-87.618057855957 41.898341319021),C,5,2020,08:00:00
cb621c0887dfef11188ad62e56e539c8fcfca7a4b18c8471be8f79c74f8e6660c202a7c17eae95c7631c6ed3683015d9fa7955a5be4c5fb8aed9a0342645e44e,2020-05-23 21:30:00,RAIN,DAYLIGHT,WET,NOT ON SCENE (DESK REPORT),05/24/2020 07:47:00 AM,41.87479856,-87.755004029,POINT (-87.755004029038 41.874798560005),C,5,2020,21:30:00
cd38f01b2fc948ba02fcb46338c694e048b2f09cd4298232351fb4289c6a78b5ca45c75afa37d614a9037a04ca76bc1379dd05c51c2bb12dc39a7f280d965d99,2021-08-25 22:00:00,CLEAR,"DARKNESS, LIGHTED ROAD",DRY,NOT ON SCENE (DESK REPORT),09/06/2021 11:05:00 AM,41.891955277,-87.617777237,POINT (-87.617777237011 41.891955276985),C,8,2021,22:00:00