CRASH_RECORD_ID,CRASH_DATE,WEATHER_CONDITION,LIGHTING_CONDITION,ROADWAY_SURFACE_COND,REPORT_TYPE,DATE_POLICE_NOTIFIED,LATITUDE,LONGITUDE,LOCATION,CRASH_TYPE,CRASH_MONTH,CRASH_YEAR,CRASH_TIME
ccba702b893038508331eb6b47741b6f147e734c2e552afe7bd0f6eff456ef3463f57efb804d7508ee662b37f55914b9c51fd04eb527de6a45ece69fcaf5f8d4,2023-01-27 00:45:00,CLOUDY/OVERCAST,"DARKNESS, LIGHTED ROAD",WET,ON SCENE,01/27/2023 01:09:00 AM,42.006801604,-87.661457734,POINT (-87.661457733969 42.006801603988),C,1,2023,00:45:00
cc3e9de2db078c5cdcb9c3a409044f21953a6619f30972a501dc81502f30fb43ba203e499114d06c33346ee69dc0460944927eca43eed96cfd0f46bcadd035a0,2022-10-30 09:00:00,CLEAR,DAYLIGHT,DRY,NOT ON SCENE (DESK REPORT),10/30/2022 02:00:00 PM,41.797997236,-87.584164109,POINT (-87.58416410905 41.797997236026),C,10,2022,09:00:00
cb5790ea80508e34e6dc74fb8dcacd14a65e80c65c6cd0f6c569686d7b8212751c1cc2aab37fc36dd86cc3fdbd07ea5ecd4a37835753664f42da097bd0c20e57,2021-09-09 11:38:00,CLEAR,DAYLIGHT,DRY,ON SCENE,09/09/2021 11:39:00 AM,41.894614416,-87.639438496,POINT (-87.639438496024 41.894614416018),C,9,2021,11:38:00
cd114f16a7e4cf54988ceb702774a000bd0a88ca755b7b505d76d46d3098df06410db1284be913be36e436d579c5ca7242195cd77c552fa06dfada4c30a5848b,2018-06-04 16:03:00,CLEAR,DAYLIGHT,DRY,ON SCENE,06/04/2018 04:15:00 PM,41.692352833,-87.633466506,POINT (-87.633466506035 41.692352832956),C,6,2018,16:03:00
cd29cf711aa0223ec6daa0036e99d7e6443264e6c7ed1bbd95e79f1acd035a4c2c1aec0a55e83718c10f883f324db6f3472327c62cee1596dcd75dfc56c6973e,2018-08-12 16:40:00,CLEAR,DAYLIGHT,DRY,NOT ON SCENE (DESK REPORT),08/12/2018 05:50:00 PM,41.903807156,-87.706672797,POINT (-87.706672796958 41.903807155969),C,8,2018,16:40:00
cba50f6d22bcdf93825549be0f679ac918ed1d50a0a700be46b49212842838dfbd134201f9efbe0ec33276c3eab6fd0bb8ffd9c4701c8efef534f0c25b45e96b,2019-09-19 15:04:00,CLEAR,DAYLIGHT,DRY,ON SCENE,09/19/2019 03:16:00 PM,41.891621161,-87.624253929,POINT (-87.624253929022 41.891621161011),C,9,2019,15:04:00
cc7ea6e180bf874fe6c8ffb9c8d5afdc6c454cb5a5994af406923a449b3ed6037c3256177d0a8a863aa21fc2cb8aa27950dfbbbf5724bde0063b82c5c384dd96,2019-05-01 19:00:00,CLEAR,DAYLIGHT,DRY,ON SCENE,05/01/2019 07:08:00 PM,42.012693857,-87.678045875,POINT (-87.678045874987 42.012693857007),C,5,2019,19:00:00
cb0ca53f1a6b814266857844eeff51de8292acf0d12fff544b50f88d89fdc800f03c43911fdbabf5cff3379938e0b1615bdb60a94b8dd8426cc55eedea8380ec,2018-10-31 23:25:00,CLEAR,"DARKNESS, LIGHTED ROAD",DRY,NOT ON SCENE (DESK REPORT),11/01/2018 12:25:00 AM,41.741803599,-87.740953582,POINT (-87.740953581987 41.741803598989),C,10,2018,23:25:00
cc0ea1f0a28a7490e7320c7620ed7686305a37637e572617616463872fff733ee0a43d412958b0b3e7fe6402e88487c2fbb343f9dcf6c870c6127981238a0b52,2017-09-14 10:20:00,CLEAR,DAYLIGHT,DRY,NOT ON SCENE (DESK REPORT),09/14/2017 10:55:00 AM,41.779177853,-87.65069907,POINT (-87.650699069958 41.779177852973),C,9,2017,10:20:00
cb482dba16a10dab4fa839f90bf0bc5e7ac78b4bba747bebf5496086dff09d16bae34af821af8a0c665252b2bd4a5d86c176c78a4a21dfc2cb3ba56433e5749b,2023-03-03 13:30:00,UNKNOWN,UNKNOWN,UNKNOWN,NOT ON SCENE (DESK REPORT),03/03/2023 02:00:00 PM,41.905697826,-87.629704561,POINT (-87.629704560956 41.905697826047),C,3,2023,13:30:00
cba72af15b3b1d266ce675b98e19c3cf8b1c2ef0c94da537eacadb3abf8fca7d677b64391f6dcf6e44c15c94ae81415a24b8b8684787ac98e42f31f7c52a9f05,2021-05-10 09:13:00,CLEAR,DAYLIGHT,DRY,ON SCENE,05/10/2021 09:27:00 AM,41.700572074,-87.619787564,POINT (-87.619787563992 41.700572074027),C,5,2021,09:13:00
ccf1034b15b7add9dcc968dd0ffb0d08d485e89340781fdcaa02e221e5bbe146ef86a8e3da9337e8e3db70ba598454967c841e9fe16f5b2ae7cbe05ecd488f4a,2016-05-19 15:15:00,CLEAR,DAYLIGHT,DRY,NOT ON SCENE (DESK REPORT),05/20/2016 12:30:00 PM,41.860260262,-87.623841742,POINT (-87.623841742029 41.860260261961),C,5,2016,15:15:00
cc4ee0011e28113ca80690d6b4948b744d8b576b7e674c405507e421716385f7af9f516a8ccfcf21655dae259a0db36dfc0d63a81124a44dac690780af4e05a2,2018-04-14 22:00:00,RAIN,"DARKNESS, LIGHTED ROAD",WET,NOT ON SCENE (DESK REPORT),04/14/2018 10:13:00 PM,41.945132845,-87.654676992,POINT (-87.654676992044 41.945132844962),C,4,2018,22:00:00
cbd316eed4b87e8038045a15602f1576251aaf619f8dd31111942b315b43110319d9d8a3b758f6e86e29a4955ac352b9fddfaaae2d436268028394b919b6e791,2021-11-25 19:18:00,CLEAR,"DARKNESS, LIGHTED ROAD",DRY,ON SCENE,11/25/2021 07:21:00 PM,41.713321415,-87.625009565,POINT (-87.625009564981 41.713321414996),C,11,2021,19:18:00
cbb78b17fe59f6de3841100e8b7db15a73b37fef3787fd3c39f063f280ffbd56683559c84bc56ead9199195443cd7a5d39a26a43b31f8cea7b95f7fca04b7bd7,2022-01-18 17:02:00,CLEAR,DUSK,DRY,ON SCENE,01/18/2022 05:04:00 PM,41.92386239,-87.780518942,POINT (-87.780518941961 41.923862390023),C,1,2022,17:02:00
cbad920905070aff3f5d6635ed6cd38f15919a37c9775479d33d1a7f3a5bd972a316552bd633dd31da4d8fd05d2817e743ec5b98eda8ac06e09339410f835aa8,2020-05-01 05:36:00,CLEAR,DAWN,DRY,ON SCENE,05/01/2020 05:40:00 AM,41.766289531,-87.690565713,POINT (-87.690565712984 41.766289530962),C,5,2020,05:36:00
ccbd68aec8a40a0abf2c94c835888d537f31c0e08faf99ad188360ef0496fc3876b0bacc54b85f9c475ce6b88ed27208f32bc2df56746d0147e1fb2a91fd68c7,2021-07-28 16:10:00,CLEAR,DAYLIGHT,DRY,NOT ON SCENE (DESK REPORT),07/28/2021 05:30:00 PM,41.779853803,-87.631809648,POINT (-87.631809647996 41.779853802992),C,7,2021,16:10:00
cacb2939271a06289290eea7ceebba7547b62b5861fdfca15c8611178dd0417714ad05790da07b7e1b6d388c7e6c4007e5fd6418663648db9de93c1780d94b4a,2022-08-10 06:00:00,CLEAR,DAYLIGHT,DRY,ON SCENE,08/10/2022 06:50:00 AM,41.747448868,-87.58434472,POINT (-87.584344720021 41.747448867961),C,8,2022,06:00:00
cd3b2e04349ae9fc4a1be514e9edb5866fffa230240962395c10e2851d21c578ec94b04ff5ec7e050ff34609c300f77b2114fc3b547cdf0c7b1073ce7b278da6,2022-05-28 02:23:00,CLEAR,"DARKNESS, LIGHTED ROAD",DRY,ON SCENE,05/28/2022 02:25:00 AM,41.76718462,-87.692946494,POINT (-87.692946494005 41.767184619986),C,5,2022,02:23:00
cad1755ded1514fbe9920e302cc523ed1a6819dcfe984429a9bc51753bd90859c77b74ce248f056b923b8cec34de50625b67eac4a8e4bfaa2bd690432d92fbad,2018-12-28 22:30:00,SNOW,"DARKNESS, LIGHTED ROAD",WET,ON SCENE,12/28/2018 10:33:00 PM,41.677344191,-87.680554139,POINT (-87.680554138993 41.677344190967),C,12,2018,22:30:00
cb6ad6cb15d0b3f78ea4bcfabb6a919ec29081f92d37d4dd49eaf1202580ae30c5ce35fcb3e45d5d7ec52dd30a29d79dae35b1c9b58493b4d8a2d38870bb3fb8,2018-06-05 14:15:00,CLEAR,DAYLIGHT,DRY,NOT ON SCENE (DESK REPORT),06/05/2018 03:45:00 PM,41.983148128,-87.71136489,POINT (-87.711364889983 41.983148127979),C,6,2018,14:15:00
cd5f1266e247b9a6e875d69e2946d33271de0eed4924ea18da9000bb15f34db44e787c02f8038e0ff143722306eb020a18b2d2e132ed40e5bdb94183d32c2d07,2019-02-04 09:45:00,CLEAR,DAYLIGHT,DRY,ON SCENE,02/04/2019 10:26:00 AM,41.744151639,-87.585945067,POINT (-87.585945066953 41.744151639042),C,2,2019,09:45:00
cc3c6aa4eb091d601b260920854ae7b2e67d6cdaddbe86a3014a0aac8b0a50bbc68fc5eaa0c22f2791f749e33e074d11622545407d3706e2b498fd26d27e2ca2,2022-10-25 20:35:00,RAIN,"DARKNESS, LIGHTED ROAD",WET,ON SCENE,10/25/2022 08:36:00 PM,41.920676631,-87.775630269,POINT (-87.775630269041 41.920676630982),C,10,2022,20:35:00
cbd830c10b6c9f82f54dd9aa08d7e6885f9a3d7b54073c474ccf7993fdf129129c873b83b7bf1bde57da1fa422ff724d8890b2de3818897235eed887da2a83da,2020-12-15 12:45:00,CLEAR,DAYLIGHT,DRY,NOT ON SCENE (DESK REPORT),12/15/2020 01:15:00 PM,41.740309857,-87.580494923,POINT (-87.580494923048 41.740309856999),C,12,2020,12:45:00
cb086cd0b8953d65e82db0ccb49421cf9cf0eba6a50d590471d29ce5a96bc1f781b3cf11924ae96e7566c0df67cfe49b6d1d32c8a6e6c3c6c44373dc8cee9492,2018-11-08 20:45:00,UNKNOWN,UNKNOWN,UNKNOWN,NOT ON SCENE (DESK REPORT),11/09/2018 02:00:00 PM,41.706485208,-87.668447985,POINT (-87.668447985036 41.706485207961),C,11,2018,20:45:00
cb988ab3f84b58486453c8eddbbb66b901ca07d09e4e56efb8cda21f228eac3123410a049060eaf72c7492ec756b666c99e8431875d7141b1499aad82ee38141,2018-03-21 13:00:00,CLEAR,DAYLIGHT,DRY,NOT ON SCENE (DESK REPORT),03/21/2018 02:00:00 PM,41.96282718,-87.714634684,POINT (-87.714634684029 41.962827180041),C,3,2018,13:00:00
cd4b54b309eec5c5176715bd3e43938b0afb3fe77869802a6cc603d862117bf344fa1f7c1cbca3e20c6d3318d390639c5b7e5f47f2829dcec39bab8e14a54575,2022-03-07 01:33:00,SNOW,"DARKNESS, LIGHTED ROAD",SNOW OR SLUSH,ON SCENE,03/07/2022 01:55:00 AM,41.940111944,-87.806968561,POINT (-87.806968561038 41.940111944021),C,3,2022,01:33:00
cb9f8d1a9946600c8b11a22a3a37450d1d8c98cd7a1ca4c91cf91899c8feca567694d1e93e47191c496c7b797fc26a28f68f09cc35a5dd52203f1c19705e14a1,2016-10-28 13:55:00,CLEAR,DAYLIGHT,DRY,NOT ON SCENE (DESK REPORT),10/28/2016 02:25:00 PM,41.954046293,-87.678812012,POINT (-87.678812011999 41.954046293036),C,10,2016,13:55:00
cd4f331a5b62a548ff8878a5552346a56ee18ebeb4c32ecbefb5fa93d6d6dd4a71b9d7070cd540c383ed121d826494ea96938d5072ee507a699233a97bc3feac,2017-12-13 17:50:00,CLEAR,DARKNESS,DRY,NOT ON SCENE (DESK REPORT),12/13/2017 06:09:00 PM,41.857621901,-87.70527585,POINT (-87.705275850039 41.857621900976),C,12,2017,17:50:00
ccefb2a30a274e98b951b20e66580b35cba36a0c5ac63aa942927d49d931e965fb147f5c30ecb0e07333a61105392299c832404bac6ddca1a1deec2a4929366f,2018-05-13 06:30:00,CLEAR,DAYLIGHT,DRY,NOT ON SCENE (DESK REPORT),05/23/2018 03:10:00 PM,41.75616061,-87.634583596,POINT (-87.634583595966 41.756160610031),C,5,2018,06:30:00
cd8a66dead86fd49635b00821cd79d4c950cb82ddc8b0beeb27cf0b8b92b604d9f4de8d459a1ed4176528e58c04a39ce648712086e320ba386fb0627b47f3f16,2016-11-15 08:40:00,FOG/SMOKE/HAZE,DAYLIGHT,DRY,NOT ON SCENE (DESK REPORT),11/15/2016 08:50:00 AM,41.977058552,-87.806862678,POINT (-87.80686267804 41.977058551961),C,11,2016,08:40:00
cc02bd92a4691351ed11b076f89fe14f8e1b12fe2f4e4ec3b503df8342c61f33b643a3373ffae133b095196f56d8159b603f8073108c228a0ff561dbbeb7f0ba,2021-03-27 13:00:00,UNKNOWN,DAYLIGHT,UNKNOWN,NOT ON SCENE (DESK REPORT),03/29/2021 02:00:00 PM,41.735617968,-87.682663369,POINT (-87.682663369002 41.735617967973),C,3,2021,13:00:00
cd6cb9d69f79bba48181a5a86ed88e0b7a15b6a5d94d833962fc7bf5555c20dc0aad10696fd67fc30ba851d2971f48413fd46f5f95bad5b8e4f29679217c20b2,2019-04-22 07:38:00,CLEAR,DAYLIGHT,DRY,ON SCENE,04/22/2019 07:40:00 AM,41.975920938,-87.699801039,POINT (-87.699801039001 41.975920937962),C,4,2019,07:38:00
cb5067a1f46ebfbeb8e7f8e414ca2ce5bfff70aa88d1fb3671538fc094148a9662267229005e3bbe7c0bd55d1d762b59fa994e4ef95ab62e06e4e388466baa39,2020-11-07 01:40:00,CLEAR,"DARKNESS, LIGHTED ROAD",DRY,ON SCENE,11/07/2020 01:50:00 AM,41.970477858,-87.708386116,POINT (-87.708386116011 41.970477857992),C,11,2020,01:40:00
ccec88baec6e51d831d850d13d4aecec0e44810f11997ea70b0c1bc6568822781b58632f33afca43c3533711f6930cdf8baf8a21e3bf743c399a18d9dad0b4ed,2016-04-11 08:00:00,CLEAR,DAYLIGHT,DRY,NOT ON SCENE (DESK REPORT),04/11/2016 09:40:00 AM,41.827363248,-87.621826931,POINT (-87.62182693101 41.82736324801),C,4,2016,08:00:00
cb4a50bd6dac14dc8876714469ed968783e01aa6ce1744cac066976199514386152c287365f9714b373f7a50d89573871c07d1c9326eba679eda7bb0a5b6d7b4,2018-07-10 09:30:00,CLEAR,DAYLIGHT,DRY,NOT ON SCENE (DESK REPORT),07/10/2018 11:00:00 AM,41.784385694,-87.740065946,POINT (-87.740065945952 41.784385693962),C,7,2018,09:30:00
cd95c7de6c94a992180ed76b0f74014edf95e397154a8413d06cea10ed345f157a496d38da1f847dc2114602314b724715e9c2a2d676691fbfd1d32bba928165,2021-02-21 07:15:00,CLEAR,DAYLIGHT,SNOW OR SLUSH,ON SCENE,02/21/2021 07:17:00 AM,41.794908912,-87.616471792,POINT (-87.61647179201 41.794908912028),C,2,2021,07:15:00
cb3dbff8ae71ac8cb45cbb4c4fc8273950163ca4805fa043cde1ec39ae34346ba21d7218baa19be47a03634b7a8722f204a37aae9dc445814392dc63c1309b0c,2021-02-24 10:35:00,CLEAR,DAYLIGHT,DRY,ON SCENE,02/24/2021 10:36:00 AM,41.975548096,-87.669750241,POINT (-87.66975024096 41.975548095966),C,2,2021,10:35:00
cc45e69063defc909f64d90674fe0b6f73bf048fc3dc9391dfac691b1ce1b5888c1e78843894aa4eb89bf0efbcda813c1c46e71e1c31aea48b1cb61354e0dd5b,2020-11-01 00:01:00,CLEAR,DUSK,DRY,ON SCENE,11/01/2020 04:00:00 PM,41.713768826,-87.552187747,POINT (-87.552187746999 41.713768825972),C,11,2020,00:01:00
cbf1ce7a852f3509791a8868526768797591d89139cd1da81bf225e4cf04ca943d78d66a38d2206c0be0d51bee3349f5af72e01ef1cdddbaf83211419d7931f1,2022-09-05 21:30:00,UNKNOWN,UNKNOWN,UNKNOWN,NOT ON SCENE (DESK REPORT),09/06/2022 11:20:00 AM,41.696089532,-87.664482581,POINT (-87.664482580955 41.696089531968),C,9,2022,21:30:00
cbd6a02a69cd8722af20fc10d5e1a895233aaaf97fcf8254d2667b6c24c9347e9c1883454dc9b7b52120a0c186268552fd19c4956895dd36aca85a78ca4dddc8,2021-07-28 01:44:00,CLEAR,"DARKNESS, LIGHTED ROAD",DRY,ON SCENE,07/28/2021 01:44:00 AM,41.94683078,-87.672417095,POINT (-87.672417094985 41.946830779953),C,7,2021,01:44:00
cafe2c263adf87aca5c2ced4d0a8e35d6b96b1b329b412c340364f00815325dccbc425cae281ba43a6ad502113f1dcd27c353c5aa7a72014fe0f12cc5a54ce0f,2022-08-08 14:55:00,RAIN,DAYLIGHT,WET,NOT ON SCENE (DESK REPORT),08/09/2022 03:20:00 PM,41.922282007,-87.630294424,POINT (-87.630294423975 41.922282007047),C,8,2022,14:55:00
cb14faa7ebda0c3e644ca03e7c244d47c650e65eebe4eb4682c049fde21e286d045603e74563e8be0934f52dcf9f53ef5f45eafe8a8f5d1e1c526d8d268ba4c5,2023-01-28 15:00:00,CLEAR,DAYLIGHT,SNOW OR SLUSH,ON SCENE,01/28/2023 03:02:00 PM,41.803758706,-87.620923702,POINT (-87.620923702026 41.803758705987),C,1,2023,15:00:00
cae348eddfb3d8dbd1a269482a9daf265e4dbb9600b720693ad54f9cbc8fe50d84b27abdaab8e36745628f92cde1a4ab2d69d7859c314a1fd0a869a0101219ed,2018-04-16 12:00:00,CLEAR,DAYLIGHT,DRY,NOT ON SCENE (DESK REPORT),04/16/2018 04:00:00 PM,41.84452841,-87.712125033,POINT (-87.712125033035 41.844528410043),C,4,2018,12:00:00
ccf48c1d752355a9de5c2e55923e9f83d414ecbd2a93a5f748596a1757a4d8674f01822575e13883396a60cb1188b8db4953d6be62f0ee650dfa94cd3de161ea,2018-07-10 00:52:00,CLEAR,UNKNOWN,DRY,ON SCENE,07/10/2018 12:52:00 AM,41.793651919,-87.698533777,POINT (-87.698533777012 41.793651919035),C,7,2018,00:52:00
cad73cf269de2126a17ebeed4452889d7ad91757ad8b1126e149d677ea46b059969b7ba27986a279c66192a13aa022ef677907d56be0d5ed4c6fce317a9678db,2018-07-29 16:30:00,CLEAR,DAYLIGHT,DRY,ON SCENE,07/29/2018 04:36:00 PM,41.917676712,-87.721826924,POINT (-87.721826923964 41.917676712035),C,7,2018,16:30:00
cc796a100104446fefcc868161d9b71eb27e34599476192972c56e97a684b14f40075f503f045ba68ae018a9d44a467f80cbe2f2c31626ce1b157d4b2a57c8c2,2021-10-07 07:55:00,CLEAR,DAYLIGHT,WET,NOT ON SCENE (DESK REPORT),10/07/2021 10:45:00 AM,41.74579217,-87.635369997,POINT (-87.63536999702 41.745792169991),C,10,2021,07:55:00
cb68a2be97d3e4d97485f0c3b0257e3c4c45067316a67f82865451eb44c70bc5c49d5887c1424f39478fc17187c3d5a71a6ba5603b23f18609a8d94a8591715d,2016-02-05 12:50:00,CLEAR,DAYLIGHT,DRY,NOT ON SCENE (DESK REPORT),02/05/2016 01:25:00 PM,41.744151639,-87.585945067,POINT (-87.585945066953 41.744151639042),C,2,2016,12:50:00
cbeb756edc7ae5d21b7a509f6e5faf5333ac3a6f428391d9c2da796054686e13acb1a4f1f317a816ec2a9131d623fff3e8bda6d0efc1dad7b223e0d5a7bcec4e,2022-07-13 17:15:00,CLEAR,DAYLIGHT,DRY,ON SCENE,07/13/2022 05:45:00 PM,41.682973474,-87.642228468,POINT (-87.642228467961 41.682973473961),C,7,2022,17:15:00
d05081ff4978743058e65a43e14dc1a04d69e55410a162aa32f4e3148f875e717c2fd475e9672a05f1f181970fcaa4f7409c956cc8d5e1977ca8c18087c1f3a3,2018-05-30 15:00:00,CLEAR,DAYLIGHT,DRY,NOT ON SCENE (DESK REPORT),05/30/2018 05:05:00 PM,41.881779411,-87.654380269,POINT (-87.654380269009 41.88177941105),C,5,2018,15:00:00
cf3d9fe585dd73a6625ddde8d9eabe8a16bfd9a88ca8f0bf23994e2c4bc7b17a046b4332ef2050dc920e399569b040fc6a58c5c790b8bfc0a5dc5f34312d82e4,2020-09-05 04:05:00,CLEAR,"DARKNESS, LIGHTED ROAD",DRY,ON SCENE,09/05/2020 04:11:00 AM,41.87479856,-87.755004029,POINT (-87.755004029038 41.874798560005),C,9,2020,04:05:00
ce01f12894c036144e529694f6bdea9ffad7270b40d74b101687c4f8433aa9a169a114c3116b41cd85e7b6131c5726ee4590b670b320c9f288b9539bd109848d,2016-10-07 10:50:00,CLEAR,DAYLIGHT,DRY,NOT ON SCENE (DESK REPORT),10/07/2016 06:14:00 PM,41.880556614,-87.637168587,POINT (-87.637168587045 41.880556614042),C,10,2016,10:50:00
cfa8fd59761b0e02b7a7d298980dc24bf8a12550855dc2d2209d3abbbddb56fb6950bac685cfd051ed11749f53bf1ed49d3c677b0408b1e56a2627b6335dd729,2017-12-01 01:00:00,CLEAR,"DARKNESS, LIGHTED ROAD",DRY,NOT ON SCENE (DESK REPORT),12/01/2017 02:28:00 PM,41.893773028,-87.712756512,POINT (-87.712756512047 41.893773027997),C,12,2017,01:00:00
cef85d6c5e8090456712b83994c8618603d31dc47dc23382c1d4d0c52d7cab310621a6f6a9c9a7494addc07aa3f762ac072a9393083d23054d42dfd59f6a2979,2017-10-24 08:40:00,RAIN,DARKNESS,WET,NOT ON SCENE (DESK REPORT),10/24/2017 10:46:00 AM,41.75616061,-87.634583596,POINT (-87.634583595966 41.756160610031),C,10,2017,08:40:00
cf3f2b152f050e2efe6640789076900d7062c1064970271f247eab07201ba08c7446e41d67b798387ff20723e7db580c092096b9e92862bf7efbee1ab37af259,2018-01-04 06:40:00,CLEAR,"DARKNESS, LIGHTED ROAD",DRY,NOT ON SCENE (DESK REPORT),01/04/2018 07:20:00 AM,41.944649875,-87.756730307,POINT (-87.756730306959 41.944649874984),C,1,2018,06:40:00
cfe40d17f4ae6d6b2c9f03069f78a377ecd45b5553e4c01a0e299a63a5399e059dc3a363e37722c1551ce9b684f7f1020179ad9eb52c4f51239ffc4b96d460e0,2019-07-28 09:00:00,CLEAR,DAYLIGHT,DRY,NOT ON SCENE (DESK REPORT),07/28/2019 05:45:00 PM,41.919623192,-87.729223839,POINT (-87.729223839018 41.919623191958),C,7,2019,09:00:00
ce36f0e0940ee8ec0a26788fe3c5b46bfa718316e7a3504dc349f9a0d6ba91b18116095a273e5598b195df77c2e03f9c2fb9889229e86ac20bc711508e1b5f10,2019-08-30 12:55:00,CLEAR,DAYLIGHT,DRY,NOT ON SCENE (DESK REPORT),08/30/2019 01:45:00 PM,41.975335342,-87.751655533,POINT (-87.751655533045 41.975335341992),C,8,2019,12:55:00
d04657322a5049a63711245befe53768ef21aa40ca2ce3a47e9a3891b8b5750de29e70a6c6dd47bbffe576af8cadcdfa69a0e6e0d43ec63499a987d9f1b281e2,2018-08-07 18:40:00,CLEAR,DAYLIGHT,DRY,ON SCENE,08/07/2018 06:43:00 PM,41.890355784,-87.614377352,POINT (-87.614377352049 41.890355783989),C,8,2018,18:40:00
ce4ea74b0e4b29a1eba04b0f2fa6e97314236887087e4fef97efcf5a529bbdd61ba7b1e3340f88acfafe79f71d83065bb230c2d7a759c165b3a959082e76d99e,2017-08-17 08:45:00,CLEAR,DAYLIGHT,UNKNOWN,NOT ON SCENE (DESK REPORT),08/17/2017 01:25:00 PM,41.883314692,-87.63547051,POINT (-87.635470509974 41.883314691963),C,8,2017,08:45:00
ce4d0996a3b7b9a9833c54742137a00f291bc637634a084f16790932094383936d1ea9550c145f25663cf6cbf6b707d7f7d15cebd9ade05d8212fc894ef08a27,2022-06-04 13:35:00,UNKNOWN,DAYLIGHT,UNKNOWN,NOT ON SCENE (DESK REPORT),06/04/2022 02:00:00 PM,41.785387445,-87.606183761,POINT (-87.606183761008 41.785387444959),C,6,2022,13:35:00
d04728d96aa992a0f1cf62291fd57db3e318da8106c0fac680aabe17b16a5c604028c6298dcd18fb88cae9fdf8f0f773b20974c08b958c86fbc2a7430c37d30c,2021-02-06 20:17:00,SNOW,DARKNESS,SNOW OR SLUSH,ON SCENE,02/06/2021 08:24:00 PM,41.927976323,-87.791232869,POINT (-87.79123286904 41.927976323012),C,2,2021,20:17:00
ce7a19264d251c7ee75c675f4b5ad0a8a25e03bbe584f9f0977ca6263fe4667658b8f23dbaa30e7cf07b8e633795f74c16192fd139d0909b4efe887477903523,2019-12-07 11:38:00,CLEAR,DAYLIGHT,DRY,ON SCENE,12/07/2019 11:47:00 AM,41.735617968,-87.682663369,POINT (-87.682663369002 41.735617967973),C,12,2019,11:38:00
cf2f92480a1ca646cd8134983e2084214c4cb9cd0ce449955e2562d000f91dd28074ba5ac252ac52a0a300a903e09345fd38ea7ec478c993ff2236dd76ba60b4,2020-07-16 23:18:00,CLEAR,"DARKNESS, LIGHTED ROAD",DRY,ON SCENE,07/17/2020 12:20:00 AM,41.895578486,-87.715579397,POINT (-87.715579397022 41.895578486018),C,7,2020,23:18:00
cfa53a2c01d3649aac77058040f87554637ea28d31bd54a58cc717050a682b75d0ef7f0b979bc14825f9fe0cb5c18b20769b1de492b3684e6b938a10196556c5,2020-06-26 13:00:00,CLOUDY/OVERCAST,DAYLIGHT,DRY,NOT ON SCENE (DESK REPORT),06/26/2020 02:50:00 PM,41.764544707,-87.68705707,POINT (-87.687057069958 41.764544707037),C,6,2020,13:00:00
cffd9b9f3820b8898f99c21953fcd5ee08c126facb29aa84451343aa1a3f8ad9d3cec3e449a42ce5aaa4b3f9019ab2fb090ce82404711d0db088a901c0262a0b,2018-10-09 16:30:00,CLEAR,DAYLIGHT,DRY,NOT ON SCENE (DESK REPORT),10/09/2018 05:00:00 PM,41.975383528,-87.752958923,POINT (-87.752958923026 41.975383528015),C,10,2018,16:30:00
ce57482f927db217a519eff0f7c5f895ac8972d6064d17e935fe5fc539c6499811280d205c86eca71a034e43bb445b14b5952bfeef628531c76ac44993ac77a1,2021-11-06 02:00:00,UNKNOWN,UNKNOWN,UNKNOWN,NOT ON SCENE (DESK REPORT),11/06/2021 03:00:00 PM,41.951467759,-87.746688244,POINT (-87.746688243958 41.951467759007),C,11,2021,02:00:00
cf101e3198bb91683dc2a4cc5e618c629fab4f179ac998c8f9eebbf3231a4a9f5e7689cb59ff837973a5d01eabe1906b57f92a3b820ec6fa4a98fdd073b07f2b,2021-04-22 07:30:00,CLEAR,DAWN,DRY,NOT ON SCENE (DESK REPORT),04/22/2021 11:01:00 AM,41.85972124,-87.666054461,POINT (-87.666054461037 41.859721240029),C,4,2021,07:30:00
ce9bcd2a868576c486e8fe36c81ba7b11dc35c48c6f85660aab70d60390d00f1eaa698ad3b45e076ce9eb07ef5dd97b2a20226336e0e25e49fd306e2d872ad7d,2020-01-03 19:10:00,CLEAR,"DARKNESS, LIGHTED ROAD",DRY,ON SCENE,01/03/2020 07:13:00 PM,41.972137356,-87.668013158,POINT (-87.668013158017 41.972137356019),C,1,2020,19:10:00
cf36193c41d03a5bafc813030465b5b6e286fbf9792060463c5ea8b2eab2fc6df2b8f8f603e5730284aa27332b2c895e9b91b673d6a625468361fbe4a91d7b28,2023-04-22 11:46:00,CLEAR,DAYLIGHT,WET,ON SCENE,04/22/2023 12:10:00 PM,41.946643529,-87.686894106,POINT (-87.686894106014 41.946643528978),C,4,2023,11:46:00
cfcb7d5867c705145cb946dd0d19e6fa7c9af304cb38adf290456348e72399d2bf3443107be118be9cbefab6d35f2fb8f5e18c0af5e0a5c58e0f996e7cffda7a,2022-09-05 11:40:00,CLEAR,DAYLIGHT,DRY,NOT ON SCENE (DESK REPORT),09/05/2022 12:00:00 PM,41.995579197,-87.675876884,POINT (-87.675876883986 41.995579196996),C,9,2022,11:40:00
cfbc0b469b6cc34d14b8a991068a8320076e61f695e5900cc990604a6d69d7672be898fcf0d6c0c7096417df2e24a408cb26c9f133a598929521777ac8e690de,2018-04-28 08:50:00,CLEAR,DAYLIGHT,DRY,NOT ON SCENE (DESK REPORT),04/28/2018 01:37:00 PM,41.777301276,-87.682303966,POINT (-87.682303965972 41.777301276006),C,4,2018,08:50:00