CRASH_RECORD_ID,CRASH_DATE,WEATHER_CONDITION,LIGHTING_CONDITION,ROADWAY_SURFACE_COND,REPORT_TYPE,DATE_POLICE_NOTIFIED,LATITUDE,LONGITUDE,LOCATION,CRASH_TYPE,CRASH_MONTH,CRASH_YEAR,CRASH_TIME
cfa1b177e8cb7192a2b1423b2d4c6e97d1f818ab6018ae0398d4cd499d937e7c7ab6cd888667d2c02a5658f675e11e3719f8a8b3075052c9bb5e50fccca1ee4f,2021-07-06 17:07:00,CLEAR,DAYLIGHT,DRY,ON SCENE,07/06/2021 05:24:00 PM,41.75616061,-87.634583596,POINT (-87.634583595966 41.756160610031),C,7,2021,17:07:00
cf43562d5f4fa9e606da19b96232b26ad64820dfee9043d952ca2c16f06d76ccc4cfe7ba0dcc6fc8764a23745fc5dd97e29a28e5a35ba09ec524d24b47b7a230,2019-03-03 13:27:00,CLEAR,DAYLIGHT,DRY,ON SCENE,03/03/2019 01:37:00 PM,41.938675754,-87.767264242,POINT (-87.767264242029 41.938675753962),C,3,2019,13:27:00
cd9fced27b7a6638be3e0f1d4fcbae3991adfcec41716afd499aad96726208319e154980ab84bdf157c8f818458a8c9774e0fa2db00da5ea4076ff9c0df10ed1,2017-11-24 13:24:00,CLEAR,DAYLIGHT,DRY,ON SCENE,11/24/2017 01:41:00 PM,41.6621277,-87.64148984,POINT (-87.641489840003 41.662127699955),C,11,2017,13:24:00
cde8f56a4608e4e98819b31de820bf9b2c3e20aaa0bdfe7c4ca90d096f0245969f8b336b6948e24a0c4c0712bb4c60e69be58233a89c79e5704fc5ab5ab422ab,2018-12-12 15:10:00,CLEAR,DAYLIGHT,DRY,ON SCENE,12/12/2018 03:24:00 PM,41.858908833,-87.729904272,POINT (-87.729904271964 41.85890883299),C,12,2018,15:10:00
cf34521db4fbbb96769c7480b37bf416999814d05dba9448033bfcd8c0b3468f3e355cdd570c2baad9724df01c56171229e42960dfc1800178bce26a6097c92b,2022-03-17 04:50:00,CLEAR,"DARKNESS, LIGHTED ROAD",DRY,ON SCENE,03/17/2022 05:00:00 AM,41.749903242,-87.707348392,POINT (-87.707348392008 41.749903241984),C,3,2022,04:50:00
cfa71ed673853dac62cfe157e6b041082b0b47699898ad0a7e9ae98fdcd90501ad9bd0a9fee7478312818c9ccb01c6892d4b63af698118c93d674e45bc98629a,2017-11-16 15:38:00,CLEAR,DAWN,DRY,NOT ON SCENE (DESK REPORT),11/16/2017 04:30:00 PM,41.741803599,-87.740953582,POINT (-87.740953581987 41.741803598989),C,11,2017,15:38:00
cdc3eb9e3dcb0c381ce406d80fb4efa6f344db90314fc9071cb3a648ce83135f00b57c377d4ba8b77d69577cd7c5f2eb23504f03fe6b631def97d2be43709de1,2019-05-22 14:20:00,CLEAR,DAYLIGHT,DRY,NOT ON SCENE (DESK REPORT),05/22/2019 03:00:00 PM,41.995579197,-87.675876884,POINT (-87.675876883986 41.995579196996),C,5,2019,14:20:00
d013645a1367ead56aeb4cc7766d985cb4918c35faca86ca1e09c8b997a6a9a97cc1d9c49107d442308028f847f3c6693cb3e75ea547455b65aec4c9d05f2580,2017-11-18 17:45:00,CLEAR,"DARKNESS, LIGHTED ROAD",DRY,NOT ON SCENE (DESK REPORT),11/28/2017 07:30:00 PM,41.930778627,-87.719465035,POINT (-87.719465034951 41.930778626956),C,11,2017,17:45:00
cf1c048c82c532b1f87113e55b8f77714c103d65799f4396a551d7b42c3d825b16c2ba1752c7ad3f14388073d329cc9d945ac590a66c54261cdd3ebc5e806831,2020-06-24 16:30:00,CLEAR,DAYLIGHT,DRY,NOT ON SCENE (DESK REPORT),06/24/2020 06:13:00 PM,41.903639931,-87.65554697,POINT (-87.655546970003 41.903639930952),C,6,2020,16:30:00
cfe0da0ed746260fa2e5771525d803430ea1db16d0d093a37a9083bb792747ba850002c83fa84db49243b0f8d5353181f84963394af75aa662c8342b138adb64,2022-06-11 23:37:00,CLEAR,"DARKNESS, LIGHTED ROAD",DRY,ON SCENE,06/12/2022 12:11:00 AM,41.844263487,-87.62829939,POINT (-87.628299390012 41.844263486971),C,6,2022,23:37:00
ce446d66c0c45ee2efa3c6944605604d9f392605a6eb69d8827e7fae71d23baeccd40eae000dceb742cfdbbe538024da82e4642e4411ae20fc1e9c2f742be5b9,2020-12-18 06:50:00,CLEAR,DAYLIGHT,DRY,ON SCENE,12/18/2020 06:54:00 AM,41.794602529,-87.742607215,POINT (-87.742607214988 41.794602528951),C,12,2020,06:50:00
cff3c15560f2a82ff0f851f1591a5e1b64aa1fa3dafa0d26b0596f2a1af7affec0d21788beb277aabccd757407b04c66e20bd5b8976c02bd0c76fb8913d86cf8,2020-10-30 13:43:00,CLEAR,DAYLIGHT,DRY,ON SCENE,10/30/2020 02:55:00 PM,41.744151639,-87.585945067,POINT (-87.585945066953 41.744151639042),C,10,2020,13:43:00
ce6ce40ea308889e072eec89d258755924cdd6022576483bb542ea42f6b9b6fb4c05c8c196abda7dd1c0d9c37b2e1f8564611ad8dc7a5c283b9195f44caae246,2022-04-13 18:13:00,RAIN,DAYLIGHT,WET,ON SCENE,04/13/2022 06:13:00 PM,41.946065466,-87.760645922,POINT (-87.760645921962 41.94606546603),C,4,2022,18:13:00
cf6136f88992655bd257d521986a07f7a996e66aca7686b261ee79652698584e644b1bfd1a6bda23f73d727421f1fb4ccec08f7fc8cd65d905804f454c9a7e86,2021-09-19 14:46:00,CLEAR,DAYLIGHT,DRY,ON SCENE,09/19/2021 02:47:00 PM,41.79573461,-87.762555326,POINT (-87.762555325992 41.795734610035),C,9,2021,14:46:00
cf8a93de034ce5dae79975b3b169151789db5f5cf28b2a181ffabc8c61e91187d5a32dcf2a9fd4bc3d844d86f145863b24080c39b6f2b60d4df45a109afcb1d9,2020-09-30 17:00:00,CLEAR,DAYLIGHT,DRY,NOT ON SCENE (DESK REPORT),09/30/2020 05:30:00 PM,41.744151639,-87.585945067,POINT (-87.585945066953 41.744151639042),C,9,2020,17:00:00
cea08dd7a8d5a9e29e4263af28d3fbc91c1215188a1eb28f44b96430f4e10f33b5661608e7c795574b206aa94551667e7362996748a97f5583149401aad51492,2017-10-06 19:20:00,CLEAR,"DARKNESS, LIGHTED ROAD",DRY,NOT ON SCENE (DESK REPORT),10/06/2017 08:10:00 PM,41.765547979,-87.628019283,POINT (-87.628019283014 41.765547979022),C,10,2017,19:20:00
cde164c5c8abe1631677435ff0658ad2ce3816c8b15a321754cbfae48b356c6c5b2ed8f4fa5c9c8c72bf1653a0beb3de6f94bdf980d28638b5f94633cab80f8a,2022-11-29 10:54:00,CLEAR,DAYLIGHT,DRY,ON SCENE,11/29/2022 10:54:00 AM,41.85276755,-87.630024824,POINT (-87.630024824031 41.852767550035),C,11,2022,10:54:00
cf4d044d39de3e7156c46740ee57c77324e0d8366ae792c7171588447cc8fb96812be6feefe9657c5f173595d1954f50d81daff20a18b8d46a84167f4b686483,2019-10-09 06:00:00,CLEAR,DAYLIGHT,DRY,ON SCENE,10/09/2019 06:05:00 AM,41.784610048,-87.684943855,POINT (-87.68494385497 41.784610047969),C,10,2019,06:00:00
cdc64a3931c7529552407a10abcbd11d3b34399d04a21af44445f0a5dd4631ab38296d6ffdeda716dd9ab90dfdb55a4e0d0370a3ea7b30093f3295070fc1fe42,2018-08-25 00:45:00,CLEAR,"DARKNESS, LIGHTED ROAD",DRY,ON SCENE,08/25/2018 12:45:00 AM,41.6621277,-87.64148984,POINT (-87.641489840003 41.662127699955),C,8,2018,00:45:00
d001cadafc6244282ae3a820406bf76bee4bad8ee534314f3eb7562fff27a2f06592646921229a77cae12cbdb04edad1ee45e4f9e0179e200994aca1ea520058,2017-11-15 17:30:00,UNKNOWN,"DARKNESS, LIGHTED ROAD",UNKNOWN,NOT ON SCENE (DESK REPORT),11/15/2017 09:33:00 PM,41.74579217,-87.635369997,POINT (-87.63536999702 41.745792169991),C,11,2017,17:30:00
cfafcfb6908172317b760c8ec5b8b290c581c04f866bb330a7cd483b97617cddb0a4c4a4dd67d69ba66f00038d35d0f3991092cacd171a5cd7e52972af7d9818,2019-08-09 09:30:00,UNKNOWN,UNKNOWN,UNKNOWN,NOT ON SCENE (DESK REPORT),08/12/2019 10:55:00 AM,42.01006712,-87.703777382,POINT (-87.703777381993 42.010067119971),C,8,2019,09:30:00
ce824977beedf8829cf70fd8fe916676da2ca4b620f0cb0ce073f21d447013b8cdcd28f5563fce57de6a25a463c25d258045b1eede79bbe0c34d8689a6645c12,2023-06-03 22:15:00,CLEAR,"DARKNESS, LIGHTED ROAD",DRY,ON SCENE,06/03/2023 11:18:00 PM,41.977089945,-87.660033687,POINT (-87.66003368701 41.977089944963),C,6,2023,22:15:00
cf0ee32608bb2dba5a7a7fd1527ea0e9c6b75874f71b32c1f8505f5de312d65808a1a4f790a0db30da55a113e01e0ab7b8f0b4db960400e1dad318c0389fc914,2018-04-10 06:05:00,CLEAR,DAYLIGHT,DRY,NOT ON SCENE (DESK REPORT),04/10/2018 06:06:00 AM,41.744151639,-87.585945067,POINT (-87.585945066953 41.744151639042),C,4,2018,06:05:00
cf0e4e8f8680503303bb698d1e7c93035f01da026523c47fb91c59a8712d0122dc8b3936708ca6fca645dcc9e55e4a435687003bce0b2d97ec3a8d42932af99c,2022-02-18 10:08:00,SNOW,DAYLIGHT,SNOW OR SLUSH,ON SCENE,02/18/2022 10:25:00 AM,41.942978341,-87.670803378,POINT (-87.670803378013 41.94297834098),C,2,2022,10:08:00
ce47e8e230afba2f8f2950aa97b115c729d8470db5466e93aba297b3c023018b08f078b013d0420337216842a355ca8f505e8b7a4c4f6685c583230b77a9c0b8,2018-06-30 06:30:00,CLEAR,DAYLIGHT,DRY,NOT ON SCENE (DESK REPORT),06/30/2018 07:30:00 AM,41.751124945,-87.620853242,POINT (-87.620853241961 41.751124944981),C,6,2018,06:30:00
ce4e6dd7492e2c32f0be84298f8fd3e61e104502aa855efeece2a4da036742fc1b958b9b4295142870f9f6a175fdf0e35c7566bad28dc0915a1da9c6b63a4f43,2019-03-16 15:00:00,CLEAR,DAYLIGHT,DRY,NOT ON SCENE (DESK REPORT),03/22/2019 01:45:00 PM,42.010341686,-87.672331815,POINT (-87.672331815029 42.01034168595),C,3,2019,15:00:00
cedaeed3791e5e353a07e29f2d5950bd355eff87134252c109de0f1aba83e826d363aa7cddb98fa5359dfa45b5ac3b95b9c8bd9f90465b68e35ba0ab7af6d30e,2020-12-31 11:30:00,CLEAR,DAYLIGHT,DRY,NOT ON SCENE (DESK REPORT),01/01/2021 11:30:00 AM,41.762666387,-87.7027017,POINT (-87.702701699989 41.762666387024),C,12,2020,11:30:00
d02d1b6aea0895bff1882e927624b720cc27d4298850c827250f7ae33b27d9fa1340cc2922e10e9f3cda72f9ab2e021f1c0ee2bf179c2fe388225016c672d7e3,2022-06-06 13:58:00,CLEAR,DAYLIGHT,DRY,NOT ON SCENE (DESK REPORT),06/06/2022 04:00:00 PM,41.917103631,-87.687248767,POINT (-87.687248767006 41.917103631009),C,6,2022,13:58:00
cdcfb229f4940cffb8612c2ff33ee46cccb4349312d77834d270f551c37f0d95dd654d0e22f0b8e38be6dac3f6c06cf59377c3eeb8e1e39d82edcb03a51866bb,2022-02-05 00:49:00,SNOW,"DARKNESS, LIGHTED ROAD",SNOW OR SLUSH,ON SCENE,02/05/2022 01:01:00 AM,41.968343874,-87.740309686,POINT (-87.740309686003 41.968343873979),C,2,2022,00:49:00
ce01be5404e8d2d3d18d19557f072abceb93e8b0fdaa22b3097ce7be937d504dfe6d1361bd3e9bb141bff38da2e0eb7b06a0b71cb9f62040650214a0fe1786e1,2021-05-20 12:55:00,CLEAR,DAYLIGHT,DRY,ON SCENE,05/20/2021 01:00:00 PM,41.956610485,-87.723633539,POINT (-87.723633539035 41.956610485026),C,5,2021,12:55:00
cfd768ef3bf97534a78c81859c197e238b3836b102100f587aa3f2f6d2ae8df8da2eb5ba5560bad0682c28238fa5167364e6fb61b343820f01e69c747153343f,2019-05-31 11:25:00,CLOUDY/OVERCAST,DAYLIGHT,DRY,ON SCENE,05/31/2019 11:25:00 AM,41.93203524,-87.690864011,POINT (-87.69086401095 41.932035239995),C,5,2019,11:25:00
ce55fdb76bbd2300cc419299baa3ede09c2e928d4827f08d32609b0d28b5a2e19ae0cb78e5571ef35c1694ce7b31e484f76752fcb72ffdd3521c3833fda8525e,2018-10-23 09:25:00,CLEAR,DAYLIGHT,DRY,NOT ON SCENE (DESK REPORT),10/23/2018 02:11:00 PM,41.849886395,-87.658784267,POINT (-87.658784267004 41.849886394965),C,10,2018,09:25:00
ce02c8a1262e7eca1741c5f0f9b0d5a72bdeca1940c5b0e7af1c8793d81aa9e804dc6d7e6929320a860199e8e127dacbab72be4050abe4388bcfb6a83dfeb90b,2022-06-04 01:49:00,CLEAR,"DARKNESS, LIGHTED ROAD",DRY,ON SCENE,06/04/2022 01:50:00 AM,42.015077062,-87.675192752,POINT (-87.675192752021 42.015077062018),C,6,2022,01:49:00
cfe34703920b16d48ec96113c378b10eebb63da85cfc80c6dc8171361eb891ca762a19db74e80edc9415818adf5ee391adbd12c1163e8538bbbccae157cb2cbc,2018-10-31 11:45:00,CLEAR,DAYLIGHT,DRY,ON SCENE,10/31/2018 12:18:00 PM,41.743527297,-87.640632683,POINT (-87.640632683016 41.743527297021),C,10,2018,11:45:00
cf23191ebe8243b0c626313c124aea1d634ca0283895d1d0832566f9143ac1dec33441ed1535cd2519e6dc1262ac9c5c35ec95beeb39d155fea32206fcaeaeee,2019-10-26 11:30:00,CLEAR,DAYLIGHT,DRY,NOT ON SCENE (DESK REPORT),10/27/2019 11:00:00 AM,41.741803599,-87.740953582,POINT (-87.740953581987 41.741803598989),C,10,2019,11:30:00
cfa23ca39f464638582ca222826ec7dc7fe7c1ec93af196bbdb1809d6e5c9e7c38f8073b698f25c83fd4ecd13dab0e744abbbc4a40f44bcb0a09ae196a8c157a,2017-11-14 17:50:00,CLEAR,DUSK,DRY,NOT ON SCENE (DESK REPORT),11/14/2017 09:50:00 PM,41.741803599,-87.740953582,POINT (-87.740953581987 41.741803598989),C,11,2017,17:50:00
d011b34293c0ab271dbc4c14c47ce9b838cab64ba0326022245bf5e6f46483b7ff62174688823e54d59c9c2b201c8dbc7bbb9960cd1b4aff359e141693528a68,2018-12-06 16:00:00,CLEAR,"DARKNESS, LIGHTED ROAD",DRY,NOT ON SCENE (DESK REPORT),12/06/2018 04:30:00 PM,41.924490094,-87.717288131,POINT (-87.717288130979 41.924490093998),C,12,2018,16:00:00
d00bc8b662efb864ecae20b3bced4b8183241209d176e8907129f908ce65bcb25d2625286e563ca0c4aeac60831343af6d500db16d2a7a5767d2b8553a1fc574,2021-01-19 09:27:00,CLEAR,DAYLIGHT,DRY,ON SCENE,01/19/2021 09:36:00 AM,41.726124591,-87.56609904,POINT (-87.566099040043 41.726124590973),C,1,2021,09:27:00
d02f93d3053c12cd41d1286b9c86c2a90aaedfcb29927e6291f37d327acb0169fea1591fb74e1c1a375e98d764efe8f4b46a435b7b0c8b449a6a3343145fbacc,2019-02-24 02:00:00,RAIN,DARKNESS,WET,NOT ON SCENE (DESK REPORT),02/24/2019 02:15:00 AM,41.75869138,-87.60533417,POINT (-87.605334170015 41.75869137995),C,2,2019,02:00:00
d055d206cfa7e4f4775fcf1a01a3edaca2f65dd062aab838f3f8d72d9adbaefe9a0f6b2ae5ab2deec9dfca4767c7466b73425ddaed1022f7c1d476eb8f03b445,2018-05-28 20:30:00,CLEAR,DARKNESS,DRY,NOT ON SCENE (DESK REPORT),06/01/2018 09:00:00 PM,41.940636917,-87.799342441,POINT (-87.799342440987 41.940636917013),C,5,2018,20:30:00
cea21c04fa9ea4ff9a3e251302fe45695f31729bca13d9f6a7b3baa97e166f8a59415197fa1f0251b004f9f264e116faffc73775639a65703839dcad31b1ae6d,2017-09-22 06:00:00,CLEAR,DAWN,DRY,ON SCENE,09/22/2017 06:20:00 AM,41.807107438,-87.723415986,POINT (-87.723415985953 41.807107438008),C,9,2017,06:00:00
d0680e96ab2c1dde72eda3e10dafc57ccbff59f3837e03ec4c4a974aecd49afc0b3d360273e7964c597ccbfac4a6bff8fa00d66fdba720a244bbc7228cc5a1e7,2021-10-31 03:00:00,CLEAR,"DARKNESS, LIGHTED ROAD",DRY,ON SCENE,10/31/2021 04:45:00 AM,41.880419644,-87.637128284,POINT (-87.637128283959 41.880419644029),C,10,2021,03:00:00
cf56601d55206ebc9522d1e7b8447d241b9b337096c915cecd82efcc0891491879d6ab2d62b7092696a09f029a21f06bd855f6c98087ab4389adac4cef685bb5,2018-07-19 18:23:00,CLEAR,DAYLIGHT,WET,NOT ON SCENE (DESK REPORT),07/19/2018 07:20:00 PM,0.0,0.0,POINT (0 0),C,7,2018,18:23:00
cfdf27e18ca1451a99be181cc186e1983131b5dfb5fc984f6aa5273a88751cadded0b4c5ecee89ee3843ba87623fa5cc92349908fbe2e4292c75e2612ae9a48b,2023-04-18 08:20:00,CLEAR,DAYLIGHT,DRY,NOT ON SCENE (DESK REPORT),04/18/2023 08:45:00 AM,41.893280807,-87.677100015,POINT (-87.677100014973 41.893280806986),C,4,2023,08:20:00
cf625dec093771d72a8d8d685f9badfbe71e99b5858d83c6f0b8d086829f12a02929eda8920ff69c857100d644272e2082f08c36e1f2dc10aabf4efddddb8e22,2018-06-02 09:20:00,CLEAR,DAYLIGHT,DRY,NOT ON SCENE (DESK REPORT),06/02/2018 09:40:00 AM,41.953750194,-87.728489892,POINT (-87.728489892005 41.953750193958),C,6,2018,09:20:00
cfbe61458f841e5633c811924d8a192cb6c3314cc86022a44d0ae14edf7688364ab9e290b2b7afb230a77d1651ca05437be4d12f028319b4ca0e5aedab16e04e,2019-11-15 05:35:00,CLEAR,DAYLIGHT,DRY,ON SCENE,11/15/2019 05:36:00 AM,41.837732675,-87.66589445,POINT (-87.665894449999 41.837732674972),C,11,2019,05:35:00
cdb20d1b15dfe8bf995a6de8d1d5c1879a93e3da9aa3400a5a4b45b983f895f2b245172aea8e0d9d4ae78a764d89ea3bdd6154945e89eda2b8f083da9ac29417,2018-06-15 17:20:00,CLEAR,DAYLIGHT,DRY,ON SCENE,06/15/2018 05:29:00 PM,41.954046293,-87.678812012,POINT (-87.678812011999 41.954046293036),C,6,2018,17:20:00
cdafd1b6b1aeaa231c70a26285090737588c4902929e6f8406660dcc24a51e5fce996fb50a6712b1e5f4607cc83edc1b8ca87e8c24e3769d94853b0e5f3ba910,2017-10-04 11:30:00,UNKNOWN,UNKNOWN,UNKNOWN,NOT ON SCENE (DESK REPORT),10/04/2017 01:00:00 PM,41.924490094,-87.717288131,POINT (-87.717288130979 41.924490093998),C,10,2017,11:30:00
cfba93f3c0a7bdd76d22817c5f3639fed906987c8be321a12a8acfbc1f3b7de77539ddfacc6edc4e3e652475c68a8043c22df60db00a3cde211716dd1d5df90a,2017-04-22 22:00:00,CLEAR,DAYLIGHT,DRY,NOT ON SCENE (DESK REPORT),04/22/2017 10:45:00 PM,41.886339416,-87.62083615,POINT (-87.620836149956 41.886339416011),C,4,2017,22:00:00
cf292e3d52926b420c34b92b4784891b60af4da6e358ca4d7cf5348c22577706d65a7354b7c1e56d2873f376a65e178b3254a1f4d5c65205b05063efcaac9f6a,2016-08-27 08:45:00,RAIN,DAYLIGHT,WET,NOT ON SCENE (DESK REPORT),08/27/2016 09:20:00 AM,41.773455972,-87.585022352,POINT (-87.585022352022 41.773455972008),C,8,2016,08:45:00
d0dc21d69c9916be259beb1e47cc46ca979006a20d9f92c3031550b3e74856741c35c51f91befd7c1e28ba3052326110f0eaf496ecd116f3235ab6385a39056c,2021-03-13 08:00:00,CLEAR,DAYLIGHT,DRY,ON SCENE,03/13/2021 08:05:00 AM,41.782573836,-87.712738678,POINT (-87.712738677956 41.782573835975),C,3,2021,08:00:00
ceee6f50207b9e6a6beb7a850578dd2c59a8cc704e7cc277cd087ec08e5682d80675cb5eac43fd8a52373417bc82d0f78881a76c82fe509ee4602c88d52a1e4d,2022-07-07 20:46:00,CLEAR,"DARKNESS, LIGHTED ROAD",DRY,ON SCENE,07/07/2022 08:46:00 PM,41.779814383,-87.654359685,POINT (-87.654359685046 41.779814382984),C,7,2022,20:46:00
cfa00b1f4397fd82a6d5dcfeee233570c5f920108a9a202ae76e82023961ecf125e34b481c8f9f28e19d97c8fa01e6ebfe7f4dcf7c690b514934f8be2377e1b4,2015-10-28 08:30:00,CLEAR,DAYLIGHT,DRY,NOT ON SCENE (DESK REPORT),10/30/2015 02:30:00 PM,41.924439291,-87.739490621,POINT (-87.739490621032 41.924439290993),C,10,2015,08:30:00
cffbc3de5aa500df39e3fc3f84afc7e63164aa136c55a9c3d1fa154f40234b36141408563d74fd244c5aad11403ae15a84a1554579aad1ea6ef4603cc0fbaef0,2017-01-01 09:00:00,CLEAR,DAYLIGHT,DRY,NOT ON SCENE (DESK REPORT),01/10/2017 06:40:00 PM,41.919248314,-87.733813107,POINT (-87.733813106979 41.919248313993),C,1,2017,09:00:00
d0460a3f6853a7670f41bbac9700270ce07d0211fee058bb0b934b373e7206cddeae57a25686d88cfef2d4cfdedfdf5421f5b4c864506f96d1033cbfb93a1a83,2022-10-06 07:57:00,CLEAR,DAYLIGHT,DRY,NOT ON SCENE (DESK REPORT),10/06/2022 08:31:00 AM,41.777046576,-87.640942492,POINT (-87.640942491964 41.777046575959),C,10,2022,07:57:00
ce4e42c8d128dfd96224fe71c2fb3437f9868c49fb12c30403cd93a7e4063eda04866b9c0adb31d2c9e46094051d4aabdbc838a9c337dc6d722fac2709eb82dc,2017-12-13 22:40:00,CLEAR,"DARKNESS, LIGHTED ROAD",DRY,NOT ON SCENE (DESK REPORT),12/14/2017 01:00:00 AM,41.659023351,-87.609716113,POINT (-87.609716113014 41.659023351039),C,12,2017,22:40:00
ce118a0e8d5ed44b7701c54d679a11aba4e310ba21c27c1e4d5266cedc07ae77a2455787065218ba1ed5d411bb06c6c99e63bad26f030256abc6454ae1f7b3e4,2018-03-15 17:50:00,CLEAR,DAYLIGHT,DRY,NOT ON SCENE (DESK REPORT),03/15/2018 07:08:00 PM,41.781626709,-87.762015567,POINT (-87.762015567 41.781626708966),C,3,2018,17:50:00
cf62233e454131660cf6b1ad3ed90c4e2d0533604a7449dc51b110648c88baaf5e3d8fa746e5410276762646d61724b161019c77b18ff6ac85d352f023094c69,2021-07-11 14:00:00,RAIN,DAYLIGHT,WET,ON SCENE,07/11/2021 02:20:00 PM,41.914977161,-87.726348292,POINT (-87.726348292 41.914977160996),C,7,2021,14:00:00
d29cb1642d5bfbc47cff2995ea574d69894154bbccd0f68d6a8de3df3196089bbba0e0bb5acdd4182a433334b7dee6dd322b26118ffdce13d06e84f588ed841d,2023-02-23 08:09:00,CLEAR,DAYLIGHT,WET,NOT ON SCENE (DESK REPORT),02/23/2023 08:50:00 AM,41.925276478,-87.653035266,POINT (-87.653035266043 41.92527647798),C,2,2023,08:09:00
d32a2cfc65e4214c8bbd21ee6df63c8916faa516625b58a3a6f6dc72511c0ecbb495ce45c389b599913ed402502a5667a30ac93461203ff5d59b706b8011347c,2019-10-04 10:50:00,CLEAR,DAYLIGHT,DRY,ON SCENE,10/04/2019 11:02:00 AM,41.744151639,-87.585945067,POINT (-87.585945066953 41.744151639042),C,10,2019,10:50:00
d0d982ae0bcc715fa10bf9ea62a2cfd2e54ada1877afb21dd194268f8ae6c8a80f5880aa563e32d1315f8a5ad16c5c855cae5591a00f04375b2c3db949e93c60,2018-11-10 11:15:00,CLEAR,DAYLIGHT,DRY,NOT ON SCENE (DESK REPORT),11/10/2018 02:50:00 PM,41.931891898,-87.709922575,POINT (-87.709922575008 41.931891897997),C,11,2018,11:15:00
d2d3230bb138ef55be128cb974d95ef97727fcb93bdb714b198f5f740002387e5e1b09bea5f2cb76747f657dac878aaa0c7d1f4ef93d98846f9fc001ad4e97f5,2022-07-18 07:45:00,CLEAR,DAYLIGHT,DRY,NOT ON SCENE (DESK REPORT),07/18/2022 08:05:00 AM,41.851828943,-87.69286659,POINT (-87.692866589985 41.851828943004),C,7,2022,07:45:00
d1a43d0996fb1630273ad53370ebf682e4d16e179516834f4a29f51212486518ea49e798762d14019b1fbe9147d6ce9ae10c658e6db04386472910ea838149e2,2017-10-03 13:02:00,CLOUDY/OVERCAST,DAYLIGHT,WET,ON SCENE,10/03/2017 01:05:00 PM,41.882211292,-87.710898608,POINT (-87.710898608036 41.882211292041),C,10,2017,13:02:00
d11bc51311d7772dc8ae2b0308a4953353e3b595db39170f750ea228f5fee3884c4cdd2b3f8ee5402f06a2c2592bffddfa3ddab3ffcd05bbf2b4610c1b6f7cdf,2016-10-29 17:35:00,CLEAR,"DARKNESS, LIGHTED ROAD",DRY,ON SCENE,10/29/2016 06:00:00 PM,41.866711249,-87.676101605,POINT (-87.676101605034 41.866711249013),C,10,2016,17:35:00
d0e0a78b5ee0c0c7a167a7fce2797e7ac1a3424e8874c6b84ba4d373b6a2f49e34d0e3687ec30b9c40b745b1e9a54c446b1a5923731d69022adcba6a8af80b46,2017-10-12 09:20:00,CLEAR,DAYLIGHT,DRY,ON SCENE,10/12/2017 09:25:00 AM,41.983208978,-87.699307663,POINT (-87.699307663 41.983208978045),C,10,2017,09:20:00
d08c1c9d6a2c5168c66b54fbc8187d88d3d7a84b84fda5e5bf3e2b0da72f24de8937f71bcce84e8787bc73710152f03ff635a9f3d3add4a1ab5696b5bbd428e2,2016-08-23 14:15:00,CLEAR,DAYLIGHT,DRY,NOT ON SCENE (DESK REPORT),08/23/2016 02:50:00 PM,41.735617968,-87.682663369,POINT (-87.682663369002 41.735617967973),C,8,2016,14:15:00
d31d93ba61631e0fc7eaf4ed7dd364527d1718bf425f2e934d66b382cfdd67824ec420980490f0955cb10944a57bed9c50d32a4215965e06d6b30997217f9848,2017-08-01 15:30:00,CLEAR,DAYLIGHT,DRY,NOT ON SCENE (DESK REPORT),08/07/2017 04:30:00 PM,41.873860438,-87.700586149,POINT (-87.700586148982 41.873860438041),C,8,2017,15:30:00
d258f07daa45602b324e951a89da2a2d531dd95fa5183b6dbc9b14be393fb806e66a13162c2fa96047e8c474da4d4a79cad27fcc6ef881167e8e23c06b939bb1,2019-11-30 18:31:00,RAIN,DARKNESS,WET,ON SCENE,11/30/2019 06:31:00 PM,41.733150485,-87.575477449,POINT (-87.575477449037 41.733150484998),C,11,2019,18:31:00
d205443b8fbff52700247641ea26fc5f516f690b54759ad799de5cceaa91ad75f4ebe4b29436ca2cb440d23f752dff778f9881ea58422d3719b61a4d1a9d431c,2016-05-30 20:00:00,UNKNOWN,UNKNOWN,UNKNOWN,NOT ON SCENE (DESK REPORT),05/31/2016 07:51:00 PM,42.010018661,-87.709056552,POINT (-87.709056551967 42.010018660983),C,5,2016,20:00:00
d17b560e604c33add72cd55864423b1741db79f63a24fcf809e337f55e92159f094658faf5a66397b5b76ed5338b02e633d3c41c6991ed12e10879ba5bc667d5,2020-07-06 10:01:00,CLEAR,DAYLIGHT,DRY,NOT ON SCENE (DESK REPORT),07/06/2020 11:00:00 AM,41.932604222,-87.727148226,POINT (-87.727148226037 41.932604221966),C,7,2020,10:01:00
d14bb50cfda4a27e9142d3fa9075b5400451ebab38f4fc79348f704dfaf1994a4ef0acd5849b1418e6c603ac08d23218545825fea39cd0bd395f45373ddeb6be,2023-03-19 01:30:00,CLEAR,"DARKNESS, LIGHTED ROAD",DRY,ON SCENE,03/19/2023 07:30:00 AM,41.847851536,-87.721416011,POINT (-87.721416010966 41.847851535987),C,3,2023,01:30:00
d19d01703341b0e99b6c08cdc27d726d1d9520c2fd7bd10065258992e599d164ab7d7b35b140de2d4ce887b400ea227d079690cffa2e68fdc63346e45bb8eaf7,2021-06-03 15:00:00,CLEAR,DAYLIGHT,DRY,NOT ON SCENE (DESK REPORT),06/03/2021 04:02:00 PM,41.817683733,-87.6650402,POINT (-87.665040200043 41.817683733038),C,6,2021,15:00:00