CRASH_RECORD_ID,CRASH_DATE,WEATHER_CONDITION,LIGHTING_CONDITION,ROADWAY_SURFACE_COND,REPORT_TYPE,DATE_POLICE_NOTIFIED,LATITUDE,LONGITUDE,LOCATION,CRASH_TYPE,CRASH_MONTH,CRASH_YEAR,CRASH_TIME
d1979fc40908acd567b83d3abc061f5de5b2bea5465e3338175219e7fb28a2b0f5bad71caedeee4fd6a75e87e0e5374886715b35b43f16719883d038266cbe5b,2020-08-22 13:15:00,CLEAR,DAYLIGHT,DRY,ON SCENE,08/22/2020 01:16:00 PM,41.719697717,-87.594566749,POINT (-87.594566749029 41.719697717038),C,8,2020,13:15:00
d24696746a17587be84b08a469f90263e3d33b40e5b8c22bd40ef39db479d678f1d8e110e0c62e38d4e5c5c4adb657934fb7378fdc0d1bc7d7c779ae3c41c635,2018-09-05 09:40:00,CLEAR,DAYLIGHT,DRY,ON SCENE,09/05/2018 09:46:00 AM,41.780390452,-87.683818193,POINT (-87.683818193019 41.780390451976),C,9,2018,09:40:00
d0ca3fa3921e70fb9578ee97d772d8cdbd219b2a56620b8878edcea915a58b4312469539dabe58b21b8d67678b2a8c4cea565db4cae1f2ad9948b20dc99e01ac,2019-03-24 11:15:00,CLEAR,DAYLIGHT,DRY,ON SCENE,03/24/2019 11:22:00 AM,41.872538133,-87.715892963,POINT (-87.715892962957 41.872538132993),C,3,2019,11:15:00
d1c1ae81b2de4e431e4a0265e4adfb5740fe222271928952437e618535561830c9f42639db0c3b30588c462fe2199d8a6044cff611612de30517e76048dc174c,2019-01-09 17:30:00,CLEAR,"DARKNESS, LIGHTED ROAD",DRY,ON SCENE,01/09/2019 07:10:00 PM,41.835154906,-87.725588323,POINT (-87.725588322969 41.835154906046),C,1,2019,17:30:00
d19a31dbb32f31d1038cc2529fe51a0371753f3865511b37da3ba65641ff1850e87690a817c5e99324d732ac2193ccc198c2c5e3fcd278444ab27664530c1b5f,2016-03-26 17:00:00,CLEAR,DAYLIGHT,DRY,NOT ON SCENE (DESK REPORT),03/26/2016 05:40:00 PM,41.744151639,-87.585945067,POINT (-87.585945066953 41.744151639042),C,3,2016,17:00:00
d24016dcd81f94420b21e0b6a2dd7225833ebd327e2bb074d7c9b854fd0ec3350668328b3a53f530caef7ff7d998a5f6cec0ab9a0450ea8d680b3d5df14e8d70,2020-10-16 14:29:00,CLEAR,DAYLIGHT,DRY,ON SCENE,10/16/2020 02:39:00 PM,41.836772906,-87.725712341,POINT (-87.72571234101 41.836772905951),C,10,2020,14:29:00
d1fce3eeed986045d07b4439d6a16a39673259c149403dad5579a2954b9ef7c01249006db6fd3619d0232f631b54a10b4cd83b68e08a12a0d9e5232e2582cded,2023-04-01 15:10:00,CLEAR,DAYLIGHT,DRY,NOT ON SCENE (DESK REPORT),04/01/2023 08:00:00 PM,41.892820994,-87.764485366,POINT (-87.764485365992 41.89282099402),C,4,2023,15:10:00
d0eed63c82eef1f2aa5279d8d59918ac134a1fc9823c45dd567dc66f4f8f7752d57ffd2cd2ce4cea145650f605eb0615d1db860cffae7e08703a409a732f796f,2021-04-09 16:00:00,CLEAR,DAYLIGHT,DRY,NOT ON SCENE (DESK REPORT),04/09/2021 04:46:00 PM,41.659003412,-87.614901778,POINT (-87.614901777985 41.659003411956),C,4,2021,16:00:00
d0864c6f7c047e7f7be3e0844a4c082b4d7e0c4d8e1e7019094dee660a9e06b7a811367460767b57fc16fce6669584eeef8e473e1eb477f134b5d5ba7987b137,2021-04-23 05:45:00,CLEAR,"DARKNESS, LIGHTED ROAD",DRY,NOT ON SCENE (DESK REPORT),04/24/2021 05:20:00 PM,41.784571611,-87.7365231,POINT (-87.736523099999 41.784571610985),C,4,2021,05:45:00
d1a4111e1a0ba07903a97952842fb2b91e6703f662a8c41cf4db9ed931344de8a9ce2ceadfdccf026efb0e1e92134112eca6ad0b11600793bc0a9f224ab81fb6,2018-11-03 05:10:00,CLEAR,"DARKNESS, LIGHTED ROAD",DRY,ON SCENE,11/03/2018 05:27:00 AM,41.806183542,-87.619363353,POINT (-87.619363352971 41.806183541981),C,11,2018,05:10:00
d33e1101b1be903ac5fbd7a15d23ddbc6d8e328f79c16161d0b8752550a3eae3dfb9013b05a651e3d26bbe203f59d1a6a42b410bd427ca0c114337ce2dee5bb2,2022-09-14 17:14:00,CLEAR,DAYLIGHT,DRY,NOT ON SCENE (DESK REPORT),09/14/2022 06:00:00 PM,41.869396777,-87.651142133,POINT (-87.651142133038 41.869396776974),C,9,2022,17:14:00
d2a45c26717e0aa16bf56ffaef00b95557bb3d7f5ca6e744cb82347db7514f6be643374bc0e54e1004380735933396fcd38a8cb7c87ccb5ae3c09dc34dc84abf,2019-01-29 16:15:00,CLEAR,DAYLIGHT,WET,NOT ON SCENE (DESK REPORT),01/29/2019 04:55:00 PM,41.903487497,-87.664517209,POINT (-87.664517208961 41.903487497003),C,1,2019,16:15:00
d1e53d7bbeb3400d3d401a1367fdcce6a079acb50d46b339387827f3f9869b42cf848c15d6cc530be380b92718961c9b0b2d8d8a70d48107ba85fda2158be688,2020-12-22 11:54:00,CLEAR,DAYLIGHT,DRY,ON SCENE,12/22/2020 12:00:00 PM,41.744151639,-87.585945067,POINT (-87.585945066953 41.744151639042),C,12,2020,11:54:00
d1dba2ad563c17725ebe28eceabb227fc7580a30c6b4fdcca6953a8283f5b60572660fe977bab7ce913e7e35e7a2347f632a0e15f6533c65fba4bffae81e1310,2021-10-09 21:53:00,CLEAR,DARKNESS,DRY,ON SCENE,10/09/2021 10:35:00 PM,41.676363982,-87.642006427,POINT (-87.642006427018 41.67636398199),C,10,2021,21:53:00
d126f29985d7fc7f328bb836070caabd2c98166465dc687a464b943e75e881683b383be04c2d08bbe94f848eaeff286a951b314fe5111b17b4ebc8803ab332e9,2019-01-01 16:01:00,CLEAR,DUSK,WET,ON SCENE,01/01/2019 04:01:00 PM,41.939307519,-87.718735402,POINT (-87.718735402025 41.939307518988),C,1,2019,16:01:00
d2d1cc5e7f99fe6e0a86f08ab62cbf76de91884e26efd8d4fcf50ca2f3a4371f68f1f6bb4f6820cf6b8a7907ca686f6318a1002af4f5a43f53d5fb35c1f3289f,2018-05-24 19:00:00,CLEAR,"DARKNESS, LIGHTED ROAD",DRY,NOT ON SCENE (DESK REPORT),05/25/2018 06:00:00 PM,41.907808688,-87.721739584,POINT (-87.721739583991 41.90780868799),C,5,2018,19:00:00
d2a756c5fa2ab7aee972991b4a098ea01cb94603bd0432b5fd44bb02ecc7deaaddbad39d705a331133c09fa090fb6bb280c250da1116740b86c941c4a195d09e,2018-09-21 13:11:00,CLEAR,DAYLIGHT,DRY,NOT ON SCENE (DESK REPORT),09/21/2018 01:12:00 PM,41.7066395,-87.681482516,POINT (-87.681482515978 41.706639499989),C,9,2018,13:11:00
d16581631eb0799cd40bce802a325a248ed1a5e29d4299f05c09d22c5a0c4af3716033bdaaa7f590221b02fe462f3f4c75374f615fa31fcd3d50820dea989164,2018-04-30 12:00:00,CLEAR,DAYLIGHT,DRY,NOT ON SCENE (DESK REPORT),04/30/2018 12:30:00 PM,41.987455047,-87.666555652,POINT (-87.666555652047 41.987455047032),C,4,2018,12:00:00
d1e3a3786f6586766d34568da8ea44d5d6e24d303a2475eeb14a012c042e2b13d658ae23b16aec15ec12c85b22c4e33d7ee02303f6cbe240d316766c5364100b,2023-06-19 17:30:00,CLEAR,DAYLIGHT,DRY,NOT ON SCENE (DESK REPORT),06/19/2023 06:35:00 PM,41.913734769,-87.67738947,POINT (-87.677389469969 41.913734769009),C,6,2023,17:30:00
d1299c0b89f2d956b6afc24aa5c95d0ce93352cb86ea5c97f5d0cf64c2c0d45ce0953f82f2a35854ef4963107cc91714e8ce989d0d7f0731f3b81bef11f3251b,2021-06-09 15:40:00,CLEAR,DAYLIGHT,DRY,ON SCENE,06/09/2021 03:42:00 PM,41.737224497,-87.571691617,POINT (-87.571691617024 41.737224496974),C,6,2021,15:40:00
d3206d6a76790987a34cdf6108e69b84b6444d289283113759671917ec747aeb7d5f78b724bf2fb8638b2c5312b7f88add7c10050fcf89a4c50a0a835825ff47,2021-05-11 10:30:00,CLEAR,DAYLIGHT,DRY,NOT ON SCENE (DESK REPORT),05/11/2021 11:57:00 AM,41.947988017,-87.747288494,POINT (-87.747288493953 41.947988016986),C,5,2021,10:30:00
d33fd7feb5f72c06ba94499f21178aaeb92e2b44277bebd3b30602a3039a28d39e972db08b21904f78527fb8087076a25d5d6d55ce72be975d5829e1493060b3,2017-03-26 13:53:00,CLEAR,UNKNOWN,WET,NOT ON SCENE (DESK REPORT),03/26/2017 02:53:00 PM,41.919248314,-87.733813107,POINT (-87.733813106979 41.919248313993),C,3,2017,13:53:00
d0c8a5109a8d33e2ea38fdf18c15cbb828f1db81ba95df9158163580fc1ce85688161baaa65ee4206d1480c59d03378f52b7c86276365034575d1245eebcc172,2023-01-20 15:42:00,CLEAR,DAYLIGHT,WET,ON SCENE,01/20/2023 03:44:00 PM,41.967770366,-87.680627948,POINT (-87.680627947952 41.967770365952),C,1,2023,15:42:00
d0e16afee0da571b8f2e4f7e72f6e829ff315339ce3ab2c373943c1dbb9b63c87e8a21040ddd3445c713f16390258063c68cf43f1f3106bf936c0dda4691b88c,2018-07-04 23:30:00,RAIN,"DARKNESS, LIGHTED ROAD",WET,ON SCENE,07/04/2018 11:38:00 PM,41.883129509,-87.754002758,POINT (-87.754002757987 41.883129508965),C,7,2018,23:30:00
d2a14c0797257e06f8b771aff91679f03f3030036eb6e2e3b160c1b5afce6d0acf6e59c9ed33e84132bed882ad109e9aa506b5c52ad07917d9c3a3316d88f1fe,2017-05-21 03:00:00,CLEAR,DAWN,DRY,ON SCENE,05/21/2017 08:45:00 AM,41.859402636,-87.645006896,POINT (-87.645006896011 41.859402635956),C,5,2017,03:00:00
d278d778df02729b0010c316a22ffb49fceee5cd4a8e31992824f346afaddaabf15073e2a16c9d9ef012654555faae45f8a4747d02cc0467de1490ebd6cd9b56,2017-12-30 17:41:00,CLEAR,"DARKNESS, LIGHTED ROAD",DRY,ON SCENE,12/30/2017 05:41:00 PM,41.895527078,-87.699098183,POINT (-87.699098182975 41.895527077955),C,12,2017,17:41:00
d2f7cb742df48a3830063103dc006137c40df0d43330714dbdf2be3419e9587e9f241b863088ccaac7c7450664f11947687519f2a197dd6dee6b8950cb2a8882,2021-06-28 19:00:00,RAIN,DAYLIGHT,WET,ON SCENE,06/28/2021 07:11:00 PM,41.817683733,-87.6650402,POINT (-87.665040200043 41.817683733038),C,6,2021,19:00:00
d274f984eeb6f238a0b62fb2884646a63e02c1035d20d55f57e55dd136a90fa3a72324f47529fe6c289614b65e82ad15a529fade4f8e7a2fb3b447ed4d992f21,2018-11-20 06:45:00,CLEAR,DAYLIGHT,DRY,NOT ON SCENE (DESK REPORT),11/20/2018 07:08:00 PM,41.898341319,-87.618057856,POINT (-87.618057855957 41.898341319021),C,11,2018,06:45:00
d15dbadfa45693dd7da0a6ba815e7e06c5acfc26f521aeb058031ae47ad455a3d4dc55956f22c524cd024c6436fc95ba44233f2069391ba0aaa66fac6bb6f7d3,2016-05-21 08:10:00,UNKNOWN,DAYLIGHT,UNKNOWN,NOT ON SCENE (DESK REPORT),10/15/2016 10:30:00 AM,41.884546961,-87.64758764,POINT (-87.647587639978 41.884546961039),C,5,2016,08:10:00
d2173ec6c1d281303486a5b3aee82cb373c1608ca74fda86f51fa3be3e6d672248709bc646c4e984914f921df4e6d8502019e90a0eb320445a6fdb7dbb11acd0,2017-03-12 03:33:00,CLEAR,"DARKNESS, LIGHTED ROAD",DRY,NOT ON SCENE (DESK REPORT),03/12/2017 03:33:00 AM,41.82335199,-87.684735582,POINT (-87.684735581958 41.823351989952),C,3,2017,03:33:00
d27a1aac0f55dc726168e51f30d2bca3e1877f545ceaabcb4c2514ff458141c4be1b8e9579747037fab9ef55c8009689bac6af4005e1eede71780c48c115b257,2017-09-25 18:06:00,CLEAR,DAYLIGHT,DRY,ON SCENE,09/25/2017 06:18:00 PM,41.836772906,-87.725712341,POINT (-87.72571234101 41.836772905951),C,9,2017,18:06:00
d3355d4fbf78064d13e6aa34069242a5be0aa382e2e8020d16b27a6c1b929eb52caab8ad09d36cdaf367c2790d96a8eb51676e7ec83ab55d46d3f86d5c55d898,2022-10-12 17:30:00,UNKNOWN,UNKNOWN,UNKNOWN,NOT ON SCENE (DESK REPORT),10/12/2022 07:00:00 PM,41.916943272,-87.737404588,POINT (-87.737404587992 41.916943272033),C,10,2022,17:30:00
d0b6a838afefa671d4aa1c0a0dd05ac5896cab978d191e6bbb1097bbb01a992b6209689185318b9870ecca1945a370f8edadc340a50d866c2beb8d44ae03886b,2019-07-29 17:30:00,RAIN,DAYLIGHT,WET,ON SCENE,07/29/2019 05:45:00 PM,41.800320649,-87.731632654,POINT (-87.731632653996 41.800320648972),C,7,2019,17:30:00
d2a5ee380cf87106da8e695b9291abe54d132975760df4a0e749481db63ba86232ca784b99b99f7ca630b55a690127fb5c1b785cae3b365b2d2afb0fb512b1ce,2022-03-16 16:57:00,CLEAR,DAYLIGHT,DRY,ON SCENE,03/16/2022 05:01:00 PM,41.896737923,-87.620221354,POINT (-87.620221354034 41.896737923045),C,3,2022,16:57:00
d2c35f24fbfbf3ad30e7dea35a44ab8df08ed3060c5b1347b4678ffbdaeb312f3b89ddea0519b956731dcd53852774904ce81548f1d3331d1298b04e16d5941c,2021-10-31 04:30:00,CLEAR,"DARKNESS, LIGHTED ROAD",DRY,NOT ON SCENE (DESK REPORT),10/31/2021 12:57:00 PM,41.857256342,-87.641998607,POINT (-87.641998606956 41.857256341988),C,10,2021,04:30:00
d12a7c4133087a419c53c5ee13c3100d67c37af1b0d1b8d5408268f46c30a32e402af41be8e08d0e1ea7d4fe05b47d79a123758ebe7ea5c6d3572990bf3a4668,2019-09-09 18:00:00,CLEAR,DAYLIGHT,DRY,ON SCENE,09/09/2019 06:05:00 PM,41.920676631,-87.775630269,POINT (-87.775630269041 41.920676630982),C,9,2019,18:00:00
d2eafe11b937af826b5747b7addb01d6113ccf3ae3969598d7011be7470b0b7bb3fb2102e94e112145e350fff867945f22860d155f728fbafb60cda402167fd5,2018-11-14 18:36:00,CLEAR,DAYLIGHT,DRY,NOT ON SCENE (DESK REPORT),11/14/2018 08:00:00 PM,41.919208855,-87.653552927,POINT (-87.653552926998 41.919208854977),C,11,2018,18:36:00
d1fb8185a9f5a2ca37fa22e9bd3ca1b755ddc99295d551229c67c3ef0a214c8ea5363d385b40c785b4eecba6edceab7f05fb996f5967557da57bf67018acb640,2020-09-25 23:34:00,CLEAR,"DARKNESS, LIGHTED ROAD",DRY,ON SCENE,09/25/2020 11:48:00 PM,41.990024694,-87.728708871,POINT (-87.728708871015 41.990024694008),C,9,2020,23:34:00
d094c98363ca2611548f4e5c17993a5c11bf243701c8f24c587ab5e52cd4335fd65549801a6992248740bfac4040b545cd6a3f22db9322480d07db01cf3d3f3b,2017-04-20 10:25:00,RAIN,DAYLIGHT,WET,NOT ON SCENE (DESK REPORT),04/20/2017 02:30:00 PM,41.735617968,-87.682663369,POINT (-87.682663369002 41.735617967973),C,4,2017,10:25:00
d26fbc5a96472260648182cf1eafebfcff8f1c93e5da4e32ba3fb28053a55fbe335e984ba0f9797f23188f9e67cb71a14d093e6ffee6589f00c6090c69026655,2018-11-18 02:30:00,SNOW,"DARKNESS, LIGHTED ROAD",WET,ON SCENE,11/18/2018 02:37:00 AM,41.6621277,-87.64148984,POINT (-87.641489840003 41.662127699955),C,11,2018,02:30:00
d2409596df0491e4d5e7d6b3be9f5e6d1f9880dfb868479f77fea4026b9d0cc6664712e3812aa5528ccafcbe34694703096b157c2392564699f1e8f82a84153a,2020-10-10 17:40:00,CLEAR,DAYLIGHT,DRY,ON SCENE,10/10/2020 05:43:00 PM,41.831375098,-87.605773635,POINT (-87.605773635017 41.831375097982),C,10,2020,17:40:00
d1cff84af0650e04f0d2550f0f8550ce5caa6706ec802effa4ceed80313f9d4ef37f7b8839fdba7f427f100ce4b43eab36c782106f6681be0dea64febac3d8e7,2019-04-25 18:30:00,CLEAR,DAYLIGHT,DRY,NOT ON SCENE (DESK REPORT),04/25/2019 07:07:00 PM,41.89139611,-87.639637294,POINT (-87.639637293995 41.891396110017),C,4,2019,18:30:00
d0c75acfed2d754d1a662d37f36818dbc36a76dd61a156f4bdd3c4fcaff1e7b95b93d2439c74a4dfd57cbf557aaeea5e97b516d46f009f95be1a417201d27fae,2020-09-28 14:20:00,CLEAR,DAYLIGHT,DRY,NOT ON SCENE (DESK REPORT),09/28/2020 02:30:00 PM,41.86682801,-87.625963269,POINT (-87.62596326902 41.866828010004),C,9,2020,14:20:00
d16c661acf9f67e558379a6f50843c99f2b422c2ab7d23fd20b3278ee30286343ef669b44501127bdbe246b3472d07f98b283063647e8d93aab8cfb7cf52a068,2019-11-30 19:33:00,RAIN,"DARKNESS, LIGHTED ROAD",WET,ON SCENE,11/30/2019 07:33:00 PM,41.891955277,-87.617777237,POINT (-87.617777237011 41.891955276985),C,11,2019,19:33:00
d2938e8373d15d02e2e5cb7ba6338ec8e30caeb401d7a3367fafc9689ad709b6059834a44124fd9dad635321c62ba33e6579d2940b7666fd23e8669e0204ed2f,2016-10-18 07:45:00,CLEAR,DAYLIGHT,DRY,NOT ON SCENE (DESK REPORT),10/18/2016 08:32:00 AM,41.929347881,-87.687945585,POINT (-87.687945584958 41.929347881041),C,10,2016,07:45:00
d1f0d9451a82bc4ae3cb6100bbaece3d4b327e3bf4b9ba6545e21ffa53796048e6676afbcabc1dad2189dafdaf238ff3ff6c93e4e53557cd8e7483e316cf2a42,2021-03-13 16:39:00,CLEAR,DAYLIGHT,DRY,ON SCENE,03/13/2021 04:42:00 PM,41.77323448,-87.585162528,POINT (-87.585162527989 41.773234480031),C,3,2021,16:39:00
d151da900f9426a8f19f6e9913db989e11ae3754a83d1d3e4ab2c742a034fce694680b254eec4f8ccf1de3c2e5e9110dec110bec5a1b1ccb01ec29ace2956c60,2023-01-26 00:05:00,SNOW,"DARKNESS, LIGHTED ROAD",SNOW OR SLUSH,NOT ON SCENE (DESK REPORT),01/26/2023 06:31:00 PM,41.692165553,-87.636476193,POINT (-87.636476192976 41.692165553021),C,1,2023,00:05:00
d0896410c82d01710b7bc490067c781710944d38e7062e5f1e0bbe039d6e9e79a833ac6bdae3fd1fda5c3208f3da7598e5061daaa55012b32015f74ce58e27c5,2019-10-03 18:30:00,CLEAR,DAWN,DRY,ON SCENE,10/03/2019 06:37:00 PM,41.954068242,-87.678604449,POINT (-87.678604449027 41.954068242042),C,10,2019,18:30:00
d08ae2870378cdbce19fd786334fdcc4f216b76c448ead14ed093fe196b196b550aeee4af45e32ab8ef1909de1ac67683efe1107ecb4afe00c5c21a99e8b1f3b,2022-09-23 05:38:00,CLEAR,"DARKNESS, LIGHTED ROAD",DRY,ON SCENE,09/23/2022 05:39:00 AM,41.903536788,-87.661859583,POINT (-87.661859582959 41.903536788031),C,9,2022,05:38:00
d25a08764281f384884c0dc2e7963029ee0c09e2d9ec61cb2ef65256358010a6c72edb6efdd54a9dab673109d176e5a107d26c886cac2ae07065889511a1e27c,2018-06-30 14:19:00,OTHER,DAYLIGHT,DRY,ON SCENE,06/30/2018 04:15:00 PM,41.931671594,-87.727631537,POINT (-87.72763153697 41.931671593958),C,6,2018,14:19:00
d0f500c0f9e962301c4bfadcb8ec9283e03b1719ca980b4051a474006dfc8376cf7040b65a39d890b6934d6b0f44614086538858589bed3d3eabe06d3f90c5c8,2022-11-04 19:20:00,CLEAR,"DARKNESS, LIGHTED ROAD",DRY,ON SCENE,11/04/2022 07:26:00 PM,41.895499511,-87.723699547,POINT (-87.723699546998 41.895499510995),C,11,2022,19:20:00
d2d7a923176c46d2319ca89f80c3cd71fd7ed5caf9573e5326e4362651ad81c774b478d6270d377433d025c735b78b137cebe53f843ab988e03d548fcba85944,2016-04-08 17:30:00,CLEAR,DAYLIGHT,DRY,NOT ON SCENE (DESK REPORT),04/08/2016 06:45:00 PM,0.0,0.0,POINT (0 0),C,4,2016,17:30:00
d120a38b7c8e0bc886054b9caf0141911c3d8b91f72060660c734b09cf29a75eccb4b69298be63460faeec8cabd652c6248970e0191148dac86832cb0c33d3cc,2023-03-07 14:45:00,CLEAR,DAYLIGHT,UNKNOWN,NOT ON SCENE (DESK REPORT),03/07/2023 04:35:00 PM,41.744151639,-87.585945067,POINT (-87.585945066953 41.744151639042),C,3,2023,14:45:00
d0e8b893038dfdce6ccb0881755e862a09e8a0177f3b0b8485c51de92c5e459fd13322346c59ed843db3c06a2068fd5e579bf57ecd1371207a1d39b1fb3b0719,2019-07-20 15:00:00,CLEAR,DAYLIGHT,DRY,NOT ON SCENE (DESK REPORT),07/20/2019 03:50:00 PM,41.953750194,-87.728489892,POINT (-87.728489892005 41.953750193958),C,7,2019,15:00:00
d161f523c643135cdeb5b471e61170ebba3b9791655f3bb051778ae982726c58e7f9d40d46956a56f1cbca8708c6eee54ac29fbba393676dee6d1c0fbb582028,2021-01-19 18:12:00,SNOW,"DARKNESS, LIGHTED ROAD",SNOW OR SLUSH,ON SCENE,01/19/2021 06:12:00 PM,41.868128454,-87.704440493,POINT (-87.704440493 41.868128454043),C,1,2021,18:12:00
d0c89b6adb41320013d2ee5a2be8e85d90d2c4b749effb008acc31dd10166b8748542b28ee365d561a49d43a8093d6e23377adce38468f33a9bd8d458218516d,2020-03-03 06:48:00,CLEAR,DAYLIGHT,DRY,ON SCENE,03/03/2020 07:05:00 AM,41.721150404,-87.658966651,POINT (-87.658966651043 41.721150403976),C,3,2020,06:48:00
d0e96ee346fe1ecf594e3e8778a35dc12bebc88c4aa7625233d74e1a0356eeb91798796783b3943a1f791b87f347e34a1f266d4c675179785733ddb717406525,2021-07-01 05:15:00,CLEAR,DAYLIGHT,DRY,NOT ON SCENE (DESK REPORT),07/01/2021 06:00:00 AM,41.705830533,-87.681748923,POINT (-87.681748922952 41.705830532995),C,7,2021,05:15:00
d42616e4c741d15517c8268d14001e8dd56a8a68c7c7f63f6c50d7e347d09e680d9503ff63c97298783ba35401067b7c3e5c7885b6e69fcb38adb66549cae6ce,2023-03-10 15:00:00,CLEAR,DAYLIGHT,DRY,NOT ON SCENE (DESK REPORT),03/10/2023 04:17:00 PM,0.0,0.0,POINT (0 0),C,3,2023,15:00:00
d2e7ae3f0ca2f533f2232deecbc5ae72df9f42b36667483520edc06eb79266388f6af15471c36346abf1d43dc909d5224ababaa30f2c5d09639d1490862251ce,2017-06-16 11:00:00,CLEAR,DAYLIGHT,WET,ON SCENE,06/16/2017 11:05:00 AM,41.75872376,-87.585590902,POINT (-87.585590902031 41.758723759994),C,6,2017,11:00:00
d0cb3b2011e94fe8567acec4882f427efff79fd47bdb06d14a6fa91fb07f8b0b70ff5d8af584c687cc076029ffdaff7e1f504d051ae31738a815492513fc4c22,2020-09-28 09:10:00,RAIN,DAYLIGHT,WET,ON SCENE,09/28/2020 09:12:00 AM,41.778769193,-87.575376158,POINT (-87.575376158009 41.778769193018),C,9,2020,09:10:00
d13fd34265d636cb9e1643a19b17a511dd407b6d3b00e91c9931934cece7432ad6ca5de8e79db48d047071bb7f1f8e6577ed54131924e94e2bf880c65c33089e,2016-07-14 17:30:00,CLEAR,DAYLIGHT,DRY,NOT ON SCENE (DESK REPORT),07/14/2016 07:20:00 PM,41.744151639,-87.585945067,POINT (-87.585945066953 41.744151639042),C,7,2016,17:30:00
d1d1a527bdee1958d8615ee67acf005fc6d478a2be7f2853d174798f473e9e698b371f93a088d4b400e37834d6ce6c892dc9fb960f7650445bc9ce04affc0c11,2021-11-11 17:11:00,RAIN,"DARKNESS, LIGHTED ROAD",WET,NOT ON SCENE (DESK REPORT),11/15/2021 11:30:00 AM,41.771325976,-87.620118924,POINT (-87.620118924007 41.771325976049),C,11,2021,17:11:00
d320c0a90cc016e9a4223a53cf558c7c17ca512ec22ce7885df341962751251fec7b00c7a3281fea5746b887198cc491cbac8362f937adb973e39a90d3dd2c46,2020-05-06 12:30:00,CLEAR,DAYLIGHT,DRY,ON SCENE,05/06/2020 12:35:00 PM,41.959702199,-87.747352139,POINT (-87.747352138954 41.95970219897),C,5,2020,12:30:00
d325b7ca5013abcb0008b8227839c094ad0695690c44efa334fa48be2a9512804b8044066d3034d527beb729137a55ed18880b4fa5d69e6f19d7b333b92195b2,2022-11-16 16:52:00,RAIN,DARKNESS,WET,ON SCENE,11/16/2022 04:52:00 PM,41.796705111,-87.606421756,POINT (-87.606421756047 41.796705111008),C,11,2022,16:52:00
d270bd478d1afa05d8afbd92fa8b08e18e27d9fcce840ea763513fadb32b8f90ec9ac679038cf4d2b6d13e3896716505c71c481449a551e5cd6835a77b60ff91,2020-04-06 16:18:00,CLEAR,DAYLIGHT,DRY,ON SCENE,04/06/2020 04:18:00 PM,41.723118162,-87.553998563,POINT (-87.553998562978 41.723118162044),C,4,2020,16:18:00
d2ecbcd7061662a56b74969cfb7757d60f48e80f0395ac8e908a58b67aee9764bdb264b2f0f3ce845eac4ee1eab2f8a5eebf6ab3222828c303d5d7e328875c00,2018-10-07 21:30:00,CLEAR,"DARKNESS, LIGHTED ROAD",DRY,NOT ON SCENE (DESK REPORT),10/08/2018 12:20:00 PM,41.902815701,-87.717648644,POINT (-87.717648643968 41.902815700998),C,10,2018,21:30:00
d0f3593baa89eaddfe685638c364f9a46349dff06833f1943e84430be20cbae6dd94e217d015f7623ccf5e69d53b721c61db3bfeb3351f588609d991c59646c9,2021-04-02 15:20:00,CLEAR,DAYLIGHT,DRY,NOT ON SCENE (DESK REPORT),04/02/2021 03:40:00 PM,41.785387445,-87.606183761,POINT (-87.606183761008 41.785387444959),C,4,2021,15:20:00
d428adb82ececaa50f247a99343266589a35fadffb149a18a5f86416221ac4082875dc6b9cb49fadbe0ce068f3dd139ba030a74d32693b04487313a990961683,2018-11-09 08:00:00,SNOW,DAYLIGHT,SNOW OR SLUSH,ON SCENE,11/09/2018 08:05:00 AM,41.895784449,-87.721352746,POINT (-87.72135274599 41.895784448963),C,11,2018,08:00:00
d605e1e20306aa28fa6941f9cfab1e752ce639d64277f5f7d4a422cbe780db491166a54d3b512cbf582ee40c2ec2fa202bac30b7e62b0f914d55d4a28ba30a25,2022-08-12 15:00:00,CLEAR,DAYLIGHT,DRY,NOT ON SCENE (DESK REPORT),08/12/2022 07:00:00 PM,41.89645528,-87.650417352,POINT (-87.650417351974 41.896455279964),C,8,2022,15:00:00
d62352935faf8077b61f1acab9cd3a6f38f15611a00aec6a8677808a7c1aa1da292723f4414d61b868ab33470b04503ba6ed86615ef3705ba26a026366ab8a76,2019-04-09 14:00:00,CLEAR,DAYLIGHT,DRY,NOT ON SCENE (DESK REPORT),04/09/2019 05:15:00 PM,41.822958463,-87.691425915,POINT (-87.691425915045 41.822958462973),C,4,2019,14:00:00
d51007fa89e160c43163c8644a60921afe6e035f68d7b1ce683a0a2cf2a53dc02f8f18e7abba0f19b097249b7cc5e0d11a34f69e46573096c4ea4317fc50b549,2020-03-05 11:21:00,CLEAR,DAYLIGHT,DRY,NOT ON SCENE (DESK REPORT),03/05/2020 04:45:00 PM,41.877975138,-87.638422171,POINT (-87.638422171041 41.877975137969),C,3,2020,11:21:00
d4547c5a0b1bb26bb45a6037a11040e7359223a4c97aeb0d35938b63e896160ce44cdf4861fb92523d86484379f1497e1e0f770c975eefbb74f2a062d8755a00,2021-01-17 10:00:00,RAIN,DAYLIGHT,WET,NOT ON SCENE (DESK REPORT),01/17/2021 10:09:00 AM,41.837680352,-87.651281368,POINT (-87.651281367953 41.837680351988),C,1,2021,10:00:00