CRASH_RECORD_ID,CRASH_DATE,WEATHER_CONDITION,LIGHTING_CONDITION,ROADWAY_SURFACE_COND,REPORT_TYPE,DATE_POLICE_NOTIFIED,LATITUDE,LONGITUDE,LOCATION,CRASH_TYPE,CRASH_MONTH,CRASH_YEAR,CRASH_TIME
d5b58615187eb501140d39dc477c8d5e36f136fe4ad633e44a4bf22983dee96455baca15e294705c10c3a128015505a28dcd1de0e5de9a45159fee1cc0bb221a,2019-10-20 18:30:00,CLEAR,DAYLIGHT,UNKNOWN,NOT ON SCENE (DESK REPORT),11/05/2019 02:15:00 PM,41.802877188,-87.681434742,POINT (-87.681434741994 41.802877188022),C,10,2019,18:30:00
d3b89547174bea41a1bbaede87666c114937427b8b76d66cb091d8dc2533f8b05cf873a5592a8eb7f14addfa4ac03e9092b529b048f8f98441d52a490022704c,2022-10-16 20:24:00,CLEAR,"DARKNESS, LIGHTED ROAD",DRY,NOT ON SCENE (DESK REPORT),10/16/2022 09:30:00 PM,41.677344191,-87.680554139,POINT (-87.680554138993 41.677344190967),C,10,2022,20:24:00
d397b42ad19ecd77f8e5bd359faa4cd299ba0a8ee2851c9e83cdd68fdef793b7e97475d4ad2df71547f1af75a340e63d9472d2b056d896611b68c968dd09d8f9,2019-10-27 12:00:00,CLEAR,DAYLIGHT,DRY,NOT ON SCENE (DESK REPORT),10/27/2019 12:13:00 PM,41.886339416,-87.62083615,POINT (-87.620836149956 41.886339416011),C,10,2019,12:00:00
d460a5cde852815187d52b6afa13b02ec12c364459fe57d76096fa861ae3328a08c7020cf577a01cfabeea3487489429ba2fa9f11acf4bce1c34e128e052c412,2022-05-04 12:59:00,CLEAR,DAYLIGHT,DRY,ON SCENE,05/04/2022 12:59:00 PM,41.779473099,-87.649490709,POINT (-87.649490709001 41.779473099003),C,5,2022,12:59:00
d49b2cd6396b0a76621a834647e8e502735c1f7d8ae2d4d0e2960e21fcf8eaf86b5caa5ddeaa07252c7f1303172cdfab40ad855e3a283da72543902901c34dbb,2018-08-14 15:30:00,CLEAR,DAYLIGHT,DRY,NOT ON SCENE (DESK REPORT),08/23/2018 02:00:00 PM,41.830728826,-87.655813252,POINT (-87.655813252029 41.830728825995),C,8,2018,15:30:00
d3667d9086e6b23a8ee9109db237c4a9598f7968e752628ac20a412fa9b317840ac273c74bc0ff9cc4a643270555916fd91cb3660c910310da2b0f5e91333f07,2016-09-17 16:30:00,CLEAR,DAYLIGHT,DRY,NOT ON SCENE (DESK REPORT),09/17/2016 05:30:00 PM,41.882225032,-87.641057295,POINT (-87.64105729502 41.88222503198),C,9,2016,16:30:00
d3dbf990b8e39dbc7ac0d480a4bf0fa198ed31de120a54e46569faca25fd6752d4ee382c235c90cc25008a565b99b5d6abe31b424d961fe802acd11112209a9f,2017-08-03 13:50:00,CLEAR,DAYLIGHT,DRY,NOT ON SCENE (DESK REPORT),08/03/2017 03:00:00 PM,41.774459412,-87.576089008,POINT (-87.576089008045 41.774459411975),C,8,2017,13:50:00
d3c5093972289b68069d22a6bbd7c8ab8dd2cbfe80cd1c4da251667d2e8d14c89771cbb48181ad3cd4f0f3c60c4e2c81ef83b49c7f62fc1976aa364d937b8e3b,2018-07-24 18:30:00,CLEAR,DAWN,DRY,NOT ON SCENE (DESK REPORT),07/25/2018 12:50:00 PM,41.744151639,-87.585945067,POINT (-87.585945066953 41.744151639042),C,7,2018,18:30:00
d5e8d33b71cd715941edaf736b673df3c5be935c3bc891bcf2493008557fd12ca3f621a27bee13271c21892eec1014bcd1fcd5a98c5eabedce3e5ae72ec3604b,2019-12-17 15:00:00,CLEAR,DAYLIGHT,DRY,ON SCENE,12/17/2019 03:00:00 PM,41.703243134,-87.701095989,POINT (-87.701095988993 41.703243134),C,12,2019,15:00:00
d6107a3369b37c8dd00c50633d8d53696151ae814eadc155d3f01229d0c8add6260591512f5c053524c3c2a6b8c417d9cf8488e67be423db8f8c8e6408c8873b,2018-02-07 08:00:00,CLEAR,DAYLIGHT,SNOW OR SLUSH,NOT ON SCENE (DESK REPORT),02/07/2018 08:33:00 AM,41.955549054,-87.683801946,POINT (-87.683801945993 41.955549054004),C,2,2018,08:00:00
d6265f091de19b80488c1db2f2667a9353d973e12aed916920939913eaa3468e5c42b530a04b31142f670caa41a8139571de151b53b9d7e15dffd96e47fe326a,2016-06-23 12:45:00,CLEAR,DAYLIGHT,DRY,NOT ON SCENE (DESK REPORT),06/23/2016 01:00:00 PM,41.847477765,-87.617218167,POINT (-87.617218166986 41.847477764972),C,6,2016,12:45:00
d373098e1cdfecf9f85ed6012f3f67de10247319e64a1f67da99c6f850c4122aabc3e2dbf27780224c5ea5dcf656e654796f55266dcd0f3e4584a66bd50c087d,2018-05-21 02:45:00,RAIN,"DARKNESS, LIGHTED ROAD",WET,NOT ON SCENE (DESK REPORT),05/21/2018 10:31:00 AM,41.872964481,-87.698651649,POINT (-87.698651648952 41.872964481008),C,5,2018,02:45:00
d5f1794175f2d0a31b35a33f546d58cba3f8353401c2ff0c25eee868bcfddd1ad7984ea7c6920ff37e0448976a1ec3ab4a87b61995b3e4fd711420d1d5c302ed,2017-01-02 10:00:00,CLEAR,DAYLIGHT,DRY,NOT ON SCENE (DESK REPORT),01/03/2017 12:28:00 PM,41.995579197,-87.675876884,POINT (-87.675876883986 41.995579196996),C,1,2017,10:00:00
d60254ba17f84db318d6706b8a781e55600b96e68511ce83e37e4a668dd7592831e7709b0176bd8a90b1d6e5579cdbf2b8b4c8d6ec35ee4084c7ed2c21a3c567,2016-04-10 20:30:00,RAIN,"DARKNESS, LIGHTED ROAD",WET,NOT ON SCENE (DESK REPORT),04/10/2016 09:30:00 PM,41.79573461,-87.762555326,POINT (-87.762555325992 41.795734610035),C,4,2016,20:30:00
d4030a87916c6a2d84b1460ba6ef5f25eafc6daa4bcdeb175d0f5f7ba46451af2a57d8d7eaebc38600cb5a6e8b9e6fd924abd2a59359fc7671f8d32c0fd5b782,2019-01-05 16:20:00,CLEAR,DAYLIGHT,DRY,ON SCENE,01/05/2019 04:24:00 PM,41.778568266,-87.739786769,POINT (-87.739786769031 41.778568266034),C,1,2019,16:20:00
d59fc6d7e7bce035213037b919b9e3c9adef3ee245bd36fe0486c498ec9048836c4009911996f6ab844288b77009102bcf6a89ed60ec23d11d12a747d503a440,2019-01-27 00:02:00,SNOW,"DARKNESS, LIGHTED ROAD",WET,ON SCENE,01/27/2019 12:07:00 AM,41.905697826,-87.629704561,POINT (-87.629704560956 41.905697826047),C,1,2019,00:02:00
d4ce77b0bc19b259ad0deea5ebf7fcf6cd48a7a8450a9fb146efa539045d4221dee3ec5ac3d34c3ab23f835290134acedc109e295340a1ae9ed6960bbfc4f453,2020-11-01 11:40:00,CLEAR,DAYLIGHT,DRY,ON SCENE,11/01/2020 11:47:00 AM,41.83892895,-87.646152419,POINT (-87.64615241901 41.838928949964),C,11,2020,11:40:00
d3f3cc646a53e0ad2fa77c7f561bbc4fc6b68396300f83f45d364c925e5a82ad1b98de5c1e18168077c8a177d1c4c4d5542e890c62212b34cda22ed5f75a3a66,2018-11-30 16:35:00,CLEAR,"DARKNESS, LIGHTED ROAD",UNKNOWN,NOT ON SCENE (DESK REPORT),11/30/2018 06:20:00 PM,41.81631234,-87.640722222,POINT (-87.640722221958 41.816312340014),C,11,2018,16:35:00
d53a309090236883d2e7da03bb9cb092f047984cc5f3ae9008c074543f381ed13f7fe0801f329eecf060e0d64e832feb6e48fecc6e8d8076542b8ed0a56abe54,2019-06-19 14:50:00,CLEAR,DAYLIGHT,DRY,NOT ON SCENE (DESK REPORT),06/19/2019 04:00:00 PM,41.875008491,-87.673536864,POINT (-87.673536864033 41.875008491025),C,6,2019,14:50:00
d4feaad5d7331dc7714837724600be8b71e536d0d0ffd24d1ac259561faabed3fe1429ff7b27816bde138bde7c79f51f0cd0e3cb85453cfd448f383ff449ec9b,2017-05-25 04:45:00,CLEAR,"DARKNESS, LIGHTED ROAD",DRY,NOT ON SCENE (DESK REPORT),05/27/2017 12:09:00 PM,41.926584428,-87.690209576,POINT (-87.690209575972 41.926584427955),C,5,2017,04:45:00
d3e7717e9bf7e87f74f1dba928e20f6ec97c574cc00fee77255058810c895bcc7c365a392e227ff6dd87469ba397ab5059499521dae0736f364ee1f2c457b655,2023-02-28 17:30:00,CLEAR,DAYLIGHT,DRY,NOT ON SCENE (DESK REPORT),03/01/2023 06:45:00 PM,41.893918609,-87.624085833,POINT (-87.624085832985 41.893918609004),C,2,2023,17:30:00
d42dd8712419d7a9c0f7c0eec475cd88b328e2e29e142d5dcb5b3ecd4371eadb5f8ed7f291e5eae54e0e15fedf9d3f23675732ffd25a2d0654cf5d52c085748b,2022-02-03 07:50:00,CLOUDY/OVERCAST,DAYLIGHT,SNOW OR SLUSH,NOT ON SCENE (DESK REPORT),02/03/2022 08:27:00 AM,41.907129906,-87.674446409,POINT (-87.674446408978 41.907129905993),C,2,2022,07:50:00
d3505b4b20bfc240b0884125a62f61e101a12e0e11dab69f208e6159f4c98e1318c3b5ff6d16cd0e690eb10066c8d3beca19b11ea9b0cd99f194a326f61335ab,2022-03-25 07:59:00,RAIN,DAWN,WET,ON SCENE,03/25/2022 08:11:00 AM,41.86434945,-87.719319075,POINT (-87.719319075007 41.864349450029),C,3,2022,07:59:00
d4f89211269642193cb64a9e64b1cf50516dfbc9971876a39da6ec111b1fda6bc823df64c05dc208735a22ebf9bc946ad891b8890bd6f4c03354e9a81949a071,2019-04-14 05:30:00,UNKNOWN,UNKNOWN,UNKNOWN,NOT ON SCENE (DESK REPORT),04/17/2019 06:47:00 PM,41.924490094,-87.717288131,POINT (-87.717288130979 41.924490093998),C,4,2019,05:30:00
d36be4989277f2367522981031eb8bf6413f5cc3f07e2c8001aad7a2a875599a4dd133df8d1b9ed403aabd3baa3de0f1c11f32d55a8a38c93903a7b3753aa35d,2022-07-11 09:10:00,CLEAR,DAYLIGHT,DRY,ON SCENE,07/11/2022 09:40:00 AM,41.915264524,-87.69728163,POINT (-87.69728163001 41.915264523997),C,7,2022,09:10:00
d428d1e5e80fef4eea07f216eb79bc7132d5c10e9a99e64d2b72d4924fb8044593a16681f5318b1d525f12af001a5617192c22f937d716b19ceb103c50f02c70,2017-12-22 10:15:00,CLEAR,DAYLIGHT,DRY,ON SCENE,12/22/2017 10:38:00 AM,41.938349123,-87.790716543,POINT (-87.790716543026 41.938349122986),C,12,2017,10:15:00
d3eec24adba15b3571394e40bb3e39fd1794a25c4da778c73f85b3818fe94b6d396717ac23029d9fdd974fc60c1ba8b69dc321b2ca062b92a168320e740b6593,2020-02-14 03:17:00,CLEAR,"DARKNESS, LIGHTED ROAD",WET,ON SCENE,02/14/2020 03:19:00 AM,41.837732675,-87.66589445,POINT (-87.665894449999 41.837732674972),C,2,2020,03:17:00
d4c3e8e6ec6f349f3e914729e164827b0486c43e09d02e250c75caf5d8b2c73b69d03d9651fbef13da51be95ad8d50534b80bda52537e045611d3a1639cb5bf6,2022-06-08 17:00:00,CLEAR,DAYLIGHT,DRY,NOT ON SCENE (DESK REPORT),06/15/2022 07:04:00 AM,41.830728826,-87.655813252,POINT (-87.655813252029 41.830728825995),C,6,2022,17:00:00
d5bf0975e430f31e5123d07c71477909c6f25321afce42cb5933d42e2d1c620ee89f627ceb4f9b1d5e0e2e81e2572de610ec821473dba602e0a629636336c8a6,2021-08-18 07:44:00,CLEAR,DAYLIGHT,DRY,ON SCENE,08/18/2021 07:44:00 AM,41.887084488,-87.765251013,POINT (-87.765251013039 41.887084488033),C,8,2021,07:44:00
d5bb248474e813e02637e5b005acbd4d25847aa87e09a94f7f3a40ccda072268f670e02ff98598e72edc2fb5c8332e2eef3595da2d4fd1923069429617a477fc,2019-12-06 09:45:00,CLEAR,DAYLIGHT,DRY,NOT ON SCENE (DESK REPORT),12/17/2019 10:00:00 AM,41.903639931,-87.65554697,POINT (-87.655546970003 41.903639930952),C,12,2019,09:45:00
d58db61e5b84c4c8c267e551810c67c2cdf191c2b172ce6fe462470be42c6c6f0f29096aef26e9b8ecfe439a321c515c440e48625483e0e30ee508d9cd093909,2017-06-07 18:15:00,CLEAR,DAYLIGHT,DRY,NOT ON SCENE (DESK REPORT),06/07/2017 06:45:00 PM,41.954105717,-87.693290369,POINT (-87.693290369008 41.954105716988),C,6,2017,18:15:00
d3ad9f9354aaac9a6ce61bb9354f4f215030034e514846cfef1e6f7e469a3ce19442f49589814b90f257f391c8402c5d21361bd5094685571cd9796124838caa,2019-12-13 22:00:00,CLEAR,"DARKNESS, LIGHTED ROAD",DRY,NOT ON SCENE (DESK REPORT),12/13/2019 10:35:00 PM,41.744151639,-87.585945067,POINT (-87.585945066953 41.744151639042),C,12,2019,22:00:00
d3a03715eaff0b3fd6d12f971d855840ee55a3b9db1cabfd7b2c36e4eb2f10ea33e3b4c1070c8f18dbe45b35a874886ce47c6e20e3bb4601cf9eba3d77c46824,2018-10-01 18:00:00,CLEAR,DAYLIGHT,DRY,ON SCENE,10/01/2018 06:15:00 PM,41.92973936,-87.707517406,POINT (-87.707517406004 41.929739360005),C,10,2018,18:00:00
d5f94538e2280f7561295dcde84b826d768f3b6ba0395615f99deed97ace5ae82057d5ffbe6b7fd9337aba6d952d77cbd9b8abc3adbb839de9f9b64ee024d371,2022-01-14 09:03:00,CLEAR,DAYLIGHT,ICE,NOT ON SCENE (DESK REPORT),01/14/2022 10:03:00 AM,41.784522176,-87.636545489,POINT (-87.636545488971 41.784522175993),C,1,2022,09:03:00
d3eb5708f30ff0f7876ceeefe7e07fd40ebbe3d545e1d4ba7b776d77d2e2450caf31d2b87e60cc2c15031c9910ec999f2dc8a206f495245a605db2b57eb11ba4,2020-12-08 14:30:00,CLEAR,DAYLIGHT,DRY,ON SCENE,12/08/2020 02:45:00 PM,41.734658878,-87.740064239,POINT (-87.74006423898 41.734658878029),C,12,2020,14:30:00
d3e32e23ecf8e82125a3fb9ce28a75b96aa37b071ec99505e7e11a41f0a39a3696d591d1f87697f9e498e5d2397946c29ffc4af530228cff5652f9c6de2f1a46,2022-02-05 05:51:00,CLEAR,"DARKNESS, LIGHTED ROAD",DRY,NOT ON SCENE (DESK REPORT),02/05/2022 05:57:00 AM,41.903536788,-87.661859583,POINT (-87.661859582959 41.903536788031),C,2,2022,05:51:00
d530a92ae00d48b42d9a3dd3b71dd7599594a5ce5906c72ae1eaf6f844ad82dcf9bcb7e7b1d55657e653cdb63396a75485e6918d695e4c016b785fac578c3311,2022-09-06 16:20:00,CLEAR,DAYLIGHT,DRY,NOT ON SCENE (DESK REPORT),09/06/2022 04:20:00 PM,41.809781151,-87.594212812,POINT (-87.594212812011 41.809781151018),C,9,2022,16:20:00
d37565570e1ea84c9623e00af93cda01c6489b0904b33a8004afedd62432212dfc902feb56274064b3aa2caaae17c00bf7281173aa0625b3e821fd1060e75b7a,2017-07-18 15:00:00,CLEAR,DAYLIGHT,DRY,NOT ON SCENE (DESK REPORT),07/18/2017 04:00:00 PM,41.9462448,-87.746433838,POINT (-87.746433837986 41.946244799972),C,7,2017,15:00:00
d612037ae4a9429effee81eb9e285f8a481d7ac8ab77348ea181979ea43ec7d3f515393c34a6a05b482034fa3a4adf74dd33d337ea0e28e0cb50f4d9d544fa81,2021-07-03 03:00:00,CLEAR,"DARKNESS, LIGHTED ROAD",DRY,ON SCENE,07/03/2021 03:11:00 AM,41.742759069,-87.614550415,POINT (-87.614550415002 41.742759069005),C,7,2021,03:00:00
d5f93b1427e4c34a407c428968ff97034908156e8a9a446ead83d1a366eef0bed5f979966580396814836973c70dd87568d4b52d4c2fbd53008eb782623ba2cd,2017-10-26 07:55:00,CLEAR,DAYLIGHT,DRY,ON SCENE,10/26/2017 07:57:00 AM,41.954010154,-87.681240941,POINT (-87.68124094099 41.954010154043),C,10,2017,07:55:00
d59950dfe8443f864fad6e1caebf9ea947760ca15b5de1bd19dc9021272498b30735a7ad2427699cf1c9d42762d91532d1a30ac295c44ac9d803fd8b6b9634bd,2019-03-20 15:30:00,RAIN,DAYLIGHT,WET,ON SCENE,03/20/2019 03:35:00 PM,41.877836738,-87.64729714,POINT (-87.647297139953 41.87783673803),C,3,2019,15:30:00
d5d1069aca8458fb1e9dc59ca2f35e8b0eb0b4049e1b80b7630aff3bb54ef25e900a77d72317ca91f4b9044d58045c7e9d1e6a4d3615df917243462bc04c6fc2,2017-03-17 00:01:00,UNKNOWN,"DARKNESS, LIGHTED ROAD",UNKNOWN,NOT ON SCENE (DESK REPORT),03/17/2017 06:17:00 AM,42.000910398,-87.706911212,POINT (-87.706911212021 42.000910398019),C,3,2017,00:01:00
d5eaa3a70438973776d3a7858023f45d6fd48450f116dc74f7f418fdf23004b1d12a0aefd78d85f0d4a3c6a44bd8220338bbeaf02613b0be41f4c7b4eda96fd2,2019-07-27 08:23:00,CLEAR,DAYLIGHT,DRY,ON SCENE,07/27/2019 08:27:00 AM,41.894689,-87.759476725,POINT (-87.759476724957 41.894689000038),C,7,2019,08:23:00
d605f6353c5313250937536fe9883100939e18ea22f6e5bb289ddecb5c40b84d795a44ff89bbb207fa984d463461b887a6fea901e700ff05b4a2e94b00725390,2022-11-12 17:13:00,CLEAR,"DARKNESS, LIGHTED ROAD",DRY,ON SCENE,11/12/2022 05:14:00 PM,41.988699304,-87.697059831,POINT (-87.697059830989 41.988699304037),C,11,2022,17:13:00
d41d456e69278f531c0c79b9ca4939b14e8c2baf289af50d678f2efe910e58f6819d22157ec1317e8a67979040d6ef956922555aa74611c6c1002ac68c546330,2020-12-20 00:09:00,CLEAR,"DARKNESS, LIGHTED ROAD",DRY,NOT ON SCENE (DESK REPORT),12/20/2020 10:10:00 AM,41.876926589,-87.745039137,POINT (-87.745039137038 41.876926588953),C,12,2020,00:09:00
d55c6d4d93c80e4f8bda015fce66b9f54a7b2afe1101929c04b14741466001dc81ddba3ab306852fba1d0508d357c8ab7ceb44f926c644eab9b2aa90eb142fda,2022-11-28 13:56:00,CLEAR,DAYLIGHT,DRY,ON SCENE,11/28/2022 02:50:00 PM,41.738848089,-87.601095956,POINT (-87.601095955954 41.738848089041),C,11,2022,13:56:00
d39e09d50d57c98854c0ef56eeab5bf4d7a19334003ce0965e430f407ffe5768b99959322fc63ccc00366ec1d54c683151ca39161e2ace842af33f9eae9d2364,2016-09-01 17:30:00,CLEAR,DAYLIGHT,DRY,NOT ON SCENE (DESK REPORT),09/01/2016 06:00:00 PM,41.886070174,-87.620536589,POINT (-87.620536589034 41.88607017398),C,9,2016,17:30:00
d3a797cb92b1743a89a0dc5f9e689c65cf9a7f06b54033aaf43824c65a979f1dfb012abafa44af6b0c4bf78e5186f7a351229aa6bad16cb989ede72b11e56c26,2019-01-05 14:22:00,CLEAR,DAYLIGHT,DRY,NOT ON SCENE (DESK REPORT),01/05/2019 07:56:00 PM,41.942978341,-87.670803378,POINT (-87.670803378013 41.94297834098),C,1,2019,14:22:00
d506d808d1e8b208b651859b1db021814c6eead7b6d21596cf75bcb48f749261149a00496c476cbd8a19fa941701eb31318081dedfd25681e196523b00f0fc07,2023-05-10 18:40:00,CLEAR,DAYLIGHT,DRY,ON SCENE,05/10/2023 06:42:00 PM,41.958056112,-87.729194174,POINT (-87.729194174007 41.95805611203),C,5,2023,18:40:00
d4c8e1953e10122667d99e7c0873c5d1c5447521209c95d5dfd70e4de0b417be2696ee65b705d181930887547f9aedf9ba96c7d098bff3d5d91bfe96c5319776,2017-10-19 22:00:00,UNKNOWN,UNKNOWN,UNKNOWN,ON SCENE,10/20/2017 06:40:00 AM,41.820836834,-87.687104579,POINT (-87.68710457898 41.820836833954),C,10,2017,22:00:00
d4990ae267b4b9076feb4b1201beea50346af82e8694c3480814508f80d20f898de41a07da4f6eea2040e2787d747d66d3921d4c428df5c63459257d64e6dfea,2021-12-01 21:30:00,CLEAR,UNKNOWN,DRY,NOT ON SCENE (DESK REPORT),12/01/2021 11:45:00 PM,41.766328243,-87.685879277,POINT (-87.685879276995 41.766328242981),C,12,2021,21:30:00
d3cf35de3f1fa6d120f55c282e69d956e40ea62391229021d93fd27600db7e0c80dfc94bc5454ab234bfcf4dcd7cd2909f3d6aa24dd4d825ae3c54537786e107,2018-10-17 15:00:00,CLEAR,DAYLIGHT,DRY,NOT ON SCENE (DESK REPORT),10/17/2018 06:06:00 PM,41.866119494,-87.720927574,POINT (-87.720927573996 41.866119493974),C,10,2018,15:00:00
d4cbca7c406dae48132fdbd5201832ff3debb7d0f146dae7167bb6735442d199c8886135c0239cb84c1080529783ca77a9dfffe4a3c2c9e3e71544dfb8b15dd5,2021-02-12 23:20:00,SNOW,"DARKNESS, LIGHTED ROAD",WET,ON SCENE,02/12/2021 11:46:00 PM,41.89186947,-87.622748584,POINT (-87.622748583999 41.891869470026),C,2,2021,23:20:00
d612c1284487ec503e311c1f909b9deb5ac0cb6d3f491016c2cfe951f659e7d3a1e26ba6020c1b70ee80f94fcfcfa340b0a8f8189805dabdff72a70e02636c25,2020-03-03 16:25:00,CLEAR,DAYLIGHT,DRY,ON SCENE,03/03/2020 04:29:00 PM,41.773765662,-87.722781154,POINT (-87.72278115402 41.773765661984),C,3,2020,16:25:00
d4abd7eed231f3ca9f78b3631ff023824c6084b1dcd2cdefc26f7a34db3716509c7b24d11c7c73b14b5eaf7e987dd50aec63bd29f8e2be6d91472108e5cbb7bc,2021-11-23 18:30:00,CLEAR,DAYLIGHT,UNKNOWN,NOT ON SCENE (DESK REPORT),11/26/2021 03:30:00 PM,42.006801604,-87.661457734,POINT (-87.661457733969 42.006801603988),C,11,2021,18:30:00
d3e4abaab1a3070419779e190c6d9d4e8247b2dd01a9445d1e0c25043c2716420afddc6dc015cc6be10e255d81f785eb64a0938b414d8692484acd6f5fdf7ee0,2023-06-23 09:00:00,CLEAR,DAYLIGHT,DRY,ON SCENE,06/23/2023 11:15:00 AM,41.892374041,-87.627242942,POINT (-87.627242941998 41.892374041012),C,6,2023,09:00:00
d4a653b51834c66eb2e6bd98ebd7a6531b16d6dcfbc17c5974adb26425bd99da131f52ece9f7823df1f42c923f54a3a471b156bfc0cdfad61cc1c2f27acab315,2023-02-26 10:22:00,CLEAR,DAYLIGHT,DRY,ON SCENE,02/26/2023 10:23:00 AM,41.751653288,-87.56386511,POINT (-87.563865109983 41.751653287983),C,2,2023,10:22:00
d384af70330b2cd2c1eae08e87989d7d186feb94079bfaf2bd7b7b5616f813503398269d849253a4b777a16ee9d815234ba5e0eb45cf85a5c2622d48e522cf81,2017-04-29 15:00:00,CLEAR,DAYLIGHT,WET,NOT ON SCENE (DESK REPORT),04/29/2017 07:45:00 PM,41.837385459,-87.702442532,POINT (-87.702442531983 41.83738545903),C,4,2017,15:00:00
d564f026edd2a51d64affd87e4c6098927c4a701b965e887400f2de74b3beddc3d380365304c4b714ab945a58bef69e37e8826cd1114d2812d065b5555af74c6,2021-02-24 10:09:00,CLEAR,DAYLIGHT,DRY,ON SCENE,02/24/2021 10:09:00 AM,41.663243314,-87.629310628,POINT (-87.62931062803 41.663243314027),C,2,2021,10:09:00
d3be7a8c2ff27ed74cfede4018da759de30b718f8343b667aa088e9bb487b9b724e35f55a8ba260bd67e3cf6ec9dde8aded20670643283c69880a4bce51b53bf,2021-01-04 13:19:00,CLEAR,DAYLIGHT,DRY,NOT ON SCENE (DESK REPORT),01/05/2021 05:59:00 PM,41.899321197,-87.699408793,POINT (-87.699408793018 41.899321196988),C,1,2021,13:19:00
d3bb2964588de64fc18baf150ff46cde2a53740ef4005491b68836f43b00ee5e5898348fcbd47fe56aa68b6083f33e6b59eaba466e3ea9732ccb4efdfc1f321a,2019-01-28 12:45:00,SNOW,DAYLIGHT,SNOW OR SLUSH,NOT ON SCENE (DESK REPORT),01/28/2019 01:15:00 PM,41.968437138,-87.692420559,POINT (-87.692420558993 41.968437137954),C,1,2019,12:45:00
d46db834cb1b746ea181ec3c7c95280ba93b19e73571453f9e80dbb9319d5bfd2138827f8e63075559a9b0d77ea04c608bfa335e8e662682179ab7f9b79afa7e,2022-02-14 17:50:00,CLEAR,"DARKNESS, LIGHTED ROAD",DRY,NOT ON SCENE (DESK REPORT),02/14/2022 09:30:00 PM,41.882211292,-87.710898608,POINT (-87.710898608036 41.882211292041),C,2,2022,17:50:00
d4eeec287b06577989b024d99a0bf3ef33dfd06ea72a431722fc8bd201716ea9ab6e2b0f69c26c173074e257cce417792698bb306ec0b8abfb2f7f763f9567d3,2022-05-03 06:30:00,RAIN,DAYLIGHT,WET,ON SCENE,05/03/2022 06:45:00 AM,41.99761932,-87.702476632,POINT (-87.702476631995 41.997619320025),C,5,2022,06:30:00
d574bf5530fcef3fc01e5de3d63437911a71cb58d78d62191136b07e090027b867a1173871399688112571a50c947b47a118225161fe2b4de068c9c754572870,2017-12-09 19:30:00,CLEAR,DARKNESS,DRY,NOT ON SCENE (DESK REPORT),12/10/2017 11:21:00 AM,41.919078039,-87.634538115,POINT (-87.634538115047 41.91907803902),C,12,2017,19:30:00
d36093b5cb2f4eb5ae1d67d7a5736c524a7cd7f6cafbf294b1faafb67387e96b7866d611dffe2b471d3989bd2befbe898d53154141588d8dd49c44e537816df5,2023-04-12 13:10:00,CLEAR,DAYLIGHT,DRY,ON SCENE,04/12/2023 01:12:00 PM,41.954046293,-87.678812012,POINT (-87.678812011999 41.954046293036),C,4,2023,13:10:00
d4193179a163bcfdaf2714dfdcbcc49752b61220203592d742c1bfc179b39751e519f8c6f98850372b3563c2b50195c237cf4403dabc055ef3bfcd0395cc0384,2020-11-21 14:30:00,CLEAR,DAYLIGHT,DRY,ON SCENE,11/21/2020 02:35:00 PM,41.809316525,-87.613790359,POINT (-87.613790359015 41.809316524975),C,11,2020,14:30:00
d5a74bafd231b6b4ee00135734e120c03b6265576c24bbba578bf7330414778c8a2e9666f341c1980ff5cd5580e769d4e0d786716e802c386cc7220114b4ae78,2020-01-13 17:45:00,CLEAR,DARKNESS,DRY,ON SCENE,01/13/2020 05:45:00 PM,41.785387445,-87.606183761,POINT (-87.606183761008 41.785387444959),C,1,2020,17:45:00
d3aea466e0071e3e3c16c55219336aea6be133299e224afca5165d0267c598ae5c8a801a10ed0be4a12f499ff9bef4b779c1ef924d087584263c88112a2b5dab,2017-12-12 10:00:00,CLEAR,DAYLIGHT,DRY,ON SCENE,12/12/2017 10:09:00 AM,42.0109408,-87.682754031,POINT (-87.68275403105 42.010940800028),C,12,2017,10:00:00
d57de47f0593589e7bb454f005cb5178f65df0caa8fb71f020651ef31c4bc9093eecb541ca8ca33b073406415029ea67f349ffffe328669fb4d2df73f2c66223,2016-08-17 17:30:00,CLEAR,DAYLIGHT,DRY,NOT ON SCENE (DESK REPORT),08/17/2016 05:59:00 PM,41.939957876,-87.727354741,POINT (-87.727354740978 41.939957876044),C,8,2016,17:30:00
d4a0925a5dcba73837e533355045cfc1124dd40c678f90abd76b0cd3166b05b984384fd6a71813aa490e5ba0080ee20a3cee47c12fe05cf7d3687fc256fe7980,2017-01-16 19:00:00,RAIN,"DARKNESS, LIGHTED ROAD",WET,NOT ON SCENE (DESK REPORT),01/16/2017 07:55:00 PM,41.741803599,-87.740953582,POINT (-87.740953581987 41.741803598989),C,1,2017,19:00:00
d3b7055c15f51f9dd9df729aabe8d3f0887bb5c4120cb7333de0d914462180ed5adee3d6286f7b72454a3b73f219c5b535b5a313f88bba5ab779edc6133bf27f,2018-09-24 14:30:00,CLEAR,DAYLIGHT,DRY,NOT ON SCENE (DESK REPORT),09/24/2018 03:07:00 PM,41.883652693,-87.631064466,POINT (-87.631064466009 41.883652692958),C,9,2018,14:30:00
d44c6ecc8ead05a59e53bc18e2111632fa630755bae5060b8e96f4182334dd8e5d3a5c249e5cf991e2c1611a59ec2e6c47338d85b00e07f1e10494094ce5d5d8,2019-08-13 09:08:00,CLEAR,DAYLIGHT,DRY,ON SCENE,08/13/2019 09:08:00 AM,41.857810072,-87.658300283,POINT (-87.658300283025 41.857810071985),C,8,2019,09:08:00