CRASH_RECORD_ID,CRASH_DATE,WEATHER_CONDITION,LIGHTING_CONDITION,ROADWAY_SURFACE_COND,REPORT_TYPE,DATE_POLICE_NOTIFIED,LATITUDE,LONGITUDE,LOCATION,CRASH_TYPE,CRASH_MONTH,CRASH_YEAR,CRASH_TIME
d62b7fc537ea2ac18cd93951b526cb934beb58d9e128e27784e7f626731dc7ce8ac2a5b5c17d343ad8f26c8e16ffdb90b3c0cf817ec51bce5340a484d68f11ee,2022-01-03 13:05:00,CLEAR,DAYLIGHT,DRY,NOT ON SCENE (DESK REPORT),01/03/2022 02:28:00 PM,41.75616061,-87.634583596,POINT (-87.634583595966 41.756160610031),C,1,2022,13:05:00
d5695f8a7fce5bb8ca893c9eac4c9068f5da8633efd12fd937642ab6c19f4caccb37d2cb8a2cd82d865458274dbab8095929acbf1a555416e812f15265fbafae,2018-11-19 11:05:00,CLEAR,DAYLIGHT,DRY,ON SCENE,11/19/2018 11:10:00 AM,41.8434751,-87.685511894,POINT (-87.685511894034 41.843475099982),C,11,2018,11:05:00
d41cbd7949d659527f25ef7992b3d7066689bd4e4d01d455e13b27e04b798e2107cc6c1287d47003353e4423b12b005c29247e6e3af90ba6b26477ff690d1178,2018-09-02 19:30:00,CLEAR,DAYLIGHT,DRY,NOT ON SCENE (DESK REPORT),09/03/2018 01:35:00 PM,41.977089945,-87.660033687,POINT (-87.66003368701 41.977089944963),C,9,2018,19:30:00
d60d066b9da2f3069067f49cddae4a57efae17d388457e0654d02ff47d3fec0868bbd9326438b4bbf7c92a4f40227e2bd61662f7e8f9182d5da4d558b25d4a82,2019-08-25 19:00:00,UNKNOWN,DUSK,UNKNOWN,NOT ON SCENE (DESK REPORT),08/26/2019 10:15:00 AM,42.006857231,-87.662690626,POINT (-87.662690626014 42.006857231037),C,8,2019,19:00:00
d554f77c849c7332de991ea45cc06e245708c87c483585262d3c3bcbfb7ef20ddc3acdf11abd97393c8d8ee19065de3843f6535298bd700e4c0e6355d5fe7c1c,2019-09-19 08:24:00,CLEAR,DAYLIGHT,DRY,ON SCENE,09/19/2019 08:24:00 AM,41.880385885,-87.725807044,POINT (-87.725807044026 41.880385884998),C,9,2019,08:24:00
d7a6c4ba42fc79f0ca09de086d86e6de71eca03524af4cee0ec9ef5ec6cb780a8ac627e0a6705945e4a946632dcf1b2a7ca4b4135f63160812f3bfb0295bd790,2021-11-18 08:14:00,CLEAR,DAYLIGHT,DRY,ON SCENE,11/18/2021 08:26:00 AM,41.96854636,-87.709992832,POINT (-87.709992831984 41.968546360023),C,11,2021,08:14:00
d87bddc1b82e7efd8e06035595fbc86815356fcfd2e6ff452e584d185af666f29a1398d5fee01fc7733d622f2af4a2d9e94a3860e82f5540bc2e9dcbf8335d7b,2019-11-23 18:45:00,CLEAR,"DARKNESS, LIGHTED ROAD",DRY,NOT ON SCENE (DESK REPORT),11/24/2019 11:15:00 AM,41.886788617,-87.65232125,POINT (-87.652321249973 41.886788617008),C,11,2019,18:45:00
d6c4461fe70cdf154c9e064b3b47f3c8ad14fdfb270f0a310e8f9569029bc0dee49955fd62fbc544f289519cf40c3fe6fe0191e85ae5128ba951f04ee273e982,2019-07-06 08:00:00,CLEAR,DAYLIGHT,DRY,ON SCENE,07/06/2019 08:01:00 AM,41.891293713,-87.647680593,POINT (-87.647680593026 41.891293712961),C,7,2019,08:00:00
d6fa51bd25e198a7c66a6846e6e8ac909c48ca8394d22c61bc53ffd66175aad313dd6390a91d0901d3e4d7e3d59c5cfa022bcba64732ae840228b4eec184636d,2017-12-03 05:50:00,CLEAR,"DARKNESS, LIGHTED ROAD",DRY,ON SCENE,12/03/2017 05:55:00 AM,41.960921874,-87.739753307,POINT (-87.739753307037 41.960921873996),C,12,2017,05:50:00
d705a70d42f5f13649d288f3a607258f20353cd37890a5f06b41779cace84411bc911d2375480e4891330eb2ff5cd706c174e7e0bfe0bdc1505a091e7faf557f,2021-08-10 18:40:00,CLEAR,DAYLIGHT,UNKNOWN,NOT ON SCENE (DESK REPORT),08/10/2021 07:23:00 PM,41.758245505,-87.626521907,POINT (-87.626521907009 41.758245504966),C,8,2021,18:40:00
d866179833f5bc63289aeef34b89e04c3a7f0e6c5e020ae597cb8b7d7a0571d6c062db91fa147051ecd076e8bb478015ee8cf1278d89779f3bdc3ec47081fec5,2020-07-10 17:00:00,CLEAR,DAYLIGHT,DRY,NOT ON SCENE (DESK REPORT),07/14/2020 01:20:00 PM,41.932870694,-87.791144135,POINT (-87.791144134963 41.932870693987),C,7,2020,17:00:00
d78742550a211114d60cf25987e8bef84eb6e66ca927d0d0956906eef66cf099635c7e209a50bff0fa2bdb392f51108adc1bf50d2cb16bee95e4232683df8b23,2022-01-12 15:40:00,CLEAR,DAYLIGHT,UNKNOWN,NOT ON SCENE (DESK REPORT),01/12/2022 03:50:00 PM,41.857621901,-87.70527585,POINT (-87.705275850039 41.857621900976),C,1,2022,15:40:00
d672a37d16e892cf0a9a86dd0f2e2a73cd3d68465049339a7946a6603e04e51f3bcdc1794b63c24462ed0da085cecc87ee31b9c949aaaba6e63d3aec6816080d,2023-01-17 16:30:00,CLEAR,DAYLIGHT,UNKNOWN,NOT ON SCENE (DESK REPORT),01/20/2023 02:45:00 PM,41.953750194,-87.728489892,POINT (-87.728489892005 41.953750193958),C,1,2023,16:30:00
d82ae23722807021e037340abfa7ebec894640f1bc43482c26188cacf8d26fc4b51b4f5878a7db541ae2f4f488a13251c40f3c10d21df9dac4e80992e33d7a2c,2019-08-20 17:00:00,CLEAR,DAYLIGHT,DRY,NOT ON SCENE (DESK REPORT),08/20/2019 11:20:00 PM,41.898341319,-87.618057856,POINT (-87.618057855957 41.898341319021),C,8,2019,17:00:00
d8d83ca687983798d0a43c6441886b742ca3d5f82b63a4e918c31a41ed48c5c26c2b488df6ee2f10f0c4a1b1569eb76de9ef53e61f6ce71afdd1fe68cdb9acd5,2021-09-17 15:00:00,CLEAR,DAYLIGHT,UNKNOWN,NOT ON SCENE (DESK REPORT),09/17/2021 04:50:00 PM,41.960921874,-87.739753307,POINT (-87.739753307037 41.960921873996),C,9,2021,15:00:00
d906eb0dcd920b8f5cd25729ef8be2c8a8f6a0100de00ba4d649f3107dd293cf732a92cb1aef9664663898a8dc3229d95e96d4b8a29adbc4415489c524edc6f8,2017-07-19 09:00:00,CLEAR,DAYLIGHT,DRY,NOT ON SCENE (DESK REPORT),07/19/2017 09:36:00 AM,41.78418785,-87.711735111,POINT (-87.711735110961 41.784187849957),C,7,2017,09:00:00
d73d0261300a69ec2087a0d7351ee142095758be31a18c16408bf9835b1644aa6555c973f60070910115151ac21d0803e0e9cdcce6d5e6611705ed509c193838,2016-09-17 18:00:00,CLEAR,DAYLIGHT,DRY,NOT ON SCENE (DESK REPORT),09/17/2016 10:10:00 PM,41.930921559,-87.666076347,POINT (-87.666076347042 41.930921559049),C,9,2016,18:00:00
d9056d375db23248dda9d17ea34adc20cdda5b6a784c6e9ae7b5823f7ee4780e961b6bd2172c58456f01087d8b8128537f4d623c0c2530a1e90c5b9968648897,2019-12-10 21:10:00,CLEAR,"DARKNESS, LIGHTED ROAD",DRY,ON SCENE,12/10/2019 09:12:00 PM,41.705495029,-87.606105609,POINT (-87.606105609044 41.705495028963),C,12,2019,21:10:00
d6cfe77ad0c7169b06ed61af1f3d3a7f07ecebff7a7d838538cd8467929970478561327dc70c3cb9d8f7ab56a3ec5e856bebaca076478ac61ca6b72941ba8876,2021-03-13 16:41:00,CLEAR,DAYLIGHT,DRY,ON SCENE,03/13/2021 04:41:00 PM,41.95446958,-87.663842824,POINT (-87.663842824035 41.954469579996),C,3,2021,16:41:00
d6e13387e769f7348d08b378ecb2e2261c064be9ceb3aa007e014589cc3f7082c0764a4a595ace22640d0d50a52f2036ac9954193297a1d80e2d6c83c8033c20,2019-09-19 23:55:00,CLEAR,"DARKNESS, LIGHTED ROAD",DRY,NOT ON SCENE (DESK REPORT),09/20/2019 12:40:00 AM,41.898979021,-87.637410212,POINT (-87.637410212028 41.898979021041),C,9,2019,23:55:00
d75e9f432c9f04e871c2a5bb87b7e9a8774bb19a1add962c5536c8522b9bd8da49bf84f6fe46d98814dedd7a2636c13ce6d9848f711510ac68f1e0b5686a2628,2021-05-21 05:00:00,CLEAR,DAWN,DRY,ON SCENE,05/21/2021 08:15:00 AM,41.883031,-87.744260543,POINT (-87.744260543012 41.883030999989),C,5,2021,05:00:00
d6a0eaec3de3cc2e6b7674d0f473e12ed33e60d1dec79ebb4f55d94a33cfee76fafa1dbb3b3f31de87b52db8f0b8b84c03304af370f21123ccb0c3632df2cd14,2019-09-19 08:30:00,CLEAR,DAYLIGHT,DRY,ON SCENE,09/19/2019 08:33:00 AM,41.842476558,-87.713667149,POINT (-87.713667149041 41.842476557992),C,9,2019,08:30:00
d798afaf2b303ce259059f3751606c887da46593918209b229e59cf567dedfb35607fcc79570028b46224923648d693bfa5702a72830d05788e906ee6118bc7c,2018-01-10 17:26:00,CLEAR,"DARKNESS, LIGHTED ROAD",WET,ON SCENE,01/10/2018 05:28:00 PM,41.831183413,-87.620178894,POINT (-87.620178893971 41.831183412974),C,1,2018,17:26:00
d817b88fc174bfe63e73e91a5d098a45b4d72066af83caa7796859797dbc93b04305533afea6a862340825e001f9e6cd0b2968744105703ec7f1f393457307d9,2021-07-30 16:15:00,CLEAR,DAYLIGHT,DRY,ON SCENE,07/30/2021 04:17:00 PM,41.794902278,-87.72762883,POINT (-87.72762882996 41.794902278013),C,7,2021,16:15:00
d90fd864caee1da4c3cd9756807169bffaa06e3e99eb1c21d30b9d499d86789cc5362df22f87d21d02be652aad8914d13146cb48095167f0257673d02ae117f3,2019-05-28 16:20:00,CLOUDY/OVERCAST,DAYLIGHT,WET,ON SCENE,05/28/2019 04:24:00 PM,41.677344191,-87.680554139,POINT (-87.680554138993 41.677344190967),C,5,2019,16:20:00
d7fe8e4ff6d066a0abaaa0a89e0e626a8178736ef5b116296176fe8191bb583385a0a6ad69da03a70727134e0b2e9f3142ec64ce99489f678604a2fc55d172cd,2017-02-16 04:30:00,UNKNOWN,"DARKNESS, LIGHTED ROAD",UNKNOWN,NOT ON SCENE (DESK REPORT),02/16/2017 05:20:00 AM,41.819392119,-87.687355634,POINT (-87.687355634002 41.819392118951),C,2,2017,04:30:00
d71d41b70427945867cd1e49bbb11e3c3a31ba5c67a983c969ead3d6b585c5f39f4f7e8823a8fa89d141e0f277b93099f587a9ddb053bf604ee8ee06e7d5cb04,2018-04-05 16:10:00,RAIN,DAYLIGHT,WET,ON SCENE,04/05/2018 04:26:00 PM,41.741803599,-87.740953582,POINT (-87.740953581987 41.741803598989),C,4,2018,16:10:00
d7f082e65fb79e0440289061df7311e2500175a253bde503fa96dd58492acffcea9e80ccce84df7dd66b0c06ae437be9e6a1b83ebf904d6472e0e3e10ec3e574,2022-06-20 01:45:00,CLEAR,"DARKNESS, LIGHTED ROAD",DRY,ON SCENE,06/20/2022 01:45:00 AM,41.97876225,-87.796548908,POINT (-87.796548908043 41.978762249994),C,6,2022,01:45:00
d8f70e6eb1db3178e2f105e3574145c6c374eb6a1bd64142298f0197ec23bae8db3e44ad98458f0da7c410b6193f8333be672296765a8867e62128f2ebf4919c,2021-10-25 16:15:00,CLEAR,DAYLIGHT,DRY,NOT ON SCENE (DESK REPORT),10/25/2021 05:18:00 PM,41.764159679,-87.576403821,POINT (-87.57640382103 41.764159678995),C,10,2021,16:15:00
d8110f798a5b74288ce70fbac4884386c53703a354b899009064ab0f474db3f79e64af701b8a90e0aa54e65589744910691b73a40d9749cadf6ddcb3bf31c058,2022-10-18 20:43:00,CLEAR,"DARKNESS, LIGHTED ROAD",DRY,ON SCENE,10/18/2022 08:48:00 PM,41.995579197,-87.675876884,POINT (-87.675876883986 41.995579196996),C,10,2022,20:43:00
d7e1878ab851d5597db10aa67264c97d623a655aae59ae48a78c6b2408748cc033e39c40b9ad18f3bb2d6812d305e334f7e990269ecd0a49cdf98c7a9ae082e8,2022-05-17 16:00:00,CLEAR,DAYLIGHT,DRY,NOT ON SCENE (DESK REPORT),05/17/2022 05:35:00 PM,0.0,0.0,POINT (0 0),C,5,2022,16:00:00
d892e072d41a3c04441ab04238c1ab864f8637fd368ea2f93fdaaffbd0649820cd3e32f511fb10a891739a19631264a9abd4612ae694cd67f352938f719a9f67,2021-07-20 14:00:00,UNKNOWN,DAYLIGHT,UNKNOWN,NOT ON SCENE (DESK REPORT),07/23/2021 09:10:00 AM,41.990304614,-87.704312836,POINT (-87.704312836005 41.990304613989),C,7,2021,14:00:00
d6afeef5f67aad5eb2efc68b487011b61426ea2ec70d6ddc9e8b810ba5227727f5e34a2130919e32cb725b19d681f9a42a130ac5c360da6b945057287a6d25b1,2021-06-03 14:57:00,CLEAR,DAYLIGHT,DRY,NOT ON SCENE (DESK REPORT),06/03/2021 03:26:00 PM,41.923910668,-87.777386127,POINT (-87.777386127036 41.923910667953),C,6,2021,14:57:00
d7ff98f4ed699b8a821ca2444c5161b4afcf18d02aba1049da202f748eed449f610920fdddf4e5a45528f9d2a6d9a4fd1b2327990688cc6fb896bfddd6d27b3b,2021-07-03 20:30:00,CLEAR,"DARKNESS, LIGHTED ROAD",DRY,NOT ON SCENE (DESK REPORT),07/05/2021 04:10:00 PM,42.006801604,-87.661457734,POINT (-87.661457733969 42.006801603988),C,7,2021,20:30:00
d703615c2c6d196477c75bcba8e957c7634c72343ba83192c033358195a0566e9453c44421ba471c499feac3d25227aa1510dbec9bec3b0ec80832bbd537e0e2,2019-08-01 13:30:00,CLEAR,DAYLIGHT,DRY,NOT ON SCENE (DESK REPORT),08/02/2019 08:30:00 AM,41.890355784,-87.614377352,POINT (-87.614377352049 41.890355783989),C,8,2019,13:30:00
d82064dd12e150432b315c472a3ec46cf48c82e818479384cc7f6c2af8c9df943afe81db56efc358cce6cd9b90737899f7912095850974d4e00a7b800205bb7f,2022-07-04 19:10:00,CLEAR,DAYLIGHT,DRY,ON SCENE,07/04/2022 07:20:00 PM,41.94375169,-87.644915824,POINT (-87.644915824017 41.943751690028),C,7,2022,19:10:00
d64ea4b20b0b229cae80bfc024ccee8421f5029c4d87aab73de0ce3a9060cb61d66c7c2758eb08c65a11eeb0de2efaa76502a200680d960ba74802cbf8349e4d,2019-08-26 08:40:00,CLEAR,DAYLIGHT,DRY,NOT ON SCENE (DESK REPORT),08/26/2019 02:55:00 PM,41.990024694,-87.728708871,POINT (-87.728708871015 41.990024694008),C,8,2019,08:40:00
d851dcdfe5f2d6c464b47b3dd0294b71beff6e539185889e658ebf6ff260d2b28cddaaba2776a3052301e11aa5ca1e6f072b1c63dc4f944704ca94235a368e8e,2019-06-12 14:08:00,RAIN,DAYLIGHT,WET,ON SCENE,06/12/2019 02:15:00 PM,41.892018859,-87.772335609,POINT (-87.772335608966 41.892018859047),C,6,2019,14:08:00
d786b6f1b171bb612e681f2ef1f1c33a81277d2cca68e99683b60b77d29ea0b925e97366f87aa5c7c70cd1f17c19c3f839861435dfdda4fba28057752a772c70,2017-06-02 12:30:00,CLEAR,DAYLIGHT,DRY,NOT ON SCENE (DESK REPORT),06/02/2017 12:45:00 PM,41.946909114,-87.683469891,POINT (-87.683469891004 41.946909113959),C,6,2017,12:30:00
d8f04debc047690d6e664048d2661a855c938188f847f77315f6398c5a7e8722f09f1d6900acf637b4fd23012a9835ad0a4c3ecc5e103085d4c8b16172a1b002,2019-03-25 18:10:00,CLEAR,DAYLIGHT,DRY,NOT ON SCENE (DESK REPORT),03/25/2019 08:40:00 PM,42.00602524,-87.812256852,POINT (-87.812256852007 42.006025240034),C,3,2019,18:10:00
d6b26c1cebd35a6fb8a846d4d302299fe1c791d64c21a200eff03aeb9d5ebe58c36e7b69508e418701c4b88ba584bd55ce6efb2e8624b27c28cfd99e3c503680,2023-05-15 15:20:00,CLEAR,DAYLIGHT,DRY,NOT ON SCENE (DESK REPORT),05/15/2023 06:15:00 PM,41.808749374,-87.66230696,POINT (-87.662306960034 41.808749374011),C,5,2023,15:20:00
d8044f608cf1d82d54b5557c925da018ccda74936b1a4bb42de09b8bb07322e4ddabfb16c76eb301ef7160cfc123a066ee27fa2ef7d26bb7a324ba48b2848df0,2021-10-23 22:30:00,CLEAR,"DARKNESS, LIGHTED ROAD",DRY,ON SCENE,10/23/2021 11:17:00 PM,41.919208855,-87.653552927,POINT (-87.653552926998 41.919208854977),C,10,2021,22:30:00
d9072172ff3c7e886e606ffd8f060b728905b4dc55e9586dd230871884f68c3d994d17ef7dd2a87d86ee9e4a9de8ce5e25594010784a3a5c194c0ecbcbe4e3ff,2018-02-05 13:00:00,CLEAR,DAYLIGHT,WET,NOT ON SCENE (DESK REPORT),02/05/2018 02:40:00 PM,41.938266954,-87.795761499,POINT (-87.795761499004 41.938266954026),C,2,2018,13:00:00
d904f513307714131e2bdd29d09c8c39f8e36f170ab42fb4a647041c91e1defacc5a096c8559d41d6b61d693ccfce43de60ea5b7251f1745865aa2f27080009f,2018-03-03 15:53:00,CLEAR,DAYLIGHT,DRY,NOT ON SCENE (DESK REPORT),03/03/2018 04:45:00 PM,41.802310396,-87.591930532,POINT (-87.59193053204 41.802310395993),C,3,2018,15:53:00
d66e43b73a4d21b3e3ea47468f3cad309f6c0ff67fa97f62d48b92a4871266d5368e5158ca94b87ba2335e2f99358e9f2aa8407ee84d3d03fb84b60f3e3ab4bd,2018-12-07 12:50:00,CLEAR,DAYLIGHT,DRY,NOT ON SCENE (DESK REPORT),12/08/2018 11:00:00 AM,41.903639931,-87.65554697,POINT (-87.655546970003 41.903639930952),C,12,2018,12:50:00
d7d2538dd7c7850da770ba1e19169e6870389e8bcb3d8ba24e9d28d7ac198e462484fffb7b20c5d2489d34f7e1ca99bfb56f7d49f7e0597fb414ee2cc70960a8,2016-11-01 18:56:00,CLEAR,DUSK,DRY,NOT ON SCENE (DESK REPORT),11/01/2016 07:22:00 PM,41.765563782,-87.624825828,POINT (-87.624825828045 41.765563782008),C,11,2016,18:56:00
d7d595bd4dc84640152265c33bb0c9d1f222eb76d83cad3d5006aca0d22238cdea3b02644f723ea1454ceb7c9656b23d284aa50f9720332244ba136d048c2a8d,2020-05-25 19:50:00,CLEAR,DUSK,DRY,NOT ON SCENE (DESK REPORT),05/25/2020 08:42:00 PM,41.768265456,-87.679546299,POINT (-87.679546298979 41.768265455984),C,5,2020,19:50:00
d8f2676364d49ff2b637981a9887b73c08f92e9e25b032847e27a2021564b9d4604a5aaeb2f13195f8a2aec0c3e03ec57c6847015a8647ea064679772448d29b,2020-12-08 22:57:00,CLEAR,"DARKNESS, LIGHTED ROAD",DRY,ON SCENE,12/08/2020 10:59:00 PM,41.933810408,-87.795706422,POINT (-87.795706422015 41.933810408014),C,12,2020,22:57:00
d85ef121655f767ae6a7cfb35e8f6a7306e6742a6f23dd9f07da25a7d48650c06ecd643d3f1d4f1dd106c86a15cd5799bc312e325e21d82a3c7c6427c059021a,2021-12-01 16:19:00,UNKNOWN,UNKNOWN,UNKNOWN,ON SCENE,12/03/2021 09:33:00 AM,41.750983437,-87.725596564,POINT (-87.72559656399 41.750983437027),C,12,2021,16:19:00
d8451ac26f41c2c899b6a7fb9e02139b854f56749237dca8738842f8ee7ae060fe85a2074d4df7a00b9b132a907adc3c04876fe188f677a0c57b6b9b2b34182c,2022-12-30 15:10:00,CLOUDY/OVERCAST,DAYLIGHT,DRY,ON SCENE,12/30/2022 03:12:00 PM,41.776458226,-87.646065756,POINT (-87.646065755978 41.776458226034),C,12,2022,15:10:00
d735a953458389688b0eec7b2f7ed3519dc42a920e8aeffcae5428d7c80e769c2e5f90739dde1feaab92360a4255cf4554d81569e4c1c11e9b0d939c80e7d704,2023-05-21 12:30:00,CLEAR,"DARKNESS, LIGHTED ROAD",DRY,NOT ON SCENE (DESK REPORT),06/02/2023 06:00:00 PM,41.882211292,-87.710898608,POINT (-87.710898608036 41.882211292041),C,5,2023,12:30:00
d6c7faf99720722f43d3f6ca972be0264c220a975e70e5cab185083b273078d3bca42802efdea87873f0b325ab7a4278c4fa86cb10066fa8ac62c15326d52082,2020-10-19 16:00:00,RAIN,DAYLIGHT,WET,NOT ON SCENE (DESK REPORT),10/21/2020 02:20:00 PM,41.990508926,-87.706622194,POINT (-87.70662219398 41.990508925961),C,10,2020,16:00:00
d7204b89c29f8fab083a0bea8ff7b1ecdcb86d4888367a7972400c43dbf871c46981119c979c51a9c3a4e030ee4285f79b347605d6f187abe0889849cd9f40d8,2017-06-26 17:00:00,CLEAR,DAYLIGHT,DRY,NOT ON SCENE (DESK REPORT),06/26/2017 05:35:00 PM,41.758225854,-87.632096455,POINT (-87.632096454977 41.758225854005),C,6,2017,17:00:00
d69df95b97d3aeace0e40ec655fb6eca7dff29adbd66068ca164f5867071f8ac96c5382e4048d165d951ca920a2f2b1f072927a93ad22563813387daf7984a28,2019-08-23 22:05:00,CLEAR,"DARKNESS, LIGHTED ROAD",DRY,ON SCENE,08/23/2019 10:07:00 PM,41.749903242,-87.707348392,POINT (-87.707348392008 41.749903241984),C,8,2019,22:05:00
d74f511e24d69ab2802248869d5648d6b977be2a642f3e9690d959f480add86283557a16398324c9d004a1c84b21358dba567f5922257d3546fe854be4d0d0d5,2017-12-28 13:45:00,CLEAR,DAYLIGHT,DRY,NOT ON SCENE (DESK REPORT),12/28/2017 05:30:00 PM,41.682671696,-87.680726085,POINT (-87.680726085045 41.682671696043),C,12,2017,13:45:00
d7d73a6bbd49c3baa56bdee0ce873b776be4e86f282200fcc24e34a33d47b18921db018390427c0d49b023cd0af3dd860439cc4445d4ce691d83d97477eb718d,2015-11-10 15:37:00,CLEAR,DAYLIGHT,DRY,NOT ON SCENE (DESK REPORT),11/10/2015 05:44:00 PM,41.744151639,-87.585945067,POINT (-87.585945066953 41.744151639042),C,11,2015,15:37:00
d700b32ebc4863a43802ddbc5f28e0f3605d0dc3ddfdd3b34c722b6679cbea46e8d9629896831a25ab07d89e7f8584e27bbd7a0a0174f7c8ae200f9721485e9f,2017-10-07 09:30:00,CLEAR,DAYLIGHT,DRY,NOT ON SCENE (DESK REPORT),10/07/2017 09:40:00 AM,41.880660067,-87.740728133,POINT (-87.740728133013 41.880660066981),C,10,2017,09:30:00
d63d29e3f75c97e9fb1d17ce2bf41408467d358e210c4537a1e4d56b7c541f432f3e71f6681d500cf3ed18719be365389712f6e4b4278d14fc07e6a6822685e4,2017-10-07 07:10:00,CLEAR,DAYLIGHT,WET,NOT ON SCENE (DESK REPORT),10/07/2017 07:20:00 AM,41.75869138,-87.60533417,POINT (-87.605334170015 41.75869137995),C,10,2017,07:10:00
d6efc0fcf6a178d32a8a31d77ce0c85de79412b096b1ad5a45c077bfd6c0d4687611549b832e3fd7182a991d8c550296ca2e78f0f6aecba82fe724c6d88a7840,2017-06-10 14:00:00,CLEAR,DAYLIGHT,DRY,NOT ON SCENE (DESK REPORT),06/30/2017 03:15:00 PM,41.955487023,-87.749850528,POINT (-87.749850528028 41.955487023021),C,6,2017,14:00:00
d85debc902885cd58e88bdd9bbc50dfb0cde86fc1351ea3018dc8d64648e5f6ecb92f16dd2c5022e36453e9d568f683e26e19e879b2d6e040313a6bab0d1638d,2019-02-07 17:26:00,CLEAR,DUSK,DRY,ON SCENE,02/07/2019 05:27:00 PM,41.874590031,-87.633704185,POINT (-87.633704184958 41.874590031007),C,2,2019,17:26:00
d8ab566b387a007aa29e6628fe8a564c11e404dc89ac5d02ae6b7bb539b5fd131deaf007bebeab79de68c8ec14860ac1e07578012c0215ca90438d94ec248bf0,2017-11-22 14:15:00,CLEAR,DAYLIGHT,UNKNOWN,NOT ON SCENE (DESK REPORT),11/24/2017 10:00:00 AM,41.924087714,-87.795110629,POINT (-87.795110629008 41.924087713962),C,11,2017,14:15:00
d83ff6f53e355969739af94374d5da2b5e178d8d7f34527278d467bd89119a8083a7235a0e7b10252dc1286cfaac71dd2a5db7f715d4fdf7c29af15bad983ee6,2018-06-03 19:46:00,CLEAR,DAYLIGHT,DRY,ON SCENE,06/03/2018 08:10:00 PM,41.963752034,-87.652024677,POINT (-87.65202467695 41.963752033998),C,6,2018,19:46:00
d6d70387a372d23d3f39c43f9cac585b091f2a40e7eac5fe02fa2b61bf03c28df2b59aedd1ff8a9cd54440a87f0cefc6990447e72862e32b205cf0c13ee739bf,2021-11-23 22:34:00,CLEAR,"DARKNESS, LIGHTED ROAD",DRY,ON SCENE,11/23/2021 10:54:00 PM,41.975355803,-87.65189745,POINT (-87.651897449989 41.975355802966),C,11,2021,22:34:00
d7c8b2c66e4d36ed6b6df1bb9ab962b30df1379e679eb71d8e8bd25310fa58612772aaa8910f101f593305fbfbf73fc55a247c5595ae581925e22efdb1c2e4eb,2021-07-09 17:30:00,CLEAR,DAYLIGHT,DRY,NOT ON SCENE (DESK REPORT),07/09/2021 06:00:00 PM,41.975355803,-87.65189745,POINT (-87.651897449989 41.975355802966),C,7,2021,17:30:00
d83f815c3bdb64c7f463c7763e3088f6d49b28b37daa5cd639eb41cf180ff5dc941849f62de440b6a4f797e4f54463de8889e94e7f2ae2da22f1e9d6621eea3b,2022-06-07 18:15:00,CLEAR,DAYLIGHT,DRY,ON SCENE,06/07/2022 08:09:00 PM,41.966092053,-87.688975625,POINT (-87.688975624994 41.966092053015),C,6,2022,18:15:00
d7a5c05943aaa1181eb62940ce9a00cbf49162166fc1af93a63281b74ab36988e85d018fe6178e3061b82846859f5b980c0056d7e0568568ce1aad0fa9045d0f,2018-03-27 13:45:00,CLOUDY/OVERCAST,DAYLIGHT,DRY,NOT ON SCENE (DESK REPORT),03/27/2018 01:50:00 PM,41.886769177,-87.745355616,POINT (-87.745355615988 41.886769176982),C,3,2018,13:45:00
d6f21483333cbe764189c970e55b5534bb217eb23ef50e55041fbb834f117ecd6db256227b351187a5d01eb705ec35908c0bbe1c333a2b5ea5cba90752948dcf,2021-01-08 18:00:00,CLEAR,"DARKNESS, LIGHTED ROAD",DRY,NOT ON SCENE (DESK REPORT),01/12/2021 01:30:00 PM,41.917103631,-87.687248767,POINT (-87.687248767006 41.917103631009),C,1,2021,18:00:00
d81def714b3394fa449039d523109df29ac32773200f3f389f85ba422bd2a3ef104eeeeeed548c6c8b0ae5587c11de079a8077a18fc90883bc952ec47fb4ad19,2018-09-17 04:30:00,CLEAR,DARKNESS,DRY,NOT ON SCENE (DESK REPORT),09/17/2018 10:15:00 AM,41.939307519,-87.718735402,POINT (-87.718735402025 41.939307518988),C,9,2018,04:30:00
d74a71f7ef6643394e9e759373c789321110fe37ea44fb8c7665e9ec2b8dc4584d2c19f5504db06c4b6097ba2419f39aad0f5edfeb56983e8d7b581e6ed646ab,2016-10-10 16:50:00,CLEAR,DAYLIGHT,DRY,NOT ON SCENE (DESK REPORT),10/11/2016 01:57:00 PM,41.884552309,-87.63975418,POINT (-87.639754179988 41.884552309006),C,10,2016,16:50:00
d67ed3fdb9968f992158fc0f4a0d222f4b847fd31f12921d6ecc6e390c2c3623c7f70c8c4957f8f2347d717017d9a272f1bef91e7df671897875d3a47c1dfa68,2018-07-26 15:30:00,CLEAR,DAYLIGHT,DRY,ON SCENE,07/26/2018 04:33:00 PM,41.878685793,-87.669614611,POINT (-87.669614610988 41.878685792957),C,7,2018,15:30:00
d88d013a897103fd61ff718b8490f5acf5a66826026816dea34b49eff02075580a819dafdddfad7553724244bcba948bd0e19bf51c1ddf9f90af186feaca19b2,2023-02-26 10:45:00,CLEAR,DAYLIGHT,DRY,NOT ON SCENE (DESK REPORT),02/26/2023 11:00:00 AM,41.785387445,-87.606183761,POINT (-87.606183761008 41.785387444959),C,2,2023,10:45:00