CRASH_RECORD_ID,CRASH_DATE,WEATHER_CONDITION,LIGHTING_CONDITION,ROADWAY_SURFACE_COND,REPORT_TYPE,DATE_POLICE_NOTIFIED,LATITUDE,LONGITUDE,LOCATION,CRASH_TYPE,CRASH_MONTH,CRASH_YEAR,CRASH_TIME
d888522c93d8e1b8f45c6690e102998209d922c188e4642ada235c104c66fd3c7a848dfeba505f5468f5f207cfedea6a3bd25c29ae975fc2657d137988749e54,2023-02-13 11:30:00,CLEAR,DAYLIGHT,DRY,NOT ON SCENE (DESK REPORT),02/13/2023 01:10:00 PM,41.79573461,-87.762555326,POINT (-87.762555325992 41.795734610035),C,2,2023,11:30:00
d852170637b9290a739b3b6015cdff480592037be9e9e53f363510a43790bb44faaa19f738fd223f79f7f686b4c9c3de0f43f44cd2b1045d6891a88848c7e47e,2018-02-06 07:50:00,UNKNOWN,UNKNOWN,WET,NOT ON SCENE (DESK REPORT),02/06/2018 06:04:00 PM,41.847477765,-87.617218167,POINT (-87.617218166986 41.847477764972),C,2,2018,07:50:00
d7a2c5b6e556f84d6d020e1d0e820fafd8ec1e4f92ae4ff29b37d44b98a56df8f5465d14504c4ee8481acbf6116be949f2e132168bac7ba5f0c779bfe1526e1a,2021-06-21 21:31:00,CLEAR,"DARKNESS, LIGHTED ROAD",DRY,ON SCENE,06/21/2021 09:47:00 PM,41.785387445,-87.606183761,POINT (-87.606183761008 41.785387444959),C,6,2021,21:31:00
d789ccc8f2aecc6b6e9250963212840657993a306dc02eed08e7912f0fc19e6671a34b12b37e1480f6c0c1a98a5518252f65025bfea4eace040094b0a16748bf,2021-12-21 15:45:00,CLEAR,DAYLIGHT,DRY,NOT ON SCENE (DESK REPORT),12/21/2021 04:25:00 PM,41.961238465,-87.713199375,POINT (-87.713199374979 41.961238465013),C,12,2021,15:45:00
d662183c0b0f91856525aee3bb178f0e17b948ae42b1f7cbc12bd39e2ab6aa54484f36ef0d130063741a76dfb7ec64e9cbb5563d92e30d9486cb129be2a7f0d2,2017-09-27 20:10:00,CLEAR,DAYLIGHT,DRY,NOT ON SCENE (DESK REPORT),09/27/2017 10:00:00 PM,41.744151639,-87.585945067,POINT (-87.585945066953 41.744151639042),C,9,2017,20:10:00
d8366db69dfb7a69bedb4d3faa332064307484c2686007b050377342625f1d0f4d842777418f04d9339f8e47b3d30cacfa26a42c84774f2c72853f0bab0e0269,2016-07-21 12:00:00,CLEAR,DAYLIGHT,DRY,NOT ON SCENE (DESK REPORT),07/21/2016 02:00:00 PM,41.741803599,-87.740953582,POINT (-87.740953581987 41.741803598989),C,7,2016,12:00:00
d6a5ee555a09c8ff2cfdd68a98f52420a73a22ba7ed3082f41dd22ec7e6060c246ad3fee1f69d4baa85b18d626e13dd031f342a49ad044de80cec54b21df595b,2017-10-06 07:25:00,CLEAR,DAYLIGHT,DRY,NOT ON SCENE (DESK REPORT),10/08/2017 01:20:00 PM,41.920000585,-87.771951512,POINT (-87.771951512022 41.920000584957),C,10,2017,07:25:00
d6923dd8ed8b60687b9cb29e564690c91c8291e9235ba65ab4ff1d19bec28bed645e6abdfd1af77257168491db3cad1a1dd5011d309b87280902f1728a59c86b,2023-01-28 18:30:00,CLEAR,"DARKNESS, LIGHTED ROAD",DRY,NOT ON SCENE (DESK REPORT),01/28/2023 06:55:00 PM,41.782456383,-87.706086195,POINT (-87.706086195007 41.782456383039),C,1,2023,18:30:00
d8e1b644efd84a60d9f7d1db6678fa57447a536e84ebbb99845673678dd9c74e4aaf586e71957160effde60ca92f9f4384fe3947596308b4d2edd22a3f399abd,2021-06-12 18:30:00,CLEAR,DAYLIGHT,DRY,NOT ON SCENE (DESK REPORT),06/15/2021 04:00:00 PM,41.990508926,-87.706622194,POINT (-87.70662219398 41.990508925961),C,6,2021,18:30:00
d8f34ffd1d55fc85e3d0571d37dbd540091e0f100ced376ba852e613e15f756b93f699d19944010f30c6d930bf4c19f037d1863dc6f6443ecd0a7471e95e46e6,2016-12-17 11:00:00,CLOUDY/OVERCAST,DAYLIGHT,WET,NOT ON SCENE (DESK REPORT),12/17/2016 11:30:00 AM,41.893216223,-87.624812444,POINT (-87.624812443976 41.893216223021),C,12,2016,11:00:00
d80e5809018b728adc9707934870629a8576faa3e58a1ca4e436ae7a7564d4795eecd4226ed9e512dd000fc8ca4749c3256da32df34d7515cccb3bb4aee72140,2020-01-20 10:30:00,CLEAR,DAYLIGHT,DRY,NOT ON SCENE (DESK REPORT),01/20/2020 11:30:00 AM,41.792126102,-87.65982528,POINT (-87.659825280036 41.792126101971),C,1,2020,10:30:00
db0b952c2480d3490508633eca450f2cc77c085cf734fd34ceea04c7ed8ef95ad04ca7d2f5dc8d65d1e72e449c3144db08c47273cf6501fb9398d2b6ff2243ad,2023-01-15 15:30:00,CLEAR,DAYLIGHT,DRY,ON SCENE,01/15/2023 06:06:00 PM,41.700572074,-87.619787564,POINT (-87.619787563992 41.700572074027),C,1,2023,15:30:00
da782037614146f873d66ec6b905871fa38c6348dfbc71b3cd512d6d8f7ca202e878fc07841e6ffce35d3d36d7f9728f7c73f8bed6dd10dbf0a439064acb2d36,2016-01-28 09:45:00,CLEAR,DAYLIGHT,DRY,NOT ON SCENE (DESK REPORT),01/28/2016 11:00:00 AM,41.702473877,-87.681346972,POINT (-87.681346972031 41.702473877),C,1,2016,09:45:00
d9dbad52fc84b224903fd4f5b8374f6334d20dd35e2a1bf1884a966d65714cd71314968ab3740dc9f7bca31ef044a95f7dc8765f2ab564d46a9423421717da8c,2021-06-21 12:00:00,CLEAR,DAYLIGHT,DRY,ON SCENE,06/21/2021 12:03:00 PM,41.882211292,-87.710898608,POINT (-87.710898608036 41.882211292041),C,6,2021,12:00:00
db7d381db17fe2e79e70e78ad8fed0083173ed57f9822e0c29aff23b6d4e2747a104efdb49ae7f5bea7a886916a951012504f35e74c43f7462337dddd76970dd,2018-05-16 08:55:00,CLEAR,DAYLIGHT,DRY,ON SCENE,05/16/2018 09:00:00 AM,41.975920938,-87.699801039,POINT (-87.699801039001 41.975920937962),C,5,2018,08:55:00
da121e1b7620a82c5a8451c602f9eebc89d02ae37523ad237fde557c8ead7c571023ba4e80a8479fe428e5467a33a9c6ed26eb4fe1499f9e69f56cef5dfd5afa,2020-09-29 07:56:00,CLEAR,DAYLIGHT,DRY,NOT ON SCENE (DESK REPORT),09/30/2020 11:20:00 AM,41.969043242,-87.74790214,POINT (-87.74790214005 41.969043241977),C,9,2020,07:56:00
db43581bef8491f430caad6f741736a5a43fd2cdb60a5da864666974056354e64ceb0b99e3602e491959fa8fec1edcd2ee0e03cd97ec40089611f681cc70ee15,2017-08-18 22:15:00,CLEAR,"DARKNESS, LIGHTED ROAD",DRY,NOT ON SCENE (DESK REPORT),08/18/2017 11:15:00 PM,41.773765662,-87.722781154,POINT (-87.72278115402 41.773765661984),C,8,2017,22:15:00
daab5f73d0c798837b958a8779dd1abd4716e3193f62fb713a4e36c84d48e668c7e56a36906c68ef918d94aef244b9c46e12fb3a14c61e651561468c0d2ddd94,2019-01-27 21:00:00,UNKNOWN,UNKNOWN,UNKNOWN,NOT ON SCENE (DESK REPORT),01/28/2019 12:30:00 AM,41.891517286,-87.712389265,POINT (-87.712389265009 41.891517285959),C,1,2019,21:00:00
db5bf88abc9edb932c5ec757fac287e0a7720a9eaa047146a37c3b630f991b5080c92d85a46eec02b67f571f87b9f58b441e6f127cf012cf5a8e5c86b0edf48b,2017-08-01 22:30:00,CLEAR,"DARKNESS, LIGHTED ROAD",DRY,ON SCENE,08/01/2017 11:34:00 PM,41.755755634,-87.624565595,POINT (-87.624565594995 41.755755634022),C,8,2017,22:30:00
dac9c606ae070fb9080af6399d06165b7bae17e33ae02bdaf0c37b8ff9fb61581089a1de0eb42e613833626ec8b73b4268f7229be9aa33f0f0e4b4b10ee0f681,2018-04-29 12:00:00,CLEAR,DAYLIGHT,DRY,NOT ON SCENE (DESK REPORT),04/29/2018 12:22:00 PM,41.83966585,-87.734307411,POINT (-87.734307410977 41.839665849959),C,4,2018,12:00:00
d9d2fc84fe8a207f1a69797de392da836fa365be87cb73eeadf4f150ae585e09f08ff5ce3f1b055fe067c94109d59d463eac450673d38c5d9c2851656913e590,2022-01-20 14:17:00,UNKNOWN,UNKNOWN,UNKNOWN,NOT ON SCENE (DESK REPORT),01/20/2022 03:00:00 PM,41.93883817,-87.754519818,POINT (-87.754519817975 41.938838170007),C,1,2022,14:17:00
da87b683b4fb941626835ee02d89e1c6c9dec870cc9b8a840b8d4dbba9be7bcd5878990b84b80ebab8fe1806c911ab393d203451443a832984d31df0eb29e207,2018-05-04 14:20:00,CLEAR,DAYLIGHT,DRY,ON SCENE,05/04/2018 02:25:00 PM,41.967805003,-87.713201196,POINT (-87.713201195976 41.967805002982),C,5,2018,14:20:00
dbd6acd630faf3c489f7dc1a649501a4cc9696b9c1a7e5c4b62d0c3327a7c7c228ba8376d9e1c4ffc165954dc0a6df50cd7ab8ace38914a143e480ceb3f404ce,2021-07-28 16:44:00,CLEAR,DAYLIGHT,DRY,ON SCENE,07/28/2021 04:45:00 PM,41.756357921,-87.63477682,POINT (-87.63477682002 41.756357920977),C,7,2021,16:44:00
da046a14b41a4f638670daef910c47f41e9699f446559526d89cbaa66460f552715028fd8d8495ee399b979457318a4f41faf7f812ce06fcb0e95eaa17c004ad,2020-03-04 21:30:00,CLEAR,DARKNESS,DRY,NOT ON SCENE (DESK REPORT),03/05/2020 10:22:00 AM,41.893918609,-87.624085833,POINT (-87.624085832985 41.893918609004),C,3,2020,21:30:00
d9574a98d67adfc700f8e1e8013dca441dca43027ebbe8b9d26b436f3a69e88353fcd844f4857424fa83f2b60205b85f61834fee6f9d4f401bdb45cd512446d4,2019-10-16 17:00:00,CLEAR,DAYLIGHT,DRY,NOT ON SCENE (DESK REPORT),10/16/2019 05:07:00 PM,41.87479856,-87.755004029,POINT (-87.755004029038 41.874798560005),C,10,2019,17:00:00
daef97180b32f59fd5c271f610dc70ac57047ca8b7fa2d0be995ad20350fd33b2c375dbe0171274c4533202968f64b0fda710c119e1a531f806a3f2fe64145a9,2017-06-03 15:05:00,CLEAR,DAYLIGHT,DRY,NOT ON SCENE (DESK REPORT),06/03/2017 07:25:00 PM,41.74579217,-87.635369997,POINT (-87.63536999702 41.745792169991),C,6,2017,15:05:00
d9776637cfd7683db6197e2c7f46fdd22000258996bc173046cb3c28ed7d10e686a4e8009bf6a83b58b55a4e65ad152fa44b32e5d9813bc6e54c04929ae99851,2021-10-23 13:45:00,CLEAR,DAYLIGHT,DRY,ON SCENE,10/23/2021 02:20:00 PM,41.885781667,-87.733320133,POINT (-87.733320132975 41.885781667027),C,10,2021,13:45:00
d93860956a47a2f9d851b95c3b36f8f13bc8fd2f8999bcfdc7c1148bab771cf01b9612df07a4ff2f8835b20bb3197b38e435619ab8ad1354e60fc25b4e7deb72,2018-08-18 04:30:00,CLEAR,"DARKNESS, LIGHTED ROAD",UNKNOWN,ON SCENE,08/18/2018 04:45:00 AM,41.794090446,-87.630527331,POINT (-87.630527331008 41.794090445987),C,8,2018,04:30:00
d95070f0fd57b4c239472545e9b604f2e90ef439c8592174d196e658c6e168edc5b533b1f5ca42608fd2e819380fa32ea9c04df4cc07c5a56922ba4b13077556,2019-08-26 11:20:00,RAIN,DAYLIGHT,WET,NOT ON SCENE (DESK REPORT),08/28/2019 10:00:00 AM,41.898341319,-87.618057856,POINT (-87.618057855957 41.898341319021),C,8,2019,11:20:00
daf76fcd7f64d8c6668e1dc37d5e8a7746e43d835bc410d2f06e8255f33c020279fe62c97cb8d43cd5a74e5861287fb44cade9ebd03d8eff63b84d4c9cb177ba,2017-05-28 16:45:00,CLEAR,DAYLIGHT,DRY,NOT ON SCENE (DESK REPORT),05/30/2017 09:15:00 AM,41.920213049,-87.789752419,POINT (-87.789752418992 41.920213049049),C,5,2017,16:45:00
dac9078399bd8489394a1ff08ad7d17b1a7b0bd75018703709d631afde76b12a7fec6e99a0d296fdb3c84fb720c218de4b2c2aaf420ffd57294bf37e0c2d0557,2015-12-16 11:30:00,RAIN,DAYLIGHT,WET,NOT ON SCENE (DESK REPORT),12/16/2015 11:50:00 AM,42.010018661,-87.709056552,POINT (-87.709056551967 42.010018660983),C,12,2015,11:30:00
dbdac3a8b52e15215757cb342b84d1adcbed05d24881cb186297836d138d1b09714bdbcde22ab50aa49308520ddbc04417f0ddf6ac2c240eaf8d11e37d97334e,2021-05-29 01:35:00,CLEAR,"DARKNESS, LIGHTED ROAD",DRY,NOT ON SCENE (DESK REPORT),05/29/2021 01:40:00 AM,41.760914521,-87.557319918,POINT (-87.557319917975 41.760914521002),C,5,2021,01:35:00
db1c8ee5f0bcbf5b71a61b23d1c996f468182c5b228939ad192b5f97ecf06bbd67ad02ecd9fec60a7e41790bc96fa90e35450825c9056f7493f8c4917a483dd0,2020-06-27 22:00:00,CLEAR,"DARKNESS, LIGHTED ROAD",DRY,NOT ON SCENE (DESK REPORT),06/28/2020 12:30:00 PM,41.849438912,-87.684001149,POINT (-87.684001149019 41.849438912047),C,6,2020,22:00:00
db5e6d53ed21edd0918ba0b4c9bc2949a13981ea854c78287a117efd7de795430c536f7300556f50f1a152a63401e5a689a55d09f1c5b52a973d353d66178fac,2021-03-20 14:15:00,CLEAR,DAYLIGHT,DRY,NOT ON SCENE (DESK REPORT),03/20/2021 02:45:00 PM,41.954010154,-87.681240941,POINT (-87.68124094099 41.954010154043),C,3,2021,14:15:00
d9346d4cbd6a9e51e68f6727556a4d15b92fad7848f6c47bda0b47fedae4779b972a896c18521330e37c19d813e10bae184066a4dcdf5e58e98152bd584efb6a,2020-09-21 16:30:00,CLEAR,DAYLIGHT,DRY,ON SCENE,09/21/2020 04:30:00 PM,41.975383528,-87.752958923,POINT (-87.752958923026 41.975383528015),C,9,2020,16:30:00
da1fe5bf96cd8da26a23f73ba862404a20b49b8215dd11c1c12d3ce029c9684260433575a9215a9799928f681674270c34b1e8e856ada24f61da35fb6ae00ba4,2016-05-20 12:30:00,CLEAR,DAYLIGHT,DRY,NOT ON SCENE (DESK REPORT),05/20/2016 03:15:00 PM,41.909294322,-87.763395828,POINT (-87.763395828035 41.909294321981),C,5,2016,12:30:00
da2ae4fed783384925dd272cba7af44b2846552cc32b156be32914db936cf061c456a28ad65e70c56c3f19f8e47b64fcd92b1d039b9fa1d17f6fce1b2458a709,2020-09-29 14:53:00,CLEAR,DAYLIGHT,DRY,NOT ON SCENE (DESK REPORT),09/29/2020 04:11:00 PM,41.909665373,-87.734821737,POINT (-87.734821736967 41.909665373049),C,9,2020,14:53:00
d942647ae3a6c4c98f19875e5bcfac348e0fca58886db431d16e35414c78e08a71ba9080483fd267ba2a8607eeb1b1d69103afa9ea080a9ae561404ca8d209aa,2019-01-19 11:38:00,SNOW,DAYLIGHT,SNOW OR SLUSH,ON SCENE,01/19/2019 11:38:00 AM,41.923335896,-87.734230477,POINT (-87.734230476981 41.923335895979),C,1,2019,11:38:00
dbdffb95c922167b7fb4c8d9a45c50fbde3e94acf21c714573eed7cfa15cb2b3ff902b78ba3b3a51cd56d0fbddd767065b0e1bf3974e42c9f5a73bdb44cf2f80,2023-03-23 14:40:00,CLEAR,DAYLIGHT,DRY,NOT ON SCENE (DESK REPORT),03/23/2023 06:00:00 PM,41.791658474,-87.607997596,POINT (-87.607997596004 41.791658474021),C,3,2023,14:40:00
da192afaf756d683fb917c4f7e9b8d0ca5de085ba08c7139ceb6c5a08503cabb78e2634ee75cd928febcc1bc82a6b8da3bf5f7ad524ebf8f5f28dc1038693f82,2018-04-20 07:45:00,CLEAR,DAYLIGHT,DRY,NOT ON SCENE (DESK REPORT),04/20/2018 08:45:00 AM,41.909146508,-87.775381294,POINT (-87.775381294012 41.909146508003),C,4,2018,07:45:00
dbaa832687c4627153cafaab505886854e0b6de2bcf8ef4eb6d6f89a4420b19c2744f9024c2cb74cb089d66e0e257e4724071736ff736f714bdff41071cc90cd,2021-12-11 00:00:00,CLEAR,DARKNESS,WET,ON SCENE,12/11/2021 12:00:00 AM,41.735617968,-87.682663369,POINT (-87.682663369002 41.735617967973),C,12,2021,00:00:00
da4d4bff2f519e7bf5b7381cba661d3cdf83f0bde9768130a470a1423147083ff9e4bbf8c08fc4299da2bc06b9ea2f5150e66e0dc3ad014d7e1b239d04521f26,2018-05-21 20:19:00,CLEAR,DUSK,WET,ON SCENE,05/21/2018 08:20:00 PM,41.894794622,-87.631055164,POINT (-87.631055164034 41.894794621997),C,5,2018,20:19:00
db9fec464ae15b4290cc733568c799f41da9971d0e0b47be31aaa2b223ddcbb7db9de5e81975f6d9eab310eb615bd233bb183fa3228e4938de3a109ed0036e0d,2017-12-01 19:24:00,CLEAR,"DARKNESS, LIGHTED ROAD",DRY,ON SCENE,12/01/2017 07:30:00 PM,41.975451657,-87.798717099,POINT (-87.798717099021 41.975451656955),C,12,2017,19:24:00
dbcff9ea52b80443075a2c6a0e4c53c852093eca28f806b32874d96767fcafff37d1ef53130c0a87995c8983974555d1c7eff943d0bbe60687f2ab79388af3e6,2023-05-25 18:26:00,CLEAR,DAYLIGHT,DRY,ON SCENE,05/25/2023 06:27:00 PM,41.808320647,-87.682240771,POINT (-87.68224077098 41.808320646996),C,5,2023,18:26:00
dae4a293a7998ff1bde1f691b7eb6f4602ce9e4de298e1ae74289167dc4d847f7da3c3a9f152e5351aac1fefbede192202dddcd506435abce7b44079060279f0,2021-09-05 18:30:00,CLEAR,DAYLIGHT,DRY,ON SCENE,09/05/2021 06:31:00 PM,41.910947985,-87.794908073,POINT (-87.794908073021 41.91094798501),C,9,2021,18:30:00
db1be20d5b5bbf15475a10a08f3842ad01f1a0ebdb5f7dcb93a69c0da6b4ecec040b12a93bdde67949644f8aaad1832a0e2fa19232f5b294f9ad084f0ea5f20e,2020-11-10 11:30:00,CLEAR,DAYLIGHT,DRY,ON SCENE,11/10/2020 11:30:00 AM,41.8516599,-87.72453636,POINT (-87.724536359985 41.851659899998),C,11,2020,11:30:00
db76b98d434bc65e7f3d31d9900a9be4cac55a1d0b1e9b829ae0dd596057a7aae786c295f75e3c6de9c0d959383937c4f092d4ea22dd65615406455133ced0be,2015-10-16 17:00:00,UNKNOWN,UNKNOWN,UNKNOWN,NOT ON SCENE (DESK REPORT),10/17/2015 04:45:00 PM,41.997655095,-87.699498438,POINT (-87.699498437993 41.997655095),C,10,2015,17:00:00
da186a0ea14b31edbbdfb5b4ce59e6c85c257e795534d192af90cea5d76ccadf2142e0965911757138957b45f37c0d07de960347ae05e315cddeaf647c63c088,2021-08-19 20:20:00,CLEAR,"DARKNESS, LIGHTED ROAD",DRY,NOT ON SCENE (DESK REPORT),08/19/2021 09:10:00 PM,41.736453748,-87.575852526,POINT (-87.575852526013 41.736453748001),C,8,2021,20:20:00
dbc88435f3d09b4370e6a4cc8e161dea754fcf7295a0b3ad870e66b7e761654a9ba1b93ac5edd88b32e84d585af547dec5b206c797b81c954024a51a27a5d6ad,2021-09-17 15:00:00,UNKNOWN,UNKNOWN,UNKNOWN,NOT ON SCENE (DESK REPORT),09/17/2021 03:45:00 PM,41.995579197,-87.675876884,POINT (-87.675876883986 41.995579196996),C,9,2021,15:00:00
da448cbef4fc5392c1cebf207bff378bb97dee31739e33a88561a27eb7bea951cbd9c8693ab5bb1d502d3ced7020a593684f32236261dc4bb813ac90599ddbeb,2019-03-18 16:00:00,CLEAR,DAYLIGHT,DRY,ON SCENE,03/18/2019 04:15:00 PM,41.749903242,-87.707348392,POINT (-87.707348392008 41.749903241984),C,3,2019,16:00:00
d9286da95b2187c6a6c42db5cfaad02531094b9369521d846a692863b6510a1e71a42fdedca8dc83796871479f6e433364ef491683a9e0fa0c4341a3e263a568,2017-02-21 06:30:00,FOG/SMOKE/HAZE,DAYLIGHT,DRY,NOT ON SCENE (DESK REPORT),02/23/2017 11:50:00 AM,41.900105506,-87.624793328,POINT (-87.624793328018 41.900105505976),C,2,2017,06:30:00
da55f0cea6d4d5459a1c164eec58d3f47a58ac348206f06108248c493ec6f908a2161757c4c66fafafb8272ed3490fffff6aa0661d6d4b2b43285e05b1c7361e,2022-12-26 09:27:00,SNOW,DAYLIGHT,SNOW OR SLUSH,ON SCENE,12/26/2022 09:28:00 AM,41.974645684,-87.659970179,POINT (-87.659970178971 41.974645683985),C,12,2022,09:27:00
da64ed953d1f6f63b4f84188725d01d62f3664ced3102280b67f43f0c2d4f60d14dab8470e0a1298a6e83ddf58658e15afbaaa34dbc38d002129ddd7f72426a0,2017-11-25 01:30:00,CLEAR,"DARKNESS, LIGHTED ROAD",DRY,ON SCENE,11/25/2017 02:03:00 AM,41.692455511,-87.643355068,POINT (-87.643355067976 41.692455510958),C,11,2017,01:30:00
d96d1c2b3910ae996c198601e7a1c7c286bdbede21cde390fe18da8b2698aec8653e0cb2af8c29ba0438f2b9818fb505cb3f3d5d099176be6ea203908fd21894,2019-06-04 22:00:00,CLEAR,DARKNESS,DRY,NOT ON SCENE (DESK REPORT),06/12/2019 07:41:00 PM,41.866987673,-87.734851097,POINT (-87.734851096954 41.866987673005),C,6,2019,22:00:00
d9a96227ee6bbb2925af2d7ccd8227cda674eb888465510265a4ce3ee5bd492ddd5c05b494753b0f30743e2faa1af898f5ac859ba47bbb4fa7c5c4da4fc12d4b,2022-06-07 07:15:00,CLOUDY/OVERCAST,DAYLIGHT,UNKNOWN,ON SCENE,06/07/2022 10:00:00 AM,41.975785113,-87.714994976,POINT (-87.714994975991 41.975785113021),C,6,2022,07:15:00
dbd32a8803f91aca5e6ce2220ad22512bb66ab1e9eed55d28eebcd95d93e7eea70f1014b04074fe9c9d3d6c63b62aeb53b3068d053c9abae88db0f0e30e1ee58,2021-09-18 14:20:00,CLEAR,DAYLIGHT,DRY,ON SCENE,09/18/2021 02:40:00 PM,41.682973474,-87.642228468,POINT (-87.642228467961 41.682973473961),C,9,2021,14:20:00
d93a56303eadc7e7e2010e4a43d9176c53fa1ad234d7b4565837f7f2e776efe125d3d5611baac3c618488b38f0ad8b7a70a8e53a3877b72d6d5b3cdf06da5be7,2022-05-09 16:30:00,CLEAR,DAYLIGHT,DRY,NOT ON SCENE (DESK REPORT),05/09/2022 04:45:00 PM,41.802118543,-87.622114915,POINT (-87.622114914961 41.802118543011),C,5,2022,16:30:00
da898d5a431f5f66c63ff5cfa6d31f3f25dafbde4704cfe8dd1a9e8c0929e722fe637e8b502ec69a68f248d0d8c45811b59eda57c98aa821a63ef74da0f72319,2020-04-24 12:00:00,CLEAR,DAYLIGHT,DRY,NOT ON SCENE (DESK REPORT),04/24/2020 12:30:00 PM,41.974645684,-87.659970179,POINT (-87.659970178971 41.974645683985),C,4,2020,12:00:00
db5aa08004749cd7d1dfc7583e5a1052f2472d93ce8fc25da8b8cd0fe3f69246bb0dd3d748c17a870678486b0f049581020ad87b0f1c036b96155d0d4c61f443,2020-05-23 17:35:00,CLEAR,DAYLIGHT,DRY,ON SCENE,05/23/2020 05:35:00 PM,41.944649875,-87.756730307,POINT (-87.756730306959 41.944649874984),C,5,2020,17:35:00
d9598a46381f306d487090930b902f97b2fdc426a6eb7b249d5fa7ecf744d1061c2fff22dd893192a17cbeb7b557daa37b5b76962ceb92b3fadb002ef6cf8f65,2019-05-20 17:00:00,CLEAR,DAYLIGHT,DRY,NOT ON SCENE (DESK REPORT),05/20/2019 10:00:00 PM,41.706714203,-87.653813468,POINT (-87.653813467968 41.706714202986),C,5,2019,17:00:00
d995638344efd3b06ab8b21f27fde29000c40fac647b9ccd29e683298092e271b143839e268a357591f3bd8b64c2c0e4d7960cc4187a06c1f33d955ff72547e6,2022-03-25 08:01:00,CLEAR,DAYLIGHT,WET,ON SCENE,03/25/2022 08:13:00 AM,41.975785113,-87.714994976,POINT (-87.714994975991 41.975785113021),C,3,2022,08:01:00
da6f7018325282d3251b604701d8ef64474748303180c6558131c6c50d6ccadbb01de8e55a5e6cf9c5f246f54cd895cfe4d1d5f19922b2ac72497cd782c965f4,2023-05-08 13:00:00,UNKNOWN,DAYLIGHT,UNKNOWN,ON SCENE,05/12/2023 04:17:00 PM,41.894989505,-87.761902885,POINT (-87.761902884992 41.894989504972),C,5,2023,13:00:00
da278e053f0a401ed83b8887b4b539e7a752b00bef1806cc780c099c3d03451c321b9666432795641c2057d47835aa94235f09451e1671a4ce867f1968a223db,2019-09-16 18:30:00,CLEAR,DAYLIGHT,DRY,NOT ON SCENE (DESK REPORT),09/18/2019 11:00:00 AM,41.954171959,-87.698098913,POINT (-87.698098913034 41.954171958961),C,9,2019,18:30:00
da83f2173f6aab3770da1f747b5baa1eb1325b271815c2b9cdebf1c789d592e4c624371b7d79f1e02623b17ab6d3ad5c69974443481145ecf119420d282e55a8,2021-05-14 16:45:00,CLEAR,DAYLIGHT,DRY,NOT ON SCENE (DESK REPORT),05/14/2021 05:20:00 PM,41.780513164,-87.586356874,POINT (-87.58635687401 41.780513163973),C,5,2021,16:45:00
d91f67537a00203a29058601d00ddd88eb1fef7bfb3c4faecc5cc925bd285819eb222eb44ce21fde2cc5f9a6167f8fa347dd8f18119d7bcf9d60bcaac87c7207,2022-11-27 17:09:00,UNKNOWN,UNKNOWN,UNKNOWN,NOT ON SCENE (DESK REPORT),11/27/2022 06:45:00 PM,41.94908994,-87.658365336,POINT (-87.658365335996 41.949089940011),C,11,2022,17:09:00
d960d2f31a4a8dc9f9d53a38a33025283356a37bd9343ba6ee3fa2b701c1c1007b78d1e8fa76a8e4f24beda09c1ffbf515ead5692cbb6ace8fa85cc82af700e3,2018-10-08 15:10:00,UNKNOWN,UNKNOWN,UNKNOWN,NOT ON SCENE (DESK REPORT),10/12/2018 04:30:00 PM,41.877836738,-87.64729714,POINT (-87.647297139953 41.87783673803),C,10,2018,15:10:00
d95782a9f49fac9dd87d38b02a4c96dcbe4ffa700e5cabadf70551c86f76b25721ddebc93109b0e6dcfb260bf43feff8edb627c397dbaa5d6f95fa0771feabc8,2022-09-22 08:00:00,CLEAR,UNKNOWN,DRY,NOT ON SCENE (DESK REPORT),09/22/2022 10:20:00 AM,41.899099712,-87.696933299,POINT (-87.696933299029 41.899099712026),C,9,2022,08:00:00
db8e1698defa64638d00873349cc7a459d2862c91ff5a2d2c535549eab123ff89cc9a2a03615afe98eee6f2a835a94ba584cbe90de4cd7714db58c9cc8e5af77,2018-06-07 10:35:00,CLEAR,DAYLIGHT,DRY,ON SCENE,06/07/2018 10:41:00 AM,41.871950357,-87.627383083,POINT (-87.627383083038 41.871950357015),C,6,2018,10:35:00
d9a786110f106ceb40f0bdab8542b35ec96bbee4defb24b9d4d54aac8f7e8d3c488632968e80c63d130a51b1d5cae5155861b3b657f6ea63baac11738c40bd30,2018-09-15 14:18:00,CLEAR,DAYLIGHT,DRY,ON SCENE,09/15/2018 02:18:00 PM,41.809417694,-87.606901986,POINT (-87.606901985997 41.809417693972),C,9,2018,14:18:00
dbb3641aba877b1a6d2167b3468b0306f1e2d843c69f7a25b0ec51399a8bd958b24664cb253007c3ccbcdac1b4c3dd046ba838665390b3a1162562b350290e98,2023-04-28 13:30:00,CLEAR,DAYLIGHT,DRY,NOT ON SCENE (DESK REPORT),04/28/2023 02:30:00 PM,41.96536159,-87.6655912,POINT (-87.665591199993 41.965361590026),C,4,2023,13:30:00
db21ec14a46b38e3e5567359ad0ec77fbc3f8ebfa194b910564229b9ccc96112b3fd314b4ff123e96ec1bd0682f47e7de53ef0ff1b624c4049d871926995b841,2020-11-28 14:30:00,CLEAR,DAYLIGHT,UNKNOWN,NOT ON SCENE (DESK REPORT),11/28/2020 03:30:00 PM,42.003397687,-87.69964829,POINT (-87.699648290017 42.003397686993),C,11,2020,14:30:00
da19f812e65c9147bca0e70cb175114cf79aff6100557544504c41f9db05dc360e39f2b5e1c83f1b757d1c4212c6cefa0285c4716d9c2d7d0f26ee4e39f47a4a,2019-02-19 15:00:00,CLEAR,DAYLIGHT,DRY,NOT ON SCENE (DESK REPORT),02/19/2019 03:49:00 PM,41.90689812,-87.748378152,POINT (-87.748378151998 41.906898120007),C,2,2019,15:00:00