CRASH_RECORD_ID,CRASH_DATE,WEATHER_CONDITION,LIGHTING_CONDITION,ROADWAY_SURFACE_COND,REPORT_TYPE,DATE_POLICE_NOTIFIED,LATITUDE,LONGITUDE,LOCATION,CRASH_TYPE,CRASH_MONTH,CRASH_YEAR,CRASH_TIME
dbcf386d0c9582976795965efc79c62d635aa0757d6d6de471ddf7006dd9bbc83d38a80193b3e30ea9f5b1a0568a104ad6a8e97b35f3df8c9ab443eeb3ce434e,2021-09-23 13:30:00,CLEAR,DAYLIGHT,DRY,NOT ON SCENE (DESK REPORT),09/24/2021 03:05:00 PM,41.985976968,-87.78782345,POINT (-87.787823450015 41.985976968036),C,9,2021,13:30:00
d9e1bf0f82fdf5e391b7651d0521b1a78963c5298bf5cc6f5b4b50ee2e0565ffff8de716f06e4e1b790459be077f206e31cc727d42d2136a342094ae73442dfa,2018-03-23 17:20:00,CLEAR,DAYLIGHT,DRY,ON SCENE,03/23/2018 05:35:00 PM,41.806648097,-87.716326122,POINT (-87.716326121991 41.806648097041),C,3,2018,17:20:00
da659842fa1a40b49e7677812062d1cf80e61962de345a457e109ab27406df4f6dc8680bbc09d4947d1871690c65e2894cf45ecf386eb3e3e3c18f7bcf1f6657,2023-03-06 14:40:00,UNKNOWN,UNKNOWN,UNKNOWN,NOT ON SCENE (DESK REPORT),03/06/2023 04:45:00 PM,41.749479416,-87.716880014,POINT (-87.716880013971 41.749479416045),C,3,2023,14:40:00
dbc6e8499303bbf7a757fbbad985f7488146a76def01bfef0c540a43ec9920cb23927fd4969fc2a77aefc5654f2e3d2e719aced627541c6babbb281f31b13700,2017-03-23 21:00:00,CLEAR,"DARKNESS, LIGHTED ROAD",WET,ON SCENE,03/23/2017 09:02:00 PM,41.878205089,-87.740780714,POINT (-87.740780714023 41.87820508902),C,3,2017,21:00:00
db456090654413bb039f53394306f61ccdc341e50b64139cb23ed729f024ce1ae48e952aea596d320aad9da64ebff93c5ae6b66193357cd0b8afc9b7103fa91f,2018-04-15 16:30:00,RAIN,DAYLIGHT,WET,NOT ON SCENE (DESK REPORT),04/16/2018 07:38:00 PM,41.927895404,-87.668388154,POINT (-87.668388154045 41.927895404027),C,4,2018,16:30:00
d9b53a37fea353f05190319ebc7c188617296841a6d2d59f30764e7d2fd37b897493254477b0dc162d61c8a29ef2303e7c7883e4eeffb3ea4bacd8185c68bca0,2022-02-28 18:40:00,CLEAR,DARKNESS,DRY,ON SCENE,02/28/2022 06:45:00 PM,41.744151639,-87.585945067,POINT (-87.585945066953 41.744151639042),C,2,2022,18:40:00
dbcf6693c95a14899c617d2b39048d515b25a342b0b3acfe3610193acbd6a7aa67b8eb8c040871f9517ed349faf7bcee9456d65ea6ca0f40706f1444c4a2ebd2,2017-12-10 17:02:00,CLEAR,UNKNOWN,DRY,ON SCENE,12/10/2017 05:04:00 PM,41.869780623,-87.640655493,POINT (-87.640655493049 41.869780622992),C,12,2017,17:02:00
daf82e028c739e776e0a342e51bdc16e2ec977985b12de67d8e053570ce7df1707b0eba01d1b828e17349d233f35047588466155d4d36974bcb7c30be178531c,2020-03-18 23:30:00,CLEAR,"DARKNESS, LIGHTED ROAD",DRY,ON SCENE,03/18/2020 11:40:00 PM,41.947716928,-87.775243907,POINT (-87.775243907009 41.947716928001),C,3,2020,23:30:00
da35e6f1e389ccd272816f485dde9fbb838152351705307796663b1f5d11cfa4fa5b731aec57ba20e55269d43f65e752decd2f971b48f51670576d39e02d8967,2021-07-01 11:00:00,CLEAR,DAYLIGHT,DRY,NOT ON SCENE (DESK REPORT),07/01/2021 03:00:00 PM,41.972301679,-87.678880801,POINT (-87.678880800958 41.972301679032),C,7,2021,11:00:00
da951711d42ddcb91e94c6eb84bc10ef80b21fc68afa063d43b4d531facb029a91f822f1edcfaffcfbd94564cda6ac31372c01ee05ea9f6fc5b807be9b0ed07a,2018-10-27 17:45:00,RAIN,DAYLIGHT,WET,NOT ON SCENE (DESK REPORT),10/29/2018 09:00:00 AM,41.960464203,-87.759572722,POINT (-87.759572722049 41.960464202974),C,10,2018,17:45:00
da786415325ff8124610301edb4940e17c92e1b585285b89e023b763bedf1f190c6944b3f20004ebedbce0caea2879a3fe64eeaed1c0af2f8ca81ef4b457b045,2019-07-16 09:47:00,FOG/SMOKE/HAZE,DAYLIGHT,WET,ON SCENE,07/16/2019 10:06:00 AM,41.765956135,-87.576743076,POINT (-87.576743076024 41.765956135009),C,7,2019,09:47:00
da879790d18f786f58af271684f1d5f1dcd6d924926f7d0d07298ada8de9a9121f56dcf1167b9fc909e6aba56bf644e3c490477d9ea6329cdfa82d1e927c66f3,2022-06-29 17:48:00,CLEAR,DAYLIGHT,DRY,ON SCENE,06/29/2022 05:53:00 PM,41.735733511,-87.721498188,POINT (-87.721498188022 41.73573351095),C,6,2022,17:48:00
d99778534b7952d595b3ba7eba9a84a5f68405d2122dcc1100b37d875f19fc84ce99ae5d2221cb55bc765f7af56619f50f1fee393a1c885db458dffee3fb75f7,2023-02-23 19:28:00,CLEAR,"DARKNESS, LIGHTED ROAD",DRY,ON SCENE,02/23/2023 07:28:00 PM,41.758851593,-87.588851537,POINT (-87.588851536986 41.758851592962),C,2,2023,19:28:00
dab7d118282fbf58f94730b771b898f37a01292ad980ad8f6d415191fdb72d880ab7e85a8cf2c0a07a74ac511b2fa96c5a9869259d10d2c8319debc8490917f5,2017-02-15 12:15:00,CLEAR,DAYLIGHT,DRY,NOT ON SCENE (DESK REPORT),02/15/2017 01:15:00 PM,41.87111061,-87.701657204,POINT (-87.701657203989 41.871110610002),C,2,2017,12:15:00
dbcdc35cef39c23483cd6e5254566562c8207d09e07ad3250f8fa7fb1397d559d7c38d6c83185b4d2285370332f80bcb91607627c2cde21bd3fff9171bf2025a,2019-01-15 07:57:00,CLEAR,DAYLIGHT,DRY,ON SCENE,01/15/2019 08:03:00 AM,41.935875023,-87.694781684,POINT (-87.694781683988 41.935875023024),C,1,2019,07:57:00
dac6341b8561f3d4e596c6c50124b19320be6898947e24547d465967555e3f26b661c865a1b2888bd4514c0004f55a5c59f9cd99a8ac29fe43f08ead4cf669cd,2021-08-28 07:31:00,CLEAR,DAYLIGHT,DRY,ON SCENE,08/28/2021 07:31:00 AM,41.838792961,-87.608902658,POINT (-87.608902658017 41.838792960988),C,8,2021,07:31:00
dbc5e0283bb6b8ba26675e5c845053520774374c1ae8c83b39839b23c7f288891bc1c0b9226d895426cf6cda0574212d56273fe3124f035d876e81c273aa6a15,2018-09-17 04:20:00,CLEAR,"DARKNESS, LIGHTED ROAD",DRY,ON SCENE,09/17/2018 04:40:00 AM,41.851974606,-87.681721576,POINT (-87.68172157605 41.851974605974),C,9,2018,04:20:00
d9ef86a6aec2225e0fc96252733e56ff7ef4603ec7768763479348925f2c5662f845b21d96791a1cd4975bc2af0828850616c6cee5b949e57db08e0460653ff1,2018-08-05 18:37:00,CLEAR,DAYLIGHT,DRY,ON SCENE,08/05/2018 06:37:00 PM,41.882975961,-87.68038564,POINT (-87.680385639955 41.882975960983),C,8,2018,18:37:00
dd0d2000997c8e43164b632628ac0156adb97558ae9c05256fdae46603dcf45eb80ca148806ff90495bd462baa4b2f4257e8d9b31d90b37f2fe5bc9b3b76d924,2018-10-19 09:50:00,CLEAR,DAYLIGHT,DRY,NOT ON SCENE (DESK REPORT),10/19/2018 10:30:00 AM,41.722460706,-87.584390876,POINT (-87.584390875959 41.722460706001),C,10,2018,09:50:00
dd9d71e5b7401cdd42e7eebc4c91b6a1b2aab082e5a6e782ef6425237d3e1d29d8575b805beb52008ba00326af363efd0c6a5a69c05919446e00b39b6af3827e,2017-12-18 14:59:00,CLEAR,DAYLIGHT,UNKNOWN,ON SCENE,12/18/2017 03:15:00 PM,41.965817353,-87.758796747,POINT (-87.758796746984 41.965817352973),C,12,2017,14:59:00
ddcf736802df27374b994d5ef1173512bb8cb27fe2a6c960c362288a86ff7b690fda08f6afc83e135969e1ccf78bbfb9d0e3e22627b1a23d43996b452acdc71e,2021-06-29 22:30:00,RAIN,"DARKNESS, LIGHTED ROAD",WET,NOT ON SCENE (DESK REPORT),06/29/2021 11:35:00 PM,41.663355654,-87.641363438,POINT (-87.641363438039 41.663355654041),C,6,2021,22:30:00
dcb7ba4da3078d06a76ac553396cb3db40ae3a9496c8ec32fd74334d1d952c622130f5f5b72f8010f1665c32c5307c4048f2c5ea00c0de70f0b5ddefd5aa750e,2016-02-17 00:15:00,CLEAR,DAYLIGHT,DRY,NOT ON SCENE (DESK REPORT),02/18/2016 01:30:00 AM,41.9938448,-87.701628169,POINT (-87.701628169035 41.993844800015),C,2,2016,00:15:00
dc18bd94f636afba56d97d773d11cf08ab9933fd199d676f038e15482842923f3f2990617721712c0033cbb3d895713d7b9ff09f9fcbd2b960b1c885d6dac914,2018-09-24 07:00:00,UNKNOWN,UNKNOWN,UNKNOWN,NOT ON SCENE (DESK REPORT),09/27/2018 01:35:00 PM,41.928615792,-87.687920247,POINT (-87.687920247039 41.928615792006),C,9,2018,07:00:00
ddef9db6b6e72b2cac7def8329c76d236fbfd0c8765050e67f7bc08eade4f3c13be7f0e3024bad68bc7b5b09ea0e6ba4bf90e052d6b92611216feaa9a4a098e7,2021-11-25 12:40:00,CLEAR,DAYLIGHT,DRY,ON SCENE,11/25/2021 12:46:00 PM,41.840704724,-87.709955505,POINT (-87.709955504966 41.840704723985),C,11,2021,12:40:00
de63a0c40fba9bbc8851a38d8d11dbc64308982ca76de15c1a3806dac5bb74fa33ed735f69d3e1914b0a21e53a1a89191e61aaaba1f00ae7edc8669219382d75,2018-07-03 06:26:00,CLEAR,DAYLIGHT,DRY,ON SCENE,07/03/2018 07:30:00 AM,41.763181195,-87.644215021,POINT (-87.644215021048 41.763181195035),C,7,2018,06:26:00
debb8bb720f762ad97944dd91c8bf5268ee26a44dc4c711f66894ad87669fb4496346bff750e5fc409db5bf4396c4c01c80733dd5da679e4bce1ad0655e1c585,2018-12-09 13:50:00,CLEAR,DARKNESS,UNKNOWN,NOT ON SCENE (DESK REPORT),12/10/2018 10:15:00 AM,41.937770014,-87.717197518,POINT (-87.717197518039 41.93777001396),C,12,2018,13:50:00
dd81d2cf3f038a730cdb61db0501dad0f49d847a3dd0959bfd355e6b49c13d0a4bb20a300304b14ece8c9602eea5758841d9e1bfdaeabfaa62829e45bb313769,2021-05-22 15:40:00,CLEAR,DAYLIGHT,DRY,ON SCENE,05/22/2021 03:52:00 PM,42.006801604,-87.661457734,POINT (-87.661457733969 42.006801603988),C,5,2021,15:40:00
de68f55d05050a4b9bad17e49bdb42c57fe7c2277a291054e42f34eeebe8f9a598c63ed2e309a5f5a73387a1abb18213be09d6168ae01fce9b4a071e6a335258,2019-12-09 11:29:00,RAIN,DAYLIGHT,WET,ON SCENE,12/09/2019 11:34:00 AM,0.0,0.0,POINT (0 0),C,12,2019,11:29:00
dc5ac2137a4d3c48421afce3a40fee2e0fea7eac4a79ab38f218d36dfa143a358f1584a87a89f57a40536d239f90cc0f7fcc620640cc9c641c26f860dc6f4c9b,2019-12-24 01:50:00,FOG/SMOKE/HAZE,"DARKNESS, LIGHTED ROAD",DRY,ON SCENE,12/24/2019 01:50:00 AM,41.729765928,-87.567086138,POINT (-87.567086137993 41.729765927993),C,12,2019,01:50:00
dc2a9fb6e2e5f19deb05fd6002aab3c8813dddb8009da5a117a0ff04c4b7bbb486bd318062b6a58e3e1e4e4089632ab7ac2ccac521f28777753475a0bd0460f1,2020-09-07 22:25:00,CLEAR,"DARKNESS, LIGHTED ROAD",DRY,ON SCENE,09/07/2020 10:25:00 PM,41.827363248,-87.621826931,POINT (-87.62182693101 41.82736324801),C,9,2020,22:25:00
ddf6275fe605238e8fc6781543e650a46655fa24a9bdaa0678c65bdade7dca928bc9f125e5417d47e6211d1abbf58deb6b952680eae19df78748abf1276e4ab0,2018-09-16 08:00:00,CLEAR,DAYLIGHT,DRY,NOT ON SCENE (DESK REPORT),09/18/2018 11:26:00 AM,41.898979021,-87.637410212,POINT (-87.637410212028 41.898979021041),C,9,2018,08:00:00
dd092b1184bfa29dac240e3a7e259231c1981421e70a7fc7ce2abad57e7807c1a549512b19107a0ec8dff93060dc9e94027b711f7555b829975ac9cb8eed911f,2016-08-27 04:00:00,RAIN,"DARKNESS, LIGHTED ROAD",WET,NOT ON SCENE (DESK REPORT),08/29/2016 10:30:00 AM,41.915355092,-87.634694179,POINT (-87.634694178996 41.915355091961),C,8,2016,04:00:00
ddf448e018ccf9d7788a530607e4d877c8dc825cc9df840862ca6584a57f352b135ac0acf9cfe0634d44adc8c578509ed116b7b6fba0abc62adf4e3d8283ec31,2017-05-06 12:30:00,CLEAR,DAYLIGHT,DRY,NOT ON SCENE (DESK REPORT),05/06/2017 02:00:00 PM,41.847477765,-87.617218167,POINT (-87.617218166986 41.847477764972),C,5,2017,12:30:00
deba0a63db05d659ddf1502daae093fff7dcd55698d8d046a3f8713dbacd58c9a84cc9183b8b80fbcb95927cde2546db7a4ab99b318b7ba08fd2e717dea3a5ca,2015-11-06 18:40:00,CLEAR,"DARKNESS, LIGHTED ROAD",DRY,NOT ON SCENE (DESK REPORT),11/06/2015 07:45:00 PM,41.891599446,-87.625225576,POINT (-87.625225575965 41.891599446018),C,11,2015,18:40:00
dd96361c7c82a63d1b6565c4f6b0d0810c8ba6cceb0ec01171fe3045d634a50d480e8ecd95b10332440bfe836374ddf1ace6a1485b9bc8659eef4d89e06cfff9,2021-08-15 14:50:00,CLEAR,DAYLIGHT,DRY,ON SCENE,08/15/2021 04:56:00 PM,41.920676631,-87.775630269,POINT (-87.775630269041 41.920676630982),C,8,2021,14:50:00
dc00541d84d23974c54b4d98697f2877fb18bc2c0165d8a64f0d810e9058ffd1612ddb07a2c4c55a0db8c7b48e422ab46df2aaba7668438f7192dae4b423eaeb,2023-06-19 08:15:00,CLEAR,DAYLIGHT,DRY,ON SCENE,06/19/2023 08:25:00 AM,41.844692054,-87.686998254,POINT (-87.686998253965 41.844692053964),C,6,2023,08:15:00
ddc5980a287498a513d0f98be4bdf4da9652aa9b21d7987902fe1edb09fadf99768dab3a522dd8ad6da141cfa5a94591ee13fd0a7e926b3aeb3b0067693754ee,2021-07-15 07:07:00,RAIN,DAYLIGHT,WET,NOT ON SCENE (DESK REPORT),07/15/2021 07:50:00 AM,41.895747777,-87.632840348,POINT (-87.632840348002 41.895747776955),C,7,2021,07:07:00
ddb601dc02ee62df75a6560d3fa1ba6547ba60fa606fd0351befd64434ea7520862e95521ff6264173cdfb8a5354cb3b2ca50b41970c05eb5f437e18c54195c7,2020-10-13 07:30:00,CLEAR,DAYLIGHT,DRY,ON SCENE,10/13/2020 07:30:00 AM,41.677344191,-87.680554139,POINT (-87.680554138993 41.677344190967),C,10,2020,07:30:00
dc2bdb1d0df5051ddf8de87d3b87c7898bf8e6ac401444be03799ec5c8101e657a9f4b6d458b5c43a11a00886a611e29b0cb4bc0013d7d938887f0f2682842de,2018-01-30 15:14:00,CLEAR,DAYLIGHT,DRY,NOT ON SCENE (DESK REPORT),01/30/2018 04:09:00 PM,41.797558326,-87.74274468,POINT (-87.742744680037 41.797558325998),C,1,2018,15:14:00
ddb77425b7b8d27dec6e18eb281623623cc4024e7a79d8e6d75889fa8c826e5c27357943de6d0159e07a8d66ac92f7bf904cd79629d729861228e589a99a761e,2018-06-04 19:30:00,CLEAR,DAYLIGHT,DRY,NOT ON SCENE (DESK REPORT),06/04/2018 08:35:00 PM,41.917765793,-87.761039505,POINT (-87.761039505034 41.917765793034),C,6,2018,19:30:00
de6a7219c76f3536e091aef4795641f42d2123b4dd0c31af02b1ca0fe2b1ce28d5c55865d09760a9af402e36f11e3f379f73306edc781307bcdb83f04fe7f8ef,2021-05-20 23:35:00,CLEAR,"DARKNESS, LIGHTED ROAD",DRY,ON SCENE,05/20/2021 11:39:00 PM,41.764379659,-87.644244342,POINT (-87.644244341968 41.764379658973),C,5,2021,23:35:00
ddd1908e786d43bd0073d86b6bd56070f01f0afe4d9d3f7dadfe9d7be1b1a5ca542815bfac73dd391af54eab6a8982c3a054ab58e963214133a09ccd0c8aa015,2020-04-06 16:45:00,CLEAR,DAYLIGHT,DRY,ON SCENE,04/06/2020 04:50:00 PM,41.998691577,-87.802834683,POINT (-87.802834682986 41.998691576963),C,4,2020,16:45:00
dc05b76465924cb21979fbe1b47cf386a5edfc12f808f9637e6312030e1de1e2f21e8149d49183fb0d105f3e55fde756801022550f4ff996fd77981ce699fdd6,2019-08-11 14:15:00,CLEAR,DAYLIGHT,DRY,NOT ON SCENE (DESK REPORT),08/11/2019 02:39:00 PM,41.744151639,-87.585945067,POINT (-87.585945066953 41.744151639042),C,8,2019,14:15:00
dd19ef77be9fb5754d8eff9456417e328fbf591ad3be3441c786482d0752e04b74b4f02471356facd218ba50749ff88b4fe84ba68c528eb9943b3f3d01b4b229,2019-12-10 17:00:00,CLEAR,"DARKNESS, LIGHTED ROAD",DRY,ON SCENE,12/10/2019 05:30:00 PM,41.937469873,-87.719589608,POINT (-87.719589607998 41.937469872975),C,12,2019,17:00:00
dceec175fc67f988332743c6573e0a6e098d14c80a61a5c3eaec362a2a883f684bb28a2a2742c4a19a01ecbc98af7c1305095b7aebb435f56c4f267ba30387e3,2018-06-03 00:30:00,RAIN,"DARKNESS, LIGHTED ROAD",WET,ON SCENE,06/03/2018 12:33:00 AM,41.794908912,-87.616471792,POINT (-87.61647179201 41.794908912028),C,6,2018,00:30:00
dd3bc1841bd0be47597419f43882e4aab6cbea6c20f75b9e355e23b98deca6b881929d0b047c4b786b6d77c626345b31ca1bcf2a81a52066a0885e5b7c795222,2022-05-17 10:30:00,CLEAR,DAYLIGHT,DRY,ON SCENE,05/17/2022 10:38:00 AM,41.662535639,-87.639930231,POINT (-87.639930230972 41.662535639029),C,5,2022,10:30:00
dd3bd3c5cea4d74f60339531be9cbe54be21e0b233325997d991ecface31855e6c6c57cdc7b650264c27ca57c26428a0dfb3a01a644b9934222b809c870213ed,2023-03-16 20:30:00,CLOUDY/OVERCAST,"DARKNESS, LIGHTED ROAD",WET,NOT ON SCENE (DESK REPORT),03/16/2023 10:00:00 PM,41.744151639,-87.585945067,POINT (-87.585945066953 41.744151639042),C,3,2023,20:30:00
dcdbf19e9773298057690ebadf90854bef705f90cb7bc4ab33e273017d5495e7a49ae017205c8d53f87fe34fe8b14d19cf57cf7f004355993b604c32a7634b9b,2021-09-30 13:15:00,CLEAR,DAYLIGHT,DRY,NOT ON SCENE (DESK REPORT),09/30/2021 02:50:00 PM,41.975335342,-87.751655533,POINT (-87.751655533045 41.975335341992),C,9,2021,13:15:00
debcd51c4d6c7602612465ada53e158a87dc351b94212262918aba8fe0c96230fcc3bb86051c2bec6cb0293e01302f72a504a39a9358327361691550ac630c42,2018-02-07 01:00:00,SNOW,"DARKNESS, LIGHTED ROAD",SNOW OR SLUSH,NOT ON SCENE (DESK REPORT),02/07/2018 01:20:00 AM,41.891621161,-87.624253929,POINT (-87.624253929022 41.891621161011),C,2,2018,01:00:00
dc3720564c4ff3e9dff0f71c71f1b65c605149e3f18db462dea5e06bc15a12b5a52f5b34f95b75c5e3bae02e2735dccfe6576efd56cd79f5392eaa3985f4d8be,2019-06-08 09:57:00,CLEAR,DAYLIGHT,DRY,ON SCENE,06/08/2019 09:57:00 AM,41.995579197,-87.675876884,POINT (-87.675876883986 41.995579196996),C,6,2019,09:57:00
de3359f1b285a9320ffc97ae484feea06e131458cf04c0b319fbfb988ce153084c78ef357ce11cbca05cc9539adcfb75e21d90848292f2c3021ba75ecf956c64,2018-11-19 10:30:00,CLEAR,DAYLIGHT,DRY,NOT ON SCENE (DESK REPORT),11/21/2018 05:00:00 PM,41.880852151,-87.769633592,POINT (-87.76963359204 41.880852150992),C,11,2018,10:30:00
dce898256cc424ec8505f2b4ed2acf11269fd66097846d13197119e50a5dfdf05ea270c52dbb0df44ebd6af73ffb15bb7e27d76f7041dbe6f985da80d5884dfc,2018-02-22 15:30:00,CLEAR,DAYLIGHT,DRY,NOT ON SCENE (DESK REPORT),02/23/2018 12:15:00 PM,41.997719325,-87.696809864,POINT (-87.696809863964 41.997719324964),C,2,2018,15:30:00
dd7ff77e5142a27636928cc129e5e9c93a4f5ed1e837a825eeca1250aaeb6306bff12135d8add5aa135a08a28c44376bcd6c793926beb9853fc20a0e6be97e90,2023-06-27 18:45:00,CLEAR,DAYLIGHT,UNKNOWN,NOT ON SCENE (DESK REPORT),06/28/2023 06:02:00 PM,41.94009648,-87.64884604,POINT (-87.648846039986 41.940096480034),C,6,2023,18:45:00
dc701d4b15e5f3e1693b11cdfffde410afc9ea57e09fa5fb4f3f3521165f0bbc57f3ddf0375a614221c36d1a317c81f19367628848db6ccd058a5ca821996e74,2019-12-11 21:13:00,UNKNOWN,"DARKNESS, LIGHTED ROAD",UNKNOWN,ON SCENE,12/11/2019 09:13:00 PM,41.924490094,-87.717288131,POINT (-87.717288130979 41.924490093998),C,12,2019,21:13:00
dc5ab47f29062d858696afeb728b7fa9e2bd4597df1c09e51e37e7d1548326c095ca0f0ed60040e6ba714c4390276efdcfc7aa03517c98c8302d688a895a9e22,2023-05-13 23:30:00,CLEAR,"DARKNESS, LIGHTED ROAD",DRY,ON SCENE,05/13/2023 11:35:00 PM,41.967251621,-87.6595038,POINT (-87.659503799978 41.967251621045),C,5,2023,23:30:00
de3ba29e69c56ab393f3624de8839be5ac23cfa7b6bd7c2ae5928827b3fa84804ad5aa2db688209487e09e15031631565179c1fc3b8d905308822862a771f3b1,2018-08-23 10:10:00,CLEAR,DAYLIGHT,DRY,ON SCENE,08/23/2018 10:18:00 AM,41.721473548,-87.584865078,POINT (-87.584865078012 41.721473547973),C,8,2018,10:10:00
de032f46047dfffddec5f5130c97c62ae0238deb5602615a9851e883ab7f0c7f8a73157d00f9c01a11a811a674ffd2821747ba372ac51678d5d80bcbfcb37f8c,2020-08-02 01:09:00,RAIN,"DARKNESS, LIGHTED ROAD",WET,ON SCENE,08/02/2020 01:10:00 AM,41.735634268,-87.682733396,POINT (-87.682733396015 41.735634268007),C,8,2020,01:09:00
dcf17018fc556ceebdb523219809755f83c6ff20498b7e1f2a87e8e677a0beb1090ebb0c2e7a3e8b8833988ccd2ffffaa2942a708c624f7e2f5146349837b594,2021-10-02 22:53:00,CLEAR,"DARKNESS, LIGHTED ROAD",UNKNOWN,NOT ON SCENE (DESK REPORT),10/03/2021 01:15:00 PM,41.736382028,-87.615330643,POINT (-87.615330642955 41.736382027953),C,10,2021,22:53:00
dc59dbdb1314b5e7ef5d0edf0e74f5e2c65059c31ab73602947b10d8ed7cd334bfffe6dca3f25437c990de1cb7ea7a59e13861ba866375bac330fbc51c69e34f,2021-11-26 09:00:00,CLEAR,UNKNOWN,DRY,NOT ON SCENE (DESK REPORT),12/03/2021 11:13:00 AM,41.775110591,-87.773976475,POINT (-87.773976474969 41.775110590972),C,11,2021,09:00:00
de22c993514ceaf26914bc5633f5975a5ff6944015c7b1f14f36d6910524f73b08bf2c48366b4ecd80618115b5988dca4d7e49efde0e395c69696415c49670ee,2020-12-27 13:00:00,CLEAR,DAWN,DRY,NOT ON SCENE (DESK REPORT),12/27/2020 02:20:00 PM,41.785387445,-87.606183761,POINT (-87.606183761008 41.785387444959),C,12,2020,13:00:00
dcaa1135f913ed94e6b414aba96d44a73cb37a86571de152578b82aa1ba649480cf8b84d756b13f12f4608723e0412bc2bd87762d6ebe78f1a2a609be9567179,2022-12-14 17:30:00,RAIN,"DARKNESS, LIGHTED ROAD",WET,ON SCENE,12/14/2022 05:35:00 PM,41.958986951,-87.933993929,POINT (-87.933993928974 41.958986950953),C,12,2022,17:30:00
dd413c4e63e9dd8f63d4d7082aaa2462fc121de14bc451fe94271d7bd1f7502a61645f3539e6385ffb28e0ccb1e41abcbfd75801790dcacb4361c676a82d6f69,2020-12-06 14:00:00,UNKNOWN,UNKNOWN,OTHER,NOT ON SCENE (DESK REPORT),12/07/2020 03:00:00 PM,41.858007607,-87.644942266,POINT (-87.644942265994 41.858007606958),C,12,2020,14:00:00
dc734db2c9f4caf2f5c6a223be02ec960f277c0b7676ddcb7ee29889a0e1aa782d3bf7a14b08e7e536b92d78646c84b6b79635d30084b9ccad15e601721fd678,2021-03-28 16:19:00,CLEAR,DAYLIGHT,DRY,ON SCENE,03/28/2021 04:20:00 PM,41.785373546,-87.708058754,POINT (-87.708058754043 41.785373546024),C,3,2021,16:19:00
dcceb4ce1cdd2488c51f134be178f4e04bd6f787b470b1aeafb826f14929a7cb9d9a16f0706c036c48b88f9806d952dd870d5609e45e5816fc0aa1b1169e3cf6,2018-07-13 11:00:00,CLEAR,DAYLIGHT,DRY,NOT ON SCENE (DESK REPORT),07/13/2018 12:30:00 PM,41.809572517,-87.611394621,POINT (-87.611394620986 41.809572516992),C,7,2018,11:00:00
dd9ab61ffbfd90cbe69d3345b47783d1c02cd5951fa397a78037416f8509164bbd87384e48dfb36dcee899f1f5994615a457473a40e3b7c4a51e409a653690f3,2020-02-29 16:35:00,CLEAR,DAYLIGHT,DRY,ON SCENE,02/29/2020 04:35:00 PM,41.892018859,-87.772335609,POINT (-87.772335608966 41.892018859047),C,2,2020,16:35:00
dd58329696d3712c4f52413ee5361745b76e1c086e3eb79240f174e8ad8b061f3ee243a5100c81ca056fc4f46760bd60ec7a3a8a42092cb7afeee28a586e03ee,2019-04-26 17:00:00,CLEAR,DAYLIGHT,DRY,NOT ON SCENE (DESK REPORT),04/26/2019 05:30:00 PM,41.744151639,-87.585945067,POINT (-87.585945066953 41.744151639042),C,4,2019,17:00:00
dca2d09b8e0a4d257cb587ad46476dcec685f712635159c83d475251bcb2e4e467060abe38972b947b4dda905d1e89f6022a8c93604c94b9bd28f1ecb79be91b,2021-06-08 15:30:00,CLEAR,DAYLIGHT,DRY,NOT ON SCENE (DESK REPORT),06/08/2021 04:35:00 PM,41.793378954,-87.584053824,POINT (-87.584053824031 41.793378954013),C,6,2021,15:30:00
ddfaaaa740777e1087ec5054146e285b10b91c156ee02ab12cf7e276fc8a2b4953fd860275c1c19558a67e4dac57c21a6c7955c66e109250c54ebf3afa8a4353,2018-02-20 06:30:00,RAIN,DAWN,WET,ON SCENE,02/20/2018 06:45:00 AM,41.781133398,-87.781535713,POINT (-87.781535712953 41.781133397954),C,2,2018,06:30:00
dc2c2b073c165e12990239820d7a12ed96860fff5113db26f807551ebf06d016a5853129957e61d8894bbfe3f557758550c2642dad069ea16134054d6d4275ee,2021-07-28 21:00:00,CLEAR,DAYLIGHT,DRY,NOT ON SCENE (DESK REPORT),07/30/2021 09:49:00 AM,41.844263487,-87.62829939,POINT (-87.628299390012 41.844263486971),C,7,2021,21:00:00
de1564e4b9e08a51494f862ab9e38424c2c47396216eb48c24ce7825f8e994f38e404c2f2a9dc4c5d65414246f12fb0f66fa64fd189786dc537f59a2018b434e,2022-02-16 18:00:00,RAIN,"DARKNESS, LIGHTED ROAD",WET,ON SCENE,02/16/2022 06:01:00 PM,41.80243278,-87.728385665,POINT (-87.72838566503 41.802432779978),C,2,2022,18:00:00
deaeb9711afdabddf3c731597f400d63a3de66b534204e7198800c97ff97f22766cc6cb16cb8156da08e7cd50accc141fac42cf0751a82c8c14816ef7d5ed020,2020-12-10 07:50:00,CLEAR,DAYLIGHT,DRY,ON SCENE,12/10/2020 08:00:00 AM,41.707206697,-87.613703078,POINT (-87.613703078046 41.707206696952),C,12,2020,07:50:00