CRASH_RECORD_ID,CRASH_DATE,WEATHER_CONDITION,LIGHTING_CONDITION,ROADWAY_SURFACE_COND,REPORT_TYPE,DATE_POLICE_NOTIFIED,LATITUDE,LONGITUDE,LOCATION,CRASH_TYPE,CRASH_MONTH,CRASH_YEAR,CRASH_TIME
dc28245ccfcd85c4e73d79f6dbe28097a797fccd2dd1ae098ef3168829218c5007a7900c8cf15615a0959f52843b12b42a4950e14c7e8d56f3e40f37b09bfd78,2019-05-16 11:55:00,RAIN,DAYLIGHT,WET,ON SCENE,05/16/2019 12:00:00 PM,41.968759395,-87.670519772,POINT (-87.670519771961 41.968759395034),C,5,2019,11:55:00
de5a496bbb855ce9a4e9df70723164ba950f9b7f56174072fec3ab1d85c4883b026b22469637a7319b0c84187463ffdf41efdbf0249c8c9048d11058fab1c707,2020-07-05 22:30:00,CLEAR,DARKNESS,DRY,NOT ON SCENE (DESK REPORT),07/06/2020 12:55:00 AM,41.896748808,-87.767952908,POINT (-87.767952908015 41.896748808043),C,7,2020,22:30:00
dd5f7f23171cef53d011323dcc15933b4fb311db320669e83913ad2414ad412be931428bd488203e0d2420c2cecc49293d76877335b790b2682e08a959e3bac1,2021-10-24 06:00:00,CLEAR,"DARKNESS, LIGHTED ROAD",DRY,ON SCENE,10/24/2021 06:52:00 AM,41.75968328,-87.655302253,POINT (-87.655302252969 41.75968328003),C,10,2021,06:00:00
ddd30f1a29091c88bd0fc495017489d7aeb41294b222994682d7582966ba14fe90844dc3415b43bdffc925a7dd7bbe071d98c34df836e019ff78a957957af129,2023-05-19 02:30:00,CLEAR,"DARKNESS, LIGHTED ROAD",DRY,ON SCENE,05/19/2023 03:01:00 AM,41.917014145,-87.748270028,POINT (-87.748270028031 41.917014144979),C,5,2023,02:30:00
dc588cd0b32325a2b58302f1f8dac78df70aa4c5777d15b3ba293ab4f262ba419e1d79bf09c894fe07901d4278376ac01ae4f36a8108215dc04388e29792f047,2021-11-14 08:00:00,CLEAR,DAYLIGHT,DRY,NOT ON SCENE (DESK REPORT),11/14/2021 04:15:00 PM,41.780380727,-87.705455521,POINT (-87.705455520973 41.780380726952),C,11,2021,08:00:00
dd8d37036bd8655b686cefe26170904c8950bd74634cb2c4d07945a7be7d7e7ea2c61b8a7896b2e5dc749caa6ac0f44d7b2b5c17b2fd5cce3d12b552c14e94ea,2021-12-04 19:44:00,CLEAR,"DARKNESS, LIGHTED ROAD",DRY,ON SCENE,12/04/2021 07:55:00 PM,41.927598325,-87.670639873,POINT (-87.67063987302 41.927598325037),C,12,2021,19:44:00
de4d5da2fd95f5dd536b25b43e3279fa8bf65ca99bf016f1a98f21f5b90b5aff7cb4fc12b8f7393e01af84dd69f8ba96c9a884c7b81ee8e9adcc0c7cf67bcac8,2017-10-31 09:51:00,CLEAR,DAYLIGHT,DRY,ON SCENE,10/31/2017 09:55:00 AM,42.012195955,-87.688313771,POINT (-87.688313771026 42.012195954971),C,10,2017,09:51:00
dea92da785298793b19dea3ef8434e1bfa56c97290ff32721380d98a04f01ebe4578cd09d06ad28e97e6bfc67d5010d03fa243d79e64189ed7872507e977a5ac,2021-10-29 11:25:00,RAIN,DAYLIGHT,WET,ON SCENE,10/29/2021 11:30:00 AM,41.830686238,-87.659454461,POINT (-87.659454460965 41.830686238041),C,10,2021,11:25:00
dd5bc45dea66bc095bf50ed6e4ea1856bcbf2b9342ec0ad9fbf7394d492c06959d732f5a3d92b2927eeb6008a7861d970655f29e8c46ada998bd8989aa3d3ab5,2021-10-17 21:30:00,CLEAR,"DARKNESS, LIGHTED ROAD",DRY,NOT ON SCENE (DESK REPORT),10/17/2021 10:50:00 PM,41.896393332,-87.654686711,POINT (-87.654686710965 41.89639333201),C,10,2021,21:30:00
dd8e69d53fef31d71de20b7df2c3911d5e27d976e4ce171142e72b88e49a1ece112724067f3f8af7b9c958f7781c0e3f9fa30f4395620f3bd307e1341267bb2a,2018-07-31 08:07:00,CLEAR,DAYLIGHT,DRY,ON SCENE,07/31/2018 08:15:00 AM,41.817683733,-87.6650402,POINT (-87.665040200043 41.817683733038),C,7,2018,08:07:00
dd9413a5215eff68cfa7448a6db5ae84ba1fc3e51ef4cc4fa3882f069ed1fa181e5e8b4287d034f3a045f851752118ffcef949524d078e46200890905cb11576,2019-07-26 19:00:00,CLEAR,DAYLIGHT,DRY,NOT ON SCENE (DESK REPORT),07/28/2019 04:48:00 PM,41.928615792,-87.687920247,POINT (-87.687920247039 41.928615792006),C,7,2019,19:00:00
ddacdd667e8c180e38eb9c2e180677730929f55152d87291be6c69e8d80f746e6ebdcbb30619a26a4c9df137f61a1a850ecb853b773302bf4453c525aebae7cd,2018-12-28 10:00:00,CLEAR,UNKNOWN,DRY,NOT ON SCENE (DESK REPORT),12/28/2018 01:00:00 PM,41.77559386,-87.688558289,POINT (-87.688558288987 41.775593859964),C,12,2018,10:00:00
de0d6ebfeb6a6e71924664600562268cdd73be1c3d35e1097cdba0d8d58d9ba1a04af2f6fad5d2031c648665b964e85dd9ce72888a974b7dd3692353cd4c4ddd,2022-05-12 20:48:00,CLEAR,DUSK,UNKNOWN,ON SCENE,05/12/2022 08:48:00 PM,41.75616061,-87.634583596,POINT (-87.634583595966 41.756160610031),C,5,2022,20:48:00
deae0d116015d48442ace20a589132dc7befdd5b2891c3d0cf6dd2fe84926885b106bf85042736ee7605c6940bc35e347f4014c85f356ba000d44772219836b3,2022-12-29 16:30:00,CLEAR,DAYLIGHT,WET,ON SCENE,12/29/2022 05:08:00 PM,41.735010861,-87.718891864,POINT (-87.718891864003 41.735010860991),C,12,2022,16:30:00
dd113d937472126759c22f5dc10972cc36f1574f7261f453451cee4d72baba3e1fd887395b6d5a973ab5e75112e7fece1dd4c76e4eab74fde0ed1eab3384a5e4,2018-11-21 17:40:00,CLEAR,"DARKNESS, LIGHTED ROAD",DRY,NOT ON SCENE (DESK REPORT),11/22/2018 02:38:00 PM,41.945552923,-87.786368212,POINT (-87.786368212009 41.945552922959),C,11,2018,17:40:00
dc6f2d43f0c44b28d1eabfceec8ec1c40d4c02407068c634eadbeddbdb316df020f0103a1d91228e188ebc394d56ee310a535a30ab1ee0dee933b3539fcf262f,2022-12-14 14:11:00,CLOUDY/OVERCAST,DAYLIGHT,WET,ON SCENE,12/14/2022 02:11:00 PM,41.952810606,-87.731098276,POINT (-87.731098276033 41.952810605953),C,12,2022,14:11:00
dda1f9a8e80b63d8aa03d9952c3f44b02f6b444f85b927550e79b6ba56a68401dba0a06c23cac1ae54e9ac439c1da2bb5d7984dda08bf5c5cfeb4e1f58d23170,2020-10-04 16:40:00,CLEAR,DAYLIGHT,DRY,ON SCENE,10/04/2020 04:42:00 PM,41.928615792,-87.687920247,POINT (-87.687920247039 41.928615792006),C,10,2020,16:40:00
dda02f0f445d09918998ab857183de1768933ca35b5151faa0ba71902d601f72b4db241564c7bc8abe659522f7a9d65094f8a57db3edbda73b9e99d1f6fbaae6,2019-03-15 04:48:00,RAIN,DAWN,WET,ON SCENE,03/15/2019 04:48:00 AM,41.79573461,-87.762555326,POINT (-87.762555325992 41.795734610035),C,3,2019,04:48:00
dd985339598b80b1baa6daf40a7ff6670ba2d28c9b68c9042580f3b06c63e8465afc204d5faf2d0206876b66ed302d64372e7f8e782fc08d50298134f5eb73c2,2018-01-03 19:45:00,CLEAR,"DARKNESS, LIGHTED ROAD",DRY,NOT ON SCENE (DESK REPORT),01/03/2018 08:00:00 PM,41.954068242,-87.678604449,POINT (-87.678604449027 41.954068242042),C,1,2018,19:45:00
deab4fa39f39ded767edd33f9ec24f37e08e2dfcb86d0fcabd9e62001d7021fcea35f454e85b26f13b9076a61ebb2cb17e3143030d3024e8b1574660de43b679,2019-02-25 16:30:00,CLOUDY/OVERCAST,DAYLIGHT,DRY,ON SCENE,02/25/2019 04:34:00 PM,41.931000176,-87.766089408,POINT (-87.766089407959 41.931000176021),C,2,2019,16:30:00
ddf9b3943632a4f5ae5c02d51d6c7987185b33f90866b4d27b6b363028ac513d566053ae3b671918b6cd7c3ff1328feeff4c7aca1d82cdc9271b3693ee7a4539,2023-04-29 00:55:00,CLEAR,"DARKNESS, LIGHTED ROAD",DRY,ON SCENE,04/29/2023 12:56:00 AM,41.669943759,-87.620105285,POINT (-87.62010528498 41.669943759024),C,4,2023,00:55:00
dcc761e481e4f01fd60575c35682802c1a3f3f6ce703c93cf7cc5db74ebe2ea972dacd287fe1bf7e293c83d6ac94bcc4f461577af759ebc81b2ad04f89dc455d,2022-11-17 04:00:00,UNKNOWN,"DARKNESS, LIGHTED ROAD",UNKNOWN,NOT ON SCENE (DESK REPORT),11/17/2022 07:00:00 PM,41.922439707,-87.768219546,POINT (-87.768219546035 41.922439707046),C,11,2022,04:00:00
dd8da55bfa560784ff50bc422e3542afe035ed0a248763928afafb91659df79ff22d19cd215cd4cd15298cc3a309e57e92cbcb024b97a8a92a79a4e7aaf3b3eb,2019-12-20 08:30:00,CLEAR,DAYLIGHT,DRY,NOT ON SCENE (DESK REPORT),12/20/2019 08:54:00 PM,41.744151639,-87.585945067,POINT (-87.585945066953 41.744151639042),C,12,2019,08:30:00
de0ff55cde857c7ebb4be90eae8505a56fec47a9154f64ca2c5416f183abcceb5a0dff4715b8c8daa07dcf172f55510f1500d594208163620cd8d8dc8d752232,2019-12-26 23:10:00,CLEAR,"DARKNESS, LIGHTED ROAD",DRY,ON SCENE,12/26/2019 11:13:00 PM,41.876926589,-87.745039137,POINT (-87.745039137038 41.876926588953),C,12,2019,23:10:00
dd845bd1f313e9d7b33df7e12f6a653392d68bc0f3ca2ae881cdf5987128b140e099512f1977b47236903074e0ae2d9eb77304bff6eaa234e761e3e17ba9685c,2020-01-09 09:09:00,CLOUDY/OVERCAST,DAYLIGHT,ICE,ON SCENE,01/09/2020 09:09:00 AM,41.699900154,-87.613630165,POINT (-87.613630164992 41.699900154036),C,1,2020,09:09:00
ddd139840ba4c719cd639cdb9d9f43d18a6cc9b7dfd81f2626503b59e2ec5ef514017f53936c6658499d5ec9d813c774b02c1bce3bf0b44b5025f0a4b57b5977,2021-02-20 12:47:00,CLEAR,DAYLIGHT,WET,ON SCENE,02/20/2021 12:47:00 PM,41.916965489,-87.75210778,POINT (-87.752107780008 41.916965489023),C,2,2021,12:47:00
dcfc383fb148ca7d449cf4cedc567a9e4b3d73e73a861ddf6a64b559f33f446742e072106630ef81da922ce8526c8d2e592bd6d5f95508734c183004e04c6edf,2022-03-15 04:50:00,UNKNOWN,UNKNOWN,UNKNOWN,NOT ON SCENE (DESK REPORT),03/15/2022 05:30:00 AM,41.902815701,-87.717648644,POINT (-87.717648643968 41.902815700998),C,3,2022,04:50:00
dde744cf842bca0ef01e99d4b00cb83274de59ef8864ddb71117debf198665f0cdfa4dcd253f11ddcdedd64f7294b363fe2c922a6f7d5a42583ef0f2ca87e9d1,2019-07-16 12:15:00,RAIN,DAYLIGHT,WET,ON SCENE,07/16/2019 12:36:00 PM,41.891293713,-87.647680593,POINT (-87.647680593026 41.891293712961),C,7,2019,12:15:00
dd70b4b1ba031af12a39e8eae82f4e251f16732969c6ddf2c941aa9ad9a9ff7cdf2d79771b22bbdb373d96989a22ace86f0eb0c4cbae07d329b6b9a433182904,2023-02-13 17:29:00,CLEAR,DARKNESS,DRY,ON SCENE,02/13/2023 05:35:00 PM,41.74350578,-87.62819656,POINT (-87.628196560035 41.743505780006),C,2,2023,17:29:00
df32b3a9e0ee0ded8fc6ca625b6cbe1760d2f92ea9a318753e0b3a1995dfc0d92e176e6127e2ec8da945c4f13eaf2038ffac8ceea86ef7b1d4848bbde30480b1,2022-09-16 09:30:00,CLEAR,DAYLIGHT,DRY,NOT ON SCENE (DESK REPORT),09/16/2022 03:36:00 PM,41.741916078,-87.731527894,POINT (-87.731527894011 41.741916078034),C,9,2022,09:30:00
e01e9fd5163edf9423a3205e4a51db1160d915f40114a2142cfe5231847c723ba068955fb61268b422e465ffa2dc5d121d452bbd69c69d3a56b5873999ba3c38,2018-09-05 16:30:00,CLEAR,DAYLIGHT,WET,NOT ON SCENE (DESK REPORT),09/05/2018 05:50:00 PM,41.947988017,-87.747288494,POINT (-87.747288493953 41.947988016986),C,9,2018,16:30:00
e09f952c40aa53926b42fd0309cb6947f3dfab74bccb48cb68cee7630fa5929251d82751b876365b31f8eca731dbbf392fd618ed445890ea5a04a14b4ec0506d,2023-02-19 11:01:00,CLEAR,DAYLIGHT,DRY,ON SCENE,02/19/2023 11:09:00 AM,41.900490421,-87.711729649,POINT (-87.711729648955 41.900490420953),C,2,2023,11:01:00
e0f1c72010812f8616f358980e0e5d1c1e3468f92953e16ec333f4dce88ce0997f5632e182051bbe2ab12434f07bf1236669a0c0edc55ff77fa94a51256b35e2,2018-08-01 16:21:00,CLEAR,DAYLIGHT,DRY,ON SCENE,08/01/2018 04:21:00 PM,41.923910668,-87.777386127,POINT (-87.777386127036 41.923910667953),C,8,2018,16:21:00
ded49336d817d7ef079cf53bdff0ca6bc2551decd3c6440ca994ccbf2353a3a5234201df60f33934ea3e95a71417b71e2ed67f890941d3c5d76e940b2b1331a7,2017-08-08 07:43:00,CLEAR,DAYLIGHT,DRY,ON SCENE,08/08/2017 08:13:00 AM,41.882211292,-87.710898608,POINT (-87.710898608036 41.882211292041),C,8,2017,07:43:00
e15600f0edc25765452f137f158ef9da60a9aeafbade4b3d043239d8cf3223b554e135cb2103bcd8f884393504f8d48a0a1060a12cd986c330f810e08af6401a,2018-07-20 12:45:00,CLEAR,DAYLIGHT,WET,NOT ON SCENE (DESK REPORT),07/20/2018 01:00:00 PM,41.827363248,-87.621826931,POINT (-87.62182693101 41.82736324801),C,7,2018,12:45:00
e177c21ef5271099bcbe50e51f986c322ea77fd8f0968e26350e53ffd281561e48d80a50817ce6a1a49e116141cdbb57301f39322fe90c76469fdfd04ab06b61,2019-05-24 17:38:00,CLEAR,DAYLIGHT,DRY,ON SCENE,05/24/2019 05:47:00 PM,41.969038442,-87.667662387,POINT (-87.667662387022 41.969038442049),C,5,2019,17:38:00
e180159117040237e3b1e53f4ba9810194f8ae3e3c265f01cd9e73feb77b5d82188a5623e72204b6444d8494a4ae27766ef4829bcf97b9e77997f05275a6134d,2016-08-14 11:50:00,CLEAR,DAYLIGHT,DRY,NOT ON SCENE (DESK REPORT),08/14/2016 03:30:00 PM,41.885375924,-87.657980882,POINT (-87.657980881977 41.885375924031),C,8,2016,11:50:00
e14c9dcc7839f15e4770f2e1709ca1fd15ce2ee77b341bb25b3947af882bd6e3af9016d34b01a5b11905d5d91aa79952747d230f474b147e9e6986eb99a97467,2022-05-10 17:07:00,CLEAR,DAYLIGHT,DRY,NOT ON SCENE (DESK REPORT),05/10/2022 07:30:00 PM,41.822958463,-87.691425915,POINT (-87.691425915045 41.822958462973),C,5,2022,17:07:00
dfe91a0cd554083c4bca13dca7c029c7c9d42a631d73e982ba1fcc3d910700d80e721bc0b8853a935f3884f52be77ec2d35d112ed87208c29f3cb1ab16f44c82,2017-02-24 13:15:00,CLEAR,"DARKNESS, LIGHTED ROAD",DRY,NOT ON SCENE (DESK REPORT),02/25/2017 01:00:00 AM,41.806186021,-87.66475882,POINT (-87.664758820017 41.806186020987),C,2,2017,13:15:00
e00f928f723f9d8c9cf48f5c66f3382aa7abfa7e49ed809fb0ffd52230577aeb4aff2ce5175aafb9c83d4ce16ca8414d369e82ab75768fa006574ec4a2134166,2022-11-25 14:30:00,CLEAR,DAYLIGHT,DRY,NOT ON SCENE (DESK REPORT),11/25/2022 03:00:00 PM,41.919955299,-87.635297141,POINT (-87.635297140959 41.919955299047),C,11,2022,14:30:00
dec92b2cc4f01c13aa9281bc79af4d528764402ac87c63effc8d83a73812b62e76992813c57459d54f1e393c90e25b1d84e028afe89fd3377076cbda31fa51b7,2020-02-14 07:50:00,CLEAR,DAYLIGHT,DRY,NOT ON SCENE (DESK REPORT),02/14/2020 09:00:00 AM,41.887040052,-87.667158502,POINT (-87.667158502015 41.887040051999),C,2,2020,07:50:00
e1025416b5aeac53dcff82dc9efabf1a021d386713722a4a9238de06147e5c1734f041c5140fcdbdd46e924bb0c05f0522d73859943e03ddd4089cdca879840d,2017-12-09 13:00:00,CLOUDY/OVERCAST,DAYLIGHT,DRY,NOT ON SCENE (DESK REPORT),12/09/2017 02:30:00 PM,41.713550359,-87.681786484,POINT (-87.681786484031 41.713550359002),C,12,2017,13:00:00
e03aed85abb5c9f0757ae8652a959f8048970d1bc62d2dcb6b850ab6a1596d34171ba793f036424e3a2d028f1b6337edd77bbfa89b19374716f9cf387693ed13,2017-06-27 14:35:00,CLEAR,DAYLIGHT,DRY,NOT ON SCENE (DESK REPORT),06/27/2017 03:05:00 PM,41.911653752,-87.648145785,POINT (-87.648145784969 41.91165375204),C,6,2017,14:35:00
df2c43873a67a73b5a346570f60441700fd6eba580c54b3059dbe8c8dd1015e82307639232f626615775109fd2ffcd4a1cf0b3a7948e5079883e79e209fb4eab,2016-10-28 07:30:00,CLEAR,DAYLIGHT,DRY,NOT ON SCENE (DESK REPORT),10/28/2016 10:30:00 AM,41.762666387,-87.7027017,POINT (-87.702701699989 41.762666387024),C,10,2016,07:30:00
e12a56c68cb1277e66d03798d5860982f7a0e00d258c060a50666ecb61ab7d0e11e42e001d3d605dd3505dcd029474db33ea71687f566ce77d66fb29b1a54744,2023-05-03 17:50:00,CLEAR,DAYLIGHT,DRY,NOT ON SCENE (DESK REPORT),05/03/2023 06:08:00 PM,41.735617968,-87.682663369,POINT (-87.682663369002 41.735617967973),C,5,2023,17:50:00
dff4b35c4ab9b0cfc656bfb8b19808cfe04455d1a390b74148b56e8a46828b18b92d99c7c40b097a927ee730aa9d974e02f8b6a798afde7678e31eb46bf5d336,2022-03-26 03:30:00,CLEAR,"DARKNESS, LIGHTED ROAD",DRY,NOT ON SCENE (DESK REPORT),03/26/2022 11:45:00 AM,41.935343139,-87.804038727,POINT (-87.804038726981 41.935343138975),C,3,2022,03:30:00
dfffcf00bc190e05047fda98fc995f16522a172e3a840e1dbb2b4efaa9edf814c2ac889d3ab969f4bbb47fe42eb75b3c4fb186c0de7ef76e818fbd9fcbb03a9f,2022-09-07 14:00:00,CLEAR,DAYLIGHT,DRY,NOT ON SCENE (DESK REPORT),09/07/2022 03:00:00 PM,41.905786234,-87.755710582,POINT (-87.755710581983 41.905786233963),C,9,2022,14:00:00
e191693ffbcd91258696590ffd8aef62339e9599806d946f05cbdaee7bd8182c8e44776cb0aa9a852befb0146b0f746f90f02a794c201e92a5869e08b3fd09dc,2019-07-03 14:30:00,UNKNOWN,DAYLIGHT,UNKNOWN,NOT ON SCENE (DESK REPORT),07/03/2019 09:00:00 PM,41.710492378,-87.628253698,POINT (-87.628253697979 41.710492378042),C,7,2019,14:30:00
dedae7a404e00babb6f790605ef8a876997431b0701003afd38b5f5f7a1fc0aab2e8542c77fd8175399ef62dfae24256465970c8c6d6dd35d8c31cd276112159,2020-02-19 15:00:00,CLEAR,DAYLIGHT,DRY,ON SCENE,02/19/2020 04:05:00 PM,41.817683733,-87.6650402,POINT (-87.665040200043 41.817683733038),C,2,2020,15:00:00
dfa727a7d5b763d94e4036936be301aef712b211b19d1b50764dd90565de72d35bdf8bcd4b7cbfea505398bf1aac82e44de25972f339b8021e46654d622226ab,2017-07-17 06:07:00,CLEAR,DAWN,DRY,ON SCENE,07/17/2017 06:09:00 AM,41.740122295,-87.7226802,POINT (-87.722680200032 41.740122294987),C,7,2017,06:07:00
df9eeda18acbd2b1d067ac64299652f71d79581092a84bdebaa5e9d424cca57877766ff75e90dbf6cf66492ec59aac56c657f8933a7e3ba70c6736cf4e401828,2016-02-09 16:40:00,CLOUDY/OVERCAST,DAYLIGHT,WET,NOT ON SCENE (DESK REPORT),02/09/2016 05:15:00 PM,41.758275267,-87.616382997,POINT (-87.616382997002 41.75827526696),C,2,2016,16:40:00
e11bd499dbc8ad557127ca64f087d93b4d225562388091436428271317ff41b382be1c80c8de28eb5f2ec20a0a873a8656a2a9124fe5b8a587ae13441bcf8102,2022-11-11 13:30:00,CLEAR,DAYLIGHT,DRY,NOT ON SCENE (DESK REPORT),11/11/2022 02:25:00 PM,41.922392937,-87.694431662,POINT (-87.694431661974 41.922392937031),C,11,2022,13:30:00
e1899984c2b2d1a819069aec834cbcc0ab6f6d39902728d05b59ad686ce19617f866aea2ff5443820f5ba30fadbbb736820d3921f89953ef5bb0ee81b81262d4,2015-11-05 14:45:00,CLEAR,DAYLIGHT,DRY,NOT ON SCENE (DESK REPORT),11/05/2015 05:10:00 PM,41.884580455,-87.63349411,POINT (-87.633494109963 41.884580455044),C,11,2015,14:45:00
e1964fc2c899db654650c3699bbf00eb7c175481007b2b65b866490c5a58ce9103334f921f4b8780cfe344dacd4d9b9840f2465b508938a1a9febac1b9dead66,2023-04-01 13:00:00,CLEAR,DAYLIGHT,DRY,NOT ON SCENE (DESK REPORT),04/11/2023 06:20:00 PM,41.773407967,-87.57037243,POINT (-87.570372429966 41.77340796701),C,4,2023,13:00:00
df6b4b9b5915c96e8554391ebcac8a3821d5b4073795103df24a130aa8e30e96193e148ceaecd8bcef161c0a07bac0c23c67d40a41bb2f911ce097530ca3f03b,2021-09-11 19:00:00,CLEAR,"DARKNESS, LIGHTED ROAD",DRY,NOT ON SCENE (DESK REPORT),09/12/2021 08:50:00 AM,41.710698669,-87.624955768,POINT (-87.624955768027 41.710698668981),C,9,2021,19:00:00
e185a731fc21706472abf406f3316cd20d501c75cd86e9e1c750728971b146fa806595ec5b5420fa128fe1abcd597e281bd7ac8152b8798ea9437087655deeeb,2021-01-29 17:15:00,CLEAR,"DARKNESS, LIGHTED ROAD",DRY,ON SCENE,01/29/2021 05:38:00 PM,41.882421759,-87.666986295,POINT (-87.666986295043 41.882421759024),C,1,2021,17:15:00
e11f79392c340dfa2754add45e0219c78a1a2584cba85f5c43d2b02fb86e1f9f499c65e7dd270347a8628523622c9e83910408e48414fc89f26c5e153ad4b308,2022-01-18 17:58:00,CLEAR,DARKNESS,DRY,NOT ON SCENE (DESK REPORT),01/18/2022 06:40:00 PM,41.893513416,-87.667363049,POINT (-87.667363049012 41.893513415986),C,1,2022,17:58:00
e177f39e56616a88415c5f078e5ac1e8f30869789ae2fa8a98f2497fa74311bed952d5959e7205296784ae8252cc2af4d77c2961745bde243d2efeab0adae523,2020-10-07 09:00:00,CLEAR,"DARKNESS, LIGHTED ROAD",DRY,NOT ON SCENE (DESK REPORT),10/07/2020 10:30:00 AM,41.893194683,-87.705106485,POINT (-87.705106485038 41.893194683006),C,10,2020,09:00:00
e1048c8b8a5869b4d35e3fad0af65abe0f76e5123299105b63fd7716a0b1edb7f8380aa874a26cd1ee30b0a72fb9086a720a41676b32fa6783d8ea186ff0fa08,2021-06-22 15:49:00,CLEAR,DAYLIGHT,DRY,ON SCENE,06/22/2021 04:05:00 PM,41.78419815,-87.741365268,POINT (-87.741365267996 41.784198149971),C,6,2021,15:49:00
dfa3580e50e94aa0c1441b131d1a96fc19bcb7ed1858ca7e91f9fd267b2e224942a98e3c36fd8aa5e76d7b5af65e00d6eae441742fde2457f0d1ee7970750285,2018-07-10 18:00:00,CLEAR,DAYLIGHT,DRY,NOT ON SCENE (DESK REPORT),07/10/2018 08:23:00 PM,41.744151639,-87.585945067,POINT (-87.585945066953 41.744151639042),C,7,2018,18:00:00
e09a6045cd7ed3b854b4ab7a57320df7bc602652f0599dfe07eee1c298dfd44e0fc6aaef1fbc0fc03ab1865ef5771e9878f42fc0a55de5013ad57015a1af4297,2019-04-06 14:18:00,CLEAR,DAYLIGHT,DRY,ON SCENE,04/06/2019 02:40:00 PM,41.934516283,-87.697833765,POINT (-87.697833764957 41.934516282955),C,4,2019,14:18:00
dfa0b286060fd916032d3b9eca7b24da3a1a282785226cebbb262526f3abb60f565c8887a757cd50afd34e01383bf0fe185ae0eb44ce7a8f72d7fed3a748ee75,2022-10-28 14:30:00,CLEAR,DAYLIGHT,DRY,NOT ON SCENE (DESK REPORT),10/28/2022 09:45:00 PM,41.749903242,-87.707348392,POINT (-87.707348392008 41.749903241984),C,10,2022,14:30:00
e03ef9a266a917ee403f690e70050253346ce1ac05631eb854672e54f7d871cf04574aa41a0928b020cfebab0e64c3769f8bc228700c85442eff7f4faaf1b39a,2022-09-16 13:35:00,CLEAR,DAYLIGHT,DRY,NOT ON SCENE (DESK REPORT),09/16/2022 01:45:00 PM,41.866693692,-87.671493236,POINT (-87.671493235971 41.866693692003),C,9,2022,13:35:00
e16b5779bc266a353384e28b220e584d3bc4d457032ad74f3cb07cc94f48b0298243234e0c3e9c929cc3854e103c3f9f51138bf6a2c13dcaf136133a23912736,2022-12-02 20:00:00,CLEAR,DARKNESS,DRY,NOT ON SCENE (DESK REPORT),12/02/2022 08:30:00 PM,41.739574556,-87.551325769,POINT (-87.551325769022 41.739574556017),C,12,2022,20:00:00
df4f5a4d84ca0329ff0f2f2c05d0f49d41faa07fbc8466e8c7515c143100a1daa7181ccb0e6e2f70017e6ed37b8197cfbe1ed2c7f0acf61df1f1d8b34590a99c,2020-07-11 19:00:00,CLEAR,DAYLIGHT,DRY,NOT ON SCENE (DESK REPORT),07/13/2020 08:48:00 AM,41.913140714,-87.762057393,POINT (-87.762057393038 41.913140713959),C,7,2020,19:00:00
defebcbcf8455d18049663d80d08690f935bcea46ee80d0930c5123ec7e0096f15529ed67408dcdfb59cc993e7878a3a9bb12088ea87e6a2921c8714b5fffc6b,2018-12-17 06:53:00,CLEAR,DAYLIGHT,DRY,ON SCENE,12/17/2018 06:55:00 AM,41.942799653,-87.687941771,POINT (-87.687941770971 41.942799652999),C,12,2018,06:53:00
e12ff93fe0ce7a21cc56e574bc744f55eb16654fa0fe92cd44ad5205f0432282156af6d883d4a93893281df17d647c0a2f17e14ec9b835eb892f62f329eb518d,2023-06-06 09:00:00,CLEAR,DAYLIGHT,DRY,NOT ON SCENE (DESK REPORT),06/06/2023 01:05:00 PM,41.903536788,-87.661859583,POINT (-87.661859582959 41.903536788031),C,6,2023,09:00:00
e1565959fd41db69752ef7aaa3505c0cf5b4c416a7a871d80460bcb6284cba59da0b4c2d3f0a495914ba254f965f220735230d2913654a3c338c72eac5d2471f,2018-12-29 20:20:00,SNOW,DARKNESS,SNOW OR SLUSH,ON SCENE,12/29/2018 08:26:00 PM,41.921729807,-87.663234201,POINT (-87.663234201004 41.921729806985),C,12,2018,20:20:00
dee543fe1facacebac3bd16b4699241ee65bd32f4e2c1edda518d37c15999b7c55c678e131df04d167b967060d157c67fae04c24dcc1cdbb9ff8bedc9479ae8f,2020-02-11 15:00:00,CLEAR,DAYLIGHT,DRY,NOT ON SCENE (DESK REPORT),02/11/2020 03:40:00 PM,41.985976968,-87.78782345,POINT (-87.787823450015 41.985976968036),C,2,2020,15:00:00
df21838896587315853c4215fb0186a7b9143d7549bc5412e94a669f941bc424f9fc3357223d0893c05900ab35e4a4983e67b264f9a3b9ebd4f15bfc753c4afb,2018-10-02 17:45:00,CLOUDY/OVERCAST,DAYLIGHT,DRY,NOT ON SCENE (DESK REPORT),10/02/2018 07:20:00 PM,41.932604222,-87.727148226,POINT (-87.727148226037 41.932604221966),C,10,2018,17:45:00
df0add052fc5b7420df5daea355010bf58d3a584ece6d250edea7b30e5d3d6e200ea59c0917843b16c175e3d0ce73e23e7b144250582c577208e244a523782c6,2023-01-02 11:30:00,CLEAR,DAYLIGHT,DRY,NOT ON SCENE (DESK REPORT),01/02/2023 12:11:00 PM,41.799892524,-87.734409004,POINT (-87.734409004029 41.799892524005),C,1,2023,11:30:00
e0a1667f8de7cafc1c1254e1a09d92575633e5e139e84d05a0d7ee1c4ec16f629c1e7da37f72ffa723a162f878006026ea14d96e4f388ec546d0ea5c98315dc2,2021-04-22 16:38:00,CLEAR,DAYLIGHT,DRY,ON SCENE,04/22/2021 04:38:00 PM,41.744151639,-87.585945067,POINT (-87.585945066953 41.744151639042),C,4,2021,16:38:00