CRASH_RECORD_ID,CRASH_DATE,WEATHER_CONDITION,LIGHTING_CONDITION,ROADWAY_SURFACE_COND,REPORT_TYPE,DATE_POLICE_NOTIFIED,LATITUDE,LONGITUDE,LOCATION,CRASH_TYPE,CRASH_MONTH,CRASH_YEAR,CRASH_TIME
e137176464d8f55b8878157f2d3cc22425ab6607aa41cbf2719f917b74276a7d6b1f270d48514e829306fef8b2523543c075469befce8f4c7a809176e4cb215b,2021-09-05 02:06:00,CLEAR,"DARKNESS, LIGHTED ROAD",DRY,ON SCENE,09/05/2021 02:07:00 AM,41.867170294,-87.65279514,POINT (-87.652795140047 41.867170294037),C,9,2021,02:06:00
e16889b895eadd017d1c6d0632725ca444b38d1f5ae27ad455339a5af3e41c7c117898f2d1373c077f1ba2f739a024c8737f9bd181a30b87f490cd4ac6e10338,2018-06-07 06:45:00,CLEAR,DAYLIGHT,DRY,NOT ON SCENE (DESK REPORT),06/11/2018 11:35:00 AM,41.866501191,-87.686157599,POINT (-87.686157599021 41.866501191036),C,6,2018,06:45:00
defa3fd21de02990427d8318afd9147eed9aa9ee25f2adabc469a582b17e9109766f4bf2eb6388374a9ad27c21aec948b932089b0391b48373e939b59a98d204,2018-05-10 17:00:00,CLEAR,DAYLIGHT,DRY,ON SCENE,05/10/2018 05:40:00 PM,41.830728826,-87.655813252,POINT (-87.655813252029 41.830728825995),C,5,2018,17:00:00
df629595728ee28c48c926766ad1a742a45414bcce3cb041ad201ec3715b77ef52f3f7aa25b6273f17471f75a92ec11def29231507ab4979eddbb47d9dcf79bc,2021-11-13 12:00:00,UNKNOWN,UNKNOWN,UNKNOWN,NOT ON SCENE (DESK REPORT),11/23/2021 01:20:00 PM,41.856712017,-87.670508018,POINT (-87.670508017957 41.856712017017),C,11,2021,12:00:00
e13ed82d95e2e284afe2947e849cbbd266b9e776e6a63a9e7d44c2f117e7de8a8ddd29a18abe873e64a7028cc8f8797734b896c421aaa6aa6e312fe151183fc9,2021-07-27 11:20:00,CLEAR,DAYLIGHT,DRY,NOT ON SCENE (DESK REPORT),07/27/2021 11:45:00 AM,41.895036264,-87.698740733,POINT (-87.698740733021 41.895036263978),C,7,2021,11:20:00
e01c68c8a691acdf8a27d2037273a06f5274989bf0f156aee03da0bdd4dbb73b6875b6422eaa60a79fbbe8a830d1ce7434cb14b0e3f37310033417ab8179c3d5,2018-11-05 18:23:00,CLEAR,"DARKNESS, LIGHTED ROAD",DRY,ON SCENE,11/05/2018 06:40:00 PM,41.747426182,-87.576055228,POINT (-87.576055227985 41.74742618198),C,11,2018,18:23:00
df1b8ae17a21291861b5f2baa5cdd458a2e3114bbb29ebe26f25e226a8d81ce0e900bed26658a02838b2bcde68379083cbe4bacf425980e0b4e4e9344ffc47c0,2021-11-17 22:24:00,CLEAR,"DARKNESS, LIGHTED ROAD",DRY,ON SCENE,11/17/2021 10:24:00 PM,41.787061867,-87.636507553,POINT (-87.636507553005 41.787061867048),C,11,2021,22:24:00
e0bb8f77ece387b545bbc6a3c3e5f57665c00baec4e5ab33540dad34065928dc4ab99a4c28290560a5cd9bbd7a605b45feefd6c9e91356d17fe5955203f0535f,2017-07-11 09:00:00,UNKNOWN,UNKNOWN,UNKNOWN,NOT ON SCENE (DESK REPORT),07/13/2017 10:59:00 AM,41.994899235,-87.687487213,POINT (-87.687487213032 41.994899234983),C,7,2017,09:00:00
e0c565628fe95dfe5e51931eb520b53f6b915df3868659fbe7848409bd2253b0160dba1303e39c776e5ac801e82d7a8c12276d48ca56744a5b33c98751143e49,2022-01-15 07:15:00,SNOW,DAWN,SNOW OR SLUSH,ON SCENE,01/15/2022 07:19:00 AM,41.784385694,-87.740065946,POINT (-87.740065945952 41.784385693962),C,1,2022,07:15:00
e13b68dd9fe75d7530811c0e737aedc1ee0518f6d2261a55dbdb1d26e34e58116805651a8fa9b5502cc0a394760140117e8e991edc530988811498daf6f123a4,2022-02-22 14:55:00,RAIN,DUSK,WET,ON SCENE,02/22/2022 02:56:00 PM,41.903639931,-87.65554697,POINT (-87.655546970003 41.903639930952),C,2,2022,14:55:00
df4a8a1a912865dcd374fc143191513b4a9299239b788b2e4a7c8216a448f5872057c7de6571501e4d0c24533c477655636a1a7ddf9e782e9d84addfffffb5dd,2017-12-11 17:23:00,CLOUDY/OVERCAST,"DARKNESS, LIGHTED ROAD",DRY,NOT ON SCENE (DESK REPORT),12/11/2017 06:57:00 PM,41.765798533,-87.616335065,POINT (-87.616335064999 41.765798533041),C,12,2017,17:23:00
e0e60f434d4a9ca0363bd20fd5671e97309f95f9fadf3a00f317e76d204f7423b611bda30ca5b818c30fd4a2af4ad6ce08114496309507364d6412ca1b8369f1,2021-08-22 11:45:00,CLEAR,DAYLIGHT,DRY,NOT ON SCENE (DESK REPORT),08/22/2021 01:05:00 PM,41.717041633,-87.574148213,POINT (-87.57414821301 41.717041632981),C,8,2021,11:45:00
e00c0a882579a3041fb7ada5f0f34930cfc49f1a28c2c482999bd96950c7b7b53a3c6b2a4b3043a9b9b1404c099b8d5e4479878e66bae1637205ce9bc929982d,2020-05-29 22:34:00,CLEAR,"DARKNESS, LIGHTED ROAD",DRY,ON SCENE,05/29/2020 10:34:00 PM,41.688813907,-87.642122551,POINT (-87.642122550951 41.688813907046),C,5,2020,22:34:00
e06a9a69515d04f2da1856499b3a2d47f12e47fd079b5bc44046f194b1e6d46112c0460776a15666da73fd8725a71409e2396743d3b3a187bbd5511dcc525e75,2019-05-08 10:25:00,CLEAR,DAYLIGHT,DRY,ON SCENE,05/08/2019 10:29:00 AM,41.79573461,-87.762555326,POINT (-87.762555325992 41.795734610035),C,5,2019,10:25:00
df83fe1703dc8134e6f93a9dcff424ab48397f17b6b11942ecedb12a838972437bf0334c0612f4cb39b382a65ac576ac47c922d0187c271342e5ae4a8d64d3f2,2023-05-11 08:45:00,CLEAR,DAYLIGHT,DRY,NOT ON SCENE (DESK REPORT),05/11/2023 09:40:00 AM,41.721267719,-87.584839485,POINT (-87.584839485043 41.721267718978),C,5,2023,08:45:00
e171ed99246d7aa4a06899a88b0eeb84f9aeb2c73663f4a3ea5c19a2d59f263225300d0c5960a73c44554cb208a9d69d35723d521d339587e7cb9e519e81a075,2018-11-06 13:30:00,CLEAR,DAYLIGHT,DRY,ON SCENE,11/06/2018 03:59:00 PM,41.940888056,-87.698018017,POINT (-87.698018017013 41.940888055988),C,11,2018,13:30:00
e0f8ae742fe3b07aaf02e5854705bcc0bd20f6216b2a5f8c8787cf953a3f7f710b8f5dc1eab2dfe6e2c0f398b592bf6d58c23a929846f125f5b3f46fc2f4a158,2019-08-13 19:20:00,RAIN,"DARKNESS, LIGHTED ROAD",WET,ON SCENE,08/13/2019 08:22:00 PM,41.712223926,-87.66782942,POINT (-87.667829420046 41.71222392598),C,8,2019,19:20:00
e109b0d51f7742fb91d6dcb9a206b50cd5a57d7a39ba56421236d12bb33aef7e9fe1009bbc2fd3682ddbcf2fe89b830dd550ad102f3899119127a01cba47039c,2022-07-28 15:20:00,CLEAR,DAYLIGHT,DRY,NOT ON SCENE (DESK REPORT),07/28/2022 04:00:00 PM,41.853789949,-87.652943495,POINT (-87.652943494967 41.853789948987),C,7,2022,15:20:00
e0dcfe50647b75b3d84e7e1a2e1d4faed8af20e20823304de5bf3e5643327795c4f4451c5af6f8a6dc5067bf706245987c4798c9aa7ea32917dd8c6d5831fc19,2017-03-20 17:35:00,CLEAR,DAYLIGHT,DRY,NOT ON SCENE (DESK REPORT),03/20/2017 06:20:00 PM,41.876926589,-87.745039137,POINT (-87.745039137038 41.876926588953),C,3,2017,17:35:00
e18d215f107e971b886ec9f23ca91a477b1d79f2fe9d2c9ed98b98d00febd34d91dbc2470723bf7e2712f7c4f11a0ce0bdeb922011a2350266a56591151bff28,2019-12-23 12:09:00,CLEAR,DAYLIGHT,DRY,ON SCENE,12/23/2019 12:09:00 PM,41.851044205,-87.634819768,POINT (-87.634819768008 41.851044205018),C,12,2019,12:09:00
e08e23150c169a89b086bd37f74d158758ef104c1d2b8b6448ccf73b7e19a2e43eae556f5dfdc8369975fd7af1825e1ab1e57a0fd41baf002d447eff7a6a5f7e,2020-06-12 12:15:00,CLEAR,DAYLIGHT,DRY,ON SCENE,06/12/2020 12:25:00 PM,41.931607951,-87.697755776,POINT (-87.697755776035 41.931607951049),C,6,2020,12:15:00
e0da408f10d645235f2ed85d6169306d6b4f927829defbe966adaf71817f22cc9104fb09506c1b760f0e58170ed9f68fb06126ccb8c99381b57c612ae28d8ea6,2017-03-20 08:45:00,RAIN,DAYLIGHT,WET,NOT ON SCENE (DESK REPORT),03/20/2017 10:30:00 AM,41.802300329,-87.592875871,POINT (-87.592875870968 41.802300329046),C,3,2017,08:45:00
dfce8b5cd5483dea0b87bc81bc1a02fe52c52991652a0c7100e9f305c403f05d619c9318e4ab6ac8f8388ce9e781607768c5f6c0cbcb5c5acaea8387ebcbff80,2019-03-13 13:55:00,CLEAR,DAYLIGHT,DRY,ON SCENE,03/13/2019 01:59:00 PM,41.801718459,-87.630717101,POINT (-87.630717100992 41.80171845898),C,3,2019,13:55:00
e163de776af05c529890536ee736d157b68a9a9bf002761b27bede9eeb0675ebeff0c7063436c7dc45f82bda92a9fc89a0bb9b7423fc78e461ca56e7c064766b,2016-02-20 13:13:00,CLEAR,DAYLIGHT,DRY,NOT ON SCENE (DESK REPORT),02/20/2016 01:30:00 PM,41.866777061,-87.696059341,POINT (-87.696059340993 41.866777061004),C,2,2016,13:13:00
e0ee39c30049dd8fcab50052171de9f9038a343111b7ffb0f67015bf90f91fd77672d55a7d81c4c14626bd65b3f2f09a231783518cf18c07fc2a2842346a7651,2019-09-04 15:15:00,CLEAR,DAYLIGHT,DRY,NOT ON SCENE (DESK REPORT),09/05/2019 12:10:00 PM,41.75872376,-87.585590902,POINT (-87.585590902031 41.758723759994),C,9,2019,15:15:00
df3f7928d81f6f6bc522b268bb2fd6db02709df50512915cdc53a123392efae077157a5c60614faaf873c753145f0a59716df9e2c4e40a49c8b1c474c94570d3,2019-10-05 21:50:00,CLOUDY/OVERCAST,"DARKNESS, LIGHTED ROAD",WET,ON SCENE,10/05/2019 09:52:00 PM,41.921729807,-87.663234201,POINT (-87.663234201004 41.921729806985),C,10,2019,21:50:00
e041ef6e1fcf598c287862a766d61985f15fc4ffd812ac9b65868e229ead7f12bc7b562c7c720cfebb799b5628ed57342fc48297b9f11a5e28d526a71d04c00f,2022-03-10 08:30:00,CLEAR,DAYLIGHT,DRY,NOT ON SCENE (DESK REPORT),03/10/2022 03:40:00 PM,41.717742255,-87.570005318,POINT (-87.570005317976 41.71774225497),C,3,2022,08:30:00
e11f258f5b38ea337750baf6b78d523f68a705eb4e8ba0303038a1189ee37f61523186e24a2c7edc701d0f38638a3b795dfbf99c465acd32b26966bf303fdabf,2016-09-15 16:00:00,CLEAR,DAYLIGHT,DRY,NOT ON SCENE (DESK REPORT),09/15/2016 06:30:00 PM,41.902815701,-87.717648644,POINT (-87.717648643968 41.902815700998),C,9,2016,16:00:00
dedb5e7663e4c6dd1d1fe65e3f1bd6e332e16a10045d7af8423c4620d1178d9dc3bdce29088842ad7e2a252509d844e47f9e1712ca30c287064b412ea9b8f051,2018-08-07 13:58:00,RAIN,DAYLIGHT,DRY,NOT ON SCENE (DESK REPORT),08/07/2018 07:15:00 PM,41.903639931,-87.65554697,POINT (-87.655546970003 41.903639930952),C,8,2018,13:58:00
e069862235e5953ee2fbe723586807650e15668af677746bec8f6edc82e78afd8418b0d6876f24b78d5986e1399b02dfa26b9cc5003bcf0ea39c728e6f182cce,2019-08-29 13:45:00,CLEAR,DAYLIGHT,DRY,NOT ON SCENE (DESK REPORT),08/29/2019 01:54:00 PM,41.866693835,-87.734842029,POINT (-87.734842029042 41.866693835021),C,8,2019,13:45:00
df439fb54ddb044c45ceff39584fbe1459194983a54752803b3c8ccd19ef924ceddcf60751507755be8abc239bebfb163b61aaa7ea01e3a13a98dde0331b2685,2017-07-09 22:05:00,CLEAR,"DARKNESS, LIGHTED ROAD",DRY,NOT ON SCENE (DESK REPORT),07/09/2017 11:01:00 PM,41.744151639,-87.585945067,POINT (-87.585945066953 41.744151639042),C,7,2017,22:05:00
df292fc26a3f9e32c6ca1b812363497a1c5e50dd1437fc01d26f15560210b0f869ba4234daaf12d1a3239fa399ac2477667992a296bb25e58dda7a11f3057799,2023-03-14 10:35:00,CLEAR,DAYLIGHT,DRY,NOT ON SCENE (DESK REPORT),03/14/2023 11:25:00 AM,41.884589493,-87.620498427,POINT (-87.620498427013 41.88458949304),C,3,2023,10:35:00
e09c2ec6a8af7dce123bc62d5096532d4c3db7458385e8dea6717849ae310a7cdef23dd8d628f8023f2c56f8e192883a1e7d1d9b34f7f82c1ed0d6e9890aef6d,2019-12-26 13:39:00,CLEAR,DAYLIGHT,DRY,ON SCENE,12/26/2019 02:43:00 PM,41.924374367,-87.744240386,POINT (-87.744240386047 41.924374366984),C,12,2019,13:39:00
dec1b534d4680dff8b6ee3833274676cac6673f237846fcf270b167f47817a437452ebf67805a0e32ce8ba8ea798ea36425a9287a9e122a32d50b8e09c46b050,2022-06-29 15:57:00,CLEAR,DAYLIGHT,DRY,ON SCENE,06/29/2022 03:57:00 PM,41.677344191,-87.680554139,POINT (-87.680554138993 41.677344190967),C,6,2022,15:57:00
def524573ca04ea4bf24fd26ad3f456f13be03caa30811efae31ea7b02dd7d34b64e2e13d13f4599d36d92b845e80dd84e3dc52301a70be56ca1c8d007f5d9a0,2021-02-10 02:29:00,CLEAR,"DARKNESS, LIGHTED ROAD",DRY,ON SCENE,02/10/2021 02:32:00 AM,41.916965489,-87.75210778,POINT (-87.752107780008 41.916965489023),C,2,2021,02:29:00
e0a6742e3f9eb6755b45e8e21b3911b7af0d1d6ed64ec5e1ff23fa1fa542f1e2f7f38fbba8566406c88c1ebb2e9c493bf7881c4597dde791608eecf3c6687775,2023-07-02 16:00:00,RAIN,DAYLIGHT,UNKNOWN,NOT ON SCENE (DESK REPORT),07/02/2023 04:20:00 PM,41.793378954,-87.584053824,POINT (-87.584053824031 41.793378954013),C,7,2023,16:00:00
e17910cd63f075d82964b3920078bdc814166df7b2cc955803da4fcff9544382adcd223db7be76d62757760724f14233a2b69b410b139815f34706cd51a11046,2023-07-28 18:55:00,CLEAR,DAYLIGHT,DRY,ON SCENE,07/28/2023 06:55:00 PM,41.744151639,-87.585945067,POINT (-87.585945066953 41.744151639042),C,7,2023,18:55:00
e0ace4e04bbee2c6bf659a8c9912aa280765160fb2bebda19477470983ce133c49565c18b845a2c948ea960399afd95e49eb2533503c3a0e411320834adeb724,2016-11-23 16:45:00,UNKNOWN,UNKNOWN,UNKNOWN,NOT ON SCENE (DESK REPORT),11/23/2016 05:20:00 PM,41.974329658,-87.819524932,POINT (-87.819524932013 41.974329657994),C,11,2016,16:45:00
dfd00e8f1c9f7612d87e351f7f1ed54eb30609077e47d161c1a92714828e34ae6f37d5500888e7e7087f7942724754b6b490d8e9a75124e300db2d4462f1f4c6,2018-10-20 06:00:00,UNKNOWN,UNKNOWN,DRY,NOT ON SCENE (DESK REPORT),10/21/2018 09:20:00 AM,41.842323061,-87.712443957,POINT (-87.712443957006 41.842323061012),C,10,2018,06:00:00
df4e346603bab684e0bff621a10e56efd610e7a0c0f5a22e81a2f49178b1d3f596e839cc8b683d0eb1844d3af75be9ae64cc2ec8ac331516ddefc57bba3cc3b8,2019-08-02 11:45:00,CLEAR,DAYLIGHT,DRY,NOT ON SCENE (DESK REPORT),08/02/2019 11:50:00 AM,41.851033676,-87.635615917,POINT (-87.635615916989 41.85103367604),C,8,2019,11:45:00
e0764a3e749fcf2f22f9a031f1b1deca5826aa60ec0d0055eb01312ab4b212e7a525143ec001dc2774156d4d65db2dbcbb489c4d150a71724c252356ac0a3729,2023-07-22 00:21:00,CLEAR,"DARKNESS, LIGHTED ROAD",DRY,ON SCENE,07/22/2023 12:21:00 AM,41.773455972,-87.585022352,POINT (-87.585022352022 41.773455972008),C,7,2023,00:21:00
dff5a5eb168e9efe5ab6246ea754ab9185db28babe7f8b12610326fa10efadfe4fb148543c3cc062f530017652926df58dc5dafa680eef96ff89511a75b8a64d,2022-05-28 18:16:00,CLEAR,DAYLIGHT,DRY,ON SCENE,05/28/2022 06:21:00 PM,41.717982953,-87.536343387,POINT (-87.536343387007 41.717982953027),C,5,2022,18:16:00
df6ec0ed5a339846d5aa3356e7fedb42e22914118d59488a65d041c5b2ac43d25d96395d825fc8090426e7f07a4bc8ab43e32f40fbafda420822950fb08f2c01,2019-02-11 20:11:00,SLEET/HAIL,DARKNESS,ICE,ON SCENE,02/11/2019 08:15:00 PM,41.917103631,-87.687248767,POINT (-87.687248767006 41.917103631009),C,2,2019,20:11:00
e08b05838dea90261979c8c836850f13367ef7508d9f50ec7ac7950dc80c9285c67ebe8f4f8960c031036d5c37981630cc55397df85c526135466ab0a158d3d9,2021-03-10 13:30:00,CLEAR,DAYLIGHT,DRY,ON SCENE,03/10/2021 02:58:00 PM,41.817683733,-87.6650402,POINT (-87.665040200043 41.817683733038),C,3,2021,13:30:00
e0bee97093ad359378c69fb5a86baa396b0caa35338c5f352a83892cf65d4de4ffb7870bf6d37081a289e4b74064f5b3b3f3a40c8a9e63880c29e2ecb747750c,2019-01-14 15:55:00,SNOW,DUSK,ICE,NOT ON SCENE (DESK REPORT),01/14/2019 04:50:00 PM,41.97604903,-87.685854901,POINT (-87.685854901023 41.976049030028),C,1,2019,15:55:00
e078a882c38cbc255ac974f0b9126f9741dec55cb01a9f4cd9bac9dd7beb3c0725ec9717e97cd0831d9fab8bbe43c4b8f52e569ad606992ad8051b5aca56dfe5,2016-08-21 02:15:00,CLEAR,"DARKNESS, LIGHTED ROAD",DRY,NOT ON SCENE (DESK REPORT),08/21/2016 07:35:00 AM,41.903639931,-87.65554697,POINT (-87.655546970003 41.903639930952),C,8,2016,02:15:00
e06ae011e18a9b8a099dade89aae8019ce7abc207a59fd3110b271fb71650a868e6d51e055429186d83b21afb769e888f89cafef337961c19215172da0a5fa39,2018-03-11 00:25:00,CLEAR,"DARKNESS, LIGHTED ROAD",DRY,ON SCENE,03/11/2018 12:30:00 AM,41.912444433,-87.711907741,POINT (-87.71190774097 41.912444433018),C,3,2018,00:25:00
e0633c35b15dcdb9696b16ca221df19cf3cd7de20535c70ba74d7679b53b25c3060928cb45780adf959ab66d669e95944eac6a6b21b2585579a70224597e1fa0,2020-02-07 12:28:00,CLEAR,DAYLIGHT,WET,NOT ON SCENE (DESK REPORT),02/07/2020 01:45:00 PM,41.691376862,-87.720174306,POINT (-87.720174306034 41.691376861978),C,2,2020,12:28:00
df51cb1b7e8248327f49dbc0e1e4d86decd48a6192650d208da81d23b7badeed4221ebd10914df3eb242b29cf071289931876b64b09b13ab26f005fbf0c4175d,2018-07-16 12:15:00,UNKNOWN,DAYLIGHT,DRY,NOT ON SCENE (DESK REPORT),07/16/2018 03:00:00 PM,41.902212301,-87.74884541,POINT (-87.748845410034 41.90221230099),C,7,2018,12:15:00
defc2257083e6eeea2f30f08286a8cf6db56a657af1caa18811b24f7d4e21e94e6a11acc8388e602f4051fbe3b970ea021b29ebf4e7ca6c612f3c47421293ead,2017-03-30 17:00:00,RAIN,DAYLIGHT,WET,NOT ON SCENE (DESK REPORT),03/30/2017 05:47:00 PM,41.691376862,-87.720174306,POINT (-87.720174306034 41.691376861978),C,3,2017,17:00:00
e103d12d04f5fd06906e945d468d75130d944a9118670c5cc40de8a7d9bd5fe20b824f521f0badf9c238d7edfdce3308ccacd81e903ffa4de9f11c5afa1d7aab,2020-03-04 09:10:00,CLEAR,DAYLIGHT,DRY,NOT ON SCENE (DESK REPORT),03/04/2020 11:15:00 AM,41.954105717,-87.693290369,POINT (-87.693290369008 41.954105716988),C,3,2020,09:10:00
deeeb4506d32ba1743560e3abac555a182dea9a4ddd8fc0e088f48ac593ae019dc1c54e9c9a5323eb13a209db6b2f1e241e573294199cde21b2cbc7a81807b88,2019-08-23 18:30:00,CLEAR,DAYLIGHT,DRY,ON SCENE,08/23/2019 06:45:00 PM,41.997730287,-87.806645117,POINT (-87.806645117018 41.997730287008),C,8,2019,18:30:00
e011941fce5d67a9c949cfff5ee06057fd9cd947ff21558a31b30cd76fb87f98b87b2cfcea3b75d076552ebe49f883fdea926a78496c7acb5c3ea5de3bd1b7e3,2018-05-11 23:00:00,CLEAR,"DARKNESS, LIGHTED ROAD",DRY,ON SCENE,05/11/2018 11:05:00 PM,41.760768548,-87.674496389,POINT (-87.674496388992 41.760768547995),C,5,2018,23:00:00
e02f415d532ea0260d3435e9da0a2976719fb9e5f8ce7de3e1d37019c8c76890014e641a44dba294d1c1bdcb0725a3d24d82b232cb04b9811aace77b1eb50f77,2016-09-27 16:00:00,CLEAR,DAYLIGHT,DRY,NOT ON SCENE (DESK REPORT),09/27/2016 05:00:00 PM,41.679697904,-87.617721813,POINT (-87.617721813046 41.679697904043),C,9,2016,16:00:00
e133e7b589bc50cf70d5684ef7e2ba69901fc1580d2cd19daeaf5712f7cfd6db76c366456a76f02867db90d18b54b8a64a79df549073ebfd5609d2d190375bcf,2021-03-29 10:00:00,CLEAR,DAYLIGHT,DRY,NOT ON SCENE (DESK REPORT),03/30/2021 08:30:00 PM,41.802310396,-87.591930532,POINT (-87.59193053204 41.802310395993),C,3,2021,10:00:00
dfe65c1b5729134a0c0f96f494c3ae11037f53eab073773bf0995026416ec21cc2c95261bf78dafd5788121a11b44eab6f1f8b2c04001ae18a5aff0498d0594e,2022-12-08 08:13:00,CLEAR,DAYLIGHT,DRY,ON SCENE,12/08/2022 08:13:00 AM,41.932604222,-87.727148226,POINT (-87.727148226037 41.932604221966),C,12,2022,08:13:00
defda523e15dbc80aef7c27921a52e8f9f74802447da16576732ff0c96ba7fcadaa1c4334b2fc69c5f5dc9ebeb84e4e18b66f105bd5991fc94a0e07d3155ae99,2022-07-10 19:50:00,CLEAR,DUSK,DRY,NOT ON SCENE (DESK REPORT),07/11/2022 09:40:00 AM,41.794090446,-87.630527331,POINT (-87.630527331008 41.794090445987),C,7,2022,19:50:00
e0a4927fd48daf8aaf0a8cf14524b391444134f6c31bcf1cd6943c96b3c91fb101d61222322ec2a265e7dbb1ebac9d9a3b26e6f3db2578defcb664141a6c1cbb,2023-05-18 18:45:00,CLEAR,DAYLIGHT,UNKNOWN,NOT ON SCENE (DESK REPORT),05/18/2023 07:32:00 PM,41.997616748,-87.690024006,POINT (-87.690024005959 41.997616748009),C,5,2023,18:45:00
e41d3af9466dbfe977a5c8eb6ddb3b032c4b4f7eece8234cfd73c95f60062749c900bfdf44241c81744ed7852a9c0ac21e71be7b998ac0f24fecc9c4658889eb,2017-02-07 14:35:00,FOG/SMOKE/HAZE,DAYLIGHT,WET,NOT ON SCENE (DESK REPORT),02/07/2017 03:00:00 PM,41.857621901,-87.70527585,POINT (-87.705275850039 41.857621900976),C,2,2017,14:35:00
e3e73e7c44a4df937b8196e499b8ffb45a62faa7ac1a0876fa39f175fbc1781cbae2e365939c56e1bb6f906b43493ecc2a1430dc3e4dc47092de0f5fd3d36286,2021-03-20 18:35:00,CLEAR,DAYLIGHT,DRY,ON SCENE,03/20/2021 06:37:00 PM,41.865737329,-87.700666961,POINT (-87.700666961009 41.865737329004),C,3,2021,18:35:00
e20d0b2ccca008af99b6b465d6d0da93963eda3b69a174eb8108a18440cfbe25d227b946011a587997526b3a24694601e5cb6f6ba2788ac9c3aa0250de2023b1,2017-12-20 07:31:00,CLEAR,DAYLIGHT,DRY,ON SCENE,12/20/2017 07:31:00 AM,41.947763091,-87.703102254,POINT (-87.703102254042 41.947763090997),C,12,2017,07:31:00
e3f2cebd9d0ffa75834527610b9b4ed69136558fdf390889bb21879dd083ca5e9c2d3982510c8e9febc55b1d320d0a729ba9bbb7b0fb0f34784a2e2529fa867c,2017-08-01 11:40:00,CLEAR,DAYLIGHT,DRY,NOT ON SCENE (DESK REPORT),08/01/2017 12:34:00 PM,41.910530014,-87.667050586,POINT (-87.66705058601 41.910530014022),C,8,2017,11:40:00
e36f5fb13a2b29ade12281212a04f3773846974bf26497690d691ed33e5b9ee14b2aff546724a046f82fe8b8707e5bad1649187da9427fc7f28c09193f1864f4,2018-08-24 06:25:00,CLEAR,DAYLIGHT,DRY,NOT ON SCENE (DESK REPORT),08/24/2018 06:45:00 AM,41.879714362,-87.774496221,POINT (-87.774496220954 41.879714361958),C,8,2018,06:25:00
e414b69066498427ae86da1182f963121b05cdc3881cb8452fd1b8724c83af91b88561998433e27b3e2fe9f369419d7ef7107cc79ebde4945f5b67b70346fdb7,2020-08-14 17:09:00,CLEAR,DAYLIGHT,DRY,ON SCENE,08/14/2020 05:09:00 PM,41.998071333,-87.661231481,POINT (-87.661231481043 41.998071332987),C,8,2020,17:09:00
e27517bd41d106568177d7daf043e83e889defef7b2b6b7cdb4455306874e8a808bd08eae691b8c727fdd130ba114e6f02665481e3cd50d5915bfbcf0081890c,2017-03-22 09:55:00,CLEAR,DAYLIGHT,DRY,NOT ON SCENE (DESK REPORT),03/22/2017 10:45:00 AM,41.758578915,-87.610110946,POINT (-87.610110946047 41.758578915017),C,3,2017,09:55:00
e25a27926585486a6df0d8f82556faf4d0f9729bbf2cb494972fd32c976689b44e6f2812abf9068783c7cf601e099d646ac5811419c89ea51e3ffaf70eb1c85f,2017-12-04 17:30:00,CLEAR,"DARKNESS, LIGHTED ROAD",DRY,NOT ON SCENE (DESK REPORT),12/04/2017 05:50:00 PM,41.877836738,-87.64729714,POINT (-87.647297139953 41.87783673803),C,12,2017,17:30:00
e2a201d16634869796f208a344217f8cf2f3468f48353183b2f109e5b7a2bb30ccf356b604c81857e06408115a597d36bfc94972e2e650fbda2fe1d1c7fe888f,2021-11-06 01:42:00,CLEAR,"DARKNESS, LIGHTED ROAD",DRY,ON SCENE,11/06/2021 01:46:00 AM,41.873891668,-87.72050595,POINT (-87.72050594998 41.873891667972),C,11,2021,01:42:00
e25a7d0595731718eb98b1b29e17711b0ac30794616c081e4338ded7dd1e00804370581c2c4ad726ff641beadfd94e24e950ce57b927ec38213b5b2b39249891,2023-02-23 11:35:00,CLEAR,DAYLIGHT,DRY,NOT ON SCENE (DESK REPORT),02/23/2023 12:39:00 PM,41.773226559,-87.74196473,POINT (-87.741964730019 41.773226558959),C,2,2023,11:35:00
e3fadca543105466c332b5745a26e6f58a68b3cd35baafb013d129aee004570f4c42b07e66e3beb7f43ef26de70a6864f22430a2959a0048205441efb8967898,2022-02-07 17:00:00,CLEAR,DAYLIGHT,DRY,NOT ON SCENE (DESK REPORT),02/07/2022 05:30:00 PM,41.785387445,-87.606183761,POINT (-87.606183761008 41.785387444959),C,2,2022,17:00:00
e433354cc3f434122615a3274b63ddc84cf1257e45b6fa2cb259a772fe72cbaa15e394e211e290d5e1b44a612f6dc237ecf614262f359f489fc842772ff2ca53,2019-02-15 01:01:00,CLEAR,"DARKNESS, LIGHTED ROAD",WET,ON SCENE,02/15/2019 01:06:00 AM,41.682973474,-87.642228468,POINT (-87.642228467961 41.682973473961),C,2,2019,01:01:00
e2c77a0f23b546ba8f839f6408474d7bdddd66e53ce26ac234ec617a8b827f01e334564c7846f7301a06259750b6dca7048469f1ed936364c15568d20dc4401a,2023-01-26 11:50:00,CLEAR,DAYLIGHT,SNOW OR SLUSH,ON SCENE,01/26/2023 12:30:00 PM,41.903536788,-87.661859583,POINT (-87.661859582959 41.903536788031),C,1,2023,11:50:00