CRASH_RECORD_ID,CRASH_DATE,WEATHER_CONDITION,LIGHTING_CONDITION,ROADWAY_SURFACE_COND,REPORT_TYPE,DATE_POLICE_NOTIFIED,LATITUDE,LONGITUDE,LOCATION,CRASH_TYPE,CRASH_MONTH,CRASH_YEAR,CRASH_TIME
e2705439fbdc4a869e6fe549db5352440eed6c581c060bfba8539d98c1cdaf5add6f7b6ed912f4aa6eaa5d84180baf2cd0bb202973887cfb618302a759f34e3e,2021-03-23 19:10:00,RAIN,"DARKNESS, LIGHTED ROAD",WET,ON SCENE,03/23/2021 07:15:00 PM,41.960532229,-87.767097026,POINT (-87.767097025983 41.960532228999),C,3,2021,19:10:00
e38ca4b57c6a7b590e3f9c52826a4de12ae3101c6a6a6de15b52a8a51355d3e1d5bca4d794801d1fd5de855527f67850bc13ea87968aa16829bbaaf5512c7df8,2020-01-06 18:50:00,CLEAR,DAWN,DRY,NOT ON SCENE (DESK REPORT),01/06/2020 07:40:00 PM,41.793378954,-87.584053824,POINT (-87.584053824031 41.793378954013),C,1,2020,18:50:00
e25ae15b827061f7a5d72884f97cf4a825f65afae402d495ea3dc4df21e377179737a32dcda1458ebe2bbe575cbdf434309d055ed72d97058c56ef2a4dbaeb85,2016-11-04 10:20:00,CLEAR,DAYLIGHT,DRY,NOT ON SCENE (DESK REPORT),11/04/2016 05:20:00 PM,41.884600962,-87.627828521,POINT (-87.627828520965 41.884600961961),C,11,2016,10:20:00
e3d24b1ed82a650eae36908a304ce5da9f0383d7919ca7359e7f7691fff0cb36afa3f69abb83987bf53dc95dee70e022c7f2b5a7e6f7ab1031ec574fad4e085c,2022-05-11 09:00:00,CLEAR,DAYLIGHT,DRY,ON SCENE,05/11/2022 10:02:00 AM,41.749621025,-87.682687851,POINT (-87.682687851001 41.749621025041),C,5,2022,09:00:00
e222332eb29f23001015698b8375b8b5083bda601f7b60b2a5a17cd98a5b8422a378758d45761202d75268296f952712431c8f2190f95f534d799f901cdb6909,2023-04-10 23:00:00,CLEAR,"DARKNESS, LIGHTED ROAD",DRY,NOT ON SCENE (DESK REPORT),04/11/2023 05:45:00 PM,41.690479875,-87.704590589,POINT (-87.704590589042 41.690479875019),C,4,2023,23:00:00
e35970e51d1b84bb9e1d984a268ee54c50faf7452a4c8e7b399a4d85f8282ac1f19027404345b494644da41361b8529cf4d83366628b2ad45012888470870dbc,2019-07-02 10:00:00,CLEAR,DAYLIGHT,DRY,ON SCENE,07/02/2019 10:10:00 AM,41.964341082,-87.713091948,POINT (-87.713091947983 41.964341081991),C,7,2019,10:00:00
e39f63b80f2a227576e97eb08801a94079fcb08a2f3fdbfa18a239540808ffe6f70e866ef76a66b9ad00b5c33e2c251a60ad9117bf9eef1df7807e658a50ef94,2021-09-03 15:00:00,RAIN,DAYLIGHT,WET,ON SCENE,09/03/2021 03:05:00 PM,41.787199151,-87.641236622,POINT (-87.641236621967 41.787199150968),C,9,2021,15:00:00
e3158fb748a05c0183c5b28268f8ee6bc57c1da662a9c51854a4258e85541fddb07c166592698150097f4b249ae650d49f7c3391fb3c0decc25b8e555577f944,2023-02-06 15:33:00,CLEAR,DAYLIGHT,WET,ON SCENE,02/06/2023 03:34:00 PM,41.981742913,-87.656754947,POINT (-87.65675494698 41.981742912991),C,2,2023,15:33:00
e42b9b6dd9f193bfba5af5cf179a6a3273869e54de81bfe9be4aa3cadb6a46b9b542a58e7d3c4660ec0bbaff2863c6b7ecd500ca0c4ab6bf06884c69d641e29c,2019-02-07 14:00:00,RAIN,DAYLIGHT,WET,NOT ON SCENE (DESK REPORT),02/07/2019 02:40:00 PM,41.855487087,-87.666228866,POINT (-87.666228866033 41.855487087044),C,2,2019,14:00:00
e2b9f324ab56db3114844a9fd41b1479ef6d8b0e3a4c38d77dfa7fc5f626cf59809dba876639d506dab1f7ca6c103c41d53284f05c71041b402fe8588b8e771e,2018-02-22 19:43:00,CLEAR,"DARKNESS, LIGHTED ROAD",DRY,ON SCENE,02/22/2018 07:44:00 PM,41.866119494,-87.720927574,POINT (-87.720927573996 41.866119493974),C,2,2018,19:43:00
e2eb0ea9f3542c87d04f9360a2a633bdfce1e67ac84dfa428e4d3b0ba26d58f222d84ff0711697f0886d351a2ea8bb28daf10a8c0653978b5f49241138f8fd00,2021-11-30 09:00:00,CLEAR,DAYLIGHT,DRY,NOT ON SCENE (DESK REPORT),11/30/2021 05:30:00 PM,41.857553781,-87.727212768,POINT (-87.727212767997 41.857553781017),C,11,2021,09:00:00
e2220da20a00b94db52aab87e95c61141776cae9d98e4a9bc6038666351654f28a3d4e03416e7d85e0520541446c232c4b24d8ab72def0466d0d91ececb970fc,2018-09-21 13:10:00,CLEAR,DAYLIGHT,DRY,NOT ON SCENE (DESK REPORT),09/25/2018 11:50:00 AM,41.852846116,-87.701044877,POINT (-87.70104487697 41.852846116031),C,9,2018,13:10:00
e1b1d96bd02861c25688041d57533246b818894c724e3b2eadf2298d0e07521491e8b364cc197494ae601b533052c9f2171c63f4a2263611adc0e7347eb1e194,2019-02-21 08:00:00,SNOW,DAYLIGHT,SNOW OR SLUSH,ON SCENE,02/21/2019 08:10:00 AM,41.779622481,-87.695989918,POINT (-87.695989918014 41.779622481027),C,2,2019,08:00:00
e43a9399e194a947e8d6b24fc249bb4994fe0971cc1db7c3efe647d27d337111a8a4c70319e352dec53314633d5996fb918341ebd15a30f3d292ffc4d6a01134,2017-12-10 19:55:00,CLEAR,DARKNESS,DRY,ON SCENE,12/10/2017 08:00:00 PM,41.793378954,-87.584053824,POINT (-87.584053824031 41.793378954013),C,12,2017,19:55:00
e3f76c494c2a111402c8e8525a6d285431b825f2dfaebf3193c21881041964740b04b04cb6608f7d1655c2936ad1d1d02d71f3d4e10d1c82a833c462d3813d6c,2022-03-10 07:15:00,UNKNOWN,UNKNOWN,UNKNOWN,ON SCENE,03/10/2022 07:15:00 AM,41.930964091,-87.797699592,POINT (-87.797699591975 41.93096409103),C,3,2022,07:15:00
e2f2480a72fd535d0cd402a72df6534b945004a25c40cdd276643710b5edfd1169f390295f1780688d445abf55545ba6eb86c1ab3b7e08f98bf0351a46367b7f,2019-03-30 14:45:00,CLEAR,DAYLIGHT,DRY,NOT ON SCENE (DESK REPORT),04/02/2019 05:43:00 PM,41.785387445,-87.606183761,POINT (-87.606183761008 41.785387444959),C,3,2019,14:45:00
e39c8c99460151c81df90ecb051ca76814f165c2084b92739d3ea56dde985ca1d1c1d52ccd425bf36f5fa82bf5f96619c4b651446a60ce6f6ec997f79e016f79,2019-06-01 11:06:00,CLEAR,DAYLIGHT,DRY,NOT ON SCENE (DESK REPORT),06/01/2019 04:40:00 PM,41.963250992,-87.688403644,POINT (-87.688403643971 41.963250992012),C,6,2019,11:06:00
e2d8c5f49e8e52273207af466d5ce573c6771c48fddd769d2401514f6d9c77f094db2c8c47191b0aafd297923f03a27906f2122c0e907ca8b22cd6955d6922bd,2023-04-28 15:40:00,CLEAR,DAYLIGHT,DRY,ON SCENE,04/28/2023 03:44:00 PM,41.770923216,-87.702807259,POINT (-87.702807258974 41.770923216039),C,4,2023,15:40:00
e1e2bd0b1ec3e484ea22f80989108b79ff66d591387fea0d362ee9371dda636d5f48ef3b68b7820b363938064e4f8c9c3a9713cc4037707fe7f8df7b87a49289,2020-05-22 15:45:00,CLEAR,DAYLIGHT,DRY,NOT ON SCENE (DESK REPORT),05/22/2020 03:55:00 PM,41.858906154,-87.712914181,POINT (-87.712914181015 41.858906154029),C,5,2020,15:45:00
e30780d37c533ddddc9336a1d5eacb08f0b35a6c703ed1a52230b72823dc377e8becc55ab8f784787e58ac355821d3f0bbb7e6a2b12dbc62499cc4c1fbc3037b,2022-03-12 10:05:00,CLEAR,DAYLIGHT,DRY,ON SCENE,03/12/2022 10:25:00 AM,41.794602529,-87.742607215,POINT (-87.742607214988 41.794602528951),C,3,2022,10:05:00
e1db57ad00767019be7cbdad561d463e359b5073c543a2fa5a6664dffa41a1b15a540e50d9525a5cdb7738b1ed779c81765b3ed746fdcd6efad04a6586b61bc3,2022-03-05 18:00:00,CLEAR,DARKNESS,UNKNOWN,NOT ON SCENE (DESK REPORT),03/06/2022 03:20:00 PM,41.86682801,-87.625963269,POINT (-87.62596326902 41.866828010004),C,3,2022,18:00:00
e258fdf248e235485f0d9390ac752f7cb17c6586962c0ec3d910f77aee67e567ff120b9d831d12712e0b6657fe1e3f183b0805d679112e4c07fd67934f52cdc5,2023-05-27 17:53:00,CLEAR,DAYLIGHT,DRY,NOT ON SCENE (DESK REPORT),05/27/2023 09:15:00 PM,41.874590031,-87.633704185,POINT (-87.633704184958 41.874590031007),C,5,2023,17:53:00
e2e6fa682889f839595127dc2884b8c444c326389dd538df165bd60e3866c3cbbbc58a4ae236add8bbf07214282aa0ad6b4d251ef08ce745e1f820a6146d55ed,2019-12-03 23:25:00,CLEAR,"DARKNESS, LIGHTED ROAD",DRY,ON SCENE,12/03/2019 11:30:00 PM,41.744151639,-87.585945067,POINT (-87.585945066953 41.744151639042),C,12,2019,23:25:00
e2e1bf4bdf1a22f161dff237d18b7ce191d0b80bbc550c6cdcafebedd0c436c20bb2acb7bf512f4f17d49659a015d8ba0f1e21b23ff6cc645071499c3bbb75d2,2017-12-02 01:05:00,CLEAR,"DARKNESS, LIGHTED ROAD",DRY,ON SCENE,12/02/2017 01:12:00 AM,41.710978823,-87.623452572,POINT (-87.623452572001 41.710978823009),C,12,2017,01:05:00
e2cdc0e03ead1d565e9c375209fe2b4fe9be5641f2dee2064023134cb42bd76d488bd89d6010fa1e36b3c869f60aed7ae08a3940bfb708840b16777c262f0639,2016-10-30 13:48:00,CLEAR,DAYLIGHT,DRY,ON SCENE,10/30/2016 01:49:00 PM,41.75869138,-87.60533417,POINT (-87.605334170015 41.75869137995),C,10,2016,13:48:00
e1d23bcb7f0c85fed7910e0dcd5cda890aaaa446a7895fefce994bf585f6ed2ab53a8384780738cbb7ce8fb38865db8468988877a25b6f00dce872d44b3261ab,2021-07-09 20:30:00,CLEAR,DUSK,DRY,NOT ON SCENE (DESK REPORT),07/14/2021 03:57:00 PM,41.891134744,-87.647295851,POINT (-87.64729585103 41.891134744023),C,7,2021,20:30:00
e280316b01407cda2570913fde6989c044c65320b5871cf50bf30f180a9f954077f721d99da5062c222a1e78524e545b39b899198813560e50569e93fc99f07c,2018-01-24 17:15:00,CLEAR,"DARKNESS, LIGHTED ROAD",DRY,ON SCENE,01/24/2018 05:23:00 PM,41.895499511,-87.723699547,POINT (-87.723699546998 41.895499510995),C,1,2018,17:15:00
e3f92a994fd75e3ee265a59bd492beb36fae43ad5a75ae9e57fc2672360160f71e734bf3a25b81bc47cd5d7fe4d620729dcc2e9331ec6becbcbed2163dfe006a,2017-07-30 18:30:00,CLEAR,DAYLIGHT,DRY,NOT ON SCENE (DESK REPORT),07/30/2017 07:00:00 PM,41.939150798,-87.687788607,POINT (-87.687788607001 41.939150798046),C,7,2017,18:30:00
e282fd61dabd9dc4e1f99242e1eb33ad3a26556961fb44d0499cf1cb0c164a859489b8271223b8cc51c1c8025c30b60175f4d91b922360c5d229ca3eedface7b,2023-01-29 13:19:00,CLEAR,DAYLIGHT,DRY,ON SCENE,01/29/2023 01:19:00 PM,41.801295718,-87.651265867,POINT (-87.65126586705 41.80129571798),C,1,2023,13:19:00
e1c01c08f07df13ad57a4a18ea9836e297fd80322b8bf5ff7e6247913fac38bae060a48c88867693eb391a1306ab8cf6261a52c3f9241fafeaacfc25516541ef,2017-09-23 23:58:00,CLEAR,"DARKNESS, LIGHTED ROAD",DRY,NOT ON SCENE (DESK REPORT),09/24/2017 12:15:00 AM,41.890716048,-87.629964812,POINT (-87.629964811968 41.890716048024),C,9,2017,23:58:00
e2bf399065886e6b74e19aa0946fab68d84265eb7cc73d120f1885c21a6dbe44e9cf5dc2e3235541fcb97a80a5d31a456af1d1eb0e9b8629aacbaf8b4ce717a5,2017-12-12 16:32:00,CLEAR,DARKNESS,DRY,ON SCENE,12/12/2017 04:38:00 PM,41.938266954,-87.795761499,POINT (-87.795761499004 41.938266954026),C,12,2017,16:32:00
e2d77ef0db1481f212623b6a2aefd30be9a4c0d6505ec1a762fd31aa4435d18f32e5b1cf9942f02184e5a1cc675d09c8542dcb10919d46f4243152baad335d73,2019-05-23 01:40:00,UNKNOWN,"DARKNESS, LIGHTED ROAD",UNKNOWN,NOT ON SCENE (DESK REPORT),05/23/2019 01:45:00 AM,41.839142054,-87.706157847,POINT (-87.706157847024 41.839142054042),C,5,2019,01:40:00
e2c71d25762d3eff568253291eb785d7c6c288711f21b4537ed1680b2409ae7d7d0308047dd1304b612c4a8e2647564c83fbbfa1897e17478d3cbb7b2f075a25,2020-09-24 06:30:00,CLEAR,DAYLIGHT,UNKNOWN,NOT ON SCENE (DESK REPORT),09/27/2020 01:24:00 PM,41.880556614,-87.637168587,POINT (-87.637168587045 41.880556614042),C,9,2020,06:30:00
e46d7ef8f43de92996b6c741240150b2aa30e15939140f232f6e230b86903437f1fc28fd732417a9414c0383953d26e00be86bf6bbfd76d9cc87a0e4f01076b8,2016-10-22 14:00:00,CLEAR,"DARKNESS, LIGHTED ROAD",DRY,NOT ON SCENE (DESK REPORT),10/25/2016 10:15:00 PM,41.926931277,-87.662833151,POINT (-87.662833150978 41.926931277004),C,10,2016,14:00:00
e2d55c9ed9822520f65e775e84c779e4febd9e14f6f8879d1c6274646d4aaf5d3e3d682c0eb9d1acedec3d372909037ab0b682a865da803f3affbb91c9da2718,2019-03-15 15:00:00,CLEAR,DAYLIGHT,DRY,NOT ON SCENE (DESK REPORT),03/15/2019 03:30:00 PM,41.903825234,-87.64328636,POINT (-87.643286359995 41.903825233976),C,3,2019,15:00:00
e1ab338d0475e1614939bdedc45a12ac22020cd48a4e4a8666101def13a087bc6bcbd0c802dee4570e232a058f174f68445935c4304aadd7f75cc1d9d308f988,2020-10-02 18:53:00,CLEAR,"DARKNESS, LIGHTED ROAD",DRY,NOT ON SCENE (DESK REPORT),10/02/2020 09:31:00 PM,41.939308285,-87.718653753,POINT (-87.718653752993 41.939308285031),C,10,2020,18:53:00
e2a8ab8e519f0d099de52d207cf3aa773d4f534d7d10f8246bbe52bec4a675e3207408bccda63074df0cbcf9260394b4b48b20c014a2a1f3f9406cd8b48817cb,2020-10-20 08:00:00,CLEAR,DAYLIGHT,DRY,NOT ON SCENE (DESK REPORT),10/20/2020 08:35:00 AM,41.778769193,-87.575376158,POINT (-87.575376158009 41.778769193018),C,10,2020,08:00:00
e354996d4053ffd74a5ef9924c4622926fcdb11aab374dc50593546aaed68e097551679b69435cd4a52a1a3fa5790d0d48e7b9b4b5fa71446885543fad8ef318,2019-04-11 15:00:00,CLEAR,DAYLIGHT,DRY,NOT ON SCENE (DESK REPORT),04/12/2019 03:35:00 PM,41.886676655,-87.69354148,POINT (-87.693541479988 41.886676655033),C,4,2019,15:00:00
e2b0c0f7c5da4423b306e9183bb19458afad0c254d098e0e8911cddad849adcdd59bb1f82d93d089f1bad049fdaa3f8b059149b8588edaf46b0f3bf86ffa11c0,2021-08-08 09:30:00,CLEAR,DAYLIGHT,UNKNOWN,NOT ON SCENE (DESK REPORT),08/09/2021 02:50:00 PM,41.754788507,-87.559825965,POINT (-87.559825964955 41.754788506971),C,8,2021,09:30:00
e42e271fb98d99b3985d98e387db33eafa0e94eacf7b6c8e1d33232d4cd8c0ae8755d9d10401d9162ff164e4ad6f4d36f3d14df858c4c366affa60ce6eb97e1a,2019-03-09 18:05:00,RAIN,"DARKNESS, LIGHTED ROAD",WET,ON SCENE,03/09/2019 06:09:00 PM,41.958986951,-87.933993929,POINT (-87.933993928974 41.958986950953),C,3,2019,18:05:00
e4349eaba69832179c43b55bf1f5af652bdd034ca8f1315a46ca909898c4e15e4a5419d94494bcf93b0933f5721df6deb7715e94354c405b56678c5f1692a1db,2020-08-19 01:05:00,CLEAR,"DARKNESS, LIGHTED ROAD",DRY,ON SCENE,08/19/2020 01:06:00 AM,41.8820229,-87.637081412,POINT (-87.637081411989 41.88202289998),C,8,2020,01:05:00
e2d09884d0d81a157367f9a93c9ac096cadf16342f2c3e9d57c7d816b9336f3857f9ff073810ed16477ea7439f3aa9ec7659f5215e4bcaba8fa4f473361da760,2018-12-15 17:45:00,CLEAR,"DARKNESS, LIGHTED ROAD",DRY,ON SCENE,12/15/2018 05:45:00 PM,41.858908833,-87.729904272,POINT (-87.729904271964 41.85890883299),C,12,2018,17:45:00
e2f9b401b978bb8fe629abf0242c34a39ae509c0c9b4564f9d4f42ef54c092b25ec8ad5352f6f2e96deae3d4c51f887d2d807164b3d4097119903245ab8661f0,2020-08-30 02:49:00,CLEAR,"DARKNESS, LIGHTED ROAD",DRY,ON SCENE,08/30/2020 02:49:00 AM,41.784099753,-87.643491582,POINT (-87.643491582026 41.784099752952),C,8,2020,02:49:00
e1b4cf12f62912a31f1e22f9f8896e4fbee297e1870ca9231354e6cc4902f07e0408c3446748ee46347163fd06abfa6959404750dd149192972567daf163f6b5,2019-09-09 08:50:00,CLEAR,DAYLIGHT,DRY,NOT ON SCENE (DESK REPORT),09/09/2019 09:15:00 AM,41.785387445,-87.606183761,POINT (-87.606183761008 41.785387444959),C,9,2019,08:50:00
e3fdd69b987c6ecb6057f186cd480abfb2870335f6fb073d42193641f15cf6dbc095b819db6e2db9688dad6324937e5559ce1d664fc53ee74d950cd1d04561fd,2018-08-31 11:40:00,CLEAR,DAYLIGHT,DRY,ON SCENE,08/31/2018 11:50:00 AM,41.903639931,-87.65554697,POINT (-87.655546970003 41.903639930952),C,8,2018,11:40:00
e3d3060eb098a87aba98bd8508cc4ad4135c2c7fcb50262b9174d3a46cdb0d546095b2f5314a92841dbeeb42c12ccf35db264efb2bdf1c24882ac9b524ea326b,2017-12-01 16:05:00,CLEAR,DAYLIGHT,DRY,ON SCENE,12/01/2017 04:10:00 PM,41.771243837,-87.724274604,POINT (-87.724274604018 41.77124383705),C,12,2017,16:05:00
e3c864ad0b710be342de533fd712c888140395b1a98ca1490bcde57c53f20df8c1e0373ee40e42101e4db3d1979ad566b3634a8846d8d444b56593eb63a3a629,2020-09-27 06:00:00,CLEAR,"DARKNESS, LIGHTED ROAD",DRY,NOT ON SCENE (DESK REPORT),09/27/2020 11:53:00 AM,41.832876804,-87.649235722,POINT (-87.649235721996 41.832876803967),C,9,2020,06:00:00
e3cd4afd3d321f44b22cab11f0ec486fc259ac00c5aad6b9ccf35d0a030b607476cfb65addf14ec44de9b1027293d4afc39366a7c9ddc8bb4a13f1a1d290443a,2021-11-01 17:15:00,CLEAR,DAYLIGHT,DRY,ON SCENE,11/01/2021 05:51:00 PM,41.933009647,-87.668566455,POINT (-87.66856645496 41.933009646995),C,11,2021,17:15:00
e2e6d644712785f72b105420132fe7a97dc8b6a73ecceeb180b22065677fc674dc38b794d9f9e37d84ddfbb9c325b8a73449db8fea68b4881610f4df407b632e,2021-09-02 20:09:00,CLEAR,"DARKNESS, LIGHTED ROAD",DRY,ON SCENE,09/02/2021 08:21:00 PM,41.938349123,-87.790716543,POINT (-87.790716543026 41.938349122986),C,9,2021,20:09:00
e23cd5a863acb569ea8b1ea28a21f1de39306711215bc09c1b9752488722cfb48d3d2d9351aef50b7df1a73a1911db149cc7c1e8e3c91f01ca6b308395996f3b,2016-02-09 23:30:00,CLEAR,"DARKNESS, LIGHTED ROAD",DRY,NOT ON SCENE (DESK REPORT),02/09/2016 11:40:00 PM,41.874590031,-87.633704185,POINT (-87.633704184958 41.874590031007),C,2,2016,23:30:00
e4174c1925167ee3c877dece4d8678bb0d7798fb1c52306d2829f19c3638d342c7f3d95fac4ed60da9cdfaeab8789f883077266a52fe801e3647192aca68e3a7,2017-03-17 13:30:00,CLEAR,DAYLIGHT,WET,NOT ON SCENE (DESK REPORT),03/17/2017 01:50:00 PM,41.948502559,-87.643504756,POINT (-87.643504755994 41.948502558963),C,3,2017,13:30:00
e262ce0f8d151bd4eee49645c3be3d315ad93610d8df5b2ddeac40a37b17c0b9abe2ac4253cb2f17038062c89082d3094a04f8ffa49323970fd29ee2622e128f,2022-10-21 19:45:00,CLEAR,"DARKNESS, LIGHTED ROAD",DRY,NOT ON SCENE (DESK REPORT),10/21/2022 08:43:00 PM,41.85299459,-87.629136748,POINT (-87.629136747987 41.852994589998),C,10,2022,19:45:00
e2b16b450fd31a2df8f84d4e2c2b0f54bea0a4e3212d51681033452c17bfc117d3157068b1d710241ae61eaebcad8318414840567eaee08cd1b3a633933aaea3,2021-04-05 14:05:00,CLEAR,DAYLIGHT,DRY,NOT ON SCENE (DESK REPORT),04/05/2021 04:15:00 PM,41.975359124,-87.728081161,POINT (-87.728081161032 41.975359123987),C,4,2021,14:05:00
e3a83a11a6557363b3946c8f11fbefc11aa45b8bd368c484ef9565c144b3a94f80018d64ce49a2fdd7d8a9f3797ecbf668ab7d4544cfe8f70cfedd44f0bf44cb,2023-04-11 08:39:00,CLEAR,DAYLIGHT,DRY,ON SCENE,04/11/2023 08:40:00 AM,41.792725909,-87.768352284,POINT (-87.768352284028 41.792725909013),C,4,2023,08:39:00
e472a95eb14b468e91096e57b77e710ebfd1a12c9ce434bb172636a5d53b507fe900119df2b30f9382c39dc0ca90266a35062a6515462f32ae2baa4b58938c80,2021-04-07 10:44:00,CLEAR,DAYLIGHT,DRY,ON SCENE,04/07/2021 10:44:00 AM,41.762009489,-87.612901284,POINT (-87.612901284021 41.76200948897),C,4,2021,10:44:00
e46543fc9dbd198fa1d8778cb7ccd9001193c2cb10a27e83c83872bf14a57523b97f8433d5980b65efbcb52138d1588e591051bab9c8c6e08ece3fc66fad2209,2017-09-12 09:40:00,CLEAR,DAYLIGHT,DRY,NOT ON SCENE (DESK REPORT),09/12/2017 08:30:00 PM,41.917103631,-87.687248767,POINT (-87.687248767006 41.917103631009),C,9,2017,09:40:00
e4429124ea76a37f62b9f86c32ac908bc6d408c01709599ce8b0c059b72b8d902bcefb36aaa1d609cdae5775f767661ede066d46a5ed4263d009e86f9e13f9e2,2016-01-19 16:45:00,CLEAR,DAYLIGHT,DRY,NOT ON SCENE (DESK REPORT),01/22/2016 08:45:00 PM,41.908009406,-87.643491086,POINT (-87.64349108603 41.908009405972),C,1,2016,16:45:00
e43e75d90f5a391a0f2373c10a29d4018fbe2a55aff634f5536526c1e4d25f0d210ecf0ec129a3a68fdab637ffb455bf69ee810a0fba2299259b222073b9cbda,2017-01-08 07:00:00,CLEAR,DAYLIGHT,DRY,ON SCENE,01/08/2017 04:29:00 PM,41.681771794,-87.627725681,POINT (-87.627725680986 41.681771794028),C,1,2017,07:00:00
e2362bb25c2e5ec1daaab6dadb18afb116e11b2447318648de53675b0478a8a437fcd7545237838c74b7c74b86272b4d016e5faa5f45c38d85a73d2877a92d53,2020-01-05 22:30:00,CLEAR,DARKNESS,DRY,NOT ON SCENE (DESK REPORT),01/07/2020 01:04:00 PM,41.806648097,-87.716326122,POINT (-87.716326121991 41.806648097041),C,1,2020,22:30:00
e26a94f4e0a066082fb021adfc3b0e5e96428e6d032a595e67921e0673986d2485a617c0805b85d6d18bbebf3dab136b392dbc2813b4f2235399ed47ba57f57f,2020-01-23 16:37:00,SNOW,"DARKNESS, LIGHTED ROAD",ICE,ON SCENE,01/23/2020 05:00:00 PM,41.962630019,-87.650430429,POINT (-87.650430428964 41.962630018961),C,1,2020,16:37:00
e43b784c7f7f08c6ebe7e7ff4de2a9b55548e4052c7cfd9b2b3249b2dd3954f71484a95ebe7f6495b8bf63ffa47ee9cc9566e7645f96b827f8663b2381e2e7f4,2023-05-31 15:30:00,CLEAR,DAYLIGHT,DRY,ON SCENE,05/31/2023 03:44:00 PM,41.941302752,-87.649162689,POINT (-87.649162688958 41.941302751995),C,5,2023,15:30:00
e3f4878abbe892ba1539d82f59205e9e56023a26a9241690afbef5d880954435b1a8c14ecfd596a560e9d8b099924f2e443f3b36d9dea041431f053d9ed02292,2022-08-30 13:00:00,CLEAR,DAYLIGHT,DRY,ON SCENE,08/30/2022 01:05:00 PM,41.820593124,-87.606958169,POINT (-87.60695816897 41.820593124018),C,8,2022,13:00:00
e28b4f75c40f3bc7ca670b41a37f55981abdcc4e900692495741c58b869264c4f7d1f4714305e47772553ab0575b981f406cd09032e2e7aabac025406099f31f,2021-10-18 00:20:00,CLEAR,"DARKNESS, LIGHTED ROAD",DRY,ON SCENE,10/18/2021 01:25:00 AM,41.744151639,-87.585945067,POINT (-87.585945066953 41.744151639042),C,10,2021,00:20:00
e31c926f06bc1a6d82199915a318081071c4e8d7370454dac02a6e068df37461f69943ef6b84a5d0fbafba736bca632cbd85facfc939d8e38fdcb358bdca1f5d,2017-08-14 17:00:00,CLEAR,UNKNOWN,DRY,ON SCENE,08/15/2017 04:50:00 PM,41.97525644,-87.716146539,POINT (-87.716146538987 41.975256440041),C,8,2017,17:00:00
e479e7d9d1da6a41dbc6806b4c33a5b6232dc6b66b8c10b13d0980d90c2d805a3d8f97224fdce35b15524a721814ccf6f112272180604e0eb1d6b4d21cd9c03d,2016-06-09 18:00:00,CLEAR,DAYLIGHT,DRY,NOT ON SCENE (DESK REPORT),06/10/2016 08:30:00 AM,41.802118543,-87.622114915,POINT (-87.622114914961 41.802118543011),C,6,2016,18:00:00
e2edb6415e6094ac3e8784fd6b9bf9e4d4f2dcf5b4821ef849446a2c63cb657ad39f9d0aaa61770780b4f4e3ed8a305ff3dddf969d16885739bd8c88cfb048dd,2019-08-02 23:36:00,CLEAR,"DARKNESS, LIGHTED ROAD",DRY,ON SCENE,08/02/2019 11:40:00 PM,41.830595328,-87.665423764,POINT (-87.665423764019 41.830595327951),C,8,2019,23:36:00
e45415f03e4dfe1d379adaaef3a693964bb8f8154eb70246aee23c0e330a825859ad26d5467e71ee62b610e18022b0e9f6bcc6039ff5610907703dedbee0b4ef,2020-12-03 19:45:00,CLEAR,"DARKNESS, LIGHTED ROAD",DRY,NOT ON SCENE (DESK REPORT),12/03/2020 09:00:00 PM,41.751920405,-87.576136982,POINT (-87.576136982014 41.751920404952),C,12,2020,19:45:00
e1c2de47f25d604c3a44ccf1717c51fba8b8c24c09e8854e87a49b3390513a2c282e08a4540525d9684e07a3dcf97bc4bad2c3c84791dd44bd53e23565d3274f,2018-07-03 14:30:00,CLEAR,DAYLIGHT,DRY,NOT ON SCENE (DESK REPORT),07/03/2018 04:18:00 PM,41.874590031,-87.633704185,POINT (-87.633704184958 41.874590031007),C,7,2018,14:30:00
e3d012fadd19a7d9edbbd2995cc3ed3f6ab08f2bd7705e65adc298626100de3f1deeec87ad6f68f82a30256f3c8a83fbe988e476e50a365a170f9493a5467c87,2018-05-02 16:30:00,CLEAR,DAYLIGHT,DRY,ON SCENE,05/02/2018 04:32:00 PM,42.008071306,-87.816281922,POINT (-87.816281921975 42.008071306014),C,5,2018,16:30:00
e4441d7273b82f20460f94f68cc51dda04688c31e4473f29d645563d45e735f0e296b71e961249cf708bc421b00fb9cfb4409971a51acffbdf2b25f14ddbc09f,2021-11-30 14:30:00,CLEAR,DUSK,DRY,ON SCENE,11/30/2021 02:44:00 PM,41.829108516,-87.640623705,POINT (-87.640623705031 41.829108515989),C,11,2021,14:30:00
e45c8f83b6be4d4575e7bf325a6f844c14bd53be38eb47336af3725c96d5e7fcf5b806094f86408c90e9b64b3eb8ed4216f729a1ba3e6a6fdf56302990f42c3c,2023-03-09 15:00:00,CLEAR,DAYLIGHT,UNKNOWN,NOT ON SCENE (DESK REPORT),03/10/2023 03:03:00 PM,41.969261067,-87.650422729,POINT (-87.650422728959 41.969261066974),C,3,2023,15:00:00
e1d3384657c6fef2daeabc3963340c3261486cdf75b30338c464b4bc3cbb7085e978637b45fbac77725217ccc924c6991e6c275c3768b2967e1c5ea1651a6fae,2019-03-16 06:30:00,CLEAR,DAYLIGHT,DRY,ON SCENE,03/16/2019 02:45:00 PM,41.804025368,-87.729827945,POINT (-87.729827944954 41.804025368016),C,3,2019,06:30:00