CRASH_RECORD_ID,CRASH_DATE,WEATHER_CONDITION,LIGHTING_CONDITION,ROADWAY_SURFACE_COND,REPORT_TYPE,DATE_POLICE_NOTIFIED,LATITUDE,LONGITUDE,LOCATION,CRASH_TYPE,CRASH_MONTH,CRASH_YEAR,CRASH_TIME
e1ab4cfb1431adcae396927c3d1c9f684d1297eb31405781de2726fd7320d872f56402a7bd70a9a73812033dfb2e278f46f704759e07c4548431b849779dee8b,2023-05-11 14:10:00,UNKNOWN,UNKNOWN,UNKNOWN,NOT ON SCENE (DESK REPORT),05/11/2023 04:08:00 PM,41.898491026,-87.624404117,POINT (-87.624404117014 41.898491025973),C,5,2023,14:10:00
e3256eb5e52f9366746f212deaadde384f643fdc67b15f94dab34ddf6c9b83a9119e4b98e6d3622960ac48ead579054a3cb4cf412ad36b3a2ac25bb044b00005,2020-10-26 14:45:00,CLEAR,DAYLIGHT,DRY,NOT ON SCENE (DESK REPORT),10/26/2020 03:00:00 PM,41.963250992,-87.688403644,POINT (-87.688403643971 41.963250992012),C,10,2020,14:45:00
e53045148a1f8a8917b520db7f8f3d476d1b0b00c2b921dbb108f641a6e104b4ce36c39dd36f2f700411c00f8154b0de46d92d6b83221205d0740298da60a1a4,2019-09-21 08:40:00,UNKNOWN,UNKNOWN,UNKNOWN,NOT ON SCENE (DESK REPORT),09/23/2019 08:50:00 PM,41.984832599,-87.770870359,POINT (-87.770870358957 41.984832598975),C,9,2019,08:40:00
e4b2512f3a3db49e5b855cc46a95a9e4ff8c105545fe348fa489c79f886a47023b5f68c8afd524760a1eb798edba34b5dde60cf742188113b0235a2136910f06,2018-09-15 10:38:00,CLEAR,DAYLIGHT,DRY,ON SCENE,09/15/2018 10:59:00 AM,41.743429654,-87.64635238,POINT (-87.646352379965 41.743429653988),C,9,2018,10:38:00
e69732b31d28c07491c085c39d8cbadf2506e48c8655b49607c449c42e53b5bd886bc8116c8c61d02344d9ef167fff4b15428efdae840f9b863b2b7ca08a4bb9,2023-03-09 01:05:00,CLEAR,"DARKNESS, LIGHTED ROAD",DRY,ON SCENE,03/09/2023 01:07:00 AM,41.945445169,-87.720178123,POINT (-87.720178123025 41.945445169034),C,3,2023,01:05:00
e57ea88dec479643bfdd99f3f25075d9250df4cc55496d4c840a8ed9a65bc52ef4cf119c6fe039b7544736f967b8ebd07ea8d850b6ef6e25c02feb6fe51d12df,2020-07-11 15:20:00,CLEAR,DAYLIGHT,DRY,NOT ON SCENE (DESK REPORT),07/11/2020 06:30:00 PM,41.750825387,-87.626474838,POINT (-87.626474838014 41.75082538699),C,7,2020,15:20:00
e674cf3234479fb18be86a3fc78a0a1a1624cdb2794d4d363fe42153d54b5b030f2767807e40997373386a00a20789e3a4dea9a4db2848ef522404c6f3f7c76f,2015-10-21 19:30:00,CLEAR,DARKNESS,DRY,NOT ON SCENE (DESK REPORT),10/22/2015 01:30:00 PM,41.932748996,-87.653801489,POINT (-87.653801488996 41.932748996009),C,10,2015,19:30:00
e6f9d83958a702cf0682bc1c9b42982da3ced9ea752076b10b11abcff2339f12971df63c6650640174529d1c348c4766dbc43a7abc6fafde5992b6c89da5da4b,2022-06-15 15:00:00,CLEAR,DAYLIGHT,DRY,NOT ON SCENE (DESK REPORT),06/15/2022 09:15:00 PM,41.879813058,-87.725492182,POINT (-87.725492182032 41.879813057952),C,6,2022,15:00:00
e54fe87331082a19d39246a4340e7ee75ffe4780002c21c1a6946b7b82f3c56f6e7c995f9ecbf10b274366c963052f04ae285122954b3ba767b9a852abe14760,2021-12-24 16:31:00,CLEAR,"DARKNESS, LIGHTED ROAD",WET,ON SCENE,12/24/2021 04:31:00 PM,41.750388107,-87.669438517,POINT (-87.669438516967 41.750388106952),C,12,2021,16:31:00
e5dcbeaf9b5dac747575f9da557b432ffdae4818d95177e270cc33036f3693509984142e05014f7073b296ea575e469d5dd0aa8cd5b09091954e0aa28c7bea6e,2018-10-09 13:00:00,CLEAR,DAYLIGHT,DRY,NOT ON SCENE (DESK REPORT),10/18/2018 12:45:00 PM,41.705705738,-87.58631682,POINT (-87.586316820015 41.705705737973),C,10,2018,13:00:00
e7457abd89c080e0ac4d23d61ba3306afda698001a930200018fec9aeba4e7c5480d75c38dbcaadd0907b0bee11d9757ca8c117e206163b778da25f3f5676a72,2016-04-07 17:23:00,CLEAR,DAYLIGHT,DRY,NOT ON SCENE (DESK REPORT),04/07/2016 06:00:00 PM,41.909091248,-87.66131723,POINT (-87.661317230018 41.909091248043),C,4,2016,17:23:00
e4f1b3138e0bf7539ff6246886b30ddfe7b7e36c9fad020285d7929dffe3347298d623190bafe1223507854e9d624a54767d60fbb8a56ea936ce70b0889b38a8,2022-09-09 17:34:00,CLEAR,DAYLIGHT,DRY,ON SCENE,09/09/2022 05:40:00 PM,41.766471416,-87.568302207,POINT (-87.568302206963 41.766471416013),C,9,2022,17:34:00
e4fef6d86390d11536c2a8c7c502863b040132ccd0d104f1416898c26bf5d17a22189b61a5055671503c2a1f01f789591db9ab916885cce8750cc7ae3fb920cf,2017-08-22 19:54:00,CLEAR,DUSK,DRY,ON SCENE,08/22/2017 07:58:00 PM,41.801947391,-87.645206434,POINT (-87.645206433993 41.801947391017),C,8,2017,19:54:00
e49ecfd45bbfc17d0baa9d5d5a3e3db4ccce814e2af510ae92c577fa5d34a5cde0cbe69da1adfb692308ef2d2eec2401c2217613f5f32bea16b4cf341979915e,2016-07-14 11:00:00,CLEAR,DAYLIGHT,DRY,NOT ON SCENE (DESK REPORT),07/14/2016 03:00:00 PM,41.738691046,-87.640912975,POINT (-87.640912974975 41.738691045969),C,7,2016,11:00:00
e70e0128020182bc6c0c5c6a26eae72f658ac9142394e09f335b1e88b49edf892d4b68816e182225d332e2d2875c64094a1f2ef96e711639ad7f333261ef8fe9,2022-06-21 08:13:00,CLEAR,DAWN,UNKNOWN,NOT ON SCENE (DESK REPORT),06/21/2022 04:50:00 PM,41.885354479,-87.713081437,POINT (-87.713081437017 41.885354478996),C,6,2022,08:13:00
e51dc14434cd31c084e03ab12983149f44d08fcb35fe0a289e92426c3dc150a17c2c27ec5946f7e9797c0d5b5ee3195ed1fa1d595b852e82a8386056c77f449f,2020-09-02 14:05:00,CLEAR,DAYLIGHT,DRY,NOT ON SCENE (DESK REPORT),09/02/2020 03:45:00 PM,41.861248347,-87.69560597,POINT (-87.695605970043 41.861248346977),C,9,2020,14:05:00
e6b08e4991e18abb9ea4634142421318b701e208b0ffb9ce4d7aad62bbb7e19f209d8e8a9c2363a6ce9d429c66f4f07c1d219b054f0fd723701722ad99978739,2021-02-04 13:45:00,SNOW,DAYLIGHT,SNOW OR SLUSH,NOT ON SCENE (DESK REPORT),02/04/2021 07:32:00 PM,41.909091248,-87.66131723,POINT (-87.661317230018 41.909091248043),C,2,2021,13:45:00
e5e960a0d23739ddbee503ab44b039cb310680cea9ed6417df6f2328626f78cad3fee88300c8fb17723c3a22401f1e5a2f71d5f1d73a483f4716d7a23ec570e8,2019-09-18 21:35:00,CLEAR,DARKNESS,DRY,NOT ON SCENE (DESK REPORT),09/18/2019 10:00:00 PM,42.001585813,-87.66059995,POINT (-87.66059994997 42.001585812994),C,9,2019,21:35:00
e5902711e72b04da4ea79196d4f04db99865e194fcb7be90726118352fa0d67f9632b1bb2dc97af6e3b8b6067a588c99c6ac6bd3d3da5eadd4728d8890f2ac10,2023-03-14 12:45:00,CLEAR,DAYLIGHT,DRY,ON SCENE,03/14/2023 12:50:00 PM,41.830961937,-87.676482124,POINT (-87.67648212403 41.830961937035),C,3,2023,12:45:00
e487d2f7d7965f1726655c5487a66ec6405bf899c9f8675916119543e6701573262f4531c3bf7af52ae33bdef893225eb48276a1a3435283562191cfe24dfb63,2020-01-10 11:30:00,RAIN,DAYLIGHT,WET,ON SCENE,01/10/2020 11:40:00 AM,42.006801604,-87.661457734,POINT (-87.661457733969 42.006801603988),C,1,2020,11:30:00
e6801ff9d947ac600cb651a1b87678702f02083f62517a1eebc2307a9dc24518ad683115d93ca59457094fbaf66c59be6af636d282971e08324ddef48a027002,2023-02-26 01:20:00,CLEAR,"DARKNESS, LIGHTED ROAD",DRY,NOT ON SCENE (DESK REPORT),02/26/2023 01:37:00 AM,41.884516857,-87.647390682,POINT (-87.647390681951 41.884516857046),C,2,2023,01:20:00
e5e275863b421be374b7b9de1a831699fb9506e881497998e5002a06c49d886bd2a10362cc4af3db562f3692b70a5c5b5fab4afedeb43e0aaa3042ff68d0a2e1,2020-06-17 01:28:00,CLEAR,"DARKNESS, LIGHTED ROAD",DRY,NOT ON SCENE (DESK REPORT),06/17/2020 02:00:00 AM,41.77985304,-87.629998912,POINT (-87.629998911963 41.779853039961),C,6,2020,01:28:00
e5fd4c18c50235f3ae3482ed5d0b0e69f8e1d1ef7dcad47cf52c7090d47ff98267f8ec606e3ebd9972b4729be86a29dc2059199997c96be4fc01866837ebaf80,2018-03-14 12:35:00,CLEAR,DAYLIGHT,DRY,NOT ON SCENE (DESK REPORT),03/14/2018 01:05:00 PM,41.726865636,-87.549933282,POINT (-87.549933282015 41.72686563601),C,3,2018,12:35:00
e74e5e959c5484bf0570158967c37f6ed8470a9d946ab9acbef5a074aa9255b2a00a211796e55b8ad7b126d00dbab60f1b798b9ce0c89c7bcb875163d591ba1c,2018-02-19 15:40:00,CLEAR,DAYLIGHT,OTHER,ON SCENE,02/19/2018 03:48:00 PM,41.809781151,-87.594212812,POINT (-87.594212812011 41.809781151018),C,2,2018,15:40:00
e72f496e947d832f5dadc23a593f18be8f9ad295547aab17da7481bf6e233b884aca639e6956af9b51594f219d1d0be08d0e6b9d22722d7835226fd433af1ab8,2020-02-12 13:30:00,CLEAR,DAYLIGHT,DRY,ON SCENE,02/12/2020 01:35:00 PM,41.9540968,-87.674901744,POINT (-87.67490174405 41.954096799984),C,2,2020,13:30:00
e74bb8d4aceacae5f283d6b3610a4460f996e4191dd09e616a0f7f190e7b9572c035795e0ff8e891809dcc4f87101b952109df3d61b86dfb0b6eb1131e2b3974,2023-07-18 11:40:00,CLEAR,DAYLIGHT,DRY,NOT ON SCENE (DESK REPORT),07/18/2023 01:58:00 PM,41.903825234,-87.64328636,POINT (-87.643286359995 41.903825233976),C,7,2023,11:40:00
e6e0fa68602e40bdcd7fd8847aa43f772839620805293d52bca373b214f12f026b0af81e748ea0518a77bb43f5bf13bb5914009ffd3f608c46eb135fb610aa1d,2022-03-26 20:15:00,CLOUDY/OVERCAST,"DARKNESS, LIGHTED ROAD",UNKNOWN,NOT ON SCENE (DESK REPORT),03/26/2022 09:15:00 PM,41.909596143,-87.739700644,POINT (-87.739700644014 41.909596142962),C,3,2022,20:15:00
e5fcdce4a90dde94ea552d1eb20f411ba6c0db1cf6858ecbcff3e2d6eda855dbf56b0d246d0275d263c0a39ed39a92079a344994e9f5bd9901b7df760537a58c,2019-09-19 07:30:00,CLEAR,DAYLIGHT,DRY,NOT ON SCENE (DESK REPORT),09/19/2019 09:40:00 AM,41.953203301,-87.756048735,POINT (-87.756048735038 41.953203300975),C,9,2019,07:30:00
e6462d5206fef4bd5e05678ca5785109522ffd45b35b12ec9e2a5ba8380489980c7b778c53759847153425270c6da1d27ef96767355860bd1fe378c1d81c3bd2,2020-01-02 07:50:00,CLEAR,DAYLIGHT,DRY,ON SCENE,01/02/2020 08:06:00 AM,41.934312973,-87.751737878,POINT (-87.751737877973 41.934312972966),C,1,2020,07:50:00
e6ec80ca8f01f47719fb8e3d4e0b678db3e2c020b002657b94192b2f2570563c37c9d65a6c9fec3a5d7ea051288bba6c74b501db7647fef41ca637023a647cfa,2018-04-10 13:59:00,CLEAR,DAYLIGHT,DRY,ON SCENE,04/10/2018 02:09:00 PM,41.932604222,-87.727148226,POINT (-87.727148226037 41.932604221966),C,4,2018,13:59:00
e56e78fcc26269ac6d67e511670860e8a11478af1591ce18ad34d32be7b9a2ab7db9b6284610578140984ca175765ad9c61dfffdb85142fdd901fa7070fb76db,2022-11-27 00:35:00,CLEAR,"DARKNESS, LIGHTED ROAD",DRY,ON SCENE,11/27/2022 12:40:00 AM,41.756214071,-87.64247938,POINT (-87.642479380031 41.756214070954),C,11,2022,00:35:00
e57280e507ccee5e61531435a44bb0685fee47c6a3d0541042a9b6bd6bd1b919e0f1f752e2f7a68d83c021dd862c75000678419b94363c7257c115ada0ecf43a,2023-04-29 21:30:00,CLEAR,DARKNESS,DRY,NOT ON SCENE (DESK REPORT),04/29/2023 10:00:00 PM,41.809781151,-87.594212812,POINT (-87.594212812011 41.809781151018),C,4,2023,21:30:00
e7477d21112623f971c6b198956e9f1bdddd47957379296847e834d06fafe3376c5c83263075a43a68b4d78d1677d26b7aa6d5e45105aed573a20a9a0d5d0b99,2018-12-03 15:50:00,CLEAR,DAYLIGHT,DRY,NOT ON SCENE (DESK REPORT),12/04/2018 09:30:00 AM,41.786580508,-87.643906173,POINT (-87.643906172989 41.786580507995),C,12,2018,15:50:00
e59dd80ab582c8d27e0dc350d0a901aa836153167958a5b9b7a332daffda9cbaa0f96a19815bbaf1b4e532123437cdb6d9c9d1d277a4313ba546acd6d63aac1e,2018-04-16 06:57:00,SNOW,DAYLIGHT,ICE,ON SCENE,04/16/2018 07:10:00 AM,41.945295295,-87.821044831,POINT (-87.821044831019 41.945295294973),C,4,2018,06:57:00
e698ccfdcaa3362fe8192a6b05f8e93ddb339cf3d5c1114c05aa4c2dabbc31d76f671b7632a87c390cfda827fc540bf430a2e7629d70d966e320211cadb59423,2022-04-24 11:45:00,RAIN,DAYLIGHT,WET,NOT ON SCENE (DESK REPORT),04/24/2022 04:30:00 PM,41.9461579,-87.656576302,POINT (-87.656576302048 41.946157900045),C,4,2022,11:45:00
e56b3e8ed7ab6f6df98e7556fce17fb18a730c767a327c534230af5c02ad0262e7b9036b0be45c06e624167f62c022f4d59a80484c01762e4ce884a1b4af7fe2,2019-09-15 18:16:00,RAIN,DUSK,WET,ON SCENE,09/15/2019 06:18:00 PM,41.908996544,-87.804119441,POINT (-87.804119441014 41.908996543981),C,9,2019,18:16:00
e6025aa9d697b0b5f65bb3747518df49a6fa35e8f7b73a153217fb1781cbb5fa846574e96360c044c34ef44aeb1e0d6e2d5e3d4ca2d864fecd874fdf6d2ab4cf,2017-09-07 10:10:00,CLEAR,DAYLIGHT,DRY,ON SCENE,09/07/2017 10:16:00 AM,41.864124324,-87.666463607,POINT (-87.66646360701 41.864124323954),C,9,2017,10:10:00
e5dc23664ea7ef9d8b066f28c36be0c66bfba2df0d8d87b22c8de499005809b452fb3419e46b39a12537fcf1cd1ebd702794a10ae79e8295dd5dbd4d2c5a44ff,2023-05-23 18:36:00,CLEAR,DAYLIGHT,DRY,ON SCENE,05/23/2023 06:45:00 PM,41.808749374,-87.66230696,POINT (-87.662306960034 41.808749374011),C,5,2023,18:36:00
e49369f855defc03abb946033648f5cb5b027847721298113210defb706ef3d3aa441a80853bcaf07d4a793377e991be14bbb3161c8bfbb6d5b99a667ce1756d,2019-05-25 17:41:00,CLEAR,DAYLIGHT,DRY,ON SCENE,05/25/2019 06:01:00 PM,41.880660067,-87.740728133,POINT (-87.740728133013 41.880660066981),C,5,2019,17:41:00
e72da4fbeab56dfe458147c9b066f59a5926787d760542e2348e0f25c63cea96bbab95ca40296fe444b66800bce483d661b7dd198b04ce89b1d2d4e07a6de463,2020-09-16 14:30:00,CLEAR,DAYLIGHT,DRY,NOT ON SCENE (DESK REPORT),09/16/2020 02:40:00 PM,41.932266379,-87.688985069,POINT (-87.688985068971 41.932266378986),C,9,2020,14:30:00
e5d2ca2862a2bcf6dd2499ec354306e842328b0535224948e031b4a124f07d2271f696dddee599c5370189fc3b6999b5460384adc50a1bde6535dd4c4bee26ef,2021-10-13 20:30:00,CLEAR,"DARKNESS, LIGHTED ROAD",UNKNOWN,NOT ON SCENE (DESK REPORT),10/15/2021 06:30:00 PM,41.75616061,-87.634583596,POINT (-87.634583595966 41.756160610031),C,10,2021,20:30:00
e7118dbdd3f56790e576ba0ad68a7e33fe6eb4404c7b8ca0677805db454e7fb5d22074a63c7b8588c151853e9daaf3736d03d2edc39dc7b29f35ec3d2b3989f1,2021-10-18 15:30:00,CLEAR,DAYLIGHT,DRY,ON SCENE,10/18/2021 03:31:00 PM,42.01941006,-87.690648255,POINT (-87.690648255037 42.01941006003),C,10,2021,15:30:00
e690eaae888c2c606b635b5131f1b946b04efb05207408a24b1f1e94ea5533945adb0c93b5c4fc0599c2f19483c0627c8608c9c45aa4fef3c91b409ec2bfa089,2022-12-06 13:15:00,CLEAR,DUSK,DRY,ON SCENE,12/06/2022 01:17:00 PM,41.758862121,-87.587495783,POINT (-87.587495782968 41.758862121026),C,12,2022,13:15:00
e48c37c65e371ab6e57844fe858e948a71d3948b230bba37f3eedbdac899305d3820515ec90bdd232cd05aad8fcd838d871800be90b8b62169e528430c78d32d,2021-04-09 16:50:00,CLEAR,DAYLIGHT,DRY,ON SCENE,04/09/2021 04:55:00 PM,41.808388664,-87.677365953,POINT (-87.677365952984 41.808388663966),C,4,2021,16:50:00
e5c8612ada55f4f75c37ecad44957b0bb28d770f190dbddea5be5c58744d33f699542b09a422ae90bd2497274f67ccf1e817eb1883c12a2a81280aae7244c797,2021-10-13 15:10:00,RAIN,DAYLIGHT,WET,NOT ON SCENE (DESK REPORT),10/13/2021 04:36:00 PM,41.974645684,-87.659970179,POINT (-87.659970178971 41.974645683985),C,10,2021,15:10:00
e510ee347cf307f626240971ae1f37f986836d8e59aa19bfa01c37e79024a9236b1de6b096d14bbc90ae0dbd3943a1d5185b676faab7604e1b67d507bbb3ad18,2017-07-22 13:00:00,UNKNOWN,UNKNOWN,UNKNOWN,NOT ON SCENE (DESK REPORT),07/22/2017 04:00:00 PM,41.808026055,-87.71995187,POINT (-87.719951869982 41.808026054987),C,7,2017,13:00:00
e5ecbc24236e008a758da32d8e20224a5410b4f8f82b05f59415ce3c9f4aa65a2c914175d7d489ea16dea4a7a6b164cbb668ed452c4f383b42fbe77490c63bdb,2023-03-24 21:35:00,RAIN,"DARKNESS, LIGHTED ROAD",WET,ON SCENE,03/24/2023 09:40:00 PM,41.972863677,-87.664513717,POINT (-87.664513717048 41.972863677002),C,3,2023,21:35:00
e5dedcd4fa81b671713d44c5f91ebeaa1683247725cde42056e16a7c272191ab683b138e4235bc6cfd24037a300dc37200b4cf2ef2511a1c814c590dcd99af59,2017-04-11 08:25:00,CLEAR,DAYLIGHT,DRY,ON SCENE,04/11/2017 08:40:00 AM,41.983790707,-87.656760371,POINT (-87.656760371006 41.983790707046),C,4,2017,08:25:00
e70eb36de0dea73ac58398f4d20d1d6527a1a1b675fc86306f972d17e8e23d7b5ec10b2eabb06eb4c23bf522daa60de09b4136c6fc544d5b96fd4d9e18d152b3,2020-07-22 20:30:00,CLEAR,DUSK,DRY,ON SCENE,07/22/2020 08:31:00 PM,41.909665373,-87.734821737,POINT (-87.734821736967 41.909665373049),C,7,2020,20:30:00
e58ee2da358f6980cd883c5ffb39fb6454c64fd3315f7dbc84ba19f4244cb18997b343c9929bb0a6c45a372feef2cc580adb65f0284efdfdd2675f5a9d37f5b3,2019-11-20 21:03:00,CLEAR,DUSK,DRY,NOT ON SCENE (DESK REPORT),11/20/2019 10:53:00 PM,41.793736166,-87.650153007,POINT (-87.650153007002 41.793736165963),C,11,2019,21:03:00
e4c8a6b44f338cd32074c2e7d080eea47b4ed6f358e3bc04389a0a8dac79ad27f0f741170a0fbeae156cf30a27fc2e6742df19f2598711b36b52d6e75fa77c60,2020-11-29 15:30:00,CLEAR,DAYLIGHT,DRY,NOT ON SCENE (DESK REPORT),12/02/2020 04:20:00 PM,41.871252224,-87.688022322,POINT (-87.688022321951 41.871252223987),C,11,2020,15:30:00
e4e4b3594d3f1beb70156f8efd8dc8c1b0a954ebb5a51e1beebcfaff5330ca565d4a1f07f0e772c8372527d199d9816ab0a4adf7f715e0e9144e75f0b1de117a,2021-06-04 16:27:00,CLEAR,DAYLIGHT,DRY,ON SCENE,06/04/2021 05:02:00 PM,41.924025937,-87.754108923,POINT (-87.754108923036 41.924025936998),C,6,2021,16:27:00
e754cb757d13999f7550bc913eef894b7b19db8105727e8c1c22af350fb2e696b5ee255baa1570f708fc24a009d4932f591b03709847f2cfbea1dfd2ac353ea7,2018-04-03 16:08:00,SNOW,DAYLIGHT,DRY,NOT ON SCENE (DESK REPORT),04/03/2018 05:15:00 PM,41.781272469,-87.674011625,POINT (-87.674011625032 41.781272468956),C,4,2018,16:08:00
e4a1cb642e10db1b0f16042b0baaf9154f2ea0f737327e48c218db1a6e6d3a0025558bff1417c90b1df909186788110943a549bbdc923993a92a03e111703aba,2018-10-19 10:30:00,CLEAR,DAYLIGHT,DRY,ON SCENE,10/19/2018 10:36:00 AM,41.734393366,-87.643424124,POINT (-87.643424123981 41.734393365956),C,10,2018,10:30:00
e69336688a42958b707b1677ab3dae90e3d3a3f6d0c4a3e468c01721ae1de5a4bf28e53a4709b180edaf404698a0e019d2f64b13b6625c8e75ecdc9bb0d1f4ed,2023-05-30 15:20:00,RAIN,DAYLIGHT,WET,ON SCENE,05/31/2023 03:26:00 PM,41.997730287,-87.806645117,POINT (-87.806645117018 41.997730287008),C,5,2023,15:20:00
e6662941ddbdc2e30790797adf8ecbfba94b9fba0a7466d39207c7935e25621dca21adf24d4c7fbc660ab89dda5eac040f0f2642346667f4e78006378372866c,2018-01-14 11:15:00,CLEAR,DAYLIGHT,DRY,NOT ON SCENE (DESK REPORT),01/14/2018 11:45:00 AM,41.773121202,-87.613108656,POINT (-87.61310865596 41.773121202033),C,1,2018,11:15:00
e53bba4707974deb386e0d3ce804040bb96a8ed89e6bf857228a6bc46b2c5144a13fdb4c210651dd5b2c33d6e05d23298ec447de950267e89ed0c7c072fddec3,2017-05-19 10:00:00,RAIN,DAYLIGHT,WET,NOT ON SCENE (DESK REPORT),05/19/2017 10:35:00 AM,41.986625448,-87.703228939,POINT (-87.703228939021 41.98662544799),C,5,2017,10:00:00
e5dbec29e57a6cf7fcc7acdf9fd1bbe340be144accfd3a785569f0529ee402539ff26b5965ed8efd4b38c0fed55a55ac4c4355429f6c05fd4440c9c935dd9623,2018-05-30 18:30:00,CLEAR,DAYLIGHT,DRY,NOT ON SCENE (DESK REPORT),05/30/2018 07:50:00 PM,41.886339416,-87.62083615,POINT (-87.620836149956 41.886339416011),C,5,2018,18:30:00
e717b0546501945d7b76ffa3268040d8704657ec84712d17b8108c58ee5fc03cc1cb86b5b7b8471f48f153bf16248553987689074e69f5e695ddf2087a6af15f,2022-06-23 12:30:00,CLEAR,DAYLIGHT,DRY,NOT ON SCENE (DESK REPORT),06/23/2022 02:20:00 PM,41.744151639,-87.585945067,POINT (-87.585945066953 41.744151639042),C,6,2022,12:30:00
e65be87a997fbbd68c93348f4cd93a5b13e2000790fb0f49e08ed9be92148e5f69b29c3b09a28a0d60e2c1814d6820f9e858890ad7d6fe1ea8072c65f04cd9c2,2022-08-19 18:30:00,CLEAR,DAYLIGHT,DRY,NOT ON SCENE (DESK REPORT),08/19/2022 08:16:00 PM,41.954212921,-87.666512458,POINT (-87.666512457952 41.954212920958),C,8,2022,18:30:00
e53abd13fc56e319ba757d799264f4f8067e5b8be2b4b561d340ff7cd6e231b9ab403b6b4af8618a3d4354e06656c9bbd567b8c44beae6944b572a3b166a0159,2023-04-19 08:05:00,CLEAR,DAYLIGHT,DRY,ON SCENE,04/19/2023 08:11:00 AM,41.93857446,-87.757948363,POINT (-87.757948363002 41.938574459987),C,4,2023,08:05:00
e4da4c8718f8488c8e211192f07b8bb4d3bfcbb603e04f28a811bde5a832bc1b66d517b7f3286a2b79713be9f85aa157fa8f86e33ae179794075b9ee5a34fdaa,2018-05-26 15:13:00,CLEAR,DAYLIGHT,DRY,ON SCENE,05/26/2018 03:13:00 PM,41.757144282,-87.56009239,POINT (-87.560092389961 41.757144282029),C,5,2018,15:13:00
e5eede41db9b2df3fab16f03faebaf64acc33d7009bf81ac8df7522ab144adc2fae3dbc5fd7463996c7742e7efe5f8a221058c4e7bc95f6d9cd280aa7fae6a11,2020-07-18 10:00:00,CLEAR,DAYLIGHT,DRY,NOT ON SCENE (DESK REPORT),07/20/2020 12:30:00 PM,41.75869138,-87.60533417,POINT (-87.605334170015 41.75869137995),C,7,2020,10:00:00
e4fd1a0c2b7a10c5ca63022557d737b745b07318607062dfcd84ce447f939c83ce3e2ac16b5a9a2c0a7313dc76384b25d2931f80f737919f8576ac65fcad4b45,2023-05-13 14:00:00,CLOUDY/OVERCAST,DAYLIGHT,DRY,NOT ON SCENE (DESK REPORT),05/13/2023 03:20:00 PM,41.931671594,-87.727631537,POINT (-87.72763153697 41.931671593958),C,5,2023,14:00:00
e59956fb1a2b17c9c47305cac122c77f67aa5283d5bd980f0c3bcbe96bcdebc3b5695b6e608a9065be7c83e612740788a1575f453526ac9a7b3722a17918b4d9,2023-01-08 00:55:00,CLEAR,"DARKNESS, LIGHTED ROAD",DRY,ON SCENE,01/08/2023 12:56:00 AM,41.955226138,-87.710655226,POINT (-87.71065522602 41.955226137985),C,1,2023,00:55:00
e6b20c87838f63aa5d24c7137fa070f416e6f006b720ba8f09826da3cde9006306e2b7aa54515f79bd9cb46957013d3ae3808ce7be9cdfe3436a8f877b807836,2017-11-26 16:30:00,CLEAR,DAYLIGHT,DRY,ON SCENE,11/26/2017 04:35:00 PM,41.774128248,-87.741988303,POINT (-87.741988303031 41.774128247998),C,11,2017,16:30:00
e68ed6ed16522efecaf05cb8b9336f829767b0a204def8cd25a29bc74b156596f6e102c23adfea90a42deae587db30499bf5a6e134211239ef71c6ada3b3c966,2018-05-01 09:00:00,CLEAR,DAYLIGHT,DRY,ON SCENE,05/01/2018 09:06:00 AM,41.90981596,-87.722866767,POINT (-87.722866766983 41.909815960014),C,5,2018,09:00:00
e51d6796e9db4d5ec8a887e646f9b46db0b5685d05c7ce56fbdecd000150a2d6454a53fd2e1725101d830b3947a474947dcf6626678947a3517cda97479682dc,2021-05-21 22:24:00,CLEAR,"DARKNESS, LIGHTED ROAD",DRY,ON SCENE,05/21/2021 10:50:00 PM,41.990024694,-87.728708871,POINT (-87.728708871015 41.990024694008),C,5,2021,22:24:00
e4a75dec93d41980cbc3340ed3b5b906ffe424304f1c0364d37b38b9b9461b270c9bdd627ba80bf44c69790885ab8f7d06fb744dd9b6d41ea039b0f5a3052585,2022-09-01 11:00:00,CLEAR,DAYLIGHT,DRY,NOT ON SCENE (DESK REPORT),09/01/2022 01:00:00 PM,41.902212301,-87.74884541,POINT (-87.748845410034 41.90221230099),C,9,2022,11:00:00
e4a6e3c72ef77e1e98313f064fbb74e2cf0780961e783810638fbcc699a123ecb5192b3923bf7d9edde212f054d7f75ab37436f00dba162e47608e43d226cfc4,2022-04-01 16:10:00,CLEAR,DAYLIGHT,DRY,NOT ON SCENE (DESK REPORT),04/01/2022 05:15:00 PM,41.93278426,-87.717065542,POINT (-87.717065542004 41.93278425995),C,4,2022,16:10:00
e6d3f84a8af46c37787d3aa6fd8d0c11a5a10f411fcbdbdf200a5f3ad77b19a9db6d5372522b83abe6db0f1504bc76d19f739bd9cbee9465cc1e6d0d979369db,2022-12-08 07:40:00,CLOUDY/OVERCAST,UNKNOWN,DRY,ON SCENE,12/08/2022 07:42:00 AM,41.853713564,-87.675740559,POINT (-87.675740558992 41.853713563964),C,12,2022,07:40:00
e5f500c514bcb97d16dbe4385563a0eb11f6b14703ffd6c80727090baaba9a8e62c702f776777bd09a83a3fd99460fb1907aba4bac040226b6307b244ec6e85f,2019-04-21 07:53:00,CLEAR,DAYLIGHT,DRY,ON SCENE,04/21/2019 08:00:00 AM,41.901219515,-87.696691202,POINT (-87.696691202001 41.901219515037),C,4,2019,07:53:00