CRASH_RECORD_ID,CRASH_DATE,WEATHER_CONDITION,LIGHTING_CONDITION,ROADWAY_SURFACE_COND,REPORT_TYPE,DATE_POLICE_NOTIFIED,LATITUDE,LONGITUDE,LOCATION,CRASH_TYPE,CRASH_MONTH,CRASH_YEAR,CRASH_TIME
e64ea2c70a07d87f588bfddd7fb7c4b711f8a4e68fa16ede0d36a921b6fe29e68d7940a23cc87fb8a11edd62d610272c5b6c523c09a9c35be6db839bd557135d,2017-09-29 20:43:00,CLEAR,"DARKNESS, LIGHTED ROAD",DRY,ON SCENE,09/29/2017 09:24:00 PM,41.867300171,-87.627683894,POINT (-87.62768389401 41.867300170955),C,9,2017,20:43:00
e4ca099cd6d0d915288785551b9904e6f270675070d645199d6d06c7c6ee72a05c9d2dc2a8d3bab8b9aa1197d0d76bac07aa71c6dd02a125733b66f9fb1c6ff4,2020-11-21 23:30:00,CLEAR,"DARKNESS, LIGHTED ROAD",DRY,NOT ON SCENE (DESK REPORT),11/22/2020 10:26:00 AM,41.939465995,-87.678081892,POINT (-87.678081891988 41.939465994995),C,11,2020,23:30:00
e5a3c8e9d6be83d61355592b305bf8df0392fd3cd37df0e8cc02e764212cfd865248ba3125c884c05e74e6c2a3022c127a50b1e644de64a810d415eca37c4671,2020-10-09 01:30:00,CLEAR,DAYLIGHT,DRY,NOT ON SCENE (DESK REPORT),10/09/2020 01:50:00 PM,41.694193016,-87.650461486,POINT (-87.650461486029 41.694193016046),C,10,2020,01:30:00
e6988201c4332e5754ed4d3b2700f7c15cbf5b305df66cf9b0be3c603f21406d55a7ba651f92ac4bf75863e1d517f255f1462943e5fbd6b8c94c3f8f703acaa7,2020-10-14 10:00:00,CLEAR,DAYLIGHT,DRY,NOT ON SCENE (DESK REPORT),10/14/2020 10:36:00 AM,41.891955277,-87.617777237,POINT (-87.617777237011 41.891955276985),C,10,2020,10:00:00
e64c6ba6238575eae3ece1b837513e983e6912a657da2b0b34714655bf2b200d0b32ee98ab350a335bdd1f6e63f76014d1f814c1b6786c993c8b1b6e1fffbf33,2023-04-09 00:00:00,CLEAR,"DARKNESS, LIGHTED ROAD",DRY,NOT ON SCENE (DESK REPORT),04/09/2023 12:30:00 AM,41.882211292,-87.710898608,POINT (-87.710898608036 41.882211292041),C,4,2023,00:00:00
e675e63754cedb0088186614f389530a5fe8edcba78f5f2c3b7c518445a61498ecf19418f6f8a5818b28b7e0546cfe5cf253a96d9e84c44811bf39c004afc188,2019-12-26 19:15:00,CLEAR,"DARKNESS, LIGHTED ROAD",DRY,NOT ON SCENE (DESK REPORT),12/26/2019 08:07:00 PM,41.945064736,-87.806851953,POINT (-87.806851953014 41.945064736015),C,12,2019,19:15:00
e583d604d6e40b9ffa7e5d4c2deda539a38b51e53b87375c76ef467d90dc7d12d0badff64dd2c15447ac8e5197f90a0e5266fb272e2a0856a5b607122942836a,2020-08-14 11:00:00,CLEAR,DAYLIGHT,DRY,NOT ON SCENE (DESK REPORT),08/14/2020 07:47:00 PM,41.786192939,-87.701055579,POINT (-87.70105557902 41.786192938996),C,8,2020,11:00:00
e582930147727b4aff050bea7734b6b3a46d0aab1bc5b2426fe4d4ac62655060c5e5dba043dd2381438dd0eeb88008ae15ab9bbb4b987d283dd9f5e5bcbb69e5,2020-10-22 16:30:00,CLEAR,DAYLIGHT,DRY,NOT ON SCENE (DESK REPORT),10/23/2020 04:43:00 PM,41.79573461,-87.762555326,POINT (-87.762555325992 41.795734610035),C,10,2020,16:30:00
e95675b7a40fcb0dad6678b1cdca45057f37ef6b8323e7fe44f732ab7bcf47481e70a502615fbbfd2930ded5c68a635775782e461b539de5296996937eb5433b,2020-10-30 15:33:00,CLEAR,DAYLIGHT,DRY,ON SCENE,10/30/2020 04:33:00 PM,41.873381098,-87.738915643,POINT (-87.738915643016 41.873381097986),C,10,2020,15:33:00
e87167921249745e9df6650a7ca1b4a159998d6be5f07f9618f6ed5ac9332bdbacbc391c278b5751eaecfed5ddb3340e5648d5eb4f1920abef92c20db3102a36,2018-04-14 12:15:00,RAIN,DAWN,WET,ON SCENE,04/14/2018 12:20:00 PM,41.990361416,-87.694471537,POINT (-87.694471536961 41.990361416049),C,4,2018,12:15:00
e91cd87f58811f0b44e7881ea110f2b41c782265e1538b9714953a3f54ca230dc28c8e7a2c7f7b395d9662445ab1db824b6bcbc83921ba406defd1d581b3fb01,2017-09-15 23:00:00,CLEAR,"DARKNESS, LIGHTED ROAD",DRY,NOT ON SCENE (DESK REPORT),09/18/2017 02:50:00 PM,41.932822193,-87.648868554,POINT (-87.648868553993 41.932822192995),C,9,2017,23:00:00
e90cc7199b1f4c6f6c2df450b197b1fe785e0d4658140d4892a38854627cd12905039136f5923dca19727dcdbe6adaccceb38fae86996ed1e87785db9777025f,2023-04-01 12:50:00,CLEAR,DAYLIGHT,WET,ON SCENE,04/01/2023 01:01:00 PM,41.938517983,-87.77922021,POINT (-87.779220210023 41.938517982997),C,4,2023,12:50:00
e7695c3230f4bcd75168bcc8ba610d56a1c7af00251d3f18417051aef6e86ac07dc0f1b1e2fff2357027f924522c8c58c7cd62eb8e9b81f432bebb311465459c,2019-10-23 19:00:00,CLEAR,"DARKNESS, LIGHTED ROAD",DRY,ON SCENE,10/23/2019 07:01:00 PM,41.807107438,-87.723415986,POINT (-87.723415985953 41.807107438008),C,10,2019,19:00:00
e90a6feddc27d80882c90527d58e6427190f946e28e191041a3335bd3a8a58a72c63b5f976f4c09d994dc9c3f165a7d95294bc1e6d4a6421c317935a490a34cc,2018-11-06 18:34:00,CLEAR,"DARKNESS, LIGHTED ROAD",DRY,NOT ON SCENE (DESK REPORT),11/06/2018 07:55:00 PM,41.741803599,-87.740953582,POINT (-87.740953581987 41.741803598989),C,11,2018,18:34:00
e79b80a3c98749a9c671206facf7f5e1648b2957b52c7b810ebf485986dc27f8b29a3976646448b775493693b59f2340c3bed1ff70656a8d1d119603cce74b6e,2019-06-12 22:15:00,RAIN,"DARKNESS, LIGHTED ROAD",WET,ON SCENE,06/12/2019 10:20:00 PM,41.882211292,-87.710898608,POINT (-87.710898608036 41.882211292041),C,6,2019,22:15:00
e861db76ec36ca49f8d312dad2ef52b4236c9a2f8d1d338b820c560d3b0cfa22b66c9086efa835aab52573f58a4f286547bd3b79038a0b0cfb456c61a1f5338b,2023-04-17 21:40:00,CLEAR,"DARKNESS, LIGHTED ROAD",DRY,ON SCENE,04/17/2023 09:44:00 PM,41.706714203,-87.653813468,POINT (-87.653813467968 41.706714202986),C,4,2023,21:40:00
e7e570e56941f1b4945c3804a250afbf38076280886cc74021c972ff81b7c0f1b1f01f240a20edd65a86cc0a84e34a6ae47c6cbf9c1d52a2e194d1303814767f,2022-02-06 01:54:00,CLEAR,"DARKNESS, LIGHTED ROAD",DRY,ON SCENE,02/06/2022 01:54:00 AM,41.946909114,-87.683469891,POINT (-87.683469891004 41.946909113959),C,2,2022,01:54:00
e7b1108dad40d928923765dc0932a206e16b4a21d64fc8dd4437c25cc72d9a41437af031fcb16f0fe03705b02aef7493b7fd9ee22c53aae23f99a207c883221e,2019-06-05 17:06:00,CLEAR,DAYLIGHT,DRY,NOT ON SCENE (DESK REPORT),06/05/2019 05:06:00 PM,41.809572517,-87.611394621,POINT (-87.611394620986 41.809572516992),C,6,2019,17:06:00
e871540c851b5d3909e8d30419728f377837a1d4073444430ecd4ac32c7cb72f74626a8b234ed74dec7b3c08ddc8be7914118d3aa7397bcd288ce4990d8d0aa9,2017-10-04 18:40:00,CLEAR,DUSK,DRY,NOT ON SCENE (DESK REPORT),10/04/2017 07:00:00 PM,41.8516599,-87.72453636,POINT (-87.724536359985 41.851659899998),C,10,2017,18:40:00
e9da24bf0f98913e4bd993e1f76fe2c451796363188ad1ba310e0ce603bcab737236dd851ec1187a2422c259c11d8cbb7d44e8d444e99f630a2d0954dad00258,2020-08-04 12:35:00,CLEAR,DAYLIGHT,DRY,NOT ON SCENE (DESK REPORT),08/05/2020 06:00:00 PM,41.917103631,-87.687248767,POINT (-87.687248767006 41.917103631009),C,8,2020,12:35:00
e86eff704fc9ac43afd698449e3e4260c5ccebb9ce2ae20a4fac793ade1d4e95417d6b7d585d0d608fab139adf79f60f1a4064e0232355e604a36c6d510c6826,2019-10-22 08:50:00,CLEAR,DAYLIGHT,DRY,NOT ON SCENE (DESK REPORT),10/22/2019 04:16:00 PM,41.895868128,-87.768008702,POINT (-87.768008702031 41.895868128038),C,10,2019,08:50:00
e921ae34d5eabe879985cfe4fad583d33f97032c6d864190364af2d76e615e082bc20ee6f17ef029b65c0a4abffe6992c81a6d97628562dc2a557b82429618b2,2019-06-01 15:00:00,CLEAR,DAYLIGHT,DRY,NOT ON SCENE (DESK REPORT),06/01/2019 03:32:00 PM,41.840456538,-87.72438674,POINT (-87.724386740007 41.840456537977),C,6,2019,15:00:00
e9295c2a37003060d0fd75558919b091bb511944c3dc0ba67075648f962ec01d4f5ea333ee618febbfd1878bfc1fb13596fcede5d23b8d2e0a95b10b22edcd8a,2023-01-18 18:15:00,RAIN,"DARKNESS, LIGHTED ROAD",WET,NOT ON SCENE (DESK REPORT),01/18/2023 07:45:00 PM,41.822958463,-87.691425915,POINT (-87.691425915045 41.822958462973),C,1,2023,18:15:00
e7e9c6da89d73865c2b41cdec8b9df8f6532726e1c3fb2bf40cd13dd4498f5d0beaac33e20ba29dbe0da01b3d995ae53aaa5b8367186fac291edf8d0ac6764fb,2021-09-24 12:40:00,CLEAR,DAYLIGHT,DRY,NOT ON SCENE (DESK REPORT),09/24/2021 01:10:00 PM,41.917103631,-87.687248767,POINT (-87.687248767006 41.917103631009),C,9,2021,12:40:00
e8aa23909887dca2e88a7e21b9cb27fffe26baccfd421d63c077569cb5c4c8752676daa9c4efff0bc0174414c791eff171c980b8bf684677c1f382e9d73fffbc,2017-08-09 19:30:00,CLEAR,DUSK,DRY,NOT ON SCENE (DESK REPORT),08/09/2017 09:15:00 PM,41.809095486,-87.628723167,POINT (-87.628723167002 41.809095485967),C,8,2017,19:30:00
e770645b335393fba37f9cef6751dc5fda251b64f903fea6824462610fd627abde203ef5d37a8d01a1dee5170b470cd351ee0a31a4293d4c06add0721449fa1d,2019-06-02 12:45:00,CLEAR,DAYLIGHT,DRY,NOT ON SCENE (DESK REPORT),06/02/2019 01:20:00 PM,41.706714203,-87.653813468,POINT (-87.653813467968 41.706714202986),C,6,2019,12:45:00
e7d3109c202211fe93a2786681d8e4eaaaea4b00e4f2dd6f4952d335df39b5d2c4d79e32a92ad3c09fac28fe8eebc1f12bcdc1032d47a2e55395e863dd189edf,2020-10-15 17:00:00,CLEAR,DAYLIGHT,DRY,NOT ON SCENE (DESK REPORT),10/16/2020 07:00:00 AM,41.768830443,-87.717485339,POINT (-87.717485339032 41.76883044302),C,10,2020,17:00:00
e96df97a7a8680a96083c88a7b40a4b9cbbe4317135d07c0bcd435a95a67c1b745160a6580c83efcbc3deafd469ffc4ebd150be84726775fcea863db277c3f55,2023-05-24 17:17:00,CLEAR,DAYLIGHT,DRY,NOT ON SCENE (DESK REPORT),05/24/2023 08:21:00 PM,41.794090446,-87.630527331,POINT (-87.630527331008 41.794090445987),C,5,2023,17:17:00
e793b13bdd43ba87aa8697a495cdf5f3b0468670dfc49ee9e9dd20648a008732e5e7241f3868f3f62b08928a2eba36a513c3ff6993a5daced6b23bf7b157e524,2021-09-02 06:25:00,CLEAR,DAYLIGHT,DRY,NOT ON SCENE (DESK REPORT),09/02/2021 06:54:00 AM,41.873860438,-87.700586149,POINT (-87.700586148982 41.873860438041),C,9,2021,06:25:00
e85d800a9b7ff85485e3c184c7277fba08b98eed5a922651c8925394dd07f0e0610b2ce749c68f20be7d69db9f557490bf7c9f34219df02e86f9c7d5ab0a96e7,2020-08-26 13:55:00,CLEAR,DAYLIGHT,DRY,ON SCENE,08/26/2020 02:00:00 PM,41.849964917,-87.62235952,POINT (-87.622359520021 41.849964916995),C,8,2020,13:55:00
e874e6cf12185d6b8b867679fb794ed28a435f4e1c6ef7cf3c388ac4ecaaf6751560e408225de57b344ba21fa59b84a41d20a50a818f2f111612daefe18000b4,2021-10-24 00:01:00,CLEAR,"DARKNESS, LIGHTED ROAD",DRY,ON SCENE,10/24/2021 08:26:00 AM,41.787194435,-87.695911291,POINT (-87.69591129101 41.787194435001),C,10,2021,00:01:00
e86d454d160442f913a31cee06e46525d6414c27d5b0936a0efd73901b2902f5b19f9fa5abaf4067b92dbf1065d6891eab6bee80f4b076d74a3b1fa32ac2f466,2021-01-10 10:00:00,CLEAR,"DARKNESS, LIGHTED ROAD",DRY,NOT ON SCENE (DESK REPORT),01/23/2021 07:00:00 AM,41.825386923,-87.644614821,POINT (-87.644614820984 41.825386923017),C,1,2021,10:00:00
e9efcf2e35bb9de7daf2850568f352e3c7677123918e82a262e6d0c2365707c441385452596732b6467277d9be48b2d41ab9722d3f6b64c160fc62ee2eacb0dd,2016-08-28 01:37:00,CLEAR,"DARKNESS, LIGHTED ROAD",DRY,ON SCENE,08/28/2016 01:37:00 AM,41.758960279,-87.578523141,POINT (-87.578523140973 41.758960278959),C,8,2016,01:37:00
e9404389fd890b5091945d7749efeec0060764773b6a2bf59bc13830eaeaaea8ecd975f80f343a1e708a85c9bbe2c9cd0da31f05a912cd6e7c031a3ca2ade6f1,2019-11-19 00:10:00,CLEAR,"DARKNESS, LIGHTED ROAD",DRY,ON SCENE,11/19/2019 12:13:00 AM,41.929244351,-87.775753482,POINT (-87.775753481997 41.929244350993),C,11,2019,00:10:00
e85c6b89a6d2d2ae6a365523b2afb4742565696b56b31bd6130f0b016a134da010277dbca02dc0eb176b3fbf05283b8c8bea1fd7466938de158c5deb57a754c3,2019-06-01 14:45:00,CLEAR,DAYLIGHT,DRY,NOT ON SCENE (DESK REPORT),06/01/2019 03:10:00 PM,41.903639931,-87.65554697,POINT (-87.655546970003 41.903639930952),C,6,2019,14:45:00
e7fda6d711a71d1dc2c112362dd8e33c0bfa0120616942eb7df80abdc81596162439ced2830e401ecbdfd179b8c5c8e4a1ab93869f39c3cb5d653e6ad40d3929,2017-04-01 11:50:00,CLEAR,DAYLIGHT,DRY,NOT ON SCENE (DESK REPORT),04/01/2017 04:30:00 PM,41.94903223,-87.662042749,POINT (-87.662042749048 41.949032229971),C,4,2017,11:50:00
e7f0e932ce0d7285bf4e4fe7e65c0950c161bcea2e097bd07c9d09f32e7925da7ad5042383299eb9c19f67bdc5fc7a12426834a270ba8c4eb74adf20f6795fbb,2018-06-13 18:00:00,CLEAR,DAYLIGHT,DRY,ON SCENE,06/13/2018 06:08:00 PM,41.837732675,-87.66589445,POINT (-87.665894449999 41.837732674972),C,6,2018,18:00:00
e894406dea2852dab8f0ce6da7f750626840e3f2d91e3ce3a7ccb57825342c477f2be30496d892d4a01ee6ef93dad95b34c7eaa018dfcdfa67f02d8e49ea0180,2021-02-08 19:00:00,SNOW,DAYLIGHT,SNOW OR SLUSH,NOT ON SCENE (DESK REPORT),02/09/2021 06:00:00 PM,41.990024694,-87.728708871,POINT (-87.728708871015 41.990024694008),C,2,2021,19:00:00
e9fc1846496ec2d2cf390f1ed4fd50fa69b1a04da39f3e80ee5d1033f70c0c8336d4e9ae68ab6701f8ceefea2aaf73ae400c412cc060e3f4ea91c13c2d9562ad,2020-11-09 06:15:00,CLEAR,DAYLIGHT,DRY,ON SCENE,11/09/2020 06:15:00 AM,41.759853407,-87.644338447,POINT (-87.644338447024 41.759853407033),C,11,2020,06:15:00
e9c22544e0d1419bf07927ed2f5232e36a3e9cc2431cfd5b6e26ba9e9b83a862feb0bf5b97ffef9b13d663eeb921444040c0184d3f5e67da685c5fcdff5ddeb4,2017-04-09 19:00:00,CLEAR,DUSK,DRY,NOT ON SCENE (DESK REPORT),04/10/2017 03:40:00 PM,41.929112167,-87.782039191,POINT (-87.782039190974 41.929112167),C,4,2017,19:00:00
e91dcfc0d86a83fd308b51e0648e521fe0d3c717241d0b19f674d13d7a572af51c1bbfc1952336423bbdf15d0dc82e8cbd87077e7379dc91b93cf7df18f4dd5d,2017-09-07 16:20:00,CLEAR,DAYLIGHT,DRY,ON SCENE,09/07/2017 04:39:00 PM,41.9462448,-87.746433838,POINT (-87.746433837986 41.946244799972),C,9,2017,16:20:00
e8a6e1bda94d2f314dc0d7cc0e152e29040d45787f6db5f01a0157585ab6b8f553fc87bb1565c5209c7f3a7de903169e0c389ab9623d6de8b3fee4c2820000e8,2021-07-02 16:30:00,CLEAR,DAYLIGHT,DRY,NOT ON SCENE (DESK REPORT),07/03/2021 10:00:00 AM,41.948495288,-87.674982928,POINT (-87.674982927992 41.948495287961),C,7,2021,16:30:00
e8e080c17b952cd9d8d65aca5b458246848da88948b21ef046e3cff1b136db14a49e27ac9a7dbee993794e87458b28bc38f3e456e37d776d9f5699667f7d2382,2018-12-29 19:55:00,SNOW,DARKNESS,ICE,NOT ON SCENE (DESK REPORT),12/29/2018 08:15:00 PM,41.856350127,-87.700512364,POINT (-87.700512364023 41.856350126966),C,12,2018,19:55:00
e9f0e4fdc2c26dbf2e74a8f9a6afa942432ce99f0d418134ad88d11f5794975b32f2ed3744630e52256b1b6b643a4ae9300b486061c404bcd0f8b802cf532677,2018-12-13 19:40:00,RAIN,"DARKNESS, LIGHTED ROAD",WET,NOT ON SCENE (DESK REPORT),12/13/2018 08:50:00 PM,41.90052616,-87.712682588,POINT (-87.712682587959 41.900526159988),C,12,2018,19:40:00
e86eb17a48cfc84b627df4f46687617198989a658ad7fb3eaf580342586fef558af50a11235bf337c0fddb985fbc4a496b2f3bd40d5d88a04c81203e37634e30,2020-09-04 16:00:00,CLEAR,DAYLIGHT,DRY,NOT ON SCENE (DESK REPORT),09/04/2020 07:20:00 PM,41.785387445,-87.606183761,POINT (-87.606183761008 41.785387444959),C,9,2020,16:00:00
e7f58e379d1f63d5693d38d081a8afd3333b7b54b0f159e47d04805cac21031a1e0eee39d3c70f2fb94209969ea2b474831b32b7e65d3910eda5cfd400817b8d,2020-02-18 07:30:00,CLEAR,DAYLIGHT,DRY,ON SCENE,02/18/2020 07:30:00 AM,41.942220431,-87.68784961,POINT (-87.687849610029 41.942220431031),C,2,2020,07:30:00
e89166da3f7503a612751a329151b896af93fe3e423f4ed0a22b127a40ffc848b5663da64638f4d8ab88607fd6fcd62a2e97f238f0a5d3fc1629f4a32b74a466,2017-12-12 17:40:00,CLEAR,DAYLIGHT,SNOW OR SLUSH,NOT ON SCENE (DESK REPORT),12/12/2017 06:02:00 PM,41.9172306,-87.756094546,POINT (-87.756094545972 41.917230600016),C,12,2017,17:40:00
e9a6b9f01f2becf591741dfcd3effca3637a2080db901c60f98527579e5cac124e6d58bc9a29f9f83abd1d9ab6f2527af04733f2553f3abc9585c6d290571f8d,2020-02-21 08:10:00,CLEAR,DAYLIGHT,DRY,ON SCENE,02/21/2020 08:18:00 AM,41.920269869,-87.748810059,POINT (-87.748810059012 41.920269868971),C,2,2020,08:10:00
e9f5cb49cf530d1bec15e37ee8de321a58db9f573debf399fd98c460a061a1d8264d501cf0d06222c45a47e8d3189ac1eddccfb1424303bf9ba8555401a2d31b,2022-06-13 14:00:00,CLEAR,DAYLIGHT,DRY,ON SCENE,06/13/2022 07:30:00 PM,41.806189414,-87.703772851,POINT (-87.703772850981 41.806189413965),C,6,2022,14:00:00
e9c93d94edd6d17205dd8d9360b5b941e84fc0067df0bacabdb3f099e85f38fbc10319b65c13958f702e55e408fcfc958a5a2a330eb0c2973e796d1edf1dcdb2,2020-10-03 19:09:00,RAIN,"DARKNESS, LIGHTED ROAD",WET,ON SCENE,10/03/2020 07:18:00 PM,41.954212921,-87.666512458,POINT (-87.666512457952 41.954212920958),C,10,2020,19:09:00
e7f146f21a169924755d75c6a114f61d19f2b3f41e59733b98901966061dc5d28ad08810c9e5f1250e9af6d38dcbd00bddca6a032f617618b4348bc36ddf7df4,2017-02-26 03:00:00,CLEAR,DARKNESS,DRY,NOT ON SCENE (DESK REPORT),02/26/2017 02:26:00 PM,41.898904591,-87.740159804,POINT (-87.74015980403 41.898904590989),C,2,2017,03:00:00
e9029aa68a2e709674529bb1163c1a14f205e4af32f5a2c4c494b666a297fd40ccab21f2608c8611110ca225a4b1ca5566003b3c8471166908264ac6bf8f122d,2023-01-14 00:25:00,CLEAR,"DARKNESS, LIGHTED ROAD",ICE,ON SCENE,01/14/2023 12:31:00 AM,41.958986951,-87.933993929,POINT (-87.933993928974 41.958986950953),C,1,2023,00:25:00
e76c21442a48e29ab2c563817e44b86eee739900b32e98b927d7a9eaf34e035bc79c2025d6057d2debe79a73a56e5aa853c671c84d0c286526a2854e6352a174,2019-10-24 10:50:00,CLEAR,DAYLIGHT,DRY,NOT ON SCENE (DESK REPORT),10/24/2019 04:00:00 PM,41.954105717,-87.693290369,POINT (-87.693290369008 41.954105716988),C,10,2019,10:50:00
e8c4c9815b1489a9120197bee638d64e029b29881bd945ae88ce0a0e902300dd6469631812dac7e1f584cb1fdf033cfffbe13ef9ad2653ac5ef64eab686dd935,2020-01-08 14:00:00,CLEAR,DAYLIGHT,DRY,NOT ON SCENE (DESK REPORT),01/08/2020 03:13:00 PM,41.925018178,-87.686883216,POINT (-87.686883216 41.925018178017),C,1,2020,14:00:00
e8529724241cf5b58bdf866707ff446bd3ff93501cb45940719a1fbe4285c872ae8ef69717e1bf828b5fa56a8efe12486c21e98026eefda01d0af88bae79bcf8,2016-11-30 17:45:00,RAIN,"DARKNESS, LIGHTED ROAD",WET,NOT ON SCENE (DESK REPORT),11/30/2016 07:00:00 PM,41.889344957,-87.629429511,POINT (-87.629429511044 41.889344956988),C,11,2016,17:45:00
e7600e67314728c1977b77412f5e38b9e464934bd9a84f6e22034a1a3eb941a42700eb410320c379ad4c0e88dc6871dde8c772665eecc93a8347101478fac745,2017-09-25 07:53:00,CLEAR,DAWN,DRY,ON SCENE,09/25/2017 08:03:00 AM,41.890355784,-87.614377352,POINT (-87.614377352049 41.890355783989),C,9,2017,07:53:00
e846aa7d4a59a951a254bb6b793855027991aa9d6688746423c95c77427fb305d00beef163eac481d55347ae60857cbbb5c26fc9ad138cab60baccbdc2d910a4,2020-06-16 15:30:00,CLEAR,DAYLIGHT,DRY,ON SCENE,06/16/2020 03:45:00 PM,41.931036923,-87.791942933,POINT (-87.791942932976 41.931036922967),C,6,2020,15:30:00
e9ad67b51e0df5f8e2a90e0894db970a267fcbcb441fd5f2c94c94e502bd27bba27e6152f26969154510adaaf7c882d29c90c3bd7c3df5d21fd73e3067b0bc33,2022-09-23 16:00:00,CLEAR,DAYLIGHT,DRY,ON SCENE,09/23/2022 04:30:00 PM,41.6621277,-87.64148984,POINT (-87.641489840003 41.662127699955),C,9,2022,16:00:00
e994d8cd72afc88dc29fdd87e13eb05f5bf370956f13b4073bbac5ec147d5b9a4641f0beadd09ed4e527d74d9002904e3656f525b9000b168292add9b2fbe656,2019-06-19 15:13:00,CLEAR,DAYLIGHT,DRY,ON SCENE,06/19/2019 03:36:00 PM,41.772598544,-87.627605327,POINT (-87.627605326996 41.77259854404),C,6,2019,15:13:00
e75d4f9021bfe90e0688fd3e3cfdec84c775203fe1a5d1a6aea1875f3dd7ca60c313aa0269d88e902a0f4f849145f6f43c24f7975cd3ebab356409875e4fa85e,2021-10-16 19:04:00,CLEAR,"DARKNESS, LIGHTED ROAD",DRY,ON SCENE,10/16/2021 07:09:00 PM,41.750990912,-87.615903389,POINT (-87.615903389024 41.750990911986),C,10,2021,19:04:00
e8feb9dd7e854fbfe1d2e6e8ad08f4c0e920124389efdb08ab73bf1f15f0de6e5d64b47e977f092b17c1ca9ab0b83fa7dd4cd9514b0f78fa0a97fb8c51f12a0b,2022-01-17 20:41:00,SNOW,"DARKNESS, LIGHTED ROAD",ICE,ON SCENE,01/17/2022 08:41:00 PM,41.861568594,-87.719086387,POINT (-87.719086386953 41.861568594012),C,1,2022,20:41:00
e9da1f220503572bd178f2cb5424386656590cd5bd687803da4807796e88811a436500b66fe6e674b4dca28e79d9e0a8ddfa45ebb9c9e380103e7aa18ed0ce62,2016-02-19 15:00:00,CLEAR,DAYLIGHT,DRY,NOT ON SCENE (DESK REPORT),02/19/2016 06:50:00 PM,41.90282089,-87.665870353,POINT (-87.665870353027 41.902820889995),C,2,2016,15:00:00
e9bbc57b3a786c3f84dc38b00e4fe6ba3e1e3cbdf293e4f4319af84e8bfcf7b322a79b78a0287ceaf35e202cfbc5adbbbf19f24fc6def668fe53889fc7e428d9,2023-01-28 03:00:00,CLEAR,"DARKNESS, LIGHTED ROAD",DRY,ON SCENE,01/28/2023 03:29:00 AM,41.958986951,-87.933993929,POINT (-87.933993928974 41.958986950953),C,1,2023,03:00:00
e8b5033b25c7f31074ec89772e9a05c9b495c3ad9647b6e09c8d77613e6fa7f954d3ce10519d7a951321eab130b8683445824ec250f94d3edc1b2a82b6804f39,2015-10-31 16:00:00,RAIN,UNKNOWN,UNKNOWN,NOT ON SCENE (DESK REPORT),10/31/2015 08:50:00 PM,41.760672923,-87.570194727,POINT (-87.570194726987 41.760672923039),C,10,2015,16:00:00
e82e297b4dbaa2aa911e650f7e9cbb47cf6dd69c8983429d5f795d895a98e14410e3d0465c1d937e2f7fc3add0e87233c749ee17e88afea37f35ddc7a6b156bb,2023-02-17 15:15:00,CLEAR,DAYLIGHT,DRY,NOT ON SCENE (DESK REPORT),02/17/2023 04:00:00 PM,41.880660067,-87.740728133,POINT (-87.740728133013 41.880660066981),C,2,2023,15:15:00
e9fd9b990cce594185814834fba12610ba55722a37e890f744a8dd6c43d73972be81095d8143117e21e1fb4d49dcda494bbd04bced4ba6e45bc39901af1cab47,2021-11-29 09:00:00,CLEAR,DAYLIGHT,DRY,NOT ON SCENE (DESK REPORT),11/29/2021 05:06:00 PM,41.742345337,-87.689683308,POINT (-87.689683307976 41.742345336992),C,11,2021,09:00:00
e763f3d7a6b43f4820a0ec6753b1a4e6a795ee2a2d9dfc8c9e8b309050ccd057a1e3e90ec3802efd9e1f9144a629214a254c394f6ac322a480b36a0d6fd9ceaa,2017-12-13 14:45:00,CLEAR,DAYLIGHT,DRY,NOT ON SCENE (DESK REPORT),12/13/2017 03:15:00 PM,41.990024694,-87.728708871,POINT (-87.728708871015 41.990024694008),C,12,2017,14:45:00
e9508712df8d9304e3735a9b39d040be5e8e27c1787f2f80a4d2d6d947c1518aad92071bcf90c3f847d8dd8460bbd64271f1ea31b77a575c51c70b625db52fe5,2018-07-20 07:02:00,CLEAR,DAYLIGHT,DRY,NOT ON SCENE (DESK REPORT),07/21/2018 07:19:00 AM,41.758851593,-87.588851537,POINT (-87.588851536986 41.758851592962),C,7,2018,07:02:00
e8fe1483ddcffb0807d1e711c3721aa5bd2b1a036d4e3b54f2c4dcc0e51801fa9f55906b0449ecf75b7ba3b8f7fe64eb54f88eb74bd11ed45f412bf4508335a8,2019-06-05 14:00:00,CLEAR,DAYLIGHT,DRY,NOT ON SCENE (DESK REPORT),06/05/2019 05:11:00 PM,41.962630019,-87.650430429,POINT (-87.650430428964 41.962630018961),C,6,2019,14:00:00
ea10a26884f3b27cdb1aa3b6182c29416f74d1e650d6c57dff76b387f3629c502478f22060bf39de8eaff4e65056d4114ca3eda953c6fd13e75e3e1bb24aa0cf,2019-05-12 20:57:00,RAIN,"DARKNESS, LIGHTED ROAD",WET,ON SCENE,05/12/2019 08:57:00 PM,41.830728826,-87.655813252,POINT (-87.655813252029 41.830728825995),C,5,2019,20:57:00
e8b7942a101ab35bdb2fcd167780ac787622310ee316df778a1e8b8fe0d140a0b9c692b822ab02114b4cc0b685e15cf4ee6e49fb36c41981ebd89acd1c279a6b,2021-08-02 17:35:00,CLEAR,DAYLIGHT,DRY,ON SCENE,08/02/2021 05:36:00 PM,41.884600962,-87.627828521,POINT (-87.627828520965 41.884600961961),C,8,2021,17:35:00