CRASH_RECORD_ID,CRASH_DATE,WEATHER_CONDITION,LIGHTING_CONDITION,ROADWAY_SURFACE_COND,REPORT_TYPE,DATE_POLICE_NOTIFIED,LATITUDE,LONGITUDE,LOCATION,CRASH_TYPE,CRASH_MONTH,CRASH_YEAR,CRASH_TIME
e8092ca7a14b1bdc695da9b2189d43485b2e0a73e551db73d037abf795423f2e582161e0b22dc48574d66b90d33efe8768c8f93004d3ff3bfd48150367bafc4e,2020-11-10 06:45:00,CLEAR,DAWN,DRY,NOT ON SCENE (DESK REPORT),11/11/2020 12:20:00 PM,41.742298596,-87.707639213,POINT (-87.707639213001 41.742298596038),C,11,2020,06:45:00
e9a1bae4269ad499501c9b18e72aa0dbe712830a0cb437ea5ec3891dceb635ec0095e8018b827240da4d94ca8fcb19088c659e8c5055b8ed472799302a550be3,2017-09-21 18:10:00,CLEAR,"DARKNESS, LIGHTED ROAD",DRY,NOT ON SCENE (DESK REPORT),09/21/2017 06:45:00 PM,41.936632386,-87.778729304,POINT (-87.778729303982 41.936632386046),C,9,2017,18:10:00
e7a56a857900c0890751c0efed752d2dc5efd2183d9d79aa9e027bf807fef55e1eb6d28ca9b76b4f52efbcc6d1b59757e8a990a6bb2382817e019bb93d98caf1,2021-12-24 23:25:00,RAIN,"DARKNESS, LIGHTED ROAD",WET,ON SCENE,12/24/2021 11:26:00 PM,41.779551533,-87.665029775,POINT (-87.665029775033 41.779551532973),C,12,2021,23:25:00
e962968475b67e35567b9b2e54173263c255b76107a090f6061701b75c0b8cc1c799c6ec91fe16db6cbf5b78c1c55f17320d2c8f0e5963fc12ff21145bbcca87,2016-05-22 13:00:00,CLEAR,DAYLIGHT,DRY,NOT ON SCENE (DESK REPORT),05/22/2016 02:15:00 PM,41.797098229,-87.587422344,POINT (-87.587422344043 41.797098229016),C,5,2016,13:00:00
e9758417fcc8641d71d5e2437773a299c9a8693023b74a7a80293802c418fdad2a1ca0f9af18bf4740f6e9e033ccc6f332aaa134a074bd67a059fcee90c22fd5,2019-05-24 05:48:00,RAIN,DAWN,WET,NOT ON SCENE (DESK REPORT),05/24/2019 06:15:00 AM,41.920000585,-87.771951512,POINT (-87.771951512022 41.920000584957),C,5,2019,05:48:00
ea2b47de529293fa7a22330e566572c016dda16c86c14c10920851c229adf65b051ed0ee070079cce8084b71a2189c5fb410893642f4e9b44254ca41cb5958ed,2023-01-29 06:21:00,CLEAR,"DARKNESS, LIGHTED ROAD",WET,ON SCENE,01/29/2023 06:21:00 AM,41.876926589,-87.745039137,POINT (-87.745039137038 41.876926588953),C,1,2023,06:21:00
e7e169374b6785d326242010332013a1bebbe59c19005c80dd78caad883a3a6bdf71707963342a3410553b7ce35fcded67d533deab63e6073068660450d0030c,2020-05-23 07:32:00,CLEAR,DAYLIGHT,DRY,ON SCENE,05/23/2020 07:33:00 AM,41.782498629,-87.703385928,POINT (-87.703385928037 41.782498628963),C,5,2020,07:32:00
eac6fb5b5b6114ac2b20d2e6b46b9d6398c48cbe41ab2eb23d6a81f8016bd5be35a3ea500666b77081e9545c53a1992612c584400d9544dd59aaa4f28fd9e295,2018-07-19 16:00:00,CLEAR,DAYLIGHT,DRY,ON SCENE,07/19/2018 04:07:00 PM,41.909091248,-87.66131723,POINT (-87.661317230018 41.909091248043),C,7,2018,16:00:00
ebb616a3c1ea2b22b68872f87f675617c74cfed3ca6e1069a986749bc4fe577c7638b1322f0b52c52865e4dd5b3f017792529a5f1b9c5e4ea366988e57d11eda,2016-03-04 19:00:00,CLEAR,UNKNOWN,DRY,ON SCENE,03/05/2016 11:00:00 AM,41.782457244,-87.59578011,POINT (-87.595780109983 41.78245724397),C,3,2016,19:00:00
eb421c2edd331598210dcf5abd4d9ca11f280d4b5058a138263958929673ddf8a4ae1b04d48e3aae6ab69b62e19d016450c92a0e966f4b9f3af644348cdfa479,2018-12-01 11:20:00,CLEAR,DAYLIGHT,WET,ON SCENE,12/01/2018 11:25:00 AM,41.75616061,-87.634583596,POINT (-87.634583595966 41.756160610031),C,12,2018,11:20:00
eaf08bff153f11787bca628cfa95b38966bb9c6faada63c9a51830b6c3f28c966cb97f417a653c02c45d33ee86832e450827d250276b872da4850100529f5856,2021-07-17 16:30:00,CLEAR,DAYLIGHT,DRY,ON SCENE,07/17/2021 04:34:00 PM,41.910947985,-87.794908073,POINT (-87.794908073021 41.91094798501),C,7,2021,16:30:00
eb89d6d4f3895a2cdb37a65b64908cb80a9bec7648b02b36cec6361eb192a6155ee11f4f8924befe6189f57f67e214cca8eb1ea2179021bfeec56a8c08ffc083,2020-12-12 09:40:00,RAIN,DAYLIGHT,WET,ON SCENE,12/12/2020 09:44:00 AM,41.712072677,-87.681644152,POINT (-87.68164415196 41.71207267704),C,12,2020,09:40:00
eb742844a8033d178aee8da720a1bcd7b3be73bd76232f168128767814649dc025611d349b8273c29127dcd80a480b135cb1eb46a1bad6a36dcf83298104b456,2020-02-26 07:45:00,SNOW,DAYLIGHT,SNOW OR SLUSH,NOT ON SCENE (DESK REPORT),02/26/2020 09:25:00 AM,41.798099488,-87.70844104,POINT (-87.708441040031 41.798099488049),C,2,2020,07:45:00
ebb23afaa1a291769c01b744e5c5fb4bf24e61357fe3f6af0ab519b9173e0595387a1c2cbcdb807c3e10f0c4b8cd9a528e5957012f621df5c3cd6607b6d2718d,2022-05-11 11:35:00,CLEAR,DAYLIGHT,DRY,ON SCENE,05/11/2022 11:39:00 AM,41.877836738,-87.64729714,POINT (-87.647297139953 41.87783673803),C,5,2022,11:35:00
ebd442b8eb770f19387789d580640b2baa802d467b941770f031c2ac05c75753a39385c76a6e19ec13c26e83156f51737a813cfe5ea6722ca4cf7766f4618c11,2022-03-25 19:00:00,CLEAR,DAYLIGHT,DRY,NOT ON SCENE (DESK REPORT),03/28/2022 08:45:00 PM,41.709913896,-87.631701808,POINT (-87.631701807991 41.709913896011),C,3,2022,19:00:00
ecf782506335960e25f799c5349a5a035710a6d3d114c58efd08f5b209731ebf67b0fb3c29e58149b774a4b91657bdba86a5da266cf5581b8b50ec62fbf83a1e,2023-05-10 17:13:00,CLEAR,DAYLIGHT,DRY,ON SCENE,05/10/2023 05:15:00 PM,41.975335342,-87.751655533,POINT (-87.751655533045 41.975335341992),C,5,2023,17:13:00
ec3373315158600e75ece5568bc8f0a71b85ca9e3e9323ca4e491bdf5726ae06a44af61dab43abb9684dd35394c7391ecdd3ffc6cb6abb4f8bcfb532b0e2fcf7,2018-09-14 17:25:00,CLEAR,DAYLIGHT,DRY,NOT ON SCENE (DESK REPORT),09/14/2018 07:00:00 PM,41.847117854,-87.626025027,POINT (-87.626025027018 41.84711785397),C,9,2018,17:25:00
eae5d360caa5910ab8adf69d59f98fc422b5959c7b8c6a4c4c8bbdd9746895b1ca272f33f32ab17bb5ac647b8d507136aa93ca681604026b28114eca222886b3,2022-11-26 20:06:00,CLEAR,"DARKNESS, LIGHTED ROAD",DRY,ON SCENE,11/26/2022 08:06:00 PM,41.765758399,-87.618316551,POINT (-87.618316550996 41.765758399003),C,11,2022,20:06:00
eac5ac59418b08c2a6feecc908c36a2b5d88c99a6e352050cb333d700dcc628413621dc9a9c471b4cbf9a5e9fefc98eb8f8f710a1bd2b45fd55b91f1df269fdf,2018-02-21 19:30:00,CLEAR,"DARKNESS, LIGHTED ROAD",DRY,NOT ON SCENE (DESK REPORT),02/22/2018 09:00:00 PM,41.798057985,-87.69040591,POINT (-87.69040591 41.798057984979),C,2,2018,19:30:00
ea6198762c850dd185f4a4aebe84d1b7a40bc75d7bda5762f637220917e07ec9a6e23d15f28f5ffbc4271e87aae587449805ca7fd99067db3d8ec1065084033a,2018-12-25 19:30:00,UNKNOWN,UNKNOWN,UNKNOWN,NOT ON SCENE (DESK REPORT),12/25/2018 07:40:00 PM,41.721169162,-87.596117107,POINT (-87.596117107002 41.721169162034),C,12,2018,19:30:00
eb54869b4524a66ef472ecf22dda3dbf63ccd6c2861730a6309cc7453d5fe0ce08225ea7e86c75d529d8d4c57f38bea1ac16bb60f00ff5e4b45435d55d820d0f,2017-12-08 15:45:00,UNKNOWN,UNKNOWN,UNKNOWN,NOT ON SCENE (DESK REPORT),12/08/2017 04:30:00 PM,41.895499511,-87.723699547,POINT (-87.723699546998 41.895499510995),C,12,2017,15:45:00
ea76d0e24ce307ce83e4b95201679a4417b0eae07ccb7b524e2978a56b21455a0ede7330f2a18881f39bcbe1416486d19b6052f8772b57829e810825db254199,2017-08-25 19:00:00,CLEAR,DAYLIGHT,DRY,NOT ON SCENE (DESK REPORT),08/25/2017 09:00:00 PM,41.903825234,-87.64328636,POINT (-87.643286359995 41.903825233976),C,8,2017,19:00:00
ebf9ce892441f092a7783cf7a2a97267d6b8d0eabae956dbc3065b514f2048611018fe849c3ca9c41aa6a66ee583bdeab772684b40f648b6a658142b85213147,2019-09-22 03:51:00,UNKNOWN,"DARKNESS, LIGHTED ROAD",UNKNOWN,ON SCENE,09/22/2019 03:53:00 AM,41.960168681,-87.782360111,POINT (-87.78236011098 41.960168680968),C,9,2019,03:51:00
ea5426a1c7ba0ae5c8e42d22366e2c9e08119448547df459e21ab25aea9f382c3e6e316357475e343765805fd8fc5ad09e446817374300c4c4b87f34eeb455ca,2019-02-12 13:53:00,SNOW,DAYLIGHT,SNOW OR SLUSH,ON SCENE,02/12/2019 02:00:00 PM,41.768772204,-87.676216129,POINT (-87.676216129012 41.768772203959),C,2,2019,13:53:00
eb397097324c211ec93ad9277e84de4c5d902bb2275bb9ddc0b57564efbd31d20911699919d18eb66a2c1d62b4b3a9d7917f05f75ab532b54f0aacfd74aee32a,2021-06-06 14:56:00,CLEAR,DAYLIGHT,DRY,ON SCENE,06/06/2021 03:07:00 PM,41.987184227,-87.748165043,POINT (-87.748165042995 41.987184227042),C,6,2021,14:56:00
ec5d691c2de87da040130303806aec7e0816e93e6aebc1c611123f60661f4ac766f5fe986d1e393cdc341d6f36707e811038dbe0cf4240a3d514f5e17bf77fdd,2018-08-10 14:35:00,CLEAR,DAYLIGHT,DRY,NOT ON SCENE (DESK REPORT),08/10/2018 03:20:00 PM,41.784385694,-87.740065946,POINT (-87.740065945952 41.784385693962),C,8,2018,14:35:00
eb78227619a811f98b795d7d9c4b4aae763f6a7c06f412a99a827d91cd76506c092a6c3b81ff48e85da4009b18bf6db060a056c9ce5e6764d6e70b8a33aedd32,2022-11-19 18:30:00,CLEAR,DARKNESS,DRY,NOT ON SCENE (DESK REPORT),11/19/2022 08:30:00 PM,41.735617968,-87.682663369,POINT (-87.682663369002 41.735617967973),C,11,2022,18:30:00
ec78062525028d1fae155f662de767fab186b7c85f4f50db13bfc7f3f77113682529b6bb829b02c56de0a5d2d9b054ca8564adba0f432e9b380dea89bdb08007,2019-09-03 10:40:00,RAIN,DAYLIGHT,WET,ON SCENE,09/03/2019 10:44:00 AM,41.749362768,-87.605332981,POINT (-87.605332981011 41.749362768013),C,9,2019,10:40:00
ecb1af8720e20be57e581d0bb804cd5ea1585e053388dd23baff5df66ca0a51d647d039aff43a40a521fffb07d99d8957ac8ec4a6e89fd593cdb4931dab3ea02,2022-09-29 17:59:00,CLEAR,DAYLIGHT,UNKNOWN,ON SCENE,09/29/2022 05:59:00 PM,41.896737923,-87.620221354,POINT (-87.620221354034 41.896737923045),C,9,2022,17:59:00
eb6f236b675b193662deb21783b51230506cc689d619589032778998a4bcb8f2f8cd67832813159dca75b33bcbbccb768efa94c1aafbe1868822a47b949bd761,2016-11-15 17:20:00,CLEAR,DUSK,DRY,NOT ON SCENE (DESK REPORT),11/15/2016 05:56:00 PM,41.837385459,-87.702442532,POINT (-87.702442531983 41.83738545903),C,11,2016,17:20:00
eb5be0354e693df1f7f36226500191004609f02b85eb92872595da8f3dc93b09b2e6a08d36359a13b0aaf6a54aa1fb4a283018704a035627a0f396200075c3d8,2023-04-05 02:31:00,CLOUDY/OVERCAST,"DARKNESS, LIGHTED ROAD",DRY,ON SCENE,04/05/2023 02:32:00 AM,41.773407967,-87.57037243,POINT (-87.570372429966 41.77340796701),C,4,2023,02:31:00
ebe27e2f0fde5107c08eae3d31f36e267003441cfd35148d442bdb3db0bab27b44b275c38dce1565363f9a5e400e60b4bfd1d4532a3e0487bbbb08d72ae12569,2020-12-15 13:01:00,CLEAR,DAYLIGHT,DRY,NOT ON SCENE (DESK REPORT),12/15/2020 03:45:00 PM,41.925359551,-87.741286695,POINT (-87.741286694963 41.925359551008),C,12,2020,13:01:00
eab1f142248d9f0197d0132b089cca08202c8eeea5fceaede1b8c038efe7e7f01b4dce34b7508b10ef3fc7c09ee5950185ea8f20c5d8c1a5d60833c9578ec67c,2019-07-02 10:00:00,CLEAR,DAYLIGHT,DRY,NOT ON SCENE (DESK REPORT),07/02/2019 10:30:00 AM,41.743169044,-87.663106556,POINT (-87.663106556014 41.743169044023),C,7,2019,10:00:00
ecfd585b54087af07add298045f1953f7e9a2224ea54139e73ded29c0baadc30f031c06160a13bf40c440054b739eaa478b21e3680c4b060aff92728f87b5a3d,2023-07-05 13:30:00,CLEAR,DAYLIGHT,DRY,NOT ON SCENE (DESK REPORT),07/05/2023 10:00:00 PM,41.837732675,-87.66589445,POINT (-87.665894449999 41.837732674972),C,7,2023,13:30:00
eb22e4ef0c880e36a8c861e9a79f2543aaf98c588432c05da5d66c24e49f7c921874b2de78b78403070d1735ded0a2c53dd48a4fd4405705f54898a561a02dbf,2017-05-03 14:15:00,CLEAR,DAYLIGHT,DRY,NOT ON SCENE (DESK REPORT),05/03/2017 04:30:00 PM,41.903639931,-87.65554697,POINT (-87.655546970003 41.903639930952),C,5,2017,14:15:00
ea80c01c0f10d117b2baeb86d3e30318240e7e844c24f1694718dd33f970b55848a797ae81ba77fd6a48f3bde7b9135cfabecea09266ba8786acca4c967bf28b,2018-02-16 21:45:00,CLEAR,"DARKNESS, LIGHTED ROAD",DRY,NOT ON SCENE (DESK REPORT),02/17/2018 12:30:00 PM,41.744151639,-87.585945067,POINT (-87.585945066953 41.744151639042),C,2,2018,21:45:00
eb1b939a05703c61fedf4537603fc2dee658de71091108b48f15c1d60ba726de055cae99dd336bdcf74b2dfb79f94a113c2719a93543ba123773442143d777df,2018-11-29 12:00:00,CLEAR,DAYLIGHT,SNOW OR SLUSH,NOT ON SCENE (DESK REPORT),11/30/2018 02:45:00 PM,41.90516365,-87.647975873,POINT (-87.647975872994 41.905163649974),C,11,2018,12:00:00
eca269096c4f75448b6178f249d82c0d92de31c073b5570ec42148fec0230f1b87036b2a099d1ed1501c837ace1ce6a48b333b22efcd31a237392227b96ba2c5,2018-03-14 19:15:00,CLEAR,"DARKNESS, LIGHTED ROAD",DRY,ON SCENE,03/14/2018 07:16:00 PM,41.75869138,-87.60533417,POINT (-87.605334170015 41.75869137995),C,3,2018,19:15:00
ed04cc1c7d3116a1aad6120dea58ab4e1831c56f123386c733c29b1637aa53b9b6532ee01a43b2d9dd8cf2effaa422bafaa8f4c73c2f14bbceb46a1709130b10,2022-01-21 15:24:00,CLEAR,DAYLIGHT,DRY,ON SCENE,01/21/2022 03:36:00 PM,41.71326357,-87.553770285,POINT (-87.55377028505 41.713263570021),C,1,2022,15:24:00
ecaa96807005688070728bea73f44f8bfb9010f7641b3002b120fa0ea6827656adc126826687b1146215266f46064572e7794519db65c0f28db3f0958debcf1b,2019-07-14 00:44:00,CLEAR,"DARKNESS, LIGHTED ROAD",DRY,ON SCENE,07/14/2019 12:45:00 AM,41.969261067,-87.650422729,POINT (-87.650422728959 41.969261066974),C,7,2019,00:44:00
ec18933d05f67a4e1e2377f84c0b3b8464e047a866eda64a5b5b097cedbd411501f15b82ccb01121b152e38b63d694bf1b9e647da9910fa5a51eb85d48a6da78,2019-11-15 09:00:00,UNKNOWN,DAYLIGHT,UNKNOWN,NOT ON SCENE (DESK REPORT),11/27/2019 08:40:00 AM,41.716855858,-87.654916052,POINT (-87.654916051966 41.716855857964),C,11,2019,09:00:00
ec0084a24ff61a3b7fbdef330342eff5e3969c8ea86402aafbc53846d629ef391b3ef29a67a78cd0851bab655bc70f4c30e3680faed965f89c93fea04515561e,2018-04-08 03:20:00,CLEAR,"DARKNESS, LIGHTED ROAD",DRY,ON SCENE,04/08/2018 03:30:00 AM,41.896274407,-87.765592412,POINT (-87.765592412043 41.896274407033),C,4,2018,03:20:00
ea87a5a13e5e15016b54605b704a042a87f07c717ca52db1db89c35ba55c7f7d74540ce7ffd0b8804dd918523c10c6a376711c60dac514aabb111b67af26af52,2023-07-25 22:00:00,UNKNOWN,"DARKNESS, LIGHTED ROAD",UNKNOWN,NOT ON SCENE (DESK REPORT),07/26/2023 09:15:00 AM,41.975355803,-87.65189745,POINT (-87.651897449989 41.975355802966),C,7,2023,22:00:00
ebd6da4e76a37e9acd5f54abe8e0c6464a5eefe1a5d3139a2f0d7f10e31bbe72248222452894a59f81cc2aea247a25876d44e84e320e09e3aea85ce9a4409b7e,2022-05-03 07:15:00,CLEAR,DAYLIGHT,DRY,NOT ON SCENE (DESK REPORT),05/03/2022 08:00:00 AM,41.744151639,-87.585945067,POINT (-87.585945066953 41.744151639042),C,5,2022,07:15:00
ec872ac986d1f3f44aa95195170efc3c08cdf0fd40bf33279b501a1f35afa144c843180a3ed9f4d714939a30c56c9a6eef0943abf732d6e59325c25b058987ab,2020-02-05 07:50:00,CLEAR,DAYLIGHT,DRY,NOT ON SCENE (DESK REPORT),02/06/2020 04:15:00 PM,41.840061969,-87.725508399,POINT (-87.725508398981 41.84006196903),C,2,2020,07:50:00
eccbe5b7e5184b00f9e6fe8cf3e815f53024322170687f7f83b0e11c3b6abc07d78203422d6740bb547a902bf89bd95683da801e919378df7c8f7f8fd49b02fc,2016-11-26 15:30:00,CLEAR,DAYLIGHT,DRY,NOT ON SCENE (DESK REPORT),11/27/2016 09:30:00 AM,41.931607951,-87.697755776,POINT (-87.697755776035 41.931607951049),C,11,2016,15:30:00
eccf8d78255a535ab9095547772dee78a04ea673d182a60e5b60a265db67784bd40e95140191aa3d2330c9b3aee573ed10270e1db1cab064f39533dceace175b,2021-05-13 19:02:00,CLEAR,DAYLIGHT,DRY,ON SCENE,05/13/2021 07:03:00 PM,41.844194737,-87.721961166,POINT (-87.721961165967 41.844194737033),C,5,2021,19:02:00
ecf9fb5a0166b7784bd5f82b1300320f61f47ef44a84fffbb9772e6b611cdcae6547d742197fd61d13ba1209c3aac66116e6af01ba43820ad39d8ee17ba7482f,2023-04-06 13:10:00,CLEAR,DAYLIGHT,DRY,NOT ON SCENE (DESK REPORT),04/07/2023 05:45:00 PM,41.798524742,-87.692858765,POINT (-87.692858764996 41.798524741967),C,4,2023,13:10:00
ecc46f60274f8de979054c3ffaa10b115dd72d46abdc71f01331a6597653735667bec6a978213f05f905811aff672f014cdec63ace56243850a72dbd20b6d8a6,2017-06-09 14:18:00,CLEAR,DAYLIGHT,DRY,NOT ON SCENE (DESK REPORT),06/10/2017 09:54:00 AM,41.879714362,-87.774496221,POINT (-87.774496220954 41.879714361958),C,6,2017,14:18:00
ebd09c4badddaa7f1ded4017302a4960c61a427210a6ece7cd652c8038f25a53b6fc2c7b111149f01016893219560bad10cb05357e98fe2f6172d79652aa7406,2021-07-28 13:35:00,CLOUDY/OVERCAST,DAYLIGHT,DRY,NOT ON SCENE (DESK REPORT),07/28/2021 02:00:00 PM,41.735617968,-87.682663369,POINT (-87.682663369002 41.735617967973),C,7,2021,13:35:00
ec94067ebb0517a81a62e6c02ce53d0a36c43c3847ade07976a30b6d16caa4f6d06cc19873b98f38b81d0052a58f6763c403613ef742ac8c909b858f97f1b338,2016-10-10 19:00:00,CLEAR,DUSK,DRY,NOT ON SCENE (DESK REPORT),10/10/2016 08:15:00 PM,41.775048833,-87.60595789,POINT (-87.605957890049 41.775048833022),C,10,2016,19:00:00
ece83b9035462b5e1cbb0264f26bf3be4fd5e54f502ad03936166f61e193a3e021a24609a1fcf5357a9d5fd90ab6a1c6d4212ab5967b8ffe35c0965ec889a0d9,2021-05-09 11:33:00,RAIN,DAYLIGHT,WET,ON SCENE,05/09/2021 11:54:00 AM,41.75983092,-87.654127172,POINT (-87.654127171986 41.759830919978),C,5,2021,11:33:00
ebe8677cda6b854ba6c3f4c7327224b0a84b29a2bf8652ed23c17a1b6c8d9e7854e2b1c099db29ef5bf39c35875ef1e49db50627451eb80f7913657fada4983a,2021-11-20 03:30:00,CLEAR,DARKNESS,DRY,ON SCENE,11/20/2021 03:32:00 AM,41.882700806,-87.686329977,POINT (-87.68632997705 41.882700805954),C,11,2021,03:30:00
ea9b4e0b3b35844387e2b8c8d844907b00af126bb7e5c43a28e9c1e43a4ba26ce351514c295d2b8586667c93d0ca3e04a155eb455e0dae77d67b859d6052116d,2021-09-14 18:52:00,CLEAR,UNKNOWN,DRY,NOT ON SCENE (DESK REPORT),09/14/2021 07:20:00 PM,41.868728082,-87.705888646,POINT (-87.705888646028 41.868728082014),C,9,2021,18:52:00
ecd207ce9a9ae920e854f769c79bebce4d2325a5bd193f1563504b8d502da080a5a52a4afb2d91ee82190aa254ebddda52eeb467dd73487c3578a11819e17150,2020-12-01 15:00:00,CLEAR,DAYLIGHT,DRY,NOT ON SCENE (DESK REPORT),12/10/2020 07:43:00 PM,41.931607951,-87.697755776,POINT (-87.697755776035 41.931607951049),C,12,2020,15:00:00
ec5f7470b23e089cb5a67c2a86e52c743004c558cb505d5c1a615b8a6acece13b1399d911ac6fdddf39a7cf7dd0ff5e14b137e6d715e16c126c42f3a07b8866f,2018-09-25 18:20:00,RAIN,DARKNESS,WET,NOT ON SCENE (DESK REPORT),09/25/2018 07:00:00 PM,41.983208978,-87.699307663,POINT (-87.699307663 41.983208978045),C,9,2018,18:20:00
eba168f67fe4f59a037acff8084b97adb4cc96abfa5d2329936d308a18a5a07801665b0381f14d200b5fc085d378e7cef2aa5b9d3935a20c4dbf9a6d7a8abf33,2020-05-07 13:00:00,CLEAR,DAYLIGHT,DRY,NOT ON SCENE (DESK REPORT),05/08/2020 08:30:00 AM,41.852049255,-87.666231661,POINT (-87.666231661015 41.852049255026),C,5,2020,13:00:00
ecc635e92e7d0fe64c9357a05b9d0960253ff3b53d3a8646d65b5e1b8b65402578ab774210ac5d8201422b289d329396fb53b8409672ea78de38d29b61ecadfe,2018-03-13 15:25:00,SNOW,DAYLIGHT,WET,NOT ON SCENE (DESK REPORT),03/14/2018 06:55:00 AM,41.984874268,-87.787555484,POINT (-87.787555484022 41.984874268025),C,3,2018,15:25:00
ea5b82a9804b96c88615107898cb05c06e40fcca392d2cb7fd1fe24c741f949cfa3acf6c9d4aefb6551ddd5cc9687f85aa089fedb68df654449518e3a407388a,2019-11-11 15:40:00,SNOW,DAYLIGHT,SNOW OR SLUSH,NOT ON SCENE (DESK REPORT),11/18/2019 11:10:00 AM,41.8198969,-87.724126177,POINT (-87.724126177005 41.819896900039),C,11,2019,15:40:00
eb6a17be3d1e0ecec3e15d0e1eb170fcf4ed7f6bd1d18edff24433ad96809038d6e5687359640befe8844d7bad542f3a1b9cb616f3a947c4c279200a52d01b06,2020-03-09 11:20:00,RAIN,DAYLIGHT,WET,ON SCENE,03/09/2020 11:30:00 AM,41.883062096,-87.642772421,POINT (-87.642772421014 41.883062095969),C,3,2020,11:20:00
eb1101dc6220edf195a37f9457a03fd5cf132f2695e9b5d0b5f02195ba3f35711dd61525bbd6d656defca6f1260c3aad2ed14ec1a1edf9ddc821b770b8307dce,2022-11-26 22:30:00,CLEAR,"DARKNESS, LIGHTED ROAD",DRY,NOT ON SCENE (DESK REPORT),11/29/2022 01:00:00 PM,41.888399178,-87.623954282,POINT (-87.623954281953 41.888399177959),C,11,2022,22:30:00
ec4c95b2378e52ab73d243c6e63f5fd1b87aa40ce416dc9bff48ed51db5987918bc22751498d12d5c3acf96453d7f4c2b40aca8b593dc2f17707f4d26ace1043,2018-04-26 11:00:00,CLEAR,DAYLIGHT,DRY,ON SCENE,04/26/2018 11:15:00 AM,41.94009648,-87.64884604,POINT (-87.648846039986 41.940096480034),C,4,2018,11:00:00
ec1f465d70db3664334e02c79e733a82c39891f19a744012bf7ca852f13b29e4ff8d728ea901b53ebae3c2d97ebeba88e90aaa7d62ab7d29f1fe8d80f3250cbb,2017-12-16 19:45:00,CLEAR,"DARKNESS, LIGHTED ROAD",DRY,NOT ON SCENE (DESK REPORT),12/16/2017 08:10:00 PM,41.961501894,-87.665763893,POINT (-87.665763892986 41.961501894001),C,12,2017,19:45:00
eb7191f1d9e1209c8316fc137e6039694546df99dae086bc9949c89ec6dcc74357b8c0bbcaf81be5edf6efb871dadc0af4e528723ac9f215e3763dede5abf733,2020-12-02 15:30:00,UNKNOWN,DAYLIGHT,UNKNOWN,NOT ON SCENE (DESK REPORT),12/03/2020 03:00:00 PM,41.958986951,-87.933993929,POINT (-87.933993928974 41.958986950953),C,12,2020,15:30:00
ebb3c65fc2e1a64e245f7db6edd75656311d996b0871657ec48f9dfb09ad130634cd2a454331067944b16632da3bc230ca9c53dedc36eaf4c4af9f778a1be807,2022-12-13 09:45:00,CLEAR,DAYLIGHT,DRY,ON SCENE,12/13/2022 10:05:00 AM,41.8820229,-87.637081412,POINT (-87.637081411989 41.88202289998),C,12,2022,09:45:00
ecdb02fb140bf739f05f02153bbfc7cf0c84db498ba48472e00b6e75638f3916b830728ad73e207ae6a8aff2138d1e9c0a17acb509d651a0123600f04ebaba16,2019-07-02 13:10:00,CLEAR,DAYLIGHT,DRY,ON SCENE,07/02/2019 01:14:00 PM,41.782539858,-87.68725056,POINT (-87.687250560005 41.782539857955),C,7,2019,13:10:00
eb5d2f1e877dc947c4802482eb2558d8056a6b559bcf63fff1622af27d2fc6bafca72a7ede1748399264a3b0b685115272d36e584872a8e2c56f106f08ca4816,2020-07-16 16:20:00,CLEAR,DAYLIGHT,DRY,NOT ON SCENE (DESK REPORT),07/17/2020 08:15:00 AM,41.785387445,-87.606183761,POINT (-87.606183761008 41.785387444959),C,7,2020,16:20:00
ea4ee668fc2ec936b3aace3ca75487a32063ca00442138a90252f42bacd55b2f65352b441dab021ef3a54804ed234d03d013f30dd9ea26ff98dbaacdb8bb1d2d,2022-06-28 18:55:00,CLEAR,DAYLIGHT,DRY,ON SCENE,06/28/2022 07:00:00 PM,41.908010537,-87.677544763,POINT (-87.677544763025 41.908010537026),C,6,2022,18:55:00
ecdebf2b45cc2dab63164b8ec03f5de01db6654b4b0c04ae9cadc2cdfe575b9516ae2f7803bafccdc0cbdced8fcfa8cac5a6da04f230c879445366ba6eccf138,2018-05-15 18:30:00,CLEAR,DAYLIGHT,DRY,NOT ON SCENE (DESK REPORT),05/15/2018 06:40:00 PM,41.981469236,-87.692583935,POINT (-87.692583934987 41.981469235994),C,5,2018,18:30:00
ebe36b534151a58973c9840132453d08919dac760106589b480354992dc0f211770dc3a0ba1252183e61c56bbd77c269edb14f86e99d14b949d8ddce8bb7f448,2021-04-12 11:45:00,CLEAR,DAYLIGHT,DRY,NOT ON SCENE (DESK REPORT),04/12/2021 12:30:00 PM,41.805274901,-87.633120945,POINT (-87.633120945011 41.805274900993),C,4,2021,11:45:00
ec153f51b7197ea32a7f6c79eaabecf2f6a7c672c6bc5b7ce006c7b3759b7d2fd7d43538759c4e69be1965ab78be5a8d20367fd315fa38569579a7c017dbd7e1,2019-03-21 13:20:00,CLOUDY/OVERCAST,DAYLIGHT,DRY,ON SCENE,03/21/2019 02:39:00 PM,41.677344191,-87.680554139,POINT (-87.680554138993 41.677344190967),C,3,2019,13:20:00
ebaa7f38864f2950bb475290742ff5a9daec2daa279f1855280dffdba198dd3e661f7ac916434dba01d9c1527cbb93ebab8c419024bd36829eda7bba1f783a07,2022-03-20 03:15:00,CLEAR,"DARKNESS, LIGHTED ROAD",WET,ON SCENE,03/20/2022 03:17:00 AM,41.75616061,-87.634583596,POINT (-87.634583595966 41.756160610031),C,3,2022,03:15:00