CRASH_RECORD_ID,CRASH_DATE,WEATHER_CONDITION,LIGHTING_CONDITION,ROADWAY_SURFACE_COND,REPORT_TYPE,DATE_POLICE_NOTIFIED,LATITUDE,LONGITUDE,LOCATION,CRASH_TYPE,CRASH_MONTH,CRASH_YEAR,CRASH_TIME
eb85129d06c680b4c9d8bbbd882299b676c5d3808699db278ec053fcdbdf2e594c427ae6e54d22478829853ea24b1c83ea44bf07c3a3793985fe595bdd7432b4,2017-09-28 15:30:00,CLEAR,DAYLIGHT,UNKNOWN,NOT ON SCENE (DESK REPORT),09/28/2017 04:24:00 PM,41.870373963,-87.74516,POINT (-87.745159999991 41.870373963023),C,9,2017,15:30:00
ecda6bc2cb076d21ceefe506978bdbf214cd65df8dd34384be87eb68308a4a1752562e79cd8a71f7d63adf54eac35897204f2d95394d0bed07b51255cafd288e,2018-12-23 03:45:00,CLEAR,"DARKNESS, LIGHTED ROAD",DRY,ON SCENE,12/23/2018 03:51:00 AM,41.804357658,-87.582050971,POINT (-87.582050971028 41.804357658011),C,12,2018,03:45:00
ed034a1d25c6e3f00d5664168f04041678a0d76912a6bf793f45fdcf1242f1d5677f29ce03742e8f78ae75549763963e482e362128d0f36ef31b817364e24032,2016-02-02 16:20:00,RAIN,DARKNESS,WET,NOT ON SCENE (DESK REPORT),02/02/2016 05:54:00 PM,41.822862314,-87.686242701,POINT (-87.68624270101 41.822862314026),C,2,2016,16:20:00
eb336c660a5a85b3c78ab3647db1dc062602f038cdc0aecc3b9f3a94cf696bd0af3df3befba9dd1f52afaebd7466fb4b74549cffe7f8ee4d12250d5559ed3607,2021-12-29 13:55:00,CLEAR,DAYLIGHT,WET,ON SCENE,12/29/2021 02:00:00 PM,41.90052616,-87.712682588,POINT (-87.712682587959 41.900526159988),C,12,2021,13:55:00
ea4f97e20e567f9fd09a0c9b3186304d39b1df4efc2706cd37135ae7e3c85237e827c36f84b83b9d8d018190f6c30cc95c9d21c02b0ffb5d4dbf2d387304eea0,2019-01-23 17:20:00,CLEAR,"DARKNESS, LIGHTED ROAD",SNOW OR SLUSH,NOT ON SCENE (DESK REPORT),01/23/2019 06:00:00 PM,41.86682801,-87.625963269,POINT (-87.62596326902 41.866828010004),C,1,2019,17:20:00
eaadd0c55284c1375db96c3bc6db0194284583db3d5196acf4766823d72b6282f214f3e252ad22a2cdf5f3d5e5e15265e357e35da9653640fccdacd133149ce1,2017-11-22 12:30:00,CLEAR,DAYLIGHT,DRY,NOT ON SCENE (DESK REPORT),11/22/2017 01:00:00 PM,41.881779411,-87.654380269,POINT (-87.654380269009 41.88177941105),C,11,2017,12:30:00
eac6d24c1e99753c2f445f9463ee2be62989019f502bed45165969b7e617b14e442a395ba142d9bbf78fad8c8463ee377248a2a18d8bdebd28e94418ad89e703,2018-10-17 11:41:00,CLEAR,DAYLIGHT,DRY,NOT ON SCENE (DESK REPORT),10/17/2018 08:10:00 PM,41.990508926,-87.706622194,POINT (-87.70662219398 41.990508925961),C,10,2018,11:41:00
ec7d0e180153768dce8438a508b571333d3659427ff395b291cba648cf4cf8fb05c28cf456f6919b6bd57eea45878171d01546b176bd6c3ac6eda73b3ec85b7c,2020-12-15 20:30:00,UNKNOWN,DARKNESS,UNKNOWN,NOT ON SCENE (DESK REPORT),12/16/2020 12:45:00 PM,41.785387445,-87.606183761,POINT (-87.606183761008 41.785387444959),C,12,2020,20:30:00
ecd3170a611131a26316bf6552326ffe91132dba9e32bd682374832d971a77b1252190e18d0db6226c79d2725195320ec9ca1802ee224c7dbc2de5d9766da206,2018-04-01 02:37:00,CLEAR,"DARKNESS, LIGHTED ROAD",DRY,ON SCENE,04/01/2018 02:37:00 AM,41.993679269,-87.801032358,POINT (-87.801032357973 41.993679269015),C,4,2018,02:37:00
ea48c2a1558ad041bb1863bb47627beb1e45f7fd57a2b41ea7f578eaed5ab14923e003a9111a0d8434fcc2631febe1a13cd01cc688caf2cd1947d0e75c5a3d35,2017-11-02 18:15:00,RAIN,"DARKNESS, LIGHTED ROAD",WET,NOT ON SCENE (DESK REPORT),11/02/2017 07:00:00 PM,41.998083252,-87.808397703,POINT (-87.808397702977 41.998083251992),C,11,2017,18:15:00
ebe9b6c7d0acc398ade31b2e45f25cebee4be9ff08bb89c5c3686f9e8a73f4be532e34023617744cede62419fb2fdeed374c35ec253c109ae1f44defe002fa19,2021-03-17 11:15:00,CLEAR,DAYLIGHT,DRY,ON SCENE,03/17/2021 11:25:00 AM,41.79482205,-87.606368112,POINT (-87.606368111975 41.794822050019),C,3,2021,11:15:00
ed004b13482f5d18587245b5239ef32ef98f8e9003c8f71300c132bf09f331d60a2bb13b66d6224da6d26cffa574d26eaa3d01cfdc72b298159818557ec2d9da,2015-12-13 15:30:00,RAIN,DAYLIGHT,WET,NOT ON SCENE (DESK REPORT),12/13/2015 03:45:00 PM,41.924997008,-87.68905401,POINT (-87.689054009972 41.924997008049),C,12,2015,15:30:00
ed78e3af61fed8601950e11e5cc77ab8d9a6e9f3b7f1a69446ab0e5d0b872c75905119a21ce86ac6171adbdb4d09034e70b6f1d7baa85340e338b1dd936e7a0b,2022-09-18 02:28:00,CLEAR,DARKNESS,DRY,ON SCENE,09/18/2022 02:28:00 AM,41.89371681,-87.641610696,POINT (-87.641610695986 41.893716809995),C,9,2022,02:28:00
ee0ee14ccf6197afe4bf000d410360806e5b3d8e5a9511cb750469f1552c5d9d8c99d6be235fd130a04f0036eecdc90ed1cac8ad1a8ded23c0383bedaa3956b4,2018-01-30 10:27:00,CLEAR,DAYLIGHT,DRY,NOT ON SCENE (DESK REPORT),01/30/2018 11:23:00 AM,41.691376862,-87.720174306,POINT (-87.720174306034 41.691376861978),C,1,2018,10:27:00
eff0867091bd6ba99feaf984aaf441517c39ac6c2f27c549cb23c9731e9fe06ca6a131c14cb1b0334b923850367c44a05fc20c660fe88401181f0cf0ef6642da,2019-08-26 13:14:00,RAIN,DAYLIGHT,WET,ON SCENE,08/26/2019 01:20:00 PM,41.765563782,-87.624825828,POINT (-87.624825828045 41.765563782008),C,8,2019,13:14:00
ee2aa7ffa5264ef67352c7231ed83cb3015f05772dd7a4cfaf310befa736b1e4d2a63cdce8304307012d23633f587ffb20ef18ce1810bd93244e1f729fc652bc,2017-06-02 13:00:00,CLEAR,DAYLIGHT,DRY,NOT ON SCENE (DESK REPORT),06/02/2017 02:52:00 PM,41.793378954,-87.584053824,POINT (-87.584053824031 41.793378954013),C,6,2017,13:00:00
efb0d1178db27e319576c83b4e4ff38bac40b508766634f71dd2cf33e7c813c7696de627037b579a9ccf069a37cdc013d24feea266c9de7911be20ea575fdd97,2019-01-05 14:00:00,CLEAR,DAYLIGHT,DRY,NOT ON SCENE (DESK REPORT),01/05/2019 02:15:00 PM,41.983014558,-87.78220528,POINT (-87.782205279991 41.983014558005),C,1,2019,14:00:00
ed2210aea0b593b7a673a2f88e329490eafa016938b7e2708b0529c59e3a979832558acf3e5ed14a3503ac4a85f858bf3d01eadad8a8af65a977124b0aa65343,2018-05-25 03:12:00,CLEAR,"DARKNESS, LIGHTED ROAD",DRY,ON SCENE,05/25/2018 03:12:00 AM,41.943619176,-87.658076444,POINT (-87.658076444036 41.943619176046),C,5,2018,03:12:00
ee94c37b49c52fb2661430ea390ca26eb974fc55cbe5ef2835a0f21bc094c627f72be7e641ee68575b3700662621dc63273e5880bc6fc2c0e5f32871808ea912,2019-07-09 17:38:00,CLEAR,DAYLIGHT,DRY,ON SCENE,07/09/2019 05:58:00 PM,41.744151639,-87.585945067,POINT (-87.585945066953 41.744151639042),C,7,2019,17:38:00
ed95a1ec2c4c80f62eb0f3a4d6474fbb8eda4c19d9420066d4e3a9dcd928224aaf54a87537d0655e731aff0de5201f32d9bb7a8f96c660a22858560889e89362,2020-07-24 08:41:00,CLEAR,DAYLIGHT,DRY,ON SCENE,07/24/2020 08:50:00 AM,41.764544707,-87.68705707,POINT (-87.687057069958 41.764544707037),C,7,2020,08:41:00
ee9a807dd3a03e46c540feba4004faafb547ba7b8d414af11e2e832f3b78a7306780412e2d6fd92b5fc04dc059c5e3f2dad78daf475ea25e2e704ea79320957c,2022-09-14 10:00:00,CLEAR,DAYLIGHT,DRY,NOT ON SCENE (DESK REPORT),09/14/2022 10:11:00 AM,41.875560779,-87.710884921,POINT (-87.710884921013 41.875560779017),C,9,2022,10:00:00
ee63b904bb92b20758a80969443aa64aaaec580bb1d6e23f589ef8a5146093bd2b6b71f0328b4baf7268a076f7b235520f50f582196fbb3f1b1f483d12ce0ed3,2022-07-07 18:55:00,CLEAR,DAWN,DRY,ON SCENE,07/07/2022 07:40:00 PM,41.938266954,-87.795761499,POINT (-87.795761499004 41.938266954026),C,7,2022,18:55:00
ed72915af2570c2c40c0a6427c0809683ea93cffd83ebf55e7e801fa9ce70b05864fc26b29ed1fb511eb09eed94b8274d4f8bc6d5f9b22447ca589dd2c5d1155,2022-01-30 21:27:00,CLEAR,DUSK,DRY,ON SCENE,01/30/2022 09:54:00 PM,41.746062636,-87.702143236,POINT (-87.702143235997 41.746062636044),C,1,2022,21:27:00
eec2687ecba17c9c6f97260ac38c7aa17b6c413a6e4548969e930658657814d1bcee26f0b5fb575d6db5676deeedf288885dd0f19855e2040d800cdd5a5ff882,2021-10-08 16:47:00,RAIN,DAYLIGHT,WET,ON SCENE,10/08/2021 04:52:00 PM,41.890355784,-87.614377352,POINT (-87.614377352049 41.890355783989),C,10,2021,16:47:00
eea70b6d3078270610fa93ff3f27dd6f7e99c0fde813ba191ecfe31ac95432de3579a73f4728b7d2fc7dad2f2c8285b75e15827457eb2d5e03952d358fe35f8a,2020-10-16 16:06:00,CLEAR,DAYLIGHT,DRY,NOT ON SCENE (DESK REPORT),10/16/2020 04:58:00 PM,41.924462295,-87.737848102,POINT (-87.737848101986 41.92446229504),C,10,2020,16:06:00
ee16a4c2f947919dcd264d5303bb016ddc9349f2ab4efd367b70c350da7ff7a11264f680384c80a52bcdf75d50ecb34d8f1d9fa08ab10843fe4854bf6f8353b6,2022-05-21 17:15:00,CLEAR,DAYLIGHT,DRY,NOT ON SCENE (DESK REPORT),05/22/2022 10:03:00 AM,41.741803599,-87.740953582,POINT (-87.740953581987 41.741803598989),C,5,2022,17:15:00
ee7f2f09aeda2a3bf6f38d250c351b67d63ad5ddbe4af8dfc056ebe7b3505f20f9d79d2b937f9d1da942f58c410d5f09b688d15b1fae65de59e127a6c230ae72,2018-02-03 12:33:00,CLEAR,DAYLIGHT,DRY,NOT ON SCENE (DESK REPORT),02/03/2018 01:33:00 PM,41.882211292,-87.710898608,POINT (-87.710898608036 41.882211292041),C,2,2018,12:33:00
ee73034ce031497b8569d04a5ecc53375c36b9df71eea0efdbf43bf85480b30c99673251f4b7163d1d13b39f4e67c79386e34f4baa892239bc428d5b33101b52,2021-03-03 11:00:00,CLEAR,DAYLIGHT,DRY,NOT ON SCENE (DESK REPORT),03/12/2021 04:00:00 PM,41.921729807,-87.663234201,POINT (-87.663234201004 41.921729806985),C,3,2021,11:00:00
edef9c002d2db7f0709febde1f677dbb660d0d0d8091e235bbfed74df6d7fdb83b4ee51878a888bf2ca99465bc384e06324ecc84fb86b61bb154f5a766fe3506,2020-12-24 19:20:00,CLEAR,DAWN,DRY,NOT ON SCENE (DESK REPORT),12/24/2020 07:35:00 PM,41.894790473,-87.759400091,POINT (-87.759400090958 41.894790472985),C,12,2020,19:20:00
ee9c75135f8ea13b7e9138155fa8b4e5a5e10779294ef5e5f87194f5e27fa77db287fa391d03a6d6cf43aca3a0f9b2c3d34ad2d14e58469321d3f24c61c886b0,2021-05-22 18:15:00,CLEAR,DAYLIGHT,DRY,NOT ON SCENE (DESK REPORT),05/22/2021 06:30:00 PM,41.758871013,-87.586287439,POINT (-87.586287439013 41.758871012976),C,5,2021,18:15:00
edc334ea113773660983e4f9983bf7387f4a3e9efdf155c74cbc4d96088b821354a72d4d47125bc8865acf622b825b682afe3e530c8326c3d553929271b5c140,2018-01-30 15:00:00,CLEAR,DAYLIGHT,UNKNOWN,NOT ON SCENE (DESK REPORT),01/30/2018 04:28:00 PM,41.920676631,-87.775630269,POINT (-87.775630269041 41.920676630982),C,1,2018,15:00:00
efd9ac600d51e68db06b8654b5875558c053bb095f56b1cbac285822ffd1673083f0c757fe61ad94c0267a5f247cd8e721f66811341a58594bd4e2b4ac97fee5,2021-11-11 07:56:00,RAIN,DAYLIGHT,WET,ON SCENE,11/11/2021 08:00:00 AM,41.74350578,-87.62819656,POINT (-87.628196560035 41.743505780006),C,11,2021,07:56:00
eebdfa4f2ffd31e728a27e8ef3e4ab6454414f6e0438d5d4822b6880bf252148f266e5fc8df07d4f2301395bda01af165d96c2c40752339b113aa792648154c8,2019-02-25 11:41:00,CLEAR,DAYLIGHT,DRY,ON SCENE,02/25/2019 11:41:00 AM,41.895953607,-87.667900066,POINT (-87.667900065976 41.895953607031),C,2,2019,11:41:00
ef2fa05eb574bacbbb5a4c1d1cbdeeab58c5234164ea82eaacc94bdd16445effd70567f371cb45b960cc7ec8a9ffa4789c4ac41dddbc65a3990620a2a80c97b0,2017-09-14 15:40:00,CLEAR,DAYLIGHT,DRY,NOT ON SCENE (DESK REPORT),09/14/2017 05:40:00 PM,41.909883748,-87.716751343,POINT (-87.716751343041 41.909883748015),C,9,2017,15:40:00
ee1057c7e2b82b58c3e37746f32ced2fb1a260cb9e3c215ee6e4c45226e2e79d4cbb3087b12b4fb42ab9bae3d0fc842630e8e827a0966dc0fbade06af84e5b8d,2018-03-18 12:30:00,CLEAR,DAYLIGHT,DRY,NOT ON SCENE (DESK REPORT),03/21/2018 03:30:00 PM,41.983790707,-87.656760371,POINT (-87.656760371006 41.983790707046),C,3,2018,12:30:00
ee9283eff3a55ac50ee58f3d9528ce1d689b1c4180b4c4996e1f2b532fec814b414c29ed7df6270d81a4df2d8163542a16830ec5c935e53bf2e4aa5d67161725,2020-07-10 10:25:00,CLEAR,DAYLIGHT,DRY,ON SCENE,07/10/2020 10:25:00 AM,41.773455972,-87.585022352,POINT (-87.585022352022 41.773455972008),C,7,2020,10:25:00
ef478313ac6a6298426abe348a13fd730572d349416a8821221921a41b38bda8284525a82f674498b0fac077c240f14ca1efc40bcd2b74542273b3ffd5694bea,2023-01-30 17:30:00,CLEAR,"DARKNESS, LIGHTED ROAD",UNKNOWN,ON SCENE,01/30/2023 05:54:00 PM,41.880556614,-87.637168587,POINT (-87.637168587045 41.880556614042),C,1,2023,17:30:00
ee67c4dec2600df98715ec8cedc68adac7558a75de9645b5e52a375327af0e8c2a6ebf98bf320593e4491db052d5663a9ca7bdc6fb459d27984c7aaa50554654,2020-06-04 23:30:00,CLEAR,"DARKNESS, LIGHTED ROAD",DRY,ON SCENE,06/04/2020 11:35:00 PM,41.698550479,-87.715869272,POINT (-87.715869272011 41.698550478966),C,6,2020,23:30:00
ee4278ed0bad4bfa8bc132ac6bcd0b515bb8e65fbf72927e034748b823d895b2c4838d4ae09c5caec7da1548d7f0a32d882f8a448e6b498245c8fedca1776da9,2022-01-17 13:15:00,CLEAR,DAYLIGHT,DRY,ON SCENE,01/17/2022 01:21:00 PM,41.975863285,-87.707836481,POINT (-87.707836481034 41.975863284969),C,1,2022,13:15:00
ed7edb4cc98c6dc90f78e58e8494b534c25274c7e3422420adccffa8f99a878ada402a9ab2f2a98a408b890339cd7b147546e08119a8f7e20b1b435eea89158e,2018-02-08 14:17:00,CLEAR,DAYLIGHT,DRY,NOT ON SCENE (DESK REPORT),02/08/2018 02:17:00 PM,41.928347381,-87.707749216,POINT (-87.70774921597 41.928347381018),C,2,2018,14:17:00
edf072e452500c70eb8651c3ce713e2ceb5460f8543ffc0abcd051a1cd82c66fc0986e1b4638a1c44f77ae59ee4587aecd66bb22b43d26356d02fb6b5bc98147,2017-09-12 08:30:00,CLEAR,DAYLIGHT,DRY,NOT ON SCENE (DESK REPORT),09/12/2017 09:00:00 AM,41.852129385,-87.636067486,POINT (-87.636067486044 41.852129384997),C,9,2017,08:30:00
ee53c467e5ab7fc79420aa226de8e2c86f504a80ac51b67b944f6fc77c4013f801109e80d823f71d0dde1241678d46f73be5124180015677ca7badac51da7bf8,2022-08-18 13:45:00,CLEAR,DAYLIGHT,DRY,ON SCENE,08/18/2022 01:46:00 PM,41.895499511,-87.723699547,POINT (-87.723699546998 41.895499510995),C,8,2022,13:45:00
ef8740a8a8703e778d4c801e2f84f002058ecd2f326d46c1d2819c1e4ec69b721117ef2dda689b53ff145b55a82cfb7806900f4d9d4f1b83ff06d2fb3095077b,2018-07-05 02:36:00,CLEAR,"DARKNESS, LIGHTED ROAD",DRY,ON SCENE,07/05/2018 02:36:00 AM,41.744151639,-87.585945067,POINT (-87.585945066953 41.744151639042),C,7,2018,02:36:00
edadba1838fd59f341406492f87fe828c45d62b3ba04bf4e9c49a542c9e4142b9899b6ea304f636b28df8ccdd436cc21159d434c5f859ca736b8b0e9ce8d1a53,2021-11-19 17:58:00,CLEAR,"DARKNESS, LIGHTED ROAD",DRY,NOT ON SCENE (DESK REPORT),11/20/2021 03:54:00 PM,41.860260262,-87.623841742,POINT (-87.623841742029 41.860260261961),C,11,2021,17:58:00
ed95b8d8f0c4d8c78828d264894190b05932531bb38b75b475a5db8de14dba1c590ccc2337931a9519349bdc0e27cb2f206f86c6c8aa7e33377d0ab95542e1bd,2019-10-24 06:33:00,CLEAR,DARKNESS,DRY,NOT ON SCENE (DESK REPORT),10/24/2019 06:58:00 AM,41.969433711,-87.761920631,POINT (-87.761920630954 41.969433710973),C,10,2019,06:33:00
ee85fdf3f0c819513de2b0e1e4c9908b048d9ebfe2be6d1caf9a944c939fecb9e867d629f66a12ec2df8b1fe75b6cfbffd5bad5c8d73b708e68f5d5ecd9bd5e2,2022-12-05 21:12:00,RAIN,"DARKNESS, LIGHTED ROAD",WET,ON SCENE,12/05/2022 09:44:00 PM,41.705916515,-87.594129048,POINT (-87.59412904802 41.705916515013),C,12,2022,21:12:00
eed5621015851167099787b2df2ed0aabb06f0df2a22d3a5e78e16af95349b36a2128a518dfb711093edbc660b5af5253720060c61cb3cb935365483425d50ed,2018-10-12 18:05:00,CLEAR,"DARKNESS, LIGHTED ROAD",DRY,NOT ON SCENE (DESK REPORT),10/12/2018 06:40:00 PM,41.852580594,-87.695321828,POINT (-87.695321828025 41.852580594034),C,10,2018,18:05:00
ee0991feba4d8f901ed0a1342b446964d548f7c7fba74a96ac841378e8b45a5f4106a2727df6f1ca214d9d5035b216144a27da8223fbc9dafe1ec9145be1eb0d,2020-06-10 16:45:00,CLEAR,DAYLIGHT,DRY,ON SCENE,06/10/2020 04:50:00 PM,41.720930072,-87.675096598,POINT (-87.675096597998 41.720930072023),C,6,2020,16:45:00
efe505b459b49cadf8b15160379b502a2a38c5faf19e78bf9082cc9a6c09e2341da8696060aeaa5e96a0fd3ce8e038293f8da803f48358b2e02327546f443f37,2022-03-24 17:45:00,RAIN,DUSK,WET,NOT ON SCENE (DESK REPORT),03/24/2022 06:40:00 PM,41.880328276,-87.664041278,POINT (-87.664041277959 41.880328275986),C,3,2022,17:45:00
efcf8417724f4ecf3312b490fe51486bd5fb9cf14b9eed7d21a9f00f4f5b54420672b901ba5798acb98de1167323e147c957704f24a04c6630db9a8ce8bf7623,2023-06-02 21:00:00,CLEAR,"DARKNESS, LIGHTED ROAD",DRY,ON SCENE,06/02/2023 10:41:00 PM,41.810024343,-87.673661601,POINT (-87.67366160098 41.81002434301),C,6,2023,21:00:00
eefd65c5296018041ddde190d31bc6772afbffab286b3c4e9f2b57b5236167bdf8a29f24f1cc8ac5a4c97afb9a75731f3e7449d6be746cf3b1c91a98193917c4,2019-08-12 19:12:00,UNKNOWN,UNKNOWN,UNKNOWN,NOT ON SCENE (DESK REPORT),08/12/2019 07:50:00 PM,41.932748996,-87.653801489,POINT (-87.653801488996 41.932748996009),C,8,2019,19:12:00
ede9d96a7958fe859f84b5e8c4bd9954db254a89e5e0ea9070fd15f3b1110b427bb256481fe52bb047758289f2831d38e34c9c69fdd97a98c445360bda90c9b5,2019-06-09 18:24:00,CLOUDY/OVERCAST,DAYLIGHT,UNKNOWN,NOT ON SCENE (DESK REPORT),06/12/2019 04:05:00 PM,41.839695266,-87.662270249,POINT (-87.662270249 41.839695266017),C,6,2019,18:24:00
ed69eee6ab0efbb05e757bf78def36d54427324c7ba48c11e9decb6e38e5cb5c95411f9a4b77098d48e76d2bb7f6ffac87818673fbbd446b70bf6476b91c3675,2017-02-10 09:45:00,CLEAR,DAYLIGHT,DRY,NOT ON SCENE (DESK REPORT),02/10/2017 01:02:00 PM,41.929504453,-87.754546773,POINT (-87.754546773023 41.929504452994),C,2,2017,09:45:00
ee2cc1e692d8a3efc58a893a7db54a8815b79817eb57b85076b275ff8d6f4c06e3a42d96c34445ffb8e378e3930eb4a9119c69273344a0047978efa82ae46c69,2019-04-12 17:35:00,CLEAR,DAYLIGHT,DRY,NOT ON SCENE (DESK REPORT),04/12/2019 05:45:00 PM,41.830728826,-87.655813252,POINT (-87.655813252029 41.830728825995),C,4,2019,17:35:00
eee483ca59ffa7f8994aea8add469cf4acd2990f2c65132f48995cf6afe32f3dbebb574a14e6a28594e8f86e7bde350e9397d184a39883278586207f4b8abac9,2022-05-23 17:50:00,CLEAR,DAYLIGHT,DRY,NOT ON SCENE (DESK REPORT),05/23/2022 10:00:00 PM,42.01006712,-87.703777382,POINT (-87.703777381993 42.010067119971),C,5,2022,17:50:00
ed644e7550962fd4a0e59a180dd446ac9b6e01869476c7e7acc532f9a45ed5d17652e62c050b3660dd33fe1ac2a6f39f12dd984ced1a1b3682ec1956ff93b6de,2019-06-12 15:20:00,CLEAR,DAYLIGHT,DRY,NOT ON SCENE (DESK REPORT),06/13/2019 01:44:00 PM,41.932407078,-87.677153225,POINT (-87.677153224975 41.932407077992),C,6,2019,15:20:00
ee542e1a2156ad678cb91dc53ae60bfd32d4221f10fd46bf91f8121de70f216951efe82a7afc89f3071bc0c6fe3b8c0a312caa6c49cf99d0f9587b7ff3c1135e,2019-02-11 07:45:00,CLOUDY/OVERCAST,DAYLIGHT,DRY,NOT ON SCENE (DESK REPORT),02/11/2019 10:17:00 AM,41.677344191,-87.680554139,POINT (-87.680554138993 41.677344190967),C,2,2019,07:45:00
edf90536915636ba2d653570b82dcd1a082ffd63dfcd8ad474dc16d99cd12cabc3d3504e711cc286e33855fafea59e22c91042e5147acb5654cc1509e2b2dd94,2019-05-11 18:56:00,RAIN,DUSK,WET,ON SCENE,05/11/2019 06:56:00 PM,41.939307519,-87.718735402,POINT (-87.718735402025 41.939307518988),C,5,2019,18:56:00
ef081f90c28fbd24bcafc245882d9bf39c7f8114925070c996301238d3ab64e16e1f6beb7020b671b2b328f9f21bee8fcae224470e9a9d2ab0d2e617ef5d26a6,2022-03-02 18:34:00,CLEAR,"DARKNESS, LIGHTED ROAD",DRY,ON SCENE,03/02/2022 06:34:00 PM,41.710859781,-87.628468438,POINT (-87.628468437997 41.710859780955),C,3,2022,18:34:00
efb3cf51b6524207a2ee5433600b6db34cda6895eca39dce11db9f4d76e0a03fa344b89244b466e2bf1d86f890f84a7d3aab528deaf198ad8c1a83811ac7cd48,2018-06-28 16:20:00,CLEAR,DAYLIGHT,DRY,ON SCENE,06/28/2018 05:45:00 PM,41.852551027,-87.658563198,POINT (-87.658563198023 41.852551026957),C,6,2018,16:20:00
eeffcd972ecf57e527c265017354a464480bdef88559982404bb69f99bab8040f0d409430d38c517e23e7342146298a7d3394575d81544b4fd0c5aa81482c115,2015-10-16 17:55:00,CLEAR,DAYLIGHT,DRY,NOT ON SCENE (DESK REPORT),10/16/2015 06:05:00 PM,41.866080805,-87.723884001,POINT (-87.723884001002 41.866080804984),C,10,2015,17:55:00
ee324b53ab55f21942230c371410a795c9946fa86152143f019c619e920f03d405d743143ae56e61980f1ce1e9fdaad789db80254e135056651c08b8c54bd43e,2019-08-28 07:55:00,CLEAR,DAYLIGHT,DRY,ON SCENE,08/28/2019 07:55:00 AM,41.712167218,-87.64311322,POINT (-87.643113220006 41.712167218046),C,8,2019,07:55:00
eeca97c8f942d0f265fbc51efdd8b30cbf36dbfb9ce90b5b26395f7b5039942215fc2bcf5119de49833be9a6e590283809668c0676006fa66dac686a918b7840,2017-02-23 08:35:00,CLEAR,DAYLIGHT,DRY,NOT ON SCENE (DESK REPORT),02/23/2017 10:00:00 AM,41.894228849,-87.625384759,POINT (-87.625384758996 41.894228848999),C,2,2017,08:35:00
ed99940ebeaa3760e8ad778f4337f48ef1c02356eb2f2547705ee304b11a563c501bf31c36b01c5c815082bb34213b9f5e11a928c08ceb20681b62dc17e302df,2020-02-03 16:30:00,CLEAR,DAYLIGHT,DRY,NOT ON SCENE (DESK REPORT),02/03/2020 05:00:00 PM,41.887084488,-87.765251013,POINT (-87.765251013039 41.887084488033),C,2,2020,16:30:00
efc7743e1b3db831b868696bad472454e17a8903d05cdf61477310f8962b9be222e2b5e352a1c466b7bc20bb936442f0ab1932879c6e7f5d0efbe74ee81e7f6c,2018-11-29 18:27:00,CLEAR,"DARKNESS, LIGHTED ROAD",DRY,NOT ON SCENE (DESK REPORT),11/29/2018 07:12:00 PM,41.953203301,-87.756048735,POINT (-87.756048735038 41.953203300975),C,11,2018,18:27:00
ed147063fabc76f41b406f667bc93adc68b199c7090b154da8ae6851d391418e74e0f1ba8d6a5bafdb9bb12087e31b64737f17035cb5af5e0544e518fc66c030,2022-08-20 20:00:00,CLEAR,"DARKNESS, LIGHTED ROAD",DRY,NOT ON SCENE (DESK REPORT),08/25/2022 03:00:00 AM,41.955549054,-87.683801946,POINT (-87.683801945993 41.955549054004),C,8,2022,20:00:00
ed973334ddf521fb4f546bac454b5f5dd3576091154e74fbefef41060582e434bad285d14ff33a242139f67e9d4cab1e2eb211cda88542d4cddc7e6c47ee11fb,2018-12-15 23:40:00,CLEAR,DARKNESS,DRY,NOT ON SCENE (DESK REPORT),12/16/2018 12:05:00 AM,41.721473548,-87.584865078,POINT (-87.584865078012 41.721473547973),C,12,2018,23:40:00
ee8b32a728aef81dc6d02125cc3a47b9f25e09927b98cab624a059b857dc4747057b7197d9c23aad66be4f888fd79450a67585fb4fec2f0607e13199de932570,2017-12-16 09:00:00,CLEAR,DAYLIGHT,DRY,NOT ON SCENE (DESK REPORT),12/16/2017 09:43:00 AM,41.886788617,-87.65232125,POINT (-87.652321249973 41.886788617008),C,12,2017,09:00:00
edba858698b517c28565ded6f5786d99b08c9735c0a526fa0a7a85dbd0ee51726cc8e5042b42ff4f9f921c429ce50c6291ff6441f138fe569bb3073272821995,2019-05-29 17:00:00,CLEAR,DAYLIGHT,DRY,NOT ON SCENE (DESK REPORT),05/29/2019 07:15:00 PM,41.917103631,-87.687248767,POINT (-87.687248767006 41.917103631009),C,5,2019,17:00:00
edd382c02956c993f3c15ae9ab9ebbf93538b985d242b3608a277c57c95ea3bfadafbb2233212a979241a29f874c134be181446f4bb58bdec4850be68a0f7ac6,2017-02-26 17:30:00,CLEAR,DAYLIGHT,DRY,NOT ON SCENE (DESK REPORT),02/26/2017 06:08:00 PM,41.886070174,-87.620536589,POINT (-87.620536589034 41.88607017398),C,2,2017,17:30:00
eeb0861f00a4d2e03c637869d157314c9377c19f6631ec854ebe74cbc30a4c3be13fae0e343d9f2cdcf3a3d7b7a5813df62b3b8bc0c630db71134e9f16157094,2022-03-29 16:30:00,CLEAR,DAYLIGHT,DRY,ON SCENE,03/30/2022 12:30:00 PM,41.781626709,-87.762015567,POINT (-87.762015567 41.781626708966),C,3,2022,16:30:00