CRASH_RECORD_ID,CRASH_DATE,WEATHER_CONDITION,LIGHTING_CONDITION,ROADWAY_SURFACE_COND,REPORT_TYPE,DATE_POLICE_NOTIFIED,LATITUDE,LONGITUDE,LOCATION,CRASH_TYPE,CRASH_MONTH,CRASH_YEAR,CRASH_TIME
ed65b10c3ce4a7266077e35a0b0b01f8e2204eae0c8445c02fc4eb265e6be02a3ddb58fea936744adaf9454ca94693dc086025056d4e2311bef98eb168aa9f88,2018-05-05 11:25:00,CLEAR,DAYLIGHT,DRY,NOT ON SCENE (DESK REPORT),05/05/2018 11:40:00 AM,42.004263099,-87.672889321,POINT (-87.672889320986 42.00426309897),C,5,2018,11:25:00
ed52c39135d8dee0d6d3fb4d0a716e1128a442a5633595166acab76fdf1ff39085918e678564be2985fcca52f256cccf9e23d30bc739717d9680b03f2442e131,2018-11-15 13:10:00,CLOUDY/OVERCAST,DAYLIGHT,WET,ON SCENE,11/15/2018 01:12:00 PM,41.682973474,-87.642228468,POINT (-87.642228467961 41.682973473961),C,11,2018,13:10:00
eddb17b88a9d145a479e1cafcc35fafecfbaed3c0e1a3e82ccd08c2fb8c8485cc404d9b7f1cb6e1730c7b6119e335e6743265c7cdecba35c271424942b82176f,2020-11-01 21:00:00,CLEAR,"DARKNESS, LIGHTED ROAD",DRY,ON SCENE,11/02/2020 09:30:00 AM,41.841267939,-87.703862128,POINT (-87.703862127963 41.841267938988),C,11,2020,21:00:00
edd1187d7abc30a47f60db2df6310f5b2999b220b297478b8e6d7a6f1743bf305e3139458120de50c5d8a8326a087a3aa60076759ffa9b61aef4998ba71ee793,2016-12-16 15:30:00,CLEAR,DAYLIGHT,DRY,NOT ON SCENE (DESK REPORT),12/16/2016 04:00:00 PM,41.93581702,-87.668374185,POINT (-87.668374184998 41.935817019969),C,12,2016,15:30:00
ed5131c868252ac09d6a05fbc174ad38b1ac0deb138abc1205924617252ae71fce855a7ef8f6cce61276772978561ef2aa46b12bf2ad9e0ac442eaa3bbe35610,2019-10-17 16:10:00,CLEAR,DAYLIGHT,DRY,NOT ON SCENE (DESK REPORT),10/17/2019 05:14:00 PM,41.876641414,-87.641097814,POINT (-87.641097814 41.876641414023),C,10,2019,16:10:00
eded1d9af1e7857d4c30482db62e0e6e7ed228c2534ff68ed30956ec16a0836cdaecfda133c97a4f069986a732e87d50242dda1bcae2ba3c2a1ba5069fcf288b,2021-10-24 05:00:00,CLEAR,DARKNESS,DRY,NOT ON SCENE (DESK REPORT),10/24/2021 07:45:00 AM,41.724793157,-87.632980142,POINT (-87.63298014202 41.724793157022),C,10,2021,05:00:00
edcc52f8d741b95943e3083615fffeac73f55448c22f03da872ea02ba7f21279cc2f8d003ce2ea0bca0ba6978fe502945d5fbf92dd8464135378a5632a8db84a,2022-10-14 20:00:00,CLEAR,DARKNESS,DRY,NOT ON SCENE (DESK REPORT),10/15/2022 03:30:00 PM,41.785387445,-87.606183761,POINT (-87.606183761008 41.785387444959),C,10,2022,20:00:00
ed9a4f3bbce364555f68e78c1c5271ec127b825648352bc52a8454bba08fb78232da4c0b0b9b8cdeea52e617c94b82915dd5306f06c8050bf6afe540a4113bca,2019-12-31 16:10:00,CLEAR,DUSK,SNOW OR SLUSH,NOT ON SCENE (DESK REPORT),12/31/2019 05:40:00 PM,41.931607956,-87.725601366,POINT (-87.725601366003 41.93160795604),C,12,2019,16:10:00
f1b78f848eb9427b1613ebbb6c4df715115d753844a7a898d0bd85f3fe10ec33b06c851dd2932c6ab3520ac741e3d79e6b9ce82fbbd3b2d0ea693d81e32c3126,2019-07-01 14:15:00,CLEAR,DAYLIGHT,DRY,NOT ON SCENE (DESK REPORT),07/01/2019 03:33:00 PM,41.898079551,-87.757984797,POINT (-87.75798479697 41.898079550995),C,7,2019,14:15:00
f2bd07fea685787da1e67f0e7ad39ad68bae5bd85ce512bb3ae9d1743868860e4d19b7057ce39e6ed6b06131a51e7e3f0e278a5803c1cdbf9f82ada2c1f1469d,2021-07-18 22:09:00,CLEAR,"DARKNESS, LIGHTED ROAD",DRY,ON SCENE,07/18/2021 10:24:00 PM,41.799640083,-87.590211317,POINT (-87.590211317043 41.799640082973),C,7,2021,22:09:00
f1ee37f67799648f975800b2f6c1a5be53ad72527131310a730600becee9e0bcdd4b69cebeb4acb171a6d17e4fa51f95736da79de9663f0753c5a8d0b3c0261c,2018-05-24 20:10:00,CLEAR,"DARKNESS, LIGHTED ROAD",DRY,ON SCENE,05/24/2018 08:35:00 PM,41.887428891,-87.660961599,POINT (-87.660961598977 41.887428890955),C,5,2018,20:10:00
f28e91344f3c2131ba437d1fc3a94ffe72a583e2f6cf9c431e3622d178bae0014b8aea939178c5cdffedc61bb634e603f9bf71dcb4970cc3edcf01f70f5b6096,2020-10-04 01:03:00,RAIN,"DARKNESS, LIGHTED ROAD",WET,ON SCENE,10/04/2020 01:05:00 AM,41.876794021,-87.740477845,POINT (-87.740477844961 41.876794020993),C,10,2020,01:03:00
f237336a07313d33192abf828d585c0fd59ffad4f0e8af52fd2e284a700e5825be264ac355a758391ace525681b063ed82a6fb10b878152f966c144a4ed395ad,2021-03-16 11:40:00,CLOUDY/OVERCAST,DAYLIGHT,DRY,ON SCENE,03/16/2021 11:46:00 AM,42.004758233,-87.699974776,POINT (-87.699974775951 42.004758233036),C,3,2021,11:40:00
f1fd6866419a4041e80a25f51c770b375f0ec479646a2dacc21a824da4cdf61c713b94195db33153ef0fcc7bab5f1d189d5eafcaee8680a3ee6fc82fffa82099,2018-01-13 12:45:00,CLEAR,DAYLIGHT,DRY,ON SCENE,01/13/2018 12:55:00 PM,41.744151639,-87.585945067,POINT (-87.585945066953 41.744151639042),C,1,2018,12:45:00
f2616b8eec043c37e5f551236980ebcefb3a9d737c3344043b32fcfddc85becbb6ab86c28e0d002d81b7428c8fdf2e98c7ea7157006d168051f8b30c4e50a056,2020-04-15 10:00:00,CLOUDY/OVERCAST,DAYLIGHT,WET,NOT ON SCENE (DESK REPORT),04/15/2020 10:07:00 AM,41.93479548,-87.668628936,POINT (-87.668628935963 41.93479547998),C,4,2020,10:00:00
f29095f2f2f640a1cde3ff34e52b73430624ff42dbdeb8bbc74935544fb0a0346259dbc986f8f00a38f20897cd4de602a99015d62aa3a4e8252f2dd9e760e442,2016-03-07 07:30:00,CLEAR,DAYLIGHT,DRY,NOT ON SCENE (DESK REPORT),03/07/2016 08:30:00 AM,41.742401812,-87.701268398,POINT (-87.701268397988 41.742401811976),C,3,2016,07:30:00
f1dc2b99bf40ecb5777546dbf993eb91c29aea4280a7b1d458a5715f5a7ee2f36e113c66d66bd98aa0802d506d541c66f6060617319b6f6a9f2e3e1916c29ed1,2020-11-04 20:05:00,CLEAR,DUSK,DRY,NOT ON SCENE (DESK REPORT),11/04/2020 09:00:00 PM,41.785387445,-87.606183761,POINT (-87.606183761008 41.785387444959),C,11,2020,20:05:00
f06adb3bee9aff4c6d2d24fd6123ca4300837569de5a1e65ba9c4d4f03615654545daaeda7ef8963266e72d916ca157336bcb34ae7171752b11c8079fda1dc96,2021-12-03 14:05:00,CLEAR,DAYLIGHT,DRY,NOT ON SCENE (DESK REPORT),12/03/2021 07:00:00 PM,41.74579217,-87.635369997,POINT (-87.63536999702 41.745792169991),C,12,2021,14:05:00
f0088319465523d7bc9350414939ce04a7635c77b857459cab55b01fae744b0ed01f5176596208bf23c47523f70f3a1432bf05a7ab88e7f41560a2cf10b21101,2018-12-02 13:27:00,CLEAR,DAYLIGHT,DRY,NOT ON SCENE (DESK REPORT),12/02/2018 01:45:00 PM,41.945552923,-87.786368212,POINT (-87.786368212009 41.945552922959),C,12,2018,13:27:00
f22ef916b9e54a0b87c3f21d1849a99ec41b8b3b8f37bccb4972c5f183f7b2e8142d239e3a5a4db11c51ed025d0479f39f1025f347a8fe40ed3dbb4b8f3b3161,2023-02-21 18:00:00,CLEAR,DARKNESS,DRY,NOT ON SCENE (DESK REPORT),02/21/2023 07:00:00 PM,41.89645528,-87.650417352,POINT (-87.650417351974 41.896455279964),C,2,2023,18:00:00
f0db8f33f06959fffbb25f8d0929d7a4a6d58b735d8fa7980b13c9d95524a6326f9a76252297cfa3d4645d2bcdfe6931f410a4c57e3cc2517367f6b19efc961d,2019-12-26 16:15:00,CLEAR,DAYLIGHT,DRY,NOT ON SCENE (DESK REPORT),12/26/2019 05:15:00 PM,41.692335522,-87.636480715,POINT (-87.636480715012 41.692335522029),C,12,2019,16:15:00
f28cf7cdf931386a0c9423deb98d46531eee17a6043576477135295844757faae8dd731d0865166d8b32c6f1197234337a65c1fa261e52499f2dc6e4dc88ed87,2021-10-28 10:05:00,CLOUDY/OVERCAST,DAYLIGHT,DRY,ON SCENE,10/28/2021 10:08:00 AM,41.849193537,-87.685410304,POINT (-87.685410303965 41.849193537019),C,10,2021,10:05:00
f2af6c42ae7acd328f605753bded430ad4227bd378d3cc3d84ea2dc947caf67f7eb517840fc945d333801af2dc40ff4fc3ef75aa5d9d89352df29074b6eef9db,2020-10-16 05:00:00,CLEAR,"DARKNESS, LIGHTED ROAD",DRY,ON SCENE,10/16/2020 05:20:00 AM,41.817683733,-87.6650402,POINT (-87.665040200043 41.817683733038),C,10,2020,05:00:00
f1fbd19c7629d6e78f4601f44cac569a81a64a087e5c2c3302549eac5c11e6c0d7aff97024cc830a03bc05f83a73848a98410af662dc9bc42c254c570e1caafe,2017-11-02 10:45:00,CLEAR,DAYLIGHT,WET,NOT ON SCENE (DESK REPORT),11/02/2017 11:16:00 AM,41.97643833,-87.668269791,POINT (-87.668269791011 41.976438329997),C,11,2017,10:45:00
f177f4d2b6c7ae96d02367c1bbde58a497c030bad6976e82996183f704b3c217b67ce9fe9053dc31197d53ea5eb8c6265ebea733df0614fc10b6e34a331d9de4,2017-08-21 10:35:00,CLEAR,DAYLIGHT,DRY,ON SCENE,08/21/2017 10:38:00 AM,41.987455047,-87.666555652,POINT (-87.666555652047 41.987455047032),C,8,2017,10:35:00
f0f1b895afb71661083591d60bef461dc129317c8ac2e8534a224c2d0147f1688f93c5304314e68caf2e2e2469a190a269ba7dd98061b7f3fb840cfb5e6d7083,2018-07-30 01:25:00,CLEAR,"DARKNESS, LIGHTED ROAD",DRY,ON SCENE,07/30/2018 01:26:00 AM,41.794090446,-87.630527331,POINT (-87.630527331008 41.794090445987),C,7,2018,01:25:00
f26790f0b993fc398c3ccf781411c77b54b6baffc929202e12e1d7e7595d6e46fc7beb26ef47cfbd612c7420be8e8538183dd7e2f1b29c4645d7deb7b29dabe7,2016-09-16 05:50:00,CLEAR,"DARKNESS, LIGHTED ROAD",DRY,NOT ON SCENE (DESK REPORT),09/16/2016 10:40:00 AM,41.74350578,-87.62819656,POINT (-87.628196560035 41.743505780006),C,9,2016,05:50:00
f02ce562fbafe8e3e6196caf5c4780cfb177280d427813c59d4285d24b88582c93e519ca17aeaaac38ad2a7d89ae062bc3436173eb0f828625f9a78682a9adbc,2021-10-30 01:23:00,RAIN,"DARKNESS, LIGHTED ROAD",WET,ON SCENE,10/30/2021 01:24:00 AM,41.772806858,-87.626323163,POINT (-87.626323163035 41.772806857952),C,10,2021,01:23:00
f059e398f3a650be4ef5d7cbea23f4e2f9a65a567ae5b5d865222de32a490c7ee17a36c5b697fcfbb299116846d5d1864049b3ca48a1684d4336356632a26e57,2021-07-07 17:30:00,CLEAR,DAYLIGHT,DRY,ON SCENE,07/07/2021 05:50:00 PM,41.757144282,-87.56009239,POINT (-87.560092389961 41.757144282029),C,7,2021,17:30:00
f0bbb038beb4152a6d6772618a8928bc066a76e45dd1a32cc938ff579cd2192717ceb8724ece39e0398ef62e2dbef010e1011645739f90ed036e2ef2fd9c5f96,2016-08-27 13:15:00,CLEAR,DAYLIGHT,DRY,NOT ON SCENE (DESK REPORT),08/27/2016 01:30:00 PM,41.758245505,-87.626521907,POINT (-87.626521907009 41.758245504966),C,8,2016,13:15:00
f1fd6295de66107b2c87f95bab8b95344355802ca8b8e7d8d6430c40030adcbd380f8af48bc9e3a9b867504376e28b8811b584429118cf774151ebee5c098d6b,2023-02-15 14:50:00,CLEAR,DAYLIGHT,UNKNOWN,NOT ON SCENE (DESK REPORT),02/15/2023 02:50:00 PM,41.752251354,-87.655244975,POINT (-87.655244975044 41.752251353988),C,2,2023,14:50:00
f2b8ee4a07b069ebdb1be1fc7cc53646406f6ccf96c3425223c8446360c277e8d55ff9ba57918ec6b0129a1792aa95a6ee15396906999d98714c58e17516349c,2020-09-12 12:45:00,CLEAR,DAYLIGHT,DRY,NOT ON SCENE (DESK REPORT),09/12/2020 01:00:00 PM,41.758871013,-87.586287439,POINT (-87.586287439013 41.758871012976),C,9,2020,12:45:00
f14dbdeac543f9ee6c6a237a6a6af33c13a5713d59a4eaaefd92b09a579f5fae18800e149034cd766b0c306bd59ab79ec3583b11a950709bd65c52b8fe71edec,2020-01-22 10:50:00,CLOUDY/OVERCAST,DAYLIGHT,DRY,ON SCENE,01/22/2020 11:10:00 AM,41.990361416,-87.694471537,POINT (-87.694471536961 41.990361416049),C,1,2020,10:50:00
f2563eb95db5f400799e985747cc2b2a378e66cefac386e4253f8f7119cc3683da8aec447fb096d8e93784a82be34b9621d468969c2be683f2fa243c80468183,2020-07-21 15:20:00,CLEAR,DAYLIGHT,DRY,ON SCENE,07/21/2020 04:09:00 PM,41.801401913,-87.723544598,POINT (-87.723544598036 41.801401912995),C,7,2020,15:20:00
f01018a9fc49dc45112483745fe454e379650e42d566f89232aabd99c55f68773bf389315b5aaa8d38b2e728eecb95c84147465981539823bc02e4be20d0d7c2,2018-12-19 18:40:00,CLEAR,"DARKNESS, LIGHTED ROAD",DRY,NOT ON SCENE (DESK REPORT),12/19/2018 07:20:00 PM,41.824186502,-87.687475644,POINT (-87.687475644037 41.82418650204),C,12,2018,18:40:00
f1c335c31513f1f6fcd1b5f717b83762ef3ceb2314c1d2f5f845d815e17fa508048f630f5df765d90697f879a1f304a7a1278f9f396d4ef4a2a48aeea7a3984e,2023-02-20 18:35:00,CLEAR,"DARKNESS, LIGHTED ROAD",DRY,ON SCENE,02/20/2023 06:35:00 PM,41.961519135,-87.666419675,POINT (-87.666419675027 41.961519134991),C,2,2023,18:35:00
f1f45639cff29475cbc3471213767ae2d01cd2c34983e445c6ee54fe8e809d9f2624577413f1e57e65439bd3035d2220159cc67023ba1c1d60251701c94740bf,2020-03-31 18:30:00,CLEAR,DAYLIGHT,DRY,NOT ON SCENE (DESK REPORT),04/01/2020 03:15:00 PM,41.878299057,-87.759977627,POINT (-87.759977627041 41.878299057043),C,3,2020,18:30:00
f203bde14890e8b99fcedf6b47f147e68fbfee16f8d3bd135dd999d35dff8337fda62bf4bfb941c1ab9c765ffa5c56d4cef04c4e843b13f2d50c6be364347668,2019-09-29 15:00:00,CLEAR,DAYLIGHT,WET,ON SCENE,09/29/2019 03:05:00 PM,41.898962816,-87.667224808,POINT (-87.667224807999 41.89896281603),C,9,2019,15:00:00
f138bf45b6957b6d02f61a49fbd5e7e2c75986e4f3de84a3225407f350400aee45dc580a5620342d8059b5e70c3d680fcb70543e1990fa50bdf32b2acb3e8129,2019-10-03 07:30:00,CLEAR,DAYLIGHT,DRY,NOT ON SCENE (DESK REPORT),10/03/2019 07:45:00 AM,41.792777244,-87.752567029,POINT (-87.752567029034 41.792777243971),C,10,2019,07:30:00
f054c8927ca0cb9048a286258fa66e6dd49cd4feb27e83fa4ad7aeff6653d0eadbf67f541d0e937a6e9b1acad52bdae2836320d4ce4b42c6aad11d3d802820cc,2018-10-10 16:38:00,CLEAR,DAYLIGHT,WET,ON SCENE,10/10/2018 04:55:00 PM,41.682973474,-87.642228468,POINT (-87.642228467961 41.682973473961),C,10,2018,16:38:00
f2a206a41cb3d12e38270a59dfd743cd7b420f7e9221815798e6e0dbbd509c8f4722557ea0b15f2d421b973a9cda5745e3790cd6a27c52bc764523ae77333c49,2021-11-25 22:17:00,CLEAR,"DARKNESS, LIGHTED ROAD",DRY,ON SCENE,11/25/2021 11:37:00 PM,41.801257833,-87.681173004,POINT (-87.681173003975 41.801257832988),C,11,2021,22:17:00
f1d6753f3a3dd12093a34264e42599c11fc9b2e67bb0ee8c94b5212837aab6f006e4af8026d3ea1723da8763a85be89b2d27844c1c67393b03003abaf2e5f5a0,2018-01-13 01:45:00,CLEAR,DARKNESS,DRY,NOT ON SCENE (DESK REPORT),01/15/2018 11:52:00 AM,41.903825234,-87.64328636,POINT (-87.643286359995 41.903825233976),C,1,2018,01:45:00
f0525dffb8ae2835363450f6ce15e108d5f52e1de14ee216f465b1c773ffe55319c54f8b2040c393df7cdc8287c5ad5de6b398c0c929c29a3679e845c9b97253,2018-01-05 18:25:00,CLEAR,"DARKNESS, LIGHTED ROAD",DRY,NOT ON SCENE (DESK REPORT),01/06/2018 02:00:00 PM,41.896737923,-87.620221354,POINT (-87.620221354034 41.896737923045),C,1,2018,18:25:00
f160d9e4874cc579e0994dc5b90ae8a2340836b48869604c5b5a7732772d2a7535da216a27402e4635e351fbfd8c7f0b989f8ddf75a7042f2f1b1e013cdab884,2018-03-03 17:00:00,CLEAR,DAYLIGHT,DRY,NOT ON SCENE (DESK REPORT),03/04/2018 04:43:00 PM,41.780980249,-87.604173098,POINT (-87.604173097981 41.780980248986),C,3,2018,17:00:00
f1afcd0b1b07fcaf3ea8dedb7a27eb4d0368da060c84c57a64260238ce3df09f66bd36ee2e497c62ce4162d9ab55ff4b8e047834596278ba3fc01b522b2071d9,2023-07-12 14:38:00,RAIN,DAYLIGHT,WET,ON SCENE,07/12/2023 02:45:00 PM,41.984488232,-87.692062281,POINT (-87.692062280954 41.984488232035),C,7,2023,14:38:00
f0b12a9a91d764fd8e9ea76b43681b5592fd25071cb06b6b4fa55780d1756a7928015470f8b9239b5877ecfb6eec45aafde16905c5c76b0d0ebe20dbe8b3e77d,2021-07-19 12:45:00,CLEAR,DAYLIGHT,DRY,ON SCENE,07/19/2021 12:46:00 PM,41.968419448,-87.778547292,POINT (-87.778547292024 41.968419447999),C,7,2021,12:45:00
f16a4bdeb961b7139d3a4423c763897fbc370db3a3ad470d5ce46146df4586d093fa22df4e187e0078584c29598e74f8c8ef633d1f8f3ed5191add0525f9b481,2017-08-09 13:10:00,CLEAR,DAYLIGHT,DRY,NOT ON SCENE (DESK REPORT),08/09/2017 01:40:00 PM,41.792311499,-87.789197189,POINT (-87.78919718901 41.792311498963),C,8,2017,13:10:00
f12854f8efe7787606a8faa526d8007eefe4f70a256c8c28a82f734e672c383da201a791b4add35084e0d9983fb634d4d0877a6e6472970212ddb69cc0b1a94e,2021-02-08 11:46:00,SNOW,DAYLIGHT,WET,ON SCENE,02/08/2021 12:15:00 PM,41.725416045,-87.554052894,POINT (-87.554052894045 41.725416044951),C,2,2021,11:46:00
f21d85c5972a6cc1a2710808952da4d8319962517b6eccaa18a15102499c5f00031c9a2fb2b0e6038b4798141a5d105527ab4b21312e032c54ee4781132e577b,2016-09-13 12:50:00,UNKNOWN,UNKNOWN,UNKNOWN,NOT ON SCENE (DESK REPORT),09/20/2016 02:30:00 PM,41.977089945,-87.660033687,POINT (-87.66003368701 41.977089944963),C,9,2016,12:50:00
f0f6533c4bc3b0c9da0a9ad13b68e113130c7a9085909d14fc7b916f345e6ebe67a29e09190fdb661768087fcd3b96cff24bfafb345f28d1c60d894cf8bfdff6,2023-02-19 19:30:00,CLEAR,"DARKNESS, LIGHTED ROAD",DRY,NOT ON SCENE (DESK REPORT),02/20/2023 10:50:00 AM,41.974329658,-87.819524932,POINT (-87.819524932013 41.974329657994),C,2,2023,19:30:00
f0c8356d77aa3ef4d650e92dec1dc7e93fe17a60f696635f1cc9eebc26065993ca9fc8ab684c8b14ffefdaa4e2935d5e7cbca0070d99fca7766e045d4a0ea60a,2022-11-11 23:00:00,CLEAR,"DARKNESS, LIGHTED ROAD",DRY,NOT ON SCENE (DESK REPORT),11/16/2022 05:28:00 PM,41.700916101,-87.616177716,POINT (-87.616177715996 41.700916100956),C,11,2022,23:00:00
f13b0e134340e86be9782ed311d3897eb92e0ca73d6ae6adea1c8cf024059de4deee7f63dc485049fafc424903fae2c3f112da5e4413d18cfa2311ebf7c6192f,2022-08-03 16:30:00,CLEAR,DAYLIGHT,DRY,NOT ON SCENE (DESK REPORT),08/03/2022 06:50:00 PM,41.854730431,-87.682030781,POINT (-87.682030780984 41.854730430954),C,8,2022,16:30:00
f05708898d02bb67e9a995ad9d8c433d34e26a55af562dd6218c5fd6fa06f16fe87fd71a73d7a18d3f074e9a57c74adfa5c6e1df38420039065000ccad4b8134,2017-08-01 14:30:00,CLEAR,DAYLIGHT,DRY,NOT ON SCENE (DESK REPORT),08/01/2017 03:26:00 PM,41.892374041,-87.627242942,POINT (-87.627242941998 41.892374041012),C,8,2017,14:30:00
f1ed8f63059a152cfe0e51931fdadd07e9a4eec5902bffb6658722044a2811208f17b05cdf1bb599f1ccbd9a93b083a381626952f0415ef96d9fb54ab0cc6728,2021-09-29 19:45:00,CLEAR,"DARKNESS, LIGHTED ROAD",DRY,ON SCENE,09/29/2021 07:45:00 PM,41.749362768,-87.605332981,POINT (-87.605332981011 41.749362768013),C,9,2021,19:45:00
f191bdfde1b603810975d599ecf848fbbf381a2c301287c20ecf23f109dd20864d9690181edd1c1710f62959a8695395c61138ad33760a7e215727499187a0bc,2019-11-06 03:35:00,CLEAR,"DARKNESS, LIGHTED ROAD",DRY,ON SCENE,11/06/2019 03:35:00 AM,41.75550634,-87.563483057,POINT (-87.563483056968 41.755506340035),C,11,2019,03:35:00
f1a9308ca423ec33ad732f5a59d3bfdc9cca414bb5ac94a964e4796fc85e43bd79057d8b3eef9d04d61f1f8637b0fe2581edfa691ee946913fc289ae03ecac4a,2021-06-24 16:50:00,RAIN,DAYLIGHT,WET,NOT ON SCENE (DESK REPORT),06/24/2021 05:45:00 PM,41.844607515,-87.694804642,POINT (-87.694804642033 41.844607514956),C,6,2021,16:50:00
f0b9664f683d463741be4a81718cf082f95eaa58c7df3473071d9d54ab07784820d1abb288121144dbb0cb97228e2c81ca98f46bd9c515a38f5d15158471c925,2016-09-28 06:55:00,CLEAR,DAYLIGHT,DRY,NOT ON SCENE (DESK REPORT),09/28/2016 10:29:00 AM,41.978973027,-87.836733659,POINT (-87.83673365898 41.978973026997),C,9,2016,06:55:00
f1b24c68ea640a02ac275a0590c3d055f05b14b4a0fd32dab8143e7bff10f82bad10979227f3ba1164dd0ec6da5329c292961949fb65e5eed568280bf3b1b640,2021-05-07 03:18:00,CLEAR,"DARKNESS, LIGHTED ROAD",DRY,ON SCENE,05/07/2021 03:20:00 AM,41.80198463,-87.693880358,POINT (-87.693880357962 41.801984629969),C,5,2021,03:18:00
f1932356818c9ea3edec03a49bb3ed0749f3f273e5e58597d6631daa230442889757b8ee295dc493538501de60ea8b27304fd0f110047b989ea34f1854784862,2021-04-02 12:18:00,CLEAR,DAYLIGHT,DRY,NOT ON SCENE (DESK REPORT),04/02/2021 01:30:00 PM,41.809095486,-87.628723167,POINT (-87.628723167002 41.809095485967),C,4,2021,12:18:00
f2242416fcc9c67d5a56293d3438ff01e618a117d5d8081bfa75500940bcfee79fda4714420ecd6f6939ec34e519364749c99292e2dfb9d63d37a74628952c32,2020-02-19 12:19:00,CLEAR,DAYLIGHT,DRY,NOT ON SCENE (DESK REPORT),02/19/2020 03:30:00 PM,41.939226397,-87.725414877,POINT (-87.725414877038 41.939226397019),C,2,2020,12:19:00
f2863bf8b042979b734381902ac74aee12337e366b88d2bafab42d9b15d9d79dc212c29f31a6389a04836210ea83bf0aa9502e799cf6c0fa49a26b7aab75c5fb,2018-10-08 17:05:00,CLEAR,DAYLIGHT,DRY,ON SCENE,10/08/2018 05:10:00 PM,41.792628542,-87.73309608,POINT (-87.733096079996 41.79262854199),C,10,2018,17:05:00
f004b2a7dba34eafc4eedbf00f0abde4d3f5dbc01b19470bef046b6cdf12bc7e212de258998adcfcdaf8fd650c03d6cf2297809526cb2f24b613b891d0dae29f,2020-07-11 21:00:00,CLEAR,"DARKNESS, LIGHTED ROAD",DRY,ON SCENE,07/11/2020 09:07:00 PM,41.939813147,-87.653090864,POINT (-87.653090863995 41.939813147049),C,7,2020,21:00:00
f24a9ef018462ad795c2d12145d8252286a846ca664fbca7f8a2eb2cabc2511ea32d8d98922ac0b4b5d968f075fc489e1e892d9bb728a7c99290ca4ba5fd212f,2017-01-21 17:00:00,CLEAR,DARKNESS,DRY,NOT ON SCENE (DESK REPORT),01/21/2017 05:35:00 PM,42.000575994,-87.806910668,POINT (-87.80691066801 42.000575993977),C,1,2017,17:00:00
f256b7f805dc446498f04b91bcb8f4043c94d57d3f6679a81513e2173394c5db918e286129cb1d15488949a91a0c9dfc1d4c3ceb1bb4844eda02f5c4f14374dc,2019-01-26 10:30:00,CLEAR,DAYLIGHT,WET,NOT ON SCENE (DESK REPORT),01/26/2019 10:50:00 AM,41.744151639,-87.585945067,POINT (-87.585945066953 41.744151639042),C,1,2019,10:30:00
f16971b905cbc37ab46d86ee1e93cfffea4a30dad3a27735c5589367340e0ce96a981a713ba595ea26e21d0a1483a14f06124f30c82a390e0cd8673a009988d3,2021-09-11 13:06:00,CLEAR,DAYLIGHT,DRY,ON SCENE,09/11/2021 02:04:00 PM,41.902815701,-87.717648644,POINT (-87.717648643968 41.902815700998),C,9,2021,13:06:00
f20b88fdf7cde047eb13f8313f5c15590fbbc3ab0d03bda1a47006ee1c31061fa490fd8c433d9065d44d90335d890a1d1d27aeb31b0f59fe9fa2505864d24f8b,2022-04-04 10:35:00,CLEAR,DAYLIGHT,DRY,ON SCENE,04/04/2022 10:38:00 AM,41.749903242,-87.707348392,POINT (-87.707348392008 41.749903241984),C,4,2022,10:35:00
f01734785dacd55e667456db52b12671dfe2ecd9630ee307ffc95ec21bd6c6ba16876460e0c776ef46f584ca076a155ff62fd84f810c29fcd5427875e46e2731,2023-06-24 14:45:00,CLEAR,DAYLIGHT,DRY,ON SCENE,06/24/2023 02:59:00 PM,41.909294322,-87.763395828,POINT (-87.763395828035 41.909294321981),C,6,2023,14:45:00
f2247f633cce08bb1bff461e4680085b27140797ca165ab4432001d647b99ac74a8b9192789814207beaf21b49a8e5d1f5d51dc1c8194d65fadc0368e1a0f4a2,2020-08-16 23:30:00,CLEAR,"DARKNESS, LIGHTED ROAD",DRY,ON SCENE,08/16/2020 11:33:00 PM,41.74238939,-87.578386743,POINT (-87.578386743015 41.742389389983),C,8,2020,23:30:00
f28550cc4ade580d69506d1e90ccb99ed046bc1ed2129e7997261497c18c9120a99cb4aaf192d5a048c87fde7e78b7878b164c1bdaaf2eecfaadc690380f1a5c,2021-10-03 19:55:00,CLEAR,"DARKNESS, LIGHTED ROAD",DRY,ON SCENE,10/03/2021 07:55:00 PM,41.884546961,-87.64758764,POINT (-87.647587639978 41.884546961039),C,10,2021,19:55:00
f0a87c6093da710c8614fe047a59abd7513893862bf0d99f1958ba728f206e9fd74d358239e12cdf780b63c38367edfc52d2ba2603605f293e88a047e7578dcd,2019-06-14 07:53:00,CLEAR,DAYLIGHT,DRY,ON SCENE,06/14/2019 08:09:00 AM,41.887864322,-87.773334767,POINT (-87.773334767033 41.887864321973),C,6,2019,07:53:00
f0e4dcb7acfea7f2f3c7eec1dca9b738170c23c1229ce48c75e5beaaf1c521215f0d36d66553e09608cf4ab53d2c0b3f95253a1b2ff707d9690cc6c97e370552,2023-05-06 18:05:00,CLEAR,DAYLIGHT,DRY,NOT ON SCENE (DESK REPORT),05/07/2023 10:47:00 AM,41.89054065,-87.627879862,POINT (-87.627879861961 41.890540649971),C,5,2023,18:05:00