CRASH_RECORD_ID,CRASH_DATE,WEATHER_CONDITION,LIGHTING_CONDITION,ROADWAY_SURFACE_COND,REPORT_TYPE,DATE_POLICE_NOTIFIED,LATITUDE,LONGITUDE,LOCATION,CRASH_TYPE,CRASH_MONTH,CRASH_YEAR,CRASH_TIME
f19acbdbc4d110283642b3197ad12b1beaffcc7d640a40f7480643c3c79727cf02747a2d9d87e2ed8c316977951987d11e51c024cff098add21151d3f89ef90e,2022-07-03 18:40:00,CLEAR,DAYLIGHT,DRY,ON SCENE,07/03/2022 07:08:00 PM,41.744151639,-87.585945067,POINT (-87.585945066953 41.744151639042),C,7,2022,18:40:00
f21890c3c5f59df844bd89b32359558ea328c1fe1912f537272775b64a2d1c832bff8f9f61f7e473aefe1d9371613234f852712d83c67ce0ebd8aa1e5e3bdb1f,2020-09-29 12:40:00,CLEAR,DAYLIGHT,DRY,NOT ON SCENE (DESK REPORT),09/29/2020 01:15:00 PM,41.970867252,-87.694273694,POINT (-87.694273694039 41.970867251975),C,9,2020,12:40:00
f0a72f29512299aa7912eda91993398629d8dd8acccf579b5fbd3aab94b31e7f32e4e7c14d90adfc91b8f5fc333dce5f26a9a1be8e3a1ad8b6243395989de069,2021-11-13 06:13:00,CLEAR,DAYLIGHT,DRY,ON SCENE,11/13/2021 06:15:00 AM,41.796682969,-87.73177519,POINT (-87.731775189972 41.796682969021),C,11,2021,06:13:00
f0794b4dfe31beff2f880bbdf3718b6cea9266975810c244060c6afabce420ff3edfbe2309bb55dcd71db44fcc2e9a8d45c19d08f0f72e61581043b2909b4c5d,2020-08-08 21:20:00,CLEAR,"DARKNESS, LIGHTED ROAD",DRY,NOT ON SCENE (DESK REPORT),08/08/2020 11:25:00 PM,41.892554446,-87.614700962,POINT (-87.614700962007 41.892554446035),C,8,2020,21:20:00
f2793a011a35bd00d7dd4e0549ef627b4ee2c822899a0ddfb185b055558fc59cc7d6404a8de17e99f424ec7744ed4fa21c1287b25612960116fb8ee129591e6d,2019-03-13 08:40:00,RAIN,DAYLIGHT,WET,NOT ON SCENE (DESK REPORT),03/13/2019 09:15:00 AM,42.0139834,-87.69747262,POINT (-87.697472619992 42.013983400009),C,3,2019,08:40:00
f1d5ea5e1ffb8da30e4414afa8872e2ec17474316dc082103c6dd1d4610e2d149aa549cd079b9c635f05c796c8db3e6ee611f883715ecd37243a02239c2a863d,2023-06-28 16:40:00,CLEAR,DAYLIGHT,DRY,NOT ON SCENE (DESK REPORT),06/28/2023 05:45:00 PM,41.903983207,-87.721244898,POINT (-87.721244897993 41.903983206955),C,6,2023,16:40:00
f0b98948c60df91a12d56e5ab080df122dc96c02a729613820e62126a7df595588eba9ae0ef9374eb57afe3f67ef7bf86379962c808c633dcdbf0db97ca8bbb0,2018-02-05 18:00:00,SNOW,DUSK,SNOW OR SLUSH,NOT ON SCENE (DESK REPORT),02/06/2018 10:43:00 AM,41.866119494,-87.720927574,POINT (-87.720927573996 41.866119493974),C,2,2018,18:00:00
f03b2d649122e0e91ac2b41f54393ea775f8bf6e631be35eac47ba7086c139eade978c7f48ca3ee1295522f61aa55c3d80f49aa2d37dfad14825bcfa4841a22b,2020-05-01 09:40:00,CLEAR,DAYLIGHT,DRY,ON SCENE,05/01/2020 09:45:00 AM,41.946909114,-87.683469891,POINT (-87.683469891004 41.946909113959),C,5,2020,09:40:00
f0f34fcaf6a96f02e514401f6e8858660525791514461c68b6e253054e6568eebcc25dfdf7406a4892db9d1a8fa0a2a43b57142406096885c6aeaa475c1f4cf4,2020-11-23 04:24:00,CLEAR,"DARKNESS, LIGHTED ROAD",DRY,ON SCENE,11/23/2020 04:26:00 AM,41.77994916,-87.63919374,POINT (-87.639193740007 41.779949160046),C,11,2020,04:24:00
effb6f53a98e57375dd8e8254746b8a0ad3b04b66ecdd55be3a5e4e0fd75fb5e24194e574333a878c7817dc244a00781b8d1fe2ff9045ff3fc7fdd82dec75f4e,2018-04-22 08:38:00,CLEAR,DAYLIGHT,DRY,NOT ON SCENE (DESK REPORT),04/22/2018 09:00:00 AM,41.75869138,-87.60533417,POINT (-87.605334170015 41.75869137995),C,4,2018,08:38:00
f3af60785161b872be3451d0e8081357fde46b3ccfae3d6307f951e0cef12ff3f68ca84c0604537fc6effeea555dc156982b08be4de367347ed308ca24ca6f5b,2018-03-11 03:40:00,CLEAR,"DARKNESS, LIGHTED ROAD",DRY,NOT ON SCENE (DESK REPORT),03/11/2018 04:00:00 AM,41.765956135,-87.576743076,POINT (-87.576743076024 41.765956135009),C,3,2018,03:40:00
f4b65d4c9350e0f049730b6be441d139548a907effc6deac2865820925bb4fdad140a795cef6a8e6e6d1e7690ac520e7bce6d1a92737dae62ed9d9515d95787f,2023-02-14 09:45:00,CLOUDY/OVERCAST,DAYLIGHT,DRY,ON SCENE,02/14/2023 09:46:00 AM,41.735630024,-87.604626659,POINT (-87.604626659035 41.735630023978),C,2,2023,09:45:00
f3aea34c42ad7613965bc5ddafe992fb4a51719945dfb8e0b15732b30d7da42493f66edfef9687dfa04436c5cc1057a856afde93c64f54d1e6e7813b2a11d1d8,2020-06-06 16:12:00,CLEAR,DAYLIGHT,DRY,ON SCENE,06/06/2020 04:12:00 PM,41.713550359,-87.681786484,POINT (-87.681786484031 41.713550359002),C,6,2020,16:12:00
f59d3fc9fb68941416e8489fd71061d2d171eeb8d34e5257109fbf53148f307df5d3d94928e3526a63a840467cb077ea6d213f6f6d6843908d2e3e3fa47be4f6,2020-10-14 15:00:00,CLEAR,DAYLIGHT,DRY,NOT ON SCENE (DESK REPORT),10/14/2020 05:05:00 PM,41.684859123,-87.652019493,POINT (-87.652019492954 41.684859122993),C,10,2020,15:00:00
f4b99013c995634dc2987b0c041f31d1129eca814b1387c89da2795e60f765472f275f3a4372e7e87169b7fd692a7299e576ed1706168bdf28440a621a4529f3,2017-09-07 03:00:00,UNKNOWN,"DARKNESS, LIGHTED ROAD",UNKNOWN,NOT ON SCENE (DESK REPORT),09/10/2017 01:30:00 PM,41.921729807,-87.663234201,POINT (-87.663234201004 41.921729806985),C,9,2017,03:00:00
f536e4976a172367da54561c59126aba4fcb3d67884042b77710f7ebc5e5127702384fb926fc5b61bce0af843ca2f065ffebc5ab1729984b043f749643d9f625,2021-12-07 19:00:00,CLEAR,"DARKNESS, LIGHTED ROAD",DRY,NOT ON SCENE (DESK REPORT),12/08/2021 07:36:00 PM,41.698081985,-87.629734294,POINT (-87.629734294042 41.698081984998),C,12,2021,19:00:00
f3cd25af1d84d4469de2ab13d443fe15bcb00dc485029ba908de9470c8c34f8ff932e4b4710b8f32ef916e6ecfebc749abc3c799890b5ea893871a02c078ba5e,2020-01-01 00:45:00,CLEAR,"DARKNESS, LIGHTED ROAD",WET,ON SCENE,01/01/2020 12:45:00 AM,41.891955277,-87.617777237,POINT (-87.617777237011 41.891955276985),C,1,2020,00:45:00
f42cd57dcdac5b903d16dccb57870613f5a13c78c0b889732b4522a13adb5af8b046ee5dcfc65ed5ca08d9411bc2b92a5b99e605924d6cfcd40caca17d2dbd85,2018-12-21 12:00:00,CLEAR,DAYLIGHT,WET,NOT ON SCENE (DESK REPORT),12/21/2018 12:15:00 PM,41.874590031,-87.633704185,POINT (-87.633704184958 41.874590031007),C,12,2018,12:00:00
f5464038ed524b7229878b786bcebdb35afaed6ce0a20117bff58df00035aa91358ca85349b061d648cae77b1165de4712427a8e1b1ffcf5619be64594182392,2020-06-29 14:49:00,CLEAR,DAYLIGHT,DRY,ON SCENE,06/29/2020 02:59:00 PM,41.844607515,-87.694804642,POINT (-87.694804642033 41.844607514956),C,6,2020,14:49:00
f4d7aec7cf9ffc41868d94dd40900e3b2320d34bef9999ddc6cb2cc9de3f59004076ca578a6b1265475a5b02f4d652ace00d99d62bd96f498ce744d485933f50,2018-06-08 12:25:00,RAIN,DAYLIGHT,WET,ON SCENE,06/08/2018 12:40:00 PM,41.735634268,-87.682733396,POINT (-87.682733396015 41.735634268007),C,6,2018,12:25:00
f38166960eb017421bb76a3d08c52e9df2c9e04ca1411a1432c09def05383c968a5f7d0f970c31464e4d70b302bff50e747c79755f39effc6485cb035c9b7531,2019-12-30 17:20:00,SNOW,"DARKNESS, LIGHTED ROAD",WET,NOT ON SCENE (DESK REPORT),12/31/2019 07:30:00 AM,41.946065466,-87.760645922,POINT (-87.760645921962 41.94606546603),C,12,2019,17:20:00
f48402870cadbfc313e9a82e5f8ec59d163021c8d6eb5c4d8f3eb5ebd7c6a18fe088a20da9cd0c1605cdff3d25e92d07e4f9093aa09e899e9ef78ef315cec18c,2018-10-07 18:10:00,CLEAR,DAYLIGHT,DRY,NOT ON SCENE (DESK REPORT),10/10/2018 07:34:00 PM,41.741803599,-87.740953582,POINT (-87.740953581987 41.741803598989),C,10,2018,18:10:00
f3a8a6b25c1d84c81cce9736fa606623969ad023b220e21d5c89cba7c81c7103d0fc200b8a49df4b4a154a7739d154a331873dbcf31cc9897c50a28658c21b34,2020-05-02 10:30:00,CLEAR,DAYLIGHT,DRY,ON SCENE,05/02/2020 10:55:00 AM,41.938266954,-87.795761499,POINT (-87.795761499004 41.938266954026),C,5,2020,10:30:00
f580d9422ad00eeba2c842dcfa6eac2d252bd07ec8754135145f731bcf819f393353d9bb13489eb75099f0a76f2140d44b98e9eb4da576e75ff27a6a10b1dd83,2018-12-05 08:10:00,SNOW,DAWN,ICE,ON SCENE,12/05/2018 08:30:00 AM,41.744151639,-87.585945067,POINT (-87.585945066953 41.744151639042),C,12,2018,08:10:00
f48e1d98aa820062282031d6ad329a4288cc7cc22ab40601aa8f560dfc0cba8463cf4e6510b0c1b655346506252ed45516850f029960effc93db19a60024335f,2022-09-25 16:12:00,CLEAR,DAYLIGHT,DRY,ON SCENE,09/25/2022 04:12:00 PM,41.872497742,-87.725253192,POINT (-87.725253192011 41.872497742004),C,9,2022,16:12:00
f2e4280b93206bc0a7a9a6fc778c2d87a13558a188a4596985b7eedf63ea2cdd8b005be40a1de22d44b488e7358fe45849816f68d5a01cd079911c8cbe693851,2020-03-11 09:30:00,CLEAR,DAYLIGHT,DRY,NOT ON SCENE (DESK REPORT),03/11/2020 11:20:00 AM,41.836772906,-87.725712341,POINT (-87.72571234101 41.836772905951),C,3,2020,09:30:00
f37a6c875966ad0f2903113cdb5d5ea6a69c8a21a9dcfda1402d987edc86b512a594b8d13855ed88593d72896999dabbec1e034ec3e46bf939a87ad12e8ffccd,2023-02-04 19:00:00,CLEAR,"DARKNESS, LIGHTED ROAD",DRY,NOT ON SCENE (DESK REPORT),02/05/2023 03:30:00 PM,41.75616061,-87.634583596,POINT (-87.634583595966 41.756160610031),C,2,2023,19:00:00
f525145b6fca2c2636ddf58cc740e4921ff0ed1f6c695cc0304f55a2532fef90e234876b06c1e24501dd506d8d3fe40bdcc65e35a1d6883a6ac9ec27165a9f19,2021-08-19 11:00:00,CLEAR,DAYLIGHT,DRY,NOT ON SCENE (DESK REPORT),08/19/2021 03:27:00 PM,41.758245505,-87.626521907,POINT (-87.626521907009 41.758245504966),C,8,2021,11:00:00
f31d50418e5bb86ffad8e90274d76ada632a07ba08cb007f551e845635d37d5cc0cad7a503b748c92f950a9cff6545060b08bd2d7fd5abf0be472f41f137a988,2022-11-30 09:00:00,CLEAR,DAYLIGHT,DRY,NOT ON SCENE (DESK REPORT),11/30/2022 08:30:00 PM,41.906353535,-87.714089695,POINT (-87.714089695018 41.906353534992),C,11,2022,09:00:00
f34aa5ed808c6b7eec581847d0b2b9a681e3444ace6886aa46ec3c8914182f77fde3805285c1cce515651347f92150f5578caeb240ff23aeb468eb7f7afd567e,2015-09-10 07:00:00,UNKNOWN,UNKNOWN,DRY,NOT ON SCENE (DESK REPORT),10/06/2015 05:36:00 PM,41.907524356,-87.642263058,POINT (-87.642263058049 41.907524356012),C,9,2015,07:00:00
f3790e8b1476e4111bd1059960341e6e9fc09bf7619c71c6214db2d41adf500074bca5b98556273f17be6c186e6cc7905b1caacb392f4824c49f8857bda81294,2022-05-16 08:38:00,CLEAR,DAYLIGHT,DRY,ON SCENE,05/16/2022 08:42:00 AM,41.857801741,-87.658812307,POINT (-87.65881230701 41.857801740993),C,5,2022,08:38:00
f44ca2e7f19ead108cc9c5b7c136ea8cf684432ec291dbaa9af3e346a9e4cbfd84c9130912db314af3859c84f55d1e05b22ed8c7b886d364ad036a012d8c8ae2,2021-06-08 19:35:00,CLEAR,DAYLIGHT,DRY,ON SCENE,06/08/2021 07:45:00 PM,41.777174415,-87.755761176,POINT (-87.755761176012 41.777174415038),C,6,2021,19:35:00
f572c49f575a92134a2f53f715a50c8ff434d8e828169d8cb3b50a9af53415ce7f1a73c77da059efcecde9b8174a68a278950fe651e567b89ec59fb242952030,2019-12-03 17:45:00,CLEAR,DARKNESS,DRY,NOT ON SCENE (DESK REPORT),12/03/2019 07:55:00 PM,41.9536469,-87.732081736,POINT (-87.732081736006 41.953646899951),C,12,2019,17:45:00
f335c9a92f18a364e70f6629b930eee1fd9fe7256feff193d13d3d49d5b6570f77f466bb5f880fbb1655690fdcabe7172fba5318e028ea7e9e5c3143792a4ea7,2020-09-04 14:53:00,CLEAR,DAYLIGHT,DRY,ON SCENE,09/04/2020 02:53:00 PM,41.879714362,-87.774496221,POINT (-87.774496220954 41.879714361958),C,9,2020,14:53:00
f2ecd12303593d8f5852b4bfe0f6c93090c15f3208d99b6929259fb96c7dd7e250d6d2762db4ef7098d0c54a23bc3b940bb8234115a9f880b3a9317d573d82a4,2018-11-24 16:15:00,CLEAR,DAYLIGHT,DRY,ON SCENE,11/24/2018 04:34:00 PM,41.794908912,-87.616471792,POINT (-87.61647179201 41.794908912028),C,11,2018,16:15:00
f56e622e233a1e43f8a3e4761290a4fa0d1a6f78b2483d107a816ea4216c5fd20be5f146a17c0ebcce163019c04bde0d37369dc3ffc0fe874f132ba85c28bc49,2020-07-16 12:00:00,UNKNOWN,"DARKNESS, LIGHTED ROAD",UNKNOWN,NOT ON SCENE (DESK REPORT),07/16/2020 03:04:00 PM,41.822555679,-87.6151552,POINT (-87.61515520003 41.822555679034),C,7,2020,12:00:00
f4e331f499b8799822adf1e5103773b698927bd0dca97eb97110030e6b3709424fcc92739b1183e44ec65fecb6aad22362da47f9721809179acca9d170ff9a71,2019-01-16 19:25:00,CLEAR,"DARKNESS, LIGHTED ROAD",UNKNOWN,ON SCENE,01/16/2020 07:26:00 PM,41.888399178,-87.623954282,POINT (-87.623954281953 41.888399177959),C,1,2019,19:25:00
f40908762e3c3b62d4ec20d7cfa210a27c7937998fc9c2ebd227d2be3bcfab32f0288554280aafa00c5f7481c97b5fbfe29fcd0e369e3b9c2ab7c2881597b93b,2019-05-29 22:15:00,CLEAR,DARKNESS,DRY,ON SCENE,05/29/2019 10:28:00 PM,41.882230166,-87.757516765,POINT (-87.757516764957 41.88223016602),C,5,2019,22:15:00
f2e5ab6674d270bec20eeb5acc00aaa6ba8008cb4938f6efdabac8d6e58280663a978149fc01550794acfc323083ba4f0f909af718cb23492ca338359b15663b,2022-10-12 10:00:00,CLOUDY/OVERCAST,DAYLIGHT,WET,ON SCENE,10/12/2022 10:05:00 AM,42.015901674,-87.669442135,POINT (-87.669442135045 42.015901673999),C,10,2022,10:00:00
f3207086d3d4a10d9a689504d3e6e1e3b60a02f47072a2acb595687cdfc64a58c0ab81d50ccacd0e12235ed678ffb14c83a9125eaa57d3880bee4f69446a05ff,2022-09-19 15:00:00,CLEAR,DAYLIGHT,DRY,NOT ON SCENE (DESK REPORT),09/20/2022 11:45:00 AM,41.884546961,-87.64758764,POINT (-87.647587639978 41.884546961039),C,9,2022,15:00:00
f56c7a42ebcaaac2eb680a34a825682877adc115a54df7b1dc930d4b4e582219b59741fd96535f9be4094860829346826f63e75082afb3009e78d0975d5fdf4e,2017-06-01 08:00:00,CLEAR,DAYLIGHT,DRY,NOT ON SCENE (DESK REPORT),06/04/2017 07:30:00 PM,41.921741783,-87.768487496,POINT (-87.768487496043 41.921741783007),C,6,2017,08:00:00
f5920ce057efbe77a846f70687a98d49f0b484ce218a5ed07d4c5831d1810985c09375e75ba9406204bbeb34c92a4a17f222dc59cf10107edea91cca8c1af174,2020-06-30 16:25:00,CLEAR,DAYLIGHT,DRY,ON SCENE,06/30/2020 04:29:00 PM,41.807491756,-87.744319525,POINT (-87.744319524988 41.807491756027),C,6,2020,16:25:00
f35018a5bd4c920d88e552fff3bc0f7d0abef3ba57596bed695371b85ed02bb88d6d8cd3d79a9bf3ef24aa7fbdc94f215163e2dd6a74c2e41dc3e8f542332f00,2022-12-17 06:15:00,CLEAR,"DARKNESS, LIGHTED ROAD",UNKNOWN,NOT ON SCENE (DESK REPORT),12/17/2022 06:40:00 AM,41.990024694,-87.728708871,POINT (-87.728708871015 41.990024694008),C,12,2022,06:15:00
f4f1c9d125d2b933231caf9d0c0e46f95758e567853cad4ec9b9c21423f56f04e4e89d00d4418babb08c57bfae227abaad9d3488aee6589b0d021c9708add3b4,2018-06-02 19:45:00,CLEAR,DUSK,DRY,NOT ON SCENE (DESK REPORT),06/02/2018 07:52:00 PM,41.941887421,-87.644311021,POINT (-87.644311020979 41.941887421021),C,6,2018,19:45:00
f312d127c8d79a436903e893784da567dcd68ce997c5153f0065f607f83d508171578def7ceb5f6d6d3c7ba03171b64d1cbcf7bb3317604766753e8a88c0a0f3,2021-11-13 18:50:00,CLEAR,"DARKNESS, LIGHTED ROAD",DRY,ON SCENE,11/13/2021 06:54:00 PM,41.830595328,-87.665423764,POINT (-87.665423764019 41.830595327951),C,11,2021,18:50:00
f3033f3133dbc44bed7c67b045c4715847e246691144eb66e880ea74e2786cd4b87ef9eda80e2b1be9e7c119c2baa9bc677b2ccb97b22a0a0b03b86d19b02f2b,2022-05-08 12:15:00,CLEAR,DAYLIGHT,DRY,NOT ON SCENE (DESK REPORT),05/08/2022 03:30:00 PM,41.944719453,-87.654686239,POINT (-87.654686239023 41.94471945303),C,5,2022,12:15:00
f303c4d6108f0869b61dd616dbb1f49fe9590442125e9f0c5c8f9e0df3cb6e7addd83cf5cdf9a1e8f9a385968d5b33efc0eae83d2658c158fd6ef6f4e0e407ce,2019-09-16 16:45:00,CLEAR,DAYLIGHT,DRY,NOT ON SCENE (DESK REPORT),09/18/2019 10:30:00 AM,41.800576147,-87.674639692,POINT (-87.674639692031 41.800576146972),C,9,2019,16:45:00
f397b440e62fb825509a53a6bb098e686082fee57f1e8963f19e4de3e9f84af5baae1e47035dea94185c73d91a9f1da54bb5f0d3f9c1e82b38d42c5a014f8382,2016-04-23 07:23:00,CLEAR,DAYLIGHT,DRY,NOT ON SCENE (DESK REPORT),04/23/2016 08:00:00 AM,41.805873425,-87.729795192,POINT (-87.729795191993 41.80587342497),C,4,2016,07:23:00
f542ab2cd16cbee4e3aefda26e7b082ca2f2f1cc89c0d5d79184c8e0ef9b68cce44fcc44378f178c053747e1adbbe65d500d8ccd986b9b386c34a258264a674e,2022-11-25 21:00:00,CLEAR,DARKNESS,DRY,NOT ON SCENE (DESK REPORT),11/26/2022 10:56:00 AM,41.960796183,-87.750630003,POINT (-87.75063000305 41.960796183046),C,11,2022,21:00:00
f4f578a70034d0a1f9e09ef9822e5c1741538eedfddff5f36c93f893ad698357406c9c00b5e19226f2e6d2d325532179498d9d1c8ccf93129e943edfcdc04d99,2022-07-08 16:44:00,CLEAR,DAYLIGHT,DRY,NOT ON SCENE (DESK REPORT),07/08/2022 05:30:00 PM,41.871950357,-87.627383083,POINT (-87.627383083038 41.871950357015),C,7,2022,16:44:00
f2fe50170996d36aa561496ed5fa3fa9473f279a6ccb034154fed09e6c03211c079e8ea73f73d577c851da69dbefafbb4b6598824605a764d7a9cc0d13383d39,2023-06-10 17:20:00,CLEAR,DAYLIGHT,DRY,ON SCENE,06/10/2023 06:40:00 PM,41.932340448,-87.657302969,POINT (-87.657302968994 41.932340447992),C,6,2023,17:20:00
f400e702d772ed83cd50b5c16ad9ac303503e4e39d175f5ea68312d28ba62de7f20d496fa75d34069c48ec39fcc18a1ef989018d20f6cbbc1b5efb221faa454b,2022-11-13 17:10:00,CLEAR,"DARKNESS, LIGHTED ROAD",DRY,ON SCENE,11/13/2022 05:15:00 PM,41.946909114,-87.683469891,POINT (-87.683469891004 41.946909113959),C,11,2022,17:10:00
f330ac60acf9a1d9027086228e387c2fd5125a3ac34d94f2acbc35bada155010ca54e94c94d4f66cb59fccd747657f0be88c8c4cea800c414eaf30a08d78bd2a,2022-01-26 18:45:00,SNOW,DAYLIGHT,SNOW OR SLUSH,NOT ON SCENE (DESK REPORT),01/26/2022 09:15:00 PM,41.899152283,-87.63156169,POINT (-87.631561689954 41.899152283046),C,1,2022,18:45:00
f322adf358ca8426ea351144a05f6316f3de7e3e88cb2b634ef19d50e89e15a5e1044df6ba2e93ec120556a427fb7ae6828ae874e0a1ec91d7f48a67c0f4db4e,2020-07-27 11:25:00,CLOUDY/OVERCAST,DAYLIGHT,DRY,ON SCENE,07/27/2020 11:27:00 AM,41.958986951,-87.933993929,POINT (-87.933993928974 41.958986950953),C,7,2020,11:25:00
f2ccb61222bafaf9d449366304fec89bf505a6a479ea10fe874cc5b354d7ffdf655d8157956a1314ec6e81454319039acd9379871bf8b1694c6da32cac9f2680,2022-01-01 15:15:00,CLEAR,DAYLIGHT,DRY,NOT ON SCENE (DESK REPORT),01/04/2022 11:00:00 AM,41.968135406,-87.708313269,POINT (-87.708313269047 41.968135406045),C,1,2022,15:15:00
f412f52eee9980b8991605a9226cd2ff31eb700821d3c4ffe11ee179f8af5e62168b980cc795dd18b047aa91a123744225fd7b3fdc8b838f1e1b43545ed5fa94,2020-08-07 19:45:00,CLEAR,DAYLIGHT,DRY,ON SCENE,08/07/2020 07:47:00 PM,41.75872376,-87.585590902,POINT (-87.585590902031 41.758723759994),C,8,2020,19:45:00
f47cdb3b3727dbe050f504359a529554fe1110c3bd1989263bc0bb9837d39f120fde9a4e5bffb5301165ad9e599933b243601921f68adbd5bc6c37b38190bc93,2023-03-15 08:40:00,CLEAR,DAYLIGHT,DRY,ON SCENE,03/15/2023 08:52:00 AM,41.969593156,-87.689782076,POINT (-87.689782075955 41.969593155969),C,3,2023,08:40:00
f2ed3dc12b659607d8f4f163cc64922694416492b66c22a8e84bce470dfd768fcb0aca612322fa2a4981cd06a094f2888a3e9d5cae3e619bde676a88bce70a3a,2017-02-21 08:35:00,RAIN,DAYLIGHT,WET,NOT ON SCENE (DESK REPORT),02/21/2017 12:50:00 PM,41.713655381,-87.674731012,POINT (-87.674731012049 41.713655381012),C,2,2017,08:35:00
f4d6e58485045e5e4b0a388235999025eafc056de5b8a86d8e52d4e5dd9d412be25286c4838b67f76f121dfd0ed240ef441c1676b7067a38a56dc0ee2d8dadfa,2022-03-24 14:04:00,RAIN,DAYLIGHT,WET,NOT ON SCENE (DESK REPORT),03/24/2022 03:00:00 PM,41.706714203,-87.653813468,POINT (-87.653813467968 41.706714202986),C,3,2022,14:04:00
f55a608b5526b8ed1bc7928d4da049cafdf3c76c5be307e453fdb8c0a2234802af82ed2b27cf3a4c27c9c9f5c1b873436e9e2d2556259de23d854638543a968c,2017-09-29 08:10:00,CLEAR,DAYLIGHT,DRY,ON SCENE,09/29/2017 08:30:00 AM,41.858536536,-87.708949724,POINT (-87.708949724043 41.85853653595),C,9,2017,08:10:00
f51c5c9efd68775c525ec0969c9c12f78a54417193b1f9510faabe22dcadd1010e122f50557a97dafe3fbef31961a9c676062e9424616fbeebf5b82f8c33bc6b,2021-06-27 01:55:00,CLEAR,"DARKNESS, LIGHTED ROAD",WET,ON SCENE,06/27/2021 01:57:00 AM,41.80198463,-87.693880358,POINT (-87.693880357962 41.801984629969),C,6,2021,01:55:00
f2e8540d266733b21b7b971a4fdf0ffea6b0ab6973bf59ab9f681b07b80f7e5b46d805099ea58039c3b34ed765b4034592ac1783f34679fc3dd0b6840e53483e,2023-03-08 11:00:00,CLEAR,DAYLIGHT,DRY,NOT ON SCENE (DESK REPORT),03/08/2023 01:11:00 PM,41.983563915,-87.657146291,POINT (-87.657146290975 41.983563914975),C,3,2023,11:00:00
f4db9cbc9963cfeaf28d3c1271c771fcf912e037a7e29e1e975764952015d3fbd804453b67cf2280322794c53f6507e84c3240967455f888c6d1af4bddf3b3ee,2017-10-08 17:55:00,CLEAR,DAYLIGHT,DRY,ON SCENE,10/08/2017 06:01:00 PM,41.898979021,-87.637410212,POINT (-87.637410212028 41.898979021041),C,10,2017,17:55:00
f4cea8b99b9895908ef8373193a80a77875568fdfa88c8e5b5543708e4a88d16f8dd8ef5c4c1a85209206c693466ce541353d28fdb2c7b5967b0d5513e185013,2023-05-20 01:00:00,CLEAR,"DARKNESS, LIGHTED ROAD",DRY,ON SCENE,05/20/2023 01:00:00 AM,42.012358439,-87.687185624,POINT (-87.687185623952 42.012358439017),C,5,2023,01:00:00
f4f731383c50a6989433108dc4a964df659f43ff45c89daaab6c548a288ae4f572b83da83d64c52b32ea228f0882eae3cfb63c9ad7a510b6203673699a0f45e7,2019-11-30 22:00:00,UNKNOWN,DAYLIGHT,UNKNOWN,NOT ON SCENE (DESK REPORT),12/03/2019 06:45:00 PM,41.858007607,-87.644942266,POINT (-87.644942265994 41.858007606958),C,11,2019,22:00:00
f3c426c218cbcb8907e7684a0b59cd3353f4fc0f859dabe3ba6a42b9631c6e733f7a72947769b958e8d935ad32beff2eadb90e68fc372eaaf6ebd15a3cc63d51,2022-08-06 17:40:00,CLEAR,DAYLIGHT,DRY,ON SCENE,08/06/2022 05:40:00 PM,41.70063556,-87.530596782,POINT (-87.530596781981 41.700635559952),C,8,2022,17:40:00
f2e0cb300a2bb023528cec0c3310037a20be88e6c701b0296ece081adcb654e83147575a8b4fbd2134e4ee35b9df20f096c0c357577c527f5803259bd5c10b79,2021-01-16 19:45:00,SNOW,"DARKNESS, LIGHTED ROAD",SNOW OR SLUSH,ON SCENE,01/16/2021 07:50:00 PM,41.898341319,-87.618057856,POINT (-87.618057855957 41.898341319021),C,1,2021,19:45:00
f546c0f3ae144f0b82f51579c0f4508d0074cd14427d067ca0b185b6573e0d1f9408d382062c0b6f2db067e7cc68ad65e21d8f297266a89015954b84024d6ffa,2022-02-11 13:00:00,UNKNOWN,UNKNOWN,UNKNOWN,NOT ON SCENE (DESK REPORT),02/11/2022 03:15:00 PM,41.839618307,-87.614090377,POINT (-87.614090376967 41.839618306985),C,2,2022,13:00:00
f45b4db1869060ca44cbecbdecad01b6ef098ba62df0a54d606e83de7b62c1e01bed5fdd3dfd7eea05297874947932d3d26a14618175884c198716251d81fb6f,2022-12-14 10:28:00,RAIN,DAYLIGHT,WET,ON SCENE,12/14/2022 10:28:00 AM,41.854422643,-87.714932261,POINT (-87.714932261006 41.85442264304),C,12,2022,10:28:00
f30d12febec0dd0fb714d744cd2612c45c05c63eb28a49924baf1faef96812d8275b42a97709715c3a7de2879dbea5c70200be0956996627673eb8db8f9a892b,2023-07-15 10:40:00,CLEAR,"DARKNESS, LIGHTED ROAD",DRY,NOT ON SCENE (DESK REPORT),07/16/2023 09:00:00 AM,41.877396272,-87.690169856,POINT (-87.690169855967 41.877396271993),C,7,2023,10:40:00
f2e99ee2cbe0163bd58a05da9d87ebaeece07f4a1be206a068bdf91c167f63bfca62d00b51fb9cb89d0a7f96f093dfa32a58a844d827a403ccfeca1411acef47,2020-09-30 16:55:00,CLEAR,DAYLIGHT,DRY,NOT ON SCENE (DESK REPORT),09/30/2020 05:40:00 PM,41.939236051,-87.724573999,POINT (-87.724573999003 41.939236051042),C,9,2020,16:55:00
f2e5a9b04f021af4179e8605918c54ff26e4cc89f4d3bdb5a6a3aa8566430b9de9d2431ab3f9bd1870e0ed4679d6e0de3d9c6b8b2f9069d575150c960989a9cb,2021-09-12 12:30:00,CLEAR,DAYLIGHT,DRY,ON SCENE,09/12/2021 12:30:00 PM,41.885376202,-87.635255131,POINT (-87.63525513102 41.885376201965),C,9,2021,12:30:00