CRASH_RECORD_ID,CRASH_DATE,WEATHER_CONDITION,LIGHTING_CONDITION,ROADWAY_SURFACE_COND,REPORT_TYPE,DATE_POLICE_NOTIFIED,LATITUDE,LONGITUDE,LOCATION,CRASH_TYPE,CRASH_MONTH,CRASH_YEAR,CRASH_TIME
f38de1cddd52655259c7d4808c7a05f3f9949b0040a34b32dae354cb76d0868fa2e7f39aa093bccb05ad7ee5f6a38fa52b65248a25e662c7a03aa8abe087b8cf,2023-05-17 18:52:00,CLEAR,"DARKNESS, LIGHTED ROAD",DRY,ON SCENE,05/17/2023 09:01:00 PM,41.744151639,-87.585945067,POINT (-87.585945066953 41.744151639042),C,5,2023,18:52:00
f39461c3aa81910e4e74ff32d3123745c43d3e4aa356abc13c25c714acf6d84cf0c2972b21d7186b2644f536347ef2307933c6153f4132f605db28254444c0e9,2020-10-01 18:40:00,CLEAR,DUSK,WET,NOT ON SCENE (DESK REPORT),10/01/2020 08:25:00 PM,41.999410592,-87.691293674,POINT (-87.691293674001 41.999410591999),C,10,2020,18:40:00
f2fa20d386dab0a963585c6a7ed25d818e2232750e4fc4e50b7962b18b9729ac5d2468f36934c83e60cd6952c7b63848b582b4684824411cc254d686433839fe,2019-09-18 15:47:00,UNKNOWN,"DARKNESS, LIGHTED ROAD",UNKNOWN,NOT ON SCENE (DESK REPORT),09/19/2019 09:45:00 PM,41.858906154,-87.712914181,POINT (-87.712914181015 41.858906154029),C,9,2019,15:47:00
f4a9751513811010bcaf1b613eec44f75cc0f36c3187b71cffb0450a2e90460a27b06475dff02d951c5ef5232f9ec4818297cc9f390f6dc26155d83a1ee95c08,2018-11-07 17:40:00,CLEAR,DUSK,WET,ON SCENE,11/07/2018 05:56:00 PM,41.916760313,-87.752866224,POINT (-87.752866223957 41.916760313025),C,11,2018,17:40:00
f3aace91a1bb964523faba3aff322038f8bc1f1575a7ef0afc40df07f284d554a8ee5446e91c01efe170495d8cdc9209dd74fed1db7767f9d29cffcb867a99ec,2017-11-04 10:30:00,RAIN,DAYLIGHT,WET,NOT ON SCENE (DESK REPORT),11/04/2017 11:18:00 AM,41.891621161,-87.624253929,POINT (-87.624253929022 41.891621161011),C,11,2017,10:30:00
f35987c81f1d10b3d26844dae6ed6b68f61edebab2dea2ea1b6e628aa22428d133589377f4950b6015e84454b948f094e827127d9cd5f3b0b12bac1c2ce4fb6f,2018-12-09 14:20:00,CLEAR,DAYLIGHT,DRY,NOT ON SCENE (DESK REPORT),12/09/2018 02:30:00 PM,41.87479856,-87.755004029,POINT (-87.755004029038 41.874798560005),C,12,2018,14:20:00
f384300fb974612222c8a11f8f8f191f09f53a56f3bc6556b87f14a7b97e89ee5bca345bfe9e617ca05d2585e865e4dedef8347d767c7694192aa61f3462cc52,2016-03-29 01:00:00,CLEAR,"DARKNESS, LIGHTED ROAD",DRY,NOT ON SCENE (DESK REPORT),03/29/2016 03:15:00 AM,41.995579197,-87.675876884,POINT (-87.675876883986 41.995579196996),C,3,2016,01:00:00
f5530d23360932717636c898166f3d8461f4bec119d464b86c988b6b469e360c90f40f87ff5b1c5b4cb2df46835fc598aa972a41ad7e9c3592858863083c12b5,2017-12-01 19:20:00,CLEAR,"DARKNESS, LIGHTED ROAD",DRY,NOT ON SCENE (DESK REPORT),12/03/2017 02:00:00 PM,41.874590031,-87.633704185,POINT (-87.633704184958 41.874590031007),C,12,2017,19:20:00
f32186c3b90660e08ffdb0ab8c5dcd98332650f581a86b36be2fb184f2c9a5c9879ad7e7db50be30fb692c1b6af13cc524238ab7747b78d0c28a7705cab9fc69,2019-10-13 03:24:00,CLEAR,"DARKNESS, LIGHTED ROAD",DRY,NOT ON SCENE (DESK REPORT),10/13/2019 10:05:00 AM,41.89178367,-87.70668771,POINT (-87.706687709951 41.891783669982),C,10,2019,03:24:00
f47691c68a5754f51bbccad1a40e55b74366490d04b1bc68257a4ff1b83768fcfa8199c9b57c7265a2b7c2b51f6deac9e2e3f2e1a48548744afe0890db55811d,2022-11-02 13:55:00,CLEAR,DAYLIGHT,DRY,NOT ON SCENE (DESK REPORT),11/02/2022 03:30:00 PM,41.912897191,-87.784876689,POINT (-87.784876689039 41.912897191039),C,11,2022,13:55:00
f59a88d9da16e0c6ae9cfbefab2df46bcac10d85d41e17aec6b2404107338538e6dc439793fcc9bd79264a2c7d797a0eb42177600fe88ed9f30c5628f2d17a54,2017-12-16 16:55:00,CLEAR,"DARKNESS, LIGHTED ROAD",DRY,ON SCENE,12/16/2017 05:10:00 PM,41.721267719,-87.584839485,POINT (-87.584839485043 41.721267718978),C,12,2017,16:55:00
f57e27b909b0b2ec90bbc804de10a77a0cfd67c874538cb5a4d066bbd9b72b51d1aad5b063ff5ad48803c1924f7cf718b0053966145600c93a264acb16634ba2,2019-07-27 15:15:00,CLEAR,DAYLIGHT,DRY,ON SCENE,07/27/2019 03:55:00 PM,41.838005705,-87.704697689,POINT (-87.704697689035 41.838005705013),C,7,2019,15:15:00
f4eb02b820346a88da750a835610beb18a22f12ddeaadf849525abc46c5c2d712582a4fb194a77b284ab0ec9b7d5aab18f00856e865f08ef7148b313f0b97ecc,2019-02-18 13:08:00,CLEAR,DAYLIGHT,DRY,ON SCENE,02/18/2019 01:08:00 PM,41.734393366,-87.643424124,POINT (-87.643424123981 41.734393365956),C,2,2019,13:08:00
f4c5fa8f092fb0b92c62bced7efc9bfaf50abdcbf263b1a274f99e15eea0e01415e0d3df936c8418f2f9fc63d797f84946d0ee75bcfe96e5d27e959a517b6c22,2019-03-02 14:30:00,CLEAR,UNKNOWN,UNKNOWN,ON SCENE,03/03/2019 09:30:00 AM,41.992896163,-87.680973163,POINT (-87.680973163042 41.992896163009),C,3,2019,14:30:00
f3633793bee43e72a647fe811319b3c189782a08cb5cb601695c66eaec52fdb39415fb2f4a22fd91c098902dc6456ed5da374a0ea5a21d3d4bcbe78df7add1f7,2022-12-24 13:30:00,CLEAR,DAYLIGHT,DRY,NOT ON SCENE (DESK REPORT),12/24/2022 01:50:00 PM,41.83512263,-87.704907129,POINT (-87.704907129044 41.83512263),C,12,2022,13:30:00
f343df94b49e3760a9f9e9c5d0b3adee81c4e79f6b00d96ef9210fc019c0fdb8ffebb7ca58156a794d259ac717b0b824df54a0e4cb9e6d9b2545dd9616c1356d,2021-02-24 13:35:00,CLEAR,DAYLIGHT,DRY,NOT ON SCENE (DESK REPORT),02/25/2021 01:58:00 PM,41.894228849,-87.625384759,POINT (-87.625384758996 41.894228848999),C,2,2021,13:35:00
f34c9256b9e3d518799415fac0dbcb9d51b057d2ceb0c7f2f019165af74a09591ba4f5912a4f17b62fc4ab595bf62e34695ac3fd1c85958d779b0c748df6c6f1,2022-05-27 08:05:00,RAIN,DAYLIGHT,WET,ON SCENE,05/27/2022 08:07:00 AM,41.858908833,-87.729904272,POINT (-87.729904271964 41.85890883299),C,5,2022,08:05:00
f53af1e50076d058465d1fc659dbe7210b83c118aedcbce03cb7b909fba70cd10fa1d0d0e289b292c2252a786eaef241e0dc8b20c9315e8d2f0103f2f611e8d1,2018-01-16 17:45:00,CLEAR,"DARKNESS, LIGHTED ROAD",DRY,NOT ON SCENE (DESK REPORT),01/16/2018 06:38:00 PM,41.781626709,-87.762015567,POINT (-87.762015567 41.781626708966),C,1,2018,17:45:00
f541d2216a756f0d02a663f3c8a0b602442e7aef4231848f51472f0cd71cc77d84ea85bc38f04c0a4eb1faf103f4c328bbd6bc209bf110381c06c48d64cfaf14,2018-06-02 12:00:00,CLEAR,DAYLIGHT,DRY,ON SCENE,06/02/2018 12:35:00 PM,41.938266954,-87.795761499,POINT (-87.795761499004 41.938266954026),C,6,2018,12:00:00
f58cb72546bb46b93ee8c72a9bbea8574753a17bda3f55656859d59587e89139d7592936c32f9615d4b4f6ed57a4198d331b2ad5730f0392a1afcaa869877a74,2021-06-02 20:00:00,CLEAR,UNKNOWN,UNKNOWN,NOT ON SCENE (DESK REPORT),06/03/2021 03:35:00 PM,41.914624584,-87.752981314,POINT (-87.752981313983 41.914624583962),C,6,2021,20:00:00
f730d3e7f8be8e6ea8c7b8ae2f6057ee046a2159dc1eaf834b6c74b0c4815be42d5770d6e70f31e37ff9c95eeccd566566dd68b2ba6e29e46b5814a96b3bd408,2020-08-06 15:00:00,CLEAR,DAYLIGHT,WET,ON SCENE,08/06/2020 03:04:00 PM,41.744151639,-87.585945067,POINT (-87.585945066953 41.744151639042),C,8,2020,15:00:00
f85a170a714d8d2a0761a78d1567be07de9398593e256f9563a0d72572bbbfdbd85f470ee716d42bee1f774d8e2c4ca94e05d626846587f692dbbdd8470b710e,2017-07-02 12:30:00,CLEAR,DAYLIGHT,DRY,NOT ON SCENE (DESK REPORT),07/02/2017 02:33:00 PM,41.893773028,-87.712756512,POINT (-87.712756512047 41.893773027997),C,7,2017,12:30:00
f6085c606f60a0c013f0894a1d100b2f8f60c3d5f2b5de408c47cd9f0cde4c51f7f0103d3aae6a0ca59b528be8617a24629b3e0ebb3da9d2ced49db715ea6813,2023-06-28 22:45:00,CLEAR,"DARKNESS, LIGHTED ROAD",DRY,NOT ON SCENE (DESK REPORT),06/28/2023 11:00:00 PM,41.990853025,-87.675780234,POINT (-87.675780233996 41.990853024988),C,6,2023,22:45:00
f6f13d38d4dc5b05190e443276e4021535b1e96dfb1bd73c943868f166e4d773489449d7b4bc91734bda996dc7da25cd6e89e15eef7434f9d73f1a522f5702bd,2020-07-20 14:45:00,CLEAR,DAYLIGHT,DRY,NOT ON SCENE (DESK REPORT),07/20/2020 06:00:00 PM,41.750388107,-87.669438517,POINT (-87.669438516967 41.750388106952),C,7,2020,14:45:00
f6ec0217d8276c26598fd67e041798b3afdb091b042192d3189913f5e5b1952a7b5f340a9b3cd9d94014f77ea51537f435ef69e9bfea092860b28c20fb80cbee,2021-08-23 14:00:00,CLEAR,DAYLIGHT,DRY,NOT ON SCENE (DESK REPORT),08/23/2021 02:42:00 PM,41.860260262,-87.623841742,POINT (-87.623841742029 41.860260261961),C,8,2021,14:00:00
f68826588b036f1100d93cf4837295e75885a4848c39fbf8faa876bc9c0203d4c7fea66db3fb2d60b3382314d486f62e9acd182ad57c65700531215fa1e1284a,2022-07-13 19:02:00,CLEAR,DAYLIGHT,DRY,ON SCENE,07/13/2022 07:23:00 PM,41.746415688,-87.646493444,POINT (-87.646493444048 41.746415687952),C,7,2022,19:02:00
f657c35b85bb062a4785eb843d740e69e692a939ee01b8fd662c64c4405b805e919d4644eacb6dbe0edccb04f9e48c9ace86fa8e231de7e24016e87e1b005dc5,2023-04-18 11:00:00,CLEAR,DAYLIGHT,DRY,NOT ON SCENE (DESK REPORT),04/18/2023 11:20:00 AM,41.898341319,-87.618057856,POINT (-87.618057855957 41.898341319021),C,4,2023,11:00:00
f7ccb23efb8b69e16e3f02af79c9c4c6839228ec47a018e9ecd08444d96fb51fa72e201a9cc229a1cdd08ae1d156c371ab1adcc9df5186b4b47abed7c5c2a608,2021-05-18 10:10:00,CLEAR,DAYLIGHT,DRY,NOT ON SCENE (DESK REPORT),05/18/2021 01:30:00 PM,41.920194924,-87.716713983,POINT (-87.716713983032 41.920194924042),C,5,2021,10:10:00
f736496842ca0ad2823e8d29dc91b0bb649ac2eff759f1dc9beff35fdaf08897a8553626f045e6b1ec4b462b92ec1e4d6fc4863a95eee0106cb2de222ca1a1ef,2016-10-02 15:05:00,CLEAR,DAYLIGHT,DRY,NOT ON SCENE (DESK REPORT),10/02/2016 04:00:00 PM,41.941445045,-87.666937794,POINT (-87.666937793989 41.941445045025),C,10,2016,15:05:00
f70e1a26e7275bc367da95a823c5dc18f5effe4a56cc70527370e40680836e3b2c4937273d07507047bc043bc081ccdb179a0b6008bae209c97048e90a75a7c9,2019-03-20 19:00:00,CLEAR,DAWN,WET,NOT ON SCENE (DESK REPORT),03/20/2019 07:25:00 PM,41.945935382,-87.818248114,POINT (-87.818248114045 41.945935382047),C,3,2019,19:00:00
f872df09c0b3cd6ca63b294e48c3225f79210d9192065fe5db88b7e1593a88cb9e3db27183c73709345d2b647751e9e85269030f9883d5f04d97087742a3cfa7,2016-03-29 08:00:00,CLEAR,DAYLIGHT,DRY,NOT ON SCENE (DESK REPORT),03/29/2016 09:30:00 AM,41.917103631,-87.687248767,POINT (-87.687248767006 41.917103631009),C,3,2016,08:00:00
f7bd0e1e32f1d85c9cefd2b14cd3d23e4d7edf0ade0b0d3ca64d2746df67f027d7f3950d041300499819640ff5c3a4f18adf14637c375173c8b455f20ef43d8c,2020-07-30 12:44:00,CLEAR,DAYLIGHT,DRY,ON SCENE,07/30/2020 12:51:00 PM,41.895527078,-87.699098183,POINT (-87.699098182975 41.895527077955),C,7,2020,12:44:00
f81bef32a3f3a76323fd575d69789c985780fd23234b3dfe91f9b0cff24f57d19c02672d75fc138cf759239a2bae7edfc12d77e8f4f378762becc379e6be51f6,2020-04-10 08:35:00,CLEAR,DAYLIGHT,DRY,ON SCENE,04/10/2020 08:37:00 AM,41.969433711,-87.761920631,POINT (-87.761920630954 41.969433710973),C,4,2020,08:35:00
f86b07cbffbe7f2e8805cf980d4d7bf41a587f883959ef4a9f8a5354a96791f61295b5b38dd7149a6a2bdb2d36a970f79151b116229f0fc970c9e16be8df36fa,2023-03-09 09:16:00,CLEAR,DAYLIGHT,DRY,NOT ON SCENE (DESK REPORT),03/09/2023 06:45:00 PM,41.898341319,-87.618057856,POINT (-87.618057855957 41.898341319021),C,3,2023,09:16:00
f5f7e1e76b24b0686b6a8bbd4b5bf33b87052d79c1408f21aa9974a4a7eb69b7a5487064f49f34bd269ea57a396aaa330dd13b85d26f915f64ea50e1c3a16d91,2017-09-30 15:47:00,CLEAR,DAYLIGHT,DRY,ON SCENE,09/30/2017 03:49:00 PM,41.827363248,-87.621826931,POINT (-87.62182693101 41.82736324801),C,9,2017,15:47:00
f5f862652fcbe5b1e6f2de77746df8185357d0213b02fc231f397d39a27a4dfaefe52fb16f3bf79dba4c53bd3daf641ba298dc58324e43b49d84d81ae84d1846,2020-11-12 17:20:00,CLEAR,"DARKNESS, LIGHTED ROAD",DRY,ON SCENE,11/12/2020 05:22:00 PM,41.976534052,-87.768327467,POINT (-87.768327467035 41.976534051981),C,11,2020,17:20:00
f73e79f206e95d2c41a4fc0e25e7344b31b07a7a63c55df6a4b743375815bfee3c9db0038284a23635189c494a699eb8c5c2be22f5858a360f4c9ad0dc317bbd,2021-01-12 12:59:00,CLEAR,DAYLIGHT,DRY,ON SCENE,01/12/2021 01:15:00 PM,41.891293713,-87.647680593,POINT (-87.647680593026 41.891293712961),C,1,2021,12:59:00
f82cc917c41213a1fa2ec3c09bbc610fa625d0ab3d93502a65d0e9cf8daf9850c9e2a5b990bd725549f023a42853fbfdccefdc5db312b22b605e52b8c22dbfec,2018-06-10 12:59:00,CLEAR,DAYLIGHT,DRY,ON SCENE,06/10/2018 01:10:00 PM,41.914723352,-87.689925182,POINT (-87.689925181989 41.914723352024),C,6,2018,12:59:00
f8479d974e1ae58cf442c3fc33849bf7defe20f5a9b126ce59c7b5a73f602161894099d190e58b3177b0269000e7c3245a2356cc768092555a07be196ee7f97d,2021-10-29 16:55:00,RAIN,"DARKNESS, LIGHTED ROAD",UNKNOWN,ON SCENE,10/29/2021 06:45:00 PM,41.875008491,-87.673536864,POINT (-87.673536864033 41.875008491025),C,10,2021,16:55:00
f6645b28c244b27ced158238684155ae9f7a912256b50bce158114f285c660cabbc656d19daffcac398091c24ceea69eb9272ca2e7ac833e78a172470d7f964e,2021-06-16 11:50:00,CLEAR,DAYLIGHT,DRY,NOT ON SCENE (DESK REPORT),06/16/2021 01:45:00 PM,41.932604222,-87.727148226,POINT (-87.727148226037 41.932604221966),C,6,2021,11:50:00
f6902104947d745aaeea92e04306363ef1f72a39e9d3a13c58c64992047761ff77d830f333232da00864be31eb71716a52b9c0e193a42af63955c166ca9675a9,2018-03-06 06:45:00,CLOUDY/OVERCAST,DAYLIGHT,DRY,ON SCENE,03/06/2018 06:55:00 AM,41.987230256,-87.664913669,POINT (-87.664913668951 41.987230255959),C,3,2018,06:45:00
f78530b6d480c882ac98a63fd7dbf47edb05506510f57f3950d21845a6642e8c724413bfa34d48bdcfeccd97e7f3e2829e04c29a9dfe9664b813abd39c87f014,2021-12-28 17:35:00,SNOW,"DARKNESS, LIGHTED ROAD",WET,NOT ON SCENE (DESK REPORT),12/29/2021 04:26:00 PM,41.924809953,-87.686052655,POINT (-87.686052654976 41.924809953006),C,12,2021,17:35:00
f5c014f6a16d7d8fa8e773f241f54d50f154988ea2dc74ec7b80701003d7c620001d404fa2cd90ab7142772b10af450c0daaa5d3f7f12afc86b4cb352adddebe,2021-12-03 17:42:00,CLEAR,DAYLIGHT,DRY,NOT ON SCENE (DESK REPORT),12/03/2021 06:52:00 PM,41.749362768,-87.605332981,POINT (-87.605332981011 41.749362768013),C,12,2021,17:42:00
f73ad2aeb6061b3ef06d6086fea53b424e154981fda345b3d8c44bd2b6161155c65a80f740e7fb386ed9f1cc6f9f7b12c1782feec298f93779485ad490b95818,2021-04-10 16:26:00,CLEAR,DAWN,DRY,ON SCENE,04/10/2021 04:26:00 PM,41.90296755,-87.704280767,POINT (-87.704280767044 41.902967549967),C,4,2021,16:26:00
f68cbd7a0594fd23f215310342d9738ca5c881f7c3c3287d5d802a582797235a607b9229c3a7ca074e4825bd482b09bd1a7d54ff60dcbc99454505d5b7ab2115,2023-05-21 13:15:00,CLEAR,DAYLIGHT,DRY,ON SCENE,05/21/2023 02:01:00 PM,41.735617968,-87.682663369,POINT (-87.682663369002 41.735617967973),C,5,2023,13:15:00
f78c42a3de0c2a6e50025fa1587f16de69db006ac74fa4c26e817103b56c6b0655092169c61bb09fd3fd04f371daa97e0e900371f4c728c89a4cbe85af78e6ae,2018-07-03 16:30:00,CLEAR,DAYLIGHT,DRY,NOT ON SCENE (DESK REPORT),07/03/2018 06:40:00 PM,41.751198591,-87.64298375,POINT (-87.642983750041 41.751198591009),C,7,2018,16:30:00
f6033b7056d89edfb2b4d63b6e0bfc3cf6228e2f4fbff3f0a8adedaa0f469635a48be3e0484f71a29b8c5a7eb9c2dcaed720b255e8eedf3a6fa215a6e6fd0fbb,2022-03-04 07:40:00,CLEAR,DAYLIGHT,DRY,NOT ON SCENE (DESK REPORT),03/04/2022 08:30:00 AM,41.777298211,-87.796086502,POINT (-87.796086502028 41.777298211004),C,3,2022,07:40:00
f686e447bb4a2e0b2247d0c83886521c22f5acc23f374b61d4c61407818f7affdaad6e36502b447f77d12ffcc6775378e39030d70c079a7f82dee8750df3b5c2,2019-03-15 14:30:00,CLOUDY/OVERCAST,DAYLIGHT,WET,NOT ON SCENE (DESK REPORT),03/15/2019 03:30:00 PM,41.846875226,-87.725311421,POINT (-87.725311421033 41.846875226015),C,3,2019,14:30:00
f836345191721fb0c94ee1a1313722168875d100a2c0a075da8f88c97e0dc7c9760ca0283fd4267ebbd3d1c26ee2572b72dc99e957683bacb490a903caa18ff1,2018-04-12 20:30:00,CLEAR,"DARKNESS, LIGHTED ROAD",DRY,NOT ON SCENE (DESK REPORT),04/12/2018 10:00:00 PM,41.807565059,-87.72342965,POINT (-87.723429650002 41.80756505903),C,4,2018,20:30:00
f77be3f29401f0e27edee439261c67525fb2bd4c76ae622b06583ca732c412fe94a856b0f0e362ed3c970aebff36bba29916a5f5948cb296bedd7c9758f41250,2019-01-27 23:00:00,UNKNOWN,UNKNOWN,UNKNOWN,NOT ON SCENE (DESK REPORT),01/29/2019 12:45:00 PM,41.744151639,-87.585945067,POINT (-87.585945066953 41.744151639042),C,1,2019,23:00:00
f5d6ccc901165aaa70214a8e2a3dca05bdc534fd08e0acb8314008ea1ad9b9d995676014d5e1a03977e093299020b690c6ac9c7c7f7144dd456f4b830261c9d6,2023-01-07 14:30:00,UNKNOWN,UNKNOWN,UNKNOWN,NOT ON SCENE (DESK REPORT),01/12/2023 07:00:00 PM,41.931190943,-87.780066315,POINT (-87.78006631499 41.931190943034),C,1,2023,14:30:00
f745e1b9615eea3df6622d2c1b7f3454f6dbeb608de7cbdc3d2780abb3f3d858b516523032eca93182c8a1abd38b6b0321e48ceb0afef0515d13b18ee69b9213,2018-08-25 23:15:00,CLEAR,DARKNESS,DRY,NOT ON SCENE (DESK REPORT),08/26/2018 09:38:00 AM,41.880556614,-87.637168587,POINT (-87.637168587045 41.880556614042),C,8,2018,23:15:00
f6ef262a6ecab9979e7ff6eaa62daf026e6d80eb6cf518ea7af7971d643e2f363e03958f77bcf44be51ad4245d1be5a45c696e6ceebfa0c1dce29cee6db2dc07,2018-11-30 17:15:00,CLEAR,"DARKNESS, LIGHTED ROAD",DRY,ON SCENE,11/30/2018 05:17:00 PM,41.837732675,-87.66589445,POINT (-87.665894449999 41.837732674972),C,11,2018,17:15:00
f7bbf415a06fcb7c96844a0ce8a4f56c0a1957a353a2dca9caf8ff7cd384ef205b9cf24b3cb025926032a37aa4169b588ae6c62cd75efd9237fd3f419825e9d2,2016-11-30 10:09:00,CLEAR,DAYLIGHT,DRY,NOT ON SCENE (DESK REPORT),11/30/2016 12:40:00 PM,41.94009648,-87.64884604,POINT (-87.648846039986 41.940096480034),C,11,2016,10:09:00
f76a8819bdc9793457873b65103a029db519f774a7597a5bbef752db05731ee25058061a3c4eff523aabb14668f2571bd6a4d17c044b70b5c831de73373c04c2,2018-10-16 14:51:00,CLEAR,DAYLIGHT,DRY,ON SCENE,10/16/2018 03:15:00 PM,41.793152189,-87.741459156,POINT (-87.741459155983 41.793152188999),C,10,2018,14:51:00
f6f288afce1a047d19527e030313effc4ec923f9f86aedbd9ded513a64d85dfd647e8c575f03bf188648c69d0b99bbf602ecc8b83475070cae155692024f960e,2023-04-24 15:11:00,CLEAR,DAYLIGHT,UNKNOWN,NOT ON SCENE (DESK REPORT),04/24/2023 05:00:00 PM,41.885781667,-87.733320133,POINT (-87.733320132975 41.885781667027),C,4,2023,15:11:00
f5c11d4a12d0cd3060d452e5ebd984204ecdb7f56b94bc7136afd04bc7669d07609e4fdf2ca4313d448f45dd3d3c3a2cc1af081f8a824a7d3d325efcd9ff2113,2020-09-20 03:30:00,CLEAR,"DARKNESS, LIGHTED ROAD",DRY,ON SCENE,09/20/2020 10:15:00 AM,41.994060517,-87.736319965,POINT (-87.73631996497 41.994060517003),C,9,2020,03:30:00
f7cf34295c950328688a905ead5c3a510ec6cc7fa6474629c8d0db51a34b20df99271a28815f9976723baf810e744001e5938f65d578649aa3b496498cbe6c9c,2021-02-26 08:30:00,CLEAR,DAYLIGHT,DRY,NOT ON SCENE (DESK REPORT),02/26/2021 09:15:00 AM,41.96282718,-87.714634684,POINT (-87.714634684029 41.962827180041),C,2,2021,08:30:00
f5b865e50fc1b4c468aaf340a9c7f29ac9f00cf0f8020688fcd1374aac73f11baa4496191576eb3a317b1abf43fe435a1796150aaf127b2f2ee3ec5c9b758858,2021-12-06 12:00:00,CLEAR,DAYLIGHT,DRY,ON SCENE,12/06/2021 01:15:00 PM,41.740560459,-87.574716082,POINT (-87.574716082046 41.740560458951),C,12,2021,12:00:00
f6c81e4f527df95b4685f48f87459a5937f358c55883526a4390eee3efdb8cec007701bf327fed54ff6b4a1468bbe737b65766ed27b8161faff86bc6fee238cd,2023-04-12 11:30:00,CLEAR,DAYLIGHT,DRY,ON SCENE,04/12/2023 11:33:00 AM,41.771236259,-87.724950377,POINT (-87.724950377022 41.771236259041),C,4,2023,11:30:00
f5dd7b3db022c7385e4a4ea7659a61e0b5e654d76f8edf9b2e236bcabf5e26524e0482236d7600ca4232e9add794b9f3cf2dad5bf71bef7d722328270f89fcbe,2021-10-28 16:15:00,RAIN,DAYLIGHT,WET,ON SCENE,10/28/2021 04:15:00 PM,41.751447568,-87.65390833,POINT (-87.653908329951 41.751447568023),C,10,2021,16:15:00
f5c0b0050933c6c73e5327407de7a4330ee0ccc295406031041bf48c0b4262c6feb3a8ef70de0e9ac4dee799574ef9d1b81aa4b52522cc61a9e9b9e43e4985be,2022-07-17 04:30:00,UNKNOWN,UNKNOWN,UNKNOWN,NOT ON SCENE (DESK REPORT),07/19/2022 02:00:00 PM,41.939186209,-87.756858211,POINT (-87.756858210994 41.939186208964),C,7,2022,04:30:00
f6f8ecfc3e3b830a2ba08b9fb9915813c29d1cd3f1dd0dff8119e8a7e1f6e420fed3fd73f3b5a104a19f1b44328eb527718ed2dda2e9cee07520239be65d60dd,2023-04-13 14:00:00,CLEAR,DAYLIGHT,DRY,NOT ON SCENE (DESK REPORT),04/13/2023 02:29:00 PM,41.789651746,-87.726395989,POINT (-87.726395988958 41.789651746021),C,4,2023,14:00:00
f6cf0289fb9ed9bd0569194c348d90b69bf81fc97114de26b966838e35d1877a9631d2871e18b9a2a3f26ec885d1cb535f4296755294df8c6744675ea12a6f1e,2018-10-22 08:30:00,CLEAR,DAYLIGHT,DRY,NOT ON SCENE (DESK REPORT),10/24/2018 10:15:00 AM,41.990020023,-87.809224289,POINT (-87.80922428895 41.990020023035),C,10,2018,08:30:00
f64d515e806eb1b1e4b51e8986e456bd7f380a46c65f6ff5a946ee22ca540cd27fd895797499f3c2cf839bd6b0d7d0a211ef394c5e339fffe340bf40ced447fe,2019-09-03 18:04:00,CLEAR,DAYLIGHT,DRY,NOT ON SCENE (DESK REPORT),09/04/2019 11:45:00 AM,41.893380429,-87.657587738,POINT (-87.657587737968 41.893380429025),C,9,2019,18:04:00
f63253f7141b422f54f7c5c2cf9b7ed1684bff34edb97f2331d5f2c30bdefeb5a4ceacc29bbd0e16c703de73cb52f8f0e1a54aa36d2dca81f29e89a8b1103cff,2022-06-27 17:00:00,CLEAR,DAYLIGHT,DRY,NOT ON SCENE (DESK REPORT),06/27/2022 05:27:00 PM,41.759853407,-87.644338447,POINT (-87.644338447024 41.759853407033),C,6,2022,17:00:00
f6044ec83e33c55a63fa6c8f5429457cc38f8c0acb40ac869f9bf30b316b173129e6de966ac5e0562de9db6f7b39d8b9a14ab6c2a6978254d85d0cbdfa2f2a9a,2019-11-12 16:30:00,CLEAR,DAYLIGHT,ICE,NOT ON SCENE (DESK REPORT),11/12/2019 06:52:00 PM,41.902880569,-87.71781703,POINT (-87.717817029992 41.902880568954),C,11,2019,16:30:00
f77a2355d47e838bfd8d89c3d4be7c577c983f0e5d8781fb6a6934a3710fc66ddbc5f782ad63272b1eacd977666c4a8aac1827a68e9a8471d4459560ed56d198,2015-10-16 19:00:00,UNKNOWN,"DARKNESS, LIGHTED ROAD",UNKNOWN,NOT ON SCENE (DESK REPORT),10/16/2015 07:30:00 PM,41.879813058,-87.725492182,POINT (-87.725492182032 41.879813057952),C,10,2015,19:00:00
f82980cff3e46a53a51ff4738eb0af7fef11f1290c823696f228e3c459dc28e7216f3bf176b1752d410dae9e29fed197cda9983e1cd077291e1aa62db5b0bb03,2020-10-01 11:55:00,CLEAR,DAYLIGHT,DRY,NOT ON SCENE (DESK REPORT),10/01/2020 12:00:00 PM,41.744151639,-87.585945067,POINT (-87.585945066953 41.744151639042),C,10,2020,11:55:00
f63441d03ae42773bd6e88077f0e81de2c62461a360b4106a6dbcbb38cc8f09d062d7b3b6c2e92bbdca45748c1f1154612655e84404d8aecb787c6d586990905,2018-12-18 17:30:00,CLEAR,"DARKNESS, LIGHTED ROAD",DRY,NOT ON SCENE (DESK REPORT),12/18/2018 06:30:00 PM,41.844469862,-87.716531999,POINT (-87.716531999035 41.844469861986),C,12,2018,17:30:00
f5b81d3e9aa4cacccac43d9502a1a7f8ce376c7289e5a62b89f34b4fef18a2cfee55bacf4fa66bdee1c2a58706615b011bde038b3266e748e728fc4dd2cce879,2022-12-11 13:58:00,CLEAR,DAYLIGHT,DRY,ON SCENE,12/11/2022 03:10:00 PM,41.778626381,-87.734907416,POINT (-87.734907416017 41.778626380981),C,12,2022,13:58:00