CRASH_RECORD_ID,CRASH_DATE,WEATHER_CONDITION,LIGHTING_CONDITION,ROADWAY_SURFACE_COND,REPORT_TYPE,DATE_POLICE_NOTIFIED,LATITUDE,LONGITUDE,LOCATION,CRASH_TYPE,CRASH_MONTH,CRASH_YEAR,CRASH_TIME
f5fd9567cdf25ae46e4f7e51f192f961a904ad4a1c65265c123d4b969e3ed3aff78a7f6f26b0460a4809d417a5f5a8deef805abf1e66e905606e2ff37447d343,2023-06-14 21:25:00,CLEAR,"DARKNESS, LIGHTED ROAD",DRY,ON SCENE,06/14/2023 09:30:00 PM,41.760970871,-87.569908074,POINT (-87.56990807398 41.760970871008),C,6,2023,21:25:00
f7ed6630eb195354bf7992c50cc15e6c97ed50bfd93b5e25b7e2ae32fd66c6f54ccf9e9148ea9a5d90769dee2d74575bca229028b4d490e72ce23b21551924b1,2021-06-21 20:46:00,CLEAR,"DARKNESS, LIGHTED ROAD",DRY,NOT ON SCENE (DESK REPORT),06/21/2021 09:40:00 PM,41.924439291,-87.739490621,POINT (-87.739490621032 41.924439290993),C,6,2021,20:46:00
f81b754cfd932e84f2509438954eafc2e72cc3439c146c10a11d1f804c351c1ba67d511fca0a58aeaa6d070fc7adf49c492633f277439b75071c4f3fd01663ca,2017-07-21 22:11:00,RAIN,"DARKNESS, LIGHTED ROAD",WET,ON SCENE,07/21/2017 10:11:00 PM,41.735733511,-87.721498188,POINT (-87.721498188022 41.73573351095),C,7,2017,22:11:00
f725b747a7fc4254abd2ba4b54426b0ab860c286bf5238b296ae8cac0458c6eca4bf74967af0f0d4d2e26a33aaf57ea3bf66c1c06f43a12ad23f7eef806dc35d,2023-06-19 17:48:00,CLEAR,DAYLIGHT,DRY,NOT ON SCENE (DESK REPORT),06/19/2023 07:00:00 PM,41.691587867,-87.689970392,POINT (-87.689970392004 41.691587867038),C,6,2023,17:48:00
f748811476fa1527e3ae1658be1641517ec5d88b4d481093ea1cadc82b212008a94fcd80378d38cd1dc1603efe0945265e1f65fa431ab6e4dad785526d18a380,2020-04-28 20:30:00,RAIN,"DARKNESS, LIGHTED ROAD",WET,ON SCENE,04/28/2020 08:36:00 PM,41.97600184,-87.689092635,POINT (-87.689092634969 41.97600183997),C,4,2020,20:30:00
f816740ebe3941ce8f1f9c3fd788405e1e0402707d91d796d985285f0995425e101aa4e1fb8622ade80875ddb11f0c50747297aaad4086f23b9ebd6f6e77732b,2022-06-16 20:04:00,CLEAR,"DARKNESS, LIGHTED ROAD",DRY,ON SCENE,06/16/2022 08:04:00 PM,41.87566181,-87.715869634,POINT (-87.715869633961 41.875661809982),C,6,2022,20:04:00
f68e9cd6f17847eae9c52420ed8ef4d80fa6aa178f349bec6e8537b1473fee865cdaaa875bd7bafd0eeaedee5998382cea32273d411dddd93f3d0cdd6a0cc8df,2016-09-18 13:50:00,CLEAR,DAYLIGHT,DRY,NOT ON SCENE (DESK REPORT),09/18/2016 02:45:00 PM,41.75869138,-87.60533417,POINT (-87.605334170015 41.75869137995),C,9,2016,13:50:00
f735334dbf0d1f0a958222a00de93355c2b26e684d14d08b0c82291623a93b70d87d6ec10fafd713b06a7301f1456c178158386afc65b3542ed223d351c91715,2022-09-18 15:30:00,UNKNOWN,UNKNOWN,UNKNOWN,NOT ON SCENE (DESK REPORT),09/18/2022 06:15:00 PM,41.763181195,-87.644215021,POINT (-87.644215021048 41.763181195035),C,9,2022,15:30:00
f7fd039a1bddc336c1fbc8feed9aa8c5e2422c86cc5a08c714be9c4ba8a5530736b609e8cd6c06ecb439a576935a8094fc05a45d0bccc1901c715b13168b24b2,2020-02-24 12:20:00,CLOUDY/OVERCAST,UNKNOWN,DRY,ON SCENE,02/24/2020 12:35:00 PM,41.756155582,-87.627810167,POINT (-87.627810167036 41.756155581953),C,2,2020,12:20:00
f6c6ed3207e1dfd206bbefe15edcf6813f31b8a22eb27fc07d64629ceca9d4850aa6f1e0d2535f13945004b02980fe6df940f2e262aa3220f7defabbf6691adc,2018-06-14 17:20:00,CLEAR,DAYLIGHT,DRY,NOT ON SCENE (DESK REPORT),06/14/2018 06:23:00 PM,41.896737923,-87.620221354,POINT (-87.620221354034 41.896737923045),C,6,2018,17:20:00
f68e2fe4d0ebf2999283c0f56bd71d41ae670896dd71e4113a4892f8685df37af65db2e803890cd8c89b44dd40d1a9331e921c007e06e7b1c1f821f924a026a4,2017-06-27 23:30:00,UNKNOWN,DARKNESS,UNKNOWN,NOT ON SCENE (DESK REPORT),07/13/2017 06:50:00 PM,41.885850057,-87.763462584,POINT (-87.763462583999 41.885850056955),C,6,2017,23:30:00
f84de23c48a9ead44bc7bf73fa344872008bf35a3cbeebaff087477f8cf9f1ae4f7c4381cb517a4b6cf1522d6b59e7a9eb4c545adc0a2bce9e6f82bba9de57c1,2019-12-28 18:25:00,CLEAR,"DARKNESS, LIGHTED ROAD",DRY,ON SCENE,12/28/2019 06:37:00 PM,0.0,0.0,POINT (0 0),C,12,2019,18:25:00
f8276e79dc2de2e17e55d4c80f71613f8f6d54d082134c570da66928c1439ee92b88cbaf7ddb1b432054332fbb32e875b02879b54bf3f4f1f0412a65232e50b6,2018-11-15 07:40:00,SNOW,DAYLIGHT,SNOW OR SLUSH,ON SCENE,11/15/2018 08:00:00 AM,41.698565454,-87.714358463,POINT (-87.714358463013 41.698565453998),C,11,2018,07:40:00
f76673b3af6e72b8b6219ea914d93156dd7041056795aa284d99c0f5872a32bd78ef4ae243e50c7fd512ed231bb3cbe8c424d2ff0405bad9041210b9d147f0a0,2021-09-15 09:00:00,CLEAR,DAYLIGHT,DRY,ON SCENE,09/15/2021 09:05:00 AM,41.958986951,-87.933993929,POINT (-87.933993928974 41.958986950953),C,9,2021,09:00:00
f6094ba78dbfb2713a25a1d409e87afd204c90e00488c4882ef3c530530fa1bc6f82bdc6eb0037936016593ac4c15ddb5ad9a59d4d5e337a1b699d63bf3b2c4f,2020-07-31 07:41:00,CLEAR,DAYLIGHT,DRY,ON SCENE,07/31/2020 07:47:00 AM,41.990361416,-87.694471537,POINT (-87.694471536961 41.990361416049),C,7,2020,07:41:00
f636d4a51a88015ac89031159b1f1952b8d92e49d11aeb18bb3c520d8dd150473a71d4f104f90127f608aa49ab382da5135770de1095a9e3dd63158e8a8ee622,2020-07-10 22:20:00,CLEAR,"DARKNESS, LIGHTED ROAD",DRY,ON SCENE,07/10/2020 10:20:00 PM,41.880385885,-87.725807044,POINT (-87.725807044026 41.880385884998),C,7,2020,22:20:00
f87c2371db034e834fdb7bb7e7223cacf4e191e1a5e00f6ff6b041151715f80ae3ab3fad8b7a05ce31713e271a86db476fd73e2140f7e187aa521838ef353ac0,2019-10-15 15:55:00,CLOUDY/OVERCAST,DAYLIGHT,DRY,ON SCENE,10/15/2019 03:56:00 PM,41.900698484,-87.624441574,POINT (-87.624441573972 41.900698483967),C,10,2019,15:55:00
f8164cd4c3ab4a3e272b2940ab4ba91b1c84bfb8089e4319c7d8afd34f8d360b76c1b2c2a03b022c6c5b63d1c04ef4f1f4a092fb248329dff84dfe18f2897bf1,2017-11-12 15:30:00,RAIN,DAYLIGHT,WET,NOT ON SCENE (DESK REPORT),11/13/2017 10:15:00 PM,41.954105717,-87.693290369,POINT (-87.693290369008 41.954105716988),C,11,2017,15:30:00
f740d057e94c3361fb9d0687ae900d8aabffed2d8ce8c5946922a882af1e337bb2aa821141cb3993a4846b8b0fffb95343096dba1351b5f0f5a31bcb65f710d9,2019-04-11 16:00:00,CLEAR,DAYLIGHT,DRY,NOT ON SCENE (DESK REPORT),04/11/2019 05:00:00 PM,41.880556614,-87.637168587,POINT (-87.637168587045 41.880556614042),C,4,2019,16:00:00
f82676a9477cafa38fef9bb3d27cd0ce27496e8ce5b14c66f12ce0d6e2c6e4034c3a88f1be0d0f12aed11460d57e7951c283fe2ce340bd2d7890a37f98d1e4e2,2015-10-25 00:05:00,CLEAR,"DARKNESS, LIGHTED ROAD",DRY,NOT ON SCENE (DESK REPORT),10/25/2015 01:15:00 AM,41.920509461,-87.693212359,POINT (-87.693212358995 41.920509461016),C,10,2015,00:05:00
f750e931a102a172458eb47befcca5e0455c48aef8a49a3d7678ab0ef855c5d3790319d44d41066f243aed4fbffa3045da7006ebead9415f84079bfb2cbb73bc,2016-11-05 13:20:00,CLEAR,DAYLIGHT,DRY,NOT ON SCENE (DESK REPORT),11/05/2016 04:07:00 PM,41.902815701,-87.717648644,POINT (-87.717648643968 41.902815700998),C,11,2016,13:20:00
f87208fa1371e9da7858673e3cc7e7ed7edd86bc8d95e342066050a3483fb74d32252003d07bd0c6405018bf82f6d28c047be61f9e5f81aa02b6d24befdb6f52,2021-10-31 22:47:00,CLEAR,"DARKNESS, LIGHTED ROAD",DRY,ON SCENE,10/31/2021 10:47:00 PM,41.744151639,-87.585945067,POINT (-87.585945066953 41.744151639042),C,10,2021,22:47:00
f6a53aee650eadf2c0af3fa79bf8b9c83241bf805a0149013bfd0e31b9d20a5f79846c23ab52b15c00926bfcf2921b6dba18f3e65187f28313055b2d21a269d5,2023-01-27 14:00:00,SNOW,DAYLIGHT,SNOW OR SLUSH,ON SCENE,01/27/2023 02:03:00 PM,41.79573461,-87.762555326,POINT (-87.762555325992 41.795734610035),C,1,2023,14:00:00
f6de1895d3503373c47b93b68269144ed546e3393811457237b1071774fdd45097704d5becf069601a3859a4c32f4529798e88867d6c13b4c1d22c323800fe88,2017-09-23 18:13:00,CLEAR,DAYLIGHT,DRY,ON SCENE,09/23/2017 06:14:00 PM,41.961238465,-87.713199375,POINT (-87.713199374979 41.961238465013),C,9,2017,18:13:00
f5b588dcc9a5769e1a5bd8768163c1f2fcfc1d5ef48a18da9581101a45824f00ae95315d2e0de930b72b48acb2ed57c5d7a4aea1fb90614a51c77d70e14c3d37,2021-01-13 15:10:00,CLEAR,DAYLIGHT,DRY,ON SCENE,01/13/2021 03:20:00 PM,41.786517617,-87.67415763,POINT (-87.674157629953 41.786517616999),C,1,2021,15:10:00
f66e8ff4d116d7209b0c868f4c86fa60ee905988fd1fecd93bd65b1d945e24ff3c5a9be471f1deb920ed67e67c7539f7864742664c7c85bcac07bd2aa47d32c5,2020-02-28 16:23:00,CLEAR,DAYLIGHT,DRY,ON SCENE,02/28/2020 04:26:00 PM,41.931607951,-87.697755776,POINT (-87.697755776035 41.931607951049),C,2,2020,16:23:00
f8045c39220f2209dfa1564bc9e53e1079a5b091f09d357d35f137edd4ae9f9494e2fd31f9a4571e39fb9ba4b6ba2c65b1d20ed77e0bb969c70ae961031b65c4,2023-06-16 10:30:00,CLEAR,DAYLIGHT,DRY,NOT ON SCENE (DESK REPORT),06/16/2023 11:00:00 AM,41.884600962,-87.627828521,POINT (-87.627828520965 41.884600961961),C,6,2023,10:30:00
f7b97414f32d83468ddc41ae55b063d8e56dd9d93145f1bc33e4a4958756df76cf9134f4c162acea4205ad620ff7d38823557593ccfb8cbfcf38a47ea6c27cbd,2018-06-10 09:55:00,RAIN,DAYLIGHT,WET,ON SCENE,06/10/2018 09:55:00 AM,41.902815701,-87.717648644,POINT (-87.717648643968 41.902815700998),C,6,2018,09:55:00
fb2f3a3c3245e3abdb6ee6fcbe56550cb337b01dee50636dc68b8ce859630d06084846da3588eb00d742b79e7350e3066e4a0435cb03c193012ae923a031735e,2016-09-16 21:40:00,CLEAR,"DARKNESS, LIGHTED ROAD",UNKNOWN,NOT ON SCENE (DESK REPORT),09/16/2016 09:45:00 PM,41.945104724,-87.654997704,POINT (-87.65499770401 41.945104724008),C,9,2016,21:40:00
f8fdf4bafab7f18fd21f53e19153af7d395a8e1e1b207413c838ea09dd584f88e87a814e7fc7cc728c9393739b7c0eb73eda56519941e917a7650edc4a14a110,2017-03-26 07:30:00,RAIN,DAYLIGHT,WET,NOT ON SCENE (DESK REPORT),03/26/2017 07:51:00 AM,41.751653288,-87.56386511,POINT (-87.563865109983 41.751653287983),C,3,2017,07:30:00
f97a914ad1dbb5b9a0bdd6491b8c531caf92c284c103b057f467a5db51864ab165740d4079a62542f335bea8343ffb462249186e2dbc5bbbe8a6514d448e78d5,2022-03-21 07:47:00,CLEAR,DAYLIGHT,DRY,ON SCENE,03/21/2022 08:17:00 AM,41.769361738,-87.613549341,POINT (-87.613549340977 41.769361737994),C,3,2022,07:47:00
f8ff341039063eee5050acc41d3240547f444ecbfbb5489c34c437488606e4b66b6103ac351f2e3682b4308a9f109db2bcb076c85f30fc320ecd70250d054743,2019-10-11 17:30:00,CLEAR,DAYLIGHT,DRY,NOT ON SCENE (DESK REPORT),10/11/2019 06:10:00 PM,41.744855614,-87.659803585,POINT (-87.659803584967 41.744855613969),C,10,2019,17:30:00
f8b6ff0d2a07c19f7c7f938e4cc52e91a33b6b953a5d40414ef90de933f46ae93b4c8e5ad2b3e630df69251fd6e1685d6d944e6c6c2d348c62b310f1f7e38e46,2020-02-26 20:03:00,CLEAR,"DARKNESS, LIGHTED ROAD",DRY,ON SCENE,02/26/2020 08:03:00 PM,41.969043242,-87.74790214,POINT (-87.74790214005 41.969043241977),C,2,2020,20:03:00
fa70abbac8435662cd0b8bf2a7a8637e4488c0a72c531e488ce79a435b76a332e611814fa890f28257a9ba84937cdbc205fc8c0cdeaba1552f5edd9902c9d1a2,2018-09-20 05:30:00,UNKNOWN,UNKNOWN,UNKNOWN,NOT ON SCENE (DESK REPORT),09/20/2018 08:00:00 PM,41.93353389,-87.724988129,POINT (-87.724988128981 41.933533890029),C,9,2018,05:30:00
f91e5f3ba051eefad1c8e2029c3e473d3edf744892e49fc30782b6d854f7b7cbdecdc3837431f2a8c69b4ae008f772a3d475f2099217de0384d3e49fb512f359,2018-02-08 01:09:00,CLEAR,"DARKNESS, LIGHTED ROAD",UNKNOWN,ON SCENE,02/08/2018 01:11:00 AM,41.779853803,-87.631809648,POINT (-87.631809647996 41.779853802992),C,2,2018,01:09:00
f99a33cab79c3cb31535720fbe326ae267c9fcdfeec49f156fcc0328e0a5b11cdf67ae1cb3221099f2465b084b13953ea00bde29efb17d1d5d7e569a732e3ed8,2018-05-03 14:36:00,FOG/SMOKE/HAZE,DAYLIGHT,DRY,ON SCENE,05/03/2018 03:03:00 PM,41.950676839,-87.643784743,POINT (-87.64378474303 41.950676838996),C,5,2018,14:36:00
f92fff70f5a0908a7786f4386f49b295a1092b1d319ff5f8d7c6ba1177d9b73e8e5cc2a738ef85f16adac0c5f4620e4f47c56dee2c2ae441041688fabc061b3e,2021-05-25 05:29:00,CLEAR,DAYLIGHT,DRY,ON SCENE,05/25/2021 05:29:00 AM,41.744151639,-87.585945067,POINT (-87.585945066953 41.744151639042),C,5,2021,05:29:00
f8d4dd843769bac65c943008afa971e9d0bdce27b6784cf5596cc0e55bc252b33e3e94fdb07a92375b562a4535575719fe88542f0f89c2dd9dc33914ae7b19b6,2022-11-08 12:05:00,CLEAR,DAYLIGHT,DRY,ON SCENE,11/08/2022 12:05:00 PM,41.744151639,-87.585945067,POINT (-87.585945066953 41.744151639042),C,11,2022,12:05:00
faf8ab5ffbb429b42a4b54b12f95fbe62841c1e919e12300912d835763b566deacc1cfc98ba12c86d2d3b0d11824cd3d04a12cefa171dfcb8fcb5089026a0a86,2023-06-16 10:12:00,CLEAR,DAYLIGHT,DRY,NOT ON SCENE (DESK REPORT),06/16/2023 11:00:00 AM,41.823431763,-87.685023932,POINT (-87.685023932014 41.823431762953),C,6,2023,10:12:00
f95a13aefec115c511ff6f1b6ad9202931be222e34afa89d542d3e0897c586e371086f27d73a8020faa485d6e52837486bade99b209a336270488a9093191e62,2022-05-01 14:15:00,CLEAR,DAYLIGHT,DRY,NOT ON SCENE (DESK REPORT),05/01/2022 02:48:00 PM,41.827363248,-87.621826931,POINT (-87.62182693101 41.82736324801),C,5,2022,14:15:00
fb269048d0a8b69825ccc483bc2cfac3959aec2f8fe354b948e6987f51c0e0f53e286ab22ab31157cf4a8083c3a4e9db8a0db3c75dcb6e6b6b87db41cd6ab40d,2019-11-25 15:15:00,CLEAR,DAYLIGHT,DRY,NOT ON SCENE (DESK REPORT),11/25/2019 04:14:00 PM,41.805574039,-87.7310119,POINT (-87.731011900022 41.80557403903),C,11,2019,15:15:00
fa0f0ca5e84b5cea5d61dc44e59860acc6abfd369df19077ee3a58489a571a058dbe87af3cbbada91431bc7271a4bc504f755e392e4525114d17003c34b8fa56,2019-09-24 14:00:00,CLEAR,DAYLIGHT,DRY,NOT ON SCENE (DESK REPORT),09/24/2019 02:17:00 PM,41.971696308,-87.713604934,POINT (-87.713604934024 41.971696308047),C,9,2019,14:00:00
fa87b2b8ee21ba6c37360281802a50df53ef678c2013c346eb67fab4a47cb59fc313dcaff8dcea26c2c008282a43c03b7c8c5dbfc303dfc707275d246055eee5,2018-12-01 14:30:00,CLEAR,DAYLIGHT,DRY,NOT ON SCENE (DESK REPORT),12/02/2018 04:45:00 PM,41.879714362,-87.774496221,POINT (-87.774496220954 41.879714361958),C,12,2018,14:30:00
fa06540dcc54866db0722372f3848eb1de8c2ca0560cb6eecbecbbbd0294ec3ab90f9c9ecc9ebe64307227d18fb362a6fffe24286ea5e5eca01aa0e90d788351,2020-02-22 17:05:00,CLEAR,DAYLIGHT,DRY,ON SCENE,02/22/2020 05:10:00 PM,41.782063118,-87.609309199,POINT (-87.609309198979 41.782063117967),C,2,2020,17:05:00
f94e725d2269b8b1c6cf282cb2e8f26f70976b7daa24a76577e7938622120174dedc2e0c92cb17d659c99b7591c74809b52541eb4f77ba64d780aafd2ae96663,2022-02-24 19:20:00,SNOW,"DARKNESS, LIGHTED ROAD",WET,ON SCENE,02/24/2022 07:20:00 PM,41.735447546,-87.68054453,POINT (-87.680544529968 41.735447546029),C,2,2022,19:20:00
f923024d1e1c54b9ffd8b7d2545058de5e4f315f643746979aa64b3d1b43f21b1cf8c8708d1e0560cae0256d9ac5d7546d50b6b746476253e6fb1b29dae352f0,2022-04-08 05:40:00,CLOUDY/OVERCAST,"DARKNESS, LIGHTED ROAD",WET,NOT ON SCENE (DESK REPORT),04/08/2022 06:40:00 PM,41.884546961,-87.64758764,POINT (-87.647587639978 41.884546961039),C,4,2022,05:40:00
f8e6f74c161daf84a61d802895438c6883f95adafe4da98b382a932926ff29db2d6f6c189913a197b21da949e7a2ce67354770c79f9f9df9ad48a1b2da8d28c2,2018-12-18 17:00:00,CLEAR,"DARKNESS, LIGHTED ROAD",DRY,NOT ON SCENE (DESK REPORT),12/18/2018 06:52:00 PM,41.875187144,-87.640922569,POINT (-87.640922568976 41.875187144024),C,12,2018,17:00:00
fabc443a0c41ced8e64cdb550850c6acba0f5cc37ca880d3b495c15e748b245cccdecc573b5d40cb86578d152879fc59e161617f9ad2313766771278ef37005a,2022-11-27 12:27:00,RAIN,DAYLIGHT,WET,ON SCENE,11/27/2022 12:28:00 PM,41.744151639,-87.585945067,POINT (-87.585945066953 41.744151639042),C,11,2022,12:27:00
fad5710abc82afcc447b4167106b104d3498f7304e412d37b459afa66c28e4109a78337728dc46e3d608d24351031d8303d2f17a3f6fc8aa30341ec7e81a0d9b,2021-06-21 09:00:00,CLEAR,DAYLIGHT,DRY,NOT ON SCENE (DESK REPORT),06/24/2021 09:15:00 AM,41.956743933,-87.711508511,POINT (-87.711508510962 41.95674393301),C,6,2021,09:00:00
fa5f775ebfcfa7f2cfbd76e6c4a20c9e49b70550989ee54b17f2a580a94d57d956439ceaa8bf164dc9b3af93e066cfc61af1a7bf1b73efba33adac1a228a190e,2019-10-28 09:40:00,CLEAR,DAYLIGHT,DRY,NOT ON SCENE (DESK REPORT),10/28/2019 10:00:00 AM,41.808749374,-87.66230696,POINT (-87.662306960034 41.808749374011),C,10,2019,09:40:00
f95d735b97a6fdda5abfdea828fdcbbe49d394fc00edb31fbb694951fee4776a19c7e0f9d8d388051b1f1710236cb23957bd27cced9ef363eb6d345ab44c6d41,2023-01-10 08:30:00,CLEAR,DAYLIGHT,DRY,NOT ON SCENE (DESK REPORT),01/10/2023 02:18:00 PM,41.909020159,-87.803307926,POINT (-87.803307926018 41.909020158971),C,1,2023,08:30:00
f9fdcb6220bfd428c4f85368d408a3e4958656639bbcee38332bd5078495f94cdbb3056ec3f91a4c9a99a0290001fb40b66baf3f18d660ce4e39adf2dbc5a1af,2021-05-05 11:30:00,CLEAR,DAYLIGHT,DRY,NOT ON SCENE (DESK REPORT),05/05/2021 02:45:00 PM,41.881605206,-87.753121237,POINT (-87.75312123703 41.881605205978),C,5,2021,11:30:00
fb260adb7bef882b112e81eacabd2753d71e0d941eb49444690933ea36cc9aa9257a7c6ef753bdcd708e9a9dc059ffa74c5add999a378a0a78de4f0f85c05366,2021-11-11 22:30:00,CLEAR,"DARKNESS, LIGHTED ROAD",DRY,NOT ON SCENE (DESK REPORT),11/17/2021 08:05:00 PM,41.937553574,-87.72108451,POINT (-87.721084510004 41.93755357403),C,11,2021,22:30:00
fab9d2404fcb2113019cb596ea7c39e8c8560d402798f7700f7fd6a7101e65e401f959940d2002e4672ac26d88277859481f3f7cfa87294309192bdc09748779,2021-05-04 23:14:00,CLEAR,"DARKNESS, LIGHTED ROAD",DRY,ON SCENE,05/04/2021 11:19:00 PM,41.875714397,-87.749528363,POINT (-87.749528362999 41.875714397),C,5,2021,23:14:00
faffe18cd8b89ade0265ce993a3b95e5f498fbb2a8900462c2c047263876e290bcf0cb746c86c78b58116c492a4d03a025e32c6a7c35cf9afa5677f86fcfe813,2023-04-02 01:04:00,CLEAR,"DARKNESS, LIGHTED ROAD",DRY,ON SCENE,04/02/2023 01:04:00 AM,41.956801231,-87.760542538,POINT (-87.760542537994 41.956801231003),C,4,2023,01:04:00
fa799a198c0853d4ea77a40fd3c5448e177c076afc893f4a0ddaeeeeda7a278bdffc0e6734405cd44b60b3e06e6db93481ef3cd6e7e28d94b3b90ac7ea4e0858,2019-10-30 14:15:00,RAIN,DAYLIGHT,WET,NOT ON SCENE (DESK REPORT),10/30/2019 02:45:00 PM,41.932604222,-87.727148226,POINT (-87.727148226037 41.932604221966),C,10,2019,14:15:00
fb446c84d3cafd56593e64d513ccafc1b16a3996ac730fded9cd991675b9fab9272d49967e32601a4a42616c3e3079731d9013cb767efb8ca4c2deee9e458e77,2021-06-04 17:22:00,CLEAR,DAYLIGHT,DRY,ON SCENE,06/04/2021 05:36:00 PM,41.721256457,-87.643062482,POINT (-87.643062482016 41.72125645696),C,6,2021,17:22:00
fb57232e50a95057492916bb747c9c9283ccd2f7f410026e1f176f10e785914b3b1fdd801c39940e7abf15bfd3d25339a08ac9131467d118d254b53ad847223a,2017-07-18 08:30:00,CLEAR,DAYLIGHT,DRY,NOT ON SCENE (DESK REPORT),07/18/2017 10:30:00 AM,41.990024694,-87.728708871,POINT (-87.728708871015 41.990024694008),C,7,2017,08:30:00
f8e91178546c7385b58502f26f2cf379d3f2d5bdfb4139b9e4ba269c6ebeb24805a132ffc4d52ef0ce45c270e923050e8c098e3577c05d21b10322b19f9175bc,2022-11-19 06:15:00,CLEAR,DAWN,DRY,ON SCENE,11/19/2022 06:19:00 AM,41.953750194,-87.728489892,POINT (-87.728489892005 41.953750193958),C,11,2022,06:15:00
f9e461f0d8da0a2236af21d209984fbad8741c25a69f336405d0b2a6333e7a04b8f53046147912e02efa56863756250e4e44e5f3acf761ceadf03354acf5f6cd,2022-01-14 12:30:00,CLEAR,DAYLIGHT,DRY,NOT ON SCENE (DESK REPORT),01/17/2022 11:30:00 AM,41.765563782,-87.624825828,POINT (-87.624825828045 41.765563782008),C,1,2022,12:30:00
f9dd34cc1d117c98250e1826e27f4c8872d933742b437bb49c8305d3d08f371ccf0bcec86044ad0d2bb797f27a44a6fc4ca40203cf3babd120d0c38e612264cc,2019-02-25 21:25:00,CLEAR,"DARKNESS, LIGHTED ROAD",DRY,ON SCENE,02/25/2019 09:34:00 PM,41.950319557,-87.810982279,POINT (-87.810982278954 41.950319556994),C,2,2019,21:25:00
f9d1487e11f7eb946b86ce5ac73f53e9e3bce9da551ed23470efd63a6dae8e6771f9eda81847cd7395a6650386d25862ef3efaa64f675a85523653ad44904260,2020-08-26 09:45:00,CLEAR,DAYLIGHT,DRY,NOT ON SCENE (DESK REPORT),08/26/2020 11:35:00 AM,41.974645684,-87.659970179,POINT (-87.659970178971 41.974645683985),C,8,2020,09:45:00
fa24f1674d5cba3726c22a57c28a736f4ddca0557e9dcfabf0f7ad7bca2753d3b493c850bee8e841cc8798d4557fd024c451e0181b6bcdaa76c6018672aea9c4,2022-10-23 15:25:00,CLEAR,DAYLIGHT,DRY,NOT ON SCENE (DESK REPORT),10/23/2022 04:15:00 PM,41.942978341,-87.670803378,POINT (-87.670803378013 41.94297834098),C,10,2022,15:25:00
f9442843d6f2dfbd6d59743ffc05eb6053f27353544aaf0cb6308d86704af93d88a08aef5fa75f30721d6a430449ecd5447e50c364763250146c6202d6591e08,2023-07-19 16:20:00,CLEAR,DAYLIGHT,DRY,ON SCENE,07/19/2023 06:57:00 PM,41.799828867,-87.596796745,POINT (-87.596796744987 41.799828867039),C,7,2023,16:20:00
fa6f55de5aa82b0343beec173fb51f75fe9c0e618b21b24ff47e940548f835979282bb10c1186c6f761a7d4ef6b830c1a332d66e69a28eccd7aa0f8a9df54851,2020-11-11 23:30:00,CLEAR,"DARKNESS, LIGHTED ROAD",DRY,ON SCENE,11/12/2020 12:42:00 AM,41.759034676,-87.578089257,POINT (-87.578089256975 41.759034676007),C,11,2020,23:30:00
f9ca8de9d26ea1acfb6daeb87541743a7536653705ed3b0e9f7ec6153c02b6dccc36c50d2c1fb76755e5a9a055f4f0afe9f4fe46956d47b189374cdeb244e30e,2023-01-14 02:50:00,CLEAR,"DARKNESS, LIGHTED ROAD",UNKNOWN,ON SCENE,01/14/2023 03:45:00 AM,41.742009744,-87.741108545,POINT (-87.741108545013 41.742009743955),C,1,2023,02:50:00
f93cb0d29674a44b363d238476f7d2991d2c65883f3ac3ebb28a6c81d5e365a6508991624bd9b1468cf19ca1a0ac5f280658490337f75e2931779b544d88c9c3,2018-01-26 22:15:00,CLEAR,"DARKNESS, LIGHTED ROAD",UNKNOWN,NOT ON SCENE (DESK REPORT),01/26/2018 10:30:00 PM,41.809572517,-87.611394621,POINT (-87.611394620986 41.809572516992),C,1,2018,22:15:00
f928917ce8310052225fdd74f2783c5c8c6fadee63990f2f295f97d61b1cf16d853d432e99905c982a0d1cf4e3f92487a8b7e56be432b935b37390d90e0afcbc,2020-07-08 14:50:00,CLEAR,DAYLIGHT,DRY,NOT ON SCENE (DESK REPORT),07/08/2020 03:20:00 PM,41.756061973,-87.639583836,POINT (-87.639583836047 41.756061972991),C,7,2020,14:50:00
fb37899b905799470ffaad66b09eacc3867918220aa9f805ac4cbcfb4a76d21a18b41ba6a1ec10d27d318bafeeca515764f6319c1897919de27cefb7e358e8ab,2019-02-11 09:05:00,SNOW,DAYLIGHT,SNOW OR SLUSH,NOT ON SCENE (DESK REPORT),02/11/2019 09:30:00 AM,41.861248347,-87.69560597,POINT (-87.695605970043 41.861248346977),C,2,2019,09:05:00
f8bae9ff96d2559013fc87f321318dd880b77f99d5137d7390366617315f1687d4d4a7a24dd4769eaaf13e5b5908f75b57896e123988bf13b63d670ea96aeb60,2017-11-23 08:30:00,CLEAR,DAYLIGHT,DRY,ON SCENE,11/23/2017 08:33:00 AM,41.882230166,-87.757516765,POINT (-87.757516764957 41.88223016602),C,11,2017,08:30:00
fb299362e87947e4effaf53ea83d92b2828c0b4e847a79acbc157e9981b425829a5421cff308cafe9704f1b05edaaed2bf167b1e4c50430d4cec034f255fc423,2019-03-27 07:25:00,CLEAR,DAWN,DRY,ON SCENE,03/27/2019 07:30:00 AM,41.762009489,-87.612901284,POINT (-87.612901284021 41.76200948897),C,3,2019,07:25:00
fa59da0506d00efbf5dcd2b17f94d9a2095724ad0d5a02dff02b43545530ee665afc5ed8875edcd9a325133b0afdf5baf05d7e9140b73e6e5fe6dfce322f8c88,2019-07-10 14:30:00,CLEAR,DAYLIGHT,DRY,ON SCENE,07/10/2019 02:45:00 PM,41.939722192,-87.663672449,POINT (-87.663672448997 41.939722191991),C,7,2019,14:30:00