CRASH_RECORD_ID,CRASH_DATE,WEATHER_CONDITION,LIGHTING_CONDITION,ROADWAY_SURFACE_COND,REPORT_TYPE,DATE_POLICE_NOTIFIED,LATITUDE,LONGITUDE,LOCATION,CRASH_TYPE,CRASH_MONTH,CRASH_YEAR,CRASH_TIME
fab9b65927913b32bf28f2fda764bf57b4c1e489b424b811b8caf5464d675389585e530bff2c3f7f4ac42a54d43189b0361e8c3fd9f42a2423f655be6b0d19c7,2023-04-21 00:08:00,CLEAR,"DARKNESS, LIGHTED ROAD",DRY,NOT ON SCENE (DESK REPORT),04/21/2023 12:08:00 AM,41.938349123,-87.790716543,POINT (-87.790716543026 41.938349122986),C,4,2023,00:08:00
f8e513a7cffbd2328f144b98e99e8d0b454dec145456785a1639cc19e332b034cd3215fa8f4bd2f700920d2c3d5629876edd81f40bb712bcf5e4b3d4cda51c88,2023-05-12 15:45:00,CLOUDY/OVERCAST,DAYLIGHT,UNKNOWN,ON SCENE,05/12/2023 04:20:00 PM,41.907717718,-87.745916874,POINT (-87.745916874041 41.907717717976),C,5,2023,15:45:00
fa1647b25bb86203138ddd10a5cee6ac6a607f2d640a68a0361abee5ac6281ffaa989118bdf2423ad9b5d120ba29c194a88e9c82486e97d99787f41d67bb2ff2,2017-07-12 13:15:00,RAIN,DAYLIGHT,WET,NOT ON SCENE (DESK REPORT),07/12/2017 02:15:00 PM,41.893918609,-87.624085833,POINT (-87.624085832985 41.893918609004),C,7,2017,13:15:00
f94ebc9cfdff1078c5c1766ddd5227114108d879a9311ffa6290fd72c8134644a8031d68608ed4835be21ce6dd3193dfecb4e2d1133615b390567a91a71cd3e2,2022-11-30 16:00:00,CLEAR,DAWN,DRY,ON SCENE,11/30/2022 04:04:00 PM,41.894854301,-87.626952553,POINT (-87.626952553038 41.89485430104),C,11,2022,16:00:00
fb2b736eb4bfba3c9e4882521051699d914e9b316398875081f71edd5d99bd4fe7e41df82de467b8025317a93ac46d78f0873a64c3c74f7dbfeca0499d1bf16d,2017-08-24 14:20:00,CLEAR,DAYLIGHT,DRY,NOT ON SCENE (DESK REPORT),08/24/2017 02:52:00 PM,41.837732675,-87.66589445,POINT (-87.665894449999 41.837732674972),C,8,2017,14:20:00
fa2300826a8df132c1a5b423608e0669dac3a191dfa80a318d8d32f31723bb635d507240b62e42851341c4a0d3f624d074aac65756d80c8307bd1c4bb3d99dc1,2016-01-11 14:00:00,CLEAR,DAYLIGHT,DRY,NOT ON SCENE (DESK REPORT),01/12/2016 03:30:00 PM,41.846972283,-87.736741559,POINT (-87.736741558983 41.846972283031),C,1,2016,14:00:00
fb61469b034245e3d2f1bc7b42dd6d1efb617acd9bcd0481938d84e6033663009f060f1cb931ac50401c264cff750efbb9d76f8c2b572f5bf9d2546d98605d44,2020-02-14 08:15:00,CLEAR,DAYLIGHT,WET,ON SCENE,02/14/2020 08:23:00 AM,41.851870689,-87.689909865,POINT (-87.689909865 41.851870689014),C,2,2020,08:15:00
f94d6172a22ee0092a28b51ddb88c905a6d880e7d7fe0e654faf19530564500dd7ccc65d208eac8c99834c2001735a80b7c23be26e30358d0fa0285c80a7d997,2022-04-28 13:35:00,RAIN,DAYLIGHT,WET,ON SCENE,04/28/2022 01:50:00 PM,41.744151639,-87.585945067,POINT (-87.585945066953 41.744151639042),C,4,2022,13:35:00
f95a4abfe1f8ff12f2f801c138dfb0bf8fcd8c190045cb01ee3a3aa0e37d2b3fdc906bc915fc7ae15c78e2cc85665f2229287b00e7b80f9d02748d95084cd054,2019-06-15 08:52:00,CLEAR,DAYLIGHT,DRY,ON SCENE,06/15/2019 09:03:00 AM,41.884546961,-87.64758764,POINT (-87.647587639978 41.884546961039),C,6,2019,08:52:00
f8ec206b6d3e105d03177a954f3703d758f55c50a96989f60241ff14e7cea4b784d375318bac05e73a62b980207795e63f9b6d2d7f90845bba0e822fa923d5df,2023-08-10 18:00:00,CLEAR,DAYLIGHT,DRY,ON SCENE,08/10/2023 06:27:00 PM,41.894238068,-87.629574615,POINT (-87.629574614964 41.89423806798),C,8,2023,18:00:00
faef099c3a38070c5d4b0e0acf9d582c58d9c2e48384acfbf0b0f0a89f4dd5fec08e1b1bab86faaf946f5891e206bdefe9e6339d23a73644be1e8e0015b18480,2017-02-25 22:47:00,CLEAR,DARKNESS,DRY,NOT ON SCENE (DESK REPORT),02/25/2017 11:00:00 PM,41.877069327,-87.628864995,POINT (-87.628864995003 41.877069327002),C,2,2017,22:47:00
faed248b3b8f0dccd36a5be06e45a71115023d651af9625055bcc0fdf94f5d8db1d97412fc676c830bfb8a84a9b36ce2a4faa30851649a18ed4b0cd42d5acc7d,2019-10-17 05:16:00,CLEAR,DAYLIGHT,DRY,NOT ON SCENE (DESK REPORT),10/17/2019 04:27:00 PM,41.801401913,-87.723544598,POINT (-87.723544598036 41.801401912995),C,10,2019,05:16:00
faae0d9c982c4ca6e9492a92186e258d5886e1810f6cb8d6a0733a184cc330a8e6959048964992d00e942e0f8f008c0b38ff93c544971e4502a73d2bfec8f38f,2019-01-01 18:03:00,CLOUDY/OVERCAST,"DARKNESS, LIGHTED ROAD",DRY,ON SCENE,01/01/2019 06:06:00 PM,41.891955277,-87.617777237,POINT (-87.617777237011 41.891955276985),C,1,2019,18:03:00
f89435dd5ee69bea46cca61327a42768915587a0c1355300d0ce641d8e762a4a7e36f11515c4b50f721a27b38330533adaf91b7874558708dcec2586d291e6c3,2023-05-25 09:15:00,CLEAR,DAYLIGHT,DRY,NOT ON SCENE (DESK REPORT),05/25/2023 09:30:00 AM,41.707206697,-87.613703078,POINT (-87.613703078046 41.707206696952),C,5,2023,09:15:00
fa3375ebe28842ec7f1aa73a7ad8130dc526302b7dc28ebbb1e26515b2ca29b67bfc988c4111e4e430b142b237e533c3b92404eec07efd5863f479e49267aa0c,2017-04-07 14:00:00,CLEAR,DAYLIGHT,DRY,NOT ON SCENE (DESK REPORT),04/07/2017 02:30:00 PM,41.877500602,-87.774481994,POINT (-87.774481993954 41.877500602),C,4,2017,14:00:00
f8960f698e870ebdc60b521b2a141a5395556bc3704191940ed0ed01a85e7bd4c9cbe76050bb9d13f33d0dfc786c621ba482e63306bfdf3bf5be1ed671b79281,2020-07-11 01:00:00,CLEAR,DARKNESS,DRY,NOT ON SCENE (DESK REPORT),07/11/2020 08:30:00 AM,41.802118543,-87.622114915,POINT (-87.622114914961 41.802118543011),C,7,2020,01:00:00
f9da6408eeb533b5e08867eccf7de13efa3a59a42b53d8cafcecd391fb2b4f2585ec6ed9a63fa64d4dbd4b8e883939926a89f1bee3aeeb382d31dd4d0145dea6,2022-06-03 19:20:00,CLEAR,DAYLIGHT,DRY,ON SCENE,06/03/2022 07:40:00 PM,41.772806858,-87.626323163,POINT (-87.626323163035 41.772806857952),C,6,2022,19:20:00
f90a97f6a37928fee3bf8c696207a0d4c667acf033cd47768a933bd4f5cd78592d6056d19cc62eb3f030009da07eb5729fa31e97e1731bf7b717864afcdc1673,2019-02-10 22:00:00,SNOW,"DARKNESS, LIGHTED ROAD",WET,NOT ON SCENE (DESK REPORT),02/12/2019 06:50:00 PM,41.895499511,-87.723699547,POINT (-87.723699546998 41.895499510995),C,2,2019,22:00:00
fadd674372e02f8a60cf1c18431cdf185da88e7e64f83bf22aeadbefe9b90f863bb61f9598bdf9b8892b692cddde81459a321b39799ff16749e523f8f8345d66,2019-10-10 08:15:00,CLEAR,DAYLIGHT,DRY,ON SCENE,10/10/2019 08:36:00 AM,41.775048833,-87.60595789,POINT (-87.605957890049 41.775048833022),C,10,2019,08:15:00
f9fc7f4e71dd10ed49a5d6ebfc8a623954e149366d9b98d9e91787b5ba51f45b985ffd54efd24343ff1c50c081f3fa401ebaca5993c8f605b9567fe0b9ac6707,2020-05-08 00:30:00,CLEAR,"DARKNESS, LIGHTED ROAD",DRY,ON SCENE,05/08/2020 04:25:00 AM,41.757390908,-87.65163643,POINT (-87.651636429959 41.757390907979),C,5,2020,00:30:00
f981c62e52d111b4d44200fcaa0e453c3d03eb59c05bbb3144e0d380247049facff275697e04819980a11e0f42b6192ccad1a51dd8fb921ab798facc3cdf8c7a,2016-09-20 16:45:00,CLEAR,DAYLIGHT,DRY,NOT ON SCENE (DESK REPORT),09/20/2016 07:15:00 PM,41.84434083,-87.711276265,POINT (-87.711276264979 41.84434082995),C,9,2016,16:45:00
f980b0d86d07bac146b02803d2997f5261f04f46c4e01ffeabab2f48ae157e1e943928ccb8e2c1fa0843e82ef8a466e7a767fa7272723421d05baaf61dac9fb6,2018-12-20 16:45:00,CLEAR,"DARKNESS, LIGHTED ROAD",DRY,ON SCENE,12/20/2018 05:10:00 PM,41.75869138,-87.60533417,POINT (-87.605334170015 41.75869137995),C,12,2018,16:45:00
fadd5bfef676f47797d3a7a5f9a05f08910fe3e94560769db4f41a625c7171e4280d99a319361eab41b930e5263f29a37cc1356ac411253a00350d48dca6f772,2021-05-03 17:50:00,CLEAR,DAYLIGHT,DRY,ON SCENE,05/03/2021 05:50:00 PM,41.894773558,-87.638688377,POINT (-87.638688377005 41.894773557958),C,5,2021,17:50:00
f8ce968b2a4a99f5cdaab7ec435e4261ac6ebf3d2e27fe02a6f83c98e1417ae6f134b6b32e0b425576286636ea7aee50024fe708e60e840799f5549b179407b4,2016-09-09 11:50:00,CLEAR,DAYLIGHT,DRY,NOT ON SCENE (DESK REPORT),09/09/2016 12:20:00 PM,41.795128434,-87.727034142,POINT (-87.727034142026 41.795128433959),C,9,2016,11:50:00
fb223b19e0535fc8f4b1a69d897fba44620306c45ead72c2e47afc51bb96862a16599079ead2f87c4f719d02aba09bfa79ba62363a4fd8c67475995d999a48fd,2019-09-23 11:00:00,CLEAR,DAYLIGHT,DRY,NOT ON SCENE (DESK REPORT),09/23/2019 04:55:00 PM,41.917103631,-87.687248767,POINT (-87.687248767006 41.917103631009),C,9,2019,11:00:00
fb0092c45f643b44c3a3b89905ac46940de71fa22fac8397b32f820b16d03b8b9d3aa36b6f2371ceeca2376abbcc5cd97b8ea4ee08748f8cf1ed855d8aac79a1,2016-09-25 15:45:00,CLEAR,DAYLIGHT,DRY,NOT ON SCENE (DESK REPORT),09/25/2016 08:44:00 PM,41.797558326,-87.74274468,POINT (-87.742744680037 41.797558325998),C,9,2016,15:45:00
faae9bd87911414c0a4845544537204bd1d48361703206fb724458395e4df0b77f86dda02b78a4c58e4df9ffe8e755126a9508132f64b7d0bdebb020e45da549,2023-07-12 20:15:00,UNKNOWN,UNKNOWN,UNKNOWN,NOT ON SCENE (DESK REPORT),07/13/2023 08:45:00 AM,41.941883022,-87.644605003,POINT (-87.644605003003 41.941883022027),C,7,2023,20:15:00
f893e60ba92c4d1fdc38b901bd49e9c80faa0cfcc2f8795af362320e179b6674d20e930e110bc023fa1232d7ac8b4e169e30731247dcbeeba13eb25f06eeea1d,2017-04-01 01:30:00,CLEAR,UNKNOWN,DRY,NOT ON SCENE (DESK REPORT),04/01/2017 02:33:00 PM,41.882211292,-87.710898608,POINT (-87.710898608036 41.882211292041),C,4,2017,01:30:00
f9147e24c96d494f0369163733ef55ed7b76dca54fda01f21506609799ed36349629313ab11342a0d60dd0905e6c62021ea73543f9c39df751d08489dbc51a49,2019-02-11 19:43:00,SNOW,DARKNESS,WET,ON SCENE,02/11/2019 07:43:00 PM,41.96282718,-87.714634684,POINT (-87.714634684029 41.962827180041),C,2,2019,19:43:00
f92509a4655ffa02158a011cb06e58b1acace3e4b2c6f32a3a9930ab4be84e37d86bd780a776bf83f0c2c0e1f8bc3c2895e2e7ca02b4f06f378d9bb1dfb9622f,2022-02-17 22:00:00,UNKNOWN,UNKNOWN,UNKNOWN,NOT ON SCENE (DESK REPORT),02/18/2022 10:30:00 AM,41.752268024,-87.70964221,POINT (-87.709642210036 41.752268024044),C,2,2022,22:00:00
fb3523a5fa140bffe4cf89e1a3935ae127e438633bf7e92a3cc9db7c54e087e20f5868e7ace8d311aa9fc8b4e87d0e10cb8e5eefc15ffc8a34673729cd1a26fd,2019-04-25 13:30:00,CLEAR,DAYLIGHT,DRY,NOT ON SCENE (DESK REPORT),04/26/2019 08:55:00 AM,41.878390352,-87.757767275,POINT (-87.757767275028 41.878390351978),C,4,2019,13:30:00
fa9ad20c976764a0105278d67c3bd924c1636bb4b427d1784e25cbc7c6cf5d3974b3b65d7de508cdcb0902035a795b264ece9d2f295d72e0baa295c35a9adaa2,2022-02-17 08:20:00,CLEAR,DAYLIGHT,DRY,ON SCENE,02/17/2022 08:23:00 AM,41.761080381,-87.688101681,POINT (-87.68810168101 41.76108038097),C,2,2022,08:20:00
f9634a960c1f7c14ae49128ed8b94534d85c51bb0e55a9758b978e0cd1ac7bbfdc3af127f0bb4bc5fe65d1a6d6fa89e4ff9782ae9ec57115abd7aad2dcb9362b,2022-01-24 15:00:00,CLEAR,DAYLIGHT,SNOW OR SLUSH,NOT ON SCENE (DESK REPORT),01/24/2022 04:00:00 PM,41.87057855,-87.743951985,POINT (-87.743951985048 41.870578549989),C,1,2022,15:00:00
fb5abd5524d0e235ac9d76aa5e783c8cfeea18eba16a7a1aa0c6f20d0f5c90621543828da56a0d5c4d61771a9c79aae0e3fe8945f21b38cb6d178733aeef73b4,2016-01-08 09:05:00,RAIN,DAYLIGHT,WET,NOT ON SCENE (DESK REPORT),01/08/2016 09:30:00 AM,41.906097068,-87.72657128,POINT (-87.726571279988 41.906097068043),C,1,2016,09:05:00
f95cf618a7180eed2f5c612abaa5e77f5000823539e0d13e8fdcadb93692527c827ee51b7d2ff11a3fdb7b1711db1d296b0cc5f463ccfa875377d17fe1510ef2,2020-03-22 19:00:00,SNOW,DAYLIGHT,SNOW OR SLUSH,NOT ON SCENE (DESK REPORT),03/22/2020 10:25:00 PM,41.896748808,-87.767952908,POINT (-87.767952908015 41.896748808043),C,3,2020,19:00:00
f898d0431f45d8861e8c9cdb8571a66f3af5f6e6cf33a47852e591dcdff20830bf16612e3d105c3ddda5c8fa62edb900c084af8a0b9c3dd490b43dfcac0ec8fc,2018-08-20 13:05:00,RAIN,DAYLIGHT,WET,ON SCENE,08/20/2018 01:06:00 PM,41.920676631,-87.775630269,POINT (-87.775630269041 41.920676630982),C,8,2018,13:05:00
fb2e9246727f772d1990c13e009c04fb11039527c90fa291033d853db6e65697c94c7142a9df50c1326d1b3bd0342d146501369b6900414a627b01e36e2ed144,2019-11-10 08:00:00,SNOW,UNKNOWN,DRY,NOT ON SCENE (DESK REPORT),11/12/2019 05:15:00 PM,41.934526714,-87.718326326,POINT (-87.718326325956 41.934526714049),C,11,2019,08:00:00
f9d9a2287aca26642d8e273a5242631ebf2c15ee909d83d23c77b1fb0c8a7373af3183579564db98dbabf88ecd161b4132d61112ef706a4eaabb83a23848d3e1,2021-02-18 11:58:00,SNOW,DAYLIGHT,SNOW OR SLUSH,ON SCENE,02/18/2021 12:13:00 PM,41.751124945,-87.620853242,POINT (-87.620853241961 41.751124944981),C,2,2021,11:58:00
fb388e836ee78bed75401e6ff91ac3b52bbc108be4ebaf5445c559bd5d0ad4f3cdb44a5a5d1e415bce6f2b2d367ffcfcd6bb366be8600e167e85124acfd0dcc4,2022-01-28 14:55:00,SNOW,DAYLIGHT,SNOW OR SLUSH,NOT ON SCENE (DESK REPORT),02/01/2022 03:30:00 PM,41.968851138,-87.663877012,POINT (-87.663877012025 41.968851138048),C,1,2022,14:55:00
f9e9718f48b224b04a54dc1a3a2b4a27d7b2e7dcd27c60dfd5a593eb52a0f336b5d21bf1b0b960dc299f59533f19cdec6a9f5111951596eb49e882a3358cc5d9,2020-07-10 04:50:00,CLEAR,"DARKNESS, LIGHTED ROAD",DRY,ON SCENE,07/10/2020 05:06:00 AM,41.886769177,-87.745355616,POINT (-87.745355615988 41.886769176982),C,7,2020,04:50:00
f957c857e205dd5e67953dea50d81142ecaaf29ba267e0379e6a4e154d34d26c78cefa8c732c9725eb20a3e12053940257cc6079e70d7bbbedaad19912a90e03,2016-08-23 23:10:00,CLEAR,"DARKNESS, LIGHTED ROAD",DRY,NOT ON SCENE (DESK REPORT),08/24/2016 12:30:00 AM,41.73843398,-87.601378175,POINT (-87.601378174978 41.738433979986),C,8,2016,23:10:00
f919fd511c741a0b69418b9da70660d9ed627f1c6a9fae3e3a546e255bc74078a59e90785dab6de207863bcb3e6ddba924f5a39f1fd1e51c77834bf2ba5df6e8,2021-01-26 09:06:00,SNOW,DAYLIGHT,SNOW OR SLUSH,ON SCENE,01/26/2021 09:06:00 AM,41.866501191,-87.686157599,POINT (-87.686157599021 41.866501191036),C,1,2021,09:06:00
f9e576a6b0622474167ea7468062b447b3a919262d78e944b2147833398f05eb8df61f26d283b471680a40099d892ac146bbe6b7a9f572413378bd8f443dd76b,2018-04-17 08:00:00,CLEAR,DAYLIGHT,DRY,NOT ON SCENE (DESK REPORT),04/17/2018 09:00:00 AM,41.928144079,-87.733145835,POINT (-87.733145835007 41.928144078975),C,4,2018,08:00:00
fa9059b60ce2cf4d9197e74ee50df108d60fef1a7a60d37f86869ee3ab6bad6725bccb9cba512988bbe0c74114ec75f5fd16b19c837160b2c9750aad3783b880,2019-09-13 14:45:00,CLEAR,DAYLIGHT,DRY,NOT ON SCENE (DESK REPORT),09/13/2019 03:06:00 PM,41.884546961,-87.64758764,POINT (-87.647587639978 41.884546961039),C,9,2019,14:45:00
f952c8b2a7a77c2f58b86de24a9f79e1e5fd00683ff9d218ffa90595eebbcffd52f78ac871ac036ee895d1d9916c717df21807d392f70d578d6b3d8bf9c5f1e8,2019-03-25 10:30:00,CLEAR,DAYLIGHT,DRY,NOT ON SCENE (DESK REPORT),03/25/2019 11:08:00 AM,41.916815034,-87.747057602,POINT (-87.747057602049 41.916815033964),C,3,2019,10:30:00
fa4ee4cdd60deed24306d217dc4c66b6b23fbe2b3a14d97db44061c6ce724c95e49daa81341db827fbf644545c5391f35aabe20dac7f87f582ad9530d463a036,2018-11-27 08:20:00,SNOW,DAYLIGHT,DRY,NOT ON SCENE (DESK REPORT),11/27/2018 01:40:00 PM,41.896393332,-87.654686711,POINT (-87.654686710965 41.89639333201),C,11,2018,08:20:00
fa8ece1a0468bc373ad525ed1a3daccd86a2e4813cad36d40868ed9cd765c9ce43f2232fe8514fcdd0c07db0b076704072cd974cbc40066635ae932c4148becc,2018-11-09 05:16:00,RAIN,"DARKNESS, LIGHTED ROAD",WET,ON SCENE,11/09/2018 05:37:00 AM,41.876926589,-87.745039137,POINT (-87.745039137038 41.876926588953),C,11,2018,05:16:00
f96444be0afbb89705c43221b4067cf215a85fbdd77e3c87360484625333dab32a99df1bf25248bfb844cdfddb159b50cacd85a0fc70d9adecf66c42962a643b,2020-07-02 19:07:00,CLEAR,DAYLIGHT,DRY,NOT ON SCENE (DESK REPORT),07/02/2020 08:05:00 PM,41.751124945,-87.620853242,POINT (-87.620853241961 41.751124944981),C,7,2020,19:07:00
f8fe6335217ff4754b135adaffd3c0060519209f62c0e861dcf5873c65ad21d912e322a468d8e3e7879502cac695a106b43f06b34bc013dc9bcadbaa5639d269,2019-01-06 10:03:00,CLEAR,DAYLIGHT,DRY,ON SCENE,01/06/2019 10:07:00 AM,41.744151639,-87.585945067,POINT (-87.585945066953 41.744151639042),C,1,2019,10:03:00
fc5f6cc6e250d6649b94570b305943078838748f1867f37e02fcd3645f1902d3db1e1d157e661f5cd6cd07495d46f4a2cad6f8aa391c2e9d6271709a206f4e25,2018-08-17 11:30:00,CLEAR,DAYLIGHT,DRY,NOT ON SCENE (DESK REPORT),08/17/2018 01:30:00 PM,41.809316525,-87.613790359,POINT (-87.613790359015 41.809316524975),C,8,2018,11:30:00
fc206b79616a225283b64b099b911940f752c16864a311818db8cd259690733598154c62902620a7b0e6c7c89e3a3e03e49b7cda15d63c0eced0ea862d7992dd,2018-02-13 09:15:00,CLEAR,DAYLIGHT,DRY,ON SCENE,02/13/2018 09:20:00 AM,41.875008491,-87.673536864,POINT (-87.673536864033 41.875008491025),C,2,2018,09:15:00
fc3424eba8e1813c4210485293246ca4583918b4eeec0b4779aeb7886de9300ba532eba593ce8600765c6bc6a4f0761eca21e742bade3c54ab9e4108e2a17b4c,2017-04-06 14:00:00,CLEAR,DAYLIGHT,DRY,NOT ON SCENE (DESK REPORT),04/06/2017 02:15:00 PM,41.801293851,-87.605085578,POINT (-87.60508557796 41.801293851044),C,4,2017,14:00:00
fd7626fa6148d2c9e4b344e11475125bfb30f0d0395a051e0d892c3e3982abbef8c8a0730191ccd364937c75508f7de0e3ef2beda0c6458bc0ec48ca396341eb,2020-02-10 10:39:00,CLEAR,DAYLIGHT,DRY,ON SCENE,02/10/2020 10:45:00 AM,41.692695048,-87.622963607,POINT (-87.622963607013 41.692695047957),C,2,2020,10:39:00
fbf43cf342abfbb7e5e48a3cd4a8c0920645bb8d29fa01d918233055d987b929af2f8f00a7a6b89dca91b137ab87ecebb6bdd35e8208c2ca086c91aa8ca3ada9,2019-12-23 13:10:00,CLEAR,DAYLIGHT,DRY,NOT ON SCENE (DESK REPORT),12/23/2019 01:32:00 PM,41.997131725,-87.731397698,POINT (-87.731397698024 41.997131724976),C,12,2019,13:10:00
fbbd069f25c432fd15b0f48ef0605edfc1d07bf42153170692290bc70edb1551a34d3b1d4012191c2da58a4db30073f5c4ae5c9159ce58b29eaab13bb9a89d03,2022-07-02 22:30:00,CLEAR,"DARKNESS, LIGHTED ROAD",DRY,NOT ON SCENE (DESK REPORT),07/03/2022 08:40:00 AM,41.866264546,-87.655719448,POINT (-87.655719448025 41.866264545982),C,7,2022,22:30:00
fd3a950ec35cbc18a9a4693b38a773eeb379c3f18a5d2ce366ccc84b13f5e3a71bf18ddde99a00bb3551cbb3f1ef946cb130bfe5aecf544014bda1fd5570e424,2019-11-04 16:35:00,CLEAR,DUSK,DRY,ON SCENE,11/04/2019 04:41:00 PM,41.963011064,-87.730458789,POINT (-87.730458789043 41.963011063997),C,11,2019,16:35:00
fdb6756742a2edd6ebc18e611f05589aa1f9b4dbc3bf349c17b95e1a4547c3102e5991d1091b9d8dfe2f59dab9d5082ddeae90a0e56bcf64c5b23f0a22e667de,2023-04-23 15:21:00,CLEAR,DAYLIGHT,DRY,NOT ON SCENE (DESK REPORT),04/23/2023 05:00:00 PM,41.791267164,-87.602711289,POINT (-87.602711288997 41.791267163968),C,4,2023,15:21:00
fcaea3372633d2dd9535b0fba70c0eac412120fd92dc55d7e09af035408854befd26f108e371abe144c5dc53fdcd3b6f0ba01229712c35160c108b30c0cf00a9,2017-05-19 15:55:00,RAIN,DAYLIGHT,WET,NOT ON SCENE (DESK REPORT),05/19/2017 05:57:00 PM,41.909294322,-87.763395828,POINT (-87.763395828035 41.909294321981),C,5,2017,15:55:00
fc630ad894057c82e6a2ed38fbd5756332eb720a711597fdc2e9486992898ca52b16138b09eb1bdffed0156492aa3f63c49fede41effab157ae54cddf7fceb69,2017-09-24 22:20:00,CLEAR,"DARKNESS, LIGHTED ROAD",DRY,ON SCENE,09/24/2017 10:20:00 PM,41.765563782,-87.624825828,POINT (-87.624825828045 41.765563782008),C,9,2017,22:20:00
fcf240fa44dd412374a31e284a162521043a327d10c34eb2ff73df0101f821149680b879ca0af889ca95fa8bf40f99832d66b0492ac70798e614d8dd3d7f8777,2020-12-20 00:10:00,CLEAR,"DARKNESS, LIGHTED ROAD",DRY,ON SCENE,12/20/2020 12:28:00 AM,41.658482744,-87.617442797,POINT (-87.617442797004 41.658482744011),C,12,2020,00:10:00
fc9d176016baa178b12f97c05fe20269de73e3ed8e584a5719341904a6cdf4e879b8baf61325cdd2ab07a1217579f89ad2cbedc34e1b8d8447349fe80505671f,2019-11-15 17:00:00,CLEAR,"DARKNESS, LIGHTED ROAD",DRY,ON SCENE,11/15/2019 05:05:00 PM,41.758245505,-87.626521907,POINT (-87.626521907009 41.758245504966),C,11,2019,17:00:00
fd7486239735013aebbb5be76a10d2b08f6e67f348f38d3c0f2447a4d34e53881858898b0c5b012ee6f354b5badd0a95d2f85d8529680e7e96552383e8cbfd64,2020-01-19 01:25:00,OTHER,"DARKNESS, LIGHTED ROAD",ICE,ON SCENE,01/19/2020 01:29:00 AM,41.802571966,-87.729409475,POINT (-87.729409475031 41.802571965965),C,1,2020,01:25:00
fdb13f27476bf4307d31d33b3d3c6368cffe7ff7b77cd66180a30b6858aae6c34140a2baeccc64cad982c6a31dd7ac668770e5559f7450165a155df95a4ef6b5,2021-02-09 07:40:00,CLEAR,DAYLIGHT,SNOW OR SLUSH,ON SCENE,02/09/2021 07:40:00 AM,41.751198591,-87.64298375,POINT (-87.642983750041 41.751198591009),C,2,2021,07:40:00
fcc6d2f615f87e7faedbdc01fb481a4edc7f2ede82466a99217f5192269975961a8ff2841713201e5a3e02101e9d11a132d867980b9dda279488b84346c92bfb,2023-04-29 15:57:00,CLEAR,DAYLIGHT,DRY,ON SCENE,04/29/2023 03:58:00 PM,41.772288001,-87.665022697,POINT (-87.665022697016 41.772288000964),C,4,2023,15:57:00
fd37306e439519c24b4e67b9be8aff686d7231185040892b1875d358048bfa6da251e6b5cf514ec19507a1f09ed345e2e374d87a87ab40a0cfbf7d072d593e84,2019-06-25 16:20:00,RAIN,DAYLIGHT,WET,NOT ON SCENE (DESK REPORT),06/26/2019 07:55:00 AM,41.916815034,-87.747057602,POINT (-87.747057602049 41.916815033964),C,6,2019,16:20:00
fc4f0b46a3e1b73537067d05eb19cf9c1bbb13c054986bc53f4c53cee7e29fc41603f28c7346a8ffb7f8424cf8b7e9f832aea294d424bc3c51ce9a5106e5f987,2019-11-13 14:07:00,OTHER,DAYLIGHT,ICE,ON SCENE,11/13/2019 02:17:00 PM,41.744151639,-87.585945067,POINT (-87.585945066953 41.744151639042),C,11,2019,14:07:00
fd3f3e54c6392cd530ec9f01d3fdabfd08cc9c8ad04e11ec2bcfbbe10c87627bb09a19ee69a942cda4be502bbe93a3a36aebc98ee9662845ba7fa89341ef7d14,2017-06-09 12:02:00,CLEAR,DAYLIGHT,DRY,NOT ON SCENE (DESK REPORT),06/18/2017 03:25:00 PM,41.708171808,-87.539970756,POINT (-87.539970755983 41.708171807954),C,6,2017,12:02:00
fcaa3e5a41b83f8dfed76668171c84165b48045aebf7faa80e5d22933de4885bd719275f3e65674f57b9cbb4d214d4ebd65e99b1ef8fda34edcbd369173cd2dc,2019-12-15 17:00:00,CLEAR,"DARKNESS, LIGHTED ROAD",DRY,ON SCENE,12/15/2019 05:17:00 PM,41.898979021,-87.637410212,POINT (-87.637410212028 41.898979021041),C,12,2019,17:00:00
fe3fa0041c49228c644dc9ff1e3643d0e552efc2ddea6a547c8d1f3ef7a99e2f2d7ac78241680cf01076d50d2c9ccc64bc69ee984baba5d2970dce4957daa470,2022-01-03 15:30:00,CLEAR,DAYLIGHT,DRY,NOT ON SCENE (DESK REPORT),01/04/2022 02:30:00 PM,41.958986951,-87.933993929,POINT (-87.933993928974 41.958986950953),C,1,2022,15:30:00
fc894363dcc696b63f5c38a3201dc049c403e596f9c05a17c4b3e39fa9da60f56785746b23e0b46b874c0d06b4f9b90494cca875746473c2420d8a0ac7a9e811,2023-05-09 17:52:00,CLEAR,DAYLIGHT,DRY,NOT ON SCENE (DESK REPORT),05/09/2023 06:45:00 PM,41.808749374,-87.66230696,POINT (-87.662306960034 41.808749374011),C,5,2023,17:52:00
fd1307cba4e48c271d8228f9971dbb92ff9557752b4921ecad1c1d3cb298b46388ddf8ada46e1710e39cbb8b067cfb8e4b018eb8cc3d360bf463054736045d49,2018-03-15 14:15:00,CLEAR,DAYLIGHT,DRY,ON SCENE,03/15/2018 03:00:00 PM,41.786609181,-87.666757336,POINT (-87.666757336003 41.786609181029),C,3,2018,14:15:00