CRASH_RECORD_ID,CRASH_DATE,WEATHER_CONDITION,LIGHTING_CONDITION,ROADWAY_SURFACE_COND,REPORT_TYPE,DATE_POLICE_NOTIFIED,LATITUDE,LONGITUDE,LOCATION,CRASH_TYPE,CRASH_MONTH,CRASH_YEAR,CRASH_TIME
fdf1e7c8d3eda50011139a4d06686779724d572601d0edfb58e61bcb3a3b818da8bb601a45de3276087d7ed8835c1561bf84704d7e5253cd72915470f2381010,2020-09-26 07:00:00,UNKNOWN,DAYLIGHT,UNKNOWN,NOT ON SCENE (DESK REPORT),09/26/2020 07:00:00 AM,41.745065466,-87.665880754,POINT (-87.665880754037 41.745065466018),C,9,2020,07:00:00
fd1b3861e435e0803351ad258e89fff7b49b548e2ceaa06ff7c80570e07fb19476a6a0fe8bd4ad43c7699aed89d2cc3650758207936f624bf7e36750bc6c4a6f,2020-03-05 12:48:00,CLEAR,DAYLIGHT,DRY,ON SCENE,03/05/2020 12:50:00 PM,41.830728826,-87.655813252,POINT (-87.655813252029 41.830728825995),C,3,2020,12:48:00
fcec4194de052b69c7d32467f009e6dbaca022082f88ef818117e10df88bdb4ea610f2f42ea15116bd1a7fd8a44308df3de64a556ed27e944da18a3a22b6efe2,2016-05-01 08:19:00,RAIN,DAYLIGHT,WET,ON SCENE,05/01/2016 08:38:00 AM,41.773455972,-87.585022352,POINT (-87.585022352022 41.773455972008),C,5,2016,08:19:00
fd26c983b3c3f8c4af46c15af2f0b2766fe5206e34db33542d0ef1386e417d0e6deaae1b1f28b322c9d52b4e6273b288a174a81de8ce1ceeb4237d766d75d96d,2018-09-12 07:50:00,CLEAR,DAYLIGHT,DRY,NOT ON SCENE (DESK REPORT),09/12/2018 08:40:00 AM,41.984874268,-87.787555484,POINT (-87.787555484022 41.984874268025),C,9,2018,07:50:00
fb6d406e669d936074cfd9140b0855325be024cba8d2d91adf6e8ef9f0233a75bc808a9b609a50571211a002b56d95673f44b59a08de1a7ad5d4e1bf17e5b1d9,2022-02-02 08:57:00,SNOW,DAYLIGHT,SNOW OR SLUSH,ON SCENE,02/02/2022 09:13:00 AM,41.868635838,-87.744730162,POINT (-87.744730161967 41.868635837952),C,2,2022,08:57:00
fc0725fe08c4a26cc0787f3c6b714cc15ffabc1889a12a959c46da7acdf45cfeb67d9d06c0b191575c8242111a44f50a965d1ae1c30539705919bff2b0ad18e9,2019-12-12 09:38:00,CLEAR,DAYLIGHT,DRY,NOT ON SCENE (DESK REPORT),12/12/2019 10:20:00 AM,41.954105717,-87.693290369,POINT (-87.693290369008 41.954105716988),C,12,2019,09:38:00
fdb471755e3a4fef5a047f49aa9dacff6c7adac5ffe5b199aead371de5b626b495a2e7cf9065b2912408fa77a6d9a869914225be60fcd76b6d0f035823d55da2,2022-04-09 12:58:00,CLEAR,DAYLIGHT,DRY,ON SCENE,04/09/2022 01:15:00 PM,41.925473547,-87.663486419,POINT (-87.66348641901 41.925473547039),C,4,2022,12:58:00
fc20d0a64e0384619b32ca671a649f7b3c9091d2d2a392443af0d9e06aa64a43b4a60a0e1b6455232ad08c5bb0c1c0d8929b869cb09e5c86e58c7ce3bb01fee9,2022-03-24 14:35:00,CLOUDY/OVERCAST,DAYLIGHT,WET,ON SCENE,03/24/2022 02:50:00 PM,41.80140618,-87.723251253,POINT (-87.723251253009 41.801406179982),C,3,2022,14:35:00
fd57936fe4af4c2ce1fd749387bb1575e1d0f3f6e56d23ed34428c7fb5fb6f0d0d72897ebe8434d5787a2e8e5095d47c66896ed83ee5e976d6b1e4e0c5c0e135,2018-04-18 00:10:00,UNKNOWN,UNKNOWN,UNKNOWN,NOT ON SCENE (DESK REPORT),04/18/2018 12:35:00 AM,41.875731511,-87.701215894,POINT (-87.701215893954 41.875731510966),C,4,2018,00:10:00
fc1e19711dc5d45aef101135329c6a63e94a6299e98095039d9c914d632388feef2b471ee3909930eb32c26b69fa1477e29c11568f8fb3cbbad53efc92fdd9d3,2023-03-28 00:00:00,UNKNOWN,UNKNOWN,UNKNOWN,NOT ON SCENE (DESK REPORT),03/28/2023 11:20:00 AM,42.015901674,-87.669442135,POINT (-87.669442135045 42.015901673999),C,3,2023,00:00:00
fc2c5518416174b202bc7bceb407a959c9abd8c20a7835d66d0309ff7ad46684568602d7c88c63fc4098736270facd5380efc3e2d0fcb9dc61032908c0bb5f1c,2017-11-12 18:20:00,CLOUDY/OVERCAST,"DARKNESS, LIGHTED ROAD",WET,ON SCENE,11/12/2017 06:28:00 PM,41.926931277,-87.662833151,POINT (-87.662833150978 41.926931277004),C,11,2017,18:20:00
fcd70fc30147b95ea8a5460df6253d1ebe76e4d52698b38285f25e62e427e9033b82b6de5c5de19a17058476a4cf61f96272d2907d80f76b5fdb309bddb1788c,2018-11-30 13:10:00,CLEAR,DAYLIGHT,DRY,ON SCENE,11/30/2018 01:15:00 PM,41.997719325,-87.696809864,POINT (-87.696809863964 41.997719324964),C,11,2018,13:10:00
fe38dff318461f9cd3a807409d9350219f2ec9d9f3ccd95af3d479698404d52c8ce0cd20ab4fc2162b6e5f69af55df7708593e43532e185b9aa4526e6a9bf01c,2021-12-27 13:05:00,RAIN,DAYLIGHT,WET,ON SCENE,12/27/2021 01:05:00 PM,41.788864367,-87.650029007,POINT (-87.650029007 41.788864366966),C,12,2021,13:05:00
fca2a3408f9ab043dd3510407ecde3e1f18484c792f3c2a5cd104a759f4a8638e7e1f571eed8d07235c8b6238dbb72f8286893dc43c237b11607792c26cbf54d,2016-10-10 20:10:00,CLEAR,"DARKNESS, LIGHTED ROAD",DRY,NOT ON SCENE (DESK REPORT),10/10/2016 08:30:00 PM,41.85902703,-87.622499539,POINT (-87.622499539018 41.859027029968),C,10,2016,20:10:00
fbf11e07581e2c7ad0848470cd318dbd4a633e2790593d2db2cede42d7ddd441357425a024ff7a71b4571af6b86bf1903af0a0ead6fec4b6341f12f2d3124613,2022-09-27 06:38:00,CLEAR,DAYLIGHT,DRY,ON SCENE,09/27/2022 06:51:00 AM,41.817683733,-87.6650402,POINT (-87.665040200043 41.817683733038),C,9,2022,06:38:00
fdc5d4d1299102e75fd8c7997ea5c343a0b5e62a4f7bde7d2b6e5a02cd0d1c68711cc086eac0fabcbb7060de7b587328ca5dd9c56e8c8052c2595113fe818adf,2020-02-29 00:35:00,CLEAR,"DARKNESS, LIGHTED ROAD",DRY,ON SCENE,02/29/2020 12:39:00 AM,41.885242209,-87.719701637,POINT (-87.719701637005 41.885242209045),C,2,2020,00:35:00
fcdab27d49fb9712fd497e59a69ed1498b83141406789cc53a83d4744bdfc47a1db5d5e6457a72c75bbfe507b92ddfd5b41dd04ac2a30a7b73ba8293d36d3dc9,2017-07-26 10:00:00,CLEAR,DAYLIGHT,DRY,NOT ON SCENE (DESK REPORT),07/26/2017 10:15:00 AM,41.994928817,-87.660269667,POINT (-87.660269667034 41.994928817026),C,7,2017,10:00:00
fda1e8d681fd2e39ae9d5c659dcb5b3756910f5cd55349fedac31eb4ddf3bcc6cec497369744f0a65be3a914cd33a9711189ec99f06874701155e2a3669ab1d3,2022-03-25 12:00:00,CLEAR,DAYLIGHT,DRY,NOT ON SCENE (DESK REPORT),03/28/2022 11:45:00 AM,41.982379285,-87.806794426,POINT (-87.806794425998 41.982379285018),C,3,2022,12:00:00
fd2842b95fd27ea5b67f9248b6c4188d51988f9602f4e603769be569ddd82a0ba344ebe7de32618971eb7c944a625a0868317e2cf0a2ed96734200c2b67ef1f1,2022-05-31 06:30:00,CLEAR,DAYLIGHT,DRY,NOT ON SCENE (DESK REPORT),05/31/2022 06:45:00 AM,41.802118543,-87.622114915,POINT (-87.622114914961 41.802118543011),C,5,2022,06:30:00
fbb91596a8c0151ed27caec3e2ca9eb09e7566db70ed7866ae3b721d9e84cb18e2fb497b99b1319966c6fbd713f6724dbfe76cf52af69544eebbdc7587927fae,2017-12-11 21:33:00,SNOW,"DARKNESS, LIGHTED ROAD",SNOW OR SLUSH,ON SCENE,12/11/2017 09:50:00 PM,41.691376862,-87.720174306,POINT (-87.720174306034 41.691376861978),C,12,2017,21:33:00
fba94cdccfc364cee8b590e6adbc981d0c370aee94c91d4cee09a0d5d8e9e7f9de71571b24cec9842b517e1e6f4542e4d560624f1c0ce7be60f92114f4a96b3e,2021-05-25 14:08:00,CLEAR,DAYLIGHT,DRY,NOT ON SCENE (DESK REPORT),05/26/2021 06:02:00 PM,41.789651746,-87.726395989,POINT (-87.726395988958 41.789651746021),C,5,2021,14:08:00
fdfa8971e0fdabc74eb802f9343b216a301b4a2d8f2a92d047bf95b1e5f1aab78ec2ae1b2c40e2abf547052806e63f1fe5ce7a7ca5a3868f746c73a2be995722,2023-07-23 03:00:00,UNKNOWN,UNKNOWN,UNKNOWN,NOT ON SCENE (DESK REPORT),07/23/2023 06:30:00 PM,41.765569665,-87.624656219,POINT (-87.624656219014 41.765569665036),C,7,2023,03:00:00
fe10090514d2776eb4eb9bd77c819ca0276a0190fcef0b36162d9589734959c43c27b175219a9474804191504765df17a208c2a87dc71f5936f31ac873e5089f,2019-09-27 17:29:00,RAIN,DAYLIGHT,WET,ON SCENE,09/27/2019 05:45:00 PM,41.77125351,-87.723272314,POINT (-87.723272313996 41.771253509998),C,9,2019,17:29:00
fe1262d580d6e1d5fe9bd800f7ccefd454fedd75800b4327038574c69af3a7fd9f05ad5abacda0b2a7736e3c11cbc6da32481051869a1302040ff72e524ebbbb,2018-11-14 07:23:00,CLEAR,DAYLIGHT,DRY,ON SCENE,11/14/2018 07:25:00 AM,41.945612913,-87.781249472,POINT (-87.781249472044 41.945612912979),C,11,2018,07:23:00
fbded55908eb73b3bc18a7313bb05899c3f61e98242c0ea82479677aba6a106c30acb06f329cf62ac283f8b271be5ea1514586a096f011480404e9a5bf85d734,2023-04-13 22:30:00,CLEAR,"DARKNESS, LIGHTED ROAD",UNKNOWN,NOT ON SCENE (DESK REPORT),04/17/2023 01:00:00 PM,41.801891635,-87.634867202,POINT (-87.634867201956 41.801891635046),C,4,2023,22:30:00
fd312171d065367f5a852477fa18de69fdd43ae3250a10c91245bf355dce67b685efcb228388259a9e0d7379f0c939651c12f3776aeebc9e749694246777cec7,2017-09-01 21:46:00,CLEAR,DARKNESS,DRY,ON SCENE,09/01/2017 09:50:00 PM,41.858908833,-87.729904272,POINT (-87.729904271964 41.85890883299),C,9,2017,21:46:00
fbecf48e9737fc4b7215851306a1141f100a0598914f4a464e949741f711b0db3e07b979e3e663e58db0c271c5534f7c5beb0da91e682806c21408aef243479a,2019-07-06 00:38:00,CLEAR,"DARKNESS, LIGHTED ROAD",DRY,ON SCENE,07/06/2019 12:46:00 AM,41.858906154,-87.712914181,POINT (-87.712914181015 41.858906154029),C,7,2019,00:38:00
fbc9c7fe0b7f55cc42edfa6cbb08603209d7fec4dd3f5c824f5e97d2913102b08c8abc16c3e87d1fc8caaa979e4af3cc2c3c6d8506f2719d0286a00aa0ae0e3f,2019-08-28 20:38:00,CLEAR,DARKNESS,DRY,ON SCENE,08/28/2019 08:38:00 PM,41.948547376,-87.709313741,POINT (-87.709313740951 41.948547376044),C,8,2019,20:38:00
fc4a3f2bf0ffe9a4f65758429ff12e818404d949368f2a80bc80c6182422cb2fdc7644a8bf03f908f068d2947ef24e8df8e52a50df4b5d5b03ffbf1f4eaec551,2016-08-13 10:30:00,CLEAR,DAYLIGHT,DRY,NOT ON SCENE (DESK REPORT),08/24/2016 04:00:00 PM,41.78073726,-87.57647025,POINT (-87.576470250028 41.780737259974),C,8,2016,10:30:00
fc36e53315e62db85214508878a28ed1e874f6e7602d6be91bc9be7f6ebe119447f2b8a5e719ef8c1ed69f37ea1fcb9e5b5b372e9e1f25280fd798ed59bf6a90,2023-02-17 07:16:00,SNOW,DAYLIGHT,ICE,NOT ON SCENE (DESK REPORT),02/17/2023 07:44:00 AM,41.842175455,-87.663049075,POINT (-87.663049074951 41.842175455009),C,2,2023,07:16:00
fc439283ab8fa8f4cdda0e5c4b6b8333bd0e435a02990fb1e5d4796780ed9a8e3e2fbf2c121ef76fc48e377a9293051bad4fa6f1ee3c603514b555387d12bbdd,2018-05-13 10:00:00,CLEAR,DAYLIGHT,DRY,ON SCENE,05/13/2018 10:05:00 AM,41.781133398,-87.781535713,POINT (-87.781535712953 41.781133397954),C,5,2018,10:00:00
fc9211697ca9bb66cdf88c8409a8f658553cfb9e625ae6ca2f724aebbef41e01451596ffaff2b97199c76b5963ee8befcc26a615518f902ac9d8e3674d30770b,2019-01-10 18:00:00,CLEAR,DAYLIGHT,DRY,NOT ON SCENE (DESK REPORT),01/10/2019 06:30:00 PM,41.844607515,-87.694804642,POINT (-87.694804642033 41.844607514956),C,1,2019,18:00:00
fc2da5413b5ee7b8aa6eef87202a7603167dcbb32d9ade20c3482e95d64f395a4b4f7019faaa574e2d384f7eb1d027e3c2d624d1c0c35ef0e44e22bf49007f4f,2015-10-01 16:30:00,CLEAR,DAYLIGHT,DRY,NOT ON SCENE (DESK REPORT),10/01/2015 05:30:00 PM,41.880660067,-87.740728133,POINT (-87.740728133013 41.880660066981),C,10,2015,16:30:00
fe3bdcecf053721bf71e048f322044c731fe44b4daad0cd3260c0ae4dcd8c52b7b1ba274d0b815e1c2534ae97da2ec4bc9d61eb82927f51af95db76ae592fe17,2022-10-30 15:43:00,CLEAR,DAYLIGHT,DRY,ON SCENE,10/30/2022 03:44:00 PM,41.87479856,-87.755004029,POINT (-87.755004029038 41.874798560005),C,10,2022,15:43:00
fd185d61e091afe773966f47892aece36a8d663cde35c1e746c00703691b3745cf9e68c925f62be14a468e4679c76be5d26c40d1430db61bdf9983996e6d4c2d,2019-06-15 10:35:00,CLEAR,DAYLIGHT,WET,ON SCENE,06/15/2019 10:40:00 AM,42.011652145,-87.667070591,POINT (-87.667070591008 42.011652145009),C,6,2019,10:35:00
fb7712e5a82900a320f38a471eadb2c1f1334a42a72e9bab4e3e2802d0a154c3acb5c5e759cc8c92ff4d2b4aec16feee2280154ffd7bd9e3d54d9ef297596fe5,2020-12-10 07:30:00,CLEAR,DAYLIGHT,DRY,ON SCENE,12/10/2020 07:35:00 AM,41.891011447,-87.666996498,POINT (-87.666996498025 41.891011446962),C,12,2020,07:30:00
fc2e1213b569ef0b8a7596bab01ec154bdaecf37fd4faa243cdcb4f10b00637323cf0f462604795d4f3cc0b15f88c810a6a3426553f4f1dee1e7795a0d846de0,2023-05-12 15:30:00,CLEAR,DAYLIGHT,DRY,NOT ON SCENE (DESK REPORT),05/24/2023 02:20:00 PM,41.910549085,-87.631503251,POINT (-87.631503251016 41.910549084995),C,5,2023,15:30:00
fdb43cd5c61b45eb65386679a68194dab2f5269c9b91e938abdbf1216d47f86733c40871c5e5913839cebe15cfca8a90c2b36253d6302e781628cc95f7989f13,2019-08-25 15:00:00,CLEAR,DAYLIGHT,DRY,NOT ON SCENE (DESK REPORT),08/25/2019 05:20:00 PM,41.785387445,-87.606183761,POINT (-87.606183761008 41.785387444959),C,8,2019,15:00:00
fe3de5727ff49a31c944afd16c9f4d71a4ba6e3415b99b37b4137a9a636d38c6c9c45acdc76405ebffc4a88d4dfd82df434ff1d180ccd167c5ba180bc73b04bc,2017-12-01 18:30:00,CLEAR,DUSK,DRY,NOT ON SCENE (DESK REPORT),12/01/2017 08:42:00 PM,41.830048054,-87.691569539,POINT (-87.691569539003 41.830048054043),C,12,2017,18:30:00
fc141eb58b53cc61e05bd1052f50afdc74b803cca5375c3d9476baf8dfbb68b73e21b9da63be580e9590905a96360fb8c828bcdc5d022086a46a550b8c5902b8,2021-10-30 17:00:00,CLEAR,DAYLIGHT,DRY,ON SCENE,10/30/2021 05:20:00 PM,41.911055695,-87.630349321,POINT (-87.630349321015 41.911055695012),C,10,2021,17:00:00
fd1ea1d60e9c8a1023ce22075a147d71a84849a91d4600bb2650376195a449b61d7ed0e47794aa224a731968831b072793bcd87c67bb4231e83fd964a0be1247,2021-05-16 15:50:00,CLEAR,DAYLIGHT,DRY,NOT ON SCENE (DESK REPORT),05/16/2021 04:05:00 PM,41.942799653,-87.687941771,POINT (-87.687941770971 41.942799652999),C,5,2021,15:50:00
fbfb4f2e2f056c9ce9c17c3f590c39af22f0cc6315e9abf6a6feea4699f8fd74476b909c08d22c29e611afb4dfa6c31f5e2169bbe7de8b0bc954755b7089c157,2019-06-04 12:46:00,CLEAR,DAYLIGHT,DRY,NOT ON SCENE (DESK REPORT),06/04/2019 01:40:00 PM,41.75616061,-87.634583596,POINT (-87.634583595966 41.756160610031),C,6,2019,12:46:00
fc8e961c8be3ae35c005fdb0cd71510abaa62c8ddd11363232db9abd14d94c784f0c76420a016cf89fd2673e8f239b7ab48123c0e7bff5c5394073e16257688d,2021-05-31 14:00:00,CLEAR,DAYLIGHT,DRY,NOT ON SCENE (DESK REPORT),05/31/2021 03:00:00 PM,41.876111362,-87.722060018,POINT (-87.722060017989 41.876111362047),C,5,2021,14:00:00
fcb383d1ef7d5d00f6a164cae27fc9c633491a23c45b239499006c5ea45f130ff0183c44f5219dbe459beb33d720017b6bdb5bc333217b0008135bf1102e1715,2019-05-05 19:50:00,CLEAR,DUSK,DRY,ON SCENE,05/05/2019 07:57:00 PM,41.721267719,-87.584839485,POINT (-87.584839485043 41.721267718978),C,5,2019,19:50:00
fcf0f101c17eb661b3b414de7fe261f20d2673a0072f311abe2db6ae2fdaae45564e2df27d9444e9d2d80da3479c30f33e83c6d0cad8aaba1d913ea590110dea,2020-09-27 04:08:00,CLEAR,"DARKNESS, LIGHTED ROAD",DRY,ON SCENE,09/27/2020 04:19:00 AM,41.909669676,-87.765481309,POINT (-87.765481309016 41.909669676006),C,9,2020,04:08:00
fcc16176785cf1825cd92956836407cdf11ee750bbedeb869ba940b65c600721729489a23771affbe6377354c6235ede0a8a29be17dc961196988c64fe7a0874,2019-08-03 15:30:00,CLEAR,DAYLIGHT,DRY,NOT ON SCENE (DESK REPORT),08/03/2019 05:00:00 PM,41.659070475,-87.566959488,POINT (-87.566959488037 41.659070474984),C,8,2019,15:30:00
fdf13b97fe8fa4b714d29f34fe22e323bc8306648e7065a21a0f8734cf3e18e7ad13ae244e5ad082e01285260000ce60b25f3a3d30314a6ac22b57fc9262559d,2023-07-03 17:00:00,CLEAR,DAYLIGHT,DRY,NOT ON SCENE (DESK REPORT),07/07/2023 04:20:00 PM,41.873738818,-87.710720253,POINT (-87.710720252962 41.873738817987),C,7,2023,17:00:00
fd6587e395981bd3c03ff25175979554e845e61d3ba83c54e1006c9b5be2f27f1488c019fd190bdf0afad4215eb7b95e4c989f651d85207e936833d67bf59c63,2020-06-30 05:30:00,CLEAR,DAYLIGHT,DRY,ON SCENE,06/30/2020 05:31:00 AM,41.677624509,-87.64762229,POINT (-87.647622290032 41.677624509018),C,6,2020,05:30:00
fcc6400aa5d7980ca6061c836d78ad962d2319e986d7ec52f83d6710893b7c44a7d3a0315577614d34d21e6f9b9098bc4665a660003a416f4706665e573ebbd1,2019-06-01 09:13:00,CLEAR,DAYLIGHT,DRY,ON SCENE,06/01/2019 09:20:00 AM,41.751124945,-87.620853242,POINT (-87.620853241961 41.751124944981),C,6,2019,09:13:00
fba9bea5a93067434807fb7735eaccc1babda52b0ac43ffd6f87048683f1603a45d00b19e1801778282d7fcef5269b3a813c0496e4bdb50dbe9e529a37425e20,2019-05-20 08:33:00,CLOUDY/OVERCAST,DAYLIGHT,DRY,ON SCENE,05/20/2019 09:03:00 AM,41.779853803,-87.631809648,POINT (-87.631809647996 41.779853802992),C,5,2019,08:33:00
fc75c4a9f084720788a2bb209179ebce8c78763af852e4385f6ce8a2fb804c368362e015583835647d9691be1f519a6f630a085dfdc8d444a92a6d7dbe6d280c,2018-06-21 16:00:00,RAIN,DAYLIGHT,WET,NOT ON SCENE (DESK REPORT),06/21/2018 04:00:00 PM,41.670123193,-87.559112225,POINT (-87.559112225033 41.670123193027),C,6,2018,16:00:00
fcd736cef21d9698a1814461e80928627fd18f09857e5cd4b8339d37d047acb05a537ee0830ad5afa4bcf51e2f1dd91a27c0cc43eeab5bcbe93d2b4ddd62268d,2020-04-12 01:15:00,CLEAR,"DARKNESS, LIGHTED ROAD",DRY,ON SCENE,04/12/2020 01:16:00 AM,41.928157666,-87.740863453,POINT (-87.740863453049 41.928157666026),C,4,2020,01:15:00
fde37dc96edd137deadc69c0f91082bcc80af652e6dfc51585584a0edb2cb040f512b4adf6741f98e16abc25ac8b657eacac7f63e3443425820b4678be6cf7a8,2022-11-18 08:14:00,CLEAR,DAYLIGHT,ICE,ON SCENE,11/18/2022 08:15:00 AM,41.779631861,-87.65921691,POINT (-87.659216910005 41.779631861035),C,11,2022,08:14:00
fddb1218f1ec485b32a450de9447dd4743010b9fb41a4fa8db7b4ca501a87269b3207e94b3e232734f0cf050b10216c5f0a342839fbb1960c33395b292a83faf,2019-01-12 13:25:00,SNOW,DAYLIGHT,SNOW OR SLUSH,NOT ON SCENE (DESK REPORT),01/12/2019 01:45:00 PM,41.74579217,-87.635369997,POINT (-87.63536999702 41.745792169991),C,1,2019,13:25:00
fc1a41fb57f0040fff345e6a9bf6e77ba7095666cb491177baae96bb3c46cde2ac46e1a5171f158f39ff98f0605923a13b03e7d36556ad1494fbe4ee13e723ce,2022-04-14 13:00:00,CLEAR,DAYLIGHT,DRY,NOT ON SCENE (DESK REPORT),04/14/2022 03:26:00 PM,41.741803599,-87.740953582,POINT (-87.740953581987 41.741803598989),C,4,2022,13:00:00
fcb0ff720d645f8c9044d1b8fe61d7f078c7f6fcff2f65ab9ffd5cb15a835513a187c10b77f07008f9a8938e0cdc73dac08fb69df81f61cddfe5042e901ae050,2015-12-31 14:45:00,CLOUDY/OVERCAST,DAYLIGHT,SNOW OR SLUSH,NOT ON SCENE (DESK REPORT),12/31/2015 03:10:00 PM,41.975355803,-87.65189745,POINT (-87.651897449989 41.975355802966),C,12,2015,14:45:00
fc29c03ec35de7f84697201a4d16e6a209449341159f63ba41ed57c68616177e78a9e1a187829cd5949c894c2c7af24ea442c20a557d8fd232867b9ff7e77dad,2017-10-19 11:20:00,CLEAR,DAYLIGHT,DRY,NOT ON SCENE (DESK REPORT),10/19/2017 11:20:00 AM,41.696710049,-87.666895056,POINT (-87.666895056003 41.696710048985),C,10,2017,11:20:00
fcb78858c1a31e26e4995ea1bf67f5433855c68bfd8ac28a57f73571f24d6a4787b6a50bf5f16e3e3136f84e4f38abc6a0322f580fc6ccb49b37b6338fe88ad1,2019-08-09 17:00:00,CLEAR,DAYLIGHT,DRY,NOT ON SCENE (DESK REPORT),08/13/2019 06:00:00 PM,41.910530014,-87.667050586,POINT (-87.66705058601 41.910530014022),C,8,2019,17:00:00
fcb3d511c6fae89db1e843fa9d6f1e8c1141f2e1ae1cd8a7d24a080f3a5aa117de8cf8411b70e7e07900bdbb7488f7a2eaa399f77b421a74a2354a7c4fb986bc,2023-02-12 22:00:00,UNKNOWN,UNKNOWN,UNKNOWN,NOT ON SCENE (DESK REPORT),02/13/2023 10:30:00 AM,41.886070174,-87.620536589,POINT (-87.620536589034 41.88607017398),C,2,2023,22:00:00
fce5ce426b3640845890946ec7f8e81394a0e233a10e61591e4fd963ae3bb740720bbcc95ffaf96e6ac786916956df0d2b1111f5c7e850c9609f9468aa009d03,2023-02-15 13:40:00,CLEAR,DAYLIGHT,DRY,NOT ON SCENE (DESK REPORT),02/15/2023 02:30:00 PM,41.752251354,-87.655244975,POINT (-87.655244975044 41.752251353988),C,2,2023,13:40:00
fbc3d793e1ce4c8148a35eb810da820c9e153da959169d0515bd4630afd9d8ab5c248aebea6e10623248b8f73a4626670822d7da19e4ed351eed2a6dd710d235,2022-12-27 14:35:00,CLEAR,DAYLIGHT,DRY,ON SCENE,12/27/2022 02:41:00 PM,41.806648097,-87.716326122,POINT (-87.716326121991 41.806648097041),C,12,2022,14:35:00
fc1ed756ea942ec3879f0cf1a5271bd46773df0ca851c17819d67283f979a205b48647e1944d07d376c6b14625364cd7cffbc6b6d044ed04c59bef583c223a0e,2018-01-02 13:55:00,CLEAR,DAYLIGHT,DRY,ON SCENE,01/02/2018 02:10:00 PM,41.863082204,-87.720153168,POINT (-87.720153168044 41.863082204009),C,1,2018,13:55:00
fc1aa32a59600808faf98de5d612e9ee7372a8ffbfcbaee40d19f066be606197d3c61092e2d57f523058ad332c5be04f20358ea95843a0b615ff2cba132fafc0,2023-03-16 17:30:00,UNKNOWN,UNKNOWN,UNKNOWN,NOT ON SCENE (DESK REPORT),03/16/2023 06:50:00 PM,41.963159931,-87.756492932,POINT (-87.756492931976 41.963159931044),C,3,2023,17:30:00
fbaaf0172036e34d71f65532d50fbe099c81363eeac7ebc8a3f1d4a385f1d52dcd02843d9759dfee1ba4302aa1583e87720f43249ea8d74e76a9acf5015f90c9,2023-05-30 12:45:00,CLEAR,DAYLIGHT,DRY,ON SCENE,05/30/2023 12:46:00 PM,41.880668499,-87.739980899,POINT (-87.739980898973 41.880668498984),C,5,2023,12:45:00
fd1b25cb18bdb9f95e5f2eb45b33037cbdbe9957977ef3426631b481be6348607fd1be4b5443602850922f92723ce6ad15ba982cc99cb42e087c63ab581f5efd,2018-11-01 07:45:00,CLEAR,DAYLIGHT,DRY,NOT ON SCENE (DESK REPORT),11/01/2018 08:15:00 AM,41.903639931,-87.65554697,POINT (-87.655546970003 41.903639930952),C,11,2018,07:45:00
fb6ab9e16a4637aaa0ddf4c63a167676b0ef10b0982a376f86105ab9361385c5135c204190885bc1c092e572224c0af72e2a7ea35f1367759a9f560328d978b9,2022-06-02 23:35:00,CLEAR,"DARKNESS, LIGHTED ROAD",DRY,ON SCENE,06/02/2022 11:35:00 PM,41.744151639,-87.585945067,POINT (-87.585945066953 41.744151639042),C,6,2022,23:35:00
fd6de4ef109b5156a78e05c2fa58843c60179e43d751c3dbe92db10c9804b3faf47a95720b91e892766d84b29bee221f442bbeacc88daabfe2a7cd915677327c,2018-11-15 10:20:00,SNOW,DAYLIGHT,SNOW OR SLUSH,NOT ON SCENE (DESK REPORT),11/15/2018 10:30:00 AM,41.761890714,-87.599811948,POINT (-87.599811948048 41.761890714022),C,11,2018,10:20:00
fee17618d846e7a70a54aeaed340aa6df3893bd08bf56cf3188fdaf584452d9fb38cf859d2fc3a2915e75097e4692f185c7da395c2815c330e8558e761c273a3,2021-10-13 17:00:00,UNKNOWN,DAYLIGHT,UNKNOWN,NOT ON SCENE (DESK REPORT),10/14/2021 04:35:00 PM,41.770222723,-87.644688715,POINT (-87.644688714973 41.770222723023),C,10,2021,17:00:00
ff2308b7f17e1fd99d59e8f6350375b2403600dba94c4e1ea632fff8bd2b7d146476be06adce1131d660c1aa6b82737c5ef6a5801bbc0f61ecfb1ef155cace94,2020-05-01 12:20:00,CLEAR,DAYLIGHT,DRY,NOT ON SCENE (DESK REPORT),05/01/2020 12:40:00 PM,41.879714362,-87.774496221,POINT (-87.774496220954 41.879714361958),C,5,2020,12:20:00
feb52990dbeac3552123cf60b7bb9011859dd2a037a006928ca21c627b00700fd0d1f313ce8a4e75b141ac34e6b4ed3e1b49b251f3a229684e4c8a85263f66d2,2019-08-16 01:00:00,CLEAR,"DARKNESS, LIGHTED ROAD",DRY,NOT ON SCENE (DESK REPORT),08/20/2019 11:20:00 AM,41.822862314,-87.686242701,POINT (-87.68624270101 41.822862314026),C,8,2019,01:00:00
ff67af25560c6e2b36c57d4e3e7c5409e9ab22fd9f13a1322f2e12b1767f9e4713e41b347fea1585df7025140c9f5af80e0496539b12c27976bc88ab75ad3beb,2017-10-04 19:20:00,CLEAR,DARKNESS,DRY,NOT ON SCENE (DESK REPORT),10/04/2017 07:49:00 PM,41.766908958,-87.688048862,POINT (-87.688048861968 41.766908957977),C,10,2017,19:20:00
ffe27f6f50bbc268cbd6c2cb9a54d86d833d3d4a0ff53085f858676dbc74fe537bb36fe3d2ad5193bcd58168fecb642b4adbcb58e9e30d37e3b6af8e4be3cc05,2020-10-19 14:45:00,CLEAR,DAYLIGHT,DRY,ON SCENE,10/19/2020 02:49:00 PM,41.858908833,-87.729904272,POINT (-87.729904271964 41.85890883299),C,10,2020,14:45:00