CRASH_RECORD_ID,CRASH_DATE,WEATHER_CONDITION,LIGHTING_CONDITION,ROADWAY_SURFACE_COND,REPORT_TYPE,DATE_POLICE_NOTIFIED,LATITUDE,LONGITUDE,LOCATION,CRASH_TYPE,CRASH_MONTH,CRASH_YEAR,CRASH_TIME
fe79e41ba44e70322e4ae209d97a7b065aac3afd666ebccebb434e1d42bc5a8cbd9f9ebd8510c2789b81999a0f13886902b4680798ae4b18ba90869aab73eaa3,2019-11-10 16:12:00,CLEAR,"DARKNESS, LIGHTED ROAD",DRY,ON SCENE,11/10/2019 04:19:00 PM,41.873796884,-87.685064376,POINT (-87.685064375975 41.873796883969),C,11,2019,16:12:00
fe5a36583fa7668aa276679108e3ae055e8ca3494bb90aa5ed3c249804862e91cecc38c28332c2c96a8a1abd79d7e0d12d6b413bfc3146eb9133cd5d5468d913,2017-01-09 01:44:00,CLEAR,"DARKNESS, LIGHTED ROAD",DRY,NOT ON SCENE (DESK REPORT),01/09/2017 08:30:00 AM,41.744151639,-87.585945067,POINT (-87.585945066953 41.744151639042),C,1,2017,01:44:00
feac8e4ad38ad2a492f0cf41b06148494641a6da0fd7f98e165d6d38db7fde7614462244b592f624ec33e3da0080acf23fa0e2f0a7ba02f0bc6cf14b1058a63e,2020-03-01 15:40:00,CLEAR,DAYLIGHT,DRY,ON SCENE,03/01/2020 03:52:00 PM,41.773178389,-87.733533038,POINT (-87.733533038032 41.773178389036),C,3,2020,15:40:00
ff89f42ef0e502192c144960065343557ebcce60272eb248b874c02faa846f00c67bcb4ec8d4045f1617e4fa176cf3960ae591e27abd4da7847984ed6cc8fbbe,2018-03-09 22:06:00,UNKNOWN,UNKNOWN,UNKNOWN,ON SCENE,03/09/2018 10:10:00 PM,41.923069352,-87.786460255,POINT (-87.786460255007 41.923069351974),C,3,2018,22:06:00
ff5b37e205adfd5c8fb6ddedf061241162fc4353fd0fd909ef5d9a59ed36766f6305ee1970f9568d8077cd42bfcffc6c2e30c07b7fad4829e6dc38b940110f82,2021-05-02 14:15:00,CLEAR,DAYLIGHT,DRY,NOT ON SCENE (DESK REPORT),05/02/2021 03:30:00 PM,41.868505893,-87.744688538,POINT (-87.744688537963 41.868505892977),C,5,2021,14:15:00
ff5ea10512278e78da28e3a0d7edc0c625d40b0d1f85e21b72a87b3e1027c8d790d0a176881bdb1492375368fcc5a1d5db37ccc4f1d370fd4587512c89af3855,2022-09-23 19:55:00,CLEAR,"DARKNESS, LIGHTED ROAD",DRY,ON SCENE,09/23/2022 08:00:00 PM,41.814930534,-87.723998861,POINT (-87.723998860978 41.814930533982),C,9,2022,19:55:00
ff1846256c80d6c4d33a3d881ee7009a4c5ac10593a9e977312de832d3de8bfe10e5d015f610ee80baef9c4f7ab088be61e03a4f2061b5ef6ae4a1623ac9c39f,2021-03-23 18:00:00,RAIN,DAYLIGHT,WET,NOT ON SCENE (DESK REPORT),03/23/2021 07:30:00 PM,41.86434945,-87.719319075,POINT (-87.719319075007 41.864349450029),C,3,2021,18:00:00
ff29e41c67c79c3b1c2e0d67fd475c98a7f9d267e887cb675442aad81bac6edcc9f260573186c5e8c6ec4eaf4ec40e3bdac4ae970c9b2641d46ccdd0a32f28f3,2023-04-29 22:50:00,CLEAR,"DARKNESS, LIGHTED ROAD",DRY,NOT ON SCENE (DESK REPORT),04/29/2023 10:56:00 PM,41.902785696,-87.641503307,POINT (-87.641503307046 41.902785695971),C,4,2023,22:50:00
ff519d209291cda35126fcd63245ad9bc6f76258596714f0a653d2793dd763bdc9cc9c0dd71c4e4d98a7874b8cfbb8a1e01ee31fb84f8810c12ac5d4f40fb503,2023-07-06 12:30:00,CLEAR,DAYLIGHT,DRY,ON SCENE,07/06/2023 03:00:00 PM,41.969593156,-87.689782076,POINT (-87.689782075955 41.969593155969),C,7,2023,12:30:00
ffeca2b7a99bc741953a5b85eeef4d7490331ce2e15bb9cd622fac157a571cb7a12b0e3c294bdfb583b6174782c566d5c7354cc44f7cc189e584f342aa568791,2019-01-31 17:30:00,CLOUDY/OVERCAST,"DARKNESS, LIGHTED ROAD",SNOW OR SLUSH,NOT ON SCENE (DESK REPORT),02/01/2019 10:39:00 AM,41.801072267,-87.728432009,POINT (-87.728432008987 41.801072266985),C,1,2019,17:30:00
ffb98e5c29c06d3ea1bb998bb024a6561bec63b8e361aff78661d798b1d7424d3ee352149e8f61edf9762e5651db7fb23e8901650bbaca46fc7d97e87efdb7a4,2018-03-27 11:10:00,CLEAR,DAYLIGHT,WET,ON SCENE,03/27/2018 11:10:00 AM,41.799315886,-87.602970956,POINT (-87.60297095602 41.799315885962),C,3,2018,11:10:00
fe9109ceed13400dd5c82ea47ae3dfdbb9a293fcb2d2c9fcb3fcb7303ead32be04bbe52bf7738d9f2d970669d3063b47ddb417ad176293558316a439665304ed,2019-10-27 02:30:00,CLEAR,"DARKNESS, LIGHTED ROAD",DRY,NOT ON SCENE (DESK REPORT),10/27/2019 02:55:00 AM,41.892374041,-87.627242942,POINT (-87.627242941998 41.892374041012),C,10,2019,02:30:00
ffce789606a3b6aa75b7ab25c16dcd18c64893e7305856394006ffecaef0fc2e60ae6d5b6050830144a361238a61159fda2ac9fc89eb929879962a28c68a26a7,2018-07-03 19:15:00,CLEAR,DUSK,DRY,ON SCENE,07/03/2018 08:14:00 PM,41.744151639,-87.585945067,POINT (-87.585945066953 41.744151639042),C,7,2018,19:15:00
fe53f01b09d5b33e2937dd33d31917d67917e7db4acddbacea4ca19fcd64aea52ea9ade563e24cb757921d8448e71487e98fe81642d835b64071c53196dd898a,2021-06-09 22:52:00,CLEAR,"DARKNESS, LIGHTED ROAD",DRY,ON SCENE,06/09/2021 10:52:00 PM,41.893918609,-87.624085833,POINT (-87.624085832985 41.893918609004),C,6,2021,22:52:00
ff5cfcbfc346f433403ed39f8e8b4c7df87cd597873dec8b09df0b651a5a51b21ae399add3164bda30a87dd3cb0de9dc7f38d6aac1914ca42bcb6349b713aa2d,2018-05-07 11:58:00,CLEAR,DAYLIGHT,DRY,NOT ON SCENE (DESK REPORT),05/07/2018 12:20:00 PM,41.924490094,-87.717288131,POINT (-87.717288130979 41.924490093998),C,5,2018,11:58:00
ff7b48388c082daca7c2c9f369cc29adecb52c902205c440d69191fcf2a21dcb6fb052256a931fc05d88a96fa0ff330d53473993faa525799b30e0db6aab98f4,2017-01-31 13:57:00,CLEAR,DAYLIGHT,DRY,NOT ON SCENE (DESK REPORT),01/31/2017 04:45:00 PM,41.744151639,-87.585945067,POINT (-87.585945066953 41.744151639042),C,1,2017,13:57:00
ff6aa75f212d9c65d252f61581185666536ae064537737ed084f718a9057b24d6ec3b2ebf9846f7c2a25b3754143d5defb839f8bd8e4098af09be05b1da3fd22,2022-05-06 11:25:00,RAIN,DAYLIGHT,WET,ON SCENE,05/06/2022 11:28:00 AM,41.861357379,-87.671047324,POINT (-87.671047324045 41.861357379032),C,5,2022,11:25:00
fe822505b3d4a31dea265e8e2b56797749f6d45ffaa7e01048910d40c6f4a5de8b7e57a8680e8dc2a879640ef6bc58057bcedddf0bcb0f716facf24f9d810ebb,2016-02-20 09:45:00,CLEAR,DAYLIGHT,DRY,NOT ON SCENE (DESK REPORT),02/20/2016 11:00:00 AM,41.912991176,-87.681280361,POINT (-87.681280361049 41.91299117603),C,2,2016,09:45:00
ff6e1066438cc8ed5ed6f5821dd4b8e3c33ddeb5ac8822c4fea30c38dc61ddbb9da3df91173571af95d511b489943f0f46931667e6abc1da25c8ed0ab55400f1,2018-10-14 17:50:00,CLEAR,DAYLIGHT,DRY,ON SCENE,10/14/2018 06:05:00 PM,41.964341082,-87.713091948,POINT (-87.713091947983 41.964341081991),C,10,2018,17:50:00
ff1a406c1a22bcc76f5a8c8f0abd5df31a18f08b3a2a3b45f8fdccfc6633ce930926905ea81a9f0c5d8520d60d5d4e4c356cdb15966f2f96733e5a8ec3f5a3a7,2017-11-18 12:50:00,RAIN,DAYLIGHT,WET,NOT ON SCENE (DESK REPORT),11/18/2017 01:50:00 PM,41.924490094,-87.717288131,POINT (-87.717288130979 41.924490093998),C,11,2017,12:50:00
ff4f8426b562ed9321f712b2b752d387213187bab6339d7a003a182f745beb599f2aa57b5abb4875ca75d10a17d42c8027129a6ebbb0626dc4e8cf60d4f81acd,2021-10-24 22:00:00,RAIN,UNKNOWN,WET,NOT ON SCENE (DESK REPORT),10/24/2021 11:20:00 PM,41.995579197,-87.675876884,POINT (-87.675876883986 41.995579196996),C,10,2021,22:00:00
ff41e4eeb0477b887a3a3d514ffcc38d60dce0d2cbb2cfee4e9dfa5015185b752a3fe3765cf08504294cedf732a89da589a921746bb1d59047feb943bd184dfe,2020-01-14 18:15:00,CLEAR,DAYLIGHT,DRY,NOT ON SCENE (DESK REPORT),01/15/2020 11:40:00 AM,42.010341686,-87.672331815,POINT (-87.672331815029 42.01034168595),C,1,2020,18:15:00
feb80e73daac2a97c3bbdb2f93a371300993ff17822747b59341436b66c8b19d39c516c308ff15c8a892f3e31f485079718afac034af570945ca815676628b44,2017-11-14 14:20:00,CLEAR,DAYLIGHT,DRY,ON SCENE,11/14/2017 05:00:00 PM,41.828452893,-87.638887903,POINT (-87.638887902995 41.828452892983),C,11,2017,14:20:00
feda1d1a7376b3a3b4ff89bf4295ff00e1b7f82c91be638d540f2223faae882c91eb7d7ad1b55b31773708237f527a33f47676ab873cd4578b988f0f12da5a88,2016-11-23 09:45:00,RAIN,DAYLIGHT,WET,NOT ON SCENE (DESK REPORT),11/23/2016 10:57:00 AM,41.880556614,-87.637168587,POINT (-87.637168587045 41.880556614042),C,11,2016,09:45:00
feaa7d81f5b57e3c5677f0dfd86d3bae15428e90e3c0c1f17c7d47603b62f75490444460901c43ccd99a66a2bc35f101545c346bbee60860986d9561ee9fbd31,2023-06-20 19:48:00,CLEAR,DAYLIGHT,DRY,ON SCENE,06/20/2023 07:54:00 PM,41.965930358,-87.646061271,POINT (-87.646061270974 41.965930357979),C,6,2023,19:48:00
ff2356100e7cc6e2b3c73e27e3595bcedb8f0997fd91022498f62c0767a4352ce64cd1293fcdbeed1306d18365ff098ab498dc31457a7b78e0f82843078d2387,2021-11-28 17:30:00,CLEAR,DAWN,DRY,NOT ON SCENE (DESK REPORT),11/28/2021 06:15:00 PM,41.762174118,-87.558927464,POINT (-87.558927463962 41.762174118016),C,11,2021,17:30:00
ffd360d895103d2dcc376b6339c88d7ac1c1bd4d5cbc6eb31654c95278a84a706089e612544814cd376fd6fb3cd19a49742c18b315cfb065f2c29907da96e0cb,2018-07-09 12:00:00,CLEAR,DAYLIGHT,DRY,ON SCENE,07/09/2018 12:20:00 PM,41.817683733,-87.6650402,POINT (-87.665040200043 41.817683733038),C,7,2018,12:00:00
ffb29d82ccb9075fd87359d4c8312475ea25e4a77b1287d301cb3830658c57ce41083808a65bb6863f4e558f7902f398fff414dd9121863774468d83e85e27c2,2021-09-17 13:25:00,CLEAR,DAYLIGHT,DRY,ON SCENE,09/17/2021 01:27:00 PM,41.958986951,-87.933993929,POINT (-87.933993928974 41.958986950953),C,9,2021,13:25:00
fffa0699ec25d473a27cb465f36cee8ae8ced41b517ed6a6a918b385943640a99c205e736bfdaf9517b33974f98172dabb910fc90b389d410a24ea5ed0d2c97c,2019-02-24 03:59:00,CLEAR,"DARKNESS, LIGHTED ROAD",DRY,NOT ON SCENE (DESK REPORT),02/24/2019 07:17:00 AM,41.779631861,-87.65921691,POINT (-87.659216910005 41.779631861035),C,2,2019,03:59:00
ff199a2ea9611dd8bf2575ae4e717faabc3552eeffbb9b67e3fad722b9b9ce7292d7f3ceb9a4514160eafe4ae3f2892b9e8a4b7a42035e5a57c90e7fce26dc83,2018-01-19 06:45:00,CLEAR,"DARKNESS, LIGHTED ROAD",DRY,NOT ON SCENE (DESK REPORT),01/19/2018 06:56:00 AM,41.997131725,-87.731397698,POINT (-87.731397698024 41.997131724976),C,1,2018,06:45:00
fead8eaaeffa93f3ab30ec4cb33fc342920372617af604133f22363a1bd63eb2028f99f4872cbbab4f93ff69591bda37e5738a5d29be201b08e95d9607c9703c,2022-06-25 14:30:00,CLEAR,DAYLIGHT,DRY,NOT ON SCENE (DESK REPORT),06/25/2022 05:00:00 PM,41.954212921,-87.666512458,POINT (-87.666512457952 41.954212920958),C,6,2022,14:30:00
fea380ddeb69a3818e77e4f330a2736fd91ca4a2a7408438046deec154b3c386efae204869e88d855ba022279ff4f395517fa8838f7145e594b9d56ec53ecbee,2018-10-20 10:03:00,CLEAR,DAYLIGHT,DRY,NOT ON SCENE (DESK REPORT),10/20/2018 12:45:00 PM,41.878450579,-87.774451473,POINT (-87.774451472994 41.87845057903),C,10,2018,10:03:00
ff12d343b23b2d7cc521de6dec91dbb33d0be3cf6c030bc852934ef1db5c0347fb8fd0eb18acc0864def7e87a28cd349f43d5ea87819d07f5a9a661e3c72b46c,2017-10-02 08:30:00,CLEAR,DAYLIGHT,DRY,NOT ON SCENE (DESK REPORT),10/02/2017 10:56:00 AM,41.924025937,-87.754108923,POINT (-87.754108923036 41.924025936998),C,10,2017,08:30:00
fee7b1e9e824981aa700346a599c6955478958bd9734babd3ea04f4a977f2d0c6eff1a15c384ccc803e7c19aad87a520a5cb1c6be853003321a43531a0efb9b5,2023-03-22 08:40:00,CLEAR,DAYLIGHT,DRY,NOT ON SCENE (DESK REPORT),03/22/2023 11:30:00 AM,41.866080805,-87.723884001,POINT (-87.723884001002 41.866080804984),C,3,2023,08:40:00
fef99c9ed9e1c6413d6cc013c240ea859dcde7a9d1e5faffddf8cb6143a11f7ad3e9e5d3b516d19b51a04021f217cdbb9d1b22de8a61d9fef333bf0a671d2ba2,2017-12-20 16:00:00,CLEAR,DAYLIGHT,DRY,NOT ON SCENE (DESK REPORT),12/20/2017 11:04:00 PM,41.931607951,-87.697755776,POINT (-87.697755776035 41.931607951049),C,12,2017,16:00:00
fff00b04697271d696e2fb584c7d6c3d747c5d5cfe7134aede38e37da70c82a048cdd1f583a8dd0b93f176d08e6728a2cae01bd82c30f5db4e4a326c35b7a90b,2019-03-24 11:55:00,CLEAR,DAYLIGHT,DRY,ON SCENE,03/24/2019 11:58:00 AM,41.975458553,-87.747327999,POINT (-87.747327999047 41.975458552982),C,3,2019,11:55:00
ffb93840506b596a51d84feac3db74235a7cc9692d7dfc30c7f0c6b7f142239600e850e8a8c6d3a69f65e878d08924796461cb31d9b9379f989106a1bd33544c,2022-01-14 22:14:00,SNOW,"DARKNESS, LIGHTED ROAD",SNOW OR SLUSH,ON SCENE,01/14/2022 10:19:00 PM,41.941887421,-87.644311021,POINT (-87.644311020979 41.941887421021),C,1,2022,22:14:00
fe735a0a368f1d4799822865708ee16b557396f0446a1c2dad13640b56742c03291fef79873ae2154e7e0b5e1aaa708ea10db201dc54f84968c8030b58167cd1,2020-01-28 18:42:00,CLEAR,DARKNESS,DRY,NOT ON SCENE (DESK REPORT),01/29/2020 10:05:00 AM,41.728431202,-87.632504877,POINT (-87.632504877049 41.728431202018),C,1,2020,18:42:00
fe93d498a723ef087b8ef3cccfb2ea85bf28a41bdfc99f5836a2da4611c74d3db0fc0b686115c2c0b2093462a25f435f0df9915a09635dc4a264611c92f918aa,2017-08-20 01:00:00,CLEAR,"DARKNESS, LIGHTED ROAD",DRY,NOT ON SCENE (DESK REPORT),08/21/2017 08:39:00 AM,41.741925055,-87.689159451,POINT (-87.689159450967 41.741925054989),C,8,2017,01:00:00
ffbe8aaa121cfca87a94282b528094fb9d08cb6e25ed2696ae138337f6e4e77fd8694494334bab6df4d8b6321e10dd7754620ce090ec08a1841a04d1c15a0d1b,2021-05-19 08:59:00,RAIN,DAYLIGHT,WET,NOT ON SCENE (DESK REPORT),05/19/2021 01:15:00 PM,41.894228849,-87.625384759,POINT (-87.625384758996 41.894228848999),C,5,2021,08:59:00
79f27a71fa68251fede47932561cdd9278c09f64dd9f2aad7e2d2ed0529912644eeeb2c52a2ac60e0a18ca05f5ed4b9d05d4d59ee1ee989f433ad062ed2b1768,2023-10-06 10:30:00,CLEAR,DAYLIGHT,DRY,NOT ON SCENE (DESK REPORT),10/06/2023 10:45:00 AM,41.890374775,-87.677042676,POINT (-87.677042676037 41.890374775033),C,10,2023,10:30:00
9515a69b0ffcdb704bd9873543ec1db27d2860c7d317296aa09cd9feeefd3922731af0b25d5efc8f69ebf331867a9261f534ab56c46d6180ee2d8e62a4ee217d,2023-10-20 02:00:00,CLEAR,"DARKNESS, LIGHTED ROAD",DRY,NOT ON SCENE (DESK REPORT),10/21/2023 02:00:00 PM,41.760914521,-87.557319918,POINT (-87.557319917975 41.760914521002),C,10,2023,02:00:00
2fa0bd8165b2dbc1241e813677801a019c320dc544c70de18adac4c814a2c7390298b135cf4d92b24de17f70f55b792d4b369ab71135513bbcd589fd15fe7c4f,2023-10-07 20:58:00,CLEAR,"DARKNESS, LIGHTED ROAD",DRY,ON SCENE,10/07/2023 09:02:00 PM,41.886603801,-87.7436834,POINT (-87.743683400022 41.886603801046),C,10,2023,20:58:00
4e5366b78fc9648d84a918b6d7da4607724cec89a56b8111c2ab197abbd65c326abab47f961ed7bbb1e959ad17fad3449bc3cc2985c48c03cd5ab2e722117efa,2023-10-07 23:03:00,CLEAR,"DARKNESS, LIGHTED ROAD",DRY,ON SCENE,10/07/2023 11:06:00 PM,41.857621901,-87.70527585,POINT (-87.705275850039 41.857621900976),C,10,2023,23:03:00
6d6b544f1abd41dc653bc9504ec9e5330e8c97c99cb7def1964a0ebfefea6e040152b98e291e141cf2c14ac8c37a5cebf5a9b57ac57a5bb74ea53e7a49a3001c,2023-10-07 09:18:00,CLEAR,DAYLIGHT,DRY,ON SCENE,10/07/2023 09:21:00 AM,41.735617968,-87.682663369,POINT (-87.682663369002 41.735617967973),C,10,2023,09:18:00
a21cf6049e7f74eed97627044a145e03cc167d2fa2cc700c22f79e34e2c898feb6be9e0c47482be58d418bea27f23285a59161adf519e151707a75eb95105206,2023-10-07 12:41:00,CLEAR,DAYLIGHT,DRY,ON SCENE,10/07/2023 12:43:00 PM,41.895499511,-87.723699547,POINT (-87.723699546998 41.895499510995),C,10,2023,12:41:00
5833ed505c89961dc9420c1a3516e15334a673a7b91aae39997e9ba4691f4da40f1f4530911d4e6421c973b4c29aa9572e7807525c4b0757260a20e987f3cd1a,2023-10-08 04:00:00,CLEAR,"DARKNESS, LIGHTED ROAD",DRY,ON SCENE,10/08/2023 06:37:00 PM,41.917103631,-87.687248767,POINT (-87.687248767006 41.917103631009),C,10,2023,04:00:00
543fd6b1d2f2ab5905d95a279345c31cfd1dad73e3e1123f10005b29cb40f4f58dbd48af7a347f5c600a0e0eb9cefb70d71808b89df15e4f9d328014373f5b93,2023-10-09 16:00:00,CLEAR,DAYLIGHT,DRY,NOT ON SCENE (DESK REPORT),10/09/2023 07:10:00 PM,41.8336705,-87.626313574,POINT (-87.626313574032 41.83367049999),C,10,2023,16:00:00
61ebf2ad0cfa401d5f417bd110dba1dbd95f65e468fee26132d41f926f74485ba273ad19bd3ebab7ff78082ae0b9b76222ec0f741a1bdc9f0ff940f0a4e53a27,2023-10-10 06:45:00,CLEAR,DARKNESS,DRY,ON SCENE,10/10/2023 06:45:00 AM,41.931607951,-87.697755776,POINT (-87.697755776035 41.931607951049),C,10,2023,06:45:00
6fa70c19270c6a6f4148fad7d2762c370c0e86a59d1796194895b06c5cd76d85c0e36c40879a0a3d272be1741d8258bba344d19da60a5194ace486d5dca56c42,2023-10-10 14:10:00,CLEAR,DAYLIGHT,DRY,NOT ON SCENE (DESK REPORT),10/10/2023 02:35:00 PM,41.838005705,-87.704697689,POINT (-87.704697689035 41.838005705013),C,10,2023,14:10:00
3e97eb9efd26fa51ee7cf8609b9417662610de19a0373a12e3e8639b33cc13d08d01c04beb52bc8aa8b8deb57e33d939ea4321da2aa2a2d03c8907d214f9dcba,2023-10-11 20:35:00,RAIN,"DARKNESS, LIGHTED ROAD",WET,ON SCENE,10/11/2023 08:40:00 PM,41.947114622,-87.674027476,POINT (-87.674027475988 41.947114621969),C,10,2023,20:35:00
7567595f0b11a8120d4ad6489fc07351151e434e123a02e74ad5be42f15ca914599891ccf1f380db88abaa08aa7c62dbbaa87a1011445aa6fbc732339db28fff,2023-10-11 03:00:00,UNKNOWN,UNKNOWN,UNKNOWN,ON SCENE,10/11/2023 11:17:00 AM,41.793110859,-87.675344011,POINT (-87.675344010991 41.793110858982),C,10,2023,03:00:00
6dd0cb45fb9e52561bba2542a78c24c8de13d5d263ff2a9db54dae50ae0a964fc9fbf906054b071ab919889a437185364a6f2b18288df6990bdfa66cb9825a63,2023-10-25 08:00:00,RAIN,DAYLIGHT,WET,NOT ON SCENE (DESK REPORT),10/25/2023 08:00:00 AM,41.721150404,-87.658966651,POINT (-87.658966651043 41.721150403976),C,10,2023,08:00:00
9ffe366f19a9ae34e63bd8375ac8e87d72f339371c2cad338430a3b742eb77cde6dfef5a7c5d90d16dfcd3a75be44b9add51db1369845cf8c5c4ee237231c6fb,2023-10-25 08:15:00,RAIN,DAYLIGHT,WET,NOT ON SCENE (DESK REPORT),10/25/2023 12:00:00 PM,41.866501191,-87.686157599,POINT (-87.686157599021 41.866501191036),C,10,2023,08:15:00
261026f16c404e7b0aa9c801710b4cdd8f00fc89ccd932536eebd83b021c24ad58fe4069c6a37725b93bd15e15ee23f8fb63be76796ac88b3e3d753a86e3e1cf,2023-10-12 21:00:00,CLEAR,"DARKNESS, LIGHTED ROAD",DRY,ON SCENE,10/12/2023 09:07:00 PM,41.810440446,-87.710418852,POINT (-87.710418851956 41.810440445956),C,10,2023,21:00:00
4b74202838fc3f8ea0e3563c383f9dce60c004db9ebccd4a67b3e1456da9fa5977b1a059648760ec8deea6e7acd70dd221008a7b084997a98650d835ec56abf5,2023-10-12 10:06:00,RAIN,DAYLIGHT,WET,ON SCENE,10/12/2023 10:51:00 AM,41.777199231,-87.800502479,POINT (-87.800502478987 41.777199231042),C,10,2023,10:06:00
5c44977a16085b501b1314b50763e8e83859b7d190389b7e69b30189a265a8f7b909e341b9802f01caafb58a19e0e9aba946bd0268256199ecf1e5c0c372f59d,2023-10-12 10:45:00,RAIN,DAYLIGHT,WET,NOT ON SCENE (DESK REPORT),10/12/2023 11:05:00 AM,41.74350578,-87.62819656,POINT (-87.628196560035 41.743505780006),C,10,2023,10:45:00
7633fdfcb3ef99084b9a479c3cdb79b418c3c00f1b85d2c4c20479531cd4ab273b1794d97790f4ed01aba786194d868630784fa2295223faeda9f07123ae795d,2023-10-12 07:20:00,RAIN,DAYLIGHT,WET,NOT ON SCENE (DESK REPORT),10/12/2023 07:45:00 AM,41.994350631,-87.764730833,POINT (-87.764730832986 41.994350630951),C,10,2023,07:20:00
1ae0e41d16c825f79fbc02abd4101ef8609119aea681c5e194e48c9184f8c48e5124ba9ac35df328e6795d452a5e2ca4a7828cd783989b96924cfabc1a669f44,2023-10-13 13:45:00,RAIN,DAYLIGHT,WET,NOT ON SCENE (DESK REPORT),10/18/2023 12:20:00 PM,41.975335342,-87.751655533,POINT (-87.751655533045 41.975335341992),C,10,2023,13:45:00
e514864f3c73fd0d88b40f386a6a0cf81c103b45df6b253f6c7b1aa7faa4ea67668171d982cbdab59a0e2a22018a007228407b454b62f839f0d733044185586c,2023-10-13 12:18:00,RAIN,DAYLIGHT,WET,ON SCENE,10/13/2023 12:42:00 PM,41.940630765,-87.653982104,POINT (-87.653982103976 41.940630765023),C,10,2023,12:18:00
869b65cbd2544fb1d4873eaae27f624bb953056adde9c4dd3583dd7b0600791aa0b8cbb4aa0e12049302fb9dd00b1f947c31512f5829bdb76ca972e88c711263,2023-10-18 05:38:00,CLEAR,DAWN,DRY,ON SCENE,10/18/2023 05:39:00 AM,41.882211292,-87.710898608,POINT (-87.710898608036 41.882211292041),C,10,2023,05:38:00
98ecab135eae0534b02787f49d62e1696ab3763ff352cbe492b3acdab6403cf26c33f1e79432c88cc06ae80f4481a06b712f5dab8d530c5a9697620726b827de,2023-10-17 18:00:00,UNKNOWN,DUSK,UNKNOWN,NOT ON SCENE (DESK REPORT),10/17/2023 07:50:00 PM,41.87479856,-87.755004029,POINT (-87.755004029038 41.874798560005),C,10,2023,18:00:00
4e525bdc785835e4a4a6e4f281ee87e54b2a9c1d7bf0faaf6a515bd3bd23783262bc4db317b53663aa52913804d461001fcc836cfcf5af8c3292a728b1087a64,2023-10-28 03:45:00,CLEAR,"DARKNESS, LIGHTED ROAD",DRY,ON SCENE,10/28/2023 03:56:00 AM,42.0224207,-87.673006579,POINT (-87.673006579048 42.022420699996),C,10,2023,03:45:00
bff7da3702b08b98f3d66d668c8d956148b52beef95cad3e448b4ae446b8933655070c7b1bf7de0fb8fc7b6f4bdc62952eae525a23d6e81fff6f66c6afa3b37c,2023-10-28 13:09:00,CLEAR,DAYLIGHT,DRY,NOT ON SCENE (DESK REPORT),10/28/2023 02:09:00 PM,41.844469862,-87.716531999,POINT (-87.716531999035 41.844469861986),C,10,2023,13:09:00
7f68f56781e3cab5c099820d14bdfa5e579ebe3a73d837d005ccfcb3e19924ebb70a6d7562d3e584d8718e9b8fcac7ac071de207e3af548b42b64bc9a78d9349,2023-10-29 18:30:00,UNKNOWN,UNKNOWN,UNKNOWN,NOT ON SCENE (DESK REPORT),10/29/2023 08:00:00 PM,0.0,0.0,POINT (0 0),C,10,2023,18:30:00
cd56f82e3583d9456daaebdf61815e70b090fc16dab4b7b2c52fdb8810fb1ef0cf7f4dfd02620bccef9666cb4904b8d7a6cf8d9c268b99934154518cc5993340,2023-10-29 02:00:00,RAIN,DAWN,WET,ON SCENE,10/29/2023 04:25:00 PM,41.744151639,-87.585945067,POINT (-87.585945066953 41.744151639042),C,10,2023,02:00:00
e112972c5f9ab8a3e406edb04c899146864caa7daf6c28fac293c52f1fdfd7dd01a99857fcf505d7032dfa9e6ab6f6d3c3318ae41b2712cd0e2d75f7c8521a93,2023-10-18 08:50:00,CLEAR,DAYLIGHT,DRY,ON SCENE,10/18/2023 08:57:00 AM,41.890672281,-87.679471653,POINT (-87.679471652984 41.890672281011),C,10,2023,08:50:00
58298454a4742a5dc6928ff8d4b337a293fd48045406a1b4b7e7f3056aa767aad5d3bc5e412178004873d324b3ec61fc0f457c8e1918e7ce8376b21cf92d1309,2023-10-28 11:30:00,UNKNOWN,UNKNOWN,UNKNOWN,NOT ON SCENE (DESK REPORT),10/30/2023 12:00:00 PM,41.79573461,-87.762555326,POINT (-87.762555325992 41.795734610035),C,10,2023,11:30:00
4b6e001fdf643e98b926ffa3e9c8e86c57a01e17891a27066fdb907c65fac3578f74f50570a5c01a79963ec14a1c2723b07a3937c6f134ebfa7e0096d75a4f1b,2023-10-30 18:20:00,CLEAR,DAYLIGHT,DRY,NOT ON SCENE (DESK REPORT),10/30/2023 07:45:00 PM,41.808412257,-87.673318857,POINT (-87.67331885703 41.808412256976),C,10,2023,18:20:00
0475ec74c799683896cd24ee9c0ed4c6ac594fca8b8319e0e89826bd784cec98495741aa2e317e88acd1433745e24a52d96f66662bfcad7f4792d2313df79c49,2023-11-01 18:11:00,CLEAR,"DARKNESS, LIGHTED ROAD",DRY,ON SCENE,11/01/2023 06:17:00 PM,41.706714203,-87.653813468,POINT (-87.653813467968 41.706714202986),C,11,2023,18:11:00
5f4a2dfd8a33d55a7417974f1b9c013851ed2ae3c9e5d1cbd5d0c9b28859d36983457323364eda16c7c9f93dffab382eb67c29a25f2838529a82ddd986da5a47,2023-10-19 16:30:00,CLEAR,DAYLIGHT,DRY,ON SCENE,10/19/2023 05:07:00 PM,0.0,0.0,POINT (0 0),C,10,2023,16:30:00
687a08fea30e078fc18f7ebdf47d50aa74d744fe206015f173f7545fca6a1f70496483b9931f0ed3dc18fbca47f8e96f82af4f0bf9aab2a4dce62dc6b816b58b,2023-10-19 02:15:00,RAIN,"DARKNESS, LIGHTED ROAD",WET,ON SCENE,10/19/2023 02:17:00 AM,41.810251709,-87.671572608,POINT (-87.671572607973 41.810251709042),C,10,2023,02:15:00