CRASH_RECORD_ID,CRASH_DATE,WEATHER_CONDITION,LIGHTING_CONDITION,ROADWAY_SURFACE_COND,REPORT_TYPE,DATE_POLICE_NOTIFIED,LATITUDE,LONGITUDE,LOCATION,CRASH_TYPE,CRASH_MONTH,CRASH_YEAR,CRASH_TIME
6fcb19a7543e5f1bd6b5d0f3d10debe3a28209da55cb46a7b005458909ee9ba7a58ced1cc3d6225904f26f30c5b1f978de3f22ffec1c5d694ec3f33a2b9464ff,2023-10-30 20:46:00,CLEAR,"DARKNESS, LIGHTED ROAD",DRY,ON SCENE,10/30/2023 08:46:00 PM,41.838792961,-87.608902658,POINT (-87.608902658017 41.838792960988),C,10,2023,20:46:00
fde38d19f91db222f28baf6dd5253a26d95e9ab0093ed15d8347e598d3c252117d773934d05cb7354b8fc124cff744beb358d879d34b2190ee9ef80f30ff10be,2023-10-31 19:30:00,CLEAR,DARKNESS,UNKNOWN,NOT ON SCENE (DESK REPORT),11/02/2023 05:19:00 PM,41.924490094,-87.717288131,POINT (-87.717288130979 41.924490093998),C,10,2023,19:30:00
e1fd94da02562d03ac0ff33cabb32747931da6f169a0b7f9ea25b64bca7dc78bf1aa66289058f18e13259730fe0ea65a4f19b60fd02f7092904a0db14eedc7f9,2023-11-01 16:30:00,UNKNOWN,DAYLIGHT,UNKNOWN,NOT ON SCENE (DESK REPORT),11/02/2023 04:49:00 PM,41.937825377,-87.743048226,POINT (-87.743048226013 41.937825376955),C,11,2023,16:30:00
83a86c25ddfe89fe6a068042be7090a5e052f33edf3338d5abec8443511cf729ebb516163fef98887de66688a0844b61794a7b54ebef2d527e7360d67caeca2e,2023-11-02 16:29:00,CLEAR,DAYLIGHT,DRY,ON SCENE,11/02/2023 04:30:00 PM,41.81949578,-87.623254024,POINT (-87.62325402402 41.819495780004),C,11,2023,16:29:00
ae6d3d6d6e45e51e4f2b4380c247da9af6b5de01185738221d73557211bd366a50de8fffd29f17fcc4b5994650f95d09519ddc2d519204352414424fcb396ec2,2023-10-20 16:50:00,CLEAR,DAYLIGHT,DRY,NOT ON SCENE (DESK REPORT),10/20/2023 06:00:00 PM,41.895499511,-87.723699547,POINT (-87.723699546998 41.895499510995),C,10,2023,16:50:00
ce8dc4cf94347918968dd6261359d70c46ee23a1275409533d32f3d0a0045d31685de6d26b130be66c50d23de63dc25b7e407b1bb0a1befa7be939c92e1e94ee,2023-10-21 00:10:00,CLEAR,"DARKNESS, LIGHTED ROAD",DRY,ON SCENE,10/21/2023 12:44:00 AM,41.866080805,-87.723884001,POINT (-87.723884001002 41.866080804984),C,10,2023,00:10:00
4f06137394852956d1a3879d6425c4a99f891c503527cd520c1fbf90e420193a73fbac47d2ee66c20a1207e830d3fa1877b5126e7877ea66382de008a96b74ef,2023-11-04 14:00:00,CLEAR,DAYLIGHT,DRY,NOT ON SCENE (DESK REPORT),11/04/2023 04:20:00 PM,41.673475806,-87.631994513,POINT (-87.631994513008 41.673475806038),C,11,2023,14:00:00
5feb7044c681fc9a2fadc83856f63d1ffe133d0454fbf8fd37be5f3cf7ccd31fbbbac4bf5a0ec52f95fc4dca7a8cba94ca8417068c07d64674ba10b7a0512f33,2023-11-04 10:30:00,CLEAR,DAYLIGHT,DRY,ON SCENE,11/04/2023 10:43:00 AM,41.738148972,-87.604720212,POINT (-87.604720212036 41.738148971951),C,11,2023,10:30:00
e281f4254b946b9260b6b6c1474cadd0b0f7ccd909838fe9b18e8d0441f9707cd0e6bb0a9268ba294749a43fe6884136d718dbb6c52fabcd903379b963278de5,2023-10-21 20:00:00,UNKNOWN,UNKNOWN,UNKNOWN,NOT ON SCENE (DESK REPORT),10/22/2023 02:21:00 PM,41.778012898,-87.76930106,POINT (-87.769301059976 41.778012898009),C,10,2023,20:00:00
ea6edc0f5fa80c2c6949f1b1c4dd88c8ee14fbcba8b772e6930adb970553ffd17e1b0b2f7e3621c8ed3257027bde901844e152921244ede68a0cfb5f753d81a0,2023-10-02 17:50:00,UNKNOWN,UNKNOWN,UNKNOWN,NOT ON SCENE (DESK REPORT),10/03/2023 12:12:00 PM,41.894854301,-87.626952553,POINT (-87.626952553038 41.89485430104),C,10,2023,17:50:00
aabd243c461d27e74988de82a3d4383c05f24efa9a496fd562255466817c56db34d1d6a291c7d2c67e06cc4f367f7485a6be9f53bd6d7fe96aa2313e339a1b4d,2023-11-05 14:28:00,CLEAR,DAYLIGHT,UNKNOWN,NOT ON SCENE (DESK REPORT),11/05/2023 03:00:00 PM,41.920486673,-87.760804845,POINT (-87.76080484504 41.920486673022),C,11,2023,14:28:00
8a5a2850834cd6d09ad1597dab29967935ff3e4de1f0c8f359061897c53415e00c5ed973da6015a464aa707f3beae81e48b7095dfe21818498048922a670ecbe,2023-10-16 09:28:00,CLOUDY/OVERCAST,DAYLIGHT,DRY,ON SCENE,10/16/2023 10:34:00 AM,41.896393332,-87.654686711,POINT (-87.654686710965 41.89639333201),C,10,2023,09:28:00
810d2ee9a0f13be2c32a5a1c55bbec8692633dcea351dc11ebe36d4ea041c4d87577a8a6465b66b12707ba00c3f69746cc24967ab288a8eea65412ae5b4da73c,2023-10-11 10:00:00,UNKNOWN,DAYLIGHT,UNKNOWN,NOT ON SCENE (DESK REPORT),10/17/2023 09:30:00 AM,41.93197047,-87.699931619,POINT (-87.699931619044 41.931970469953),C,10,2023,10:00:00
2ce196660fa5c7c2fe2701f9e93a0621b994613716d7a22fbf466e2a675a68c6fdf600b851b7c0f86646f30d37dfd5db453fbf7a46b744400079c46bdd8f4e8b,2023-11-11 19:10:00,UNKNOWN,UNKNOWN,UNKNOWN,NOT ON SCENE (DESK REPORT),11/11/2023 07:30:00 PM,41.983014558,-87.78220528,POINT (-87.782205279991 41.983014558005),C,11,2023,19:10:00
263de8049301481a8b9bb0817e3e5529f24254cb2e8b9526d26b31af198b9bdbaa2397388739d2502a97cf72e6c56c7f9efd97f99de2738331692ed5d32cac52,2023-10-03 11:26:00,CLEAR,DAYLIGHT,DRY,NOT ON SCENE (DESK REPORT),10/04/2023 01:30:00 PM,41.773678984,-87.698463343,POINT (-87.698463343027 41.773678984017),C,10,2023,11:26:00
2d8d7e2e4811dd3104340806744b395dc3f449930c8bf15d6d5458d6d0f9ad8dfd8f0f83800476bbb149950fc24fb7bb742dacd700b3d8a770c2de0c20c9bca2,2023-10-03 17:30:00,CLEAR,DAYLIGHT,DRY,NOT ON SCENE (DESK REPORT),10/03/2023 06:15:00 PM,41.883130894,-87.7648112,POINT (-87.764811200001 41.88313089402),C,10,2023,17:30:00
f0e335eecc8562b6d3f986db62eee482c6e5a67af8f05e9e6be9957f800dc1047f7c88a3fee52052e226ce687652f4c7da13b07a2f7c82ad1f399771e888f1b5,2023-10-25 11:55:00,RAIN,DAYLIGHT,WET,ON SCENE,10/25/2023 12:00:00 PM,41.997719325,-87.696809864,POINT (-87.696809863964 41.997719324964),C,10,2023,11:55:00
6b4fbdb8a0693c5832ae3a5ef19638ca1f7efe55f6265e923f7ac406cf5d4e97cb2cb812915d541a938ce2b72b2c31048446ebbe780af1adf2d5b07fcc527f56,2023-10-24 13:30:00,CLEAR,DAYLIGHT,DRY,NOT ON SCENE (DESK REPORT),10/24/2023 07:46:00 PM,41.887972365,-87.644454488,POINT (-87.644454488002 41.887972364995),C,10,2023,13:30:00
7a3ac72a7b4b26c34091e1678a7aaf0abbddf39d11ffd3d8ee1727cddceac7059e466eb23f459a19fa7bf77b28a727b30c4e4587f9e4bd85492846fb87ea64e2,2023-12-09 18:00:00,CLEAR,"DARKNESS, LIGHTED ROAD",DRY,NOT ON SCENE (DESK REPORT),12/12/2023 05:49:00 PM,41.746062636,-87.702143236,POINT (-87.702143235997 41.746062636044),C,12,2023,18:00:00
91d2aae2bc9ca90f39a12a95adc26983ff712fae7c8532024613abe28c82ad3ce71462a1719820798bb87035c6765d0e977ce46ba54520a6d3f5103d99a7bbca,2023-10-03 07:00:00,CLEAR,DAYLIGHT,DRY,NOT ON SCENE (DESK REPORT),10/03/2023 07:10:00 PM,41.857571502,-87.721317424,POINT (-87.721317423997 41.857571501996),C,10,2023,07:00:00
95c87806eb42f5a5b120745ca3cb0cfd7f5c127f4d4be07e24910a0a189645a60a5cb72b36a6a4dca383bdfdb1cbc9fad6ff0b1eefe5f8df9b66dfb2196c1789,2023-10-03 07:56:00,CLEAR,DAYLIGHT,DRY,ON SCENE,10/03/2023 07:56:00 AM,41.968272983,-87.715117487,POINT (-87.715117486979 41.968272982952),C,10,2023,07:56:00
b6fee098a2f61d7b8747df29a6efa72ce54f2f4c35e31db5980343c7e1f80087cf082c372b0d0497c39b9a101618359c8ae5358765be197bf408c573ef1e1984,2023-12-09 00:55:00,CLEAR,"DARKNESS, LIGHTED ROAD",DRY,ON SCENE,12/09/2023 12:56:00 AM,41.871950357,-87.627383083,POINT (-87.627383083038 41.871950357015),C,12,2023,00:55:00
a7cf7a32576ac3c9aa90c9313da05616309420b906d851d0a2f047e16810d0365f1d098059e79b4e9add5379b20d675d30c4798423a7ca75a4b5a742b8ebc69f,2023-10-03 18:55:00,CLEAR,DUSK,DRY,ON SCENE,10/03/2023 06:57:00 PM,41.871374327,-87.675972838,POINT (-87.675972837973 41.871374327018),C,10,2023,18:55:00
eae9004b69e5c5e3c6c0b4b457bd87139307971ee797467d71737e3507d0a37e7a62825a5ad492e96644a3708d23fe5c070810769a3c51293d9f9a936e9d7ae6,2023-12-09 17:07:00,CLEAR,"DARKNESS, LIGHTED ROAD",DRY,ON SCENE,12/09/2023 05:32:00 PM,41.741803599,-87.740953582,POINT (-87.740953581987 41.741803598989),C,12,2023,17:07:00
d5c752694af877a5d34e1a9cf186d1e903f26ec20ca0c42624b1765612b672dd9e5b771271a3bf823cc4cda3f5584c5f1a6682e9e459acd3d1533a0ca9fdbceb,2023-11-24 06:46:00,CLEAR,DAYLIGHT,DRY,ON SCENE,11/24/2023 06:55:00 AM,41.964295766,-87.745031434,POINT (-87.745031433958 41.964295765982),C,11,2023,06:46:00
c6de5a0841d4df3fa34007a6f1b032944ddd54a990c589f1e8fed0c2b2db16d9a6f16a1c212ade597f91ce4dab366f6fe8d440113ff3f82dd988a247c0e96765,2023-11-11 10:30:00,CLEAR,DAYLIGHT,DRY,ON SCENE,11/11/2023 10:32:00 AM,41.866501191,-87.686157599,POINT (-87.686157599021 41.866501191036),C,11,2023,10:30:00
e811708dd65c9c3acab38aaa9524a930baecd48d9b6442db5a85bef4f3a6a64643bbd50e80060ee4ce371645bbb8f0ed7223fb704f6b6f1e9cffca0e072d84ba,2023-10-03 16:30:00,CLEAR,DAYLIGHT,DRY,NOT ON SCENE (DESK REPORT),10/03/2023 06:20:00 PM,41.793378954,-87.584053824,POINT (-87.584053824031 41.793378954013),C,10,2023,16:30:00
ea940a153cf8c1c8b418c0207b696482f17e0167a71b685f43c71cebd624f31a8288bf8e0b910207e7c745bbe763c327e7d9eb7564b7b81cca3fff77e4ce5918,2023-11-11 19:20:00,CLEAR,"DARKNESS, LIGHTED ROAD",DRY,NOT ON SCENE (DESK REPORT),11/11/2023 09:00:00 PM,41.9703179,-87.714857634,POINT (-87.714857634044 41.970317900045),C,11,2023,19:20:00
0ef4d7bba767119ce60a77fe9a1f43b37a09023cc6c5b38fcdf74ca0d0fbaaedbcdced82c6f26ab26823074498d89c59a9f66c76e3173ed9c9d480dffce3b289,2023-10-02 12:30:00,CLEAR,DAYLIGHT,DRY,ON SCENE,10/02/2023 12:45:00 PM,41.702473877,-87.681346972,POINT (-87.681346972031 41.702473877),C,10,2023,12:30:00
3e4110a89b2628c88aeadcaec5e6c28eb6a49814198ed5126523c1734e3fd4b47792afec6e6b4c8e75d48e99c4c81088613ea9fb55cfe4bd971ad1ce7a304054,2023-10-19 13:30:00,CLOUDY/OVERCAST,DAYLIGHT,WET,ON SCENE,10/19/2023 01:30:00 PM,41.823362238,-87.644960464,POINT (-87.644960464021 41.823362237986),C,10,2023,13:30:00
12a189eea69843fd15f061beffcf9e10131f9c72c3cb9351fc986284f8e7766abb0c2c98bce045ee0418bcdc92628c8317ccd7c23d1bcb673ca816c819e06e3e,2023-12-24 09:45:00,UNKNOWN,"DARKNESS, LIGHTED ROAD",UNKNOWN,NOT ON SCENE (DESK REPORT),12/24/2023 10:30:00 AM,41.880556614,-87.637168587,POINT (-87.637168587045 41.880556614042),C,12,2023,09:45:00
5b24f1af80a0b7a7c20fe592b5917ff741c323ce5acd47d5180f2065568677c83a126613c4f39a4c8c0fac7f6116d6fca0eced4e8b594d85d23b9dbad088aa98,2023-12-24 10:45:00,CLEAR,DAYLIGHT,DRY,NOT ON SCENE (DESK REPORT),12/24/2023 11:00:00 AM,41.931607951,-87.697755776,POINT (-87.697755776035 41.931607951049),C,12,2023,10:45:00
009607940a4a6225fba41106a5edf7b60d703df8b0ec983175e5334a21cdeaa69b3b110f63a4e4832278051c52e0700b3f66f721e1a0caf94328e103b36167b2,2023-12-18 17:55:00,CLEAR,DUSK,ICE,ON SCENE,12/18/2023 05:57:00 PM,41.844607515,-87.694804642,POINT (-87.694804642033 41.844607514956),C,12,2023,17:55:00
f466e3519f87921e4f8cc49b978ad74cef7b0051a0b36291ed67af45654a61107f9fcc8774592e7c04f482ad3979e29922932e53136d67602fbcf16aab339411,2023-11-26 05:04:00,SNOW,"DARKNESS, LIGHTED ROAD",WET,ON SCENE,11/26/2023 05:16:00 AM,41.842703341,-87.685176133,POINT (-87.68517613297 41.842703340996),C,11,2023,05:04:00
64f40c0f02f2c64c914a212b0f522129d1e001a97e5a3e712a952b697ff683f3184746d0f6a66c28cd14998ed9aba0cacc408e01772e674dbf7c21cef03931bf,2023-11-26 12:55:00,SNOW,DAYLIGHT,SNOW OR SLUSH,NOT ON SCENE (DESK REPORT),11/26/2023 01:30:00 PM,41.909669676,-87.765481309,POINT (-87.765481309016 41.909669676006),C,11,2023,12:55:00
23d6b38f0604161fb7714ab148b84de128a793d0e6c8519c5cb0461f93f9758f287ad996298796f6086b8b21a45e8ed2ec27378aeb9f83ad37a261d97664e060,2023-11-26 17:56:00,SNOW,"DARKNESS, LIGHTED ROAD",WET,ON SCENE,11/26/2023 05:57:00 PM,41.74579217,-87.635369997,POINT (-87.63536999702 41.745792169991),C,11,2023,17:56:00
5b48560f0c9876603ba24fa506da473ae3e66ecea12e11b5c0bf8f93ef70184faac55b59f7fe71aa0928c14174de5409fbd19f6db3642b0a59b094883fafaac6,2023-10-25 22:25:00,RAIN,"DARKNESS, LIGHTED ROAD",WET,NOT ON SCENE (DESK REPORT),10/26/2023 08:40:00 AM,41.910318888,-87.697966526,POINT (-87.697966526036 41.91031888795),C,10,2023,22:25:00
a9fc68e5f307ce207cf644c86292f2ffee2013fb2eca62c7666ab1ddf3da1982c251a17e0e977ea88f3d2f5a33eec54d933c214953481beacbe5655e6f0e0499,2023-11-26 16:00:00,SNOW,"DARKNESS, LIGHTED ROAD",WET,NOT ON SCENE (DESK REPORT),11/26/2023 04:45:00 PM,41.799575049,-87.782175036,POINT (-87.782175035966 41.799575048987),C,11,2023,16:00:00
f1123a3e7a382ae383131353fc38900ac49e3a4cf24ea335b33a93b37ee5b5c2734e5cae1843d6f941d4f0ec0844a8e79e55e5ed5d59ea9865063f3cfca9598f,2023-11-26 11:40:00,CLOUDY/OVERCAST,DAYLIGHT,DRY,ON SCENE,11/26/2023 11:42:00 AM,41.746710362,-87.65742424,POINT (-87.657424239974 41.746710362028),C,11,2023,11:40:00
a3c345234df190e99e281c134cd8ddb28789a82321274e86109730f4ef50f5a162e3d433f015ab74392bdc7dc1870cf8a1a5890c09eb47095bbf90b9401f846f,2023-12-10 17:15:00,CLEAR,"DARKNESS, LIGHTED ROAD",DRY,ON SCENE,12/10/2023 05:15:00 PM,41.744151639,-87.585945067,POINT (-87.585945066953 41.744151639042),C,12,2023,17:15:00
f35141ea5259e12f013876b1183a4fc8dc184a5e5d3c324bfbcb78e6a6b118c9718abae0e43a0d25a37d5ddce5f60fe79bb19b3d4eac40a442b8d71eb696aec4,2023-12-10 19:30:00,UNKNOWN,UNKNOWN,UNKNOWN,NOT ON SCENE (DESK REPORT),12/10/2023 08:20:00 PM,41.765956135,-87.576743076,POINT (-87.576743076024 41.765956135009),C,12,2023,19:30:00
c5a7d6296c0a4a9f1b9b5395cde11cbf22a8d2075e56fdbbe9b88b1dbcf04b774bb7d9dd1861016e5afb032170d36fee02f7c17a3313fa5856240315878cc189,2023-11-25 03:44:00,CLEAR,"DARKNESS, LIGHTED ROAD",DRY,ON SCENE,11/25/2023 03:45:00 AM,41.772492963,-87.636698589,POINT (-87.636698589002 41.772492962978),C,11,2023,03:44:00
644d2b9a2f57d6c2eebff39f0ac76b35f636922e991f10ae384b4152818dcc5387febea5b63034b0b20b2b31ad2e1f0435a0561087d63e33d49beb88a5de57b9,2023-12-24 11:15:00,CLOUDY/OVERCAST,DAYLIGHT,WET,ON SCENE,12/24/2023 11:19:00 AM,41.773765662,-87.722781154,POINT (-87.72278115402 41.773765661984),C,12,2023,11:15:00
8d55bb1c2f7817d9edaca58388cd6e881dc16a06356d9deb91f054a201df674d4ebf11056e69e444e5cab696217ec0f3dd9d8ca83d9c6d549bd2d230c2d2019a,2023-12-11 09:00:00,CLEAR,DAYLIGHT,DRY,ON SCENE,12/11/2023 09:52:00 AM,41.898675904,-87.755544326,POINT (-87.755544326025 41.898675903994),C,12,2023,09:00:00
7de84f4c61d5c0f2daeeafa0335208443ff5dda935e66cd8e66830f49ac8c41008c17a7204e0873696c87807a671005e449d33ec9daae16aa08c42e2ab539a66,2023-10-26 18:30:00,UNKNOWN,UNKNOWN,UNKNOWN,NOT ON SCENE (DESK REPORT),10/27/2023 08:44:00 AM,41.735617968,-87.682663369,POINT (-87.682663369002 41.735617967973),C,10,2023,18:30:00
d070c50aed4242b42272ef9a91d412ec6dd05c110177640266386966d98bc579bcf4e0b8c9ea121216be72ff1a7be07d18da6808a331f7a0caec7e9eca18b369,2023-12-11 14:00:00,CLEAR,DUSK,DRY,NOT ON SCENE (DESK REPORT),12/11/2023 04:01:00 PM,41.830728826,-87.655813252,POINT (-87.655813252029 41.830728825995),C,12,2023,14:00:00
091716c95173235cb9b6bcd43939bf3219bb0de1c8022fe36e6b8b3dc9770ca4b203501ab3238b6c3155cd8496dfd296a0d481d1cac73cc777ba413111da8b65,2023-11-26 22:20:00,CLEAR,"DARKNESS, LIGHTED ROAD",DRY,ON SCENE,11/26/2023 10:44:00 PM,41.961238465,-87.713199375,POINT (-87.713199374979 41.961238465013),C,11,2023,22:20:00
dc9c8934dec6c371e16f3a0f8d0f08c5c436df0447642debe1e1f92eeba260e0610eb54bfc8ab1b161d43ffe8c1e711d9303429afb121b5d3c34caf25a09adc3,2023-11-27 10:30:00,CLEAR,DAYLIGHT,DRY,ON SCENE,11/27/2023 10:46:00 AM,41.983208978,-87.699307663,POINT (-87.699307663 41.983208978045),C,11,2023,10:30:00
70d844922b7a9b7b44cdb555b159ed8ad3d3c050bc88a9fc6899c8de294ea025ddd06bd77e0b3d841c294f531019b159f7c6e3eb08712301bbd6bc2d04b85466,2023-11-24 17:30:00,CLEAR,DARKNESS,DRY,NOT ON SCENE (DESK REPORT),11/27/2023 05:19:00 PM,41.678750602,-87.626457395,POINT (-87.626457395018 41.678750601993),C,11,2023,17:30:00
5f20004a22ef3ec3820c5ff12dc29c3fda4a5138e9b62a7e0bfcdae324a69b41c1c4bd7d30b6ac52257869e45810c3614680314529c51716dbe42b49496d9aac,2023-11-27 20:58:00,CLEAR,DARKNESS,DRY,ON SCENE,11/27/2023 08:59:00 PM,41.965237559,-87.677021963,POINT (-87.677021963006 41.96523755902),C,11,2023,20:58:00
2d85ee076155824fa1b879e1c86760c7aeb71d6649331ca70b143755fabfb9ac7ce3ad32a9a081ec43ce670a5cf040d6cce3212e2251c3062713f1b794ac3376,2023-11-13 09:30:00,UNKNOWN,UNKNOWN,UNKNOWN,NOT ON SCENE (DESK REPORT),11/20/2023 12:33:00 PM,41.751124945,-87.620853242,POINT (-87.620853241961 41.751124944981),C,11,2023,09:30:00
a897406958b94ab46cc65e9396ec350310980f8287bf433b12d4ffab4a757b08ed0e0e5adc3717f384262a3c5df160b5e28e4f54e14d6b9f892a4897933542e4,2023-11-13 02:15:00,CLEAR,"DARKNESS, LIGHTED ROAD",DRY,ON SCENE,11/13/2023 02:15:00 AM,41.850628047,-87.724586962,POINT (-87.724586962006 41.850628047008),C,11,2023,02:15:00
aa8a1f3b716617760dd7dee2069bfe797e8cef6057d1590241eeb4eee515848a19f0ccccf1dc190ab1f0f895e84153f81a2c4fc24631fc5238ca455c575000b7,2023-11-13 17:05:00,CLEAR,"DARKNESS, LIGHTED ROAD",DRY,ON SCENE,11/13/2023 05:10:00 PM,41.763181195,-87.644215021,POINT (-87.644215021048 41.763181195035),C,11,2023,17:05:00
0b724caf8081365a08c2802319ccab418c0578a4bf9fee97e36a68dd357ffea01a308154f917a3c4aa9861b13b40e7b20b35aba65bcaf880f383dc4b7287a727,2023-12-24 18:30:00,CLOUDY/OVERCAST,DAYLIGHT,DRY,NOT ON SCENE (DESK REPORT),12/26/2023 12:20:00 PM,41.945064736,-87.806851953,POINT (-87.806851953014 41.945064736015),C,12,2023,18:30:00
577a3179696bdb80918f10333a58a00f0b1f93e902087db42090d534dc48a684fa13c72c6c21b09ff4046d02f073845089167a9dca2b2e256683d0f98d8ac72e,2023-11-10 15:13:00,CLEAR,DAYLIGHT,DRY,ON SCENE,11/10/2023 03:14:00 PM,41.918831412,-87.743889715,POINT (-87.743889715049 41.918831411971),C,11,2023,15:13:00
eb35e5f04e578946b809103efd920cde84a4cba96af8f9aab884debf86c9331f84045e41e15578d9730aff6e3bce581bab70fdace9ee0cb36f1b15e6dc728014,2023-11-04 14:10:00,CLEAR,DAYLIGHT,DRY,NOT ON SCENE (DESK REPORT),11/04/2023 02:58:00 PM,42.006801604,-87.661457734,POINT (-87.661457733969 42.006801603988),C,11,2023,14:10:00
8516b4544417a5e1e1a7c369db8f850198a13598ad79735d0d8ae122eac83e1dbf9f3021746ed105b87f0d76f966928f1c1b7a3c2e5878fa2afb6007075ed304,2023-12-12 17:30:00,UNKNOWN,UNKNOWN,UNKNOWN,NOT ON SCENE (DESK REPORT),12/12/2023 06:40:00 PM,41.985160813,-87.669715097,POINT (-87.669715097048 41.985160812983),C,12,2023,17:30:00
c1f41dbf91ed7895cc7b5f99abb424b0cb8e641b23e984d56820d0e2bd80ebccae1eee921c03744cec72a9f27e20adb30d2b89950ed4b5b119e03b4d611647ab,2023-12-12 09:45:00,CLEAR,DAYLIGHT,DRY,ON SCENE,12/12/2023 09:46:00 AM,41.766777953,-87.635824622,POINT (-87.635824621968 41.766777953047),C,12,2023,09:45:00
06df0bd3bc68fd7e512d3c05d78a003558c3a0e5e9b7ceabe8be58ec51e7ee2a4426bf5b576dd38b5bd286a262734a439589d84d343d7a51b66e8655d6272ece,2023-12-26 22:45:00,CLEAR,"DARKNESS, LIGHTED ROAD",DRY,ON SCENE,12/26/2023 10:54:00 PM,41.939980039,-87.716352905,POINT (-87.716352905048 41.939980038985),C,12,2023,22:45:00
f4de5f7e64e7a4ec3afd49f5839b7cefa058c86f6ef766b8a083cbc6a86d702a3d9cacce637c705c6d6f3276ec19e811da577e0b9f0e256742d69c56d7d65a1f,2023-12-10 13:15:00,CLEAR,DAYLIGHT,DRY,ON SCENE,12/10/2023 01:29:00 PM,41.851044205,-87.634819768,POINT (-87.634819768008 41.851044205018),C,12,2023,13:15:00
b443899cb3f55f3680324bc52b44d15642497ce1d6359c2a6397db3d38700546d07713b54e5b90ad9457cc9b27654145053e76790f6efecf1f40987883db75f4,2023-10-27 10:00:00,CLOUDY/OVERCAST,DAYLIGHT,SNOW OR SLUSH,ON SCENE,10/27/2023 10:15:00 AM,41.699167841,-87.679931602,POINT (-87.679931601972 41.699167840976),C,10,2023,10:00:00
da578ac3b11c9db214f7ae5ff968200632f81bcd23c2cb67fd38e49a4a4a83199ad4c725061972f3922b89c6732aec2d97ea71b3db55479ddfa576ed2bc60bb8,2023-10-27 15:45:00,RAIN,DAYLIGHT,WET,ON SCENE,10/27/2023 05:00:00 PM,41.744151639,-87.585945067,POINT (-87.585945066953 41.744151639042),C,10,2023,15:45:00
f2c80c4d5b30b83e333bee67ac545c26cae0102e7cda38a08ccbdc2a612ecc7fedc8cef8f5d7e29ba0a53ab2beb626cf42fd6ea8254826791f2beab548dbc0b8,2023-10-27 18:29:00,RAIN,"DARKNESS, LIGHTED ROAD",WET,ON SCENE,10/27/2023 06:29:00 PM,41.743169044,-87.663106556,POINT (-87.663106556014 41.743169044023),C,10,2023,18:29:00
4eb2e7459752343d3a9ad9e7eb714e102260f1c9c3b57a05613f398b8c0aaf053d956301e22f7a34ee11381068735d87d660ccccc9594fe0bc34f282f58fdfe1,2023-11-27 17:15:00,CLEAR,DARKNESS,DRY,NOT ON SCENE (DESK REPORT),11/28/2023 08:30:00 PM,41.733225101,-87.596566497,POINT (-87.596566497047 41.73322510098),C,11,2023,17:15:00
0ca57dcd3bf8070ba24029d838ac378e6bda1f3225f854f087ef8f904bd8881dbf7a3ec3d62b99c6644c29220456d81be56434ca332f869dcaf9ac33a43ae543,2023-11-14 15:13:00,CLEAR,DAYLIGHT,DRY,ON SCENE,11/14/2023 03:13:00 PM,41.988723227,-87.671425664,POINT (-87.67142566396 41.988723226952),C,11,2023,15:13:00
3ef0f4f4b3ef8e15412930a021150ff8d0f077deba51984edf5be87e27bbff1616bac20c67402abedb0910dd54205219c80aa7c2795d2a1667de905c05a48ba4,2023-11-14 10:00:00,CLEAR,DAYLIGHT,DRY,NOT ON SCENE (DESK REPORT),11/15/2023 11:15:00 AM,41.765563782,-87.624825828,POINT (-87.624825828045 41.765563782008),C,11,2023,10:00:00
4fb72a378268b36ee4448cafdec13ac99e192377283658cf6200f5c392549e1d190ea0fa1de573caa164b8acdedf23098bd7962dcbe4fc8fbcdebd6069c9746e,2023-12-26 23:00:00,UNKNOWN,UNKNOWN,UNKNOWN,ON SCENE,12/27/2023 11:30:00 AM,41.687419251,-87.615797004,POINT (-87.615797003951 41.687419251006),C,12,2023,23:00:00
3e4813444abff5e73c3f085f3f781b1a187b8235a59ebcae0d028fa801028987dcafe4c849c728380bc3a9a8288e29ba3b23f8c7aaf7c90c51e16f9e0c82e42e,2023-12-27 01:15:00,CLEAR,DARKNESS,DRY,ON SCENE,12/27/2023 04:27:00 PM,41.997103085,-87.79900942,POINT (-87.799009419985 41.997103084962),C,12,2023,01:15:00
70ccf060c6a8f915326a9511cd6ee0cca798c21ab0266f3275d07aeabf45c368dc5186761f5e006a314bf66cc1412c8e93f5bdd24088ef2fe74a936bbb3d2ff7,2023-11-14 16:05:00,CLEAR,DAYLIGHT,DRY,ON SCENE,11/14/2023 04:09:00 PM,41.899902032,-87.729764554,POINT (-87.729764553967 41.899902031987),C,11,2023,16:05:00
84c900d0ef006151e9252265032acb4671de87684689de35da95a75c5f7f63368582587810269911426de41cdeea2d160c34acacc9a2ef1d381c02a6bad6fe1f,2023-12-13 08:04:00,CLEAR,DAYLIGHT,DRY,NOT ON SCENE (DESK REPORT),12/13/2023 08:25:00 AM,41.994350631,-87.764730833,POINT (-87.764730832986 41.994350630951),C,12,2023,08:04:00
9498937e37edb33d6346e64f9a2864d1f415e442947f26caffb5d6b6294aafd49df182b0cbb0ed1e9cf289967bb0bafefbd350f3d6302be3fef3cf0f015827fd,2023-12-13 03:29:00,CLEAR,DAYLIGHT,DRY,ON SCENE,12/13/2023 03:32:00 AM,41.942997553,-87.769365902,POINT (-87.769365901983 41.942997552981),C,12,2023,03:29:00