CRASH_RECORD_ID,CRASH_DATE,WEATHER_CONDITION,LIGHTING_CONDITION,ROADWAY_SURFACE_COND,REPORT_TYPE,DATE_POLICE_NOTIFIED,LATITUDE,LONGITUDE,LOCATION,CRASH_TYPE,CRASH_MONTH,CRASH_YEAR,CRASH_TIME
a2eb5dd928032c82e06b832ed2641a305e84105ab573357504ffdd3bd9d6e15e8bc80a89af3cc9152b172a23eef968ba75a8c0f59c729c073b718533b5f8e49b,2023-11-14 16:00:00,CLEAR,DAYLIGHT,DRY,NOT ON SCENE (DESK REPORT),11/15/2023 09:15:00 PM,41.887040052,-87.667158502,POINT (-87.667158502015 41.887040051999),C,11,2023,16:00:00
b60e1ba62bf585923bcb6f4f31105e0b0899f9ebf8adebf112eeefb3a06c44ee200bf593ecc18e2c72e8d893c227d0eca05511caa16a3dc9f6c8b2670b5b022c,2023-12-13 17:13:00,CLEAR,"DARKNESS, LIGHTED ROAD",DRY,ON SCENE,12/13/2023 05:13:00 PM,41.710651638,-87.642785804,POINT (-87.642785804025 41.710651637963),C,12,2023,17:13:00
b966f2485724d023b1d5b502d7a1c053e0fee97bf6dc597e5035e607208e4bb2207008306c3bf0ee22fd79963bf682f047cd35b5ab7d514e5a52b167427040bc,2023-11-14 17:54:00,CLEAR,DARKNESS,DRY,ON SCENE,11/14/2023 05:55:00 PM,41.941883022,-87.644605003,POINT (-87.644605003003 41.941883022027),C,11,2023,17:54:00
feb1c5093195dd54c09ecb4634386bda9ede6a05e3dcc635f1dc1789a41a7f173a66e6edbb655661a537ef7ae66591c244f0d7375c4656d43b6e8624bc6902c5,2023-12-13 09:54:00,CLEAR,DAYLIGHT,DRY,NOT ON SCENE (DESK REPORT),12/13/2023 01:30:00 PM,41.909868173,-87.734729966,POINT (-87.734729966032 41.909868173027),C,12,2023,09:54:00
d7ac0b5718f63c794414b032272b4e9f43dc053ba8974686a2e7d96f8882561f8d91d1b60e3e6a96d483d54bd61c83aca32a422b63b530ad4af0b592ce9abe47,2023-11-14 11:00:00,CLEAR,DAYLIGHT,DRY,NOT ON SCENE (DESK REPORT),11/15/2023 09:30:00 AM,42.001515421,-87.662338516,POINT (-87.662338516009 42.001515421011),C,11,2023,11:00:00
ff43bf2926f76853a992a10eeb4b3bb8c01ec9903c9cc336201b1b98cf762cf716f0926137ff51569daa00572d381cf3302d72ab1d192eff01b0a479678835f2,2023-11-14 13:50:00,CLEAR,UNKNOWN,DRY,NOT ON SCENE (DESK REPORT),11/14/2023 07:40:00 PM,41.815953131,-87.626111307,POINT (-87.626111307039 41.815953130955),C,11,2023,13:50:00
03d8fa263cb831dad2b0461b88ca9b75c94f043f67a0d1ab7be96aaf893fdb27ef7b435a41a5877d959f4e87842750f28cc30b2734727c3a4bd99087238bdd7d,2023-12-12 18:10:00,CLEAR,"DARKNESS, LIGHTED ROAD",UNKNOWN,NOT ON SCENE (DESK REPORT),12/12/2023 07:55:00 PM,41.898675904,-87.755544326,POINT (-87.755544326025 41.898675903994),C,12,2023,18:10:00
fabcbfbde88f979b003ce0761d371e0b8fe9acac03e9ac906546773672e33685f37bce6017474f8497c633341b81358ecb4dc8d04396b846d539f9a7e0ba6132,2023-10-28 16:00:00,CLEAR,DAYLIGHT,DRY,NOT ON SCENE (DESK REPORT),10/28/2023 05:45:00 PM,41.886339416,-87.62083615,POINT (-87.620836149956 41.886339416011),C,10,2023,16:00:00
6f7b2d3ef57dbda0f99c121d2a51f1f2c104e4dcea0970139b911afaa41465e72c5c2027dff854796d82c7c30d4d9713550478ac4575b491fa168ca6d627f037,2023-12-28 09:40:00,CLOUDY/OVERCAST,DAYLIGHT,DRY,ON SCENE,12/28/2023 09:45:00 AM,41.93203524,-87.690864011,POINT (-87.69086401095 41.932035239995),C,12,2023,09:40:00
c797ae117f8b832ac2f3edb1c56b7ae4d7d4da28ab968334514ea6155a77023200b67a9b1f4159613634bb08fd0ed01e4b85d204650c1e15caf5098c9c275806,2023-11-28 09:00:00,CLEAR,DAYLIGHT,DRY,ON SCENE,11/28/2023 09:07:00 AM,41.945879698,-87.757879307,POINT (-87.757879306965 41.945879698019),C,11,2023,09:00:00
370b1f0886e58a1ab888e36aefd21c70dae89a50777d048a98b1783eee3717cfd890b219bbc13041e51626944e980abb43fc7edece9a62bc05daf2ee12cc9ee3,2023-12-14 08:20:00,CLEAR,DAYLIGHT,DRY,NOT ON SCENE (DESK REPORT),12/14/2023 05:30:00 PM,41.995579197,-87.675876884,POINT (-87.675876883986 41.995579196996),C,12,2023,08:20:00
42dc7b982476a6e269f4472dce4ef2910a04d83d02c2fe072372185911beee7df2a88da3d32a60b63b09af3d5ff433081ab78a2afc9765df8b8a37ba708092fd,2023-11-29 18:30:00,CLEAR,DUSK,DRY,NOT ON SCENE (DESK REPORT),11/29/2023 07:09:00 PM,41.888563476,-87.747071022,POINT (-87.747071022024 41.888563476001),C,11,2023,18:30:00
0ed18d51511dfd802c2a83ae82510e715921290e0feb9384cad9f68c96b93ae51ac1bca8173e26765e488b281286875c391c62dec61d05bb0b5577641cc89501,2023-12-27 17:20:00,CLEAR,"DARKNESS, LIGHTED ROAD",UNKNOWN,ON SCENE,12/27/2023 05:23:00 PM,41.805873425,-87.729795192,POINT (-87.729795191993 41.80587342497),C,12,2023,17:20:00
8b314fa7ca62584a2955d8429c6fcd4bab14a7c3cc45eaf1e6df800e8b88d884aaf719da9114d4cfdc2de1572d9ca17f3321d6dd9d0e8653d7100bcbadc12239,2023-11-15 08:32:00,CLEAR,DAYLIGHT,DRY,ON SCENE,11/15/2023 08:33:00 AM,41.927018439,-87.687864302,POINT (-87.687864302034 41.92701843896),C,11,2023,08:32:00
db5884e989d1386e494b81bfb4c53b230d36b794efe869e20fc3bf3e73d1ce8081efae6e3cac7a0334689fb18eecf3d3585b633c40a910c0ea0e860f0f7c30db,2023-12-08 17:00:00,UNKNOWN,DUSK,UNKNOWN,NOT ON SCENE (DESK REPORT),12/13/2023 05:30:00 PM,41.910638062,-87.74703736,POINT (-87.747037360036 41.910638061983),C,12,2023,17:00:00
eddc9a8aee0bc5a83e7659d2bf60c760638136834917626f771d284d1ebb487a487719452d17398aa336b935e82d73a5441c560a7db99f54d6cc0ee9a1cc791f,2023-11-15 18:50:00,CLEAR,"DARKNESS, LIGHTED ROAD",DRY,NOT ON SCENE (DESK REPORT),11/24/2023 07:28:00 PM,0.0,0.0,POINT (0 0),C,11,2023,18:50:00
46f16ef95068af41ee64f2930ad003e76b28362fdb60f56d1bf22c846def52b92c2e71919944576b84ec69fda371f517a576bd5f835a38eaaccf65957f70ea82,2023-12-23 04:00:00,CLEAR,"DARKNESS, LIGHTED ROAD",DRY,NOT ON SCENE (DESK REPORT),12/29/2023 04:00:00 PM,41.744151639,-87.585945067,POINT (-87.585945066953 41.744151639042),C,12,2023,04:00:00
c91f06f0bcb70b967a9be2bca3d78cc25a2b837a01768b4866b6d4d7f259915f68f3a9afa4b1777206b98235138e2a4298e201bdac0ff220f146dbd70e637ddf,2023-12-29 13:29:00,RAIN,DAYLIGHT,WET,NOT ON SCENE (DESK REPORT),12/29/2023 02:00:00 PM,41.867300171,-87.627683894,POINT (-87.62768389401 41.867300170955),C,12,2023,13:29:00
8d6945a859c797eef893432f0a4857f81acd17a07595378314bab46b84e3e4cb03a8e818d2ebe099bcd3d7b0c4474ff0116b26b63fc9783109d87db286867187,2023-12-15 07:40:00,CLEAR,DAYLIGHT,DRY,ON SCENE,12/15/2023 07:42:00 AM,41.893148473,-87.707851581,POINT (-87.707851580954 41.893148473031),C,12,2023,07:40:00
5efec596a6198b996c3c05e4be3ce4a31e0b28a6e6d2a09a336e66f112ff85c006382c6ed6cdf7366a882136a2bb46353b734d46cc0641ecf97c40f31fec2c15,2023-12-29 21:13:00,CLEAR,DARKNESS,DRY,NOT ON SCENE (DESK REPORT),12/29/2023 10:07:00 PM,41.989727546,-87.748178979,POINT (-87.748178979 41.989727545973),C,12,2023,21:13:00
a1d3df243c0df10b291df6be646c6b1028c18fa0c1f0b4d1c9f219d30192179046af3e0fa8bb775f21a763e65b889b1a55fa655c3fe8bf6f7af7701faf874850,2023-12-15 08:05:00,CLEAR,DAYLIGHT,DRY,NOT ON SCENE (DESK REPORT),12/15/2023 11:02:00 AM,41.721150404,-87.658966651,POINT (-87.658966651043 41.721150403976),C,12,2023,08:05:00
f24efa4f15bd370f2df517a56a2f01b281b5b29856512d6e01add8526d2371f7afc9ad9bd09b2f2426a842a5a7fcdf2099a902530de8ffbf355ac9b5fdc15f2b,2023-12-15 00:02:00,CLEAR,"DARKNESS, LIGHTED ROAD",DRY,ON SCENE,12/15/2023 12:03:00 AM,41.863082204,-87.720153168,POINT (-87.720153168044 41.863082204009),C,12,2023,00:02:00
9bf199c1f177e670a6f46fe1890b85d73061335d4ce50517abd8fe4dd8b5f84f4ce822fc27f7014f938ef9dc722377287de63805244340d5a932bd2f6e4a84f9,2023-10-30 06:30:00,CLEAR,DAYLIGHT,UNKNOWN,NOT ON SCENE (DESK REPORT),10/30/2023 06:50:00 PM,41.920676631,-87.775630269,POINT (-87.775630269041 41.920676630982),C,10,2023,06:30:00
a4692f10b70ab654633c92b200e5ec3c68cecaf2ad80724896981265ad8b78f4cb5f6365f12dfb4697fb8608934d6c730c3260583f94a1591f2ae8ffc33b0b29,2023-10-30 19:23:00,CLEAR,"DARKNESS, LIGHTED ROAD",DRY,NOT ON SCENE (DESK REPORT),10/31/2023 11:15:00 AM,41.794908912,-87.616471792,POINT (-87.61647179201 41.794908912028),C,10,2023,19:23:00
c74fc28130b7fb2f6f9f26306790fb9150428d68ce06a1975ffddfbb63ab75316cbcdd09282ace37744aa6c729de189bbb8fccff52e216110ea790c6dbb8735b,2023-12-30 15:20:00,CLEAR,DAYLIGHT,DRY,ON SCENE,12/30/2023 03:21:00 PM,41.945612913,-87.781249472,POINT (-87.781249472044 41.945612912979),C,12,2023,15:20:00
ca5da354ba1468e1fae9383194587725e4e3e196b77a341bd4a639c6101ec344ddfa3ee18573a042b833fea4ac87ad54c98bcc07c74cceb7bbc751f434d18536,2023-12-30 18:45:00,CLEAR,"DARKNESS, LIGHTED ROAD",DRY,NOT ON SCENE (DESK REPORT),12/30/2023 08:40:00 PM,41.884546961,-87.64758764,POINT (-87.647587639978 41.884546961039),C,12,2023,18:45:00
97839a424d14d4c323688e76dbf5932ee4b1fe254c0b04c9e5d817d1057550c45f97fa7a9b8e6f3165bd77e1632093a285d4fa32a05c30aa597eb9875977a04b,2023-11-16 20:30:00,CLEAR,"DARKNESS, LIGHTED ROAD",DRY,NOT ON SCENE (DESK REPORT),11/16/2023 09:43:00 PM,41.744151639,-87.585945067,POINT (-87.585945066953 41.744151639042),C,11,2023,20:30:00
098edb72fc0afed74eb554cbb6f1bdeea6badc7b83703611e0896be7d5935f1c4a06ddb4511478ce1f0b99112b0a8ba752002c58c87dbbb47b445ed29f551b57,2023-10-22 04:12:00,CLEAR,"DARKNESS, LIGHTED ROAD",DRY,ON SCENE,10/22/2023 04:17:00 AM,41.903639931,-87.65554697,POINT (-87.655546970003 41.903639930952),C,10,2023,04:12:00
a613d6505712207031922b853bfdf4b806a64ab7ea3cdbd37da8dc6e5174355162906692e11b0448510f03d54bb13fe88c481fd205a462919ad4b55a0a61b012,2023-12-30 14:30:00,CLEAR,DAYLIGHT,DRY,NOT ON SCENE (DESK REPORT),12/30/2023 03:00:00 PM,41.910530014,-87.667050586,POINT (-87.66705058601 41.910530014022),C,12,2023,14:30:00
bba45757f11d0683fa86f8da66ccb73372d756d737b37f759f70baa2c851ca041173cde39b476dd1f4a1d56aba2e34862109552ed72e577658d526a044a9fea9,2023-11-30 15:10:00,CLEAR,DAYLIGHT,DRY,NOT ON SCENE (DESK REPORT),11/30/2023 04:01:00 PM,41.79573461,-87.762555326,POINT (-87.762555325992 41.795734610035),C,11,2023,15:10:00
e2f7b3da92bb9cb5363fa812f8ad89ef9eb527359ee7c392d7eb16de807dc31d6c767265b29c1e5afa11ba207249a93c63fab9402595d1ca895af18b35c5d2af,2023-11-30 07:34:00,CLEAR,DAYLIGHT,DRY,NOT ON SCENE (DESK REPORT),11/30/2023 03:44:00 PM,41.793303389,-87.724451993,POINT (-87.724451993001 41.793303389047),C,11,2023,07:34:00
897933c486ef6d61faa7562c1b601a9d5a0df19915145e3841a5388e074492bb6cc4366374efa0504f1346c0fc1a1dad8031de00056663718c9d86d8f83d56b1,2023-12-02 02:00:00,CLEAR,"DARKNESS, LIGHTED ROAD",DRY,ON SCENE,12/02/2023 02:15:00 AM,41.944859607,-87.661389582,POINT (-87.661389582045 41.94485960703),C,12,2023,02:00:00
c9bd2520856b8ffc7646fd12694509129ce13740e16c74c995562dc8731379e74e152cb83f09d5a2e951bb07a7509942bf4e4311afa80bfe8019a49c22b33e17,2023-11-21 16:00:00,UNKNOWN,DAYLIGHT,UNKNOWN,NOT ON SCENE (DESK REPORT),12/01/2023 10:25:00 AM,41.891772219,-87.774890984,POINT (-87.774890983957 41.891772219008),C,11,2023,16:00:00
e1c744a4a1965853cf1ea1a940e46c3e20aeda7163a7ff5163951f45a1bbde0e49a74b289df3b674db9b0a4ffdedc01ab389615fb5928afe3cb3db66b9c14c0e,2023-12-30 22:45:00,UNKNOWN,"DARKNESS, LIGHTED ROAD",UNKNOWN,NOT ON SCENE (DESK REPORT),12/31/2023 04:00:00 PM,41.896393332,-87.654686711,POINT (-87.654686710965 41.89639333201),C,12,2023,22:45:00
0f6f6a4b2a9c777c16b9bf604a57b22fbb18c578691748c8c7e0f417ca7dbf02fcbd2034993aac861b49b4f096cb4b5334ae6ebe54e726dd672bb1e1db389be4,2023-11-17 09:48:00,CLEAR,DAYLIGHT,DRY,ON SCENE,11/17/2023 09:49:00 AM,41.938102576,-87.80722885,POINT (-87.807228850045 41.938102575978),C,11,2023,09:48:00
70b7131d77016d0d5cf54ab00498c47d54c9d2d03115f5a931f6939c23a5f4677245276b3a31ea46c6183a2ba1110a989d5d3226624d1911e3cb02034ce9c8c8,2023-11-17 13:13:00,CLEAR,DAYLIGHT,DRY,ON SCENE,11/17/2023 01:13:00 PM,41.779853803,-87.631809648,POINT (-87.631809647996 41.779853802992),C,11,2023,13:13:00
70cb2c70d0591159d8ddd30cbdb956bce90279ffa09a8fc7c9c6a69d4b96c1c64d7c5d79e1759c1832e793a21711f9e720d3780a20c7f6702cac6a92e1710fd9,2023-11-17 17:15:00,CLEAR,"DARKNESS, LIGHTED ROAD",DRY,NOT ON SCENE (DESK REPORT),11/17/2023 09:45:00 PM,41.954105717,-87.693290369,POINT (-87.693290369008 41.954105716988),C,11,2023,17:15:00
d3525c52100aa73317fef06221a125460bf261291a6a40598b225e08157cfb4a82070c3ea323bfe82f71ae609f294bd0713e6927824b799392d3d1ccbf0007c4,2023-12-15 23:50:00,CLEAR,UNKNOWN,OTHER,ON SCENE,12/16/2023 12:31:00 AM,41.870373963,-87.74516,POINT (-87.745159999991 41.870373963023),C,12,2023,23:50:00
b123d7acc06f8242dc964e63f5c8122c5fb4aaf12e8beb937fd57cc59ae18a5ab046be30e78fdd1989c73afd5d172c511b42eeb924ae1f232f7c113503c24b8f,2023-12-14 15:20:00,CLEAR,DAYLIGHT,DRY,NOT ON SCENE (DESK REPORT),12/14/2023 05:00:00 PM,41.985794138,-87.66338029,POINT (-87.663380289977 41.985794138001),C,12,2023,15:20:00
04b4674198dd7c041ca290e3734e2beef8c49609817f4359d8b5d4966faa798434e0ea60840cf2ada19074ef2c9227ececb64ee830cdcd678b2a247ecbc90e3d,2023-11-01 23:02:00,CLEAR,"DARKNESS, LIGHTED ROAD",UNKNOWN,ON SCENE,11/01/2023 11:15:00 PM,41.895017973,-87.758293157,POINT (-87.758293157006 41.895017973035),C,11,2023,23:02:00
c452c043a0f5219838075fbb09f983674746a324c556a56b3a6f477938f8fa11cfcdc8db3472ec1d312d9a5d30e791433bf111b2412a097a3f15c8673c5b785a,2023-11-17 03:25:00,OTHER,"DARKNESS, LIGHTED ROAD",WET,ON SCENE,11/17/2023 03:25:00 AM,41.96453772,-87.720436906,POINT (-87.720436906007 41.964537720012),C,11,2023,03:25:00
7f92cd08365b02348da13e6bce3ce119d1c54baf1a17ab60a8ae1d7490b4d71e98368d8f959697a5f302f30c57090da5eee91af83d78a111246b7d3caf49cf66,2023-11-01 20:37:00,CLEAR,"DARKNESS, LIGHTED ROAD",DRY,ON SCENE,11/01/2023 08:39:00 PM,41.938349123,-87.790716543,POINT (-87.790716543026 41.938349122986),C,11,2023,20:37:00
8001dcf83357bb9552451adf3d158b34dd343a89a87fdb51f0f7f6dd743ceffa8c12ed3bf03df31b53796cdd7f6fcae0762c64e477e3cdfa3d52d5c16fbf8a74,2023-12-01 12:35:00,RAIN,DAYLIGHT,WET,NOT ON SCENE (DESK REPORT),12/01/2023 02:00:00 PM,41.722576439,-87.575586689,POINT (-87.575586688968 41.722576438997),C,12,2023,12:35:00
e0966d6df16f0da36a481c978ad69ea662c212f2650d336bedf858c8a2ce0d2dbd35712e3921cab570f4abf60fe779bcafb974bc0eba877e71c6135e24ed03c3,2023-11-17 22:20:00,CLEAR,"DARKNESS, LIGHTED ROAD",DRY,NOT ON SCENE (DESK REPORT),11/17/2023 11:10:00 PM,41.859924614,-87.653251289,POINT (-87.653251288971 41.859924614039),C,11,2023,22:20:00
99635e9044d87d80ec3b12d8be223596a2f455ec3a62a435bbbd781a921be795c9ae43e5443fc2aa05223d02e05012718da3c4f3515ab01c92f42317f3501171,2023-12-01 18:17:00,RAIN,DARKNESS,WET,NOT ON SCENE (DESK REPORT),12/01/2023 06:17:00 PM,41.939957876,-87.727354741,POINT (-87.727354740978 41.939957876044),C,12,2023,18:17:00
f6e1c8cde94e536af889cc199123faf6dc6b2b7def2befe6e4302e2d36fb76a4c70e56a563793d97f1fa6b3dd7f5cf1a75c4102527bc1f1bfaee12c60d77c39b,2023-11-17 18:30:00,CLEAR,"DARKNESS, LIGHTED ROAD",DRY,NOT ON SCENE (DESK REPORT),11/17/2023 09:45:00 PM,41.793378954,-87.584053824,POINT (-87.584053824031 41.793378954013),C,11,2023,18:30:00
e2ac1452ac25b48a0e6bcef77a59b1de1ddb2cd68965f9093635f9a8be03509beeaf365d5695c7662b234a16f57fcbf4dc6a0fb3301842d4c11984331301c53b,2023-12-01 20:15:00,RAIN,"DARKNESS, LIGHTED ROAD",WET,ON SCENE,12/01/2023 08:16:00 PM,41.663355654,-87.641363438,POINT (-87.641363438039 41.663355654041),C,12,2023,20:15:00
afcf14ce079ff1eb062b8cf70f1fda67d122a27447d9ca3b1cfe96821b2e23658b3b7b960f2feacfa1f32eda041aa978b79634c82aa691506f8605f7d87b82e1,2023-12-18 12:30:00,CLEAR,DAYLIGHT,DRY,NOT ON SCENE (DESK REPORT),12/18/2023 01:00:00 PM,41.934006406,-87.696532173,POINT (-87.696532173017 41.934006406007),C,12,2023,12:30:00
197bc865c59dab19eb9528a7e6caacaa60c8b96e11471baef04fc2600097d9371927501dd4a522965c530ddebc9836eaef08a8d8bcc8ccf14b7162bb1cd97fdb,2023-12-16 16:05:00,RAIN,DAWN,WET,ON SCENE,12/16/2023 04:08:00 PM,41.876926589,-87.745039137,POINT (-87.745039137038 41.876926588953),C,12,2023,16:05:00
12fb06cdbc696c877b2da30dbef66bf6e544977b747f9840ec0e9e1a1cef40bd3b75240eeb5cf8d8d018ae455889c7352e6f44325fd155b1536dd91c6df803b9,2023-12-16 14:20:00,RAIN,DAWN,WET,ON SCENE,12/16/2023 03:30:00 PM,41.78419815,-87.741365268,POINT (-87.741365267996 41.784198149971),C,12,2023,14:20:00
8cc4b2d0371f27aace53ec5c1932dd2fbc49793294384c1118ae2dd943e9bd3a670916c1ab382c4cdad6edfc08cc3664d757ccd01934978ed238884c4337c03c,2024-01-01 02:54:00,SNOW,"DARKNESS, LIGHTED ROAD",WET,ON SCENE,01/01/2024 02:55:00 AM,41.816528587,-87.631174235,POINT (-87.631174234989 41.816528587016),C,1,2024,02:54:00
1b9aaebf374ed2468c688855d282359700636422024ed9bab1a8f75fd79b4eda496c0230bf996b321b6dd9b3aecd64337053c724401b102ea03ac2cff4782980,2023-12-02 17:35:00,CLEAR,DARKNESS,DRY,ON SCENE,12/02/2023 05:36:00 PM,41.790648549,-87.674060017,POINT (-87.674060016989 41.790648548992),C,12,2023,17:35:00
4268c0fbfee1aa1e4f259a4a5ae3f22dab48ea523cc3de9b121693e38319b14cc6c1903f6b7af4dfe7ad8d37c834493ada3d84604b26dc2d82192c875b2d9f55,2023-12-02 04:45:00,CLOUDY/OVERCAST,DARKNESS,WET,NOT ON SCENE (DESK REPORT),12/02/2023 05:15:00 AM,41.777876115,-87.776445652,POINT (-87.776445651971 41.777876114963),C,12,2023,04:45:00
c6ec5a16e3f196951fa6f289b02e090b4d64c010cb25deca864f9812b4b76ba9118daf839d3f6bb66f76e39d5ca3f36631009683f6f539cdc7d499cb5b96823b,2023-11-30 23:20:00,CLEAR,"DARKNESS, LIGHTED ROAD",UNKNOWN,ON SCENE,11/30/2023 11:43:00 PM,41.879329837,-87.768238205,POINT (-87.768238204968 41.879329837037),C,11,2023,23:20:00
0ec8ee125d1cb2566517e5fcd62d6b25e20fd02a04ba1854b8b48e311293ef6ec3c8e9d2f32593b38fc25f28c615d937d37fe49b65bea1cfa50aba872a284781,2023-12-16 16:59:00,RAIN,"DARKNESS, LIGHTED ROAD",WET,ON SCENE,12/16/2023 05:15:00 PM,41.932411991,-87.660897506,POINT (-87.660897505956 41.932411990961),C,12,2023,16:59:00
865e3286c4639d4e0bee771eb20443c91311cd3c665b3aa57ff1457fbf376369391676f2f7d93f90090396b0573f525bc0b6af5d70a3686fd15caac9a5546f27,2023-12-02 17:07:00,CLEAR,DARKNESS,UNKNOWN,NOT ON SCENE (DESK REPORT),12/02/2023 06:20:00 PM,41.75616061,-87.634583596,POINT (-87.634583595966 41.756160610031),C,12,2023,17:07:00
c29f4f498b09a777e0350dbe4605aad2f4e93bfd9e2039e716a9b3948e241c4026195482fb48f555b3ba5fef704f44820c74ce296d93d60d956ffcfdd37938c3,2023-11-18 18:00:00,CLEAR,DARKNESS,DRY,NOT ON SCENE (DESK REPORT),11/18/2023 06:10:00 PM,41.836772906,-87.725712341,POINT (-87.72571234101 41.836772905951),C,11,2023,18:00:00
f27401044faa0e2f2d689f0c2e9d1799525d5e42c88f1117a9b65530236a08bc3fed683b8c49771b18acb17d32ef1767e3f3c3d8fda1027afcf8c83a5228a75d,2023-11-18 17:30:00,CLEAR,DAYLIGHT,DRY,NOT ON SCENE (DESK REPORT),11/19/2023 12:00:00 PM,41.926157506,-87.716885712,POINT (-87.716885711983 41.926157505962),C,11,2023,17:30:00
80f8916fea5a146be43d5abc19a3d1938da83e97126153666ce09fa375eba3a341a8a1ebdb8b5574c284cd33d40d7bb54ba767b67d40839195dfc61cfe5e3394,2023-12-19 08:00:00,CLEAR,DAYLIGHT,DRY,ON SCENE,12/19/2023 08:15:00 AM,41.789651746,-87.726395989,POINT (-87.726395988958 41.789651746021),C,12,2023,08:00:00
2509dff009d2182a95935d666762dc62463c3593cb9b877db546f4e53ae6bdd2741de6b9e8fb77929b35a59b5b0098ab28c913b7690348eeaa8c26877b75e8cc,2023-11-14 17:55:00,CLEAR,DUSK,DRY,NOT ON SCENE (DESK REPORT),11/14/2023 08:30:00 PM,41.969433711,-87.761920631,POINT (-87.761920630954 41.969433710973),C,11,2023,17:55:00
a020655969228a5065f4366437100f0c116cb9a9efafb4698c6585fb18f2892bb41476e1ba7cc0d50427c61187a036efd32b626483e33e1fcfbab09962655d0d,2024-01-01 04:13:00,RAIN,"DARKNESS, LIGHTED ROAD",WET,ON SCENE,01/01/2024 04:13:00 AM,41.744151639,-87.585945067,POINT (-87.585945066953 41.744151639042),C,1,2024,04:13:00
3d996778dfe2d4e54b9134887dfdb25e3130d7333647c411bd33f556f3f6e39394f15789812e5ebe48db8bab852beea5af0a3b40066468e0a03a01c34bd352be,2024-01-02 06:20:00,CLEAR,DAWN,DRY,ON SCENE,01/02/2024 06:40:00 AM,41.947747644,-87.74472933,POINT (-87.744729329987 41.947747643973),C,1,2024,06:20:00
a75f0649e85bb94fddcc5dc440f8d444c615b4c0569e5954e60889ce9f5192b1dca6ba7b48dee246f2906deef7c4d7f16bbdf5b7df9395b76d789ab65c9c25b3,2023-11-16 09:00:00,CLEAR,DAYLIGHT,DRY,NOT ON SCENE (DESK REPORT),11/17/2023 12:30:00 PM,41.793061299,-87.596642139,POINT (-87.596642138988 41.793061298952),C,11,2023,09:00:00
4134b6e8153fe5b6db0f018d29631ddf0d24da0f57d1b73d7c47b6f628330eaaa4f0fcd1b717573b49f88ed42744e46dcb37a29949c69750174c864350118682,2023-12-16 22:00:00,CLEAR,DAWN,DRY,NOT ON SCENE (DESK REPORT),12/17/2023 07:59:00 AM,41.930212593,-87.695305533,POINT (-87.695305533013 41.930212592985),C,12,2023,22:00:00
084f6a7c3d12e5c53c172a42fc59510b60ac61907ef7309961454a134df0806ac8235f726bd2128651ef1627e4460b6ae2c6b0973f95a92847404328d730cff1,2023-12-17 16:20:00,CLEAR,DARKNESS,DRY,NOT ON SCENE (DESK REPORT),12/17/2023 04:25:00 PM,41.847477765,-87.617218167,POINT (-87.617218166986 41.847477764972),C,12,2023,16:20:00
affe3c9ca202423cbce20b5c0171f6a83b2c4327208c6b5adeea602832a83cabe0190d79b9d3dc05685291d5040e8a80ec45775b32cc4171b1c2e82be76781c3,2023-11-03 11:43:00,CLEAR,DAYLIGHT,DRY,ON SCENE,11/03/2023 12:08:00 PM,41.663355654,-87.641363438,POINT (-87.641363438039 41.663355654041),C,11,2023,11:43:00
6a36d5197ef7996189918bd6d8dc588192b6ac98d15e871fcb26afe9d13a6b3acf7a95fd120f9124db807ddd909de717bdba8a92623c526424f7de8753223e03,2023-12-17 03:34:00,RAIN,"DARKNESS, LIGHTED ROAD",WET,ON SCENE,12/17/2023 03:34:00 AM,41.895747777,-87.632840348,POINT (-87.632840348002 41.895747776955),C,12,2023,03:34:00
56e0ef7fb6c19807ba43785950375f926dafbe8dc7486e4d44d2f59c8e511e27e4371c0ba5d9cb098b0770246d307a41db05ab8dcf45e4a9a01f459ece694a13,2024-01-03 20:38:00,CLEAR,DARKNESS,DRY,ON SCENE,01/03/2024 08:44:00 PM,41.949432297,-87.682980798,POINT (-87.682980798025 41.949432296978),C,1,2024,20:38:00
5fc8472b2a39922cc6a07e37d7201f55f7cf14c03dcae4feadba57008d487ed59a54ebb44ce688ae87f0fb29dab40948d1f0821c56dee0c85ee29bee5a9e2093,2023-12-20 18:26:00,CLEAR,DAWN,DRY,ON SCENE,12/20/2023 06:36:00 PM,41.932748996,-87.653801489,POINT (-87.653801488996 41.932748996009),C,12,2023,18:26:00
f23bd6cd4d879fc5a60a6b7e96ca031534a049431b8c3a8260929a8c81530ba08ecec59fc6e2de25cf26c72315ebcf06a2e48083bdb7496984c677bcf75784e6,2023-12-20 11:00:00,CLEAR,DAYLIGHT,DRY,NOT ON SCENE (DESK REPORT),12/20/2023 11:15:00 AM,41.924490094,-87.717288131,POINT (-87.717288130979 41.924490093998),C,12,2023,11:00:00
07a370d4eab0fbf53c372a74d0967bce80c78d8f0e8470f9bfbeef9b77db4cf94228d1c6b691bfb18232ff1af28747161e57deb0089dba9c03b862cc668e957a,2024-01-03 18:36:00,CLEAR,"DARKNESS, LIGHTED ROAD",DRY,ON SCENE,01/03/2024 06:41:00 PM,41.97876225,-87.796548908,POINT (-87.796548908043 41.978762249994),C,1,2024,18:36:00