CRASH_RECORD_ID,CRASH_DATE,WEATHER_CONDITION,LIGHTING_CONDITION,ROADWAY_SURFACE_COND,REPORT_TYPE,DATE_POLICE_NOTIFIED,LATITUDE,LONGITUDE,LOCATION,CRASH_TYPE,CRASH_MONTH,CRASH_YEAR,CRASH_TIME
e18198260f7a6cc95b0679f5bf05c83ee0235ea925db8d792b684fdd95329569fdf95a3f002a0196433c242241270d8c8a92e7a6b82a83be985a741ea2d96e0f,2023-11-19 09:00:00,CLEAR,DAYLIGHT,DRY,ON SCENE,11/19/2023 09:15:00 AM,41.794090446,-87.630527331,POINT (-87.630527331008 41.794090445987),C,11,2023,09:00:00
fe24f4382e9e7546fdebf359346be2663d5a9b51f8dc64c9f0e46d0b12a8ed14e6a911f0f686c828c9a7a41391fc5da7267125f093365eb754b65b76cf048032,2023-11-19 22:54:00,CLEAR,"DARKNESS, LIGHTED ROAD",DRY,ON SCENE,11/19/2023 10:54:00 PM,41.995579197,-87.675876884,POINT (-87.675876883986 41.995579196996),C,11,2023,22:54:00
babbe0192fe3d0b5d85e6a993ed1803d31f89a67f2b42be5c1cf38021bafc833d4610c0c339b7ab78411f11e3c06adda4ff0bc40c75e2d84c5b86aa02f49dc65,2023-12-15 16:01:00,UNKNOWN,UNKNOWN,UNKNOWN,NOT ON SCENE (DESK REPORT),12/18/2023 06:39:00 PM,42.0064707,-87.672153329,POINT (-87.672153329036 42.006470700028),C,12,2023,16:01:00
3c88afef6805580631d8a9abc90afe47eb2993c4d1c3b42a4c9d656034e7900bb78fea544ca7b790d7d09e075ba65e6063df2f5583e14b06e5cf3022e1e81f86,2024-01-04 09:15:00,CLEAR,DAYLIGHT,DRY,NOT ON SCENE (DESK REPORT),01/04/2024 10:00:00 AM,41.749903242,-87.707348392,POINT (-87.707348392008 41.749903241984),C,1,2024,09:15:00
2b39c1b1852b030641ab7c3e5734731bf520f8975d6462a86ce4ebacadd50eef5cad99653dc623540462d66a41e039cf94d1d2721bea415094dd82575a87bc9a,2023-12-17 17:15:00,CLOUDY/OVERCAST,DUSK,UNKNOWN,NOT ON SCENE (DESK REPORT),12/18/2023 04:00:00 PM,41.990508926,-87.706622194,POINT (-87.70662219398 41.990508925961),C,12,2023,17:15:00
3784ddfc839b7fd31bb86e91e147eb2121d8b0510a94a502a9816fc7067d8a94a782123eefaf626b78cf2fca3d1c2adaae6b468be92bb0c38f7f4b4abfeef91c,2023-12-21 22:15:00,CLEAR,"DARKNESS, LIGHTED ROAD",DRY,NOT ON SCENE (DESK REPORT),12/21/2023 11:10:00 PM,41.917103631,-87.687248767,POINT (-87.687248767006 41.917103631009),C,12,2023,22:15:00
231f0c647b9431eb15e40c58383bc0b9df84a77e311518d794497789f8140339e9542e5e5caa005c1c103dd48627faf0b0d99ad169848242c46be29c65213363,2023-12-04 19:15:00,CLEAR,"DARKNESS, LIGHTED ROAD",DRY,NOT ON SCENE (DESK REPORT),12/04/2023 07:50:00 PM,41.997687368,-87.698578399,POINT (-87.698578398969 41.997687368006),C,12,2023,19:15:00
e1a31a2ae68a626ce79838c4013632ae66e8591a27deb8189f12569bf2faf6d97ba13e8467111bf328716742a2bf72f0748703890d48bce882554c73f168a27b,2023-12-04 15:40:00,CLOUDY/OVERCAST,DUSK,DRY,ON SCENE,12/04/2023 03:52:00 PM,41.837732675,-87.66589445,POINT (-87.665894449999 41.837732674972),C,12,2023,15:40:00
e93876a0016c36a5d1f939853f43aee50eb22d302fb78b808afc98e04b1f274dfbc3a1fe9ddc8628c2693a84e4dae8a761c2ea6342ca624b7b36b4eaf64224d2,2023-11-20 05:50:00,CLEAR,"DARKNESS, LIGHTED ROAD",DRY,ON SCENE,11/20/2023 05:58:00 AM,41.799518076,-87.73834096,POINT (-87.738340959964 41.799518076003),C,11,2023,05:50:00
4d3c5a8bf5ff09a618245cb0ac357b7b3e4163c4ac457274418c4a0f7ccc807b0cf97f9edf0727155dd820b4edf4630992679324fe29e100284384d870348869,2023-12-22 13:15:00,CLEAR,DAYLIGHT,DRY,NOT ON SCENE (DESK REPORT),12/27/2023 11:20:00 AM,41.978973027,-87.836733659,POINT (-87.83673365898 41.978973026997),C,12,2023,13:15:00
5e00763b63be8452b5973e16bd10fbd53fe3afcae5de22042bb2bde3af8c170fef952847f319f0fe43d6ea05c80e3f395b7ba5dc89069d917d212e1e9c497b68,2023-12-22 11:50:00,CLEAR,DAYLIGHT,DRY,NOT ON SCENE (DESK REPORT),12/22/2023 01:00:00 PM,41.844229859,-87.623748001,POINT (-87.623748001036 41.844229859031),C,12,2023,11:50:00
890148c6cab695ca76c2859f39aee7a7eebf7f39d694451e4d0fc3b2f9d4fc47ed9a950b78508d690a5f774fbd8a92f9083ed017bd3b34668a7d27e8c7770254,2023-12-22 02:26:00,CLEAR,"DARKNESS, LIGHTED ROAD",WET,ON SCENE,12/22/2023 02:26:00 AM,41.764309655,-87.700131144,POINT (-87.700131143982 41.76430965503),C,12,2023,02:26:00
66fcd7279c43535512e9ffda02708e8f8124609837c7baa6241cfc06ea10696a56fa80ec8b730c07d371c494243a061045688e08a93809381540911b19221753,2023-12-19 17:10:00,CLEAR,"DARKNESS, LIGHTED ROAD",DRY,ON SCENE,12/19/2023 05:13:00 PM,41.808320647,-87.682240771,POINT (-87.68224077098 41.808320646996),C,12,2023,17:10:00
00e29cbf034a024f211a3c2a0b823f65e1929289e682293cd9adf3bb0cf6d6464882dd9be7b08a43624c6881bb3e04760b501e998cac4df6f4cb77d8cb6ca437,2024-01-04 10:30:00,CLEAR,DAYLIGHT,DRY,NOT ON SCENE (DESK REPORT),01/05/2024 01:30:00 PM,41.747120415,-87.573320026,POINT (-87.573320026024 41.747120415039),C,1,2024,10:30:00
5f2d0d5a2babc8eb9340780c6917ace53647f5f1c412e3d999336000508a1b651211728e594c8e05766fa107c204d36d154032b096ef29eebf2c1cfa1c7548a9,2024-01-05 10:00:00,CLEAR,DAYLIGHT,DRY,NOT ON SCENE (DESK REPORT),01/05/2024 11:20:00 AM,41.886676655,-87.69354148,POINT (-87.693541479988 41.886676655033),C,1,2024,10:00:00
3b5206d8032a3bdc1252776e18d790a14d37fc6e6bfe3f5dc9475210f7a13bd94e899b3ff1c7525b8845dc6807f400e13cbfd879788ab006adc117df3332b981,2023-12-15 19:30:00,CLEAR,"DARKNESS, LIGHTED ROAD",DRY,NOT ON SCENE (DESK REPORT),12/15/2023 08:30:00 PM,41.787909102,-87.693784759,POINT (-87.693784759021 41.787909102022),C,12,2023,19:30:00
32d904b8325a0512deca3524c44d6756dcf08561fd3bc3fe47b9ce04b339a19aceaf497b8c4b1c87ada4d74340490138f61d29f2dba295405e2eb7655e29424c,2023-12-19 15:44:00,CLEAR,DAWN,DRY,ON SCENE,12/19/2023 04:05:00 PM,41.899714227,-87.671209124,POINT (-87.67120912402 41.899714226969),C,12,2023,15:44:00
96517f64475b7b7085cdf9ada39614a9a8e5fcbd28b34638f63e0d1a47cc4a773d61995d00e39d27bef71948d5d738ee2e7790fe0e93ab9b91ef3bd9eda31300,2023-12-15 20:44:00,CLEAR,"DARKNESS, LIGHTED ROAD",UNKNOWN,NOT ON SCENE (DESK REPORT),12/15/2023 09:40:00 PM,41.794090446,-87.630527331,POINT (-87.630527331008 41.794090445987),C,12,2023,20:44:00
0512a1f9de03c14711ea3a170390fc678eeb704585155d8b3e7a1966f798069d1a386376926f6808b62b62c026d394f3ea7f5ece5293c380f0a786df7c0fb1a5,2023-11-20 20:22:00,RAIN,"DARKNESS, LIGHTED ROAD",WET,NOT ON SCENE (DESK REPORT),11/20/2023 09:30:00 PM,0.0,0.0,POINT (0 0),C,11,2023,20:22:00
121e822036771e0b65e8dd900afa6d616572ed1623083e76e29fc517c81cfed6f0e5545741bd32783e0fb455d6e89a5284fd163ad8c11fb1eab3eaf02b8d7517,2023-11-20 09:00:00,CLEAR,UNKNOWN,DRY,NOT ON SCENE (DESK REPORT),11/20/2023 04:25:00 PM,41.985560346,-87.668033788,POINT (-87.668033788012 41.985560346045),C,11,2023,09:00:00
6f849843a30a8f3ab7d5c6ef51c9ad985e7dc8717671df4db2e18b606b33b9cf3667cf9a23e44304df4bc328d73e09a172ae9e7601f5f5ee7b691ea6902b28a9,2023-12-05 07:41:00,RAIN,DAYLIGHT,WET,ON SCENE,12/05/2023 07:41:00 AM,41.846972283,-87.736741559,POINT (-87.736741558983 41.846972283031),C,12,2023,07:41:00
d15eff9fcc71c946cd17fe295e7d97ede27fe35a6efc384145b9d02c62715012cd344be9c80c2b833f02ee18fd84e4408cd6e718db7fd6626c01338752b71db2,2023-12-05 12:20:00,CLEAR,DAYLIGHT,DRY,NOT ON SCENE (DESK REPORT),12/05/2023 12:40:00 PM,41.934516283,-87.697833765,POINT (-87.697833764957 41.934516282955),C,12,2023,12:20:00
7c8e2e50e5fa2ab190091c7a7ffff1a86d2f351a1459f2e206d67626c5d8f355342c1590fd7644c8507d3bbcf25cfb0b35bd36749e63b7b7f5754b82dd7fd5fc,2023-12-23 16:00:00,CLEAR,"DARKNESS, LIGHTED ROAD",DRY,NOT ON SCENE (DESK REPORT),12/24/2023 11:15:00 AM,41.93500366,-87.768864724,POINT (-87.768864724035 41.935003659953),C,12,2023,16:00:00
b8cecfe03b7b6f176deba551213f59c3256ff5a386a660c3d2afdaebc01f2c918f71338caf25736c4cd7dc334bcc8884a4ac5e5b69e3e3ba1a2ee1ab4eb5c7e5,2023-12-23 16:57:00,FOG/SMOKE/HAZE,"DARKNESS, LIGHTED ROAD",WET,ON SCENE,12/23/2023 04:58:00 PM,41.688118327,-87.621146364,POINT (-87.621146364006 41.688118326978),C,12,2023,16:57:00
1e7a00afd7430ec493ec7e5990009a5c3d97869212bf383f6e66ccd3ece1a4eb44002a3bbbb74d6e9631bafcf7f4b82d0f52d8b5010ab8675b31d9f333ebd4e2,2023-11-21 06:13:00,RAIN,"DARKNESS, LIGHTED ROAD",WET,NOT ON SCENE (DESK REPORT),11/21/2023 06:47:00 AM,41.898341319,-87.618057856,POINT (-87.618057855957 41.898341319021),C,11,2023,06:13:00
02fccff7f329d708d787c0f1f66c4bd01cdec7b1972702372de54e3fbecbed9b2668269b8ee45778c35a823a62cca0b6af5aab998dc57c7f0bded560ea9ed77c,2023-11-07 09:50:00,CLEAR,DAYLIGHT,DRY,ON SCENE,11/07/2023 09:51:00 AM,41.886676655,-87.69354148,POINT (-87.693541479988 41.886676655033),C,11,2023,09:50:00
66a0019508c5baedabbf7b6584bb1b5feca79b870085a2a459dd8113f9315d0a34d8a8d49f8b1031c1255dc6714af70a32b63646cea7df934018c9b25d5a6ca4,2023-11-07 09:30:00,CLEAR,DAYLIGHT,DRY,ON SCENE,11/07/2023 09:35:00 AM,41.785387445,-87.606183761,POINT (-87.606183761008 41.785387444959),C,11,2023,09:30:00
9a928cc6650b5ff4c472a9de6aedb48f73f4a544b030535962f83b424c60a057170f227caf51841e374d8e70a9d188623029fa91f1414cdf66c1ab3adddc4696,2024-01-05 21:33:00,CLEAR,"DARKNESS, LIGHTED ROAD",DRY,ON SCENE,01/07/2024 10:51:00 AM,41.808749374,-87.66230696,POINT (-87.662306960034 41.808749374011),C,1,2024,21:33:00
847d065fea7c08d2b29e8d4471eb922149489745f7ff5b8247bc890632d1c37958fbb4ba920020187597c888ff228faadcf9fdaaf4db62fcb4337986ae3b991c,2023-12-21 09:40:00,CLEAR,DAYLIGHT,DRY,ON SCENE,12/21/2023 09:42:00 AM,41.882211292,-87.710898608,POINT (-87.710898608036 41.882211292041),C,12,2023,09:40:00
48ec54a17b104bb5a975d126c3d5e5ffceb9439cadd1ebc70194bc973d1e743fbe75918a5c9fa62d65f4de7ff4255b68d2f2a3debeac25d48bb6cc357cc0b89c,2023-12-07 18:08:00,CLEAR,"DARKNESS, LIGHTED ROAD",DRY,NOT ON SCENE (DESK REPORT),12/07/2023 06:45:00 PM,41.706714203,-87.653813468,POINT (-87.653813467968 41.706714202986),C,12,2023,18:08:00
597065a032d2aad87425f87d2588131040feb66764d21a4c1e777e22b27be869fe95f7d681f01cca405c24e4b2bedb0aab38c45875920dafde370189bc5f5297,2024-01-06 23:56:00,SNOW,"DARKNESS, LIGHTED ROAD",WET,ON SCENE,01/06/2024 11:58:00 PM,41.924888953,-87.700379982,POINT (-87.700379982012 41.924888953039),C,1,2024,23:56:00
54f382b7698b64193d1ee1d9672ba834621b75a0e8a5978365e00f4d63a4584e620954db638194c22ef87ba176f6f014a0c300d6b79624429adf6fb9bdf2347f,2023-12-07 09:50:00,CLEAR,DAYLIGHT,DRY,NOT ON SCENE (DESK REPORT),12/07/2023 10:10:00 AM,41.90338381,-87.658535786,POINT (-87.658535786012 41.90338381003),C,12,2023,09:50:00
0f8a45eb43f75eb56cee3a3486addc086e1d1dafba5c8295d16dda293382a616ee8ad56b4b7633f1a94a181fae78f1cab9317217c1fc70c168f43210f201a341,2023-11-21 16:30:00,CLEAR,DAYLIGHT,DRY,NOT ON SCENE (DESK REPORT),11/22/2023 02:00:00 PM,42.01006712,-87.703777382,POINT (-87.703777381993 42.010067119971),C,11,2023,16:30:00
1b82ba3a3a6decbda6d8abb9aea182b74c180d9ea70810451511248adba5ed7cefedc97a32c437d316f992ea3668109d8ca2b75967384b5484025086c1fe3f2f,2023-11-08 15:10:00,CLEAR,DAYLIGHT,DRY,ON SCENE,11/08/2023 03:12:00 PM,41.954068242,-87.678604449,POINT (-87.678604449027 41.954068242042),C,11,2023,15:10:00
b6c32350143aac2f528159e6398132e5af76b0e32eec4816ba73970641a70e16bf26f3c4794e68d52c99497ed048ff977ab267e16c7ff5d9536526617d492e73,2023-11-08 10:15:00,UNKNOWN,UNKNOWN,UNKNOWN,NOT ON SCENE (DESK REPORT),11/08/2023 10:15:00 AM,41.779631861,-87.65921691,POINT (-87.659216910005 41.779631861035),C,11,2023,10:15:00
b8968e1f68abacd87ef303dfe8a20e58709fcafb9779c58d4e31aa81a9c22224da21b40e558856ea7c34ebf4faa0adeac7c2d0db6217a90e2e1b6909ba156de5,2023-11-08 12:21:00,CLEAR,DAYLIGHT,DRY,ON SCENE,11/08/2023 12:21:00 PM,41.679607555,-87.63728964,POINT (-87.637289640045 41.679607554969),C,11,2023,12:21:00
2836ba0b6535d03a73c7c90cdbe5e27b37c431034684d0f785218a6024a84f1c1a789dd2615f5a1e72e36788e6deeaa813f22085995420d54db32e0d99c1b4d7,2023-12-22 11:10:00,RAIN,DAYLIGHT,WET,NOT ON SCENE (DESK REPORT),12/22/2023 11:40:00 AM,41.953203301,-87.756048735,POINT (-87.756048735038 41.953203300975),C,12,2023,11:10:00
515402d98735251440ee22b867edf08ab30411d5d9715707bf57b3a3a40345a3ce10c807099bff9263aed35efb5088c92bce7769aabfe1440534aa1b0c727f64,2023-12-21 10:35:00,CLEAR,DAYLIGHT,DRY,ON SCENE,12/21/2023 10:38:00 AM,41.917103631,-87.687248767,POINT (-87.687248767006 41.917103631009),C,12,2023,10:35:00
3295763a32af73526835aa1a29b6d2b543c47165093e14973f57eef02e1cfc4feb26898905e9e12796ccf81a7a089e521c23dc0e2d4fcd130eb539c4cc84fc52,2023-11-23 11:05:00,CLEAR,DAYLIGHT,DRY,ON SCENE,11/23/2023 11:05:00 AM,41.924241066,-87.738157002,POINT (-87.738157001966 41.924241065955),C,11,2023,11:05:00
2357792b0aa964a306741074d73538828d3f5f8452b9355cc4f82fa2cd5368ae44e5d894b2731fc9cd682885e3427db42b94b52187639f8fc3a9e246356bd421,2023-11-09 03:00:00,UNKNOWN,UNKNOWN,UNKNOWN,NOT ON SCENE (DESK REPORT),11/09/2023 04:00:00 PM,41.941898849,-87.834835595,POINT (-87.834835594995 41.94189884902),C,11,2023,03:00:00
30d1e8f74d0d640ea56904b40f7753eb8a2ef95226f9545976ea2db8c2a584cd2152d30d0970dc68800313c577fb71e442a0054befc22d82c9664d1171d08431,2023-11-09 23:30:00,CLEAR,"DARKNESS, LIGHTED ROAD",DRY,NOT ON SCENE (DESK REPORT),11/10/2023 02:38:00 PM,41.922330235,-87.692141564,POINT (-87.692141564022 41.922330234994),C,11,2023,23:30:00
938f0936990bd5b42d8d99736992af54bea569c730c4e8c5e8bf8c558272e8c967b9ad184fecf87d43c8201450b493a85dd54340c14bd0d46e1c644e91f98b01,2023-12-08 17:18:00,CLEAR,"DARKNESS, LIGHTED ROAD",DRY,ON SCENE,12/08/2023 05:19:00 PM,41.984484372,-87.69760372,POINT (-87.697603720011 41.984484371994),C,12,2023,17:18:00
4476604927ee82ff399fbaecd924c0275b0019e7a0dabe0dab7cf703cf8c404ef9859aa63307917faae42a86ce2ae63df1ea2ee6a7476c8051a1edd5954bcfff,2023-11-09 15:33:00,CLEAR,DAYLIGHT,DRY,NOT ON SCENE (DESK REPORT),11/09/2023 05:48:00 PM,41.784990689,-87.615595778,POINT (-87.615595778012 41.784990689029),C,11,2023,15:33:00
f8c77dcd8f704fb7102b8e3045a7507dd3ce70b34c86c329a79ba70a56b8f62e26a1ab47f6af5637548c7b512f17cd47c294d42224bd87f040d7ffee1d65bb77,2023-12-08 19:00:00,CLEAR,"DARKNESS, LIGHTED ROAD",DRY,ON SCENE,12/08/2023 07:02:00 PM,41.79401379,-87.635290404,POINT (-87.635290403991 41.794013790032),C,12,2023,19:00:00
f9ecd1a0292a60b970ac07b410c97e15e48f5e51b554524bb78842e1d328fbd0dbc4f2f4e4bb96c434029fa88198b751e26302e15eef5d4cbf8a4e6f2bbd911b,2023-12-08 20:10:00,CLEAR,DAWN,DRY,ON SCENE,12/08/2023 08:48:00 PM,41.677344191,-87.680554139,POINT (-87.680554138993 41.677344190967),C,12,2023,20:10:00
d1855155de5e81f311be2db3a578670c25329c1dddcdebcf22dd8af0ce5d194c0ea4c34f03917cc3f90a02ed9caba1382798955e84bbda0c5a24cc5962d3c818,2023-11-09 23:30:00,CLEAR,"DARKNESS, LIGHTED ROAD",DRY,NOT ON SCENE (DESK REPORT),11/10/2023 01:52:00 PM,41.922330235,-87.692141564,POINT (-87.692141564022 41.922330234994),C,11,2023,23:30:00
054bef048d8d72a68f8909496d62af9ae447328cc160af43c7cc1839c698372e95894b3c982f285cf2fd47e9aba5d6153a2c25397d307cd35f43bf52b8635683,2023-12-22 20:38:00,CLEAR,"DARKNESS, LIGHTED ROAD",DRY,ON SCENE,12/22/2023 11:13:00 PM,41.920676631,-87.775630269,POINT (-87.775630269041 41.920676630982),C,12,2023,20:38:00
5fd14c2e86c55b1006df8abc6a16bbd07d46ec648e5e90cc3d2663aed0948177c8511b3c51ac092f63fc8a898ad81a39b3e21d6706f0993704371249623bde01,2023-12-23 14:35:00,CLOUDY/OVERCAST,DAYLIGHT,WET,NOT ON SCENE (DESK REPORT),12/23/2023 04:20:00 PM,41.946788878,-87.675947031,POINT (-87.675947031019 41.946788878023),C,12,2023,14:35:00
0ae4dbe15c7202c1faa7ffce0d6565d406bd3d28ce34a496e61af31cea31273606bc7731d5cb9272d32018f44fa450ab58f47a8c505aea8c837f8306f075b579,2023-12-23 12:30:00,FOG/SMOKE/HAZE,DAYLIGHT,DRY,NOT ON SCENE (DESK REPORT),12/23/2023 01:10:00 PM,41.74579217,-87.635369997,POINT (-87.63536999702 41.745792169991),C,12,2023,12:30:00
6b7e5374c0b05e2ac7f1a00d982091d3139e2eed2947a44ba7e5e0037135c6edc8e8b812ff10c2b731357a2312753d819a8220f99e7bb3e56bb09b5c9693b69b,2023-12-23 07:54:00,CLOUDY/OVERCAST,DAYLIGHT,WET,NOT ON SCENE (DESK REPORT),12/23/2023 08:27:00 AM,41.903536788,-87.661859583,POINT (-87.661859582959 41.903536788031),C,12,2023,07:54:00
512eb83f54220b7d73596c86018cca315494d3ee0fbee1069c7a236416c38b78346aee8e2ba9d769995e0cd76d28079d1a635339af377f14262398282abefc56,2023-12-23 21:55:00,FOG/SMOKE/HAZE,"DARKNESS, LIGHTED ROAD",DRY,NOT ON SCENE (DESK REPORT),12/23/2023 10:10:00 PM,41.906446465,-87.753273478,POINT (-87.753273478001 41.906446465035),C,12,2023,21:55:00
5eb71e07646811ee2245a079f122ee5ace09cce04d013e19cd76432278e6cc4bd2de47d23ebdd123c0ba177f87e7f042b32896a6dac48dd08705711420dae35a,2023-11-24 12:10:00,CLEAR,DAYLIGHT,DRY,ON SCENE,11/24/2023 12:12:00 PM,41.89186947,-87.622748584,POINT (-87.622748583999 41.891869470026),C,11,2023,12:10:00
8c74f30cf28d7f59b72b0769543f0bcb15f99c8d9bf3818c5b0c2ba5caef0c76f2a691481754db4b012ec4f7b14c16ae5ce05e0d7c25b965515f69fa57376964,2023-11-10 20:37:00,CLEAR,"DARKNESS, LIGHTED ROAD",DRY,ON SCENE,11/10/2023 08:38:00 PM,41.78419815,-87.741365268,POINT (-87.741365267996 41.784198149971),C,11,2023,20:37:00
044da11e85ef4aab205a866d2887cbaff7c484d224c18086def6573221b2bc436a6c3521acc8a82cf81a9b7c3f5a9a10847f40c53aa6a14302c9fe08ecf107c4,2023-11-25 11:38:00,CLEAR,DAYLIGHT,DRY,ON SCENE,11/25/2023 11:40:00 AM,41.830728826,-87.655813252,POINT (-87.655813252029 41.830728825995),C,11,2023,11:38:00
3f924f55b59354c6d36458d0aa9a78d5a8ab771ee1286120dd790d1b8e969b6b0c6200973d2539853c89890aa06634a2c1283fbfda1f6535063627a8d9278877,2023-05-24 01:00:00,CLEAR,UNKNOWN,UNKNOWN,NOT ON SCENE (DESK REPORT),11/25/2023 10:22:00 AM,41.796896497,-87.730478635,POINT (-87.730478635015 41.796896496959),C,5,2023,01:00:00
25efc50a331c92e666b278d7c5d3f82c6e043a783be6a0c60b48d90d7eeab8d57d786309c5604de3d66686d8dcd22b6a262db9161a032ac453fd92a2d35f2aa1,2023-11-25 13:01:00,CLEAR,DAYLIGHT,DRY,NOT ON SCENE (DESK REPORT),11/25/2023 01:58:00 PM,41.91874949,-87.75952117,POINT (-87.759521169996 41.918749490044),C,11,2023,13:01:00
ebb33c6401cbdfde5610303ee0acf40419bc47898caf29350ff5d8d99c2092aaddcba461c96112240ee18b298deea36b7e15c54dd80a3840968fa11e3c04f5c8,2023-11-27 21:00:00,CLEAR,"DARKNESS, LIGHTED ROAD",DRY,NOT ON SCENE (DESK REPORT),12/05/2023 07:00:00 PM,41.741374167,-87.721506394,POINT (-87.721506393957 41.741374166961),C,11,2023,21:00:00
0347ce3099e28a7d675b719d01a3f87e8368f4288267c2e0921853f43c8c61fdca2262a5178fc87d428e7517e15d7a76dbde6507e60a6bfdd2d35b38299d5782,2023-12-02 10:00:00,RAIN,DARKNESS,WET,NOT ON SCENE (DESK REPORT),12/03/2023 07:42:00 PM,41.784990689,-87.615595778,POINT (-87.615595778012 41.784990689029),C,12,2023,10:00:00
794bc5e7ac4b40ee95706f385d186ad294749d739d7f1ff5a7b450b268245a0fc842f8439348b3935f91f9a89aae2cba87030491b9b995d672b50878f6cb6b86,2023-12-01 20:06:00,RAIN,DARKNESS,WET,ON SCENE,12/01/2023 08:37:00 PM,41.696264514,-87.613530625,POINT (-87.61353062504 41.696264514022),C,12,2023,20:06:00
8b65eb8d564e505940ee09f26592bda5a8b2fc6cfe913807642d364e24a2353525b1b18d39e9204a9b56d83aebf45b17cfcaddb6071528dbad7604b4b28158f7,2023-12-04 21:28:00,CLEAR,DARKNESS,DRY,ON SCENE,12/04/2023 09:28:00 PM,41.995161089,-87.688730055,POINT (-87.688730054972 41.995161089003),C,12,2023,21:28:00
162d542e94e9b4e30625f09a9a4b91d5c3cc37ad5a13e8e872a5b24618c278cd3787faa072e44f7d0858592fc9a509fae649df3a0c5c46b83ba13117e898cab1,2023-12-04 17:28:00,CLEAR,"DARKNESS, LIGHTED ROAD",DRY,ON SCENE,12/04/2023 05:33:00 PM,41.783962626,-87.683916666,POINT (-87.68391666596 41.783962625964),C,12,2023,17:28:00
3cbc9433bbdf146b060fa5c9a93ea3777f6d94ab387ec92acd2b9526429e9e7049a5b15e31027abe09df11f014e309397cd9996d3c870e1ccc3c27e405f124b5,2023-12-05 09:50:00,RAIN,DAYLIGHT,WET,ON SCENE,12/05/2023 10:00:00 AM,41.896393332,-87.654686711,POINT (-87.654686710965 41.89639333201),C,12,2023,09:50:00
1c43091b2cca0c7a6a4767b022791f175a73eac41cacb8a8617486e1c49296d699c7302dd218a944837cf49b757a1bba372b53f362dd43c6df1c988502a39a93,2023-12-05 20:20:00,UNKNOWN,UNKNOWN,UNKNOWN,NOT ON SCENE (DESK REPORT),12/06/2023 01:40:00 PM,41.94683078,-87.672417095,POINT (-87.672417094985 41.946830779953),C,12,2023,20:20:00
8d3b1ea9e62a5feb37a79f3667deaf1712b1a63ec1ac165f33337165293028eb32ec39ea8125a9d27fe46683a7177c49f7da37541a2f69e0b1948b243f84b3be,2023-12-06 04:25:00,CLEAR,DARKNESS,DRY,NOT ON SCENE (DESK REPORT),12/06/2023 06:47:00 AM,41.765563782,-87.624825828,POINT (-87.624825828045 41.765563782008),C,12,2023,04:25:00
27bf130abfbc7593a8d555799408e8d5de3fb06e83e7e1cb75881781f66567d87890d43ed7cd500824976c686d472ed1346ac1bfbbb6d480f22a2c44d7e5f2cd,2023-12-06 00:35:00,CLEAR,"DARKNESS, LIGHTED ROAD",WET,ON SCENE,12/06/2023 12:37:00 AM,41.809572517,-87.611394621,POINT (-87.611394620986 41.809572516992),C,12,2023,00:35:00
bacd52132c2d5d3cb9fd5b384a234eab1356596c04be6ba395857bad46fee41003899d472eb20cec7587dfd1949975f3aa3a1a587fadc7ce15b9e226ed735485,2023-11-22 16:30:00,CLEAR,DARKNESS,DRY,ON SCENE,11/22/2023 06:30:00 PM,41.744801389,-87.549062081,POINT (-87.549062080977 41.744801389001),C,11,2023,16:30:00
dcbf9f20317e808caca528f21b7cf00e0aa3d455729e2582aa0209f90b6e1a96a1fe8029e2b04e351d6beaeee390b9ac6ab9a65e23be0d347e45ccca65c474da,2023-11-22 22:40:00,CLEAR,"DARKNESS, LIGHTED ROAD",DRY,ON SCENE,11/22/2023 10:41:00 PM,41.816528587,-87.631174235,POINT (-87.631174234989 41.816528587016),C,11,2023,22:40:00
cd6f4bb160489ef3854938f2199a6f34946d8365df92991e5c8873c1607646dc35f72e09df72205d434943a0f09b4a1f500e49676074ca6197807bdd87815572,2023-12-07 07:45:00,CLEAR,DAYLIGHT,DRY,ON SCENE,12/07/2023 07:45:00 AM,41.939260363,-87.657586321,POINT (-87.657586320956 41.939260363008),C,12,2023,07:45:00
29418fb6c9189ce0a282486dd2e061b74dca270967d07b2b410b5dabd78c9cbec9c3b5b4e71f406510749a3a965416d6c12bfb7ecb423b1fe7e7447b1c29fece,2023-11-23 21:45:00,CLEAR,"DARKNESS, LIGHTED ROAD",DRY,ON SCENE,11/23/2023 09:50:00 PM,41.744151639,-87.585945067,POINT (-87.585945066953 41.744151639042),C,11,2023,21:45:00
9496256d6e304160a0acc4ee7c02c4bcea326f90e1efc20d018e03dd56b14e02e929fcfea6cde7ed395ba860468d50773d8f4f9ef155399ebb630b9459817507,2023-11-23 01:45:00,CLEAR,"DARKNESS, LIGHTED ROAD",DRY,ON SCENE,11/23/2023 01:45:00 AM,41.744151639,-87.585945067,POINT (-87.585945066953 41.744151639042),C,11,2023,01:45:00
dd86be94eace557620e47e16177ccd0e5e6cd6528651733154cfbc91b0403ae4f6e773a95e3725ca83d0166083ecd7ba4e21c8285e16d61e6c2afc129f47d31a,2023-11-23 12:00:00,CLEAR,DAYLIGHT,DRY,NOT ON SCENE (DESK REPORT),11/23/2023 12:54:00 PM,41.844469862,-87.716531999,POINT (-87.716531999035 41.844469861986),C,11,2023,12:00:00