CRASH_RECORD_ID,CRASH_DATE,WEATHER_CONDITION,LIGHTING_CONDITION,ROADWAY_SURFACE_COND,REPORT_TYPE,DATE_POLICE_NOTIFIED,LATITUDE,LONGITUDE,LOCATION,CRASH_TYPE,CRASH_MONTH,CRASH_YEAR,CRASH_TIME
57f193e3bd29a8bf58f798a60ac1b5ef2995a191116987a20084eb7b76398d4547f584ca453be8df61ab26d39828d9310f2083d15c208607fe3eb8e0612a21d3,2023-12-08 09:21:00,CLEAR,DAYLIGHT,DRY,NOT ON SCENE (DESK REPORT),12/08/2023 10:20:00 AM,41.851330916,-87.66817994,POINT (-87.66817994 41.851330916015),C,12,2023,09:21:00
246d49634173af459abe03d5621f6ddefbc32e85d9b744133b6715e4bfd6d0550b8dd7a879650a3f24287910388878fcc42d48274a72d6b6e1a9ced06d2b7da5,2023-10-22 13:15:00,CLEAR,DAYLIGHT,DRY,NOT ON SCENE (DESK REPORT),10/22/2023 04:30:00 PM,41.747711245,-87.589538658,POINT (-87.589538657993 41.747711244966),C,10,2023,13:15:00
bc117ec37d4ea54c88506fffb67b25afeb9456c6e8c748f6e66c98a39612c25dd30027f60a55bd9be8d939426ca07c07be0ea3ad354335d646871719a50d4a29,2023-10-22 01:55:00,CLEAR,"DARKNESS, LIGHTED ROAD",DRY,ON SCENE,10/22/2023 02:00:00 AM,41.87295852,-87.706040107,POINT (-87.706040107006 41.872958520032),C,10,2023,01:55:00
c2074370da2afce364977f100269d9ed6a8db2246d81a3fa9369c6479341fb669e37aaa02220dac7ce3624699347b3bb355fc539c97340d7ab8fc7208a191f91,2023-11-05 01:26:00,CLEAR,"DARKNESS, LIGHTED ROAD",DRY,ON SCENE,11/05/2023 01:28:00 AM,41.990508926,-87.706622194,POINT (-87.70662219398 41.990508925961),C,11,2023,01:26:00
c9e956a9a1c90fc4fa152f455301cf20a55c0191c15357faef5cd72e1c6c88800ec15d2ada1966dee750c9a31f2fb50d25b4c7f011865ea4a16859e787be78f7,2023-11-06 07:15:00,CLEAR,DAYLIGHT,DRY,NOT ON SCENE (DESK REPORT),11/06/2023 08:40:00 AM,42.006801604,-87.661457734,POINT (-87.661457733969 42.006801603988),C,11,2023,07:15:00
1e124548f7e53de59fbb6851cff708a2b6ac3591ffb76c897752e770ef59084ac2013e11a42202e5de7ffced3379316cf95d02dee9404331a8d89778260b60d8,2023-12-25 13:39:00,CLEAR,DAYLIGHT,DRY,NOT ON SCENE (DESK REPORT),12/25/2023 02:30:00 PM,41.990024694,-87.728708871,POINT (-87.728708871015 41.990024694008),C,12,2023,13:39:00
47329a9e6b981264417ba5f1d9b9de3d0ab3521fd55c1f35307da884fc208244e83e722e20d883c5368789bf869e01b02b7a5b3f83fea9707e8451e2bb6665af,2024-01-31 15:54:00,CLEAR,DAYLIGHT,DRY,ON SCENE,01/31/2024 03:58:00 PM,41.917103631,-87.687248767,POINT (-87.687248767006 41.917103631009),C,1,2024,15:54:00
2b556021ac549230355b976054f07873a81e6d71416108e744f304cb2b039321b223912dbc30a238f6388e824e1429a9f2a47d837bac707f67f974076f7e4553,2023-10-23 07:18:00,CLEAR,DAYLIGHT,DRY,ON SCENE,10/23/2023 07:23:00 AM,41.894228849,-87.625384759,POINT (-87.625384758996 41.894228848999),C,10,2023,07:18:00
4530e15e295fedda45bbafee5a23c13bde5bcac870dd85fe4dcce5e200bc53f8449c9894019d857da7eaeb1fa5ca69acd39f5674caa483df202bb8cab2a27dbe,2023-10-23 06:06:00,CLEAR,"DARKNESS, LIGHTED ROAD",DRY,NOT ON SCENE (DESK REPORT),10/23/2023 06:40:00 AM,41.920145795,-87.772741047,POINT (-87.772741047019 41.920145795019),C,10,2023,06:06:00
8d3b3abba3349d5baaaceba2b94c107de53ece4345ae3869ed0c1ea50347e767f9831b2d5586a7efbfa49734fc812b79af8ef3e718e36705da36fd9ec6a86229,2023-10-23 14:45:00,CLEAR,DAYLIGHT,DRY,NOT ON SCENE (DESK REPORT),10/23/2023 03:45:00 PM,41.932604222,-87.727148226,POINT (-87.727148226037 41.932604221966),C,10,2023,14:45:00
a0d4af11086db9b148829243ea4f8d8a02047d9d5a9023343070dd2d52f6879726842567ade6f4bbec567ce5dc4a6370bf393e7cb134584eb7b3d2e086a916ad,2023-11-07 15:00:00,CLEAR,DAYLIGHT,DRY,NOT ON SCENE (DESK REPORT),11/07/2023 03:10:00 PM,41.8198969,-87.724126177,POINT (-87.724126177005 41.819896900039),C,11,2023,15:00:00
260997d3855f7325715583398bc0b67d6c15aad2be963bbbd6c731cfdf2d24baca242ca3f4d12ab4af205b4313c9d16df05fb30f72f2f00db95f6ee27a0f0cbc,2024-02-14 14:55:00,CLEAR,DAYLIGHT,DRY,ON SCENE,02/14/2024 03:42:00 PM,41.837690838,-87.690062143,POINT (-87.690062143009 41.837690837973),C,2,2024,14:55:00
1a3d965c0833bf6462ea4b12f3cf328ca72b754225e85963e93a5b8e08513828a068a3eec4b8f3c03d94c8e889e617905735a0819574ee5605bb6bf598d8317a,2024-01-08 08:30:00,CLEAR,DAYLIGHT,UNKNOWN,NOT ON SCENE (DESK REPORT),01/08/2024 09:30:00 PM,41.815432001,-87.69579779,POINT (-87.695797790047 41.815432000955),C,1,2024,08:30:00
8fb2f37b48c279f71bd291b8ab70a996a4ed3f19baf62456d1d137eae98bfdfa657ded6bbd893b9cf2563c758e4ca9a925c17da90a2cb5ab6037bd61ca684096,2024-02-01 17:08:00,CLEAR,"DARKNESS, LIGHTED ROAD",DRY,ON SCENE,02/01/2024 05:32:00 PM,41.770295918,-87.679954587,POINT (-87.679954587004 41.770295917978),C,2,2024,17:08:00
a699be84159954038fb33a1917bf2f6762cec6bc015bd4713556cc2ccb9211793c065e22437893b997d55327e8914b9c088415840060d356256e43d074aa1115,2024-01-14 03:15:00,CLEAR,"DARKNESS, LIGHTED ROAD",SNOW OR SLUSH,NOT ON SCENE (DESK REPORT),01/14/2024 03:50:00 AM,41.923739288,-87.648748983,POINT (-87.648748983048 41.923739288036),C,1,2024,03:15:00
4f73faa09c307f4e877304567e46fae177aae7976b180ef1fef5d5bb7372de2b706611882749c4a33e6fcffc3db6e1d43757b37e8f4cb6bc57451dfe3d7a8741,2024-02-15 12:50:00,CLEAR,DAYLIGHT,DRY,ON SCENE,02/15/2024 12:57:00 PM,41.997730287,-87.806645117,POINT (-87.806645117018 41.997730287008),C,2,2024,12:50:00
6efb7488591aedf6ab610000cbadb742a9eb5538db062587d0434a38ae858f51565f5bb9ffad6e4cf4f09101d3ac99a07244e226f72d9bd01c4a63e87be336a7,2024-02-15 17:59:00,CLEAR,"DARKNESS, LIGHTED ROAD",DRY,ON SCENE,02/15/2024 05:59:00 PM,41.743812216,-87.625489201,POINT (-87.625489201046 41.743812215969),C,2,2024,17:59:00
c2cf4b7237cef489121573e333b0723b427f0f999f0961eef8730c1893d7b038689cf930eba953f3aad57c130351df09bcffd0566233a30a2d78b90546405c73,2024-02-02 12:00:00,CLEAR,DAYLIGHT,DRY,NOT ON SCENE (DESK REPORT),02/07/2024 05:13:00 PM,41.830728826,-87.655813252,POINT (-87.655813252029 41.830728825995),C,2,2024,12:00:00
53582829a9ebc57d1ea84b519b9f03f3c3ce0f6434415921c2a84c9d741636b85221ab290f9a126ea6900d748cfaf4fa460d52f401c215e655e367522f41aaf0,2024-01-04 11:50:00,CLEAR,DAYLIGHT,DRY,ON SCENE,01/04/2024 11:59:00 AM,41.868505893,-87.744688538,POINT (-87.744688537963 41.868505892977),C,1,2024,11:50:00
3dd91f6a0b0a092b9dbd458bfde33c6c0d1d8980f62d431c27a63002bcf9862b76dd3b68a1deda04df90ddb1f32379cc21cc97ef4470a7de93ad2bd26a9c5d37,2024-01-04 14:30:00,CLEAR,DAYLIGHT,DRY,ON SCENE,01/04/2024 02:33:00 PM,41.902815701,-87.717648644,POINT (-87.717648643968 41.902815700998),C,1,2024,14:30:00
241ae28f19bdad160fcaa56881555a27a64eaaaed327a185bf1e3922bf9cdb086ad7fdfcb89e90a7d0e3bbe0c76e7580f5d5261b16b33d858c0a6cb5db3eb14d,2024-04-24 11:00:00,CLOUDY/OVERCAST,DAYLIGHT,DRY,NOT ON SCENE (DESK REPORT),04/24/2024 11:40:00 AM,41.994928817,-87.660269667,POINT (-87.660269667034 41.994928817026),C,4,2024,11:00:00
a9ac7e1ec7dee2b6f3d25174af7b061dec409f671edc1fa31368e7dd9c1fc68687623b4ca09f3963896d4d1d92f09da29c47a3fa01a5b952c6236c1dc456db55,2024-01-08 08:30:00,CLEAR,DAYLIGHT,DRY,ON SCENE,01/08/2024 08:35:00 AM,41.844469862,-87.716531999,POINT (-87.716531999035 41.844469861986),C,1,2024,08:30:00
7509795221af74ca2382f8e2171cff7dc0fb7f4f120138888f636b5eca57c694504be9f187b57a2635a5d8d44a1801772501a8f7cca889337008613931c44fb2,2024-01-09 18:00:00,SNOW,"DARKNESS, LIGHTED ROAD",SNOW OR SLUSH,NOT ON SCENE (DESK REPORT),01/09/2024 06:28:00 PM,41.684859123,-87.652019493,POINT (-87.652019492954 41.684859122993),C,1,2024,18:00:00
d6313c90b8a0420371f98e66ebe0ca9619ceeb17c91c5d930e80e6602f227ce5ad1805604ef64d11682d6df33e8f5b1df27c23deb12ed587b409ccf4c7c0f33f,2024-01-10 18:36:00,CLEAR,"DARKNESS, LIGHTED ROAD",DRY,ON SCENE,01/10/2024 06:36:00 PM,41.899463059,-87.68952126,POINT (-87.68952125998 41.899463059023),C,1,2024,18:36:00
64ce50f340ca5c6d3f1641ff9f238fbe1cab86b3939c64a64c0a8315c792d9326c516fbf164996ef58dcc12cafebf8f6a030bc3ae9f275f0b26cd8b23620f2a2,2024-03-30 07:13:00,RAIN,DAYLIGHT,WET,ON SCENE,03/30/2024 07:13:00 AM,41.764605923,-87.584587406,POINT (-87.584587405972 41.764605922962),C,3,2024,07:13:00
6b9bc37260ac4cf88f38cc0ee9df2e5419b2fbb78cdf26721f368f476228a760e5a00d392ee2557451a5ee89bf303bfdcbaec99e961350c97d41ad708e5d8878,2024-03-30 02:22:00,RAIN,"DARKNESS, LIGHTED ROAD",WET,ON SCENE,03/30/2024 02:22:00 AM,41.756061973,-87.639583836,POINT (-87.639583836047 41.756061972991),C,3,2024,02:22:00
42b98a2a706327084f6b161f18935dbab9c493380eb855eecb2ab91c027d8ae578716942e71580e91f2c59b34bbbda6230e3df7145b503fae0c4ba5cf4a50e60,2024-02-03 09:00:00,CLEAR,DAYLIGHT,DRY,NOT ON SCENE (DESK REPORT),02/03/2024 01:36:00 PM,41.741803599,-87.740953582,POINT (-87.740953581987 41.741803598989),C,2,2024,09:00:00
1bc3a0f697ab2e42b03b7e6fe15de3272a46318c162b90202a8f3c178e83a61d32fb68b130cafb2aaff0654987c3639919d999835769adb4194ddda79ac9d8f6,2024-01-11 00:17:00,CLEAR,"DARKNESS, LIGHTED ROAD",WET,ON SCENE,01/11/2024 12:17:00 AM,41.873685556,-87.715161565,POINT (-87.715161565012 41.873685556005),C,1,2024,00:17:00
977684cd4da91561fc002a0abe01f9a4386c15500a6509c4ae85efae1e461e27b44130a4aa0cef6c9960e8bc56fc34ab9a44953544ecf8699d6122875bc5a91d,2024-01-16 23:45:00,CLEAR,"DARKNESS, LIGHTED ROAD",ICE,ON SCENE,01/16/2024 11:45:00 PM,41.786917592,-87.643911905,POINT (-87.643911905037 41.786917591987),C,1,2024,23:45:00
cc8820bb1b226d8189eeaf03c06fb4338b858481aafd649fe81ba8a9d2c49496372a23d59ceb866b43f2c1a85cf5517c03106cc1c97921d6baff539a525746c8,2024-01-16 02:10:00,CLEAR,"DARKNESS, LIGHTED ROAD",DRY,ON SCENE,01/16/2024 02:10:00 AM,41.682973474,-87.642228468,POINT (-87.642228467961 41.682973473961),C,1,2024,02:10:00
e605ff6668155e7bf97abfe45a0e6fdd497182422ca854f7d871aeccd7d29501bed4eb1070bbaf3950ee6f7841ceeaddaf8b6c0fafa742bbf6af3f2a1cb23527,2023-12-28 11:45:00,RAIN,DAYLIGHT,WET,ON SCENE,12/28/2023 12:30:00 PM,41.895036264,-87.698740733,POINT (-87.698740733021 41.895036263978),C,12,2023,11:45:00
7286f8e1e9e969ba028c924597092494405e63870f6e1b5696c33910e9b141b41240ba204739d8c3540e11754f732efdfce6cde774f0d9c49e0e0b1c4be310b1,2024-02-04 00:01:00,UNKNOWN,UNKNOWN,UNKNOWN,NOT ON SCENE (DESK REPORT),02/04/2024 01:00:00 PM,41.962630019,-87.650430429,POINT (-87.650430428964 41.962630018961),C,2,2024,00:01:00
79aa311f3fd6a07d35a0d2d92117a633e85f14672db10ec90f38019ac9f70d454bdd20d5cf60bbead6f519ef1a5e6a0a05773ffd939f36972ed4ecb6490dcbc2,2024-02-04 13:40:00,CLEAR,DAYLIGHT,DRY,ON SCENE,02/04/2024 01:42:00 PM,41.871795968,-87.662750705,POINT (-87.662750704982 41.871795968023),C,2,2024,13:40:00
0cae7513cbc4bfe905996388279bee8cabf9476c17d13a19b9bd74445b573669dbe6b3e0a5dc48774de71205c713ed017c1f84664a9b52da9fe324d9ef199c69,2024-02-05 15:45:00,CLEAR,DAYLIGHT,DRY,ON SCENE,02/05/2024 03:55:00 PM,0.0,0.0,POINT (0 0),C,2,2024,15:45:00
0349e974f942523d7dc6088df2e45fbdac0193932835703c10774faa79dfd936d2da02ed456f0fe948ccfb12176338289f9566624201ba5affd38b759748aa1c,2024-01-30 06:35:00,CLEAR,"DARKNESS, LIGHTED ROAD",DRY,NOT ON SCENE (DESK REPORT),01/31/2024 12:08:00 PM,41.945594922,-87.808373676,POINT (-87.808373676046 41.945594922004),C,1,2024,06:35:00
9a6d6f48d5c93bafc41edfa0d59180c04778eb743662cbb7b156d50f34839485e81ff79a91257a3af0f72e51dc36a7ae57e035429962b7723ea95888fee21a03,2024-01-17 09:10:00,CLEAR,DAYLIGHT,DRY,ON SCENE,01/17/2024 10:05:00 AM,41.915717526,-87.701891348,POINT (-87.701891347955 41.915717525962),C,1,2024,09:10:00
1b90024f238615fdb3e7ae194dc5bb6d7eeaa2f403420edc0a3a11a6be64155392a77a26a6f2438764d19b48321ed222d7dc347f285592b4af4c001f09b28f99,2024-01-10 12:26:00,CLEAR,DAYLIGHT,DRY,NOT ON SCENE (DESK REPORT),01/12/2024 05:30:00 PM,41.917103631,-87.687248767,POINT (-87.687248767006 41.917103631009),C,1,2024,12:26:00
82530b0b05ad10dbaeb672ffff0d5cf2ed5f240d2c34c4cd3e798075dfd6f21a3d5d40abb2db4cd7ff05e0f7f4e0c210d4c1a47cc4acfb3c862da516f2ad9d5a,2024-02-29 15:30:00,CLEAR,DAYLIGHT,DRY,NOT ON SCENE (DESK REPORT),03/05/2024 02:09:00 PM,41.960532522,-87.708078043,POINT (-87.70807804304 41.960532522041),C,2,2024,15:30:00
90cd10b8fb05839978fc0b32d28b58d3b16bbcfb63c5938fb90a5ca83006932b598a50a18806fd715222aaa2ba485d5136d2d5d08f56fadec29f986f671803d9,2024-03-05 13:50:00,CLEAR,DAYLIGHT,DRY,NOT ON SCENE (DESK REPORT),03/05/2024 03:00:00 PM,41.891293713,-87.647680593,POINT (-87.647680593026 41.891293712961),C,3,2024,13:50:00
e0acf30afeac10f3030c8679596b7812e64b8853672f6a0f45af7491b497e44706a8ff6aeabe88c9b5962fcbb77b1604a28c9fa320f864a4313e5c91b3409e7a,2024-01-17 09:03:00,CLEAR,DAYLIGHT,DRY,ON SCENE,01/17/2024 09:05:00 AM,41.830728826,-87.655813252,POINT (-87.655813252029 41.830728825995),C,1,2024,09:03:00
ff602ac7561a58feae7c094f1f5a8f6589db4ed522cdaf514fd2347c26f6eaa83c11fa8fb7e04bbd47afaaa7f91f1afc1735bfebd193320b34003c3e27b57b20,2024-01-17 10:55:00,CLEAR,DAYLIGHT,DRY,NOT ON SCENE (DESK REPORT),01/17/2024 11:10:00 AM,41.774459412,-87.576089008,POINT (-87.576089008045 41.774459411975),C,1,2024,10:55:00
488b9ce3a94e9577f9b89fc2e3523d5347210eaa2593b9bed2a263a2f27e1335b51b04f0c04b361acc91590e0ebe31b7d0a7f40055e177f89d7847f245806f0b,2024-02-05 10:23:00,CLOUDY/OVERCAST,DAYLIGHT,DRY,ON SCENE,02/05/2024 10:44:00 AM,42.008071306,-87.816281922,POINT (-87.816281921975 42.008071306014),C,2,2024,10:23:00
6cac3e4dd751e0a70a6d4af113d73a9fdcb7f1705eeaf968fb413af9e92730b41bf581c7690b5c4be886164c113926c104ee9dcafd00a3ed24f3af44f750e07a,2024-02-05 07:30:00,UNKNOWN,DAYLIGHT,UNKNOWN,NOT ON SCENE (DESK REPORT),02/05/2024 07:50:00 AM,41.691376862,-87.720174306,POINT (-87.720174306034 41.691376861978),C,2,2024,07:30:00
942fcbea85805cdaef644b0ae685bdeee9ef790c052e36ea0db877c67974c3d92eb68df5a5fd8f19b7a944dead5583751e8b50fdbebdee24b5853275c9fc8b55,2023-12-29 12:08:00,RAIN,DAYLIGHT,WET,ON SCENE,12/29/2023 12:08:00 PM,41.910510066,-87.638720004,POINT (-87.638720003959 41.910510065958),C,12,2023,12:08:00
c33d48fb0c30847e8770e749e97dc8bdbc4e5dab3b23dc181a8a3d3e8d6cde92f266d95f9b48a258b03bdf860504d1787fee1161fa696f42e99dd7a0ef6b4c85,2024-02-05 13:55:00,CLEAR,DAYLIGHT,DRY,NOT ON SCENE (DESK REPORT),02/05/2024 05:05:00 PM,41.879714362,-87.774496221,POINT (-87.774496220954 41.879714361958),C,2,2024,13:55:00
cf8f5d8e19cd3c4fe63b7fb9f484229a982b6227629313ea48122b118d80530794706fb6e2b40395a477f7435e1594eeb41a1eb043a6c959e7a677bde96e8def,2024-02-05 17:45:00,CLEAR,DUSK,DRY,NOT ON SCENE (DESK REPORT),02/05/2024 06:00:00 PM,41.861248347,-87.69560597,POINT (-87.695605970043 41.861248346977),C,2,2024,17:45:00
29c25cc0f66988bb8887bf8d5be35e3fc782d2046171667e0ee9f4d47d9da5da4f65a6694038c335bb9398f5c13e6343db191515c3be3122464892b9509c065b,2024-01-31 13:30:00,CLEAR,DAYLIGHT,DRY,ON SCENE,01/31/2024 01:33:00 PM,41.758245505,-87.626521907,POINT (-87.626521907009 41.758245504966),C,1,2024,13:30:00
5ec5f3e979486968f9d2bae062e805413165c8e9133d7b2444bee5602e15d92f110e87c34196237ddf15e7061522fb618eb69bd7c8efd9276e09bac1c980e684,2024-01-31 12:15:00,CLEAR,DAYLIGHT,DRY,ON SCENE,01/31/2024 12:22:00 PM,41.735634268,-87.682733396,POINT (-87.682733396015 41.735634268007),C,1,2024,12:15:00
444b6fd329cfa9ad771a67dd64e483c83697c7d03360d5b482b2403c182c9cbe45a0ff6262434adaeab9cbaaf1ba1c88e67b16acf197d2f3e58086deb04b0261,2024-01-18 16:30:00,CLEAR,DAYLIGHT,DRY,NOT ON SCENE (DESK REPORT),01/19/2024 08:36:00 AM,41.864124324,-87.666463607,POINT (-87.66646360701 41.864124323954),C,1,2024,16:30:00
80f3e506a2bed1a30cff06ea4e8f4121477e06a06a8e93234ca8e9b22439d44100c83d35190044ed464f0169759302ab830ef10b0b5046c568dd4ffb7b89b80d,2024-01-18 18:02:00,CLEAR,"DARKNESS, LIGHTED ROAD",DRY,ON SCENE,01/18/2024 06:03:00 PM,41.985570537,-87.661556338,POINT (-87.661556338001 41.985570537006),C,1,2024,18:02:00
8fe3eedf91b3b70830c2efb4efeb8d4d7ef15829fa2945b94d4539e2bf5c315dd31e863c80347001612b83ec6d784619b2b25bcc120c3f92e2f0b40482ae7ed0,2024-01-18 15:47:00,CLEAR,DAYLIGHT,UNKNOWN,NOT ON SCENE (DESK REPORT),01/18/2024 04:30:00 PM,41.906097068,-87.72657128,POINT (-87.726571279988 41.906097068043),C,1,2024,15:47:00
36c62dce22979b458d435a7df402c0952c40ea88870c016af5ad19ebfa44ad258fef4ab3575c6b1dc2a43610787f4e32517724bc998ff59ad617e3609728092d,2024-01-13 19:12:00,SNOW,"DARKNESS, LIGHTED ROAD",SNOW OR SLUSH,ON SCENE,01/13/2024 07:17:00 PM,41.713550359,-87.681786484,POINT (-87.681786484031 41.713550359002),C,1,2024,19:12:00
0e7623a52d566d06e58df43b1ebfc7362ff41cb1d727c4efeee14b09834e9dc8ec18bfcbac653025c393c13a76d50128cd20ea139e3106d77f70ebd3a8a09060,2024-01-06 22:20:00,CLEAR,"DARKNESS, LIGHTED ROAD",DRY,NOT ON SCENE (DESK REPORT),01/13/2024 04:15:00 PM,41.932407078,-87.677153225,POINT (-87.677153224975 41.932407077992),C,1,2024,22:20:00
ef70b6de1dae933b2f54990e21c516817054c8e7a83a098647e4d24fbf868e005a794999f89afb18483b5e6b7dd24f70f22c92caaab237ca7bdf6e02f1b046ab,2024-01-12 22:05:00,SNOW,"DARKNESS, LIGHTED ROAD",SNOW OR SLUSH,ON SCENE,01/12/2024 10:05:00 PM,41.735617968,-87.682663369,POINT (-87.682663369002 41.735617967973),C,1,2024,22:05:00
df3e072785fd3285283a2bd2f1619d059e0d4719631cec8ae5dc35d59f01f7781bac2b456b60e3b92cf5dc0cfcbdaabf5c1035281d2db1d0433f1b9c2b0accfa,2024-01-18 18:55:00,CLEAR,"DARKNESS, LIGHTED ROAD",DRY,NOT ON SCENE (DESK REPORT),01/18/2024 07:31:00 PM,41.891011447,-87.666996498,POINT (-87.666996498025 41.891011446962),C,1,2024,18:55:00
9400c5cad5dcf3516d2f651ac0cb707179850dd5b4978b305037d11f4fa177c37e6088a2a28e9b08f09e617a3f290169224b60a9b65301e1e01298d0f0252bc5,2024-02-21 19:30:00,CLEAR,"DARKNESS, LIGHTED ROAD",UNKNOWN,ON SCENE,02/21/2024 08:00:00 PM,41.899224596,-87.696642375,POINT (-87.696642374961 41.899224596015),C,2,2024,19:30:00
c3e3b8d5c5509e98116b682d467aef7362739dfd2cf9d0e2afc7d143606279a4f809a8cef9dffddf2b48ed5475390ff353ccf7016d85095623f897e2a1241d8a,2024-01-22 19:00:00,CLEAR,"DARKNESS, LIGHTED ROAD",SNOW OR SLUSH,NOT ON SCENE (DESK REPORT),01/25/2024 11:40:00 AM,41.902815701,-87.717648644,POINT (-87.717648643968 41.902815700998),C,1,2024,19:00:00
2a4115fb8774771637b2c51be96b26e5fb1fca2dbd91a17e06d8a7f52d6f603a1bd56f641124ccdb90fd2fddc5c954ad756dc2056cf7820995e8c566c07d402d,2024-01-19 18:21:00,CLEAR,"DARKNESS, LIGHTED ROAD",WET,NOT ON SCENE (DESK REPORT),01/19/2024 07:28:00 PM,41.903983207,-87.721244898,POINT (-87.721244897993 41.903983206955),C,1,2024,18:21:00
86c7448099472c5e6c6dc6be46ba762cbf7f566e566f3a1320d7e797825c50e98ab3487c5612c06609a0340c29626d986780d8310c80aa98187f53093d51049b,2024-02-19 16:45:00,CLEAR,"DARKNESS, LIGHTED ROAD",DRY,NOT ON SCENE (DESK REPORT),02/20/2024 12:05:00 PM,41.905780559,-87.68724789,POINT (-87.687247889971 41.905780558989),C,2,2024,16:45:00
b9d6569260467405f82e4fd5717eeaf11ca5f7220b1235dbff5d4853f8e5648694f10c147beb4020610749f5f6c64ec06939e5d40bba635b39c16894910c22ac,2024-02-19 17:45:00,UNKNOWN,UNKNOWN,UNKNOWN,NOT ON SCENE (DESK REPORT),02/20/2024 02:40:00 PM,41.744151639,-87.585945067,POINT (-87.585945066953 41.744151639042),C,2,2024,17:45:00
d44897c30b21bf104d07c1d279bf777d727a455f436276d7be3bdb46cca3a89f236f10c01d4b87c06d6b2330f91929388c9c0800b002be67a945da05b81bffcb,2024-02-21 09:46:00,CLEAR,DAYLIGHT,DRY,NOT ON SCENE (DESK REPORT),02/21/2024 09:46:00 AM,41.967797374,-87.757318908,POINT (-87.757318908014 41.967797374042),C,2,2024,09:46:00
adbb813dbca564783d7587a693f0cd8c561d323d3e5dd66db7344a1a97aaaf7a9c0933128fa3d7367f3c83595e5e1fbcaa2bebedabd6fba44a38ed3275a23731,2024-02-07 09:35:00,CLEAR,DAYLIGHT,DRY,ON SCENE,02/07/2024 09:42:00 AM,41.713375297,-87.650388708,POINT (-87.650388707966 41.713375296958),C,2,2024,09:35:00
afad53d565302c995075b89ff7f953c05734622a8cb6f518e98a06c80a6e1a16cca1ee19a66526e68e69bad4b9b8cf478274f26c5c529a1d2b6b777e4d9fe8fc,2024-02-07 09:00:00,CLOUDY/OVERCAST,DAYLIGHT,DRY,ON SCENE,02/07/2024 11:15:00 AM,41.842208339,-87.652850801,POINT (-87.652850800955 41.842208338973),C,2,2024,09:00:00
b82f18a17273689c06d21d251af4fb7ce5dfad8659f2e7933536c192ef06d4aa4494b20520669d0bf8f36349445bd08958b25bcd4bed658d8d21e236b3cb440f,2024-02-07 13:25:00,CLEAR,DAYLIGHT,DRY,ON SCENE,02/07/2024 01:29:00 PM,41.932407078,-87.677153225,POINT (-87.677153224975 41.932407077992),C,2,2024,13:25:00
4c9ee810930cf2ad46539c1e812ab8518872c5512b8dc08abf9f72f8381bf51925b9c076e9836385b0f4d63e0132331acf0df666641f3d2885c2147aa9577a49,2024-02-03 21:43:00,CLEAR,"DARKNESS, LIGHTED ROAD",DRY,NOT ON SCENE (DESK REPORT),02/03/2024 10:49:00 PM,41.920000585,-87.771951512,POINT (-87.771951512022 41.920000584957),C,2,2024,21:43:00
4284784d7ea6d55e88b8a823fac5615d4710f3873de1199c63813fa64cc76f301b6da605bb7475b0f81111d81ed8c156f4e403ad6fa4c38523d56cf98b5327ff,2024-02-03 15:35:00,CLEAR,DUSK,DRY,NOT ON SCENE (DESK REPORT),02/03/2024 04:50:00 PM,41.808320647,-87.682240771,POINT (-87.68224077098 41.808320646996),C,2,2024,15:35:00
078d1c05f66f49329bb7796e73a6c71f9a96269cf7657b591387e7d337fc5c826c47bf5278bf78c0b974ac4cb2a96869bde0243365d323128bc4be45266c3a3a,2024-02-03 02:04:00,CLEAR,"DARKNESS, LIGHTED ROAD",DRY,ON SCENE,02/03/2024 02:05:00 AM,41.87879283,-87.735560757,POINT (-87.735560757035 41.878792829979),C,2,2024,02:04:00
647c169a1de6db4746497084c7f4eeb2057f83dc56ae2e85a03a061c8a70f56ac747afb6f9bdcf4420fe28ffdb8d449dc1618e9a02d6494c3f56c9f7cefcf139,2024-02-03 17:02:00,CLEAR,DUSK,DRY,NOT ON SCENE (DESK REPORT),02/03/2024 06:00:00 PM,41.684000795,-87.710347761,POINT (-87.710347761044 41.684000794983),C,2,2024,17:02:00
5b10972ea2bf7f1803672a70668894161d79479e9d1cc4820be2268d0454a8446312af748fdaba5816f67a9ecccb20696589b3d4b42514fb4c326ccca32d9c43,2024-01-20 09:28:00,CLEAR,DAYLIGHT,WET,NOT ON SCENE (DESK REPORT),01/20/2024 10:10:00 AM,41.904810592,-87.631622403,POINT (-87.631622402996 41.904810591959),C,1,2024,09:28:00
74c5c5fef2315387f6642e9ec1369f8b3046192adc29b3f229f05c59aba01f8dccaea770b5ab2990e774ebd2b923f74e54328035f5b0116ec6dd1680b91d41cd,2024-02-08 18:00:00,UNKNOWN,UNKNOWN,UNKNOWN,NOT ON SCENE (DESK REPORT),02/09/2024 02:30:00 AM,41.78073726,-87.57647025,POINT (-87.576470250028 41.780737259974),C,2,2024,18:00:00
c68580787e9a9a8119bf1f956e4ec5beb7e27a01e4c53c33fd087af92bb542fc6aa7b8cb82ddb7a07cdc21e0747ef53d4523c064e07f9d99ca6efe558eae6e24,2024-01-20 15:06:00,UNKNOWN,UNKNOWN,UNKNOWN,NOT ON SCENE (DESK REPORT),01/30/2024 03:05:00 PM,41.882211292,-87.710898608,POINT (-87.710898608036 41.882211292041),C,1,2024,15:06:00