CRASH_RECORD_ID,CRASH_DATE,WEATHER_CONDITION,LIGHTING_CONDITION,ROADWAY_SURFACE_COND,REPORT_TYPE,DATE_POLICE_NOTIFIED,LATITUDE,LONGITUDE,LOCATION,CRASH_TYPE,CRASH_MONTH,CRASH_YEAR,CRASH_TIME
eb479a20181df836ba4160a233dbc6ad8e238be0629edc47b692b59744b08002723ebf2229db5e72db2aa46810cbf924cdd98b4e62450328f029d4e7d3771b0a,2024-01-03 11:39:00,CLEAR,"DARKNESS, LIGHTED ROAD",DRY,ON SCENE,01/03/2024 10:22:00 PM,41.928615792,-87.687920247,POINT (-87.687920247039 41.928615792006),C,1,2024,11:39:00
5deb4e14b2f88f02b7a88f77e429fd1af7605266496818f1538270a8bcbfec5ed81bab7c8ab3ef158560fd1faae857dd7f8866c3ec74ee9739c83f344db6ebb7,2024-01-15 16:54:00,CLEAR,"DARKNESS, LIGHTED ROAD",WET,ON SCENE,01/15/2024 05:18:00 PM,42.000575994,-87.806910668,POINT (-87.80691066801 42.000575993977),C,1,2024,16:54:00
2ac53ee554a0a6331598abbeec0e979dc33e3dec60088c332f726d4a9edc233f93926e2dbf7ed127558e09421f409039245b888b0af667df5638a7fa79d55f08,2024-01-14 20:00:00,UNKNOWN,DARKNESS,UNKNOWN,NOT ON SCENE (DESK REPORT),01/15/2024 02:00:00 PM,41.93500366,-87.768864724,POINT (-87.768864724035 41.935003659953),C,1,2024,20:00:00
a6cfc7ae707ee87fd029a32166b63e00da8b0ea6733a61bb98fb1325df6eb2731c6f07ea3336b733d5520823b53ae977f654aab534e583d2db216da1b9d51274,2024-02-03 08:45:00,CLEAR,DAYLIGHT,DRY,NOT ON SCENE (DESK REPORT),02/03/2024 10:45:00 AM,41.858908833,-87.729904272,POINT (-87.729904271964 41.85890883299),C,2,2024,08:45:00
72b61923d8ef38cc33d9896275c63edd385f19ac9b0ec01c9fcd808fc300bb22cc4ca2a9bdd0339c7616699388a367a34827913bf19231cc98801697ebb015a7,2024-02-09 15:44:00,CLEAR,DAYLIGHT,DRY,ON SCENE,02/09/2024 03:44:00 PM,41.953203301,-87.756048735,POINT (-87.756048735038 41.953203300975),C,2,2024,15:44:00
f851f61743a32ea5af77f145ad4b48243bed201ab97c04b6924a471257a049430046d16bf8c6aa910dc7852c67f0a00f4702bc017b74e469d87058f24203d260,2024-01-21 15:45:00,UNKNOWN,DAYLIGHT,UNKNOWN,NOT ON SCENE (DESK REPORT),01/21/2024 04:30:00 PM,41.785387445,-87.606183761,POINT (-87.606183761008 41.785387444959),C,1,2024,15:45:00
33415f3ac0ce0579da6cb25c6afddaf17373a17648455354240395b0c836b11aa46d873e3b664dd822a87faefb5e812c341d315d0ceb441689cefa9d88c0b9d6,2024-01-16 14:50:00,CLEAR,DAYLIGHT,DRY,NOT ON SCENE (DESK REPORT),01/16/2024 03:40:00 PM,41.968343874,-87.740309686,POINT (-87.740309686003 41.968343873979),C,1,2024,14:50:00
de0a239b5f3e1bfe02290f9d4d152e178f7a9ca27422a86455973a1de814c84bf58e7cf8870c92ee6f7cfc7d4c6f3c437792388ef25097c6bc14961942ee6284,2024-01-09 12:00:00,RAIN,DAYLIGHT,WET,NOT ON SCENE (DESK REPORT),01/16/2024 07:45:00 AM,41.995579197,-87.675876884,POINT (-87.675876883986 41.995579196996),C,1,2024,12:00:00
bfc4ede6720e43f1a99205609b621bf82b630fba0295238f7ea6d57c5699682e2546ba1a185fa1b6ccf62d27a2641af192e48c59821c7376e132fcfcd79c689d,2024-01-14 12:00:00,CLEAR,DAYLIGHT,SNOW OR SLUSH,NOT ON SCENE (DESK REPORT),01/16/2024 04:15:00 PM,41.886070174,-87.620536589,POINT (-87.620536589034 41.88607017398),C,1,2024,12:00:00
863178815fbe4cb17d45d5ba1f1fd5107d467e93c6ea9897a33634cfee36a63705f6b4b2817377065769272990606fdee63b5b2332774ef82c2320e5f7dc713d,2024-02-24 07:44:00,CLEAR,DAYLIGHT,ICE,ON SCENE,02/24/2024 07:46:00 AM,41.950270563,-87.688296664,POINT (-87.688296664031 41.950270563011),C,2,2024,07:44:00
6e8c95969cce6966b1e3c5b8254685482dea5414ffb1793d9f29be10ae8b9f243ed70315eee10508e56ef5cfe9c28fcadf7e58a95c16ecfe36add93148abd988,2024-01-02 03:30:00,UNKNOWN,UNKNOWN,UNKNOWN,NOT ON SCENE (DESK REPORT),01/02/2024 08:40:00 AM,41.838746012,-87.662801287,POINT (-87.662801287015 41.838746011985),C,1,2024,03:30:00
6c6b4304fa79b9d661013e55ec0b14541247a4afb188b62cfd4db5a2eb9bc86851e927ca24c4ea53aca0e54daf426738daae495d6f7e66dd8119fd218f42c6d7,2024-02-10 05:40:00,CLEAR,"DARKNESS, LIGHTED ROAD",DRY,NOT ON SCENE (DESK REPORT),02/10/2024 08:30:00 AM,41.660125762,-87.58501516,POINT (-87.585015160022 41.660125762023),C,2,2024,05:40:00
d0702c70e6d70d253d22a616273d34b26a9ea87e5cd5feaf53355a9cb0d7f63ee57ca00f9cefa36674a6b3ca48d9286ea6c9d7818e46357b57e8f21fa9bcb389,2024-02-10 10:00:00,UNKNOWN,UNKNOWN,UNKNOWN,NOT ON SCENE (DESK REPORT),02/12/2024 05:15:00 PM,41.799247435,-87.62110713,POINT (-87.621107130017 41.799247434998),C,2,2024,10:00:00
d4543141fdf3aee1fbcb94202fd99415d376c8762be5d496d69dfe7ad5d6bfcd54347d5760d37e596f4ddd3fb517db3db3d722744ba0a31f2483f3106e5f55d3,2024-02-10 13:30:00,CLEAR,DAYLIGHT,DRY,NOT ON SCENE (DESK REPORT),02/10/2024 01:45:00 PM,41.876794021,-87.740477845,POINT (-87.740477844961 41.876794020993),C,2,2024,13:30:00
c62e7cff16a712ca6437ed01909d5d0bdebb89f7805e72196a4467f91de3cc9bbc524ec4906dcd292836b1c332d525eb519f72b7abca40a1271497befb668173,2024-02-24 09:00:00,CLEAR,DAYLIGHT,WET,ON SCENE,02/24/2024 04:26:00 PM,41.852850122,-87.685381268,POINT (-87.685381268039 41.85285012196),C,2,2024,09:00:00
0a05262afab5dacb5629c79c04d60a5d1475c25ac0688a7c2002fdfd47e6bfd23e01a0047a51c14cdbb9befd7fe6de9ffe3d3d5bfe82e566b36077c7a150d3f5,2024-02-11 19:35:00,CLEAR,"DARKNESS, LIGHTED ROAD",DRY,NOT ON SCENE (DESK REPORT),02/12/2024 11:50:00 AM,41.876926589,-87.745039137,POINT (-87.745039137038 41.876926588953),C,2,2024,19:35:00
1b0b4fd4d209ab329ab42f06817cf47218d485bbab095069694a62846f8298fb804cb2c6073c92f7da563fcfbb21b5c7b8a5d60bae94169819a8fcecba0e2334,2024-01-17 20:18:00,SNOW,DARKNESS,DRY,ON SCENE,01/17/2024 08:18:00 PM,41.737353874,-87.545478314,POINT (-87.545478314008 41.737353874031),C,1,2024,20:18:00
a0211466f65f44a4473d21246aabc7c039f096271f2fe171b9aea603a5a459bd45268b69124f24037203095e814d610ec6e43d1032af525dcab407d04bb7daba,2024-02-04 16:30:00,CLEAR,DAYLIGHT,DRY,NOT ON SCENE (DESK REPORT),02/06/2024 12:30:00 PM,41.939408863,-87.641052427,POINT (-87.641052426983 41.939408863),C,2,2024,16:30:00
72981dbebcea94fd8e32b1eb1c370a57f951f7d8975927787803e407121de5a2ac3f1091d7c2fcb802436b7ce63b914d6dc88e4f3495fa88282155a84a523eac,2024-01-03 15:20:00,CLEAR,DAYLIGHT,DRY,ON SCENE,01/03/2024 03:26:00 PM,41.916300058,-87.805916091,POINT (-87.805916091044 41.916300057973),C,1,2024,15:20:00
44fc5d1a1dd828986ed4642dbc9ff90667c391166cb568fc735e99d4118cf20f8013fa9822258314c68aea74b825195d6ae23910c066d4f1ce29681568b23756,2024-02-24 19:10:00,UNKNOWN,UNKNOWN,UNKNOWN,NOT ON SCENE (DESK REPORT),02/25/2024 01:00:00 PM,41.822958463,-87.691425915,POINT (-87.691425915045 41.822958462973),C,2,2024,19:10:00
637515b3457e792fc984ef57ac63aa3703afdfa15567a1c552f65565534a581616b2ab97027e68437355e7c38e60795583ac7b26002382605965a7f4661daf4f,2024-02-24 11:11:00,CLEAR,DAYLIGHT,DRY,ON SCENE,02/24/2024 11:12:00 AM,41.940104107,-87.826276153,POINT (-87.826276153006 41.940104107016),C,2,2024,11:11:00
f6a231ac0e0cdc7ff958350fd18a78b131e79baf30feccbddf598cdc9ebdcca9ffd20e366100915ff600caeae16b1b80cfdba295315479309130f62ddc5a7fe4,2024-02-04 12:40:00,CLEAR,DAYLIGHT,DRY,ON SCENE,02/05/2024 12:42:00 PM,41.710859781,-87.628468438,POINT (-87.628468437997 41.710859780955),C,2,2024,12:40:00
6b3d029e5f021e6cac5b919f71e28725075efe344c8867329320218b137a51c212ae8f5289f443dfbc4fc71a767b570c676e6c2863e2be88e1c78306fb5ab988,2024-01-16 16:53:00,CLEAR,DAYLIGHT,DRY,NOT ON SCENE (DESK REPORT),01/18/2024 05:20:00 PM,41.735630024,-87.604626659,POINT (-87.604626659035 41.735630023978),C,1,2024,16:53:00
436b361293ca553b9642104914ea6ddc3b05abbe95e933aab702440a01a9d69877a9c5b13702a00e6878874f1ecdfd056e9e724e1d7a4cc6cdc1defa9cf49d3e,2024-01-10 13:30:00,CLEAR,DAYLIGHT,DRY,NOT ON SCENE (DESK REPORT),01/18/2024 03:00:00 PM,41.722258535,-87.575497264,POINT (-87.575497263984 41.722258534963),C,1,2024,13:30:00
151e41b98a21006d14442c2d71f15d855f514b3e8a894328327f22c2079d82fe056ed99f8ceda2c05002630c0394d190d193b2eaab4d57eb13ccef3134d6b74c,2024-02-24 04:00:00,SNOW,"DARKNESS, LIGHTED ROAD",SNOW OR SLUSH,NOT ON SCENE (DESK REPORT),02/26/2024 10:20:00 AM,41.742898771,-87.669467161,POINT (-87.669467161008 41.742898770977),C,2,2024,04:00:00
1e724647a60578b280acda28add6cdb2ecbba2ebff01c753d276b9604ad473cfe95432f97b634998ebc4456ec4e39714da9491f0aa351517d9e67516e07b8903,2024-02-25 19:30:00,CLEAR,DARKNESS,DRY,NOT ON SCENE (DESK REPORT),02/26/2024 07:10:00 AM,41.695564444,-87.531601238,POINT (-87.531601238048 41.695564444033),C,2,2024,19:30:00
1a1802b121610ac1daeec8b520e14999fc02cec6f29be7297287fb20b9a1de27d252de444a52a5327c4dc1b7449d4edd9f44c14e8a25030c51920f887f7d3cfa,2024-02-26 15:34:00,CLEAR,DAYLIGHT,UNKNOWN,NOT ON SCENE (DESK REPORT),02/26/2024 04:00:00 PM,41.954105717,-87.693290369,POINT (-87.693290369008 41.954105716988),C,2,2024,15:34:00
4b19ad05ef88a548a449f643e199a39a2e8971553ac748717e8113d0e929ff90df678b0ac4c4df6b3e6a30f17fe7c59eae243eb2f33e33c5ed1e18bf131fd131,2024-01-04 17:40:00,CLEAR,"DARKNESS, LIGHTED ROAD",DRY,ON SCENE,01/04/2024 06:10:00 PM,41.79573461,-87.762555326,POINT (-87.762555325992 41.795734610035),C,1,2024,17:40:00
8a58777e285db13546573342bf6790b3918dacae056aa6724153572e663eac3ca1e6a83515c564f45f51118578aaea0175a8a869a3c95dbf027e2370755a9f70,2024-01-24 12:00:00,RAIN,DAYLIGHT,WET,ON SCENE,01/24/2024 12:09:00 PM,41.775134742,-87.687050658,POINT (-87.687050658048 41.775134742049),C,1,2024,12:00:00
8ce906dc7f276aec72dee87bcc8cb9a6fd60bb0fdf225757bd14ab25d0071a21eb4309a5e19057f8a28d6f4ff7083d3b6727cea0a5fe31adcdeb4d1beb18a62a,2024-01-24 16:45:00,UNKNOWN,DAYLIGHT,UNKNOWN,NOT ON SCENE (DESK REPORT),01/24/2024 07:50:00 PM,41.772591788,-87.630441967,POINT (-87.630441966951 41.772591787974),C,1,2024,16:45:00
25852e8190ce34399a3ae758307dac2791348e5d888c7b3c2c96a9e96938275014c5a5da131fa8dbc8acf39bef0992023de1e720767f8160db8a240c6c78c377,2024-02-09 16:30:00,CLEAR,DAYLIGHT,DRY,ON SCENE,02/09/2024 05:09:00 PM,41.945236981,-87.802766965,POINT (-87.802766964959 41.945236981046),C,2,2024,16:30:00
bc3ff73262288616bc24b0f0476fe72a68f59c14d6a4cffa23a5b38ef43007849620f139f5748213f61908bda3b36342627b5a529beaafe33846013f490d23ee,2024-01-04 07:37:00,CLEAR,DAYLIGHT,DRY,ON SCENE,01/04/2024 07:39:00 AM,41.793448125,-87.674525073,POINT (-87.674525073017 41.793448124991),C,1,2024,07:37:00
44f4d9abe98e6cba1a5d5f664de47532e5dbe9398e08e5ceff029a98814d47e00682b1aa7bc8b175dff67f08d9a63978b7db11a1fbdcd7f74d71cfcd162e8e5e,2024-02-13 09:38:00,CLEAR,DAYLIGHT,DRY,ON SCENE,02/13/2024 09:38:00 AM,41.844276406,-87.7147225,POINT (-87.714722500033 41.844276406013),C,2,2024,09:38:00
1906682c1726fc988c1abcbdd14340f99219c20783168a4efc26c51f30f5de0ddd8d4cd3634696bef5599e1da13fc8c2e5da45c79f840c97456e1237368d0ef2,2024-02-27 08:40:00,CLEAR,DAYLIGHT,WET,ON SCENE,02/27/2024 08:59:00 AM,41.902212301,-87.74884541,POINT (-87.748845410034 41.90221230099),C,2,2024,08:40:00
bc011ee7ff6470b040f368afd04fb3f31fa2350eea776206616eda8fef982de9a15e7641439d4c9506260d2b4457f7c3a7980784eb09e80102c90dddf38a7941,2024-02-27 16:30:00,CLEAR,DAYLIGHT,DRY,ON SCENE,02/27/2024 04:53:00 PM,41.941445045,-87.666937794,POINT (-87.666937793989 41.941445045025),C,2,2024,16:30:00
7449a6e93529a7359dea1c0544468962864a37c6fec2c7dcd445943ebe19a1c6cf0d8bba2a6b1419194185d5206d7095877adf8247245f16111afc74339089c9,2024-02-13 08:50:00,CLEAR,DAYLIGHT,DRY,ON SCENE,02/13/2024 09:03:00 AM,41.915335045,-87.720244211,POINT (-87.720244211011 41.91533504502),C,2,2024,08:50:00
11b04e93fa929b67b5e73171b65112b402c4199b5f236d24436e19921e473a93172d9147cf8141a78aaaea8049b39a6c36f4ce7c58c924c2dd516d5ef2011764,2024-01-25 21:30:00,RAIN,"DARKNESS, LIGHTED ROAD",WET,NOT ON SCENE (DESK REPORT),02/01/2024 11:00:00 AM,41.875431892,-87.658143676,POINT (-87.658143676003 41.875431892003),C,1,2024,21:30:00
30686cee0cf9c258e43e53629f82b9063ac5f983f7385cded3032d3470b38f0e18d6fd8183fcc3f11bd093e93631093f384c927da1d1c46b74874c9e555db53a,2024-01-16 15:30:00,CLEAR,DAYLIGHT,DRY,ON SCENE,01/16/2024 04:00:00 PM,41.808320647,-87.682240771,POINT (-87.68224077098 41.808320646996),C,1,2024,15:30:00
3f4f9a52775b131cc161d67a4d5e2f1e0496f07ccebdd0083cfe00b7318890b40e2eb4ed8116e1f715c794816f039b993614a642143864c5bf7e79afff3e97dc,2024-01-17 22:36:00,SNOW,"DARKNESS, LIGHTED ROAD",ICE,ON SCENE,01/17/2024 10:54:00 PM,41.779351179,-87.684804466,POINT (-87.684804465996 41.779351179003),C,1,2024,22:36:00
8f22bba02ed84a68f9cd4679ccc22f3561b4633f721966956e6c715bcbb9dc77796dfd641d9dd15a4db0a95368af04a2045a40f8de1751b16b08462cffc568d4,2024-01-25 16:39:00,RAIN,"DARKNESS, LIGHTED ROAD",WET,NOT ON SCENE (DESK REPORT),01/25/2024 05:05:00 PM,41.955688916,-87.645669582,POINT (-87.645669582022 41.95568891602),C,1,2024,16:39:00
505bbfd73a65fc17c820e4a6c7a5f76b4b3717ae2253b552ef20b82c60bd3ba06d57e122436aaba58ddcff86bdace00dab9c44991e77369e564285ba24088197,2024-02-09 18:10:00,CLEAR,DAYLIGHT,DRY,ON SCENE,02/09/2024 06:12:00 PM,41.881817472,-87.651627211,POINT (-87.651627210982 41.881817472013),C,2,2024,18:10:00
53beddfa086b3f8a4fa2f44aa6e29c396053f632198c606ddd015b42d30c279341c4b384c9f84e65d832150f7f956b576ec80f5b46fd69c735cbd48db4116fd0,2024-01-05 19:32:00,SNOW,"DARKNESS, LIGHTED ROAD",SNOW OR SLUSH,ON SCENE,01/05/2024 07:36:00 PM,41.677344191,-87.680554139,POINT (-87.680554138993 41.677344190967),C,1,2024,19:32:00
e1873aee03722023d88729db9f5a6ae3feb726fa0e80db00578d0e4f5a4a789c2815dc4c20ec72d5a7300636629e6b96137cf3c6765a6074abc6581eb27cd95d,2024-01-25 17:40:00,RAIN,"DARKNESS, LIGHTED ROAD",WET,ON SCENE,01/25/2024 06:22:00 PM,41.909596143,-87.739700644,POINT (-87.739700644014 41.909596142962),C,1,2024,17:40:00
7b88e0fab35eea929ce04cddf0cd994305d6a79d6c2e9585216fe5588fda21951baf51ac997bd7e97342f9af8e859a1bd1015a56455e7b69ec0e956e75eae172,2024-02-14 21:29:00,CLEAR,"DARKNESS, LIGHTED ROAD",DRY,ON SCENE,02/14/2024 09:29:00 PM,41.746062636,-87.702143236,POINT (-87.702143235997 41.746062636044),C,2,2024,21:29:00
addb3c69c53e5b9b9167f6f94cd1aa0300227b601363b771fdee49f7b32f14bc3f09f30e6a2541f84c08fe9c793140d3befe46e77ed1f428261e03e7fb1af3f1,2024-02-14 23:36:00,CLEAR,"DARKNESS, LIGHTED ROAD",DRY,ON SCENE,02/14/2024 11:36:00 PM,41.844607515,-87.694804642,POINT (-87.694804642033 41.844607514956),C,2,2024,23:36:00
ccadd1622acf3aa87b89c55088d7199ca8f5b89e7e26b15de47ffb6575645bf6d224176571cec64ddcbf042055877417b70b17d2d5cf223e39fca5aa69b0a4e0,2024-02-14 12:50:00,CLEAR,DAYLIGHT,DRY,ON SCENE,02/14/2024 01:05:00 PM,41.911155206,-87.643581885,POINT (-87.643581885026 41.911155205962),C,2,2024,12:50:00
ed80b2a8eb5e1c38915689fa4190d588d9bd70e2bfaa194bfe8078c2c7acc88dfd5a464d231e431e3eaf48dc2a0a80a5d5d2a799e46bdcc52a8a6dfd03de39b1,2024-02-14 18:06:00,CLEAR,"DARKNESS, LIGHTED ROAD",DRY,ON SCENE,02/14/2024 06:06:00 PM,41.837732675,-87.66589445,POINT (-87.665894449999 41.837732674972),C,2,2024,18:06:00
8adf2611a6d062a09e5b785dc8b006ca20901f69a704f0ab235e6d53709f97ca5e2a2f4328202f09f3e91eacfb61eeb1872f341b5ca0ee28737f11a157477589,2024-01-26 15:20:00,RAIN,DAYLIGHT,WET,NOT ON SCENE (DESK REPORT),01/26/2024 04:45:00 PM,41.744151639,-87.585945067,POINT (-87.585945066953 41.744151639042),C,1,2024,15:20:00
15a7336951e384607bb460e4e11667c07e1ad46c590162cd30474dadbb690b2bff79729224f72ba9af22fe1341bd5e9f3d5082df885266a3705ad2937f6da237,2024-02-09 17:00:00,CLEAR,DAYLIGHT,DRY,NOT ON SCENE (DESK REPORT),02/10/2024 11:35:00 AM,41.735617968,-87.682663369,POINT (-87.682663369002 41.735617967973),C,2,2024,17:00:00
69f15bbf9c01b655de43743d58d0c68deaf64a515ead675f375c7dd6f29081b11ac684cca77b50db97cda6ca141fa2329ec4a08e5b9a68857f40ebbc013c3504,2024-01-20 07:22:00,CLEAR,DAYLIGHT,SNOW OR SLUSH,ON SCENE,01/20/2024 07:45:00 AM,41.808749374,-87.66230696,POINT (-87.662306960034 41.808749374011),C,1,2024,07:22:00
ebe1321397d07bfe894ebce4d303a2a7e2bcc6a39ab7db5285d3a5121eebbded9dabbe17281b45db550746230f5ad5064259549d343f72c442459630846aeb73,2024-02-29 07:50:00,CLEAR,DAYLIGHT,DRY,NOT ON SCENE (DESK REPORT),02/29/2024 08:15:00 AM,41.880556614,-87.637168587,POINT (-87.637168587045 41.880556614042),C,2,2024,07:50:00
fef451374ade3433718846cf2520be99197acf525c70858ce181a05f794a2642990a906fc0a53e84d068aac44e78c492bd3bd436a18250cd91f2df5147adef07,2024-01-06 13:15:00,SNOW,DAYLIGHT,WET,NOT ON SCENE (DESK REPORT),01/06/2024 01:15:00 PM,41.975856137,-87.708821723,POINT (-87.70882172304 41.975856137009),C,1,2024,13:15:00
b147729f8551dd1adebcafd3eae5bc1d9da12d8eea63f11802384dd3227f7ae2094f1b3004d156991821519ae51a26d9eb588fe6607998cd761bb065d03ff853,2024-01-27 12:30:00,RAIN,DAYLIGHT,WET,NOT ON SCENE (DESK REPORT),01/27/2024 06:00:00 PM,41.910202458,-87.708596992,POINT (-87.708596991994 41.910202457983),C,1,2024,12:30:00
4309ac000a3ff8f8b49738e285d9952e2a19842e0ee95eaad9e4191c3a4b8a93cbd1a37380df69b2b0fb48ce3e4af1bb4f5bc1dc57629100fe452e3539aba629,2024-01-21 14:15:00,CLEAR,DAYLIGHT,DRY,NOT ON SCENE (DESK REPORT),01/21/2024 02:15:00 PM,41.777765512,-87.664111929,POINT (-87.66411192896 41.777765512032),C,1,2024,14:15:00
078bba192d7a2ba99f8f0d208930b4d828689f4329e23dfb148413cec485b60a8c747d08963f021e23a4b1a593532df89bc4fe4048207d465c7c89681bd82a2a,2024-01-20 07:30:00,CLEAR,"DARKNESS, LIGHTED ROAD",SNOW OR SLUSH,NOT ON SCENE (DESK REPORT),01/21/2024 10:30:00 AM,41.762174118,-87.558927464,POINT (-87.558927463962 41.762174118016),C,1,2024,07:30:00
3efe087bf47bc92c2cc803f61772c276cf939969341fe4fadf6360b4c4f33ea1e24685b47dd8a7a37f2a6cbde84a077b8fe4085ae9ed302007b346c37363888e,2024-01-21 12:15:00,CLEAR,DAYLIGHT,DRY,ON SCENE,01/21/2024 12:19:00 PM,41.914624584,-87.752981314,POINT (-87.752981313983 41.914624583962),C,1,2024,12:15:00
a75cbc5d9c2c33b11431a71e2ecf7a44efaa4c94868f0afb45e8de439fa5ab4a7c99c540f6017c10bdb4c91aea2cc2cce5b4c3f7a6639ae1e90a96e11fbbe2ff,2024-01-18 19:26:00,SNOW,"DARKNESS, LIGHTED ROAD",SNOW OR SLUSH,ON SCENE,01/18/2024 07:29:00 PM,41.741803599,-87.740953582,POINT (-87.740953581987 41.741803598989),C,1,2024,19:26:00
e3b8d725193a9b01054b0046f19a8028aa45eb82497f5cdd999a86df25893fc2f45a79a2262fec8d8850cf474bbd157735787d0128aa7c0cd4c021429fa435c7,2024-02-16 11:24:00,CLOUDY/OVERCAST,DAYLIGHT,DRY,ON SCENE,02/16/2024 11:30:00 AM,41.784385694,-87.740065946,POINT (-87.740065945952 41.784385693962),C,2,2024,11:24:00
ba9a1a2b6bd235c68b904f971a6a8ce07dea10e0d3ecba2ea6142f2a201a1a696564df26702a80581fd6da6585701677e80c86ca7f49677297d2b52c2bc11efc,2024-01-07 16:45:00,CLEAR,DUSK,UNKNOWN,NOT ON SCENE (DESK REPORT),01/08/2024 07:10:00 PM,41.884516857,-87.647390682,POINT (-87.647390681951 41.884516857046),C,1,2024,16:45:00
e3f8b57f817edb564d3ffc8c4b39d2b729a7e8019ac77b7704176e602c54a12ca0c7211a1e35cdaa222ebc9acbe8c49c29592a4dfd322d74a4b32e07d6b9ec9f,2024-02-29 05:50:00,CLEAR,DAYLIGHT,DRY,ON SCENE,02/29/2024 05:54:00 AM,41.733158874,-87.609733403,POINT (-87.609733402954 41.733158874012),C,2,2024,05:50:00
35006744e3cbcc0e498ff761b482ee72f056bfe2420cb363541c2933d1fd718fabf7722af75ef46f66ad57b5a13a1426c25f19601f2e4dbddeefef81b24953c7,2024-03-01 15:58:00,CLEAR,DAYLIGHT,DRY,NOT ON SCENE (DESK REPORT),03/01/2024 05:09:00 PM,42.012358439,-87.687185624,POINT (-87.687185623952 42.012358439017),C,3,2024,15:58:00
4f3dda602987a24a828d122f490358f2ae4fcd24b702073c25561ff2786139dfe6736dc1472f366d8159f3cca2666da4693a0fb06647adf2d14d1fd605f26436,2024-01-21 21:40:00,CLEAR,"DARKNESS, LIGHTED ROAD",DRY,NOT ON SCENE (DESK REPORT),01/21/2024 10:00:00 PM,41.888399178,-87.623954282,POINT (-87.623954281953 41.888399177959),C,1,2024,21:40:00
2b90ed02769b39201b809e1017f3f8692ca745d02cd68afc49a530d71cbf03b272d650f20424f4ec126b8184ebe30ce5dddfd386dfb13c147e1db9374d1f4a65,2024-01-23 00:04:00,FREEZING RAIN/DRIZZLE,"DARKNESS, LIGHTED ROAD",ICE,ON SCENE,01/23/2024 12:05:00 AM,42.004758233,-87.699974776,POINT (-87.699974775951 42.004758233036),C,1,2024,00:04:00
176074568ff475c19fb7de4c0642a2773ed9001bc690c1432300f16cde64f385699485a393051e54ca5b1dbcd33bce24f50239828f98a05c3bea09573dca23f3,2024-01-22 08:47:00,RAIN,DAYLIGHT,SNOW OR SLUSH,NOT ON SCENE (DESK REPORT),01/22/2024 11:15:00 AM,41.891427408,-87.754307159,POINT (-87.754307158953 41.891427407956),C,1,2024,08:47:00
b1ada91ffa43d3830af296441eb7184c5de06b47cc654d600454b245ab7aee26fad3b64d54f3fcfc6ba53fe413d30e5e056cb2f1cfc7e692c10d45fe5feaaec7,2024-02-28 14:36:00,CLEAR,DAYLIGHT,DRY,NOT ON SCENE (DESK REPORT),03/01/2024 11:50:00 AM,41.947988017,-87.747288494,POINT (-87.747288493953 41.947988016986),C,2,2024,14:36:00
5016c1f24bb989bc7ebac05025fda838b1fc6300f6f6c30f52759970d9980f71bfabab47322ddbfb529f4c7f6c63a2e7d381c1dd719a023cd018583adc6f55c5,2024-03-01 15:53:00,CLEAR,DAYLIGHT,UNKNOWN,NOT ON SCENE (DESK REPORT),03/01/2024 05:15:00 PM,42.012358439,-87.687185624,POINT (-87.687185623952 42.012358439017),C,3,2024,15:53:00
82ef8d6946cd36902452d23ccf2160364b856363a620d7a753e0940bec315cf51c5efb13df9a113647301c3037a1f06fb1bd2fa2eb3a2ffc10e6a19a3a8deeab,2024-01-22 13:05:00,CLEAR,DAYLIGHT,WET,ON SCENE,01/22/2024 01:10:00 PM,41.893918609,-87.624085833,POINT (-87.624085832985 41.893918609004),C,1,2024,13:05:00
86ea8d3f188d3059fa32442678b3597dced343fc85c3b5ea0c2e76d3f0f65a210fc76a420e71d2c80a63030b115f7c33c5a944ca35088dd17c32d0a420fffefd,2024-01-08 20:55:00,UNKNOWN,"DARKNESS, LIGHTED ROAD",UNKNOWN,NOT ON SCENE (DESK REPORT),01/17/2024 09:05:00 PM,41.830728826,-87.655813252,POINT (-87.655813252029 41.830728825995),C,1,2024,20:55:00
e1dba9cef0d39cb8f1ecfe43245bde692b7928205fc8ac14f4c87117d0bb576eae347d83fcc847d5ae4f0a097d6a31d32823ce9500b8c8b0f01f2b7f5bea094a,2024-01-29 07:00:00,CLEAR,DAYLIGHT,DRY,NOT ON SCENE (DESK REPORT),01/29/2024 08:18:00 PM,41.787985499,-87.692568802,POINT (-87.692568801958 41.787985499025),C,1,2024,07:00:00
6e7f104f107ece8828d38f8937009200f20fd1e24cc096c70aaced91d55b9e8a6c53eba2bbc6cda37f6b21e42e638835ba6f753e58b8664b53aa1c958ff3c181,2024-01-22 08:30:00,RAIN,DAYLIGHT,WET,NOT ON SCENE (DESK REPORT),01/22/2024 09:50:00 AM,41.899321197,-87.699408793,POINT (-87.699408793018 41.899321196988),C,1,2024,08:30:00
588083f7df534d07303e53d60f6bda257e20d121468e70cb9aec24b246aa18d96007e065d7017b02d6afcf70cb1e2b42b9b8dd7a4272b847ea5bd2cf78144483,2024-01-23 17:25:00,CLEAR,"DARKNESS, LIGHTED ROAD",WET,NOT ON SCENE (DESK REPORT),01/23/2024 06:30:00 PM,41.932604222,-87.727148226,POINT (-87.727148226037 41.932604221966),C,1,2024,17:25:00
f308d9a3cf739ed00e9d21c0daeda689fbe54d7ceea8a4b19c9cd72fcbe8e22ea44443ff459149444d5a211e5be228796ffd8cd86d8eefb8a97a30744273cfd2,2024-01-23 15:41:00,RAIN,DAYLIGHT,WET,ON SCENE,01/23/2024 03:43:00 PM,41.902815701,-87.717648644,POINT (-87.717648643968 41.902815700998),C,1,2024,15:41:00