CRASH_RECORD_ID,CRASH_DATE,WEATHER_CONDITION,LIGHTING_CONDITION,ROADWAY_SURFACE_COND,REPORT_TYPE,DATE_POLICE_NOTIFIED,LATITUDE,LONGITUDE,LOCATION,CRASH_TYPE,CRASH_MONTH,CRASH_YEAR,CRASH_TIME
0599581820980192dcd69b498be244988906911452048c6d514df49c1ec014ab9db5c0a3ad9cc0b547d3e06213ef95872ed3d24d2591fd83f45159fa62c1d938,2024-02-13 12:14:00,CLEAR,DAYLIGHT,DRY,NOT ON SCENE (DESK REPORT),02/13/2024 02:45:00 PM,41.785387445,-87.606183761,POINT (-87.606183761008 41.785387444959),C,2,2024,12:14:00
05d672be38c631b8d930bdef4c31f605636f5ed61632def3b2880dbe8e76ae1c3a7c9eac4d3170843a871d524523adcc701a481f3be32d5ce235ebd16c73a685,2024-02-12 17:10:00,CLEAR,DAYLIGHT,DRY,NOT ON SCENE (DESK REPORT),02/12/2024 06:30:00 PM,41.975355803,-87.65189745,POINT (-87.651897449989 41.975355802966),C,2,2024,17:10:00
7186563823dfd771c6868278cca8da2fdc363c388b2860d65ba3859782aef9e31fb5123ec481dea9fabe721466dd2ce98932be0305a570026984fdc8152fbfb4,2024-01-09 10:30:00,RAIN,DAYLIGHT,WET,NOT ON SCENE (DESK REPORT),01/09/2024 11:32:00 AM,41.951354642,-87.652172879,POINT (-87.652172879001 41.951354642042),C,1,2024,10:30:00
b88a1f6ab00f21f3f21d4c7d837d204faa5872dabc7a2ead789723b27dd6be86efdf25094c1a679dfca87bc75c9706335e4072522467e89e1a43f89eb99cd310,2024-01-30 07:10:00,CLEAR,DAYLIGHT,WET,ON SCENE,01/30/2024 07:10:00 AM,41.995812085,-87.716426609,POINT (-87.716426608966 41.995812085002),C,1,2024,07:10:00
d4ca6a158be7b060706029bd11bd184fbb7e5e2138c9a179953603999b04574df03828dbc715766156e0828e81c5171539692f5d03a0cbf75464b6baf819bdee,2024-01-30 17:11:00,CLEAR,"DARKNESS, LIGHTED ROAD",DRY,ON SCENE,01/30/2024 05:11:00 PM,41.747426182,-87.576055228,POINT (-87.576055227985 41.74742618198),C,1,2024,17:11:00
949e0e87cbd7b8e451dca6bae438929900f4b2f6572002941039cac954ebbe6f9edbd2200dbb39ee0c60ee8d2ff78a4e2f82e9135812255b6e76f9ad8a013b6f,2022-05-25 14:22:00,CLEAR,DAYLIGHT,DRY,NOT ON SCENE (DESK REPORT),05/25/2022 06:25:00 PM,42.008750766,-87.906874134,POINT (-87.906874134001 42.008750765998),C,5,2022,14:22:00
0bd9a3cedaf6e1974fb30b9603080c11f0cd9b6e29e655511b8d4b9da308be17edc3907633d996ad956f579b6305e3367ddc16edd621ea3d9e023cb43033ade0,2021-03-15 14:30:00,RAIN,DAYLIGHT,SNOW OR SLUSH,ON SCENE,03/15/2021 02:45:00 PM,42.008750766,-87.906874134,POINT (-87.906874134001 42.008750765998),C,3,2021,14:30:00
a3a5ff75b195096b41c91adbc62538c47952e27dc61b72ef2358ac148701c0bd97d4d2d218d7fd92d86ddf3280796772125fded5e8c3cccf9f439495201ef358,2022-05-13 10:00:00,CLEAR,DAYLIGHT,DRY,ON SCENE,05/14/2022 08:35:00 AM,42.008750766,-87.906874134,POINT (-87.906874134001 42.008750765998),C,5,2022,10:00:00
4b419daa88add0318adee960c3974af0a927694d871b231dd00c5454b33357d58fc857b59f2fc6d98b063af539cfc1d4d67ec8f8f867314243fb6aaa504085ec,2023-05-08 18:30:00,CLEAR,DAYLIGHT,DRY,NOT ON SCENE (DESK REPORT),05/09/2023 03:29:00 PM,42.008750766,-87.906874134,POINT (-87.906874134001 42.008750765998),C,5,2023,18:30:00
c7176522e5e2ac1f734dc57baa9a576a8d8932e185004bbd0ca16cbfca53202cefb752a02bea928dd6e7c7babdd8f53c757d22048f3817c68fca242d7f82f593,2021-01-31 15:00:00,SNOW,DAYLIGHT,SNOW OR SLUSH,NOT ON SCENE (DESK REPORT),02/11/2021 10:20:00 AM,42.008750766,-87.906874134,POINT (-87.906874134001 42.008750765998),C,1,2021,15:00:00
69a568143f591641d1acfcd271d5c2d1dec25c8e67b2cff30a7dfdd99a9009b24b9beacea344e2a3263897f15a7e857c9cc4fbb8ae62bf0c09146b1cb4edf6c9,2024-02-13 08:25:00,CLEAR,DAYLIGHT,DRY,NOT ON SCENE (DESK REPORT),02/14/2024 12:20:00 PM,41.8198969,-87.724126177,POINT (-87.724126177005 41.819896900039),C,2,2024,08:25:00
ee980ba4f1d93ab6097a6b4799b143ad06caae3866ad39a30126a775831b5e8f6681c59333cfff6d5ab6a488b7d8f371c59d584d82583e3019b4a641bec08c8d,2021-03-12 12:00:00,CLEAR,DAYLIGHT,DRY,ON SCENE,03/12/2021 12:01:00 PM,42.008750766,-87.906874134,POINT (-87.906874134001 42.008750765998),C,3,2021,12:00:00
355c7274c7ddcdfc1091b553c442d96e52a364e676682b95efcc0fb25fa88f46859529c5f5c114c90942929b2b112d2ccf5c2f1cc2d345a30b4aa1b262800b53,2022-09-12 07:30:00,CLEAR,DAYLIGHT,DRY,NOT ON SCENE (DESK REPORT),09/12/2022 09:30:00 AM,42.008750766,-87.906874134,POINT (-87.906874134001 42.008750765998),C,9,2022,07:30:00
84834796a86243789ae84cab99b18c0325498b1b4d87c30d41defaf84a96c6ad87f1aee79985c3fdbbe2819f09aa3060f4bfb73ddf746fa9fbe36460c40d96fa,2024-01-23 13:02:00,SNOW,DAYLIGHT,SNOW OR SLUSH,ON SCENE,01/23/2024 01:02:00 PM,41.705916515,-87.594129048,POINT (-87.59412904802 41.705916515013),C,1,2024,13:02:00
ffabe0969146293bb82ccf303a5fed13f557cefdc1658a9d47129d9d906ff1cffd31ee4cc80ea8a924f07ab87035958083b05fce8ef978d60b84f1d6bf12c1a0,2024-01-25 15:00:00,FREEZING RAIN/DRIZZLE,DAYLIGHT,WET,ON SCENE,01/25/2024 03:05:00 PM,41.917188747,-87.787548488,POINT (-87.787548488041 41.917188747),C,1,2024,15:00:00
5cb47350756dbfb9d44d991047e25c9ea6cfde8ce817304d65fe9fad84b8902f11e0c5a557f3b39829182b70e1dbbf9adb0e3af5e04b8c738a777b3de16b14ec,2024-01-11 09:25:00,CLEAR,DAYLIGHT,DRY,ON SCENE,01/11/2024 09:32:00 AM,41.960532229,-87.767097026,POINT (-87.767097025983 41.960532228999),C,1,2024,09:25:00
b2488c2717248267426cd34ae1e910d447bebafb2f9599425151250ee483f2aa1e2cf6e1f0631fdf832d58859144c8cd3e9af2d66608b6777e0659a61d774765,2024-01-25 11:30:00,CLEAR,DAYLIGHT,DRY,NOT ON SCENE (DESK REPORT),01/25/2024 12:40:00 PM,41.837732675,-87.66589445,POINT (-87.665894449999 41.837732674972),C,1,2024,11:30:00
8a5f4b1db59ce51f5b05582227a9eda094b418e091536989b1585dff6c7e24d5495abbc9b8431f0f94c8f48571cfa5cae706c73639b9a665b0b4ca2ea3435fca,2024-01-12 08:45:00,SNOW,DAYLIGHT,WET,ON SCENE,01/12/2024 08:53:00 AM,41.962790402,-87.71739415,POINT (-87.71739414996 41.962790401988),C,1,2024,08:45:00
a28fb7de22b08d3bca8caaa92b45433946df1d77e04ddd130b797b24d7a907ec7b722c14998c8ffdd4df0e11fd0fb379842890d15b81028a427a9f9da6bee753,2024-01-12 09:50:00,SNOW,DAYLIGHT,SNOW OR SLUSH,ON SCENE,01/12/2024 11:15:00 AM,41.877720091,-87.774488046,POINT (-87.774488045985 41.877720090953),C,1,2024,09:50:00
42499d885df013cd70d68c00466b0ea40fbf64ad702e13afea6559a8b0696e28c3eb23f828447fb9ba52094800330369d54b32235cbfa14709c54079c1884e65,2024-01-27 18:49:00,RAIN,"DARKNESS, LIGHTED ROAD",WET,ON SCENE,01/27/2024 06:59:00 PM,41.939956718,-87.643128761,POINT (-87.643128760973 41.939956717959),C,1,2024,18:49:00
e58e522727d3bc1b2e2f3c1a08bd83fd1cfa6db7a6c6234bf9caa48f47b3a615b44a3cd02bdf7030ec5ae5059f98be8d4fc962b51a397829210c46514bbdb1f9,2024-04-12 05:22:00,RAIN,DAWN,WET,ON SCENE,04/12/2024 05:22:00 AM,41.849886395,-87.658784267,POINT (-87.658784267004 41.849886394965),C,4,2024,05:22:00
ca62b362b5557b9ea350a04bb9e90ca01eca872f17e4b6c3387a7c88f0d6ec6fa4c2fac88e9eabc247bfd7ab89cbd81069cb8f99fe6ae49a986a136f9e28728e,2024-03-05 16:25:00,UNKNOWN,DAYLIGHT,UNKNOWN,NOT ON SCENE (DESK REPORT),03/06/2024 07:38:00 AM,41.735617968,-87.682663369,POINT (-87.682663369002 41.735617967973),C,3,2024,16:25:00
2a502798e772628caa082259acb4e58349f0d020575dd5c2f5a5947339de1b2961f29fdbfb4766fc45ec83485b1d93cabea6c52c46895b421f15c5ea30d19dfe,2024-02-23 21:30:00,BLOWING SNOW,"DARKNESS, LIGHTED ROAD",SNOW OR SLUSH,NOT ON SCENE (DESK REPORT),02/23/2024 09:50:00 PM,41.884546961,-87.64758764,POINT (-87.647587639978 41.884546961039),C,2,2024,21:30:00
cfd77b21d051fb4c88de3d7577a09e0bba737c42a70df43df3940b34c61b02104355a30d4d4888f52057ea2171ae07df8b7279cc844e6835ad73327dc00e2880,2024-03-31 21:20:00,RAIN,DARKNESS,WET,NOT ON SCENE (DESK REPORT),04/01/2024 11:05:00 AM,42.011522078,-87.663006106,POINT (-87.663006106024 42.011522078005),C,3,2024,21:20:00
5579f6de00b461d88e3a62e4bd1e999a901e7884fa0d670772ec150ee2d89476dcc5c5c73bd19028ef5d096286196b5a9ec0ad1c75a0f12129fed13241f485a9,2024-02-22 17:10:00,CLEAR,DAWN,DRY,ON SCENE,02/22/2024 05:51:00 PM,41.753075899,-87.598018968,POINT (-87.598018968002 41.753075898999),C,2,2024,17:10:00
ee70749e76049e79e901e762ab24b53bbdf4acb61acc8017c781822a590b382f18794bc2051066ccedff2a668db19da03010bf1033ef43e2086f361d7f6eeae4,2024-02-22 09:07:00,CLEAR,DAYLIGHT,DRY,ON SCENE,02/22/2024 09:27:00 AM,41.807491756,-87.744319525,POINT (-87.744319524988 41.807491756027),C,2,2024,09:07:00
f5306f2567eefa7eaac49d41e337081fb6df50fe25a05465dec0013f835aeb8f036d4358a746ffa22b891d4427ae2f09f9dc54a9bcc5ab3698001cb58f448446,2024-02-22 16:04:00,CLEAR,DAYLIGHT,DRY,ON SCENE,02/22/2024 04:05:00 PM,41.879714362,-87.774496221,POINT (-87.774496220954 41.879714361958),C,2,2024,16:04:00
7940fdd4d3cdfba3b5e48118cc1df9da6868253c6ad40ee9f2fe5d70d2cce9aaf888bd4c91e7fd0572e9eb0c1cbd3fea48fcd00f89f15b39904c578b67c402e9,2024-04-15 13:42:00,UNKNOWN,UNKNOWN,UNKNOWN,NOT ON SCENE (DESK REPORT),04/15/2024 02:10:00 PM,41.898962816,-87.667224808,POINT (-87.667224807999 41.89896281603),C,4,2024,13:42:00
b9df305106d1013172c1cea47fb71619b901a7cc04238b26d5f0764dda90f3ded6040f62cd38e7b9e157d69f75b6efe84c1ec46f5138c67a5bc9ef1d1e4f8e0d,2024-03-05 18:15:00,CLEAR,DARKNESS,DRY,NOT ON SCENE (DESK REPORT),03/06/2024 06:05:00 AM,41.758245505,-87.626521907,POINT (-87.626521907009 41.758245504966),C,3,2024,18:15:00
5182767ba1bbef6144e3a7f7381e79c33680aefa86f6ef762baaf63625318af9aeda9462f00f37deb903a01c244a36dcc67c94bc98e2858f31a81773333dcb06,2024-03-09 15:46:00,CLEAR,DAYLIGHT,DRY,ON SCENE,03/09/2024 03:47:00 PM,41.903639931,-87.65554697,POINT (-87.655546970003 41.903639930952),C,3,2024,15:46:00
142f0cda4235c3d2e19856f312bc45a7139d085a2e8a9bb1ec911cbd619f934bda92763e0fc66f8eb202d3e50f7eab3c21e5366679aa72affb858862c828e521,2024-03-09 17:30:00,CLEAR,DUSK,DRY,NOT ON SCENE (DESK REPORT),03/09/2024 06:15:00 PM,41.852752766,-87.624197806,POINT (-87.624197806009 41.852752765988),C,3,2024,17:30:00
adad393d1619633cef0dc8df1273ed9153c5537aa8ba35272c09d6b563def69cc5f4da9afbd3e266ef388779e038b0f894789664cd6f46b9dad214ee81713ff1,2024-03-09 09:00:00,CLEAR,DAYLIGHT,DRY,NOT ON SCENE (DESK REPORT),03/09/2024 07:20:00 PM,41.725515369,-87.628618442,POINT (-87.628618441974 41.725515368986),C,3,2024,09:00:00
d43e437754f4e811d097d9c9e7a1b12fc0b75bbd82ff9aba0d00065aa213d15f25b68f6958b2939cc8e25d84821797a27e0a5016617dea1ad0f0bf1af62d8fb0,2024-03-09 01:00:00,CLEAR,DAYLIGHT,DRY,NOT ON SCENE (DESK REPORT),03/09/2024 05:00:00 PM,41.759034676,-87.578089257,POINT (-87.578089256975 41.759034676007),C,3,2024,01:00:00
9a303a79963be2f050817de22855c6fc6ec8a36bd88c6e5cbeb425bd219a47de1e6c77864c9bdb8809064116099fb2b3f37c7db9178f965c702ce47edff0671e,2024-02-24 10:08:00,CLEAR,DAYLIGHT,UNKNOWN,NOT ON SCENE (DESK REPORT),02/24/2024 11:35:00 AM,41.960942601,-87.738040219,POINT (-87.738040219023 41.960942601036),C,2,2024,10:08:00
b1df40b4fe6ec37baeac5f21e139b17a6a8fdd87f2b77fa8f1f8aa9fb8655a2d3f1b1bdae3db10750315f52e97559dbd49298edee2cf2fe3db2a468ee1d44067,2024-04-16 14:28:00,CLEAR,DAYLIGHT,DRY,NOT ON SCENE (DESK REPORT),04/16/2024 02:50:00 PM,41.924490094,-87.717288131,POINT (-87.717288130979 41.924490093998),C,4,2024,14:28:00
22836abee661f79bcb3105603d31f1fc409045e994f8816a2de18cdeac75ce52763a95423378c143dceddf64f352690aa5dd943dbfb7fb2ca315da986bdc180b,2024-04-08 13:15:00,CLEAR,DAYLIGHT,DRY,ON SCENE,04/08/2024 01:19:00 PM,41.779853803,-87.631809648,POINT (-87.631809647996 41.779853802992),C,4,2024,13:15:00
320909a5ae450b16601bd96823761ef2f942676b1d78cb2da7b7aea06321b2b288d3ade47d00e0f9c7b41438975825ec0a32d2977338f0b35702385dede775e5,2024-04-02 21:45:00,RAIN,"DARKNESS, LIGHTED ROAD",WET,ON SCENE,04/02/2024 09:55:00 PM,41.975360692,-87.734020525,POINT (-87.734020524971 41.975360691976),C,4,2024,21:45:00
670d0cf8b0c4ae77509b231dfe448209d0bc370a58db534362e5bb90d3c71c371adc285a2f88330daf6f80c640be6a7f700f4ecde48a9ed7f082b3d71fdedc14,2024-03-29 22:17:00,CLOUDY/OVERCAST,"DARKNESS, LIGHTED ROAD",WET,NOT ON SCENE (DESK REPORT),03/29/2024 11:50:00 PM,41.858007607,-87.644942266,POINT (-87.644942265994 41.858007606958),C,3,2024,22:17:00
47bbea753f8f67921388b39824ee02a7e30a1145b96479c634f94fc6704df3a4cdfec6a57d54541b646ac774628999d75a5a4a935a2c27a3293cd940722890eb,2024-03-15 14:00:00,CLEAR,DAYLIGHT,DRY,NOT ON SCENE (DESK REPORT),03/18/2024 12:30:00 PM,41.744151639,-87.585945067,POINT (-87.585945066953 41.744151639042),C,3,2024,14:00:00
cc82e43e14d45a4efb47c2a2851481d084f069d5ebc1ea95769d1a3ec5182081e929a18a3de29cdd6ffd636dd8c7f8863e4cdd5d35cca5b3b57decb5180165ff,2024-04-02 22:45:00,UNKNOWN,"DARKNESS, LIGHTED ROAD",OTHER,ON SCENE,04/02/2024 10:46:00 PM,41.83062731,-87.647149469,POINT (-87.647149469 41.830627309988),C,4,2024,22:45:00
7ae75e70cba670c0387614972eb3d97ea64c93a9399f9168db933fab7a25fe4b3ef47306b353dfcd78f4f4da0360d3675e86df0d1bd7eddcb517d710ae9efc2c,2024-03-15 20:10:00,CLEAR,"DARKNESS, LIGHTED ROAD",DRY,ON SCENE,03/15/2024 09:27:00 PM,41.729738814,-87.64329779,POINT (-87.643297790027 41.729738814043),C,3,2024,20:10:00
f80bf6fe538649938dc46a76082e196d216f91c1ae77c4efcfc2d7f58ab47ae63b76a31e5a3284d2c87897e11d12ff255995d38e622019ca63e179b2c0381c12,2024-03-15 14:30:00,CLEAR,DAYLIGHT,DRY,NOT ON SCENE (DESK REPORT),03/15/2024 04:34:00 PM,41.830860895,-87.646047677,POINT (-87.646047676999 41.830860894992),C,3,2024,14:30:00
8b5cc64922739a5a739dfc4e238f3c23f1b5c74c717874f49f584a516c5ce229edd2db7324184e51fe42716e99bc6240b150bccef7c889f8ef4d97fb84fcfd24,2024-03-11 15:42:00,CLEAR,DAYLIGHT,DRY,ON SCENE,03/11/2024 03:42:00 PM,41.885781667,-87.733320133,POINT (-87.733320132975 41.885781667027),C,3,2024,15:42:00
14e3f4abc5feb878e62c43321969985a1bf2e74020c3a645c9c1a14cb9168c18fa8dceb2614f5ae09f88afd7a7558bde4ef2f8adf672a30041a6c36237da12cc,2024-03-11 08:35:00,CLEAR,DAYLIGHT,DRY,NOT ON SCENE (DESK REPORT),03/11/2024 09:50:00 AM,41.858536536,-87.708949724,POINT (-87.708949724043 41.85853653595),C,3,2024,08:35:00
20082aef68b2cf217e29fa46151ead9f19880991546faa04115ec50db45721b010dcf3ceb958240aeef3f1a50de40f454a64f5b578aacbe515d08ac52b6a7ba2,2024-04-18 16:30:00,CLEAR,DAYLIGHT,DRY,NOT ON SCENE (DESK REPORT),04/18/2024 05:44:00 PM,41.779351179,-87.684804466,POINT (-87.684804465996 41.779351179003),C,4,2024,16:30:00
9690b6984ad01558b649a82ec3e1875e4442869eead875892197ab6297793a8f9f4119c617e7ad4b83bb9d34cc52e3ffbd5e931564a16fc13430c17c65421056,2024-03-31 15:05:00,CLEAR,DAYLIGHT,UNKNOWN,NOT ON SCENE (DESK REPORT),03/31/2024 03:05:00 PM,41.870373963,-87.74516,POINT (-87.745159999991 41.870373963023),C,3,2024,15:05:00
c4332659e81987c6a066b657e58fec83414953a3ce17a13f97be603269d892137c549e143f1dba36a98ca6aa31d604a7f9fa1fa882dae55dba85dd560f632a67,2024-04-16 21:00:00,OTHER,"DARKNESS, LIGHTED ROAD",WET,NOT ON SCENE (DESK REPORT),04/19/2024 10:15:00 AM,41.90052616,-87.712682588,POINT (-87.712682587959 41.900526159988),C,4,2024,21:00:00
54bf5c783f64db42b103dd95c21b3fc3346d045133bd05991a24983d725d50a141eda18476ee322700ad648b04d34c8037aa9cef67a6c32a3309e5ca8e86451f,2024-04-19 14:30:00,CLEAR,DAYLIGHT,DRY,NOT ON SCENE (DESK REPORT),04/19/2024 03:45:00 PM,41.691643481,-87.677650682,POINT (-87.67765068201 41.691643481035),C,4,2024,14:30:00
1808fd777a99d218801d2b5180f7f63aa2e8cac9d43a2176cfc2957876961f8c96bc8ca47ae76be5208faed917d8c862be6c1a590a2eda598fcc3bf13517afb0,2024-04-19 09:19:00,CLEAR,DAYLIGHT,DRY,NOT ON SCENE (DESK REPORT),04/19/2024 09:47:00 AM,41.886070174,-87.620536589,POINT (-87.620536589034 41.88607017398),C,4,2024,09:19:00
36e5f1173392f330c56743d3e07bb10e0a68f430b1391782b168c556fdd821612bbc2271c03212e13f305f3fc0210eeec5f1a2504cefea7fe34030661c573864,2024-04-18 14:30:00,CLEAR,DAYLIGHT,DRY,ON SCENE,04/18/2024 02:31:00 PM,41.74579217,-87.635369997,POINT (-87.63536999702 41.745792169991),C,4,2024,14:30:00
24ec4e1b85fe2c5123b24e4dfa85826bc9ff78072a70eefaaa50d9f2874fcb43cbf5cf4c6ce0effeda854cac71072263e261c43237f3a893c5cc187694f2471a,2024-04-05 01:47:00,CLEAR,"DARKNESS, LIGHTED ROAD",DRY,ON SCENE,04/05/2024 01:48:00 AM,41.757928189,-87.637021852,POINT (-87.63702185196 41.757928189007),C,4,2024,01:47:00
74aa0d7fab0f2775c53ef559122d3571ecc85c9c295cb8bf8ec95433be0e06d2fe77d010abcc87e4f96259d7b3a72bd2bfd1f69c8caf06f11059e966365945ef,2024-03-11 20:40:00,CLEAR,"DARKNESS, LIGHTED ROAD",DRY,NOT ON SCENE (DESK REPORT),03/11/2024 08:40:00 PM,41.866119494,-87.720927574,POINT (-87.720927573996 41.866119493974),C,3,2024,20:40:00
df9e7435975f73dd55bd5a63070e014a632368f1900804589c1f87e6e51b5f3b6184bcb4cc21e9f7beab753a21a009d525bc6de9cbd51b84c5cea274e1492f2f,2024-03-30 00:15:00,RAIN,DARKNESS,UNKNOWN,NOT ON SCENE (DESK REPORT),03/31/2024 06:39:00 PM,41.898341319,-87.618057856,POINT (-87.618057855957 41.898341319021),C,3,2024,00:15:00
11151783d84a1cab091e8b2854a9dab925adbfea1ef346ac2430a6c77cd085e0d83b242ca555a67ba345d86fc1144edbf3e12ebb2a6fd5cda5aacbd78dcae688,2024-03-31 16:23:00,CLEAR,DAYLIGHT,UNKNOWN,NOT ON SCENE (DESK REPORT),04/01/2024 03:02:00 PM,41.744151639,-87.585945067,POINT (-87.585945066953 41.744151639042),C,3,2024,16:23:00
b8038f7e6c5cc5a8a028946c2bc834dd55798fe458e96ae2bf1826d2ab7cfc441303582fe55bd6e58ec289fb6b328e5374b3e21d1c539be5d7c4d70a045aba59,2024-04-01 17:00:00,RAIN,"DARKNESS, LIGHTED ROAD",WET,ON SCENE,04/01/2024 05:25:00 PM,41.986230307,-87.660294419,POINT (-87.660294419036 41.986230306977),C,4,2024,17:00:00
72685444400311c00ffca69a719540c7657c97abac9575a782b65fffb3313cf13288d6823fd5ae646c41c42c682997f008723fb69f5c65228ce17a044a70848a,2024-04-01 15:45:00,RAIN,UNKNOWN,WET,ON SCENE,04/01/2024 03:58:00 PM,41.772063678,-87.586445322,POINT (-87.586445321968 41.772063678045),C,4,2024,15:45:00
9fd2c98853847c3454d39275c49cee72caab347873d9227c7ef66b41b1559441a80c2a8b3aad787cfc209f62b70ac09c3637773a57cf9d92ff8474041fabdafc,2024-03-18 15:30:00,CLEAR,DAYLIGHT,DRY,NOT ON SCENE (DESK REPORT),03/18/2024 04:10:00 PM,41.774238453,-87.66669364,POINT (-87.666693640004 41.774238452951),C,3,2024,15:30:00
391249d7fe1b9930ec911566cea7b5ff32cb49ce20eee95759c3ba2ed00fe954a6afbc344c2cb306b1d5fda0a1d916b1c0a72445db265251d4f03fba65db273f,2024-04-20 13:00:00,CLEAR,DAYLIGHT,DRY,ON SCENE,04/20/2024 01:15:00 PM,41.866080805,-87.723884001,POINT (-87.723884001002 41.866080804984),C,4,2024,13:00:00
c6dacec40636fbbaa2c3c2e5d4ec8c0681249442e0e613b0a2ac0f2a0c138d72c56ac6dfdc7f4901fd89a3b1b16de4047100a06a0494595fe90ced41c814328f,2024-03-18 07:50:00,CLEAR,DAYLIGHT,DRY,NOT ON SCENE (DESK REPORT),03/18/2024 03:35:00 PM,41.917762769,-87.670597629,POINT (-87.670597629027 41.917762769025),C,3,2024,07:50:00
cf2172293340e8a6e4de0aecc71f787522bb0904066cfea87381bcf3794315bcd221b1bbbf3e1cbd5df44690d2581810edc1ee654aaec47839fe9247be7daadf,2024-03-18 19:15:00,UNKNOWN,UNKNOWN,UNKNOWN,NOT ON SCENE (DESK REPORT),03/18/2024 08:05:00 PM,41.742759069,-87.614550415,POINT (-87.614550415002 41.742759069005),C,3,2024,19:15:00
e53f94035cae99318c37a1304a576e1b66d57bc4246c8e8930c24d6c440050644d95de89610f4315aa66a1b0a8d51ac5ea017c92566a5a26d0ce92104443c8da,2024-03-18 07:30:00,CLEAR,DAYLIGHT,DRY,NOT ON SCENE (DESK REPORT),03/18/2024 03:40:00 PM,41.792777244,-87.752567029,POINT (-87.752567029034 41.792777243971),C,3,2024,07:30:00
fd766e1bb54eb87b4e89b20d2218c366ba5569a3f2d1db7a3743be6fbce6c32f1497759b890e94bf2e73cc0d3e6952940a95d61120671dc751d2707f87cdebe6,2024-03-18 12:01:00,CLEAR,DAYLIGHT,DRY,ON SCENE,03/18/2024 12:15:00 PM,41.87301483,-87.753429815,POINT (-87.75342981496 41.873014829988),C,3,2024,12:01:00
6fbb30ae7cbdfa19bd8a40fe8046be66414fb76d88118468484d31a31e473f51d5e9c1a5dec155173780f40597edb9559149806212fcf56d40624ca471651af6,2024-03-12 08:00:00,CLEAR,DAYLIGHT,DRY,NOT ON SCENE (DESK REPORT),03/12/2024 06:30:00 PM,41.750823194,-87.626884529,POINT (-87.626884528976 41.750823193964),C,3,2024,08:00:00
368ce77f5170c7f19c60e816fc7e301f63ce455352bc69ba4bd401916341a62a2cba14fb9aa225da65d17db587c43cbe7e589b40762dc8b8b93ee4a4d80f2c8d,2024-03-12 14:30:00,CLEAR,DAYLIGHT,DRY,NOT ON SCENE (DESK REPORT),03/13/2024 01:30:00 PM,41.900877356,-87.753145301,POINT (-87.753145300971 41.900877355977),C,3,2024,14:30:00
6a266935e9a3c363876446bf71351868200bae13770877c96386473e38f6509459761edb6dc12ba08dc69ea5fe98da4386691496ea459ff805644a00f2af754d,2024-04-01 17:00:00,RAIN,DAYLIGHT,WET,NOT ON SCENE (DESK REPORT),04/01/2024 08:10:00 PM,41.921343138,-87.724087122,POINT (-87.724087122032 41.921343137953),C,4,2024,17:00:00
b1d55619fc5d200a10b0bac55fe4f15eb041f1ca3b41a13359680a52168cf0bf3b9c4325731142aee66f52c00a97497f046796d925f701defbe57058ca8d82d8,2024-02-28 14:45:00,CLEAR,DAYLIGHT,DRY,ON SCENE,02/28/2024 02:55:00 PM,41.953203301,-87.756048735,POINT (-87.756048735038 41.953203300975),C,2,2024,14:45:00
43f4fd7ebda3e014d07c310c55f4aeb9ccc2bf78ea11bc6eab500a81f9f7057eb0d40d97bef109c2d38a257967145455adb351bc56ee87555f9d67d3d451d423,2024-04-21 12:30:00,CLEAR,DAYLIGHT,UNKNOWN,NOT ON SCENE (DESK REPORT),04/21/2024 02:55:00 PM,41.766306504,-87.690775341,POINT (-87.690775341033 41.766306504029),C,4,2024,12:30:00
798dc09b4d6c4ffc7e5f7db4ca4e4bdc9f1b79390739619735aeea424a64e035748b470003ee2c1263c811c198e89ec39481389f6fa34bf90fc3398bfeaae3eb,2024-04-07 12:40:00,CLEAR,DAYLIGHT,WET,ON SCENE,04/07/2024 12:44:00 PM,41.998083252,-87.808397703,POINT (-87.808397702977 41.998083251992),C,4,2024,12:40:00
daebd70faf11a83175fe3de60271619206bf220c5fac761f7251f388740b8d29402d04d75428788f429e9fe290363bffa5d67ed25768ef3f56d3726874f77292,2024-03-19 12:15:00,CLEAR,DAYLIGHT,DRY,NOT ON SCENE (DESK REPORT),03/19/2024 12:45:00 PM,41.785387445,-87.606183761,POINT (-87.606183761008 41.785387444959),C,3,2024,12:15:00
31f4d43f6a4df7dd395d8ec5383b117c9d27642f84eec68bc876feee1e8d8caf483bbe80e7605fd24e5dd5e30e3b2463051d34396fb3ab438d37a8574cf94596,2024-03-14 07:50:00,CLEAR,DAYLIGHT,DRY,NOT ON SCENE (DESK REPORT),03/14/2024 10:27:00 AM,41.756591728,-87.619744678,POINT (-87.619744678021 41.756591727959),C,3,2024,07:50:00
050eabd5dfe19be6d79cf89c8e8d588139c50477eec8738b780cb942d8911c2f9fc8109f2d537095d38e03b3f074bc2efcbda08d9ca73ac38860cbb20e33d4ef,2024-04-22 08:55:00,CLEAR,DAYLIGHT,DRY,ON SCENE,04/22/2024 09:02:00 AM,41.836490047,-87.618373724,POINT (-87.618373724007 41.836490046973),C,4,2024,08:55:00