CRASH_RECORD_ID,CRASH_DATE,WEATHER_CONDITION,LIGHTING_CONDITION,ROADWAY_SURFACE_COND,REPORT_TYPE,DATE_POLICE_NOTIFIED,LATITUDE,LONGITUDE,LOCATION,CRASH_TYPE,CRASH_MONTH,CRASH_YEAR,CRASH_TIME
0f7a9b2840331eda69057bd5d6a533ae4b4ebe65b6bb04c00e2c158179c4954180cf8d06a3be59dd6c0cbde5d3270f64a078a55855dd1299275ce065fb3c4707,2024-04-21 18:57:00,CLEAR,DARKNESS,DRY,ON SCENE,04/21/2024 07:00:00 PM,41.755698309,-87.591202807,POINT (-87.591202806983 41.755698309013),C,4,2024,18:57:00
45950abfe247a8bc091aaa345f869d68a02867a50f1b44d5da2223d37b2b441fef8096277d5fa20e261db2fdda48f91fdbfbe6074871156f16bdb83712fec95a,2024-04-03 15:25:00,RAIN,DAWN,WET,ON SCENE,04/03/2024 03:33:00 PM,41.924034512,-87.753826547,POINT (-87.753826547012 41.92403451199),C,4,2024,15:25:00
80080d0d89a48c06ff958f68ec9adb188c64e36503e6b4a8ebdde4b647bdf6654b1f212dc5aab4091784d3039425fee220a2b550cc8ab829416fae1294ad7d59,2024-03-31 03:00:00,CLEAR,DARKNESS,WET,NOT ON SCENE (DESK REPORT),04/03/2024 01:00:00 AM,41.844607515,-87.694804642,POINT (-87.694804642033 41.844607514956),C,3,2024,03:00:00
0da9c3c9aea157d423286d796933acb325da72339102724b42142bfec44e40675f82ef406fc7a8f635982a256b22a6b0743cb49b380b9d8fbdc14f3f354888de,2024-03-26 19:00:00,RAIN,DUSK,WET,NOT ON SCENE (DESK REPORT),04/03/2024 10:50:00 PM,41.858007607,-87.644942266,POINT (-87.644942265994 41.858007606958),C,3,2024,19:00:00
99b4ad2cafd55b66a62190ddf623e37dbd7df7dfcafd18716f757ccb07c5a5b50287c9882c20e432ed303887cee700904595fc60cac236f6b906f64c2a2d5dbd,2024-04-08 06:10:00,UNKNOWN,UNKNOWN,UNKNOWN,ON SCENE,04/08/2024 06:49:00 AM,41.895527078,-87.699098183,POINT (-87.699098182975 41.895527077955),C,4,2024,06:10:00
de4ab7a4f0a467f5e999009937a198b86391493cca16ae836f81db6c49200f429016f48ed1d6c136544b1ac3992172db329d2787eaccbf35e3a328a1b6970b54,2024-04-08 16:40:00,CLEAR,DAYLIGHT,DRY,NOT ON SCENE (DESK REPORT),04/08/2024 05:30:00 PM,41.844607515,-87.694804642,POINT (-87.694804642033 41.844607514956),C,4,2024,16:40:00
9a680a31e7d7e1e692ff0a5444a7e05abdbcbcfdbe169fb369936820d5ed995c29a48480848476e6dc93887b1dc3e360f2b19f07be265b9b6c2d2d630d2beef0,2023-11-08 15:30:00,CLEAR,DAYLIGHT,DRY,NOT ON SCENE (DESK REPORT),03/15/2024 02:30:00 PM,41.836549045,-87.651253996,POINT (-87.651253995984 41.836549045049),C,11,2023,15:30:00
0230a3e509c834eea23e97b368012fd1c205d31c20717d9c836961709c143414f96abf36eb0f442d32ce78d8a7d14182027fd8cdfe6b1bedefacdc0445b39e2c,2024-03-15 11:10:00,CLEAR,DAYLIGHT,DRY,ON SCENE,03/15/2024 11:14:00 AM,41.942206868,-87.807044663,POINT (-87.807044662987 41.942206867982),C,3,2024,11:10:00
2e0d03fa9935365395bc511c1a65ee2eac3cc3804279fe340cfeaf852492f0acd9475c899066bd811fb0007ebdb806934bb6f2139e3df4e3bd7ad4f63bab4af8,2024-03-02 20:50:00,CLEAR,"DARKNESS, LIGHTED ROAD",DRY,ON SCENE,03/02/2024 08:50:00 PM,41.899714227,-87.671209124,POINT (-87.67120912402 41.899714226969),C,3,2024,20:50:00
71ad9f07de4ff1f2e751109b311f310db5c171ced528ef5635fb6a25e40dd59fd605ecf069920118969b8907da42dcb38c0d34712f241b9d80182160e791175d,2024-03-02 17:35:00,CLEAR,DAWN,DRY,NOT ON SCENE (DESK REPORT),03/02/2024 06:00:00 PM,41.893159732,-87.762210885,POINT (-87.762210884968 41.893159731965),C,3,2024,17:35:00
a1f939832c2c88ad0bae1066888c7da02d34dbe9353fd483e72f177f502395ab9df676715cf12eaaf4f9d600fbd2412ba2ea40cc3968cf2cf41bdb6c6e384936,2024-04-09 13:30:00,CLEAR,DAYLIGHT,DRY,NOT ON SCENE (DESK REPORT),04/09/2024 02:20:00 PM,41.909665373,-87.734821737,POINT (-87.734821736967 41.909665373049),C,4,2024,13:30:00
f7ab39270aa820201cf021569fb9abc12b91e9c880eaa3a3c4ae5d0d8cb29609856f9f955d665bca67870e09d3dd989cd89d8c3df22fd73f7de52e2ac7e354f3,2024-04-09 14:46:00,CLEAR,DAYLIGHT,DRY,NOT ON SCENE (DESK REPORT),04/09/2024 02:52:00 PM,41.821728572,-87.626248912,POINT (-87.62624891199 41.821728572034),C,4,2024,14:46:00
2d4ae21cc38f1c3f628f67fbbd0803af6e4ca1230fd393c7ebd7aa8b7ae11dad5bc253aa99784a608b88ed566f5c0d154f245cd883d83d77ee9599e99aba471e,2024-04-24 09:12:00,CLEAR,DAYLIGHT,DRY,NOT ON SCENE (DESK REPORT),04/24/2024 01:22:00 PM,41.922528062,-87.727996337,POINT (-87.727996337048 41.922528062035),C,4,2024,09:12:00
db254d0d24d0a506dbfab6dc7e3f4461205469f2c1f01d49a3a3bd95ffe168305477bc075d660a12fa5ba65db2065cc704f072747c9f4e854ce2cdf1a3b22c22,2024-04-04 20:47:00,CLEAR,"DARKNESS, LIGHTED ROAD",DRY,ON SCENE,04/04/2024 08:47:00 PM,41.857801741,-87.658812307,POINT (-87.65881230701 41.857801740993),C,4,2024,20:47:00
aa8fe00698070164fb67d78f9ab196a8565dcf8f2429ff60377d44c90d7484d9700494df6337b50b768cf2421cad91aabefdc800099e3b921dff6bbfca8c0ad9,2024-03-16 10:00:00,CLEAR,DAYLIGHT,DRY,NOT ON SCENE (DESK REPORT),03/16/2024 10:45:00 AM,41.777909863,-87.683753544,POINT (-87.683753543988 41.777909862995),C,3,2024,10:00:00
6f1fb7a6c5d6135b855364dd659940a3b867bf38931bd2367bad511beff0630e77e5bb2ca1d5bde54d5526cd6e3bdc0b088cb582e4c63a342d640710ad50adcc,2024-03-17 01:18:00,CLEAR,"DARKNESS, LIGHTED ROAD",DRY,ON SCENE,03/17/2024 01:30:00 AM,41.882211292,-87.710898608,POINT (-87.710898608036 41.882211292041),C,3,2024,01:18:00
80330176ba83ba38bb4b2a5729da40494288f41b52c21cd667a7750a70574da1ef7395fc5b27efd715751f39916c5c825a4850a87058e4eefd56416fede73c78,2024-03-17 20:30:00,CLEAR,"DARKNESS, LIGHTED ROAD",UNKNOWN,ON SCENE,03/17/2024 08:38:00 PM,41.80039697,-87.663391652,POINT (-87.663391652 41.800396969983),C,3,2024,20:30:00
725d1592898479fae544d4a9439fbcc1f3eaaa0321d4522ed7d306656f1b6ba4033c9275247bedef4ce65e9e483055ebd718ceccd91a9fa929ed3d99b93be263,2024-03-22 17:27:00,BLOWING SNOW,DAYLIGHT,DRY,ON SCENE,03/22/2024 05:40:00 PM,41.945295295,-87.821044831,POINT (-87.821044831019 41.945295294973),C,3,2024,17:27:00
ac6584fff36f6c8515b062d0c3eb1c05e2f13c8d7cc33936995fdf1a517e18e043a89f33aaf0f5dcb45edba0896fbaca34a3f230997d17f38bbf71effd80fd38,2024-03-22 14:41:00,SNOW,DAWN,WET,ON SCENE,03/22/2024 03:00:00 PM,41.80140618,-87.723251253,POINT (-87.723251253009 41.801406179982),C,3,2024,14:41:00
f71c3a1c5e60eeee1566e15d4cb09f406d943b62c857b3de4eeb4e47b870af22c1366e84ffc04f787bd9c40aaf35fd8bfca73afdd5b141038510ff5fe74cba48,2024-04-25 08:05:00,CLEAR,DAYLIGHT,DRY,ON SCENE,04/25/2024 08:15:00 AM,41.75872376,-87.585590902,POINT (-87.585590902031 41.758723759994),C,4,2024,08:05:00
4d8bf40ccca7705cade8af7974f71e70a4d64d9307ba19e4ad983dd8c4d484e76cc5f4693d94a549ad5761876395f9d7d888fd0d1a64b26797c4a674c03b674a,2024-04-11 01:00:00,CLEAR,DARKNESS,WET,NOT ON SCENE (DESK REPORT),04/11/2024 12:37:00 PM,41.786058996,-87.684898209,POINT (-87.684898208954 41.786058996015),C,4,2024,01:00:00
9425a873f1b1b6f24df3ba57db4211e8be0d3c8f924de5772976e633eba7393cb3136d55c8c1357dad635f1152bf03f434a37858e576134352fe71acddeed964,2024-04-11 14:50:00,CLEAR,DAYLIGHT,DRY,ON SCENE,04/11/2024 03:06:00 PM,41.998071333,-87.661231481,POINT (-87.661231481043 41.998071332987),C,4,2024,14:50:00
1c5731ce1d56d09ff3c30264f6cdde7b6ea7bbca6af95a670acd2f6b331fce2a27ffe1db7975df3232e732559a266e12f965bf70c3379b1b19ee90429ed86822,2024-04-06 17:00:00,CLEAR,DAYLIGHT,DRY,ON SCENE,04/06/2024 05:01:00 PM,41.898675904,-87.755544326,POINT (-87.755544326025 41.898675903994),C,4,2024,17:00:00
285fb070465edcab25f4d9852df2beff15b9f44d05c9dd4ddb5e33ae0d35103b3173d6bb070dc12f0f249216330485671d5956f18f781ad74a1c110243f0f958,2024-04-06 16:25:00,CLEAR,DAYLIGHT,DRY,ON SCENE,04/06/2024 04:28:00 PM,41.859647077,-87.657046436,POINT (-87.657046436021 41.859647076991),C,4,2024,16:25:00
eafadece94a53d1fe280b1b3d93bed6dd7f3201895e193b928e10c543b20b262da427095fc0faa9608cbe3c93fe8d1e7553aaa8e44f8e9159fcf09ddde0abd25,2024-04-11 07:45:00,CLOUDY/OVERCAST,DAYLIGHT,WET,ON SCENE,04/11/2024 09:40:00 AM,41.838929774,-87.718641388,POINT (-87.718641388002 41.838929774019),C,4,2024,07:45:00
0501564a3f1ae8cb75375251c308fda7c5f6da8e2b3eefaa47462a113764acf36acd52b50e03129d0a9af4d26a49c2680ae6bef3a81d3e5564ebc48ebccbb086,2024-03-18 18:47:00,CLEAR,DAYLIGHT,DRY,NOT ON SCENE (DESK REPORT),03/18/2024 07:00:00 PM,41.929780107,-87.687964235,POINT (-87.687964234994 41.929780107046),C,3,2024,18:47:00
9d26c210c8f3764797778891d25ee52a8dd0d6da1f06a2e1b441a76903b2c984de5a3c00d93d39f429ff01be0c59f53388f4e5e3087d8837bc72907f6290ba1b,2024-04-06 09:10:00,CLEAR,DAYLIGHT,DRY,NOT ON SCENE (DESK REPORT),04/07/2024 08:28:00 AM,41.769217005,-87.569706621,POINT (-87.56970662101 41.769217005018),C,4,2024,09:10:00
6193b6347b26697235c317fe9bf3141d44ba86cdcac455215fab7f8ad7284fe388a62050d140d0ee73d42b15424546fe81a6a0e2bdb007096528629504f9265e,2024-03-05 11:06:00,CLEAR,DAYLIGHT,DRY,ON SCENE,03/05/2024 11:06:00 AM,41.744151639,-87.585945067,POINT (-87.585945066953 41.744151639042),C,3,2024,11:06:00
51635c962f8a5239c30ec52718c9db44c627f91fec8d5e8763e8c3001da16abbcb65d5c04d2ad4942c16baa2d8e4a3976d8e0adf0326e996e96a20f91bbcbcb7,2024-04-26 21:53:00,CLEAR,"DARKNESS, LIGHTED ROAD",WET,ON SCENE,04/26/2024 09:55:00 PM,41.773738532,-87.70287002,POINT (-87.702870020047 41.77373853199),C,4,2024,21:53:00
cf1f6dd9645509ef6335080f3d2909cd08015cb3fb1cbc26b59702157ef910df80716ff4ece6f07cff09d2519b00e08a13f19745d65d6ba6ce059eb83fee0342,2024-04-09 00:30:00,CLEAR,"DARKNESS, LIGHTED ROAD",UNKNOWN,NOT ON SCENE (DESK REPORT),04/09/2024 01:15:00 AM,41.880660067,-87.740728133,POINT (-87.740728133013 41.880660066981),C,4,2024,00:30:00
c85f9ec898d5d70f22c28668b6e3cd9586dec419c2988519f0e173717bc08477314160820dc05e86711aee8a9fdc6d3f8db2d8827b7ee41e121f82d536267d1b,2024-04-13 18:41:00,CLEAR,DAYLIGHT,DRY,ON SCENE,04/13/2024 06:45:00 PM,41.933616886,-87.717943147,POINT (-87.717943147 41.933616886028),C,4,2024,18:41:00
2fc2fcd42fcc0461442ea5d4f9df4e1c57dbe7b7c35f9773545bba7203890a6af71026d015b546fd128e9e15c4cbbec82a90d9e894a15408bdb9badec65bd578,2024-03-25 11:45:00,CLOUDY/OVERCAST,DAYLIGHT,DRY,NOT ON SCENE (DESK REPORT),03/25/2024 12:15:00 PM,41.945064736,-87.806851953,POINT (-87.806851953014 41.945064736015),C,3,2024,11:45:00
9ca6849dc6917bac2aeebb9612dcf5fb4dad19e0b8105c47b039d5a68008162ab5a6a465acc28260e1026b888239fe690606b11199eee517db3c7d50fa97dbf2,2024-04-29 00:30:00,CLEAR,DARKNESS,UNKNOWN,ON SCENE,04/29/2024 12:37:00 AM,41.909738174,-87.729105543,POINT (-87.729105542968 41.909738174014),C,4,2024,00:30:00
056913e4d9ea7ca74f93b684cc0d1a0007519a96e43bbde8c20b83f581219bf27216462213f0f70d405f4cc924f31728a2cd7027e21522f9274e4e5bd0fcd557,2024-04-28 15:40:00,CLOUDY/OVERCAST,DAYLIGHT,UNKNOWN,NOT ON SCENE (DESK REPORT),04/28/2024 04:25:00 PM,41.902815701,-87.717648644,POINT (-87.717648643968 41.902815700998),C,4,2024,15:40:00
6e7988bb89f939bc747e7c78fecf6a3a3a1492923a7c2b5e456b61f3ee66f6713176af6c3eabb158a53e8623aa40140a93118f97bbf59602efa27b2be87b4339,2024-03-06 18:42:00,CLEAR,DARKNESS,DRY,NOT ON SCENE (DESK REPORT),03/06/2024 06:45:00 PM,41.937548405,-87.675715412,POINT (-87.67571541205 41.93754840497),C,3,2024,18:42:00
bacb934975cbaa44fe71af42b5c5b9b9b94f67177c320d7089ce85f84b1d1d2ee8d34ca8bbc4c8dacc50b02673d6c8ab1d0aace4ad2623e297eb9622e406376f,2024-04-14 18:30:00,CLEAR,DAYLIGHT,DRY,NOT ON SCENE (DESK REPORT),04/14/2024 07:45:00 PM,41.744151639,-87.585945067,POINT (-87.585945066953 41.744151639042),C,4,2024,18:30:00
082b7cad6d96a9a69d406e30b9dd3165dff0c2b8a5e432bba6328494555af376f332f6cf1090f93ea0be51bb5a2de765f8c1a5bf430ad63068b819a33cc17e6e,2024-04-09 13:18:00,CLEAR,DAYLIGHT,DRY,NOT ON SCENE (DESK REPORT),04/09/2024 02:00:00 PM,41.749362768,-87.605332981,POINT (-87.605332981011 41.749362768013),C,4,2024,13:18:00
0f9759235b6aa3e1485d49a35b214bb5bd9bf050e0a4efe309424938c59cb3e032518922ed2dfbb89a116742bfeeb7b25c81bd9f2d0005136dbc8193af514aaf,2024-04-09 05:00:00,CLEAR,DAYLIGHT,DRY,ON SCENE,04/09/2024 07:10:00 AM,41.844263487,-87.62829939,POINT (-87.628299390012 41.844263486971),C,4,2024,05:00:00
c8fce5463950aa438e2b00890fcf4df0b351540144538389a7bc94add52cf215926a85be6789831240823421797e92b87bc8b91bdd4896ad756182b9140f0188,2024-03-06 01:00:00,CLEAR,"DARKNESS, LIGHTED ROAD",DRY,ON SCENE,03/06/2024 08:23:00 PM,41.972537233,-87.778389179,POINT (-87.778389178976 41.972537233033),C,3,2024,01:00:00
65fc7dcd1f11a0192bbc243183db35c7558829b1a5bdd76eecab3721a3b98b2121c7b51e348babb451100db77c69b3e02394fb4d4a7378c0078b0a2a6547bcd9,2024-04-27 17:45:00,CLEAR,DARKNESS,WET,ON SCENE,04/29/2024 09:00:00 AM,41.86997116,-87.721053996,POINT (-87.721053996037 41.86997115999),C,4,2024,17:45:00
93a3bc382d40e43ec2ae5c48a9c9574f596268937c14dc009652e4e134366580057fe6cb8f935494a6127af5142701ce512e2d4ff2154d4b9411cd62d344c560,2024-04-15 01:29:00,CLEAR,"DARKNESS, LIGHTED ROAD",DRY,ON SCENE,04/15/2024 01:36:00 AM,41.705921878,-87.71253242,POINT (-87.712532419998 41.705921878046),C,4,2024,01:29:00
4596c4c7cfca0b5ecf6ab81800bc0bfdbd0d2d188c2b488e8590cfa8446f144a31f23a7c29778c4bf3b238f203a72a10880542cd20116853bb2fdc639838a405,2024-04-10 14:17:00,CLEAR,DAYLIGHT,DRY,NOT ON SCENE (DESK REPORT),04/10/2024 03:20:00 PM,41.874590031,-87.633704185,POINT (-87.633704184958 41.874590031007),C,4,2024,14:17:00
f7b48347111f0e4189fb0b6c526bed55107f49743e23bf5b030e9a573ec980a51a386b8e802b4c4405f237b656fd2fa79a3beb9a6f874f64acb4a505e23363e7,2024-04-15 22:01:00,CLEAR,"DARKNESS, LIGHTED ROAD",DRY,ON SCENE,04/15/2024 10:01:00 PM,41.882211292,-87.710898608,POINT (-87.710898608036 41.882211292041),C,4,2024,22:01:00
2c6499a21a2d3a0172b45f7fec8e5a3c2401f900ac4b63483451b867798d97a73ceb0b630a60c2dba04ae1bafcb5b334d58d4c36295d2571da324873ae6192c5,2024-03-27 16:39:00,CLEAR,DAYLIGHT,DRY,ON SCENE,03/27/2024 04:44:00 PM,41.882211292,-87.710898608,POINT (-87.710898608036 41.882211292041),C,3,2024,16:39:00
70d5e3815ca95ed16af73835e8bd492457c1bf9a2581e6439c27a0e8f0a5ee5111d74e9d6b258f6ad060f596a282f5fc15955ac84781565d3f9d216a1b877d3b,2024-04-26 16:00:00,CLEAR,DAYLIGHT,DRY,NOT ON SCENE (DESK REPORT),04/30/2024 02:20:00 PM,41.785387445,-87.606183761,POINT (-87.606183761008 41.785387444959),C,4,2024,16:00:00
0cc7f7e1d50c4063227cef33ffa8d5b86568defe30180f58e5fbae7f1ddd9c955a0e0f962b53b770ff3e62557f97705e8c6c416792857d966fb7e35f8e972e0a,2024-04-29 19:45:00,CLEAR,"DARKNESS, LIGHTED ROAD",DRY,NOT ON SCENE (DESK REPORT),04/29/2024 08:11:00 PM,41.977089945,-87.660033687,POINT (-87.66003368701 41.977089944963),C,4,2024,19:45:00
627fc2798035f18f82ae0098f61f596a553a48f04305b3007d878afebf517c614614a54fc904ff1cca5d4c09b1ee4ab2d1a08dae90a2dd8f6c98a7fe1972090e,2024-04-16 16:20:00,CLEAR,DAYLIGHT,DRY,ON SCENE,04/16/2024 04:28:00 PM,41.830618301,-87.647846088,POINT (-87.647846087977 41.830618301044),C,4,2024,16:20:00
9f71d16928c542e5608168d8db1f5add42a48cc62151bb69050a321bf5eb164b6ad145733adc9bc1e15c39767729e061fe52e8254f1a154af483990ea6b968ad,2024-04-16 19:53:00,CLEAR,"DARKNESS, LIGHTED ROAD",WET,ON SCENE,04/16/2024 08:23:00 PM,41.837081626,-87.704672199,POINT (-87.704672199028 41.837081625957),C,4,2024,19:53:00
e1a48347256333fa5a7e1e33798385aa98e687be9528213f3be47c47a4f71e3ec0a9c4d8598324ccf149b9e2ae8b7826b2107c2d93071ecd7320d0ee0f4148be,2024-04-16 17:30:00,RAIN,DAYLIGHT,WET,ON SCENE,04/16/2024 05:50:00 PM,41.965230097,-87.677440861,POINT (-87.67744086096 41.965230097048),C,4,2024,17:30:00
327d9fa8b8462a34f209f4d019679339c647f2498480bcad024112c07f57a840d4850f582f42adffe11daf9ccfe0d046f63dde9ce4d3f90e4357db7f048cd0d3,2024-04-09 13:50:00,CLEAR,DAYLIGHT,DRY,NOT ON SCENE (DESK REPORT),04/11/2024 06:15:00 PM,41.809781151,-87.594212812,POINT (-87.594212812011 41.809781151018),C,4,2024,13:50:00
f0f0a6c222380d3d0beb8879242656ec47caaae5c750b385f4a976f59ffeca31685d16829ab63e4437b6d57f3cffc096c5b5b0561156eab17bd43596c17dfc5a,2024-04-16 10:00:00,CLEAR,DAYLIGHT,DRY,NOT ON SCENE (DESK REPORT),04/16/2024 10:41:00 AM,41.769161032,-87.618978299,POINT (-87.618978299043 41.769161031975),C,4,2024,10:00:00
1fe340d07440fa456c68621704f3e0ff7c1e7d1c84c40e91730de1c4ba04b47bbbef34c14c6844ae6ba6bde79c9fdfebd28fe47a1fa252da1e691a23ed224db5,2024-03-08 07:03:00,RAIN,DAYLIGHT,WET,NOT ON SCENE (DESK REPORT),03/08/2024 08:10:00 AM,41.75872376,-87.585590902,POINT (-87.585590902031 41.758723759994),C,3,2024,07:03:00
9fa78c91b103fb2827beddf505a43e719681b1b2ed6ab40fb9650ec3ef3eccf956c8628fd167d7ab08e8b2de3894afe41d57aff13527ac304587657e8b0bba7d,2024-03-28 21:54:00,CLEAR,"DARKNESS, LIGHTED ROAD",DRY,NOT ON SCENE (DESK REPORT),03/28/2024 10:40:00 PM,41.879460095,-87.774488458,POINT (-87.774488457981 41.879460095023),C,3,2024,21:54:00
3eb6ff02058ecedb7d5a557399dbe84fa3acd6f2e51a658ce40e168f2ad6d33ec96793177693f90428cbca1e92a44fab20f148a45b49e6a815465ce672745c5b,2024-04-30 13:25:00,CLEAR,DAYLIGHT,DRY,ON SCENE,04/30/2024 01:38:00 PM,41.870373963,-87.74516,POINT (-87.745159999991 41.870373963023),C,4,2024,13:25:00
10db0239004691b0b4eb10c6c366308ceb3280b1b923407cf08a411f6d38f0c808208095fcea6ec07058e30eae462156d2f54e4041091eec3530024d94e1a5f7,2024-05-01 18:10:00,CLEAR,DAYLIGHT,DRY,ON SCENE,05/01/2024 06:10:00 PM,41.909294322,-87.763395828,POINT (-87.763395828035 41.909294321981),C,5,2024,18:10:00
51f3b00ec54648d3f793f92420445744aea2b4e48399f028e819f431448caf5076892a87ed9687ac931f279009e070d02988a075af38066fb78bccdf6153ad71,2024-04-12 16:05:00,CLEAR,DAYLIGHT,WET,ON SCENE,04/12/2024 04:16:00 PM,41.866312657,-87.722954344,POINT (-87.722954344006 41.86631265701),C,4,2024,16:05:00
9c0f0152fe6a1ae041988f3d5816d7f7ef00c0b9f3454f9a504c65a461a1fe1b126d32da01b458b116d7bc57c43b2bb352f18408d502c88b41567e33fba307c7,2024-04-30 15:21:00,UNKNOWN,UNKNOWN,UNKNOWN,NOT ON SCENE (DESK REPORT),04/30/2024 04:58:00 PM,41.806793716,-87.751842849,POINT (-87.751842848958 41.80679371596),C,4,2024,15:21:00
11619ad987fd46ef3369924d5a5f68614aad7252cc685ad79a81e2d25aebf0601d3e69cb62213a466c9d2f643fe5e7306387c6e2d314e13f87cf49ebfe0c249e,2024-04-09 08:00:00,UNKNOWN,UNKNOWN,UNKNOWN,NOT ON SCENE (DESK REPORT),04/12/2024 07:30:00 AM,41.978973027,-87.836733659,POINT (-87.83673365898 41.978973026997),C,4,2024,08:00:00
70ff39bd2ff419b1732d108322ad18381833f5d342e8f3ec140ad3ac853258250372a79caaee0cbc11b475754eaeddb6283a6922bb6c56678298e6f56cc25aa3,2024-04-12 14:30:00,CLEAR,DAYLIGHT,UNKNOWN,NOT ON SCENE (DESK REPORT),04/12/2024 05:38:00 PM,41.761936607,-87.626635614,POINT (-87.626635613963 41.761936607048),C,4,2024,14:30:00
196ab8b0f6f79af27ec9e00f007f568937097e46b5daecb215ba8579f293956b4f2e751f3bf212b30669e7a351862aff1a3f1c98032e702827943eb0cb839178,2024-03-23 05:50:00,CLOUDY/OVERCAST,"DARKNESS, LIGHTED ROAD",WET,ON SCENE,03/23/2024 05:51:00 AM,41.779853803,-87.631809648,POINT (-87.631809647996 41.779853802992),C,3,2024,05:50:00
365c6bcf51e0ae4360b6f57301924c77749c6f45b71d76a1eb3355ace8087f809a73616e13b4454faa8fd402902f0fe88361614062c0c982e7243e54e8936139,2024-03-29 17:05:00,CLEAR,DAYLIGHT,UNKNOWN,NOT ON SCENE (DESK REPORT),04/07/2024 03:15:00 PM,41.967335925,-87.714699772,POINT (-87.714699772012 41.967335925025),C,3,2024,17:05:00
d58badd148663cfce2bddab665aa258b7d7bfd3dc0025b35bc0e15130d77c8e7c38069dd25bcde3455cb05005708bee662cf13a2e3362b1122b2262ab199ac6f,2024-03-29 09:43:00,CLEAR,DAYLIGHT,DRY,ON SCENE,03/29/2024 09:54:00 AM,41.882211292,-87.710898608,POINT (-87.710898608036 41.882211292041),C,3,2024,09:43:00
fa8b1d5335b98d5e220076c0be405f81d60436dfabfda6afb6f87af64802e25ddf72c5869f54f6cd88ce8b0fa3ebc9e3ccdfb748172bf306d7d9a1ae58e32ed9,2024-04-17 09:30:00,CLEAR,DAYLIGHT,DRY,NOT ON SCENE (DESK REPORT),04/17/2024 10:00:00 AM,41.759853407,-87.644338447,POINT (-87.644338447024 41.759853407033),C,4,2024,09:30:00
f08ceb5d58f474204a24e01a6ff707a150b595415d019a88bc1c5e5bf8393a0efc539bb3aeb7093c97b8d30bcbfc09c0ed972e1a5b2107888475508f15eadc30,2024-05-01 21:31:00,CLEAR,"DARKNESS, LIGHTED ROAD",DRY,ON SCENE,05/01/2024 09:31:00 PM,41.765563782,-87.624825828,POINT (-87.624825828045 41.765563782008),C,5,2024,21:31:00
66bffdc007d1243e8e36b420d0be2f6e5b419c7e92e630a1c1ea4e2987bf78191d8916185086fc02076e77574fb9f44dcb848ccc6f0082ac2329807daeff9994,2024-04-18 08:20:00,CLEAR,DAYLIGHT,DRY,ON SCENE,04/18/2024 08:28:00 AM,41.924550441,-87.730586493,POINT (-87.730586493001 41.924550441008),C,4,2024,08:20:00
bd819fdb97c74891b27722f5e4c4f7b281a964da8eb6de85cbc08263dc8ddf8aec1872528c4c4841df54e534ced8f79a929d9bfa281dbd56105e44b5411aab9a,2024-04-18 19:52:00,RAIN,DAWN,WET,ON SCENE,04/18/2024 07:57:00 PM,41.954046293,-87.678812012,POINT (-87.678812011999 41.954046293036),C,4,2024,19:52:00
d804c6aa3521ea8f31ff35da355f0f0d201cf11346fcb5104055095143b2bb8a282afc37c928c551e72865183fa55aa8a590acd1e3c5d48ff2e560e90e193a96,2024-04-18 12:30:00,CLEAR,DAYLIGHT,DRY,NOT ON SCENE (DESK REPORT),04/18/2024 01:00:00 PM,41.954105717,-87.693290369,POINT (-87.693290369008 41.954105716988),C,4,2024,12:30:00
fbdf7f561a84ffe7c7f5337a75e58b3f39bb5082036418e0a560caa0c6022bc7c390344f5a7407bf347a7e19ed759e50ad0d0adf516b2ba2d95bcc4c27315bde,2024-04-19 00:00:00,CLEAR,"DARKNESS, LIGHTED ROAD",WET,ON SCENE,04/19/2024 12:00:00 AM,41.853986607,-87.686283397,POINT (-87.686283396972 41.853986607022),C,4,2024,00:00:00
6c105776d0d585e7f09b13b27460906fd372c39a9bd4eecaa05dbbc6b1326dd811c2f52a45b86552956640468228afb50b2df19037d947ceb935eb7457f6f0c1,2024-04-19 18:30:00,CLEAR,DAYLIGHT,DRY,NOT ON SCENE (DESK REPORT),04/20/2024 12:11:00 PM,41.985976968,-87.78782345,POINT (-87.787823450015 41.985976968036),C,4,2024,18:30:00
b7717640312d316bceac2fbf1fc2e6b1750b54eb98f878468dacfcbe35a5d9b4b3f30ca1e0558375d3dcaf53f6bb384b2a5937b13e5c03c525d1537160e3e385,2024-05-02 09:00:00,CLEAR,DAYLIGHT,DRY,ON SCENE,05/02/2024 10:10:00 AM,41.868128454,-87.704440493,POINT (-87.704440493 41.868128454043),C,5,2024,09:00:00
45f769e47385f6df57819d2e44379104e51002454eaa160775c47142197814c4abc80c342801e0f5b2aa82a0d7711c25981fa35e1c666a74fccb39c6818dc3d2,2024-04-20 23:30:00,CLEAR,UNKNOWN,UNKNOWN,NOT ON SCENE (DESK REPORT),04/21/2024 01:37:00 AM,41.877175235,-87.625915327,POINT (-87.625915327041 41.877175235039),C,4,2024,23:30:00
df4db2e93c9b56eca212324c57b677c5248739da17f3f7615b437209c2fc2faba9da947589e1284028566079f885cc7132ed0ac0359d597ba762b41e6f4f1807,2024-05-06 10:30:00,CLEAR,DAYLIGHT,UNKNOWN,NOT ON SCENE (DESK REPORT),05/06/2024 11:00:00 AM,41.852254789,-87.673538705,POINT (-87.673538704968 41.852254788984),C,5,2024,10:30:00