CRASH_RECORD_ID,CRASH_DATE,WEATHER_CONDITION,LIGHTING_CONDITION,ROADWAY_SURFACE_COND,REPORT_TYPE,DATE_POLICE_NOTIFIED,LATITUDE,LONGITUDE,LOCATION,CRASH_TYPE,CRASH_MONTH,CRASH_YEAR,CRASH_TIME
02aff071b57e987a505c428963a1febdccd4a374e7813b60e6434e425216960537ed30a07b45f2c952b6a124051e5e01bf81d06228e8ad16043c9cadb13d2a1b,2024-05-07 15:38:00,FREEZING RAIN/DRIZZLE,DAYLIGHT,WET,ON SCENE,05/07/2024 03:38:00 PM,41.755803801,-87.673232706,POINT (-87.673232705986 41.755803801009),C,5,2024,15:38:00
7d56b044bd5c091618fa0a6796a16746afc6132174d152834cb643b695cd1e2f3b8be8a1b5bd803149f948f4e4b4b00cc815d5e7f547da5bfdd3e414dd70c713,2024-04-23 19:50:00,UNKNOWN,DARKNESS,UNKNOWN,NOT ON SCENE (DESK REPORT),04/24/2024 01:20:00 PM,41.911346824,-87.733847951,POINT (-87.733847951032 41.911346824028),C,4,2024,19:50:00
7d85be6aee05dd341aa11ddd6ca53af6279a3c24c6dc7065d0ee2e0702c876081bbde9f4ed6f635d69b4be37a0c40a18327d56bff0971bcb667c5004b7950166,2024-04-23 12:06:00,CLEAR,DAYLIGHT,DRY,ON SCENE,04/23/2024 12:16:00 PM,41.996408885,-87.787336766,POINT (-87.787336765987 41.996408884965),C,4,2024,12:06:00
6a53a62da43611b4e60c6220ef1955a3ac6e56aa38da21b0bceca0c3fb3e10d246dee67e182f2b029eabf4bfef2dfa65a447ca6d9d71e20826cab05ba72b34cc,2024-05-02 13:11:00,CLEAR,DAYLIGHT,DRY,NOT ON SCENE (DESK REPORT),05/08/2024 12:13:00 PM,41.874917987,-87.688836561,POINT (-87.688836560991 41.874917986977),C,5,2024,13:11:00
003c62af93853af5e70e24920415a2d0944c60976c665ccef3b1b1feef3d6d40faee6eeee448503e7f7fb32a611e1bf8cb9001c41e1b02f9186d17c608235e35,2024-05-08 15:24:00,CLEAR,DAYLIGHT,DRY,ON SCENE,05/08/2024 03:24:00 PM,41.766306504,-87.690775341,POINT (-87.690775341033 41.766306504029),C,5,2024,15:24:00
41e4978aa8ca7fa77ed15006be5ef913dedaab859d738bfb492e8e60e0496c172c9f3de3e3241553078e6e82332022b8f0c1d8d49da44256a583eae947771f4e,2024-05-04 19:39:00,RAIN,"DARKNESS, LIGHTED ROAD",WET,ON SCENE,05/04/2024 08:00:00 PM,41.866987673,-87.734851097,POINT (-87.734851096954 41.866987673005),C,5,2024,19:39:00
b0da5ee56ea0baaa13fd6be5caad29cbea64dfa797822a72e5fe93198ba88b371094f444062b78491816431656c01207ebdc03e960f37a1755b28f0671e55b84,2024-04-24 09:40:00,CLEAR,DAYLIGHT,DRY,NOT ON SCENE (DESK REPORT),04/24/2024 09:45:00 AM,41.924888953,-87.700379982,POINT (-87.700379982012 41.924888953039),C,4,2024,09:40:00
e2f6fe27ebe1ca78d7604560779c81c440eaee429bb0d13aa9a1ec0cdcc2f4900c809a30087fa986a1ee510e2dabb5de372995b04ae1bcf96902c95ad36f1ea7,2024-04-24 18:30:00,CLEAR,DAYLIGHT,DRY,NOT ON SCENE (DESK REPORT),04/25/2024 04:00:00 PM,41.977058552,-87.806862678,POINT (-87.80686267804 41.977058551961),C,4,2024,18:30:00
fcf6c1d88c8dc9d360790bd0bde45bf6ac8bea0ec78114900790ba9847881b5319d785a12260b582b6e18d454bb922ea54c0b66937b6d5a4e990777d90cd96c4,2024-05-07 15:15:00,CLOUDY/OVERCAST,DAYLIGHT,WET,NOT ON SCENE (DESK REPORT),05/08/2024 11:35:00 AM,41.924997008,-87.68905401,POINT (-87.689054009972 41.924997008049),C,5,2024,15:15:00
9d5bce58fd6e11704e1b42b0ecdf238289235dcdac7e3930ffd0a5e51f07b0067a1d0fc9ec09e913b60a502538c467d81f77d4ad0e972488f51dac91aa523d56,2024-04-25 08:15:00,CLEAR,DAYLIGHT,DRY,ON SCENE,04/25/2024 08:15:00 AM,41.894689,-87.759476725,POINT (-87.759476724957 41.894689000038),C,4,2024,08:15:00
38ad501b577a30a06ae6d082092b84948279ed9d0bef6f412ce11b40d2302b5dc6d46f87c9fddbb6e53dd87357746635f86c0cb8541b7720ed75ed299fd64fa0,2024-05-10 17:41:00,CLEAR,DAYLIGHT,DRY,ON SCENE,05/10/2024 05:42:00 PM,41.924820733,-87.685301935,POINT (-87.685301935013 41.924820733031),C,5,2024,17:41:00
eec9318f202fb247b686151ed9a3a1f3a0f659aa91ce513f6aff5322796c4e7a151f8038608e6ca8370af31d88fea2f9b151460c5a841e92c01c6789837e058c,2024-05-04 10:52:00,CLEAR,"DARKNESS, LIGHTED ROAD",DRY,NOT ON SCENE (DESK REPORT),05/06/2024 08:10:00 AM,41.990024694,-87.728708871,POINT (-87.728708871015 41.990024694008),C,5,2024,10:52:00
16a08c6a4a4a1f12f53f40ae2ce68783bb5ad3d8c70f7944595fe04527cbea5f88b44e285282b05221d78646e59e4709ea7ebf8b73765739b945b0af0dfa1a20,2024-05-10 23:40:00,RAIN,"DARKNESS, LIGHTED ROAD",WET,ON SCENE,05/10/2024 11:48:00 PM,41.885242209,-87.719701637,POINT (-87.719701637005 41.885242209045),C,5,2024,23:40:00
97edaa3c46dda8a7e0b3408bed80a5773f7ddb8d5d73035eab4325e8309f7df7182a09b702cc6933bf05e2962b9f6d8e570971380fbc521b38c6e3eb895196ed,2024-04-27 10:00:00,CLOUDY/OVERCAST,DAYLIGHT,DRY,NOT ON SCENE (DESK REPORT),04/27/2024 10:10:00 AM,41.917657471,-87.667476262,POINT (-87.667476261977 41.917657470954),C,4,2024,10:00:00
1b8e1d51900a11f6d91e949be276574476cd5113de3181d107883da40e2a7af634a96096f974579e35fceb5fe924546cb4af0b86c142b1266cfe1bd44545252f,2024-05-12 13:34:00,CLEAR,DAYLIGHT,DRY,ON SCENE,05/12/2024 02:06:00 PM,41.903913701,-87.759163156,POINT (-87.759163155952 41.903913701048),C,5,2024,13:34:00
30d032a1c9240e59e23950ac338181df1c42032818c1238f2828caf2cd1d326a0c5626d63435cf242d5bec02449a86ae37012b6fd206a44fea27cfd67c9688ea,2024-05-11 10:50:00,CLEAR,DAYLIGHT,UNKNOWN,ON SCENE,05/11/2024 10:54:00 AM,41.809572517,-87.611394621,POINT (-87.611394620986 41.809572516992),C,5,2024,10:50:00
41af5e7496c4c8cf76c08a7a5bb62609bff1c74f5fd25a233ff1110c104be3217e2459e164cead7b46d42de0f1f54c3a1a45452866ca00065bde85409f49283b,2024-05-11 15:25:00,CLEAR,DAYLIGHT,DRY,NOT ON SCENE (DESK REPORT),05/12/2024 03:25:00 PM,41.741803599,-87.740953582,POINT (-87.740953581987 41.741803598989),C,5,2024,15:25:00
32f899392f1eece735b9ad2dbd1c3b54f46f93ebc53dbf126fa89f3c897856ee39013007199e6c506d64f2a6c88f7850b0d308e50b2a01c371ee17353bf0bb03,2024-05-12 09:46:00,CLEAR,DAYLIGHT,DRY,ON SCENE,05/12/2024 09:46:00 AM,41.903536788,-87.661859583,POINT (-87.661859582959 41.903536788031),C,5,2024,09:46:00
5a14de91682b3a332b3393439e011ebe1f8aefcb5ee5d4e955093252f10419e6698ab352ae5c219fe7c358b80353958bc169355b2be67e2ac7f0021815b7544b,2024-05-12 14:15:00,CLEAR,DAYLIGHT,DRY,NOT ON SCENE (DESK REPORT),05/12/2024 03:40:00 PM,41.807999566,-87.596656162,POINT (-87.596656162019 41.807999565956),C,5,2024,14:15:00
5cc0c4b920cf11b5ddc520d8c50df826493098828e017ad5c748552b39f6e02b9ab79b79025aee35e42f704e0d01d32f5a0430a2082b78d03397804ded4541e7,2024-05-07 11:35:00,RAIN,DAYLIGHT,WET,ON SCENE,05/07/2024 11:37:00 AM,41.838299776,-87.623296812,POINT (-87.623296811988 41.83829977603),C,5,2024,11:35:00
4422d7f701a9ba33189f4a244b1f22fc6c1e5cb0797d8fbea18213f8884cfc16a0dbb941a4417e74b60430a2ad0711398ff3769595109c63d49ff0e9c01870a3,2024-05-12 23:52:00,CLEAR,"DARKNESS, LIGHTED ROAD",DRY,ON SCENE,05/12/2024 11:52:00 PM,41.990304614,-87.704312836,POINT (-87.704312836005 41.990304613989),C,5,2024,23:52:00
be69f4fe1b4c83460cf47d32f1df3910c6862c939b7257f1c36f0fb585ad2fd58878dc4ff83641663f4f7c9669798ab9f03d39254097d22596e1f02cf35dd9bd,2024-04-29 16:15:00,CLEAR,DAYLIGHT,DRY,ON SCENE,04/29/2024 04:15:00 PM,41.96573506,-87.736903212,POINT (-87.736903212031 41.965735060026),C,4,2024,16:15:00
66696ad650430d81207f6eadb3a637d02e8f02d8b0c576fc1cdd8f3f2c672da5362c617b1221e97525426767415f0d35ef0a0a1bb8d8b065d1bb8a9ba3697fab,2024-05-13 15:50:00,CLEAR,DAYLIGHT,DRY,NOT ON SCENE (DESK REPORT),05/14/2024 04:47:00 PM,41.854109895,-87.670850799,POINT (-87.670850798988 41.854109894957),C,5,2024,15:50:00
2f279170ca83f25d8915ee576c36e7b5ca4acc8a8deb48a8cd97207f4fe974e3f92c9e592ae4a5167436ece8e0da5731333300b0c98bb3ea250b2405676ac4e8,2024-05-13 18:00:00,CLEAR,DAYLIGHT,DRY,NOT ON SCENE (DESK REPORT),05/14/2024 10:10:00 AM,41.942309044,-87.728888223,POINT (-87.728888223005 41.942309043989),C,5,2024,18:00:00
c04861a9ef3a0ae99d5b8dfb75194c479d7a3b9158c72dbb5be4495aac96cf771020f8a970400ce413ac84c99c65648bdefb087da3851f88d83345e434ff878b,2024-05-13 12:30:00,CLEAR,DAYLIGHT,DRY,NOT ON SCENE (DESK REPORT),05/14/2024 11:59:00 AM,41.785387445,-87.606183761,POINT (-87.606183761008 41.785387444959),C,5,2024,12:30:00
6e1233ff1c1d88226dcc7d45744579075203f8088e5fbc66eeaae41a325a98fac3ecc294c45e5593b4ff0f9cdd8884a1db629f2a1e83d5f76da65d10361bcb11,2024-05-13 14:30:00,CLEAR,DAYLIGHT,DRY,NOT ON SCENE (DESK REPORT),05/14/2024 11:10:00 AM,41.990304614,-87.704312836,POINT (-87.704312836005 41.990304613989),C,5,2024,14:30:00
033152ede32c91c0a411f9dc0a1e6f203d4e2a446751e7d9eb95dc42830e0770c0974ba89c3a0fcc4d6ef3a11bab4ab4d5b0b9251fab61b2fbf69b1d090cb486,2024-05-13 12:40:00,CLOUDY/OVERCAST,DAYLIGHT,WET,NOT ON SCENE (DESK REPORT),05/14/2024 01:45:00 PM,41.785387445,-87.606183761,POINT (-87.606183761008 41.785387444959),C,5,2024,12:40:00
1f463bac014cb2982eb4793a192506168b0047f81028c31bfd2f739141097b2e8f1955a368922c8ff7ae886501f176fb424694f9f2c857e7212fe72e237248d5,2024-05-14 15:35:00,CLOUDY/OVERCAST,DAYLIGHT,DRY,ON SCENE,05/14/2024 03:41:00 PM,41.983533963,-87.793038442,POINT (-87.793038442022 41.983533963033),C,5,2024,15:35:00
1c0e501aa66e14b0cc1771e9435fe901d497172b9235071f364fc23f4d221c6c138e9a1344dc424724172575ef914a099197578c21353c30e88a089582c49715,2024-05-14 20:20:00,CLEAR,DUSK,DRY,NOT ON SCENE (DESK REPORT),05/14/2024 09:50:00 PM,41.744151639,-87.585945067,POINT (-87.585945066953 41.744151639042),C,5,2024,20:20:00
a3d336949ea50b5ab1d748c41e5931821b48b8c3016f2fcbf4a7d14e39f3ae64c8e0880d2767819e1902dc773568335250b7e507d5afa2e57167b5e907c35ff4,2024-05-15 08:10:00,CLEAR,DAYLIGHT,UNKNOWN,NOT ON SCENE (DESK REPORT),05/16/2024 01:37:00 AM,41.832771331,-87.685235314,POINT (-87.68523531401 41.832771331043),C,5,2024,08:10:00
d897bcb126a1ca684e1625b91bdf6132202c8daa33c30ae7f2b2ddf3208ffd795e822c76e67fb1e644aa3f3692f484122ab28e228ffb5e5231e7719c1f1dfa26,2024-05-02 18:30:00,CLEAR,DAYLIGHT,DRY,ON SCENE,05/02/2024 06:30:00 PM,41.839090078,-87.660546547,POINT (-87.660546547026 41.839090078014),C,5,2024,18:30:00
263538dde9ec733047ab100022e0f94b3c87c203ce0a14cba77172873b4cc483e0135ac721ee7713d3f8eb0facb422273fd23fd0730cb003243156840318ac03,2024-05-17 14:40:00,CLEAR,DAYLIGHT,DRY,ON SCENE,05/17/2024 02:42:00 PM,41.977058552,-87.806862678,POINT (-87.80686267804 41.977058551961),C,5,2024,14:40:00
b26aa121c5590e23f0c6a7fa65518ebd1010f15ca9a343d0b9e850ae40fb86a426c06d0eec220ccbfdc75ce7a383956d0775da148bb736880764bd6da2c2d754,2024-05-03 08:30:00,RAIN,DAYLIGHT,WET,NOT ON SCENE (DESK REPORT),05/03/2024 09:30:00 AM,41.924490094,-87.717288131,POINT (-87.717288130979 41.924490093998),C,5,2024,08:30:00
f47bce6dca3fc24db3118fd54ad49ccd98e0ca35a6976bb030b9b0eb85fe1b457b5d9c8ab25a1b67353c52b8d2c3a7a29613532d2cd82e6d8c867a51f3fd46e5,2024-05-03 17:40:00,CLEAR,DAYLIGHT,DRY,ON SCENE,05/03/2024 06:01:00 PM,41.793378954,-87.584053824,POINT (-87.584053824031 41.793378954013),C,5,2024,17:40:00
37f62fbe4916d5c91f3e786e1f92aa8206ccd53053853c1dbe3cb720fe54b568364276c4b2f93971061057cf0ae110060e20cc79f929cd5874a0ffa53f32c15c,2024-05-18 14:03:00,UNKNOWN,UNKNOWN,UNKNOWN,NOT ON SCENE (DESK REPORT),05/18/2024 03:50:00 PM,41.9788629,-87.665653293,POINT (-87.665653293005 41.97886290003),C,5,2024,14:03:00
357587e2d7a96f74b99a73f3fdb686484bd910510448115ea66eacb407cd6f802d40a5d74ea5bcb4c509bc2515b8902be119c2c14be858ab215eb7c590b3dcab,2024-05-17 18:00:00,CLEAR,DAYLIGHT,DRY,NOT ON SCENE (DESK REPORT),05/18/2024 03:40:00 PM,41.787840428,-87.710687622,POINT (-87.71068762201 41.787840428005),C,5,2024,18:00:00
7f1757fb0500d8610157d9bc986c2a1ef37358047a1e94f6ba7b1a1d58f49601a985c70fd971224c2b8f61bb4fff8d82a50f8d060f440690f86c505cc6a27a3f,2024-05-18 10:45:00,CLEAR,DAYLIGHT,DRY,NOT ON SCENE (DESK REPORT),05/18/2024 02:00:00 PM,41.891621161,-87.624253929,POINT (-87.624253929022 41.891621161011),C,5,2024,10:45:00
773144811359d7ffc02f6ac56efc12a90687916d234046f1e30cdc59c809141d15226441d25cb73755ab60a91130b2a4b3b76757733edf817167c6a9adc5e9a6,2024-05-04 05:15:00,CLEAR,DARKNESS,DRY,ON SCENE,05/04/2024 05:37:00 AM,41.739127507,-87.682448844,POINT (-87.682448843983 41.739127507001),C,5,2024,05:15:00
32f351ef92cc0e97976980a75738b8809db1c3097fc0a6fe3074586896cb650234a254f7c934a9d2c4a1b0e5b267a4427fc3996a7449a31fd812bd24cc541d49,2024-05-19 00:20:00,CLEAR,"DARKNESS, LIGHTED ROAD",DRY,ON SCENE,05/19/2024 02:10:00 AM,41.762275605,-87.633517988,POINT (-87.633517987978 41.762275604958),C,5,2024,00:20:00
bf2d1e0c08a579ef11bdda4d4a3cbf66e2d72609a99cbf08b1a16cc58c9e9fe4777bc8081ac5060968d0781720984b8f875f0878f220fe5a9138d2ab64e01b4b,2024-05-05 19:47:00,CLEAR,DARKNESS,DRY,NOT ON SCENE (DESK REPORT),05/06/2024 06:30:00 PM,41.899224596,-87.696642375,POINT (-87.696642374961 41.899224596015),C,5,2024,19:47:00
cf36073b5ff644011ac690b22b64930b1999eb61884898198488063d5bbb80bbd1d45dc587bd4be746f36b6f7188db37b0c7a4e745a1ec2a2317b53125a792f7,2024-05-05 14:49:00,CLEAR,DAYLIGHT,DRY,ON SCENE,05/05/2024 02:49:00 PM,41.784946951,-87.671685498,POINT (-87.671685497986 41.784946950991),C,5,2024,14:49:00
ff5cd4466494a8c2918d9b1d223e6c830f31a5fac93290abd3f506050ed6925b69471b119efb26ed3e15d2cb902ea60feee7848f752f9c0a5a88db9c1bcf469c,2024-05-05 17:11:00,CLEAR,DAYLIGHT,DRY,ON SCENE,05/05/2024 05:13:00 PM,41.964345646,-87.736963106,POINT (-87.736963105965 41.964345645991),C,5,2024,17:11:00
a238fc72aa8eee54e8bd0e86eaf2bd14164f59348bf1683768ac1ec75caf05532653df8b32163679646af4fc9ca66f2841ade78840476fdd2554ee7c0b4c6a34,2024-05-18 17:30:00,CLEAR,DAYLIGHT,DRY,NOT ON SCENE (DESK REPORT),05/20/2024 06:30:00 PM,41.807744443,-87.668444485,POINT (-87.668444484982 41.807744443032),C,5,2024,17:30:00
51c733bb706208fc244eb3d99e5413a59048bcdda0869e9b1fe1fc2eb9fb83f7f0791c3cad0ec4ad54b2502182cd17a356a6e86f45942ca0d277cca98bd14178,2024-05-06 18:56:00,CLEAR,UNKNOWN,DRY,NOT ON SCENE (DESK REPORT),05/06/2024 06:56:00 PM,41.938266954,-87.795761499,POINT (-87.795761499004 41.938266954026),C,5,2024,18:56:00
eceeb0a77b391ec7c18e6a46149c11cb7d1b51bd3d42eff86a3cfb1ddeafb2b6b0ba854db545d97785a200b11156d8a2c6bbeb4434163b47ddde3ec23f5b1514,2024-05-06 17:20:00,CLEAR,DAYLIGHT,DRY,ON SCENE,05/06/2024 05:36:00 PM,41.707483157,-87.681801977,POINT (-87.681801977018 41.707483157008),C,5,2024,17:20:00
0ba199520565184a5699c5711d096b44f2e8a50dcf3b4990dbb3d5b72df5949c694995ada984d3443b0b561857f0404764ff1ae8e91645c969e290142af92ce3,2024-05-21 08:09:00,CLEAR,DAYLIGHT,DRY,NOT ON SCENE (DESK REPORT),05/21/2024 08:52:00 AM,41.867300171,-87.627683894,POINT (-87.62768389401 41.867300170955),C,5,2024,08:09:00
0969b9233383a759d70c52fabcd0e148d8dee6a3bf15b1642c716880954ebabd4e2b130a341de30cc21cf82329a53d1c6d45516ba370fde39f976de2c03274b8,2024-05-07 15:40:00,CLEAR,DAYLIGHT,DRY,ON SCENE,05/07/2024 03:54:00 PM,41.898953023,-87.721373141,POINT (-87.721373140994 41.898953023039),C,5,2024,15:40:00
106c859089ad9b6c0ec6aac789d8a0eb6540421bca8aa4d6694206c3881ca779716ce1589d8cdc4d561de54ae88e30b4ba594fd1b82fd29d394f9b0c4a4801b0,2024-05-07 15:20:00,CLEAR,DAYLIGHT,UNKNOWN,NOT ON SCENE (DESK REPORT),05/07/2024 11:00:00 PM,41.939587486,-87.68609523,POINT (-87.686095230016 41.939587486024),C,5,2024,15:20:00
f5eb550164b2b2893c08c9e8ca9bf4cbb65a9d2bb126c198f0e11aad202944cac1367c02067a0d14344964a32fc36beeb45d4615967d23cc1e951269d588d5e2,2024-05-07 15:05:00,CLEAR,DAYLIGHT,DRY,NOT ON SCENE (DESK REPORT),05/07/2024 04:40:00 PM,41.744151639,-87.585945067,POINT (-87.585945066953 41.744151639042),C,5,2024,15:05:00
89e835bc29da511329d5134231808fb915286f7e6cf77cd83a900501a256dc8784cd3013e1bd7ee52cf527e73ba3fc045c8f535b390bdc70cb1852787cd36bed,2024-05-21 12:58:00,CLEAR,DAYLIGHT,DRY,ON SCENE,05/21/2024 01:19:00 PM,41.994350631,-87.764730833,POINT (-87.764730832986 41.994350630951),C,5,2024,12:58:00
2dd28984b553fd76b31ee75b4be0aaa1a487278c1fd86ceaff18d97bf7a05f5c7d2f0733c7e85a182a9f60ce68bbad04b4c1a94a76e51fb65a0ff6e2b7b8d74d,2024-05-22 09:58:00,CLEAR,DAYLIGHT,DRY,ON SCENE,05/22/2024 09:58:00 AM,41.694833781,-87.652031082,POINT (-87.652031082002 41.69483378104),C,5,2024,09:58:00
2513e7f99bdc3a800189995bb420444236936e40ac607f6f3f68ea3b13d2af5f031c47cc9b844645dbce3672c967c0260d416cfcd78e3702e80c533612b7bd21,2024-05-08 13:15:00,CLEAR,DAYLIGHT,DRY,NOT ON SCENE (DESK REPORT),05/08/2024 02:30:00 PM,41.969261067,-87.650422729,POINT (-87.650422728959 41.969261066974),C,5,2024,13:15:00
db34560793e899c6f6638782e9afed0787f566b8f886234a76c63183cc830ad802b7f31234a923b0b88711029305fb8cdf45f02e2b0c5196245d004e02480f7e,2024-05-08 14:50:00,CLEAR,DAYLIGHT,DRY,NOT ON SCENE (DESK REPORT),05/08/2024 04:25:00 PM,41.899714227,-87.671209124,POINT (-87.67120912402 41.899714226969),C,5,2024,14:50:00
49354a451ec7327c94b47af63ed37ada08196b5a0abbdc9b91e0c766345976df7186422a49fc9476819d651422447057418f9dfa8cae68dff928383243574fb1,2024-05-23 11:28:00,CLEAR,DAYLIGHT,DRY,NOT ON SCENE (DESK REPORT),05/23/2024 12:14:00 PM,41.861248347,-87.69560597,POINT (-87.695605970043 41.861248346977),C,5,2024,11:28:00
8c5bd406dc0ea1a169918084168b63a2e7dd598c20ed042480e8bfe6180c043df7c59eb10b2346a30331b634b9361c3fa82b0761a429862b63fe3d35feb6c034,2024-05-09 18:21:00,CLEAR,DAYLIGHT,WET,ON SCENE,05/09/2024 06:23:00 PM,41.844607515,-87.694804642,POINT (-87.694804642033 41.844607514956),C,5,2024,18:21:00
a9ea0cf68b6469792054ea0a87081195625a4b48c5c22e95b28d181eb542c39402c12c72cc0223432849b8f033297ef3a44e6fe3964bde13e457220621fa243b,2024-05-09 08:27:00,RAIN,DAYLIGHT,WET,NOT ON SCENE (DESK REPORT),05/09/2024 09:25:00 AM,41.749903242,-87.707348392,POINT (-87.707348392008 41.749903241984),C,5,2024,08:27:00
cd3b53c9a1144458bdf8e07cb9d1c7bf4ea90211483534cb756fa31b4a43e0f343ed3430336e5b3c296e853bf4a26e11a3e072b8ae57f2bdbe20af4da94286be,2024-05-09 18:45:00,CLEAR,DAYLIGHT,WET,ON SCENE,05/09/2024 07:00:00 PM,41.969043242,-87.74790214,POINT (-87.74790214005 41.969043241977),C,5,2024,18:45:00
05f2b165363b5889b2a2fa28bc4aac9cc9fca1bd3e078b653af41ee7f9ea28e5fe24d69b472f87bd0fc1480ba479685298ca0ef2ab1693a0d5b46fb8a7e3664f,2024-05-23 20:40:00,CLEAR,DARKNESS,DRY,ON SCENE,05/23/2024 08:56:00 PM,41.749903242,-87.707348392,POINT (-87.707348392008 41.749903241984),C,5,2024,20:40:00
2cab3d561cd12fde0e4ca5e5fca3973b5910fc19b03f371661ad3a10ca27b696bd295fe93a93b3e015bea50bbd97a58ffdf5a7a4547d66ac63658e91e61c044e,2024-05-23 15:14:00,CLEAR,DAYLIGHT,DRY,ON SCENE,05/23/2024 03:25:00 PM,41.974645684,-87.659970179,POINT (-87.659970178971 41.974645683985),C,5,2024,15:14:00
76cf7a5865dce844697c89c3bdf9010921a3232c15beda69d221146745dd0bafbfa5972ad42dc75195515f40e93c5457ce6e7c0d829cc1c27f5adfb8062f7776,2024-05-23 10:48:00,CLEAR,"DARKNESS, LIGHTED ROAD",DRY,NOT ON SCENE (DESK REPORT),05/24/2024 12:27:00 AM,41.929496035,-87.653604396,POINT (-87.653604395975 41.929496035006),C,5,2024,10:48:00
d370608cdf287bffb65968ba24be3f70249b22e7795d95bc182736321820774bd661ce3e7f349d59244ce4c09e52498fce8c4e94e6d095287107cce0d7c424ad,2024-05-10 07:30:00,CLEAR,DAYLIGHT,DRY,ON SCENE,05/10/2024 07:39:00 AM,41.735617968,-87.682663369,POINT (-87.682663369002 41.735617967973),C,5,2024,07:30:00
430b7533d0923ec5be8f30ebf3c87822726ab72c900a8d8daeb27d2eeab3ebe05e34292bb586cad86582b14da546f30fd755414069c50dbf95a1d785f393a28e,2024-05-25 15:28:00,CLEAR,DAYLIGHT,DRY,ON SCENE,05/25/2024 03:31:00 PM,41.998083252,-87.808397703,POINT (-87.808397702977 41.998083251992),C,5,2024,15:28:00
4abc41068d83283e25c5c116a2a3f82b805d6e66496a51b89cbd4957a6626b81bb7da1667168aca24691584fa53b5de08ce1f80b3dfaac2ad882811325aab9df,2024-05-11 12:30:00,CLEAR,DAYLIGHT,DRY,NOT ON SCENE (DESK REPORT),05/12/2024 11:15:00 AM,41.706714203,-87.653813468,POINT (-87.653813467968 41.706714202986),C,5,2024,12:30:00
cc338136b14d484a27fe2084960da30a0b018ab626b7cea68b40390f9659e3c6eea8ed40534463e35f9eb28ba44d4630697018b0f38c61b52567fda3cab400a2,2024-05-11 04:05:00,CLEAR,"DARKNESS, LIGHTED ROAD",WET,ON SCENE,05/11/2024 04:08:00 AM,41.735617589,-87.669285839,POINT (-87.669285839025 41.735617589025),C,5,2024,04:05:00
d97784db7731f57527fb3d91a913da7a995aee1ba10418376f71406fc0a0d23bd9c81de0d634d66d2acb367f641dc7a17f3e1d5bc792ba41640ccb78c3683480,2024-05-11 07:00:00,CLEAR,DAYLIGHT,DRY,NOT ON SCENE (DESK REPORT),05/11/2024 07:50:00 AM,41.84434083,-87.711276265,POINT (-87.711276264979 41.84434082995),C,5,2024,07:00:00
f50e9c4685b52fadfb4e8a432e8b7584901b2dd71cb8dad1c2f7c80c71991fdcc8afa12df511a09d43dce59713e37cfa20e9cab795703bc0f647945138435fe9,2024-05-11 09:30:00,CLEAR,DAYLIGHT,DRY,NOT ON SCENE (DESK REPORT),05/11/2024 10:45:00 AM,41.997495257,-87.697056084,POINT (-87.69705608405 41.997495257045),C,5,2024,09:30:00
dbefbb23812bbc52f36b67586d97e2a05c215e43d98aefa02a116c889821011a325e9fd02e27b4798539403ed38f6d7af23a44b6e31b3a187f349ed2416251d4,2024-05-26 13:00:00,RAIN,DAYLIGHT,WET,ON SCENE,05/26/2024 01:47:00 PM,41.794189876,-87.622600564,POINT (-87.622600563979 41.794189876043),C,5,2024,13:00:00
eb6be02a22aacfb7e9b286d6f4aeaae16917a3c2c67390a3b8709e02649638a049efb36e2f9f2cc68fd01e1b3930ac627badda531161d3a4e1b73f743af7948f,2024-05-12 23:55:00,UNKNOWN,"DARKNESS, LIGHTED ROAD",DRY,ON SCENE,05/13/2024 12:07:00 AM,41.741803599,-87.740953582,POINT (-87.740953581987 41.741803598989),C,5,2024,23:55:00
5b1082d53b09a463ccf26652bdd6218a28e9fefafbaf9be695dec894721238e071bf459432b0cdcccdcf786a18bab6a16b70c0dba52f84961a3635af877c43fa,2024-05-26 21:30:00,CLEAR,DARKNESS,DRY,NOT ON SCENE (DESK REPORT),05/27/2024 07:40:00 PM,41.9540133,-87.707870892,POINT (-87.707870891956 41.954013299966),C,5,2024,21:30:00
bd00479c51cdb713c3d9f1dafe6efe84157cc6ed4df03ee162a6310acc1ecd31dfd4f808ec74cfb3865be54d387ab8c13c55abbc1c3c9cef0a2fbfbcbf9ee9e1,2024-05-13 10:04:00,CLEAR,DAYLIGHT,DRY,ON SCENE,05/13/2024 10:06:00 AM,41.909596143,-87.739700644,POINT (-87.739700644014 41.909596142962),C,5,2024,10:04:00
a32b64650eae17150bd824f4013f48745f7fdf76c57620317229d13fb1cc490eaa46f8fcb9b7ab3cac90691b20b39539f9362b1c08e7a9ba8eade97c0b3c8c8c,2024-05-14 16:44:00,CLEAR,DAYLIGHT,DRY,ON SCENE,05/14/2024 05:37:00 PM,41.872005063,-87.759368317,POINT (-87.759368316978 41.872005062962),C,5,2024,16:44:00
f69d437882e45d6b663a2f07ea8f099f6bb83367c314e5a39cd751395e23d659aba9b62366325e3208d6e0cc5e8fc171f3eadb976ddbd76c29374ed64dcdb24d,2024-05-14 19:50:00,CLEAR,"DARKNESS, LIGHTED ROAD",DRY,ON SCENE,05/14/2024 08:10:00 PM,41.917103631,-87.687248767,POINT (-87.687248767006 41.917103631009),C,5,2024,19:50:00