CRASH_RECORD_ID,CRASH_DATE,WEATHER_CONDITION,LIGHTING_CONDITION,ROADWAY_SURFACE_COND,REPORT_TYPE,DATE_POLICE_NOTIFIED,LATITUDE,LONGITUDE,LOCATION,CRASH_TYPE,CRASH_MONTH,CRASH_YEAR,CRASH_TIME
1dc2375bd12454a28b56adaabd574cc5e4cb9dbd5a2065efaf51208cdede4d88404b693c7a3e3d5be74bc9df6aa508ec21e762b448986133da00f69ce8543c9e,2024-05-29 08:30:00,CLEAR,DAYLIGHT,UNKNOWN,NOT ON SCENE (DESK REPORT),05/29/2024 09:30:00 AM,41.995579197,-87.675876884,POINT (-87.675876883986 41.995579196996),C,5,2024,08:30:00
54056726d0cd6e24a75fada4658c0546ea2bdb362eab1d025d6cfabf66dbe3d254fe3a80f2c1462152b85967e91cb3ef3b17ab61c5b433f76882351d3ebb59a0,2024-05-15 16:55:00,CLEAR,DAYLIGHT,DRY,NOT ON SCENE (DESK REPORT),05/15/2024 06:25:00 PM,41.888293034,-87.656736366,POINT (-87.656736365966 41.888293034025),C,5,2024,16:55:00
6a6d00ee4eab0387fbf129bc25c7c94a6c7de4680032167d8555795b05b7a1b75f9d4a9b35e23729a814a2002742e0ccb001914d8744309db560a0876f885a64,2024-05-15 06:45:00,CLEAR,DAYLIGHT,DRY,NOT ON SCENE (DESK REPORT),05/15/2024 10:40:00 AM,41.990024694,-87.728708871,POINT (-87.728708871015 41.990024694008),C,5,2024,06:45:00
659dfac6ce253665176a9fe373d142b5e75ba4f9d5d7e84daca3487c6677986ae161e87c132f98921e0580d9cec15e3c881f5af72d04e78e844d15f5fa85ce45,2024-05-27 00:19:00,CLEAR,"DARKNESS, LIGHTED ROAD",DRY,ON SCENE,05/27/2024 12:37:00 AM,41.886339416,-87.62083615,POINT (-87.620836149956 41.886339416011),C,5,2024,00:19:00
eb766e6aa43a61d7187da948455d6acbcdadaf96eee93e7a8a839d0820a7ca3020032ce5800feb8db9f7387b7b9f02f0c20be1bd0611e3e975d77091d77c9119,2024-05-16 04:00:00,UNKNOWN,DARKNESS,UNKNOWN,NOT ON SCENE (DESK REPORT),05/16/2024 03:50:00 PM,41.920676631,-87.775630269,POINT (-87.775630269041 41.920676630982),C,5,2024,04:00:00
29647c5fd7be20aa88549e2e718f442d9337f9661983b46078f65958513a666ed580bcc44051ef4efbe417b49284d41742dcaa0f09f6a057f4000d270057a810,2024-05-31 09:05:00,CLEAR,DAYLIGHT,DRY,ON SCENE,05/31/2024 09:10:00 AM,41.946132236,-87.65808117,POINT (-87.658081169987 41.946132236007),C,5,2024,09:05:00
b2073cb2fddb00fd827ef9739711958d3c4fe6bbc5e83c52efe3cf7596cf0932f9191146e9a6e843eeaf7485eb5bde5e0ec4bb9c84e30657a046abe8054d08da,2024-06-02 01:06:00,RAIN,"DARKNESS, LIGHTED ROAD",WET,ON SCENE,06/02/2024 01:06:00 AM,41.876926589,-87.745039137,POINT (-87.745039137038 41.876926588953),C,6,2024,01:06:00
4f04d730cde9cb93094461c0d7468eaa61b5b0c6fd968c7aaaf1c2fb4bddc2c68356b2660aab26fc94ca0be9dbbd14cc68193302cdc77f7776a8981f2954fd1d,2024-05-18 15:05:00,CLEAR,DAYLIGHT,DRY,ON SCENE,05/18/2024 05:15:00 PM,41.722066292,-87.535994205,POINT (-87.53599420496 41.72206629201),C,5,2024,15:05:00
89b414ccec4a61769d9b8d08683687bbbb5d41ce06e0d955b0b1369155a7313046827fbe59c2b4613b4ba4c94358761c4a94a4591a9c0d36383fc2e67d3b6b89,2024-05-18 20:16:00,CLEAR,DUSK,DRY,ON SCENE,05/18/2024 08:45:00 PM,41.775869853,-87.722541841,POINT (-87.722541841014 41.775869852993),C,5,2024,20:16:00
d08cedab28a770cbc84c7af2c0a2aac4dc57b1224588de2f113c7ba751251002b0883ab808cee0043a159c96ddbd9df30a7dea96f555d90c9fc5da49c28e66dc,2024-05-30 08:30:00,UNKNOWN,DAYLIGHT,UNKNOWN,NOT ON SCENE (DESK REPORT),06/03/2024 07:45:00 PM,41.756061973,-87.639583836,POINT (-87.639583836047 41.756061972991),C,5,2024,08:30:00
408b24cf31ad5f9e67d9b9551b7358cec15fce347b8fb7c73bbe89c114cdea4bfb343b95ea5ff34f926834c369829d9217b1b0123dc4a010e082d4e34f60b88c,2024-06-02 12:00:00,CLEAR,DAYLIGHT,DRY,NOT ON SCENE (DESK REPORT),06/03/2024 06:00:00 PM,41.771534902,-87.66293297,POINT (-87.662932970026 41.771534901951),C,6,2024,12:00:00
1c40e48e26594f52f2fee10ab18d03b60526e5db25bfecf89d956b48b59850d6e46483ff913b1c028fcb896f8b87ddcf0578d744239780271ffa48d10f8f0d1c,2024-05-20 07:30:00,CLEAR,DAYLIGHT,DRY,NOT ON SCENE (DESK REPORT),05/20/2024 03:55:00 PM,41.762009489,-87.612901284,POINT (-87.612901284021 41.76200948897),C,5,2024,07:30:00
4a8b916c3db8a32131b1fce391d1ce910d569c4322d81fa28087a71f8d41eecbf9fba5708eae0c2340138a48e3dd2d55708203ebb154b764197bd40108ef55b6,2024-05-20 02:00:00,CLEAR,"DARKNESS, LIGHTED ROAD",DRY,ON SCENE,05/20/2024 02:05:00 AM,41.895965538,-87.629615145,POINT (-87.629615144958 41.895965537992),C,5,2024,02:00:00
8ba9947fa4130e6d51c2c2f907bbacfd7d169797de39efd5736b2801ee2d0d7a65045018ee7be01b268afc1c765a4b71e89635f323a33f5c78d034769f3248b8,2024-05-20 08:30:00,CLEAR,DAYLIGHT,DRY,NOT ON SCENE (DESK REPORT),05/20/2024 01:10:00 PM,41.773765662,-87.722781154,POINT (-87.72278115402 41.773765661984),C,5,2024,08:30:00
138bc3f8be023ae7b263330bf75d98a9fba6346f83f69a08d683903fdad175b97056be81eb0e91ed100abb460caf98b62ec8145fbe27ccaf3295f941e6485568,2024-06-04 16:20:00,CLEAR,DAYLIGHT,DRY,ON SCENE,06/04/2024 04:34:00 PM,41.917103631,-87.687248767,POINT (-87.687248767006 41.917103631009),C,6,2024,16:20:00
e304c42e6602ac07a025e4edffbfba3f2b49bbe2a38d29efa7fc548f2608608ad0452351a84ac66e35d6660333232255852b44b9452aea8c763e8f3191b6131b,2024-05-29 07:12:00,CLEAR,DAYLIGHT,DRY,ON SCENE,05/29/2024 07:38:00 AM,41.97600184,-87.689092635,POINT (-87.689092634969 41.97600183997),C,5,2024,07:12:00
3ae9d9fc19ebd7a46ea2aeb83b0a6eb54ef8ff1aec92df8d87dbc0252139a9a64ab6fa34710cb051b4a4baf56b51e73dd65208606852e54fc0330c39563e089a,2024-05-31 23:17:00,UNKNOWN,DARKNESS,UNKNOWN,NOT ON SCENE (DESK REPORT),06/04/2024 03:50:00 PM,41.895088594,-87.721032221,POINT (-87.721032221046 41.895088593981),C,5,2024,23:17:00
a2956989acfbe605f327d2b530638d4084667173eeb3e67e425b4eab7beb6f1f103a56350d9fa8a84a22621656a34e10dbe3b9ad07541000ae613c51164252b2,2024-06-03 16:50:00,UNKNOWN,DAYLIGHT,UNKNOWN,NOT ON SCENE (DESK REPORT),06/04/2024 02:40:00 PM,41.787238652,-87.606122038,POINT (-87.606122037954 41.787238652039),C,6,2024,16:50:00
61c00fb517934640cab23b0bb8ad4cae81d83d8f87e55f004101b2a6b1b5e39e9a9e95578556be44b94d1f27c0dae9259b100c82628f29ee4e6afb54b7894dcc,2024-05-21 15:56:00,CLEAR,DAYLIGHT,DRY,ON SCENE,05/21/2024 04:44:00 PM,41.940313473,-87.712389828,POINT (-87.712389828038 41.940313472966),C,5,2024,15:56:00
74991d9ed0daee2be67e89cf909f39090b11f9437cc5b7f46ea65143e0cc1f216de454747d528303bfc3b439aca40bc70f51b3328155c0cb9f189e5c7bb0854c,2024-05-21 08:45:00,CLEAR,DAYLIGHT,DRY,ON SCENE,05/21/2024 09:22:00 AM,41.787479696,-87.625113529,POINT (-87.625113529031 41.787479695973),C,5,2024,08:45:00
fb27799c3351ed348d1a55ce2099489e332728144cb726aaf09cb740cbed0ae85d56f9ad46e596513f0c64cf87742e21514efcc4528eae5c273e54e365a05467,2024-05-29 21:43:00,CLEAR,"DARKNESS, LIGHTED ROAD",DRY,NOT ON SCENE (DESK REPORT),06/05/2024 01:10:00 PM,41.744151639,-87.585945067,POINT (-87.585945066953 41.744151639042),C,5,2024,21:43:00
0f44e0fe6041e235ef4a849435c1323bff5cb1374d3690b8c636cef8f3de64500c2e99494c64103a3844e07b505429180ebcee2abcf848796cf59ae03e5c9cd4,2024-06-05 11:12:00,CLOUDY/OVERCAST,DAYLIGHT,UNKNOWN,ON SCENE,06/05/2024 11:17:00 AM,41.861248347,-87.69560597,POINT (-87.695605970043 41.861248346977),C,6,2024,11:12:00
31aa23f2a849ad4e6b1f3e28268825d4b4058040ed4dc1bb880db056f9f4ed15fb1a5db95c5b700ce304e98d2271c38900f1b5157ca92ca448d0547e0ed883c6,2024-06-06 03:30:00,CLEAR,"DARKNESS, LIGHTED ROAD",DRY,ON SCENE,06/06/2024 03:34:00 AM,41.814114286,-87.59556299,POINT (-87.595562990043 41.814114286002),C,6,2024,03:30:00
0f308f4732a793f0c2249dcc252f8533e239da73a90ec9d869058c3cf72a24c28a0eb0c7917823fc9a922b1db4c552bfaa12cdbd732690dd86a7bb310c4931c9,2024-06-07 12:32:00,CLOUDY/OVERCAST,UNKNOWN,UNKNOWN,NOT ON SCENE (DESK REPORT),06/07/2024 01:35:00 PM,41.886769177,-87.745355616,POINT (-87.745355615988 41.886769176982),C,6,2024,12:32:00
a6fe580dba52a48b97ed3ef79e9c45656be33d694e3ad6d9b2e69aa311a2ff15bc79ba642bd269ef9a92a2542997f78bfe85f4ffb49053c0ca8aa99382caf30e,2024-05-24 15:36:00,CLEAR,DAYLIGHT,DRY,ON SCENE,05/24/2024 03:57:00 PM,41.82059773,-87.606732486,POINT (-87.606732485962 41.820597729985),C,5,2024,15:36:00
2e92905ea39fa9d4092cbb54d52efc6a1538550fe03c2906bfa8f0c84af59165ddb45c237bcf8443c4feb6f674841a6bc8d2152c9cdb40c942b42c0007773aa1,2024-06-07 15:25:00,CLEAR,DAYLIGHT,DRY,NOT ON SCENE (DESK REPORT),06/07/2024 05:10:00 PM,41.74579217,-87.635369997,POINT (-87.63536999702 41.745792169991),C,6,2024,15:25:00
21f0de478dcda1d5f781019fa5069251292c2845623177714eab70972e6578638a39177029b8917f0e59fc21a0bd67a42d22a132c162b11c3924c880863bb615,2024-06-07 14:50:00,CLEAR,DAYLIGHT,DRY,NOT ON SCENE (DESK REPORT),06/08/2024 01:40:00 PM,41.706949623,-87.631747196,POINT (-87.631747196024 41.706949623016),C,6,2024,14:50:00
9735bcb3918912af5364c09851d33e5934c28f77aae16605d6b37f37d6708aaf652c84e858f6f7e67ce46cd3da3f552ed9e7ec9ec048b11852aa97f0d1ed2297,2024-05-25 15:55:00,CLEAR,DAYLIGHT,DRY,NOT ON SCENE (DESK REPORT),05/25/2024 04:50:00 PM,41.802482449,-87.723659748,POINT (-87.723659747964 41.80248244896),C,5,2024,15:55:00
bce49131c0fdb78ae2d0a6653ad5097ce5824b8e554057487c2a99ba8012b07acfeef87c9e1ec75d9755ecff996f9ce15662a9ba4b0d13f8cbcbc64dca671ab9,2024-06-09 03:27:00,CLEAR,"DARKNESS, LIGHTED ROAD",DRY,ON SCENE,06/09/2024 03:27:00 AM,41.899417277,-87.678564052,POINT (-87.678564051992 41.899417276997),C,6,2024,03:27:00
a60bce0385418f8c355006220807516a591a55cb708b0ebe70b50628a1e7e94fbf243dcdc7837a684b035b4a039d91a8fa118d437e0cdd602412177034fed522,2024-06-09 15:00:00,CLEAR,DAYLIGHT,DRY,ON SCENE,06/09/2024 03:03:00 PM,41.693880739,-87.540257026,POINT (-87.540257026043 41.69388073896),C,6,2024,15:00:00
a570b7a20500e5a0924a8f568c6b75d54ed582f9252c54602756ede49cae4425d2e55266e580da93e7833af5c7058998d4618374153b13a172d836b1c35282f8,2024-06-07 15:00:00,CLEAR,DAYLIGHT,DRY,NOT ON SCENE (DESK REPORT),06/09/2024 05:45:00 AM,41.993380999,-87.815263719,POINT (-87.815263718964 41.99338099896),C,6,2024,15:00:00
818331943505ce5682c01ed287e183b8469ff2e4a5f30636cc9bd131525ea859b9d7c0b0287e3652c41a15570639c47d88e25e4734a09b464c45979eb8212ec8,2024-05-26 12:20:00,RAIN,DAYLIGHT,DRY,NOT ON SCENE (DESK REPORT),05/26/2024 05:02:00 PM,41.705916515,-87.594129048,POINT (-87.59412904802 41.705916515013),C,5,2024,12:20:00
a7550d4f504be46a309e5d13b55dca49a9795dccad9a3ce5b60b901e0c748a93c6ddec22675f3e9cefe10449f750e4a7c1dbfbb7d469fda3670969cfd14ed7d9,2024-05-26 19:55:00,CLEAR,"DARKNESS, LIGHTED ROAD",DRY,NOT ON SCENE (DESK REPORT),05/26/2024 09:10:00 PM,41.917765793,-87.761039505,POINT (-87.761039505034 41.917765793034),C,5,2024,19:55:00
2ef421c68ba0aa6a48c4e19dff4ccca7f84292c7550488aa3354fc363214addbee561ee6f39149a84f42d89a8990978bdd4141649c884095ec63fe5254fecdab,2024-06-09 20:30:00,CLEAR,DUSK,DRY,ON SCENE,06/09/2024 08:31:00 PM,41.857812055,-87.672745767,POINT (-87.672745766951 41.857812054958),C,6,2024,20:30:00
c35847f762571eb7697fee30fa84eeaaddb3110495099e8a79cb6758e556ad6c3593dcfe930855493668567e8ee440b3024b3b4efa48a267436fa308185d38bb,2024-05-27 20:35:00,CLEAR,DARKNESS,DRY,ON SCENE,05/27/2024 08:35:00 PM,41.843955257,-87.694495706,POINT (-87.694495706021 41.843955256958),C,5,2024,20:35:00
464a17046b5f01f844a8c346b4d28faf6aed83abd62dc5d28f45ad90b7af661fedb711d591ff66e203102db32c6174704171a10b0e8ccb015be871b51733c8dd,2024-06-10 13:55:00,CLEAR,DAYLIGHT,DRY,ON SCENE,06/10/2024 01:55:00 PM,41.771888132,-87.696260262,POINT (-87.696260262 41.771888131994),C,6,2024,13:55:00
72dded3335519fdcf9ec7df03a7214ef5037b6b89490896def6b61fc1de8abca5c2ee4cc5c78d5f93aa838f1bbbdb6efd6aba6ac01ce1f14ffa53dc05f20638f,2024-06-02 15:00:00,UNKNOWN,DAYLIGHT,UNKNOWN,NOT ON SCENE (DESK REPORT),06/10/2024 09:45:00 AM,41.80199054,-87.587564806,POINT (-87.587564806 41.801990539965),C,6,2024,15:00:00
aaff2507788e6b63f663564e69d2cb2ac8cab28346f70b7a23f6c0d9013d6188c6e80c736b518af0453a28b83c20b4c8e46492a10a927ab360259c002bed4f48,2024-05-28 17:10:00,RAIN,DAYLIGHT,WET,NOT ON SCENE (DESK REPORT),05/28/2024 05:30:00 PM,41.932407078,-87.677153225,POINT (-87.677153224975 41.932407077992),C,5,2024,17:10:00
993bd38d25b1358bc6b4b872a9893239212bd28438c97e576234e624f39587b6861e53af59441a7684a8410ca4a12476f45a90d8b3b4c20c3665c959134dae5a,2024-06-09 20:45:00,CLEAR,"DARKNESS, LIGHTED ROAD",DRY,NOT ON SCENE (DESK REPORT),06/09/2024 10:45:00 PM,41.850447022,-87.612665411,POINT (-87.612665411036 41.850447022015),C,6,2024,20:45:00
16e8bb6ed6d05fc70258eb5143b4a1aa753116feaf42fed32cc4736fc3290ac6ed4daf1dc24ff61cd07f5583a9941b523d17ad9a7f069c2aa02a2c3dcc82abd6,2024-06-09 08:20:00,CLEAR,DAYLIGHT,UNKNOWN,NOT ON SCENE (DESK REPORT),06/11/2024 09:45:00 AM,41.910208268,-87.687448531,POINT (-87.687448530997 41.910208267994),C,6,2024,08:20:00
9bd03bd8eda0bfe78d9364f3143ae1cd0f43c2300f75083648cd0863505034e44a3909fe26c70e1daf0a796b22f405f2d884cb9da912db624fad860939b5b68e,2024-05-29 11:30:00,CLEAR,DAYLIGHT,DRY,NOT ON SCENE (DESK REPORT),05/29/2024 01:00:00 PM,41.75865379,-87.586246403,POINT (-87.586246402994 41.758653790025),C,5,2024,11:30:00
cf0bda621d098b3afb85a4b778eaf68fd30b368f2840456d0a701ca5099be3ae53fab31dfa2fc968d58c910e6e9cb8a149a3750cc432545004ae4e595e9e4c68,2024-05-29 18:20:00,CLEAR,DAYLIGHT,DRY,NOT ON SCENE (DESK REPORT),05/29/2024 06:55:00 PM,41.75616061,-87.634583596,POINT (-87.634583595966 41.756160610031),C,5,2024,18:20:00
b91f36a4c746cb4d68f521d0da5a438c8b87d0e4dedeee44844d225262f0042def32a824fb536d48478447fbafef245345558171c693de5d4d2ffeba037f16af,2024-05-30 14:45:00,CLEAR,DAYLIGHT,DRY,NOT ON SCENE (DESK REPORT),05/30/2024 04:21:00 PM,41.758245505,-87.626521907,POINT (-87.626521907009 41.758245504966),C,5,2024,14:45:00
eac80bf863d446a778ea99e63cc263593fee8f33c2eb575fa1175145371e641e04161432563e4ae2b3a435a6f485904cf3664145928b0dd58c2262df1c96704f,2024-05-30 22:00:00,CLEAR,"DARKNESS, LIGHTED ROAD",DRY,NOT ON SCENE (DESK REPORT),06/05/2024 11:00:00 AM,41.846972283,-87.736741559,POINT (-87.736741558983 41.846972283031),C,5,2024,22:00:00
e2e98bc50132ab162583fc16eb2cc55e9ed1f710e23c71c65099b72f27a9f6fc1264b15fcdefb15b6b807b208fe4154779dc3463cce2ff398da5619bd4b5ffdf,2024-05-31 16:58:00,CLEAR,DAYLIGHT,DRY,NOT ON SCENE (DESK REPORT),05/31/2024 06:20:00 PM,41.807491756,-87.744319525,POINT (-87.744319524988 41.807491756027),C,5,2024,16:58:00
10c97ca4a3598d5ebf25c3b6d1cdb2021f8fa145d5676d3ff0e8cee5555a73a76182b929759061a245045d66a212d544f54642a76afa1bd513ebe1a1ba8a32e5,2024-06-15 09:30:00,CLEAR,DAYLIGHT,DRY,ON SCENE,06/15/2024 09:34:00 AM,41.8865925,-87.681403511,POINT (-87.681403511014 41.886592499964),C,6,2024,09:30:00
7c7c52225ca28fc260ebb36270134acd7d4bb84cb5b149e0a45ca53fa1c7d3d1925b2b552e301f73c38a977ecdd9cfdf01b41f0d86c7b4f6dd8c2e318b63d6aa,2024-06-01 07:00:00,CLEAR,DAYLIGHT,DRY,NOT ON SCENE (DESK REPORT),06/01/2024 10:00:00 AM,41.79010283,-87.682758752,POINT (-87.682758752032 41.790102829973),C,6,2024,07:00:00
90c5f7cdda51e8feb8089f807c00d655be356516ec0e334c0abb085ca6c7a20fa8924d1940f397c12f5d41b1d39a8d4ad45984089ba52c6b4d51933fe5816424,2024-06-01 07:30:00,CLEAR,DAYLIGHT,DRY,NOT ON SCENE (DESK REPORT),06/01/2024 08:15:00 AM,41.762174118,-87.558927464,POINT (-87.558927463962 41.762174118016),C,6,2024,07:30:00
ec4ec66e36f3a4f4efffbd30caaee74f3e8267e6ef5cde9bf96492018dc9e89fff530b5f2e3f600c8c325af2b3f847bc4c77bf3efdc402ae69555679c81553f8,2024-06-14 15:45:00,CLEAR,DAYLIGHT,DRY,ON SCENE,06/14/2024 03:50:00 PM,41.873212202,-87.746217524,POINT (-87.746217523975 41.873212202011),C,6,2024,15:45:00
91d8f2dc9d17e7b09dc1aefeba674635f38511bfc82ec2e2ac0501d7cda4ed40f8bb1ad0b35f3893b7c78766fdae074192175727623e5364c97f829ac0b49d20,2024-06-17 00:02:00,CLEAR,"DARKNESS, LIGHTED ROAD",DRY,ON SCENE,06/17/2024 12:04:00 AM,41.919298413,-87.677528794,POINT (-87.677528793952 41.919298412971),C,6,2024,00:02:00
539703ff44882a0a0170937affea53fbba2a1e2de8d967a86c01d1e2258c563fdcb450da216a161d505d31c1a5e0292e9d82ce5ee0416a5280a89d227f3e1236,2024-06-15 18:50:00,CLEAR,UNKNOWN,DRY,NOT ON SCENE (DESK REPORT),06/16/2024 02:20:00 PM,41.785387445,-87.606183761,POINT (-87.606183761008 41.785387444959),C,6,2024,18:50:00
1755b1d4a60e225317642bd3ebe125e2b6c2d2afbb63c71e14fdf6e668670c7e9363fd1d1ba784c25204816895c0bbe4974a86e1943cabd4aa0d1a22ebb6c9a2,2024-06-17 17:15:00,CLEAR,DAYLIGHT,DRY,NOT ON SCENE (DESK REPORT),06/17/2024 06:45:00 PM,41.921620305,-87.785233923,POINT (-87.785233923027 41.921620304983),C,6,2024,17:15:00
15c6396482018afcfe208364a7516b32ec542dfdd61cce0a5741965e32f68e76f7d24ee1263c0bca7652532035346f766bb9fcbde881ae25e4bb9beb3b4ddb2c,2024-06-17 05:30:00,CLEAR,"DARKNESS, LIGHTED ROAD",DRY,NOT ON SCENE (DESK REPORT),06/17/2024 06:50:00 PM,41.727236555,-87.629079572,POINT (-87.629079572013 41.727236554973),C,6,2024,05:30:00
85c59660b4d442c2e4af6a6180b1caab598bf89ab48dd14a7ba2fc13c9c8782dd90e60309562a850e6ce9c42d5e9ffea3305314884ae33a66f697beb47306bac,2024-06-18 17:00:00,CLEAR,DAYLIGHT,DRY,NOT ON SCENE (DESK REPORT),06/18/2024 08:03:00 PM,41.75869138,-87.60533417,POINT (-87.605334170015 41.75869137995),C,6,2024,17:00:00
37e41dfcbd54b53beabbd8b3477f2f7389d1f798e5fca8922a2408ae921dd69a0ca223c53c51e9786d412c69632ee3caf23fb9ac25e1dcdf532566a96032744e,2024-06-04 12:36:00,CLEAR,DAYLIGHT,DRY,NOT ON SCENE (DESK REPORT),06/04/2024 01:30:00 PM,41.868088879,-87.677989119,POINT (-87.67798911905 41.868088878969),C,6,2024,12:36:00
d3cc413e75c6e07f3cfb8029d2fb737c035a65c1ade9d5601be700daa6dc85992c9aaf6a3551d5ff174c1c56c156fe1ed94b0903f3a5431a07b396d77974adfd,2024-06-04 20:53:00,CLEAR,"DARKNESS, LIGHTED ROAD",DRY,NOT ON SCENE (DESK REPORT),06/04/2024 10:30:00 PM,41.923045378,-87.658526724,POINT (-87.658526724006 41.923045377991),C,6,2024,20:53:00
30dfc7658f1e92dc6fdd5d0ebc868e74f3539e253ad83fb44484dffddd931cc8a1bab546c5f738bea2fd448d95d0545d8a128057d4ba7e807b49331edf5d5ebc,2024-06-18 17:30:00,CLEAR,"DARKNESS, LIGHTED ROAD",DRY,NOT ON SCENE (DESK REPORT),06/19/2024 02:50:00 PM,41.898491965,-87.760912021,POINT (-87.760912021032 41.898491964963),C,6,2024,17:30:00
225165c3f7572f3c06f832b6cf58355b4341bfd34845ea0024e6491a275f092acc2551e612faf4b80ba648167191e806a160e23919e8eecbc67000dbc72032d6,2024-06-05 14:00:00,UNKNOWN,UNKNOWN,UNKNOWN,NOT ON SCENE (DESK REPORT),06/15/2024 03:35:00 PM,41.977089945,-87.660033687,POINT (-87.66003368701 41.977089944963),C,6,2024,14:00:00
9c039c7cb26d8e051c7b733684af2f05642cde5ef11f7e4a4c8edd0093945ca2c7d8e0d8ed75a99d7f6996551566d5941d64ebb5b8bd27ba72d70b6f44846c2d,2024-06-05 16:00:00,CLEAR,DAYLIGHT,UNKNOWN,NOT ON SCENE (DESK REPORT),06/05/2024 07:00:00 PM,41.924490094,-87.717288131,POINT (-87.717288130979 41.924490093998),C,6,2024,16:00:00
a0d83304dac33d203368fe331c6a59e66915ead80509519d46b68885f8aef425e109b8d278335d1319a0bf540d4a8ad71e925d744fd1513bac6be1ec722dde44,2024-06-05 07:00:00,CLEAR,DAYLIGHT,DRY,NOT ON SCENE (DESK REPORT),06/05/2024 06:00:00 PM,41.963471741,-87.731419722,POINT (-87.731419722044 41.963471741049),C,6,2024,07:00:00
ea0add27b556ea288cb2d03d6fa2e0d17a6978713d8d1c5e336df80f04670fa1a97187a1d131cf64dd2ced3cafbcb646ce4235d8cc72940f6c000336b12a2613,2024-06-05 19:04:00,CLEAR,DAYLIGHT,DRY,ON SCENE,06/05/2024 07:12:00 PM,41.916381427,-87.66618973,POINT (-87.666189730021 41.916381427046),C,6,2024,19:04:00
36e23382af6f1fffb7435ea51491aa920c64cc9bc8c001fa1565ee66a83e9917000829c130af3ca33d1b4b0bdd6cb69f67c0c493f75df1968f56502fea75c23d,2024-06-06 15:15:00,CLEAR,DAYLIGHT,DRY,ON SCENE,06/06/2024 03:16:00 PM,41.713638959,-87.67572858,POINT (-87.675728579995 41.713638959047),C,6,2024,15:15:00
72b647ff61764d0005f4dc6719c54a634e6e544b75e7406b0249b8a4b18037540a463198e65a4a95ad428d494526c7318ea935fb5fea2a18207ab9099ce281dc,2024-06-06 08:30:00,CLEAR,DAYLIGHT,DRY,NOT ON SCENE (DESK REPORT),06/06/2024 09:35:00 AM,41.923069352,-87.786460255,POINT (-87.786460255007 41.923069351974),C,6,2024,08:30:00
7a8b18766c3be0c45ad5d75a346cacabf5dcff32ec9e6bfb5c5edcde9a3617a2bc8b74f1183a50f6ba7b2e0da36c2de58e7258b12ae8308e9fb74e4905844db2,2024-06-06 13:30:00,CLEAR,DAYLIGHT,DRY,ON SCENE,06/06/2024 01:30:00 PM,41.735929271,-87.63843619,POINT (-87.638436190033 41.735929271042),C,6,2024,13:30:00
995877fd71353a69418cbf7e89bbc5bbde321169b38139d52b07f093b2f5379a9a6b2744db819634563571c015afa0caf7dda9bf0d168f78779251699dd161b4,2024-06-06 13:15:00,CLEAR,DAYLIGHT,DRY,NOT ON SCENE (DESK REPORT),06/06/2024 02:30:00 PM,41.924169851,-87.721726075,POINT (-87.721726075008 41.924169850991),C,6,2024,13:15:00
c6263e8c98b97b6b7a9e39f7147432e5bc07d609277031775548adb7a6463b2b7b9c41599c50b3a4a669abc69e4ed046f17b08dd77a5a7ad4813d6df59180864,2024-06-20 18:08:00,CLEAR,DAYLIGHT,DRY,ON SCENE,06/20/2024 06:10:00 PM,41.983208978,-87.699307663,POINT (-87.699307663 41.983208978045),C,6,2024,18:08:00
4a5c8fe51e62f8c62d168c566fd84294c43c80f2da0f453d23b8a180cc95ac9e1d4117636868f1f42538abb0fd9f4f960e72160f0cb005002dca7318633285c1,2024-05-19 09:30:00,CLEAR,DAYLIGHT,DRY,ON SCENE,05/19/2024 09:36:00 AM,42.003581843,-87.660274054,POINT (-87.660274053988 42.003581842972),C,5,2024,09:30:00
56153449df0fb8aa76e6fb1a975fc80b85c65bedea41ee16a48fc7ffbb076a3d2f09bdeccd271b93b33fa104f567443046a4f7bcddff41ffeece6a1efed77ff8,2024-06-07 10:00:00,CLEAR,DAYLIGHT,DRY,NOT ON SCENE (DESK REPORT),06/12/2024 12:35:00 PM,0.0,0.0,POINT (0 0),C,6,2024,10:00:00
d5a69839e1b64b0c380ae49dab63cec2cedf3f5652ca8fba56d90b4f08466bb6b31e58865214f6308da336bd2ba574b1f6f6d0e0e978d9f996b9d8d68261b466,2024-06-07 15:40:00,CLEAR,DAYLIGHT,DRY,NOT ON SCENE (DESK REPORT),06/08/2024 09:50:00 AM,41.910530014,-87.667050586,POINT (-87.66705058601 41.910530014022),C,6,2024,15:40:00
d8d5cb3cf57caf9fc6a43a88e5d9b10ef08348a86d2246a1c6a4ac087859633fa4d602ae3d08d50c16b06f29e7eba321a14244825489f6343ed43dcdcde417d6,2024-06-07 18:00:00,CLEAR,DAYLIGHT,DRY,ON SCENE,06/07/2024 06:15:00 PM,41.903639931,-87.65554697,POINT (-87.655546970003 41.903639930952),C,6,2024,18:00:00
dc1f495f3dbd031924c041ac414d1e3deef56b6cd085cdd4d6e21acf4d5589bd404a29fb3694c89bf4db715e4935f6451e5d4a3fcedc3e233e1a27f8e642bcff,2024-06-07 11:35:00,CLEAR,DAYLIGHT,DRY,NOT ON SCENE (DESK REPORT),06/07/2024 03:36:00 PM,41.978263713,-87.756423992,POINT (-87.756423991973 41.978263713006),C,6,2024,11:35:00
e67f4c59a70447c25825427a3ed66617bdde197ac94690f1dabc196f2f095636502c4bfa0e82846dc87795d0b1760e09432fc3d6468f06b5e0be279126ac3a01,2024-06-07 11:00:00,CLEAR,DAYLIGHT,DRY,ON SCENE,06/08/2024 10:42:00 AM,41.882211292,-87.710898608,POINT (-87.710898608036 41.882211292041),C,6,2024,11:00:00