CRASH_RECORD_ID,CRASH_DATE,WEATHER_CONDITION,LIGHTING_CONDITION,ROADWAY_SURFACE_COND,REPORT_TYPE,DATE_POLICE_NOTIFIED,LATITUDE,LONGITUDE,LOCATION,CRASH_TYPE,CRASH_MONTH,CRASH_YEAR,CRASH_TIME
284dc6888fa2988d879b91846f5f1909ba0365cd4c5f548cdded62fd76a465c1ad27c35029a4f032c08c22635e8c6672b03022e54a38972473313d1d4c5a7c43,2024-06-17 07:15:00,CLEAR,DAYLIGHT,DRY,NOT ON SCENE (DESK REPORT),06/19/2024 11:40:00 AM,41.91487688,-87.670393609,POINT (-87.670393608985 41.914876879971),C,6,2024,07:15:00
bd7a5833c172ce18d1fa717bad155c193ab246cd5ff427239ab7969ea5400ead85324f91808d8bea3d1eae77657a00b58aa5b516e6716a621a2888a678fd4f6e,2024-06-22 13:06:00,CLEAR,DAYLIGHT,DRY,ON SCENE,06/22/2024 01:30:00 PM,41.94375169,-87.644915824,POINT (-87.644915824017 41.943751690028),C,6,2024,13:06:00
6158bf04fdf051c15c4fdeb045c28e2f03fa8f37c3058e43e32ded3f3f674cb9991197d1441b5155a0d6d5104a19d4c8f606c9e9e4e72225ad7cc54adacb6423,2024-06-20 16:30:00,CLEAR,DAYLIGHT,DRY,NOT ON SCENE (DESK REPORT),06/21/2024 11:00:00 AM,41.890765037,-87.679204522,POINT (-87.679204522031 41.890765036958),C,6,2024,16:30:00
97d7582e554798dd0cefb16c31cdd47c74e7ac3bc8a9d8f13c4249644f56f1d65fedd353f6e510799e5ece5d414be2ce754b6cb7304199d7d2acfba71e0c881c,2024-06-08 20:00:00,CLEAR,DUSK,DRY,ON SCENE,06/09/2024 07:49:00 AM,41.819599672,-87.692449751,POINT (-87.692449750996 41.819599672043),C,6,2024,20:00:00
1e1c4b9270fe5825af569f17443d4aa06765a08aa7b45e9cd615e57d08b56c078cb3382e81cef2bad7d3397571309425cb68c640fee22afa4d7d8b62fc312467,2024-06-23 02:24:00,RAIN,"DARKNESS, LIGHTED ROAD",WET,NOT ON SCENE (DESK REPORT),06/23/2024 04:47:00 AM,41.793152189,-87.741459156,POINT (-87.741459155983 41.793152188999),C,6,2024,02:24:00
1367afe4c0a9f3f9bfdd9f2c3eabb4bd7d066fe68f957657d3c4ebaa1f7374a50b3187e945daedb399e69f4ba1c584159baf3f828e83a38f8579929dff629160,2024-06-22 23:00:00,RAIN,"DARKNESS, LIGHTED ROAD",WET,ON SCENE,06/22/2024 11:03:00 PM,41.877180471,-87.681283231,POINT (-87.681283231048 41.877180470957),C,6,2024,23:00:00
3a41d5aee2071a44ef58ac8a801e2b9bcf7d84a6584700d72fc209482f6334636288e063c4fa5eecfa695c83084a5b06c453104224721185b14412aac954dd47,2024-06-23 22:37:00,CLEAR,"DARKNESS, LIGHTED ROAD",DRY,ON SCENE,06/23/2024 11:15:00 PM,41.972569719,-87.652460054,POINT (-87.652460054028 41.972569719),C,6,2024,22:37:00
9c6bb6bf50ce35874eba2a174aef7fbf852b3cfd5f6d13aa53c151b41498ce34392e9db0e63c56ad4c6d8d588764b6e45a0a06de2aa9739e21854626eae4ac45,2024-06-09 11:38:00,RAIN,DAYLIGHT,DRY,NOT ON SCENE (DESK REPORT),06/09/2024 12:19:00 PM,41.744151639,-87.585945067,POINT (-87.585945066953 41.744151639042),C,6,2024,11:38:00
1ac0d061fbd17e4419e7dc44efc5c72cbf5317bafab78f9a440b5f123cc9f4f8c2aecef9cebc1e7217bf6301cb0b7d61aac94500a4431628d382970b7058342f,2024-06-23 22:00:00,CLEAR,"DARKNESS, LIGHTED ROAD",DRY,NOT ON SCENE (DESK REPORT),06/24/2024 03:30:00 PM,41.809095486,-87.628723167,POINT (-87.628723167002 41.809095485967),C,6,2024,22:00:00
0e2e689e80570c2d83a741fac451e9dd37d1512f436318e8bdcf389177ca38f1641f5c448174d09c50109bf7890023177ef110a33cbd65250b9d957c5de6b46a,2024-06-10 00:42:00,CLEAR,"DARKNESS, LIGHTED ROAD",DRY,NOT ON SCENE (DESK REPORT),06/10/2024 01:20:00 AM,41.924025937,-87.754108923,POINT (-87.754108923036 41.924025936998),C,6,2024,00:42:00
214b51e6e0060192662cca668ffec4c9ed963731cf3024cb4360725109aa5edc589e95a46c84bc13183d9968954cb0616a1d7c8ff4f223af56f9bd38de0d2ed4,2024-06-11 13:04:00,CLEAR,DAYLIGHT,DRY,ON SCENE,06/11/2024 01:04:00 PM,41.764379659,-87.644244342,POINT (-87.644244341968 41.764379658973),C,6,2024,13:04:00
4965685d5a30360bcae722f52d5d320eb87b358cc8dacee9abf7b1ae6d071d41754d96a1dc59e1f0f5f330629764b35adde8ca89b19a4bd2c716c82a36b00ee9,2024-06-11 04:10:00,CLEAR,"DARKNESS, LIGHTED ROAD",DRY,ON SCENE,06/11/2024 04:10:00 AM,41.941081419,-87.657929552,POINT (-87.657929551993 41.941081419048),C,6,2024,04:10:00
eba5ed333412757e14a606773eee2a1d0e80db33fec664378d28de66a6f10b76114279bbdeb42b44825021ff2d0fabdb887e35546b35f234c4b57f6600a9adf5,2024-06-11 10:30:00,CLEAR,DAYLIGHT,DRY,NOT ON SCENE (DESK REPORT),06/11/2024 11:21:00 AM,41.902082792,-87.760864427,POINT (-87.760864427018 41.902082791979),C,6,2024,10:30:00
b619c445e2cc051d5bb8dab9e2e687f4e27e2f8134e0f3cd573cbcbe39b440191d962cb0e5727706f6a8b9ec62317f8e87e12756cede358bff97e254913217d1,2024-06-26 16:35:00,CLEAR,DAYLIGHT,DRY,NOT ON SCENE (DESK REPORT),06/26/2024 07:20:00 PM,41.97876225,-87.796548908,POINT (-87.796548908043 41.978762249994),C,6,2024,16:35:00
491c30d9647cc981af5ceec44e77db89776be0a680641e4cc5c69589fb3731767f057d76770b2496ef52e10c8e27823c4a72a76e2a352bebbe59ce233805e4f6,2024-06-12 09:50:00,CLEAR,DAYLIGHT,DRY,ON SCENE,06/12/2024 09:53:00 AM,41.6621277,-87.64148984,POINT (-87.641489840003 41.662127699955),C,6,2024,09:50:00
8b1c9f2cafaa7d009a50a107f283a0e286c96b5822eb66706a5d63e31e0c579af12fe046d4e4d8886004744955c3aadb3f09b27ef4d01627f7c4cdbbd362abed,2024-06-12 09:37:00,CLEAR,DAYLIGHT,DRY,NOT ON SCENE (DESK REPORT),06/12/2024 03:59:00 PM,41.948547376,-87.709313741,POINT (-87.709313740951 41.948547376044),C,6,2024,09:37:00
afab395bee4664fcc1852971104c13855f30f49f77e191a9a8f583949b2dff2b3e993b489f6fce935fa8e6837366cfb3c3185827c632c715a12b3252ecd79806,2024-06-12 15:30:00,CLEAR,DAYLIGHT,DRY,NOT ON SCENE (DESK REPORT),06/12/2024 10:15:00 PM,41.77559386,-87.688558289,POINT (-87.688558288987 41.775593859964),C,6,2024,15:30:00
b2afbf437e14448b464e3cc158b0f0ff56911d19608773d80d19cf93a737ea6b67fec177221190d2d11ccbe8328fab14182ea2bb736f08c51f33e66983584a47,2024-06-12 08:44:00,CLEAR,DAYLIGHT,DRY,ON SCENE,06/12/2024 09:07:00 AM,41.891621161,-87.624253929,POINT (-87.624253929022 41.891621161011),C,6,2024,08:44:00
ced82ef40772b133d9681078baaef8273764752208b7aeb853acc212bc640eb8a0b37c903aa76c93166ace5ba687ca70ed3b03457e9ae9f5590981a58369e532,2024-06-12 10:25:00,CLEAR,DAYLIGHT,DRY,ON SCENE,06/12/2024 10:34:00 AM,41.922255682,-87.717069022,POINT (-87.717069022023 41.922255681991),C,6,2024,10:25:00
d142f12385da8d01d6afd432ae27611537d0a6ba06b820fad52caf75f0848a4a26b6c06eac8eaadf665f1e314a9d6087b4004520ca24eaec71e38e3811c0c4a4,2024-06-12 11:49:00,CLEAR,DAYLIGHT,DRY,ON SCENE,06/12/2024 12:00:00 PM,41.965694039,-87.663750698,POINT (-87.663750697983 41.965694038975),C,6,2024,11:49:00
534dff36b74b6337fc100106f2f16381ec6f257a1ea142165aebf7baec66d192f994c9c0af08a0e2b64c860b5ee2080c34dab53111bd5eaeca2c99d9a10d11ad,2024-06-26 07:00:00,CLEAR,"DARKNESS, LIGHTED ROAD",DRY,NOT ON SCENE (DESK REPORT),06/26/2024 11:55:00 AM,42.000910398,-87.706911212,POINT (-87.706911212021 42.000910398019),C,6,2024,07:00:00
d31dc4909cf60cf72e61df1744331217be69e984fabcdc3ba9d6da7651120ff8d2610ae9ce60eeaabfe48a86d9988b3ed2caae8ae6312b3165f2980720aeabee,2024-06-27 14:30:00,CLEAR,DAYLIGHT,DRY,NOT ON SCENE (DESK REPORT),06/27/2024 07:30:00 PM,41.910495743,-87.682916402,POINT (-87.682916402029 41.910495742962),C,6,2024,14:30:00
06aede9f2ff713b6620b7f30fefff09fc4ee4ba2d36997313e0f984901497f127f5693892908ed070c2ea02024e85bab2e93ad3e232b579def02066d7b3abbdb,2024-06-27 09:30:00,CLEAR,DAYLIGHT,DRY,NOT ON SCENE (DESK REPORT),06/27/2024 10:30:00 AM,41.914624584,-87.752981314,POINT (-87.752981313983 41.914624583962),C,6,2024,09:30:00
b9c810c89a084c869dd1ab05a15c304007ab4db7171c85266a32c9fad6bfcfa793b1b14fdc3a90a2853fa7ef2f4f0db538b7a3e8e45049c4db68d50ab838edcf,2024-06-13 10:00:00,CLEAR,DAWN,DRY,NOT ON SCENE (DESK REPORT),06/14/2024 11:00:00 AM,41.785387445,-87.606183761,POINT (-87.606183761008 41.785387444959),C,6,2024,10:00:00
dc9d4da75f053969a19ca81b7d53dd5b44561d33775cdfe0ba50c2c67dbbe3352838bd7c027313c2a716e6e98c60691a0a6195f4c45dc16e8d4326bf9a12c3af,2024-06-13 17:52:00,CLEAR,DAYLIGHT,DRY,ON SCENE,06/13/2024 05:52:00 PM,41.899714227,-87.671209124,POINT (-87.67120912402 41.899714226969),C,6,2024,17:52:00
67a92282a8733c8d08b615c5de84fe722efe949c8779bf0d8d55251af125f68acfa5d293df2dd73723b69c85dc5ff489fb06251dae24865646aeec140836da47,2024-06-21 15:45:00,CLEAR,DAYLIGHT,DRY,NOT ON SCENE (DESK REPORT),06/27/2024 10:50:00 AM,41.83333608,-87.675208836,POINT (-87.675208836013 41.833336079951),C,6,2024,15:45:00
5ae5b10b884f8c0bf6a21fe615b695b6ab3fbb0d61e3e930a16231005bf28256adacd51b3d57b1e82ca8a7095fc0548869646c07a966d96a1d2d895fe4d749f5,2024-06-14 15:00:00,CLEAR,DAYLIGHT,DRY,NOT ON SCENE (DESK REPORT),06/14/2024 04:30:00 PM,41.758245505,-87.626521907,POINT (-87.626521907009 41.758245504966),C,6,2024,15:00:00
ed35b1e87c6c760b3d38a21956a59f54d790a8ed7044c3717c40da413ee8877ff26567d02709a17e8e02b7979e7cf48056acf99caced9b229a50164904ec050a,2024-06-23 02:00:00,CLEAR,UNKNOWN,UNKNOWN,NOT ON SCENE (DESK REPORT),06/24/2024 09:30:00 PM,41.793568339,-87.580924976,POINT (-87.580924976032 41.793568338969),C,6,2024,02:00:00
3c460691b4440de37253c56aab27e8ff54bf9f3e00de8e3751a4f5b14999006d0eb8b1a4f60be436a7030735fa039b6a72ca40e873573db812167e61d7ce2b9a,2024-06-15 12:30:00,CLEAR,DAYLIGHT,DRY,NOT ON SCENE (DESK REPORT),06/15/2024 01:45:00 PM,41.946909114,-87.683469891,POINT (-87.683469891004 41.946909113959),C,6,2024,12:30:00
c3b7f89686139183c6ac5707674e3596ae31b9c5cbabdbd668362ed2f46feffcf6497339cdc24e8cdde6d76d36bbb522f76f19197abac543867cd1bd8462fa0a,2024-06-15 22:30:00,CLEAR,DARKNESS,DRY,ON SCENE,06/15/2024 10:39:00 PM,41.858908833,-87.729904272,POINT (-87.729904271964 41.85890883299),C,6,2024,22:30:00
c59ecf95a4446a7612b02be9d2e6ebef295b3c4483861477d674e4e31ff5041332437dacc97d3a7fbec9df770641ea76ade44204864b45d122da5794a85bf2e9,2024-06-16 08:55:00,CLEAR,DAYLIGHT,DRY,NOT ON SCENE (DESK REPORT),06/16/2024 11:30:00 AM,41.968704115,-87.644956096,POINT (-87.644956095979 41.968704114962),C,6,2024,08:55:00
2bc6822cdafe93d54a4d73e52ab96b544ce0c6d997016f273c7ae427fa99cc6737200586f96c7c987431ba225184bcaf58d33dc4626d301521ce56b381d68728,2024-06-28 21:41:00,CLEAR,"DARKNESS, LIGHTED ROAD",WET,NOT ON SCENE (DESK REPORT),06/28/2024 10:30:00 PM,41.884600962,-87.627828521,POINT (-87.627828520965 41.884600961961),C,6,2024,21:41:00
d10febf283d60e570c1e6f26a45d6e8fd1955c1ea78cfb13ed2c8966748c82e5920b73504da37bbc5a4d67316f81d08e42818c78a630c4e57a53a320556a28b8,2024-07-02 06:00:00,CLEAR,DAYLIGHT,DRY,ON SCENE,07/02/2024 10:30:00 AM,41.744151639,-87.585945067,POINT (-87.585945066953 41.744151639042),C,7,2024,06:00:00
4997aca13b400c1787b525d01b4743474ebbc9e54d3b53c2c9fa2ba093e308f3f1678c2b0d8d7a739a3d9f7867eb2727a3cc877cd1e2d6f5f12ad361c1919b78,2024-07-01 13:00:00,CLEAR,DAYLIGHT,UNKNOWN,ON SCENE,07/02/2024 01:03:00 PM,41.891955277,-87.617777237,POINT (-87.617777237011 41.891955276985),C,7,2024,13:00:00
db31efe23a96e3b0a2493b80747c3ffa0d3cbe73bc59015bf87dfbc0b14d82849c2e7c34b9268aae804107a9070523c166c185c88a954ffdd1a3c17926e48e14,2024-06-18 08:45:00,CLEAR,DAYLIGHT,DRY,NOT ON SCENE (DESK REPORT),06/18/2024 09:20:00 AM,41.827363248,-87.621826931,POINT (-87.62182693101 41.82736324801),C,6,2024,08:45:00
602f41d6b1bb422b272964cec145d4003b8d1ff2afabeecac9cbeeaf6c2898b387f8a930d8ee2c2892826ca1efdf9159e96149b9d0967a7f63dbf71b8f503a0a,2024-06-19 09:14:00,CLEAR,DAYLIGHT,DRY,NOT ON SCENE (DESK REPORT),06/19/2024 10:00:00 AM,41.898979021,-87.637410212,POINT (-87.637410212028 41.898979021041),C,6,2024,09:14:00
b8db7cb4cc649a1331c3caa431d1fbde4ae0470dcc546ec41da3fa7195c1a4fd5071e8bf0ed0ab5dfb6ff96a5b3cf8466221ba2f588d0cacab24bfee23ffc1f0,2024-06-19 11:30:00,CLEAR,DAYLIGHT,DRY,NOT ON SCENE (DESK REPORT),06/19/2024 12:30:00 PM,41.822958463,-87.691425915,POINT (-87.691425915045 41.822958462973),C,6,2024,11:30:00
316a8025db1bd7edd0c6eb68aaf6855014d3539f166f9af65904b5c458acb16940c3c7d3f3001973617f79443ead9dc10dfd05669c8ddcf7e04178e62285e798,2024-07-03 14:15:00,CLEAR,DAYLIGHT,DRY,ON SCENE,07/03/2024 02:20:00 PM,41.85273296,-87.632667026,POINT (-87.632667025989 41.852732959959),C,7,2024,14:15:00
eff84c33cc1a45dbf6731ad32b82bc41e28ed2a331b0c24a022c3f4336e98bf40bcb162ac60532fbcd49519f6065ea2fdfba77aa035536ef7fb2f8785b4836c8,2024-06-19 13:40:00,UNKNOWN,DAYLIGHT,UNKNOWN,NOT ON SCENE (DESK REPORT),07/03/2024 11:00:00 AM,41.836940463,-87.728985685,POINT (-87.728985684988 41.836940463019),C,6,2024,13:40:00
a1efa5e3ccb45233f57b4b50969559205ece0f5b37212a7a68453dc4f5c1417dd92584afa242615bc57c277a75639e25705a9c3907732b2c3316b5be36944d56,2024-06-21 19:52:00,CLEAR,DAYLIGHT,DRY,ON SCENE,06/21/2024 07:56:00 PM,41.882983893,-87.664062413,POINT (-87.664062413036 41.882983892973),C,6,2024,19:52:00
cd760d9538a4b1332f15394578ffc938aa68e357534ffa4d4052e20cda33b7ee1554ca6381212638fc32d8300fb3135235ade84698867a69cd2c44b0639ec638,2024-06-21 10:00:00,CLEAR,DAYLIGHT,DRY,ON SCENE,06/21/2024 10:05:00 AM,41.954105717,-87.693290369,POINT (-87.693290369008 41.954105716988),C,6,2024,10:00:00
dd26af068c373ba6f81903f10a4fbd49ba8711540f390168477b97e95aa7059874b0210ecff581ce52abe16906da3eec7cf1c7d987779c014d01d09567fd9e2f,2024-06-21 14:00:00,CLEAR,DAYLIGHT,DRY,NOT ON SCENE (DESK REPORT),06/21/2024 02:45:00 PM,41.809781151,-87.594212812,POINT (-87.594212812011 41.809781151018),C,6,2024,14:00:00
fb8489527e3ba84a9504068672d791340f6bebaf7b4abce6547e87823cf238cb2a48ece7071238af737a21ade0600928802ab08212578c4cb6a7cec9250fa6fa,2024-07-05 00:00:00,CLEAR,DARKNESS,DRY,NOT ON SCENE (DESK REPORT),07/06/2024 01:20:00 AM,41.849886395,-87.658784267,POINT (-87.658784267004 41.849886394965),C,7,2024,00:00:00
6b048986df85dd5ff150661428d1a7d51304e7b08ee753968be8e7383a5a8f8b90642c1a8789fc338b600b0582b5105b4acea929a738e5b0dd770bf67edc3884,2024-07-06 18:31:00,CLEAR,DAYLIGHT,DRY,ON SCENE,07/06/2024 06:32:00 PM,41.721871487,-87.621780379,POINT (-87.621780378956 41.721871487013),C,7,2024,18:31:00
923f5872ca128e0cf92710b02ced03aafcad7e571562add8d42b65934b82489df999ce971b5ce4829c67c3dcc1fcfc2cafea304592b0a9210d78591d6b853e13,2024-06-22 01:00:00,UNKNOWN,"DARKNESS, LIGHTED ROAD",UNKNOWN,NOT ON SCENE (DESK REPORT),06/22/2024 11:00:00 PM,41.769361738,-87.613549341,POINT (-87.613549340977 41.769361737994),C,6,2024,01:00:00
ba45120460eed52ba3f8c866328e9e15e697901c6ab8ec9cf2cdff777256cd0105f8f6a073a8245a18bc444d12d1956353e9eefc1a40c71fdea2e12338fbcdfa,2024-07-01 12:30:00,CLEAR,DAYLIGHT,DRY,ON SCENE,07/01/2024 12:35:00 PM,41.699147693,-87.669298871,POINT (-87.669298870969 41.699147692979),C,7,2024,12:30:00
b25494f7c6a110aca59ce5520cdb1028c69f03aec87cb07720a3d8bbc3abfb31972f613b86170ff785ea1182757b3512a31f9dd7d3d8b1ee3a25f49f6f2d6b84,2024-07-03 12:50:00,CLEAR,DAYLIGHT,DRY,ON SCENE,07/03/2024 01:03:00 PM,41.73029235,-87.587843156,POINT (-87.587843156007 41.730292349953),C,7,2024,12:50:00
adf8a3ced91ff735bc57d98d24e477ecf860ad6dd4789b5ad5edb896c34d1d869d605e12cac55369d2b2dc6a9adf10001c21bc2edc74264865a2160588ec4f1b,2024-06-23 00:15:00,CLEAR,"DARKNESS, LIGHTED ROAD",UNKNOWN,ON SCENE,06/23/2024 02:38:00 AM,41.902815701,-87.717648644,POINT (-87.717648643968 41.902815700998),C,6,2024,00:15:00
c7d1f894c2d1e6845ec84c1953da6838095520005d3cf078175182ebc8dc5859f323877096aa2961c1a333d86351612e5a90f75e25ca116b3404456da2bb854e,2024-06-23 00:06:00,RAIN,"DARKNESS, LIGHTED ROAD",WET,ON SCENE,06/23/2024 12:46:00 AM,41.902600136,-87.737376083,POINT (-87.737376083006 41.902600136003),C,6,2024,00:06:00
7967ac66a4c581b0c1dda4a7a3527497102f69d9266868ed060c0d87a7667320664da23a8b125517baa8eaeaba40327b458ba81ab3116777b5b8183e7c80cc16,2024-07-09 01:21:00,CLEAR,"DARKNESS, LIGHTED ROAD",DRY,NOT ON SCENE (DESK REPORT),07/09/2024 01:31:00 AM,41.965930358,-87.646061271,POINT (-87.646061270974 41.965930357979),C,7,2024,01:21:00
607764fe122076754473e37080186c9adfc70bc28703e8b3a988b8a57a1b5d404dc0e4f27bfb4433228ca7fe6e1f0b7487b5b188c05e79c866eb9aa3ac02737f,2024-06-24 12:15:00,CLEAR,DAYLIGHT,DRY,NOT ON SCENE (DESK REPORT),06/24/2024 01:00:00 PM,41.809781151,-87.594212812,POINT (-87.594212812011 41.809781151018),C,6,2024,12:15:00
79fcdecaa009b568a420146e40bbbd1d8a17f97b0826b9744e920633c9992cbaa0c4c1f2171a4402e18726d8cc89eb8af14cae16a61b9a6feef6137e35374524,2024-06-24 03:44:00,CLEAR,"DARKNESS, LIGHTED ROAD",DRY,ON SCENE,06/24/2024 03:49:00 AM,41.898693296,-87.755842186,POINT (-87.755842186016 41.898693296034),C,6,2024,03:44:00
947931cf3e53a4bd0478e8d0a14f3a50cca2fd157def8b1d0d99f31beee922950cbf79804c1026b308517d1328a38158c266e30273a76d9e889e3a9ea781a53c,2024-06-24 12:20:00,CLEAR,DAYLIGHT,DRY,ON SCENE,06/24/2024 12:47:00 PM,41.977030578,-87.656579993,POINT (-87.656579993013 41.97703057804),C,6,2024,12:20:00
dc7890ad6e55429c24792702bdc9b6a35a5d983870c9d279e7902147bf00577fd097ec3de1bd0503d655a0cc2867fce7df9917084041214c645832d14feca3b9,2024-06-24 12:00:00,CLEAR,DAYLIGHT,DRY,NOT ON SCENE (DESK REPORT),06/24/2024 02:53:00 PM,41.774788318,-87.651799569,POINT (-87.651799568956 41.774788317956),C,6,2024,12:00:00
95e97ac14a1a0ae11d88c3450e09440c1cb32abe493d79b0d7aadc1fc4399cad18bd6c1292055750ee1fd9bb36c4550c198d113a22716bc269faa05d124995a1,2024-07-06 03:00:00,CLEAR,DAYLIGHT,DRY,NOT ON SCENE (DESK REPORT),07/09/2024 01:55:00 PM,41.917014145,-87.748270028,POINT (-87.748270028031 41.917014144979),C,7,2024,03:00:00
afcbcb9bcf58f29ac1c018159fb0a68461fcf34313cfed449f446aa2947296d6567f9ce8d04687bf4369a566050ea6345f7bb2f5c389cb0d196eb9c6a54ffeb7,2024-06-25 19:27:00,CLEAR,DAYLIGHT,DRY,ON SCENE,06/25/2024 07:32:00 PM,41.75872376,-87.585590902,POINT (-87.585590902031 41.758723759994),C,6,2024,19:27:00
2dcb62eefc906522379939b5e8be29295e1daac274835e35165a2f30b322b05063b3cb64a445e44202cdac5c057ec4e493b34db8d01a2b1b48b321a2fa3f8f0e,2024-06-26 15:00:00,CLEAR,DAYLIGHT,DRY,ON SCENE,06/26/2024 04:00:00 PM,41.765243305,-87.648958441,POINT (-87.648958441015 41.765243305035),C,6,2024,15:00:00
b50f2b5f5414397c184a696be6070199dd1b9cac3765d6648f5f4682f93865946ec1b79d0181c49b77b97c3b8c284f9357f3a92b2e50dcebb9fed7ff9fdfe3a8,2024-06-26 21:50:00,CLEAR,"DARKNESS, LIGHTED ROAD",DRY,NOT ON SCENE (DESK REPORT),06/26/2024 10:40:00 PM,41.691826527,-87.688302732,POINT (-87.688302732037 41.691826526999),C,6,2024,21:50:00
c6cf8207d3fafeb03532f840d9e135e1dec8d12d96d8f83fa2b887b66a3b9089e217ca51bdd5f6184eefac0b05e17b0da94149bd2d2b7463977345c5ff046266,2024-07-02 12:30:00,CLEAR,DAYLIGHT,DRY,NOT ON SCENE (DESK REPORT),07/11/2024 01:05:00 PM,41.808749374,-87.66230696,POINT (-87.662306960034 41.808749374011),C,7,2024,12:30:00
1429a14bbd68b393a0500db778e8fd84cd276d948335fece82527843aa50e046ffe9ca1fde231ba559e4439f4f1ca421a29cd20b9b69b285ad306ce8ac4cbd44,2024-07-10 23:15:00,CLEAR,"DARKNESS, LIGHTED ROAD",DRY,NOT ON SCENE (DESK REPORT),07/11/2024 08:20:00 PM,41.891621161,-87.624253929,POINT (-87.624253929022 41.891621161011),C,7,2024,23:15:00
2cc1952834f3dbee0133057a2c103a1b1036b434aee9ce8b57a02b95be131e0d45eea0c04167f2c2bd63abc9065ac265846fc8f8a5f72506f9ec3a3bf63313b4,2024-06-27 09:35:00,CLEAR,DAYLIGHT,DRY,ON SCENE,06/27/2024 10:10:00 AM,41.659313336,-87.5746037,POINT (-87.57460369997 41.659313335976),C,6,2024,09:35:00
f721057fd0e0714dccea46700c30f2abf475d89dfbdda90c0aaf62906ccbec0660b524dea5062f7c2fb435b1c0942d221642125adf1c3686543207256dc2828c,2024-06-27 02:12:00,CLEAR,"DARKNESS, LIGHTED ROAD",DRY,ON SCENE,06/27/2024 02:14:00 AM,41.843955257,-87.694495706,POINT (-87.694495706021 41.843955256958),C,6,2024,02:12:00
50c26e66beaecb1d4cb969c14a1d8804e32754060831ad747c64c08d85571104c76cae5f02bc852f4836d500c7dd6a1b998a193df67454adbf8408f805892328,2024-07-12 08:45:00,CLEAR,DAYLIGHT,DRY,ON SCENE,07/12/2024 08:58:00 AM,41.913734807,-87.634839752,POINT (-87.634839752007 41.913734807025),C,7,2024,08:45:00
536f17a388afbf6092d9e6b48c470dcd83ad2ceeaf682de7b9888843e68cb2b1f126a30334afa8766edd139308384fd0ef13500bde4d4be0f88f2dcaaa1b63bf,2024-07-12 16:40:00,CLEAR,DAYLIGHT,DRY,NOT ON SCENE (DESK REPORT),07/12/2024 05:30:00 PM,41.924888953,-87.700379982,POINT (-87.700379982012 41.924888953039),C,7,2024,16:40:00
43117df7d038079b8ce43302d176e91d893893962a37456c4eb4dfea61497dc6473437fe8b3e05a08328ea926a86e7d2867dcfe890b01e71999d7a09d53bfa03,2024-07-12 12:30:00,CLEAR,DAYLIGHT,DRY,NOT ON SCENE (DESK REPORT),07/12/2024 01:10:00 PM,41.975756022,-87.692715395,POINT (-87.692715394986 41.975756022039),C,7,2024,12:30:00
f80b62f1f414f10b50666f2cfccfa0c0ad57966982c31477df56fa6252fda42684f33a29fb7d43343f73c7bb7f02e9d0daafe2c82425b853dfd11d252208df46,2024-06-28 23:15:00,CLEAR,"DARKNESS, LIGHTED ROAD",WET,NOT ON SCENE (DESK REPORT),06/28/2024 11:44:00 PM,41.799640083,-87.590211317,POINT (-87.590211317043 41.799640082973),C,6,2024,23:15:00
392da0216d0af31fc22a2fd17c6acd7ba240aa5a7e2d739954c58fbc8624527f10fcd1b6cc3356b3f4c122dff31332fbda69274d9df18e26b5b95a7518435cfe,2024-07-09 14:30:00,CLEAR,DAYLIGHT,DRY,NOT ON SCENE (DESK REPORT),07/13/2024 12:20:00 PM,41.72347544,-87.622083725,POINT (-87.622083724976 41.723475440005),C,7,2024,14:30:00
d8cda80da6e9855487b982c8ccd2eae6ccee48d8187db24565b5ced7934279f823b5fd852588d15ac02e6345538c90bc8ca607656af20bbffce3e0555374a825,2024-07-12 13:00:00,CLEAR,DAYLIGHT,DRY,ON SCENE,07/12/2024 01:05:00 PM,41.809572517,-87.611394621,POINT (-87.611394620986 41.809572516992),C,7,2024,13:00:00
32a909c330b907f1ea50d13bcd98de69665076ae9bce9bbccc3866f687b2f05d6923f1b457970c79168dcc80d677308a6618247ef92a527b9235045c9c5cde6c,2024-06-29 03:00:00,UNKNOWN,UNKNOWN,UNKNOWN,NOT ON SCENE (DESK REPORT),06/29/2024 01:30:00 PM,41.759945142,-87.597112901,POINT (-87.597112900951 41.759945142012),C,6,2024,03:00:00
45b49741cf04ca3ee7df24b3d04cb0ceff52998c7bad24b90c39827d2edb4e762607d333907f20ce3585b7d4dd0a995d33deb95d96cdd5bc354da25aa145a256,2024-06-29 12:50:00,CLEAR,"DARKNESS, LIGHTED ROAD",DRY,ON SCENE,06/29/2024 12:55:00 PM,41.855630065,-87.625415361,POINT (-87.625415361031 41.855630065016),C,6,2024,12:50:00
87f28a20090dfb944d12bd73650efffbc4d5b385f5a77b2590fc318c318c487c32adf2c83c84b7116afa3daf463ef8798a55cf5461f0e4dd73ada5db60f24785,2024-06-29 13:30:00,CLEAR,DAYLIGHT,DRY,NOT ON SCENE (DESK REPORT),06/29/2024 04:39:00 PM,41.773848989,-87.732542466,POINT (-87.732542465993 41.773848989015),C,6,2024,13:30:00
aedd6c6449380f8c5a4eca6f74d39f7e9f84a5e2886bf29e53844429d2f075393f5c028a37043ebb42abed4fee6aa9de8790ecab45e66b942b4c89a5584dc6a3,2024-06-29 01:12:00,RAIN,"DARKNESS, LIGHTED ROAD",WET,ON SCENE,06/29/2024 01:12:00 AM,41.961238465,-87.713199375,POINT (-87.713199374979 41.961238465013),C,6,2024,01:12:00