CRASH_RECORD_ID,CRASH_DATE,WEATHER_CONDITION,LIGHTING_CONDITION,ROADWAY_SURFACE_COND,REPORT_TYPE,DATE_POLICE_NOTIFIED,LATITUDE,LONGITUDE,LOCATION,CRASH_TYPE,CRASH_MONTH,CRASH_YEAR,CRASH_TIME
877f384e02c918053312bc9ecee8cc9bb15c7a727c4fff061c3c07784d42d6d0c1f1247c0dcd552912e33c78abf7f676ef93c7532f7bec54f20a21747ef78409,2024-07-13 16:30:00,CLEAR,DAYLIGHT,DRY,NOT ON SCENE (DESK REPORT),07/14/2024 10:51:00 AM,41.705916515,-87.594129048,POINT (-87.59412904802 41.705916515013),C,7,2024,16:30:00
35aed490595faf230e349d43ef198c559283475c038885371a672173927b4794096d70c3f10201d0316cfa399f37facedd7e59dde97da0d7cea9e8a7a76eb192,2024-06-30 19:50:00,CLEAR,DAWN,DRY,ON SCENE,06/30/2024 08:29:00 PM,41.944656434,-87.642926797,POINT (-87.642926796969 41.944656434018),C,6,2024,19:50:00
41a010f9659f87039813ea2302768e365d5c98e9aeaa44b19ae1e36177181778363f963b848e2fdb2f03528ad850db935df28dae91330f5525aad78dc6063802,2024-06-30 12:00:00,CLEAR,DARKNESS,DRY,NOT ON SCENE (DESK REPORT),07/01/2024 09:21:00 AM,41.746416823,-87.54900716,POINT (-87.549007159967 41.746416823024),C,6,2024,12:00:00
f09fccc3afabffb7d4ebac387f0801a39ff586f57767efd5971023923c83c956d6bc8ab1fca864ac3e4ca03edc8bc234c96847471e1583d282610690e7fb69c0,2024-07-05 17:47:00,CLEAR,DAYLIGHT,DRY,ON SCENE,07/05/2024 05:55:00 PM,41.938323018,-87.777389154,POINT (-87.777389153975 41.938323017997),C,7,2024,17:47:00
51f5243a9d77918187b7796cc168e8850664f7b2effa6b80c56d36e64cce1a82a6445689fc198c014d786f82de80524a106dba063045b7ce162a29f5e904415c,2024-07-16 00:00:00,UNKNOWN,UNKNOWN,UNKNOWN,NOT ON SCENE (DESK REPORT),07/16/2024 05:00:00 PM,41.906722587,-87.771733326,POINT (-87.771733325962 41.906722587049),C,7,2024,00:00:00
7607f50597796cb9f8c51b4c103c400c98f6c9ad35979ac8926599a622fee4bccf9565d345d30601b1f47433f9ca32c4e461d9138960cf7a3e468939b2fef343,2024-07-02 11:20:00,RAIN,DAYLIGHT,WET,ON SCENE,07/02/2024 11:30:00 AM,41.954898545,-87.700565125,POINT (-87.700565125009 41.954898545047),C,7,2024,11:20:00
3cfd8e51622d62118648e3a18942805df1ed1355327d76216811f51e306ece99def9e3f3cb581817b1fad467067bd22a2996aa8dd61c02fca74e35cfea44453d,2024-07-03 13:40:00,CLEAR,DAYLIGHT,UNKNOWN,ON SCENE,07/03/2024 06:15:00 PM,41.869450387,-87.661567854,POINT (-87.66156785402 41.869450387007),C,7,2024,13:40:00
458ce8c2f125148cbfe1d8920d1d74cc9628e5097780d09e69ac147c5b103e3da5cb07ef43f02c1072130b4123b490592f9cdd4e530c625c65ce7097e5a6faa7,2024-07-03 19:22:00,CLEAR,DAWN,DRY,ON SCENE,07/03/2024 07:23:00 PM,41.944788618,-87.641111168,POINT (-87.641111167993 41.944788617988),C,7,2024,19:22:00
7d64576de00f4665e0a7ee205efb61cd70e668a63d4eb686e4be7a3506a74e32f92fb5d4b220d9aa1f21930b923c03d0882826d2201e75183b9e4b9833d079e8,2024-07-18 15:32:00,CLEAR,DAYLIGHT,DRY,ON SCENE,07/18/2024 03:34:00 PM,41.965038613,-87.688944785,POINT (-87.688944785018 41.965038613011),C,7,2024,15:32:00
b4415c617caf8010cbeff795585ce96fb3b6719f75464adabe99dc3e682a128af3bfcccecbe6937e9d6dc7640b016f179a885be76e1a195e15c92d1ab9e0239f,2024-07-04 15:23:00,CLEAR,DAYLIGHT,DRY,ON SCENE,07/04/2024 04:02:00 PM,41.744151639,-87.585945067,POINT (-87.585945066953 41.744151639042),C,7,2024,15:23:00
347d654eadd761939d74d39bd64d04cca960344b7885ae10577df33ade2054ed74f9bed3344c46fdd588a31652f6e2f3bf5088340a27f093796f58aa61c11beb,2024-07-13 16:50:00,UNKNOWN,DAYLIGHT,UNKNOWN,NOT ON SCENE (DESK REPORT),07/19/2024 08:00:00 PM,41.992143979,-87.706887831,POINT (-87.70688783102 41.992143978958),C,7,2024,16:50:00
3bec3db3a557b11a3912afebcaa0c2af53c4fbb0eb7634e1671752f8e1304e049a25531f3c528376064587ef0cfc2d68007e118da95f446b4f974e69a59ca481,2024-07-05 13:30:00,CLEAR,DAYLIGHT,DRY,NOT ON SCENE (DESK REPORT),07/05/2024 02:15:00 PM,41.721150404,-87.658966651,POINT (-87.658966651043 41.721150403976),C,7,2024,13:30:00
583bef6f16c95e9fdd90bb9c983efeccc27a23c330a29f7d2a1d9de09c8ce45251d2edcd808570e881cf71aa4d4b757cc46c66223460d7989c8deb7d2cc0e714,2024-07-05 18:45:00,CLEAR,DAYLIGHT,DRY,ON SCENE,07/05/2024 06:50:00 PM,41.810440446,-87.710418852,POINT (-87.710418851956 41.810440445956),C,7,2024,18:45:00
aba56d7e7661bdc0cab9c2baa0f31feb8ff6320e7ac2f850a64838d149d59374c71434c6f30bb84916d52eea954d54535adaa9241af037636a108bf3be4d4488,2024-07-05 14:49:00,CLEAR,DAYLIGHT,DRY,ON SCENE,07/05/2024 03:00:00 PM,41.744151639,-87.585945067,POINT (-87.585945066953 41.744151639042),C,7,2024,14:49:00
461dbcbeff6820968817d0af447330fcbdcc6e2326fb4f49a71201bfac6131533fcf0e4909ca1890c8afb2aaeedd159a410b1c20f95156c83ab5ea2ce954a359,2024-07-18 21:45:00,CLEAR,DAYLIGHT,DRY,NOT ON SCENE (DESK REPORT),07/20/2024 02:30:00 PM,42.008985688,-87.667416805,POINT (-87.667416804956 42.008985687962),C,7,2024,21:45:00
2347b8e18c16e39a5991de3c5e470453d516b20e4eb4857ece36a859675f7ed9141447061637d7a9237a18e7577b7d6199064b8584121f4845841bd1c255ade7,2024-07-20 12:42:00,CLEAR,DAYLIGHT,DRY,ON SCENE,07/20/2024 12:56:00 PM,41.765563782,-87.624825828,POINT (-87.624825828045 41.765563782008),C,7,2024,12:42:00
1f3cae8bae051317ca5e73a312f638940e884eb9265480adc8e4d8b1bab62d5d3692ffa55d02acc88696076247072f90a1f6f08d0e3ed9cdfcd15ffb51d7f05b,2024-07-20 17:17:00,CLEAR,DAYLIGHT,DRY,ON SCENE,07/20/2024 05:17:00 PM,41.745230383,-87.606427268,POINT (-87.606427268018 41.74523038295),C,7,2024,17:17:00
ef12c25b7f0214e7cef5e358ec6e2871bed704475615e5374eb34b081714d2e2ec9c631b73e1af988d84a2c5045938a1eb8f076784d41237456ae160a92ad2c4,2024-07-06 16:00:00,CLEAR,DAYLIGHT,DRY,ON SCENE,07/06/2024 04:16:00 PM,41.919078039,-87.634538115,POINT (-87.634538115047 41.91907803902),C,7,2024,16:00:00
65bb737ccc89cd24a54390d66f9aeb4d9ae943bb22e7aa6c4a9342c24b2e372616f1486a1a8a8a85fd61bc557fd04860a4345fe2f5500842a6baf410da53fe08,2024-07-21 04:10:00,CLEAR,DAWN,DRY,NOT ON SCENE (DESK REPORT),07/21/2024 05:20:00 AM,41.802118543,-87.622114915,POINT (-87.622114914961 41.802118543011),C,7,2024,04:10:00
467ddff59bcdf488e70e622e6b934341391cf14d1ae2b7d48c91c664ebdc8aa6b6cb84a0bee9868d839229740370f79209794f2627fb9776bfe4d021327108bf,2024-07-21 16:00:00,CLEAR,DAYLIGHT,DRY,ON SCENE,07/21/2024 04:01:00 PM,41.844607515,-87.694804642,POINT (-87.694804642033 41.844607514956),C,7,2024,16:00:00
3f117ad965316f8b1447d8b6ce7421a86b90ad1d3dbf0ed34458f71c153612b7d23f9311434266399b7e6637ab595005a07fd14257d786b83aa68e9c4bf14a88,2024-07-07 17:30:00,RAIN,DAYLIGHT,WET,ON SCENE,07/07/2024 06:55:00 PM,41.752854054,-87.737971805,POINT (-87.737971804991 41.752854054014),C,7,2024,17:30:00
71bd837b5b6eeeddcf749126b647300781717200d730d3da025f3e42c333c208ab754815d2201008a8870bbd44f155a2774a701b8916723cfe4da6b74518ee4c,2024-07-07 17:30:00,UNKNOWN,UNKNOWN,UNKNOWN,NOT ON SCENE (DESK REPORT),07/07/2024 09:05:00 PM,41.92773275,-87.751633449,POINT (-87.751633449008 41.927732749996),C,7,2024,17:30:00
b5d890440ba9068a5df4a8f5a27badfd7f634b48398d9d89f64ce4d29ca0b117cbc1793e8c2f3599a35ad5f77a600925f49daddb6f6c91bbfd1c58b38c4dfe06,2024-07-07 03:04:00,CLEAR,"DARKNESS, LIGHTED ROAD",DRY,ON SCENE,07/07/2024 03:14:00 AM,41.742300891,-87.625739078,POINT (-87.625739078008 41.742300890999),C,7,2024,03:04:00
425acab6129d7f3794716b6617abfa9cbc9329966f638627dd67049aeb3161c4e626c5c2c59e23013d7d19c511892d423bca162d4e0c88a977834973810b3bee,2024-07-22 05:44:00,CLEAR,DAYLIGHT,DRY,ON SCENE,07/22/2024 05:47:00 AM,41.749494938,-87.711052213,POINT (-87.711052212994 41.749494937995),C,7,2024,05:44:00
22485e63ec6e65ae56d08ff55a9a53fc4a02443c7fbc48dae00f2a423237c253ac5bfc4713f73eee3f09d9d1f621f95dec1b8c437167ea72c36cedd5c213bf33,2024-07-08 14:31:00,CLEAR,DAYLIGHT,DRY,ON SCENE,07/08/2024 02:31:00 PM,41.903639931,-87.65554697,POINT (-87.655546970003 41.903639930952),C,7,2024,14:31:00
7027073cd53fd3f3b8b2ca198510005639f6e6fc57cc757038b2593aee809083a5a134a18930daba3e6e2bc9552f8e1c73b3dea2500ac156fbe8c6d38ce1c60e,2024-07-08 15:53:00,CLEAR,DAYLIGHT,DRY,ON SCENE,07/08/2024 03:56:00 PM,41.913948714,-87.687167591,POINT (-87.68716759096 41.913948714037),C,7,2024,15:53:00
e796f5b7f83e3a34bfaf501680a3d35fee04ff0f525c1b32b56c66cd2c37c8565b7755962d26811902a37f16bdf5624e069a6a135fce2bea71023bb277415365,2024-07-09 00:00:00,CLEAR,"DARKNESS, LIGHTED ROAD",DRY,NOT ON SCENE (DESK REPORT),07/09/2024 12:00:00 AM,41.781547646,-87.668971839,POINT (-87.668971838978 41.781547646003),C,7,2024,00:00:00
3e12e261d20d221dc62dd301d326c4e2c53d923348a2f63f87be225f2f56071114d81cd3dd97090377e85e8558fcabcef134bf89186c53f9948d9dae412b1a51,2024-07-23 00:00:00,UNKNOWN,UNKNOWN,UNKNOWN,NOT ON SCENE (DESK REPORT),07/23/2024 01:30:00 PM,41.911104565,-87.726516867,POINT (-87.726516867032 41.911104565018),C,7,2024,00:00:00
7b1eee527b035554dcfa9814372ef77bb9403e9881cf6f1d0067a2dceee8c04800902d6a98fecf959a2256d749541449f7ca432b14c11e083e5032a355946e65,2024-07-09 17:40:00,RAIN,DAYLIGHT,WET,NOT ON SCENE (DESK REPORT),07/09/2024 06:20:00 PM,41.786050853,-87.708925746,POINT (-87.708925745968 41.786050852977),C,7,2024,17:40:00
c3a4ceed3cf2b61017b93174208a69a5293efc7d78f3b54071232f5ba9e8bba8cd785ad99707a623d477fb984e54dfb21a6f3949639452e21bf55fa0ff87238e,2024-07-09 14:37:00,CLEAR,DAYLIGHT,DRY,ON SCENE,07/09/2024 02:37:00 PM,41.961238465,-87.713199375,POINT (-87.713199374979 41.961238465013),C,7,2024,14:37:00
ef1801185a51fcb9e5db696c5d7c47c641fba39ac6d1605e6e16b3d4069b9f2535c838f74fa055d01d08b43fecfb0adb913999238f9f56110e6fd5c315c82426,2024-07-09 12:00:00,CLEAR,DAYLIGHT,DRY,NOT ON SCENE (DESK REPORT),07/09/2024 03:50:00 PM,41.932855264,-87.759060397,POINT (-87.759060396986 41.932855264049),C,7,2024,12:00:00
7d997d1d0a1702e0358f132f41bdce2f5af440bb92153e5eec9d63c04b6fb82bdb1067ee2d37cd0d96751260bbad5f82031f1f16768f8888fa43bb24469aa272,2024-07-24 10:00:00,CLEAR,DAYLIGHT,DRY,NOT ON SCENE (DESK REPORT),07/24/2024 01:45:00 PM,41.749362768,-87.605332981,POINT (-87.605332981011 41.749362768013),C,7,2024,10:00:00
2cf513f79345191add7ea68b3e71653739dcc32ea2f3d268e6bf32de5c461bfe1f8b82895d4448c4fdf51a82ca9a225438c004a769851e0aec93ed10c7e702fb,2024-07-10 09:45:00,CLEAR,DAYLIGHT,WET,NOT ON SCENE (DESK REPORT),07/10/2024 10:00:00 AM,41.83892895,-87.646152419,POINT (-87.64615241901 41.838928949964),C,7,2024,09:45:00
ca9ddcf906e5e9a47622e49580270de52dbeb629fcb830105444ffcb42902c65fb7e58f793414f37051d36cd8aeb59f738bd523937b316c927de7f129d7bc997,2024-07-10 13:40:00,CLEAR,DAYLIGHT,DRY,NOT ON SCENE (DESK REPORT),07/10/2024 04:37:00 PM,0.0,0.0,POINT (0 0),C,7,2024,13:40:00
d416ebe8c8cff98b7995a34b1bb3cacab2498322339bd29a19a6f626688c09a36010493d38bc844b0194a5fd3f83ec49a9c38b39566d8ef9fdcfe1135bcf6c0b,2024-07-10 11:20:00,CLEAR,DAYLIGHT,DRY,ON SCENE,07/10/2024 11:27:00 AM,41.880556614,-87.637168587,POINT (-87.637168587045 41.880556614042),C,7,2024,11:20:00
f021d834dfd42195d320148f538f7cfdcdb0950b3d772d1562ee3174918e04d4f1e9f799be03d6b325280b34c25198e4d85756e1d7f5be68781fc1cc05fb5e86,2024-07-17 09:15:00,UNKNOWN,DAYLIGHT,UNKNOWN,NOT ON SCENE (DESK REPORT),07/25/2024 10:30:00 AM,41.793061299,-87.596642139,POINT (-87.596642138988 41.793061298952),C,7,2024,09:15:00
31824a378f75cc3ff362e3926e6e346162416dd533cdc362e207addbf0ed30cb2817946a3a8aefeacaebd2ab5c946831553b8c2fa2cda7d36438dd3826a2d402,2024-07-26 10:30:00,UNKNOWN,UNKNOWN,UNKNOWN,ON SCENE,07/26/2024 10:37:00 AM,41.753933237,-87.605418426,POINT (-87.605418425972 41.753933237014),C,7,2024,10:30:00
97d224615edbc8b05969f3731ba8916986c6382d2a6cabf5af6a72b1b8c5840b21befad7777b1d67322425e05808fd9d153e434dc9a2a52d0f9aa4a53e301e97,2024-07-12 16:30:00,CLEAR,DAYLIGHT,DRY,ON SCENE,07/12/2024 04:53:00 PM,41.924888953,-87.700379982,POINT (-87.700379982012 41.924888953039),C,7,2024,16:30:00
bd0860d518598f43ef6acecd4b7330350dce1b09e66d226cff8a90323bb44b35075564577e77a8c1f1cd562fd6fa9e645bfb71f7c5ab0a4ad168d5f7afaa284f,2024-07-12 09:30:00,CLEAR,DAYLIGHT,UNKNOWN,NOT ON SCENE (DESK REPORT),07/12/2024 12:00:00 PM,41.794908912,-87.616471792,POINT (-87.61647179201 41.794908912028),C,7,2024,09:30:00
413737fbdf8b44e22b9aa59b153c0c3a281dff8b67fbeecb91fdbd9f1792ce3cdec408a741f0fffc883272f06de06f94314826d249f17fea38853673fb4e9d25,2024-07-27 15:30:00,CLEAR,DAYLIGHT,DRY,NOT ON SCENE (DESK REPORT),07/27/2024 04:00:00 PM,41.966988776,-87.658325149,POINT (-87.658325149045 41.966988775977),C,7,2024,15:30:00
068cb9da361f595a9f51279390ba35ff407327a76c7bc415fc85029b8e0f30e9412e5eebc674855bec1129a32e7467308dd78cbddd110498f57a3a62b78dd27b,2024-07-27 22:07:00,CLEAR,"DARKNESS, LIGHTED ROAD",DRY,ON SCENE,07/27/2024 10:08:00 PM,41.899463059,-87.68952126,POINT (-87.68952125998 41.899463059023),C,7,2024,22:07:00
0e7cb8ae72bb85aff0f612d012a158c1306fe9ae8e40db75eda8a4cd50c86943a91419c159c44ae84373134e0f23c9f665bbbe8078c61f599e296fc0602d21dd,2024-07-27 16:02:00,CLEAR,DAYLIGHT,DRY,ON SCENE,07/27/2024 04:08:00 PM,41.891293713,-87.647680593,POINT (-87.647680593026 41.891293712961),C,7,2024,16:02:00
1190ac1cb79996258b3c631b929ccf5369b8e105d340a0dd82b53003f53f6eb207476e4cd9620fc8d8eeb557e16dcea717a317d81a8c7aee38b9172c2acf175e,2024-07-28 04:45:00,CLEAR,"DARKNESS, LIGHTED ROAD",DRY,ON SCENE,07/28/2024 04:50:00 AM,41.886441473,-87.664374258,POINT (-87.664374257952 41.886441472974),C,7,2024,04:45:00
4a15fbfd3e0f81857d49fd34462a627cba1387e8a12c3b62fc551b9a05fc9f214be28e50b8ad00486209cfc4ef17979b478eda2759b59985a8dac42df154247c,2024-07-27 13:50:00,UNKNOWN,UNKNOWN,UNKNOWN,NOT ON SCENE (DESK REPORT),07/29/2024 03:55:00 PM,41.777298211,-87.796086502,POINT (-87.796086502028 41.777298211004),C,7,2024,13:50:00
966059036f5586d2d8a278052489c37cc48a04b4c4604d532fa2184f462ebcd783f58c8d977aafcfcce2aa95e752a1a03c7c99faf18ce92fab861907f34515e7,2024-07-27 19:00:00,CLEAR,"DARKNESS, LIGHTED ROAD",DRY,NOT ON SCENE (DESK REPORT),07/29/2024 02:30:00 PM,41.840061969,-87.725508399,POINT (-87.725508398981 41.84006196903),C,7,2024,19:00:00
395289e27f44002b409ed7ddee208ff273146389f0c5700345f297b626123de34070923f28c400694a0aa016a52f7f5f74344959a79b61268b1728a73c84aaa8,2024-07-15 05:00:00,UNKNOWN,UNKNOWN,UNKNOWN,ON SCENE,07/15/2024 07:08:00 AM,41.944649875,-87.756730307,POINT (-87.756730306959 41.944649874984),C,7,2024,05:00:00
3bf5e657db74777aad0ccaa6d1d7353d1839dcf2c08b786fcd4cbb119eed5d5dae0211c7e2b55b0dfdc762c365a0f4a463c59bdb750de38c4ed9427020a9c471,2024-07-15 19:00:00,CLEAR,DAYLIGHT,DRY,NOT ON SCENE (DESK REPORT),07/15/2024 07:40:00 PM,41.960921874,-87.739753307,POINT (-87.739753307037 41.960921873996),C,7,2024,19:00:00
ba6a333ce76f765ac2584b26a9ac79c514fd79da30af2378705503ec10bb5578dc8fce216cbce408267167897c9a1d77c2d0eee6f85cd59ee032901dff3c528c,2024-07-15 14:00:00,CLEAR,DAYLIGHT,DRY,NOT ON SCENE (DESK REPORT),07/15/2024 07:10:00 PM,41.741803599,-87.740953582,POINT (-87.740953581987 41.741803598989),C,7,2024,14:00:00
db2a9b6869abfd6fb47f159e8ab9c4b0d1a9d1ceea52f587626b40feb4759b24761efc00ae94b077b2010134a9fdf9042998f590ce83d13eb0236f248a9c58d3,2024-07-15 09:00:00,CLEAR,DAYLIGHT,DRY,NOT ON SCENE (DESK REPORT),07/15/2024 10:40:00 AM,41.706714203,-87.653813468,POINT (-87.653813467968 41.706714202986),C,7,2024,09:00:00
97fbfc9464c7610870ded7de5714374c78bb0c750c9fe24fb74ca2ccab95b3970e6f5893ad25aa2af8498f317108e20cd317a59a353cb55ecec5b75c03a2a542,2024-07-31 00:40:00,CLEAR,"DARKNESS, LIGHTED ROAD",DRY,ON SCENE,07/31/2024 12:41:00 AM,41.765563782,-87.624825828,POINT (-87.624825828045 41.765563782008),C,7,2024,00:40:00
e343f1ec61549727ca9174baf28eb81af17d4344fcd773b47a2e6d1f04e902ec8bdae5850628a6d33cf4b224e108c8d58355ee35219f14dd34911f69b5741e17,2024-07-29 16:30:00,CLEAR,DAYLIGHT,DRY,NOT ON SCENE (DESK REPORT),07/30/2024 12:50:00 PM,41.893918609,-87.624085833,POINT (-87.624085832985 41.893918609004),C,7,2024,16:30:00
a85bd6934f3b8c05d3e3ccbfe0be86a28b1f7f844ebca052096ac20a27528c0c5f14366ade0489d57555eb48ab2a5a4484821b26a06e01a9c7e3b3ba230b5711,2024-07-16 19:20:00,CLEAR,DAWN,DRY,NOT ON SCENE (DESK REPORT),07/16/2024 08:20:00 PM,41.755803801,-87.673232706,POINT (-87.673232705986 41.755803801009),C,7,2024,19:20:00
d5d7747298a4e09d75cd4c38a360808815953759d088630aaea0f400483e88c1c21978672e78ea7bf0627d95756c38a93b6380ad5c98cb54d2e6f761baeba9f4,2024-07-16 19:02:00,CLEAR,DUSK,DRY,NOT ON SCENE (DESK REPORT),07/16/2024 10:50:00 PM,41.977089945,-87.660033687,POINT (-87.66003368701 41.977089944963),C,7,2024,19:02:00
6b9e9366fe5dc8d44a37b13bc734fe28b22c98a48551b9e91ad81cf49d22d855bbcd5471e5888f37d89239fab203fea5b78ef67bd28abb0d480ead654e2d9c84,2024-07-28 17:45:00,UNKNOWN,UNKNOWN,UNKNOWN,NOT ON SCENE (DESK REPORT),07/31/2024 01:15:00 PM,41.94683078,-87.672417095,POINT (-87.672417094985 41.946830779953),C,7,2024,17:45:00
8965757125ac3d345be003976d8963c96713ea532d0f13a87b953b22c52da7312ea674e19d0d1a5f9c92642337e576b7903e9d09d670a1de61e94684670a6b04,2024-07-17 22:38:00,CLEAR,"DARKNESS, LIGHTED ROAD",DRY,NOT ON SCENE (DESK REPORT),07/26/2024 03:15:00 PM,41.891621161,-87.624253929,POINT (-87.624253929022 41.891621161011),C,7,2024,22:38:00
b88799b8e9e3ca3ac5b2d8701e420c456d12fada9408d6f296321e9b47d93d6cbb30e921bd9b80f63150e07659dd2e5dbaf821ce13db68f7875c5128c723587d,2024-07-17 15:15:00,CLEAR,DAYLIGHT,DRY,NOT ON SCENE (DESK REPORT),07/17/2024 03:30:00 PM,41.946909114,-87.683469891,POINT (-87.683469891004 41.946909113959),C,7,2024,15:15:00
0d1d9dd808b2b566db533a612a43b944ccae2de034b94d1f31996af09c268f800a602f3ba01a1ab0dbc2af6d86d60f972d67d39bd0826a2d6e9d23192cc13f60,2024-08-01 07:31:00,CLEAR,DAYLIGHT,WET,ON SCENE,08/01/2024 07:47:00 AM,41.836772906,-87.725712341,POINT (-87.72571234101 41.836772905951),C,8,2024,07:31:00
035bd485f4a666cbe4ca0b1e7d358f840e9f063164f3c671a57ae33720ddb453f8b10137ed95c5adc45a16ce63f996d849d7b2e2bd75f268e8392ed9f002a953,2024-08-01 10:37:00,CLEAR,DAYLIGHT,DRY,ON SCENE,08/01/2024 11:09:00 AM,41.755226457,-87.565233978,POINT (-87.565233977998 41.755226456976),C,8,2024,10:37:00
237abea79a7874732a00f25af0b217dc3c6d44ed2283287bd57d3799bb399c52919f58703212700cb0a96507ac637bc729a7d1098f637c8680c94c6c58e73f54,2024-08-01 14:05:00,CLEAR,DAYLIGHT,DRY,NOT ON SCENE (DESK REPORT),08/01/2024 07:35:00 PM,41.883062096,-87.642772421,POINT (-87.642772421014 41.883062095969),C,8,2024,14:05:00
25ce750ffa5ce41d815cbb996fd64266d9d9df2f6b28856a9aa3d84ae8e7a434f65360fbef255bee5ad85a57d5c3016020f22a90a56888867ba9d73089bcfc7c,2024-07-31 10:00:00,CLEAR,DAYLIGHT,DRY,NOT ON SCENE (DESK REPORT),08/01/2024 09:30:00 AM,41.748174741,-87.658675204,POINT (-87.658675204013 41.748174741014),C,7,2024,10:00:00
6aa955901a628be58644633f755b4d995c5543a199dc4776d8bbc52242159cbf3e2833071028d26e3e8ef0793a0d8b152c8c769c72ec8f722971290946649f49,2024-07-29 13:30:00,CLEAR,DAYLIGHT,DRY,NOT ON SCENE (DESK REPORT),08/01/2024 03:00:00 PM,41.794189876,-87.622600564,POINT (-87.622600563979 41.794189876043),C,7,2024,13:30:00
6b7e8814fe8ae2e0c338a81b6938d6311e9b1e91e09ea89357646e29e939c71881ab35c5845679710db9878ef6d41aa9bcbb7435c4c5c4587b9929ad2857852a,2024-02-18 23:40:00,CLEAR,DARKNESS,DRY,ON SCENE,02/18/2024 11:46:00 PM,41.990304614,-87.704312836,POINT (-87.704312836005 41.990304613989),C,2,2024,23:40:00
79c143e652951a963528c027e82231e4aea44ab2077e7fda12134ae0d3ad578b1e49f32ede3ae2623532edf7405d3e0a41eb278346599b993ca4329c418e3369,2024-07-18 11:33:00,CLEAR,DAYLIGHT,DRY,ON SCENE,07/18/2024 11:34:00 AM,41.93311892,-87.756361097,POINT (-87.756361096964 41.933118919997),C,7,2024,11:33:00
7bf576edbd35fbfd015c32a40b70821b3b3ac9ee19fb2b6b29b7114f2c1de9d2c88a526a2c4d29f2b794f1fd5492ec892799d29708986ed2caa694b1f9db4421,2024-08-02 07:45:00,CLEAR,DAYLIGHT,DRY,ON SCENE,08/02/2024 07:52:00 AM,41.789651746,-87.726395989,POINT (-87.726395988958 41.789651746021),C,8,2024,07:45:00
e768b77dead87521f83da5320cd137256a0af20cc353848fee3b00fae183043facd23cf833b03e599ebe4d31f020fc31e731d5e2ab9a486dbedfdf5258f3c8a2,2024-07-19 10:53:00,CLEAR,DAYLIGHT,DRY,ON SCENE,07/19/2024 10:53:00 AM,41.7715331,-87.644717151,POINT (-87.644717150986 41.771533099997),C,7,2024,10:53:00
f33108ee4196fadf26e4cc4cef58331f73f193e8b41dc37dc740eb8e09e6aaeeb733c5f3cca17ab02ce6f5f469c16eda9a2aa4b07d577e15428cb7d5b1f11dbc,2024-07-19 02:15:00,CLEAR,DAYLIGHT,DRY,NOT ON SCENE (DESK REPORT),07/19/2024 06:53:00 PM,41.75869138,-87.60533417,POINT (-87.605334170015 41.75869137995),C,7,2024,02:15:00
f45b5464eec8941e9318bf6bdf6a9578df6dea63b26fe23b8373d900bc1da48303f781fb2dbd1a18321525bc598fb52267d01e68b3acd693975fa69adbf58d0e,2024-07-19 13:00:00,CLEAR,DAYLIGHT,DRY,NOT ON SCENE (DESK REPORT),07/19/2024 01:50:00 PM,41.924490094,-87.717288131,POINT (-87.717288130979 41.924490093998),C,7,2024,13:00:00
2d4313bd0e7cb3b154a221e4c4fa0f19ffb818e930b72a3a719c6e266bc6f8a2cc41070c47937f438e940b60f5187979b1123ef1b3c528b8592e46ca6d9b412b,2024-08-03 16:55:00,UNKNOWN,UNKNOWN,UNKNOWN,NOT ON SCENE (DESK REPORT),08/03/2024 07:48:00 PM,41.88311224,-87.625517262,POINT (-87.625517262034 41.883112240036),C,8,2024,16:55:00
857eaeeb653719b2c7d096d7ae0488c8a41e6d940ba5abaef3f28e8cb67348db31ab2e928baa332c3fabcab3e8d38744af17e30abf0d6764bc07c55d3e81134f,2024-08-03 01:30:00,CLEAR,"DARKNESS, LIGHTED ROAD",DRY,NOT ON SCENE (DESK REPORT),08/03/2024 01:15:00 PM,41.882211292,-87.710898608,POINT (-87.710898608036 41.882211292041),C,8,2024,01:30:00
c6eef84785f2247caecc3c644942318245c4fd90e21406b0903b2234b919b09fffe0679ba6637307b49d63d6515f4698d36d919158943281e6a19a0442941907,2024-07-26 14:30:00,CLEAR,DAYLIGHT,UNKNOWN,NOT ON SCENE (DESK REPORT),08/02/2024 12:16:00 PM,41.758862121,-87.587495783,POINT (-87.587495782968 41.758862121026),C,7,2024,14:30:00
2fb870934d728ac490e14bd875288a747b486f76f9bae398f230a889c3f4539c5a28033b36eee26c959b49d0605d428ffd12141f58ffce973a4df1d7f6ccf561,2024-07-20 18:25:00,CLEAR,"DARKNESS, LIGHTED ROAD",UNKNOWN,NOT ON SCENE (DESK REPORT),07/20/2024 08:15:00 PM,41.903902732,-87.628531494,POINT (-87.628531494008 41.903902731961),C,7,2024,18:25:00
e754d7f43a8b697708568fa0e552f7b323f0e9fc7367a1aeb69cf55fa97d6b546b5ad3c6f078e132e623be6e50c60940eb2198dce9ce574446611f016ef16041,2024-07-20 17:18:00,CLEAR,DAYLIGHT,DRY,NOT ON SCENE (DESK REPORT),07/20/2024 07:20:00 PM,41.785387445,-87.606183761,POINT (-87.606183761008 41.785387444959),C,7,2024,17:18:00