CRASH_RECORD_ID,CRASH_DATE,WEATHER_CONDITION,LIGHTING_CONDITION,ROADWAY_SURFACE_COND,REPORT_TYPE,DATE_POLICE_NOTIFIED,LATITUDE,LONGITUDE,LOCATION,CRASH_TYPE,CRASH_MONTH,CRASH_YEAR,CRASH_TIME
8984866b8520463ef7ad985e90e753af96f911c4b9f6869fc8820564d260653acc653d329e0a63f4545e94ae615cd03f043b1869c752dc815cab947e54270d5e,2024-08-01 11:10:00,CLEAR,DAYLIGHT,DRY,NOT ON SCENE (DESK REPORT),08/01/2024 04:00:00 PM,41.903825234,-87.64328636,POINT (-87.643286359995 41.903825233976),C,8,2024,11:10:00
2806bc1842f9d3be0d439d16ff2c3e5c9c82e9c891b6efd860159c23d1fce44e2db610d57335a25275a3d3698d880ffbce9b10018533f53f01df0af07749e3b9,2024-08-04 19:50:00,CLEAR,DAYLIGHT,DRY,NOT ON SCENE (DESK REPORT),08/04/2024 09:30:00 PM,41.924490094,-87.717288131,POINT (-87.717288130979 41.924490093998),C,8,2024,19:50:00
f2a2f49e356f78c89c3524442aa246e399e22eee60d346bee7f6cd0055101bbd8963fc9732be2b1f1e0e9583f9920f89a897ffadb77f2aa8efae98dc08691d43,2024-07-21 11:50:00,CLEAR,DAYLIGHT,DRY,NOT ON SCENE (DESK REPORT),07/21/2024 12:38:00 PM,41.768830443,-87.717485339,POINT (-87.717485339032 41.76883044302),C,7,2024,11:50:00
fa449fa2c8b31dcfe5079b39a1bae8e1fc2b2872aa640f744f92758bf5b4769575280a2f17906b9ad9e92299edfc6471044ed8ac69691dc515e5d42f01079779,2024-08-04 21:23:00,CLEAR,"DARKNESS, LIGHTED ROAD",DRY,ON SCENE,08/04/2024 10:41:00 PM,41.953936807,-87.714984845,POINT (-87.714984845049 41.953936806957),C,8,2024,21:23:00
202006d7a5422e90e885fd26a7f768be2cbc4b88eda56e08516af595c09fd2a3e2aec23869767f931a4e648b5ddb46a54c28ae89563f9f1dba80ad641069f86d,2024-07-22 22:22:00,CLEAR,"DARKNESS, LIGHTED ROAD",DRY,ON SCENE,07/22/2024 10:25:00 PM,41.757314039,-87.563974832,POINT (-87.563974832032 41.757314038988),C,7,2024,22:22:00
567649c46879a1f446814f8f2e29d473946957e40ff6e8ec0f0275cda85405a4c183f6dd40c67949d4821e17961721baf705a7fe8573221b17f1b624e2331c8f,2024-07-22 12:45:00,CLEAR,DAYLIGHT,DRY,NOT ON SCENE (DESK REPORT),07/22/2024 01:25:00 PM,41.997265285,-87.786261505,POINT (-87.786261504956 41.997265284953),C,7,2024,12:45:00
943391fc970b737cda8305b442d159aa6e9da63925187814ed2874f2aefbd2bd163366c0536e97c0d6143a8280e4aee1b679cd6ae31f8bcf89d5713ed0363c29,2024-07-22 01:00:00,UNKNOWN,UNKNOWN,UNKNOWN,NOT ON SCENE (DESK REPORT),07/22/2024 01:30:00 PM,41.910660549,-87.730168635,POINT (-87.73016863505 41.910660549049),C,7,2024,01:00:00
1a8af3a29b79baaac4e4c74d7f04c67a96499a70c7badec2483154849896af1b66ffbea96aa3e4b4f06c51ee6b66cc7d2de400b37b1cb1d6fec3d7e460361ed1,2024-08-05 07:30:00,RAIN,DAYLIGHT,WET,NOT ON SCENE (DESK REPORT),08/06/2024 09:00:00 AM,41.947838553,-87.710834647,POINT (-87.710834647032 41.947838552995),C,8,2024,07:30:00
07e43b7e92118f8b482996d6abba3de5a9851a831f261de771e98d84870289f39a9e1373df921e9dc9dfbf704af6d61391faa1cfb264f704ab2790a29fe6d807,2024-08-06 15:15:00,CLEAR,DAYLIGHT,DRY,NOT ON SCENE (DESK REPORT),08/06/2024 04:50:00 PM,41.891621161,-87.624253929,POINT (-87.624253929022 41.891621161011),C,8,2024,15:15:00
c4d4a625305e723ef2397ceb4d41014c88cd7fc980bc2002fe3ffaa1fbbab2206dde2eef363475a3d56194d14dd52e868241b0fd9beac0d11996b73edfa51be7,2024-07-23 14:45:00,CLOUDY/OVERCAST,DAYLIGHT,WET,NOT ON SCENE (DESK REPORT),07/23/2024 06:30:00 PM,41.785387445,-87.606183761,POINT (-87.606183761008 41.785387444959),C,7,2024,14:45:00
3117aa520bdd05753111a71a2211eec4bf8e314d76a3c618e0421f3df87f75e333c5b020f4db2ace0170adf4584300fc7dc8791b16bc29b8195e5b2feb17e601,2024-08-07 19:45:00,CLEAR,"DARKNESS, LIGHTED ROAD",DRY,NOT ON SCENE (DESK REPORT),08/07/2024 10:00:00 PM,41.891293713,-87.647680593,POINT (-87.647680593026 41.891293712961),C,8,2024,19:45:00
9bc9c76377c5133ad1dd0fffed689f11fc3a099d8c705831adc1f5abe21492600e62bf2f03c9b1876b5e65b182ec8c801958183622fd195702f84c3a580091d1,2024-08-08 10:45:00,CLEAR,DAYLIGHT,DRY,ON SCENE,08/08/2024 10:47:00 AM,41.884600962,-87.627828521,POINT (-87.627828520965 41.884600961961),C,8,2024,10:45:00
6ef9131b6d1106e0bf5e25a36be273aecace9a15dfd82131fb4a22a775b44ab5db5061ed5ecae4d6b8eef871e84f1e7762dbfdbaf0374e782ad312a13bc2ae52,2024-07-25 08:05:00,CLEAR,DAYLIGHT,DRY,ON SCENE,07/25/2024 08:05:00 AM,41.844276406,-87.7147225,POINT (-87.714722500033 41.844276406013),C,7,2024,08:05:00
92b11adb117b9768060ef12e0b1ece82af1aa2ff032cde4ce70ba0e03940ea581fa0271c026328e230eb2918b8f16d79fa56b709c3b863cff26c9be9633dbdc2,2024-07-25 16:40:00,CLEAR,DAYLIGHT,DRY,ON SCENE,07/25/2024 04:45:00 PM,41.891203794,-87.765581651,POINT (-87.765581650955 41.891203793956),C,7,2024,16:40:00
c23b12b6ceb267e7bd6bc1963f08c784d58e9185c97817d029e22d534e4c41043642ec57d3401774edf2fa1e66b400be8177b89e1c76b970506404ea94845751,2024-07-25 09:57:00,CLEAR,DAYLIGHT,DRY,ON SCENE,07/25/2024 10:09:00 AM,41.844607515,-87.694804642,POINT (-87.694804642033 41.844607514956),C,7,2024,09:57:00
9b3aff27a22a9743e92c984646fc2b633a40d65cba423469efbca906d15f3e0006287af53680faaefcf8c3e311cb124b5da16657e9ea5e90af24c85a6a181569,2024-07-31 17:03:00,CLEAR,DAYLIGHT,DRY,NOT ON SCENE (DESK REPORT),08/09/2024 05:00:00 PM,41.917657471,-87.667476262,POINT (-87.667476261977 41.917657470954),C,7,2024,17:03:00
1fbc8a901773e35a2b54f9566973caa313239d2f479265601c5ff781e247d55760faa3a3130e04ee7c7a9d75af9bdac5dccdfee4e709fd044483632a885092c3,2024-08-09 18:40:00,CLEAR,DAYLIGHT,DRY,NOT ON SCENE (DESK REPORT),08/09/2024 07:14:00 PM,41.883314692,-87.63547051,POINT (-87.635470509974 41.883314691963),C,8,2024,18:40:00
fbad3b48e4c92bbbbe24579f7fef2b94c7224b7455afd2a4b8269b66b3ea75aa00fdfa16a451572127d66e87077767e4cb0921281637ffa7c0f77ecbd3355274,2024-07-26 14:24:00,CLEAR,DAYLIGHT,DRY,ON SCENE,07/26/2024 02:24:00 PM,41.891293713,-87.647680593,POINT (-87.647680593026 41.891293712961),C,7,2024,14:24:00
68af608f87bb97389de2316e55fcc96a10413c88b21f009e2cdf967f18c1d41d138cb932b8436453adc5e9cf08055a02b812e3087072d7aed2d78f90a756522e,2024-08-10 14:35:00,CLEAR,DAYLIGHT,DRY,NOT ON SCENE (DESK REPORT),08/10/2024 03:47:00 PM,41.88311224,-87.625517262,POINT (-87.625517262034 41.883112240036),C,8,2024,14:35:00
bf566a1eebb94d55e588707852ef7c37ce7319265c5ba4d4fc544ade993c6cebb67a0f62bf07f2c46acad1272eedaab551f1b0722e8054f84754f04d0e1440b8,2024-07-27 16:00:00,CLEAR,DAYLIGHT,DRY,NOT ON SCENE (DESK REPORT),07/27/2024 04:30:00 PM,41.727691926,-87.552716858,POINT (-87.55271685802 41.727691925986),C,7,2024,16:00:00
05fdf164457981bc18003c061b5d82b747f3f515c5b198dd85b1735e566e72973aeff71d13f92945b74dd42704ddeef2132c609cce1daae4478fab7f3f5d8a14,2024-08-08 12:50:00,CLEAR,DAYLIGHT,DRY,ON SCENE,08/08/2024 12:52:00 PM,41.765563782,-87.624825828,POINT (-87.624825828045 41.765563782008),C,8,2024,12:50:00
5dd09b8649b8dd1fc3684615f9c2bdbf0613a491b2fb0bfa97a5b89760f5ebe1eb85ed3d0d600ea2b16883e5efae6f2432426bbe80340626d3acd7ed20dcecc1,2024-07-28 20:03:00,CLEAR,DARKNESS,DRY,ON SCENE,07/28/2024 08:45:00 PM,41.945104724,-87.654997704,POINT (-87.65499770401 41.945104724008),C,7,2024,20:03:00
ad85da674058ba590b12cf47873939dd69442673790767a719b592a028a92303a970753be03994d7c588551f8f25ca326e03306d4674154110e45b66fc7f4559,2024-08-12 02:20:00,CLEAR,"DARKNESS, LIGHTED ROAD",DRY,ON SCENE,08/12/2024 02:24:00 AM,41.744151639,-87.585945067,POINT (-87.585945066953 41.744151639042),C,8,2024,02:20:00
b02c8baeff14262984b583d84e0aa6c5abea467df097052a863c920e4293dcd237b1df34aed35fbbed484bc28e51c6a1cb39daef3d05436ec11eb8448709346d,2024-08-10 19:50:00,CLEAR,DAYLIGHT,DRY,NOT ON SCENE (DESK REPORT),08/10/2024 08:10:00 PM,41.867220725,-87.649535412,POINT (-87.649535412034 41.867220724967),C,8,2024,19:50:00
7975676bcf6dc52fdbae038874ccadc191355446a45f3446863d29afa1bc11d06dc15a473808efc72df7959a97a8d24d1b92f750ec8fd4303986e2c348261a9f,2024-08-12 06:40:00,CLEAR,DAYLIGHT,UNKNOWN,NOT ON SCENE (DESK REPORT),08/12/2024 07:20:00 AM,41.953309742,-87.747158693,POINT (-87.747158693019 41.95330974203),C,8,2024,06:40:00
be29f436667760f9e13a42b1625a1f1eda5db5035ba481e82f6136a8161f7dcad9e6690c9235ff810e51cadb80ccf4045643d11083dda7e94a2ac4d4f013d048,2024-08-12 13:05:00,CLEAR,DAYLIGHT,DRY,ON SCENE,08/12/2024 01:05:00 PM,41.895596296,-87.626409138,POINT (-87.626409138035 41.895596296006),C,8,2024,13:05:00
b14b7af0b05ebed5cc5babd18fea3b19d82752adfd4ad39172aab17c193abbae2b0fd720ebe87408a100507b42a8dea7e6e202a6e7bba40d42c1f42aa6db6017,2024-08-12 15:40:00,CLEAR,DAYLIGHT,DRY,ON SCENE,08/12/2024 03:45:00 PM,41.896498596,-87.633140372,POINT (-87.633140371983 41.896498595985),C,8,2024,15:40:00
fefe4fdbd09075f97f5904a0c7fb8d1a471cfc3be0da8e484826fa0f7560e23f5f408a3d8602b5741d894d20904d6cb06d94a578ace6be1c917d85715c8e0845,2024-07-29 06:50:00,CLEAR,DAYLIGHT,DRY,NOT ON SCENE (DESK REPORT),07/29/2024 04:33:00 PM,41.953203301,-87.756048735,POINT (-87.756048735038 41.953203300975),C,7,2024,06:50:00
73cd82a9bd0744bd3798402719ff0be1454645d8cb9a08e452667c82068da7ac3ee27742122743fe4f14ca28038583f02c3e896d625497e7e50f6a4569c94ae7,2024-07-31 13:42:00,CLEAR,DAYLIGHT,DRY,ON SCENE,07/31/2024 04:45:00 PM,41.902219169,-87.689322564,POINT (-87.689322564016 41.902219168951),C,7,2024,13:42:00
a08835c1923d897f8f39705c017b2af13faf99486742f349e87a306d4e9abb5a6b4274db5eff018558ab45bc60033a4c02b2e97db55fa0f4ace01702cc355828,2024-07-31 02:34:00,CLEAR,"DARKNESS, LIGHTED ROAD",DRY,ON SCENE,07/31/2024 02:41:00 AM,41.909738174,-87.729105543,POINT (-87.729105542968 41.909738174014),C,7,2024,02:34:00
b452106baa608568e9dd0c2569c52076aadafb1d9d527ad2e1cee412f4ecdc6b3c44cfba22e19025b401a7fcb27359f2410e3c6ba5146990d04646466f62cde2,2024-07-31 14:10:00,CLEAR,DAYLIGHT,UNKNOWN,NOT ON SCENE (DESK REPORT),07/31/2024 04:08:00 PM,41.852752766,-87.624197806,POINT (-87.624197806009 41.852752765988),C,7,2024,14:10:00
cf5b056ebccc7b1c9eba53995ada0b342c5cc77cf17b0d4e572f75f99d85e80f9c59fa8c0f6f365560cf634d28c0ad4b86c06d97b05430670cb95a1d96183067,2024-07-31 02:50:00,CLEAR,"DARKNESS, LIGHTED ROAD",DRY,ON SCENE,07/31/2024 03:01:00 AM,41.773455972,-87.585022352,POINT (-87.585022352022 41.773455972008),C,7,2024,02:50:00
84dfceda8127dc4204fb1503816feb7ec90e261e31e00f0cd1a7a1a4e6de1cc21a6b4037dd10c1d802af00b04db4ff94f2e135a055a9e309ed7db94174248bb8,2024-08-08 10:30:00,CLEAR,DAYLIGHT,DRY,NOT ON SCENE (DESK REPORT),08/15/2024 02:20:00 PM,41.743975904,-87.595368793,POINT (-87.595368793006 41.74397590404),C,8,2024,10:30:00
e93edf036b546caea96a53f0a07aa8b22e49a813b1d62c639b892d4e355177f08b6d1f137c4e8bffdb1fdb20e482edaffdcb6c91b7d093b1919d9e3e78b37cc8,2024-08-14 22:08:00,CLEAR,"DARKNESS, LIGHTED ROAD",DRY,ON SCENE,08/14/2024 10:11:00 PM,41.981221197,-87.769077471,POINT (-87.769077470954 41.981221196979),C,8,2024,22:08:00
f37c2b8dfb62e4dc09f5a6c97bbfd17570cfb72212635be30d849db35087dacbb9a0e6179601660c78cd7788bd6ad8ca5c6599d27b9a36313944d6a74414cf6a,2024-08-15 15:15:00,RAIN,DAYLIGHT,WET,NOT ON SCENE (DESK REPORT),08/15/2024 03:56:00 PM,41.793303389,-87.724451993,POINT (-87.724451993001 41.793303389047),C,8,2024,15:15:00
0681e1898270e2208459d2eec3edc662d8c290cf9d6f7674a266f95502931b8070a679da49284698fbe0dbb065158730b78a76b489e7c092309fc53e5f723af1,2024-08-16 17:20:00,CLEAR,DAYLIGHT,DRY,ON SCENE,08/16/2024 05:30:00 PM,41.684000795,-87.710347761,POINT (-87.710347761044 41.684000794983),C,8,2024,17:20:00
12a152afa8ced26e223114c80cb8fedad5b416c6dcae4e02cd7d819849d2b9396efc117815dcc1a12ab9f9ac5cdc89a431561d5842370ec3b7424f5cc3aab136,2024-08-16 19:00:00,RAIN,DUSK,WET,NOT ON SCENE (DESK REPORT),08/16/2024 08:09:00 PM,41.939236051,-87.724573999,POINT (-87.724573999003 41.939236051042),C,8,2024,19:00:00
eb430403747167c71a8c08bd6b2251eb879cb042447518cdf2f5571fb7e38a66a43b13e1be7678d3263d805e1caf829445e8c32774d530d8e4ac6e491497eaa0,2024-08-02 14:44:00,CLEAR,DAYLIGHT,DRY,ON SCENE,08/02/2024 02:45:00 PM,41.677344191,-87.680554139,POINT (-87.680554138993 41.677344190967),C,8,2024,14:44:00
9d769ee0af955964287e51bec73f15aa47c678dbfad997b468df549a43fa4272d0ab2141cabe2eaff441b247ed67b17bd40de42d1b9d21474f2a1926c99f085c,2024-08-12 12:33:00,CLEAR,DAYLIGHT,DRY,ON SCENE,08/12/2024 12:35:00 PM,41.729738814,-87.64329779,POINT (-87.643297790027 41.729738814043),C,8,2024,12:33:00
cbeee446571336167e3c52493467f3acf3068404270e22e8c8042dd9818d388456378e1a74673695743096543513c57519c5f2c9c980ec30f1a32729aa23499b,2024-08-03 15:30:00,CLEAR,DAYLIGHT,DRY,ON SCENE,08/03/2024 03:46:00 PM,41.779853803,-87.631809648,POINT (-87.631809647996 41.779853802992),C,8,2024,15:30:00
d390a94f6ad951b4b67c3687d7dd679bd6595144d5f515315490ddc50e35facc10be0183d528aacc71167eeb793ab941c940cd3a40bdc64eb763f43b48ab3589,2024-08-17 10:30:00,CLEAR,DAYLIGHT,WET,ON SCENE,08/17/2024 10:55:00 AM,41.964970988,-87.689014858,POINT (-87.689014857991 41.964970988018),C,8,2024,10:30:00
4202dae4cbdc026ea0c370ec43d7abcda64f7a8dcfed1137d3a8e30d294f7988c63dc057e2fb0ae78a315291e0f58527f559310d800df1fb8278fc3a7a1b0e20,2024-08-18 01:00:00,CLEAR,"DARKNESS, LIGHTED ROAD",DRY,NOT ON SCENE (DESK REPORT),08/18/2024 01:07:00 AM,41.856817201,-87.679457693,POINT (-87.679457692971 41.856817201011),C,8,2024,01:00:00
e151e38f55017745a6e97cd90326c6f1a1e704c24b179a0d7910fc1ed6903ff4d4b302b3133829ca3779cbf0c9cdcca9d7003e6e3d13c47a408286031d86f5d6,2024-08-04 11:30:00,CLEAR,DAYLIGHT,DRY,NOT ON SCENE (DESK REPORT),08/05/2024 05:50:00 PM,41.969261067,-87.650422729,POINT (-87.650422728959 41.969261066974),C,8,2024,11:30:00
6605de9d2dd75b877791e14703b2206f1d7c223bb099ecd978bf3d7cea483b6907ec4830a1f9a4b7b3ccc43a8b5bd8eec4c4eade2260ced72c4368c04e0f71ca,2024-08-17 21:55:00,CLEAR,"DARKNESS, LIGHTED ROAD",DRY,NOT ON SCENE (DESK REPORT),08/18/2024 08:45:00 AM,41.744151639,-87.585945067,POINT (-87.585945066953 41.744151639042),C,8,2024,21:55:00
089bd2ba5b17a32a7bf80e90aadaa6f5877ba7ce5fcc61b655db8f9a5207e259d2c7991a84ffebd543e5dca2f39063b1c658bfee09e800c4bc3807fbde4ec87f,2024-08-18 10:30:00,CLEAR,DAYLIGHT,DRY,NOT ON SCENE (DESK REPORT),08/18/2024 11:50:00 AM,41.839695431,-87.723058162,POINT (-87.723058162006 41.83969543102),C,8,2024,10:30:00
3b0bb403b12c2a88eadcde83009ca19fb174743de637202fc38d42603cefe34683b85efd1264b6e4c6a07fb482259ecd66b700384f2489f2d432665bda098dbc,2024-08-18 12:00:00,CLEAR,DAYLIGHT,UNKNOWN,NOT ON SCENE (DESK REPORT),08/19/2024 01:20:00 PM,41.869450387,-87.661567854,POINT (-87.66156785402 41.869450387007),C,8,2024,12:00:00
f80bcef1dbc9f22b7fefa68059102895c1ba9c3e0336f711402938c80b708d3a66b9b69f13d8ae749060db5f21231d0513437c1258e7d353d150ce8ddee432de,2024-08-19 09:25:00,CLEAR,DAYLIGHT,DRY,NOT ON SCENE (DESK REPORT),08/19/2024 11:40:00 AM,41.817683733,-87.6650402,POINT (-87.665040200043 41.817683733038),C,8,2024,09:25:00
ea72ee877f08ef8c1d286bd0930ea839ac933d6ae40298f5367d4c995a7e23e07b22f76612c9a8575f3f983990d4beb4e0ca330e17cfd72de90741eb76b42897,2024-08-05 22:40:00,CLEAR,"DARKNESS, LIGHTED ROAD",DRY,NOT ON SCENE (DESK REPORT),08/05/2024 11:30:00 PM,41.794908912,-87.616471792,POINT (-87.61647179201 41.794908912028),C,8,2024,22:40:00
4e111d46e7575d30e205d836a1a11815ba022500fe8d601031643fd181dd9c01a578b7210b57cd661411ab3a332b9318f14c2fd36cd3c28e4cb1386a86083695,2024-08-18 22:00:00,CLEAR,"DARKNESS, LIGHTED ROAD",DRY,ON SCENE,08/18/2024 10:05:00 PM,41.85276755,-87.630024824,POINT (-87.630024824031 41.852767550035),C,8,2024,22:00:00
111eb43207edf00e9dc0c991c335305e54e1a1bc2402a058dd0e438139d2d3674966ac9ed2b1c20be0978637d2e20ea768cffa018f15585fc69aebc97a1dadac,2024-08-19 07:45:00,CLEAR,DAYLIGHT,DRY,NOT ON SCENE (DESK REPORT),08/19/2024 06:00:00 PM,41.787238652,-87.606122038,POINT (-87.606122037954 41.787238652039),C,8,2024,07:45:00
0fe2c9450aca09375ef89e2658e33ce1771eb62de6a533f0cd3e100a462fa56198f7912066ca681722383853012c6447deee986f5a339789e4149fbd6f521826,2024-08-21 15:35:00,UNKNOWN,DAYLIGHT,UNKNOWN,NOT ON SCENE (DESK REPORT),08/21/2024 04:30:00 PM,41.773455972,-87.585022352,POINT (-87.585022352022 41.773455972008),C,8,2024,15:35:00
de27255d695aa22a3d94d1c86b2ab643937048ae727f74494f6da12b0e94d448e88a720b85336abd32d9ec252f124d4cee5574ce7bb7f960cd1706decdb38c1e,2024-08-21 03:04:00,CLEAR,DARKNESS,DRY,ON SCENE,08/21/2024 03:26:00 AM,41.823176057,-87.677019423,POINT (-87.677019422962 41.82317605701),C,8,2024,03:04:00
52f114cd9e37f86c915701e160951a44971f7675f749401f15cab17cbed257c04ad23454e249b61879d6974de9d82eca3f7fc202808133f204b03908ff7bdeb7,2024-08-07 21:20:00,CLEAR,"DARKNESS, LIGHTED ROAD",DRY,NOT ON SCENE (DESK REPORT),08/07/2024 10:30:00 PM,41.924490094,-87.717288131,POINT (-87.717288130979 41.924490093998),C,8,2024,21:20:00
557e39db38ac9c5865235e9a86c800a38689c1e51d7a275a55e1fd1d84afaa09fbfec2f7b0fed4eb3cc011ebc9caf4dc091c4c8293c4a66e7dad7ca0f090c938,2024-08-20 16:10:00,CLEAR,DAYLIGHT,DRY,NOT ON SCENE (DESK REPORT),08/20/2024 04:30:00 PM,41.967797374,-87.757318908,POINT (-87.757318908014 41.967797374042),C,8,2024,16:10:00
bd1ebdd663da1f44b65ab1d07a468ac6ef607c7fdcf11a888e6983b2069ea6371d5cb7dcf4aad5a6917efe616bdd503b2b9ff5190c3188f2c4f4d31d71e72038,2024-08-20 17:25:00,CLEAR,DAYLIGHT,DRY,ON SCENE,08/20/2024 05:25:00 PM,41.995283305,-87.806276212,POINT (-87.806276212045 41.995283304988),C,8,2024,17:25:00
27f483d9ccc1e7dc293ce8dc1e8a6e60368e3fcb153fd903eeec7cd8dec84b365ad2cd1004c49bd28931a09c8bcadfd6dcb67615c1b8593c00a535760f32a9f4,2024-08-21 14:15:00,CLEAR,DAYLIGHT,DRY,NOT ON SCENE (DESK REPORT),08/21/2024 03:15:00 PM,41.799427304,-87.703579743,POINT (-87.703579743004 41.799427304046),C,8,2024,14:15:00
33908a72f82d3b171a326f8e13d10d0114fcec5dd583683b0bb2de45fbafeacd5e9c9642a7cfbf77aefde0437b51448836af4beb98b8f3d0596aca2114e81e6a,2024-08-22 11:00:00,CLEAR,DAYLIGHT,DRY,NOT ON SCENE (DESK REPORT),08/22/2024 04:20:00 PM,41.941657829,-87.651206691,POINT (-87.651206690965 41.941657829042),C,8,2024,11:00:00
72ddbee55fc250e27081b7c4c7d6a143240f6b0dca5f15a90b3b2fd3fb7db4560c14de2ebfa10fd44bb956491a2187e2d0e598a09ba4b891d8ea4f9ba240e4cc,2024-08-09 16:14:00,CLEAR,DAYLIGHT,DRY,ON SCENE,08/09/2024 04:20:00 PM,41.866119494,-87.720927574,POINT (-87.720927573996 41.866119493974),C,8,2024,16:14:00
af80a85090519876d6c04266357a7cfccbbc31130b5188d9cda1b914be2f7bc41fe6f1ea11b47c2d9828655a32ddaf8deef5a11bc4fef3d786913b3dc41d29de,2024-08-23 12:52:00,CLEAR,DAYLIGHT,DRY,ON SCENE,08/23/2024 01:06:00 PM,42.00770045,-87.671713498,POINT (-87.671713497972 42.007700449958),C,8,2024,12:52:00
c877ed9e72726f3fab510bdc75718c94933400603eb80e019a518ea3c9aa6f207df5dda9e5f3219b534ddca6a18249a8f2aaadd8e996a11fe52eb15a6c91c675,2024-08-09 19:31:00,CLEAR,DAWN,DRY,ON SCENE,08/09/2024 07:32:00 PM,41.893918609,-87.624085833,POINT (-87.624085832985 41.893918609004),C,8,2024,19:31:00
5f3898b3125b885c187515b6e85c86f11f0c3b78ed5a4fe25d102fb1a22832f6c143f02afa4907faa1a9d830edbca629b6f5d713e5e1dcfd92d2e61d5503bb2c,2024-08-10 23:30:00,CLEAR,"DARKNESS, LIGHTED ROAD",DRY,ON SCENE,08/11/2024 12:00:00 AM,41.727576973,-87.552936347,POINT (-87.552936347021 41.727576973024),C,8,2024,23:30:00
5fd68aaea72ecc8dc48f09f0fcb55b0a2e2287072753c1ddd7263b1e1b9d8333ca02aa723f95ec64a0c0a799031c407c585cde97afc7649a73446e9b82a59899,2024-08-23 23:30:00,CLEAR,"DARKNESS, LIGHTED ROAD",DRY,ON SCENE,08/23/2024 11:41:00 PM,41.997730287,-87.806645117,POINT (-87.806645117018 41.997730287008),C,8,2024,23:30:00
6fb1f743697a56350ecdedba54a96648379836180d22ba1f36ffff322683d23b3ff343edad356aa15f8ce39f402bb54597d55d8f351bbc0ac6b8d8f5edab9cee,2024-08-25 04:00:00,CLEAR,"DARKNESS, LIGHTED ROAD",DRY,ON SCENE,08/25/2024 04:09:00 AM,41.926977917,-87.704221289,POINT (-87.70422128896 41.926977916971),C,8,2024,04:00:00
8bfa74e48b1a25963f5a82469dcd1762b83921b149d6f934b8d66ffd92f504884d019d050185fa9844716575fdb122db368d069668df68bfb56a9dcc03d8af62,2024-02-18 00:37:00,CLEAR,"DARKNESS, LIGHTED ROAD",DRY,ON SCENE,02/18/2024 12:48:00 AM,41.772995537,-87.605618406,POINT (-87.605618405953 41.772995537008),C,2,2024,00:37:00
a73527e0071610f4411429c1f7096362a67bc16605694e43e68a0454dd2a292a9f933e0d6d44f4433a64596d430d38aaac8dc0176c9ff2dbe0c4d22ffa5eeb98,2024-02-29 21:20:00,UNKNOWN,DARKNESS,UNKNOWN,NOT ON SCENE (DESK REPORT),03/03/2024 09:20:00 AM,41.901963803,-87.636784891,POINT (-87.636784890974 41.901963802973),C,2,2024,21:20:00
3b684f2a651e14e7399711af93b470299e4df5b8d69d92dfa028f6f30190b1fd3d9754d3818ede59a35cafce26c496a6b8c56414ffa48bde5407e554af3abe31,2024-03-04 08:00:00,CLEAR,DAYLIGHT,DRY,NOT ON SCENE (DESK REPORT),03/04/2024 09:00:00 AM,41.786328045,-87.705136175,POINT (-87.705136175049 41.786328044987),C,3,2024,08:00:00
dfc220f6c552b76f8bb46fa9618dbfddbb6437615a76ab9bebcf43d493c58c2e017defea547e36a9547d722f4e410a871f050f4c13d5b511a3c656921557a39d,2024-03-03 18:23:00,CLEAR,UNKNOWN,DRY,NOT ON SCENE (DESK REPORT),03/03/2024 07:39:00 PM,41.992031155,-87.67770077,POINT (-87.677700770007 41.992031155033),C,3,2024,18:23:00
8735dbddd8a1bde3f0990502d0521ecd559974b782c6cd62032ce965de30e59b6eb69430fb2414375b7dd47412834182a3e61c760a1846f238a9620a0ca569c6,2024-03-02 19:25:00,CLEAR,"DARKNESS, LIGHTED ROAD",DRY,ON SCENE,03/02/2024 07:27:00 PM,41.903536788,-87.661859583,POINT (-87.661859582959 41.903536788031),C,3,2024,19:25:00
ebf3a3fffe07c86adc621d5b344537c77d3a93a67af0b7a38c6e8513768dfa13bb6cbf6c04491cb5fdcbfda52be7aedc687dc9659fad7e35761a20ee659a0b06,2024-03-03 16:16:00,CLEAR,DAYLIGHT,DRY,ON SCENE,03/03/2024 04:18:00 PM,41.894989505,-87.761902885,POINT (-87.761902884992 41.894989504972),C,3,2024,16:16:00
04365c4bdf1820705d0d6495939310e2b257c6e438633b2fafaf7a676fd790c256120edaba5bab2952aa6a9ce62b5711d835aa9506dbab1b285c2c0fb222d639,2024-03-04 14:40:00,CLEAR,DAYLIGHT,DRY,NOT ON SCENE (DESK REPORT),03/04/2024 05:14:00 PM,41.917657471,-87.667476262,POINT (-87.667476261977 41.917657470954),C,3,2024,14:40:00
c4f280dd551c2ccdd987bf05618135a296614b670396e4f7dc5c12fd4110adc3e4231cf2c858468e24e378b19f2b4c58a8b65288fa8b3b0368b7a76a40a1c4be,2024-03-02 21:00:00,CLEAR,"DARKNESS, LIGHTED ROAD",DRY,NOT ON SCENE (DESK REPORT),03/04/2024 01:00:00 PM,41.753689844,-87.626198396,POINT (-87.626198395985 41.753689844025),C,3,2024,21:00:00