CRASH_RECORD_ID,CRASH_DATE,WEATHER_CONDITION,LIGHTING_CONDITION,ROADWAY_SURFACE_COND,REPORT_TYPE,DATE_POLICE_NOTIFIED,LATITUDE,LONGITUDE,LOCATION,CRASH_TYPE,CRASH_MONTH,CRASH_YEAR,CRASH_TIME
effb11e0ca6b18e112cff53995004e14d826a49a1f827043e24eec4721551013563b87d5ed867909607668cef3bace39a8fe6a114b8d6c3e51949aadba1b03d7,2024-03-02 22:00:00,CLEAR,"DARKNESS, LIGHTED ROAD",DRY,NOT ON SCENE (DESK REPORT),03/04/2024 04:30:00 PM,41.939308285,-87.718653753,POINT (-87.718653752993 41.939308285031),C,3,2024,22:00:00
808e4ab4e57cd1403f9b537a3d0f740070f747acf5d36efa87bb3c0c3162d181d330fdd7c8e2927a0dc2e04deeb16523925efb40f4f2bf06901696bb91df9292,2024-03-02 08:45:00,CLEAR,DAYLIGHT,DRY,NOT ON SCENE (DESK REPORT),03/02/2024 09:15:00 AM,41.886484174,-87.652313703,POINT (-87.652313703021 41.886484174044),C,3,2024,08:45:00
b2843a72c635984a1a50e9752f9ea60c2ca2ac985775011892a8f9bb12d794def28e206a1a25624807a6e18096d70fea3b1166bdf6d1b82ddcc6c82b7a02ac8b,2024-03-01 17:22:00,CLEAR,DAYLIGHT,DRY,ON SCENE,03/01/2024 05:24:00 PM,41.85273296,-87.632667026,POINT (-87.632667025989 41.852732959959),C,3,2024,17:22:00
549f7375544cbac76ef6281134ad3ced25843195ca0d7c899a8e6d6f1bad2b08c2402d6b1b5c3c6cb7ad240e391876ae2042bcba16c10a52c87b929050ecc24a,2024-02-20 16:03:00,CLEAR,DAYLIGHT,DRY,ON SCENE,02/20/2024 04:05:00 PM,41.871252224,-87.688022322,POINT (-87.688022321951 41.871252223987),C,2,2024,16:03:00
7da23e84e467f79a965d57d11ed250dcc17867f96da6184381df7f90f6cf445f1b1934cf742bfed358fe0af91c814fd44b4e0023584e9e25d17bad945064d57f,2024-02-20 02:45:00,CLEAR,"DARKNESS, LIGHTED ROAD",DRY,ON SCENE,02/20/2024 02:54:00 AM,41.79573461,-87.762555326,POINT (-87.762555325992 41.795734610035),C,2,2024,02:45:00
a668a13f430189726ae14d434e1ba0893d7dbb01be2c64739dac2935df2872db921c02a77ea3d6b6573ed6fa69c31afabce109f8c86965189a5863ba6594dd4f,2024-02-20 15:00:00,CLEAR,DAYLIGHT,DRY,ON SCENE,02/20/2024 03:05:00 PM,41.908522236,-87.745933925,POINT (-87.745933924993 41.908522235962),C,2,2024,15:00:00
b5136dd1ed2afe0ed2cfeada9012d5bd724058a00b52500fd6ed693a4762217ee15700312db23882869cf8d1c054d6d47e2fb199bf8315a96a61268cb2617d0f,2024-02-20 17:40:00,CLEAR,DARKNESS,DRY,ON SCENE,02/20/2024 05:40:00 PM,41.975247007,-87.76507099,POINT (-87.765070989991 41.975247006977),C,2,2024,17:40:00
fb03e3c84d227069d78ffb9888a3b07cce36abe3b584e0bcb1e4e30960141ab0be0febaaa04a16f30ec3fb168364a2604767301d71638ed4f0d2db2574776f13,2018-09-01 11:00:00,RAIN,DAYLIGHT,WET,ON SCENE,09/01/2018 11:11:00 AM,41.979090999,-87.79372756,POINT (-87.793727559821 41.979090999485),C,9,2018,11:00:00
00127fa0c727157ff837cdb7e82d3ae8fe94c452c9932f86aaaaed3f937ca4c3df4dd6525f86061ca9850be79e23cc088fb4f24509ee58c4014650d568f2dfd4,2021-05-25 16:20:00,CLEAR,DAYLIGHT,DRY,ON SCENE,05/25/2021 04:25:00 PM,41.907661506,-87.729866668,POINT (-87.729866667918 41.907661505515),C,5,2021,16:20:00
00287060a5440222a8ec27f67600aef3a68a44513a12499548070e68f9e54f8472b211c24bb831114803ee939e9a2910a67ddafcdf3bd3407befe687086d882c,2020-07-28 20:11:00,CLEAR,DUSK,DRY,ON SCENE,07/28/2020 08:15:00 PM,41.964769108,-87.722230954,POINT (-87.722230953581 41.964769108254),C,7,2020,20:11:00
0030b49503bc529857ba0f1bc40a9d265b0eb172a3bcbc6c592b054cd442f5f8f1556a966ff66f38716c0195e3cd107873e30b2b6c788da08d97e7a2f1fbb8e0,2018-11-21 11:00:00,CLEAR,DAYLIGHT,DRY,NOT ON SCENE (DESK REPORT),11/21/2018 11:40:00 AM,41.880083461,-87.768199889,POINT (-87.768199889011 41.880083461427),C,11,2018,11:00:00
003d652c5120eeda25f6e66f31e88eb3a3990a571019f14a2876b8203bb9e9a2aee7d88498154a5c37190d24b2210a76aef63751c10857ab5a2674389859c1bd,2023-09-21 10:25:00,OTHER,UNKNOWN,UNKNOWN,NOT ON SCENE (DESK REPORT),09/21/2023 12:00:00 PM,41.972750887,-87.66184873,POINT (-87.661848730267 41.972750886765),C,9,2023,10:25:00
00ad11c161f113c24888c736b5a56783c8fc6fed993546e731385277ec7fbb2130eaca74c6b66895c3a7dcac7f06f860fccccd5fdaa79bdd3cd6d5b970eb27d0,2024-04-23 15:45:00,CLEAR,DAYLIGHT,DRY,ON SCENE,04/23/2024 03:50:00 PM,41.997904899,-87.686172171,POINT (-87.686172170786 41.997904899047),C,4,2024,15:45:00
00c3925b120c9acaaac94c52307f2d3162e4533ab88a40f7394a0affc6601cbd306f71f9cbb781211623c8589c60adb6b7db62c992d2301917c127e7db5bdb92,2024-07-01 14:45:00,CLEAR,DAYLIGHT,DRY,NOT ON SCENE (DESK REPORT),07/02/2024 09:00:00 AM,41.895615314,-87.706705325,POINT (-87.706705325106 41.895615313545),C,7,2024,14:45:00
00c59b993dcb783f7d0f12df545eff3d7cadef504b20da907ff49fe8112af132a436a1be01fd7fa9ced780be8d38b67264d2e4be151cd1277d19b696d4cdd482,2015-11-08 12:54:00,CLEAR,DAYLIGHT,DRY,NOT ON SCENE (DESK REPORT),11/08/2015 01:48:00 PM,41.867226622,-87.649163485,POINT (-87.649163485157 41.867226621531),C,11,2015,12:54:00
00dc12bface2c3ddcdfd03c3c06cf04b955fd51a8e2b4af579a682be8f622fdb05dbfee592d92636d9f42ce1b405027cc48d7f4a487d8c5a36f0c198b5673e49,2023-02-28 13:57:00,CLEAR,DAYLIGHT,DRY,ON SCENE,02/28/2023 02:54:00 PM,41.88571554,-87.728375607,POINT (-87.728375607159 41.885715539593),C,2,2023,13:57:00
00ed0ac8877162bd5114c85265b0ff882b09e0f30133a93628f4d197d3523742743b7db1e8495f9ad0a23478c48496f308bb12e277ccb6e9510d8661ec9a3ce4,2016-05-08 14:49:00,CLEAR,DAYLIGHT,DRY,NOT ON SCENE (DESK REPORT),05/08/2016 03:49:00 PM,41.765393608,-87.625050475,POINT (-87.625050475006 41.765393607783),C,5,2016,14:49:00
00fb66a66bcc2f10b5c500b0e724adf4d83a154c057df0b2a3e6fb28bd2c536f253c26acaa2f701fa3674eb3e79dd723c10a979cbb73d73bdcdbdd3572316e0a,2020-12-31 13:30:00,UNKNOWN,DAYLIGHT,UNKNOWN,ON SCENE,01/02/2021 10:01:00 AM,41.770730933,-87.591257952,POINT (-87.591257952398 41.77073093262),C,12,2020,13:30:00
01017c4c2cad90dd67bc9bf733d598c315d133d8704c034a34be11de348699e8467ad4cc514b03b7a8da6e9af4ccc7f340cfa021db57e38a6dbeed8a2ea56e03,2020-10-02 16:50:00,CLEAR,DAWN,DRY,ON SCENE,10/02/2020 04:50:00 PM,41.997287945,-87.718372073,POINT (-87.718372072884 41.997287945107),C,10,2020,16:50:00
011542c9e26d9bd012c52f25f289b453e141063cbc690d9673e60fa8c0a4b3c791c841564a76791b6b8b5586f6d1c8c3559409991aa922a3e8c6eb7a1fa37040,2021-02-04 20:23:00,SNOW,"DARKNESS, LIGHTED ROAD",SNOW OR SLUSH,ON SCENE,02/04/2021 08:23:00 PM,41.777998866,-87.635143398,POINT (-87.635143398111 41.777998866289),C,2,2021,20:23:00
01185d73190ba3f8c684ea99de5984f9b48c1ad2462774ac3b147b72e1529f194decd7e0f96c01dfb9a658b24bf0fd0a094bf4e4df5a066ba9616cd9f94cfab4,2021-08-11 17:25:00,CLEAR,DAYLIGHT,DRY,ON SCENE,08/11/2021 05:47:00 PM,41.890219517,-87.702954969,POINT (-87.702954969391 41.89021951662),C,8,2021,17:25:00
01227e9e900875ca5d13cf452ec2912a3bd3cf598548e24d8f9db9eb9f6b05bd955a9a58ba9011bb64170d4f5ddb49db17f1bb3268463adb1dc962180f19b4ec,2023-01-17 09:27:00,CLEAR,DAYLIGHT,DRY,ON SCENE,01/17/2023 09:27:00 AM,41.999612866,-87.704732976,POINT (-87.704732976064 41.999612865619),C,1,2023,09:27:00
014279252e0170382bdff6626080a67ea77dcf747f0afca4291a7deac9e00134861c60f02864769f9d7f643c035aba8430a0c8223c9ba4a3a78b7c88887aeba7,2020-03-07 12:55:00,CLEAR,DAYLIGHT,DRY,ON SCENE,03/07/2020 01:05:00 PM,41.764706236,-87.564918,POINT (-87.564917999553 41.764706235535),C,3,2020,12:55:00
0143825461ea6f72f454442c679edd91da7b5f726ed4c58c7abfdfa8350bc9f575672897102c0e6c3f63a4fbf34a6a89568b03d001d6aaa875d803621a018425,2018-05-30 14:26:00,CLEAR,DAYLIGHT,DRY,ON SCENE,05/30/2018 02:35:00 PM,41.79462142,-87.691239112,POINT (-87.691239111951 41.794621419861),C,5,2018,14:26:00
014bcb179340b533bafc59f9d602742a790eac6eb9db4a572755890ebda64f93d6d33d137e4c432eb17b24f62214220398cb954c84793fe743de5e2a4cba3a96,2024-03-03 16:30:00,CLEAR,DAYLIGHT,UNKNOWN,NOT ON SCENE (DESK REPORT),03/03/2024 05:50:00 PM,41.93944102,-87.707672345,POINT (-87.707672344742 41.939441019937),C,3,2024,16:30:00
015a0c5bf388de04ea7ac513e7376333065590e0278772ee8ddd0be50f10936c531e050ba0734f012c0005cd0745f0d5370ca0a2b97406773cec6e57c3081add,2021-06-08 17:38:00,CLEAR,DAYLIGHT,DRY,ON SCENE,06/08/2021 05:40:00 PM,41.777170069,-87.664010367,POINT (-87.664010366603 41.777170069378),C,6,2021,17:38:00
01653405efc23fd08ba1232375edf0a6b701ebbaf417488aeab887f444adf90ea9f95b899e1f1d7e13b5b5bdff7b0873047495c0befddff5cb679ef6d0b13ddf,2023-10-21 10:40:00,CLEAR,DAYLIGHT,DRY,ON SCENE,10/21/2023 10:45:00 AM,41.896256163,-87.71375327,POINT (-87.713753269822 41.896256163039),C,10,2023,10:40:00
016e97d9bd6691e99ba831d8e88476d3c1204d6b8d1b9f71684baee410fd8783d8c38bd3be4c4c1d0dd95743a933c26d1bd27ad25adb89d83b2dbf39c6a3da86,2019-12-19 06:14:00,CLEAR,DARKNESS,DRY,ON SCENE,12/19/2019 06:15:00 AM,41.755061934,-87.732227865,POINT (-87.73222786457 41.755061934412),C,12,2019,06:14:00
017a5a6dd3ef56065325cca9e38d6ad6e6bc825352d081a05bab4d82656186519140541d7349f7eaa9136fe04cb01fb013a5821dc01ee48aaad175af77efbf3d,2024-05-25 07:30:00,CLEAR,DAYLIGHT,DRY,ON SCENE,05/25/2024 07:34:00 AM,41.933457996,-87.747172991,POINT (-87.747172991209 41.933457995824),C,5,2024,07:30:00
017de781824870236dccae4709eb88cf9db681debd1f93872ab98b9e2571a0630293ca2494d8e090a2ee7bb16ea951c5c4d5befaa9c7d73de6e6337776d9808c,2023-09-02 13:45:00,CLEAR,DAYLIGHT,DRY,ON SCENE,09/02/2023 02:30:00 PM,41.953499669,-87.652715081,POINT (-87.652715080938 41.953499669482),C,9,2023,13:45:00
0185acd3250543d0aa255f033d64def84ec1a86de88f9ab83ab390a8c37bed6267b7810d2fb4c30386a42b30e7cac535bc425afffdb92411b79b06015b93b034,2018-06-05 16:34:00,CLEAR,DAYLIGHT,DRY,ON SCENE,06/05/2018 04:40:00 PM,41.907305772,-87.774471359,POINT (-87.774471359405 41.90730577183),C,6,2018,16:34:00
019306ea891d0a84a6c89ae66b44e7af67039a39b868c03dd526bb7cfcec1124e85d197010feaab6d557aa8758193604d788a153c279b8fd462e1b7c13fff7e7,2023-11-06 13:26:00,CLEAR,DAYLIGHT,DRY,ON SCENE,11/06/2023 01:36:00 PM,41.772813187,-87.626063705,POINT (-87.62606370458 41.772813186609),C,11,2023,13:26:00
01bcc541b382da08a9750837d4d323e6e503e433e6b76de3a696828133f07f12fe1ef86c748d1073ad459aa16300d6fdb1d9b21c261b3767b1560a0872f66549,2021-02-08 09:20:00,CLEAR,DAYLIGHT,DRY,NOT ON SCENE (DESK REPORT),02/08/2021 11:30:00 AM,41.895122795,-87.620749268,POINT (-87.620749268397 41.895122794552),C,2,2021,09:20:00
01e1fb1119462f4a7df61d6f1c43c2ba3e48c38dc89ae74dfe7156325b8371020b86536be3e4014d374b2704408957e416ffb85c8ecee08e6f719bfc7701a0d9,2020-04-07 02:00:00,CLEAR,DARKNESS,DRY,ON SCENE,04/09/2020 07:07:00 AM,41.77328619,-87.605919103,POINT (-87.60591910261 41.773286190051),C,4,2020,02:00:00
0202bc73bcb0055dd00b34d263d22e45e6dfe9f14eb09237dc831df7e0fc8d54dbb75f3f2ab4e40ecb690719a0fda10608dc067c40b3968375ea983631c14d82,2018-04-16 18:20:00,CLEAR,DAYLIGHT,DRY,ON SCENE,04/16/2018 06:25:00 PM,41.859002371,-87.654069747,POINT (-87.65406974725 41.859002371225),C,4,2018,18:20:00
02481363046a1c7b4d6adf90568b365a2d170a422c01aa1d9a299f3503f8878492d1e9be1958b6111fdfc1abb0565ac66fb22ee9b07da01c1c2c1b372764cf14,2019-11-29 14:00:00,CLEAR,DAYLIGHT,DRY,ON SCENE,11/29/2019 02:19:00 PM,41.736334713,-87.628645222,POINT (-87.62864522161 41.736334713231),C,11,2019,14:00:00
024c36d7cf7de9fb8ba5344aedb49d65ef1af00337622ac75d512d0e1336bb644151c15b668133d5defd405723e699874feed61a731cdc44384eb6572ba648c8,2023-09-02 12:01:00,CLEAR,DAYLIGHT,DRY,ON SCENE,09/02/2023 12:05:00 PM,41.985698165,-87.660278882,POINT (-87.660278882293 41.985698165046),C,9,2023,12:01:00
0259539954b4349e7ccc272bf87983a3775c68d28b9eac011c3b20f870aefb171a6af1b5fb988af1e730793df7ed6c31a39933d1cc1eec525dfb9e874931af0f,2018-07-29 16:00:00,CLEAR,DAYLIGHT,DRY,ON SCENE,07/29/2018 04:10:00 PM,41.83999847,-87.644635028,POINT (-87.644635027516 41.839998469658),C,7,2018,16:00:00
02698ddb846db8dd26da9868369acd4f49dbfea9fd9e66cc074eab256f325ac26aa46fe74153b908381f5f8ee3707f89c2629542cb1c5d5eb469bf15a5aa06cb,2019-07-04 15:43:00,CLEAR,DAYLIGHT,DRY,NOT ON SCENE (DESK REPORT),07/04/2019 03:44:00 PM,41.807366061,-87.703808126,POINT (-87.703808125922 41.807366060556),C,7,2019,15:43:00
026f53e0af990d202cb741ee5e70c14aa29b1950eeb037a5e7f042e39709feed2b4a69d8677e05b57dade0210894617fd412efc598dd3a5b45f9f080d27483e5,2023-07-31 13:21:00,CLEAR,DAYLIGHT,DRY,ON SCENE,07/31/2023 01:23:00 PM,41.920551477,-87.740271588,POINT (-87.740271587921 41.920551477312),C,7,2023,13:21:00
027b900f5dc69f4fd1ce2c9d7a36af2d5a1d6ef8e933acbb3ba598727f99bda60eaabfe1fb14e47e17542e95cb9c28c66b5f2abbe42d7f9b0c41f611ddd56ffd,2019-06-01 14:13:00,CLEAR,DAYLIGHT,DRY,ON SCENE,06/01/2019 02:20:00 PM,41.705653283,-87.612649332,POINT (-87.612649332136 41.705653282554),C,6,2019,14:13:00
0298b98ae2c970aec262d7ab660718d7b4bb2598a8ea503679a3ec3f21dd90b6bacfa9be22e9e307c98ff6d7ce1effde97de5043a2cd890d75fdd8dd99da03d2,2020-01-10 22:48:00,RAIN,DARKNESS,WET,ON SCENE,01/10/2020 11:58:00 PM,41.756843974,-87.585255044,POINT (-87.58525504429 41.756843973958),C,1,2020,22:48:00
02bc996e087491217e749a3681ce09e2d1d0b7f788af645370cc8754288fed2fc229d5f38e34fe1ce17f0de7fbc9ce3dc62f24d33a6e6c985321813d8688266d,2019-08-16 16:50:00,CLEAR,DAYLIGHT,DRY,NOT ON SCENE (DESK REPORT),08/16/2019 06:00:00 PM,41.767213522,-87.722325393,POINT (-87.722325393436 41.76721352168),C,8,2019,16:50:00
02c9e3273431340634acdbe5c35c3b0db3d412bf05148199d914fc1edada9d1456208e6a687b3cb1ca4abb8b10704c27ad9ccbe1734eec187022c2e13e986a9b,2024-04-13 19:05:00,CLEAR,DUSK,DRY,ON SCENE,04/13/2024 07:24:00 PM,41.879001452,-87.723896755,POINT (-87.723896755054 41.879001451823),C,4,2024,19:05:00
02e3675c7335d720f3b6d03c11b83836606de5cfa8249e1929b69b6eb0025f00c5debafbd49387c178bf4ddf8198d05eef485b1b043dfb4cd864aea90372fbbd,2019-01-09 18:55:00,CLEAR,DARKNESS,DRY,ON SCENE,01/09/2019 07:00:00 PM,41.876376943,-87.672208671,POINT (-87.672208671062 41.876376943192),C,1,2019,18:55:00
02f51f0cf8a0546c7366f5c1205d305466e3b7b7ac9b450b1aacaeae9936b3215a1923492b0333bad23a97ad0d45eeb22e98b4209f5f258645007af263ef27ed,2023-06-11 18:26:00,UNKNOWN,UNKNOWN,UNKNOWN,NOT ON SCENE (DESK REPORT),06/11/2023 06:40:00 PM,41.982882946,-87.787588155,POINT (-87.787588154962 41.982882946329),C,6,2023,18:26:00
03226e29aac5c612c04898af6b3000bd98847f074ec6be3deb48f19fa6530f5e39e9b2cc0b5cf6fb57d56b3a6f18d9e870da3a7ac7cc161960d0c997e5d0dd54,2018-12-13 06:38:00,CLEAR,DAWN,DRY,ON SCENE,12/13/2018 06:39:00 AM,41.858064198,-87.656286425,POINT (-87.656286425333 41.858064198018),C,12,2018,06:38:00
032a52440d2f6ae5aa6aef596f54439d899ae57f72f2122047e233ec19ebb701320ee03a87dd3d598963037ed709518031456f74ec73bc9c28147dbfeb78a300,2024-06-26 18:20:00,CLEAR,DAYLIGHT,DRY,ON SCENE,06/26/2024 06:22:00 PM,41.904772026,-87.722564945,POINT (-87.722564945125 41.904772025721),C,6,2024,18:20:00
03400efcb9fc2a5b616169d2816786668a512a8a52b4547cb3ec54de79e9d713b6faa00ba922e7e96c6d55b07cfa96fa0827054f3dd1b4df8086a4c0d2e05969,2020-03-12 15:37:00,CLEAR,DAYLIGHT,DRY,ON SCENE,03/12/2020 04:47:00 PM,41.910327528,-87.680100149,POINT (-87.68010014882 41.910327528194),C,3,2020,15:37:00
035c5e4ae16c18113dbb1284b16d074f6130802634000edec76ea76adc86b96fc9c723f808a76cc261731f22a855ab8d0a01c15d4990f501416a768dfef7c846,2018-09-09 19:24:00,UNKNOWN,UNKNOWN,UNKNOWN,ON SCENE,09/09/2018 07:55:00 PM,41.890202462,-87.636846975,POINT (-87.636846974582 41.89020246182),C,9,2018,19:24:00
0368e691126770a4f6a722371845039d23691added6a8679f2284687dcaeb7fb6816219b8355213e683dc9e658f789e203149167ce7c95967eaccc69bbbecc1b,2022-06-06 15:20:00,CLEAR,DAYLIGHT,UNKNOWN,ON SCENE,06/06/2022 03:49:00 PM,41.756416105,-87.631040741,POINT (-87.631040740903 41.756416104811),C,6,2022,15:20:00
036a289ee5e57902cc9213eb845aafaf7a4a670491d61f1b03a54491c318a29d084b6aa0369d2a733073f0679d020f22d2fd9699ce8cf4c1146152f44d9db4ba,2022-05-31 14:30:00,CLEAR,DAYLIGHT,DRY,ON SCENE,05/31/2022 02:35:00 PM,41.794638826,-87.632267045,POINT (-87.632267045463 41.794638826304),C,5,2022,14:30:00
0371a756f79d4a8575b652dbf61b7a946d11d3daa833970ea1ec047bc4c39cbca6b809ba1e2dd428c7ac240c62e966f5a6111a44689a0dbe977e91b9d348205d,2018-01-12 09:50:00,CLEAR,DAYLIGHT,DRY,ON SCENE,01/12/2018 10:00:00 AM,41.747896,-87.599174365,POINT (-87.599174364674 41.747895999851),C,1,2018,09:50:00
038c32165b34de384967a540b54bee023b9bcd3e5f181a704e81534f618bcd40f2c531e9ff910e1e2bb88438ec8d61ebcc21f6195820ec0ad8d70db5521b6e96,2024-07-20 18:05:00,CLEAR,DAYLIGHT,DRY,ON SCENE,07/20/2024 06:05:00 PM,41.974810951,-87.657628917,POINT (-87.657628917011 41.974810951417),C,7,2024,18:05:00
038d854967542dc9e549259bd17efaf6915a11ba8b0c3ca01c85c881776cf3165a6400abb0cafe3fa9736bbac5728a0994bdf8fd9756e195031114afee2ef0c4,2019-07-31 14:20:00,CLEAR,DAYLIGHT,DRY,ON SCENE,07/31/2019 02:51:00 PM,41.915193528,-87.74618263,POINT (-87.746182630403 41.915193528319),C,7,2019,14:20:00
0390529e7d88b94f03ec5ed07b0f396e69ba983d4e5c681b0cb003892c4771b8e5c54c2df7743e57368c02005f2796cd82b183079348b8390b527c9404f97607,2020-07-08 04:00:00,CLEAR,DARKNESS,UNKNOWN,ON SCENE,07/08/2020 04:46:00 PM,41.861211622,-87.72244613,POINT (-87.722446130211 41.861211621925),C,7,2020,04:00:00
03af452a4a68b90610a4a105d685bfb19c88a9b32d72c02e3f5e1a4157f5890852d1e9d6f511250c369694595b48c195fbb10c04560cede93f4dbbcc95a5d235,2022-06-15 14:00:00,CLEAR,DAYLIGHT,DRY,NOT ON SCENE (DESK REPORT),06/15/2022 02:05:00 PM,41.777946671,-87.702967559,POINT (-87.70296755911 41.777946671076),C,6,2022,14:00:00
03b3c3b04428192ed992760d50dcd1e45c5be3e67914a255963a90d682ce757d94a892ebcff5556746825fb346f66bb86d4abb68d11cd09bad37ee8a3ddc559e,2019-05-16 05:45:00,CLEAR,DAYLIGHT,DRY,ON SCENE,05/16/2019 05:55:00 AM,41.777877967,-87.694431494,POINT (-87.694431494225 41.777877966547),C,5,2019,05:45:00
03c41d25efa482c43589e0750b07432bccc3390305c2ad207968714244fdace9d9edbe287f1034a63d9b8163d46fe9d1f35adf95bda568d2b60b7e0e14b38afd,2021-02-22 08:22:00,CLEAR,DAYLIGHT,ICE,ON SCENE,02/22/2021 08:22:00 AM,41.781986056,-87.665638136,POINT (-87.665638135603 41.781986055846),C,2,2021,08:22:00
03ee257d9a654a816b13722796e6cafd1ebab5693843e8e5f4750232a93bb5118c04365b3dc534bca644e96899a7906c94a163471a60cb040fbeba76cd0d533c,2019-11-03 15:42:00,CLEAR,DAYLIGHT,DRY,ON SCENE,11/03/2019 04:29:00 PM,41.883328973,-87.671996967,POINT (-87.671996967432 41.883328972888),C,11,2019,15:42:00
0415f45ce6ec05c8ebddb531ae4b4babdf6a73dd731dab8afd768ba560483f612c463412e5333f37f6d00a9286bbe0bdfe817ced75d902919bbf6f8aaf24727b,2019-11-23 16:59:00,CLEAR,DAYLIGHT,DRY,ON SCENE,11/23/2019 05:00:00 PM,41.751336153,-87.58979135,POINT (-87.589791349807 41.751336153485),C,11,2019,16:59:00
041d7421a70fd99701a6bc6a53ed7ad8da09657b74c3ff623b24c4fd1c56facdf02d2637c1f0a48383e2d3789db6c159706022da861ed0e8d022ba303bb27f08,2019-07-16 22:40:00,CLEAR,DAYLIGHT,DRY,ON SCENE,07/16/2019 11:16:00 PM,41.893596546,-87.657299378,POINT (-87.657299378027 41.8935965461),C,7,2019,22:40:00
0432005fa810cf25226c13d4f44353a9808ab60790f4750fc6bd46b6e151a62454f8d8d700517d9cc8057021bd7542e02ff105ff5341dd37c10fb0fb19906955,2018-07-08 17:37:00,CLEAR,DAYLIGHT,DRY,ON SCENE,07/08/2018 05:51:00 PM,41.808701947,-87.665583009,POINT (-87.665583009194 41.808701946993),C,7,2018,17:37:00
0441b986b6ffeb863c902c8d3d093cb1f300d7a145e3620d514a089163c838dd96afa198686962924f010abd6123ae5f7e585342f753dedca5ea902c8ef3ec32,2021-02-14 17:30:00,SNOW,DUSK,SNOW OR SLUSH,ON SCENE,02/15/2021 03:26:00 PM,41.986796828,-87.674754058,POINT (-87.674754058202 41.986796828094),C,2,2021,17:30:00
044a2551789ba54c272f78901681a1b1f412f2800283a7c82afff3f5134feb1eac37782e0a5fed60a8f4e4d8f4458655990b30705e9e74148e773721bf6ae31f,2020-09-20 16:01:00,CLEAR,DAYLIGHT,DRY,ON SCENE,09/20/2020 04:01:00 PM,41.867572313,-87.65806531,POINT (-87.658065310144 41.867572313012),C,9,2020,16:01:00
046dccc5da96f52c63ba82aeaa0d853c4c68b8109cd1d88ea3286ca7a5cf1033a3e002b7f8180718b14b0622f583ad1bcaec8aacac1f3ff27fea0e03d2eeb5fa,2024-04-01 18:37:00,RAIN,DAYLIGHT,WET,ON SCENE,04/01/2024 06:37:00 PM,41.941773597,-87.776196398,POINT (-87.776196397582 41.941773596948),C,4,2024,18:37:00
04a1c836312d4126ecd4471571b131b490d8735b251804366aaa29ac0ae131cff3c74f780767be593fb29f705f76da394ed79350a926158830d6f107ccf72d0c,2020-04-05 15:30:00,CLEAR,DAYLIGHT,DRY,ON SCENE,04/05/2020 03:34:00 PM,41.707206116,-87.628815002,POINT (-87.628815002368 41.707206116169),C,4,2020,15:30:00
04acb5644bacc4315e8dde40eb19d385dcab04aa522dcf270733d978652ec2568f4ecbb52042ec09b2d8b2896d087b50bbcecb57f38de55f6592a24be9891fcf,2019-12-06 23:03:00,CLEAR,"DARKNESS, LIGHTED ROAD",DRY,ON SCENE,12/06/2019 11:13:00 PM,41.7478614,-87.641374947,POINT (-87.641374946959 41.74786139976),C,12,2019,23:03:00
04b286ca1288032fa148edb0675adb8235c084119a90518fd4bfe09549d7d161c4142632075efbcbc317e2bbecb9c6bd8bf8d8b395fc6ee8f1fdb62f28615e72,2023-11-13 22:30:00,CLEAR,"DARKNESS, LIGHTED ROAD",DRY,ON SCENE,11/13/2023 10:30:00 PM,41.844330771,-87.710609783,POINT (-87.710609783291 41.844330770676),C,11,2023,22:30:00
04d675964096eb7dbccb0453403f06c8ec15967efeb89d0ec92770759e2429c0457a8618c8e3fcc343074a95b1b44d2950ad17b3c09822a216ee8be26d332a3d,2023-05-24 17:22:00,CLEAR,DUSK,DRY,NOT ON SCENE (DESK REPORT),05/24/2023 06:15:00 PM,41.910004723,-87.711735404,POINT (-87.711735404094 41.910004722901),C,5,2023,17:22:00
04e376ddd232b80e6b107205c50f1d62a59addc977a60629b63ed225571ca13acb5c3fd1c31afdcc64adfbf25c680cf9d54a19f11ced103be5a29f789f692865,2020-06-15 15:38:00,CLEAR,DAYLIGHT,DRY,ON SCENE,06/15/2020 03:50:00 PM,41.995659831,-87.700934143,POINT (-87.700934143019 41.99565983136),C,6,2020,15:38:00
04ec76e126054e52ba66f310850b03d13aa096810ef84a48fd6fcb637c75a3616fd59fdfdb38175398f3791c3635301d2dd7e0cb7401bae555eae4d9b6292e8b,2022-04-23 14:00:00,CLEAR,DAYLIGHT,DRY,ON SCENE,04/23/2022 02:45:00 PM,41.794878222,-87.606365814,POINT (-87.606365814304 41.794878221574),C,4,2022,14:00:00
051b40d0a2d201570bc8227065506e8fb9824bff157cc2a840a75d38ddf7d3177cea797feb559eea39097754f1a31027346dd26ec96782eebd2ccf5b5606df4e,2017-07-17 10:00:00,CLEAR,DAYLIGHT,DRY,NOT ON SCENE (DESK REPORT),07/17/2017 04:00:00 PM,41.866034444,-87.742431155,POINT (-87.742431155441 41.866034444017),C,7,2017,10:00:00
05221bfacb5d8ce2dab5d7624318cebfb4691f46a0babd7d83a4d03b26849b38a39d5a7ab0b0fed3831b75c1cc258545f910b9ed00c2d79d4ba70206e179d098,2017-05-03 16:30:00,CLEAR,DAYLIGHT,DRY,NOT ON SCENE (DESK REPORT),05/03/2017 04:57:00 PM,41.78327911,-87.70826705,POINT (-87.708267049788 41.783279110065),C,5,2017,16:30:00