CRASH_RECORD_ID,CRASH_DATE,WEATHER_CONDITION,LIGHTING_CONDITION,ROADWAY_SURFACE_COND,REPORT_TYPE,DATE_POLICE_NOTIFIED,LATITUDE,LONGITUDE,LOCATION,CRASH_TYPE,CRASH_MONTH,CRASH_YEAR,CRASH_TIME
056858d0d7ee4e93e7987f359750d0dd5ffd10ef87097f928351cd9204dd95e5f07f211f07a8936e19d407ad2cd7f28fbaabbbd9e9724bc96fb8e41c3b2de430,2020-03-05 19:40:00,CLEAR,DUSK,DRY,ON SCENE,03/05/2020 09:12:00 PM,41.900419713,-87.772738918,POINT (-87.77273891792 41.900419712904),C,3,2020,19:40:00
0587ee0582a2160d2f6a6c9ee02e006da3bd93ad31d3095c332171c28d4456d0fb45f055fa24e0b2a442a1515dddb74fdbfdb7409746f70128079d2ccdcdf650,2018-03-05 09:00:00,OTHER,DAYLIGHT,DRY,ON SCENE,03/05/2018 10:00:00 AM,41.93732439,-87.789710478,POINT (-87.789710477736 41.937324390065),C,3,2018,09:00:00
05b0c4bb63de5db65d736a31a093a06a940a13a76b6bae755104894380288b390ec908005c927d1c330e5b711b87f810b850e7e307e5cc570b2dc0f9993e359d,2023-03-13 06:43:00,CLEAR,DARKNESS,DRY,ON SCENE,03/13/2023 07:10:00 AM,41.839327534,-87.724563122,POINT (-87.724563122429 41.839327534498),C,3,2023,06:43:00
05c73e65fb4e1bb584226fab4ebfbb61edd5bda6b3a947be090912ad52aad1f9e620422355c9007cc9ff40195cb2b8d361f55bf668abdbb9cbd1e25421d3699c,2023-05-31 12:30:00,CLEAR,DAYLIGHT,DRY,NOT ON SCENE (DESK REPORT),05/31/2023 01:41:00 PM,41.735468459,-87.692370736,POINT (-87.692370735592 41.735468459066),C,5,2023,12:30:00
05d12cff0542e5dbd49e4a507b6e7a4f198a26fd57f738a80aa1c0e3ead990b3219dd7c5266f0b8c613475a37d03e331d031f475119d936febb57f7722c8ae3c,2016-08-12 16:20:00,RAIN,DAYLIGHT,WET,NOT ON SCENE (DESK REPORT),08/12/2016 04:50:00 PM,41.807620261,-87.735963356,POINT (-87.735963356428 41.80762026113),C,8,2016,16:20:00
05eccb118d0a6f666488aa5bb2a9bda953fd1b5b7b21a666b337f76497ff5e713d0b926b58ccbc48095e82050843607aa51963ec33538263cf98222acce5c72a,2023-01-10 08:45:00,CLEAR,DAYLIGHT,DRY,ON SCENE,01/10/2023 09:00:00 AM,41.743533071,-87.604873184,POINT (-87.604873183561 41.743533070705),C,1,2023,08:45:00
063ede0cd220dc1c34871ae2e41de007249b5c7494391d8d1b5021d9f42b3d7ae86c4d5ffa4c8f5dff6bc5fa4b07de48f08ad5e9556ba710e234150f0ae7d30d,2022-05-07 10:50:00,CLEAR,DAYLIGHT,DRY,ON SCENE,05/07/2022 10:58:00 AM,41.868560933,-87.744690014,POINT (-87.744690014399 41.868560933046),C,5,2022,10:50:00
0644d349d9a6afcda4f4183c88444857cb10579b080bfc3b4f85c9d502b79e24d5bdaecd16e881e8ea15f18a2506114f5820173eff0d6b1dc83cdb33c72d5a01,2022-07-31 10:25:00,CLEAR,DAYLIGHT,DRY,ON SCENE,07/31/2022 10:26:00 AM,41.990056813,-87.655531287,POINT (-87.655531287039 41.990056813424),C,7,2022,10:25:00
066200be71b792d11c0e32aada2f6c8e1dfdc24910147ac5138aa69fe66ac71b4972572738ee6d5e3ab033ae646bf4a6a1d0a39123e4843856f9294d77356844,2023-01-18 12:21:00,CLEAR,DAYLIGHT,DRY,ON SCENE,01/18/2023 12:54:00 PM,41.950382578,-87.680069027,POINT (-87.680069027466 41.950382577588),C,1,2023,12:21:00
0683fe9a49c04c173e60af3da6989a5917ea125af86e82981615e2f9e96f1e6dc040f10d4de618d53da10812e82d2e36a515489ec17c54961b51c6abd2f047ca,2021-12-25 07:42:00,FREEZING RAIN/DRIZZLE,DAWN,ICE,ON SCENE,12/25/2021 07:42:00 AM,41.900752974,-87.624235,POINT (-87.62423499978 41.900752974042),C,12,2021,07:42:00
06866d3c38c26eda4f46751a73aa736d9fe20241061d8edcef0e45fb96f77dddcbeffec72f5c148f0f86c30c625011af0bdbc54397243dfad738ab9427f9537b,2022-04-29 13:00:00,RAIN,DAWN,WET,ON SCENE,04/29/2022 01:10:00 PM,41.752346744,-87.659252683,POINT (-87.65925268324 41.752346743988),C,4,2022,13:00:00
069d0ce451996adf4df1ab4bbb4307e52f59b2d46a37bc0a6815c15f3a2d5d632dfbebc992664c72cddbecdcf30f82a84b5db3167afb630e88d320f1d91a0f5b,2020-08-12 14:00:00,CLEAR,DAWN,DRY,ON SCENE,08/12/2020 02:00:00 PM,41.811032084,-87.621404623,POINT (-87.62140462327 41.811032083875),C,8,2020,14:00:00
06aee521bf385987d7d3089da557a77f0f93311b1c15fd4e91dfa2be04a830059a3e7e6f351b8663c10a5cc136d4b8c39e907d29c0b6b664e9cc26a38dbe9a25,2021-05-28 12:00:00,CLEAR,DAYLIGHT,DRY,ON SCENE,05/28/2021 12:24:00 PM,41.816395834,-87.626412894,POINT (-87.626412894288 41.816395833928),C,5,2021,12:00:00
06b8c6e88144fa25237bfa8c5c2c526e56d3196b318066cb1852c415c933dac2ebbd47b93273f5ba34bb34e7d3d9cfcb62ea8ae0e00f79eca5564a3aba8733ca,2018-07-08 20:30:00,CLEAR,DUSK,DRY,ON SCENE,07/08/2018 08:40:00 PM,41.809052349,-87.591870519,POINT (-87.591870518686 41.809052349231),C,7,2018,20:30:00
06cf452dcb0009d8df44687a8cb4bef2c4b3432291448c376f7125e0f066ce2ca7977c016b4de24e02762c6fd4542a93422e7faf38e0ff045ca163242fa5bea2,2020-06-10 17:17:00,CLEAR,DAYLIGHT,DRY,ON SCENE,06/10/2020 05:17:00 PM,41.826040017,-87.6849674,POINT (-87.684967399868 41.826040017229),C,6,2020,17:17:00
06e753317d0c620958929b462e4ee63406b135632099fde0bab0bd0654e3f0b2d61502e132695ab66643c894ba82981fb52ffaeda7ff75db9bba2f8cbcdd5597,2022-07-22 17:31:00,CLEAR,DAYLIGHT,DRY,ON SCENE,07/22/2022 05:33:00 PM,41.794063908,-87.635748445,POINT (-87.63574844484 41.794063907612),C,7,2022,17:31:00
0709131dcc5e17b7eda0b02fc0b7ac04674c5cec1cdfda991d0060251964f0b75a513478d77b294dbae21fba5d630ac21fac5bf05233387165ae5ed3fc3bf761,2021-05-05 10:00:00,CLEAR,DAYLIGHT,WET,NOT ON SCENE (DESK REPORT),05/05/2021 10:11:00 AM,41.784639324,-87.683935941,POINT (-87.683935940773 41.784639323944),C,5,2021,10:00:00
0710faee12fd60f167b73c173b0cda2de3bf2d038c4e8f2e69e01f9eb82983ddeabbafafce22143f203b2defe5a008552d106ff16d5e8a087c86436e301d9844,2022-08-14 21:12:00,CLEAR,DARKNESS,UNKNOWN,ON SCENE,08/14/2022 09:16:00 PM,41.749373758,-87.602849976,POINT (-87.6028499756 41.749373758296),C,8,2022,21:12:00
072597aebc24f483829f1b43530dd02e541a25b745cabc50d117dc35931f7d2f30ef4e0d498a19369e4f2f32d2b33d06225e19f30af00c0d4636e5237c43a7b1,2023-06-21 12:50:00,CLEAR,DAYLIGHT,DRY,ON SCENE,06/21/2023 12:56:00 PM,42.001176533,-87.81339871,POINT (-87.813398709969 42.001176532512),C,6,2023,12:50:00
072c4a4309f423f15785f1fedacce1d467d3ce6074638c185c8370f4d2db80829f84263d40df349ef26ab2fff2fd976e8444212a12196ebf5d7d52352eaa0cb4,2019-06-25 17:31:00,CLEAR,DAYLIGHT,DRY,ON SCENE,06/26/2019 08:10:00 AM,41.73641062,-87.586756576,POINT (-87.586756575744 41.736410619602),C,6,2019,17:31:00
074e981cab71fffe9b11003a467ba95900d57f89e736254e72020f4ebf96a5464ea8f0385eeeb7275dac8ec0e0ca6a95069f884eef491d1fed4e934896b6f5fa,2021-05-20 16:25:00,CLEAR,DAYLIGHT,DRY,ON SCENE,05/20/2021 04:26:00 PM,41.737960949,-87.653248769,POINT (-87.653248768609 41.737960949222),C,5,2021,16:25:00
074f5bd56cf3c7533445ececefeda8ce7895def8baa9021923fd9f0bdff7db06523d0b2caf9e4ac28b69933633e60b39bc49aa2f72f0e7c85544fee52d38359c,2022-10-01 01:00:00,CLEAR,DUSK,DRY,NOT ON SCENE (DESK REPORT),10/01/2022 07:00:00 PM,41.900572884,-87.7362145,POINT (-87.736214500485 41.90057288379),C,10,2022,01:00:00
0792ef678e46db6e22898e93365d04dcc685afac7defa6a462f9aa040ad2db045e3dc4e786d25ef404dc9499a04e2523a71746e3d44c44a89339b61c55242b4d,2024-08-19 17:00:00,CLEAR,DAYLIGHT,DRY,NOT ON SCENE (DESK REPORT),08/22/2024 03:50:00 PM,41.939786501,-87.655039264,POINT (-87.655039263808 41.939786501351),C,8,2024,17:00:00
07be31710ebcd9bf28c2b55fc58bdec2a3c7f58f8a5cd6c28ff92bf3bee0b1b9b6ab0f183c65d5fb77c98145c3d15202d5f2ddedd1205032fd9c4a382441c9bd,2024-08-13 07:06:00,CLOUDY/OVERCAST,DAYLIGHT,DRY,ON SCENE,08/13/2024 07:07:00 AM,41.765388409,-87.63950145,POINT (-87.639501450307 41.765388408867),C,8,2024,07:06:00
07d2287a813d87ff354a693264779977bd40c9fe7a44e58f0433ffe9cfb0478a1e192c58a237856796e051ce3887cf25a80fae20e559eae1f41ad5f278ae30cf,2022-11-15 07:45:00,SNOW,DAYLIGHT,SNOW OR SLUSH,ON SCENE,11/15/2022 07:47:00 AM,41.977795266,-87.689371783,POINT (-87.689371782613 41.977795265747),C,11,2022,07:45:00
07f23db980672a890b824de3571bf6f443d525dd8f7560fc6555d739810dcded4e0a93df56f559652b4335d393eab51418ecbd29fb2f53f0657c1de98c0d998b,2022-02-28 17:45:00,CLEAR,DAYLIGHT,DRY,ON SCENE,02/28/2022 05:45:00 PM,41.93834049,-87.786187177,POINT (-87.786187176686 41.938340490413),C,2,2022,17:45:00
07f4283447192727388e4f8bf2bb5f6eed5f41308262559c6ad2d00220570ca1637437f445844605bb5cf5d6551391961a22e65a3b9731f39fb2d73082dfc95b,2018-01-25 08:25:00,CLEAR,DAYLIGHT,DRY,ON SCENE,01/25/2018 08:30:00 AM,41.910597113,-87.662108326,POINT (-87.662108326415 41.910597113019),C,1,2018,08:25:00
08053e06d69626726e0d0629fb2401816ac5545b7faf1d42d241f5c1ebad179a23efd4588571f141552a58a3645750e9ab1a10627a85dcd9a04dd7c516e9291c,2019-05-10 13:30:00,CLEAR,DAYLIGHT,WET,NOT ON SCENE (DESK REPORT),05/13/2019 08:28:00 AM,41.778822697,-87.70567679,POINT (-87.705676790286 41.778822697431),C,5,2019,13:30:00
0806c0a08ef8aeade3e56ef247f497af9181d770d98a3520bb962c667e1f7086ce1ca190262beea5c07ee064727888b2a1fc3047edcf58c8c3ae4854bb70543f,2021-02-25 06:25:00,CLEAR,DAYLIGHT,ICE,ON SCENE,02/25/2021 06:26:00 AM,41.691807687,-87.672694291,POINT (-87.672694290803 41.691807687262),C,2,2021,06:25:00
080b3dfaca2ad1206dca3a48cebad7e0bc518b53c889f32b0e704c1cef80f43e13282bc0a07294880232a43f52a544ffb8263ed28600a1962c76d678e244d310,2020-05-28 16:46:00,CLEAR,DAYLIGHT,DRY,ON SCENE,05/28/2020 04:46:00 PM,41.712108847,-87.535131659,POINT (-87.535131659236 41.712108846828),C,5,2020,16:46:00
082788e6aed3c17913887b1c6ed49d176ca714cd73b39ce04b3bfd4e870cdab8bb77b20c9b87fa4988ec96f5797b7697572fe3ee42832e917f12275d4ef38bfc,2022-02-04 10:50:00,CLEAR,DAYLIGHT,DRY,ON SCENE,02/04/2022 10:55:00 AM,41.998881411,-87.670738092,POINT (-87.670738091554 41.998881411363),C,2,2022,10:50:00
0827d528b7235414c0f74d0ff8af574d53fe1868963d1bb3e3d84ec48f7454e63dd5d690d64fc775aef32773bc9614d0cea73eb5f7d9aaf2088cf9a5a09c1f7a,2022-05-05 08:50:00,CLEAR,DAYLIGHT,DRY,ON SCENE,05/05/2022 08:52:00 AM,41.932406006,-87.707585356,POINT (-87.707585355723 41.932406006214),C,5,2022,08:50:00
082b6e88e8ea2fdd5fdc081c1271bfd8dc88b1ca295d1ced0bd528b153c3132fe82f6016f23d0d92b2012833f9dd6f3bd99752e770191fcf6bb28aa6f25fa4c8,2023-09-16 18:30:00,CLEAR,DAYLIGHT,DRY,NOT ON SCENE (DESK REPORT),09/18/2023 02:55:00 PM,41.800527702,-87.723519275,POINT (-87.723519274799 41.80052770213),C,9,2023,18:30:00
087b8798925ef3ba71962c82ae68f8054e3789c407034b9c2030a81727d6db74174660e476db9b0c3a3a4c3bc0629b92ba75d88b9a8dc52ba13c9d520693954f,2019-05-17 20:30:00,CLEAR,DARKNESS,WET,ON SCENE,05/17/2019 08:38:00 PM,41.692732531,-87.701014054,POINT (-87.70101405389 41.692732531294),C,5,2019,20:30:00
0885797dcdd0e29a1017cf7b2f28d2935d27aec3fca678a2c975759276267486657d368ff2c625024444e2433832e866c1ba59071323d44405be4ea713a65f60,2021-08-08 01:00:00,UNKNOWN,DARKNESS,UNKNOWN,ON SCENE,08/08/2021 12:46:00 PM,41.698646864,-87.539940263,POINT (-87.539940263471 41.69864686378),C,8,2021,01:00:00
0886dff3485d99029f0d60bea1e622192dab5b8768a48baad0edaf263d8388e2a57d03e7dbfdb1e39c2b25728049f6c8411c999c2dc00e737bfb9795db600b15,2023-09-15 13:00:00,CLEAR,DAYLIGHT,DRY,NOT ON SCENE (DESK REPORT),09/15/2023 01:19:00 PM,41.785971636,-87.730360896,POINT (-87.730360895839 41.785971635777),C,9,2023,13:00:00
088a805609fc82e602d08bdffc3269bc5ac5d578ec2de6f0119176672cc12893eba282a9f8cec4689043e3e5539f836692400e3b2be0c84cd377c961f6a71cb6,2023-12-03 11:40:00,RAIN,DAYLIGHT,WET,NOT ON SCENE (DESK REPORT),12/03/2023 12:05:00 PM,41.976146252,-87.679169673,POINT (-87.679169673479 41.976146251821),C,12,2023,11:40:00
08b997fb16ef282e3a4b44d9a546d6ad7239d0b5845ca752515864683201ee5ecab8790896dd90aa317518d93f9bfc69f9c9ea2056e685eaedc06b45c5cab0a1,2024-05-31 22:30:00,CLEAR,"DARKNESS, LIGHTED ROAD",DRY,ON SCENE,05/31/2024 10:35:00 PM,41.735900449,-87.663007262,POINT (-87.663007261886 41.735900448684),C,5,2024,22:30:00
08ce7e7fedd61f2c3342787296ec78207688aadaebaf5f80a00f378f29e4166ed515ccef7491c0f15ec5ff80655d5e185609a026b106c1c7d6a92a28f3731daa,2017-07-22 08:45:00,RAIN,DAYLIGHT,WET,ON SCENE,07/22/2017 08:46:00 AM,41.94057506,-87.761513872,POINT (-87.761513871566 41.940575060175),C,7,2017,08:45:00
08cf5020a7e8d328284e0c63a627a0b7da8af68358726423c07242dcddeb429560c24862525163778629b25aa26fdd09d0e5d136b1985ccff1bb4faceb8af0af,2023-08-31 08:00:00,CLEAR,DAYLIGHT,DRY,ON SCENE,08/31/2023 08:29:00 AM,41.76600723,-87.691692661,POINT (-87.691692661428 41.766007230055),C,8,2023,08:00:00
08d11d969d680fbc1e0ba710ef920c96f9a6ac142bc136e889f8a7c8417275f3c30d9a1b3a3e7f7c704a47488852acf89822b6c0d2990bd6cf8b7cb0eaf5c6a4,2021-07-27 17:09:00,CLEAR,DAYLIGHT,DRY,ON SCENE,07/27/2021 05:24:00 PM,41.938422634,-87.771206874,POINT (-87.771206873684 41.938422634494),C,7,2021,17:09:00
08d8290cd39d42eb6b2bffe66ecf0f5b92e85416f341e08a3a5a899c5c54bcd09031e255615cca40db0d141de9d1b4fb31bd21d70e2573c689fa514dbef3a476,2015-11-21 09:15:00,SNOW,DAYLIGHT,WET,NOT ON SCENE (DESK REPORT),11/21/2015 09:40:00 AM,41.998843864,-87.677395604,POINT (-87.677395604035 41.998843864385),C,11,2015,09:15:00
08f5f630e23228bc44fe025c31023dce4e8b72b984e3c81738c8bcf1e5a560e6321d2a67115cec19abf5bc4295fa1b1e7bfde66406dd5e2fa2abb355be233939,2019-07-24 05:15:00,CLEAR,DAWN,DRY,ON SCENE,07/24/2019 05:15:00 AM,41.799477224,-87.647869143,POINT (-87.647869142512 41.799477224402),C,7,2019,05:15:00
090b49051e1c1e9b4ae1e8af1ffc222b391a790c4e83c1adb70855955fcd3613a2f0d51d35cc3f850bc9b9ece35be4c4dd61da1aa4a75337dadb0721302c7fe3,2018-06-07 11:07:00,CLEAR,DAYLIGHT,DRY,ON SCENE,06/07/2018 11:07:00 AM,41.885850824,-87.630232767,POINT (-87.630232766516 41.885850824064),C,6,2018,11:07:00
0913837892875d46607c6a36af7665842ed8c7941b86e13a67acd42c000e8484d451e77400ccf64ad4d053367e76b00bde7ff635c74fe82df914a2f32c0b2797,2022-01-23 07:45:00,SNOW,DAYLIGHT,SNOW OR SLUSH,ON SCENE,01/23/2022 07:50:00 AM,41.660966176,-87.559129692,POINT (-87.559129691968 41.660966175762),C,1,2022,07:45:00
0962f56acb07001ff44822d64f77ef5b056a30a841e2f5892e8e7674ac6d15ca9bb40044efb68982b04c9357c3c14f62aab906c66c0240025816bc650b1e970e,2024-02-04 14:41:00,CLEAR,DAYLIGHT,DRY,ON SCENE,02/04/2024 03:07:00 PM,41.873365326,-87.683627571,POINT (-87.683627571017 41.873365325726),C,2,2024,14:41:00
096e46eb039a298e413d6ba18a0d687e89d6bee2da6416eafe66816377a931df0ab5a7b32cfa20a36f25c990fb14c05ce02608a2f8fb9966dbeab8ba735e6438,2024-03-01 14:23:00,CLEAR,DAYLIGHT,DRY,ON SCENE,03/01/2024 02:23:00 PM,41.894055604,-87.755420913,POINT (-87.755420912647 41.894055603789),C,3,2024,14:23:00
09738d1130695eaa46dd37cd7c8af38213cb010827023a5ba72553afcfd4be37445b39bf2b12e10bd47e6f73fd9d6926627859cd5246ee85ecc484b23552515d,2020-02-27 13:08:00,CLEAR,DAYLIGHT,DRY,ON SCENE,02/27/2020 01:45:00 PM,41.922458339,-87.705843284,POINT (-87.705843284403 41.922458338574),C,2,2020,13:08:00
0992a87bbc7799f3b4cb8b9ab51b039d0bb4006188e9bb699aa5699e9d9717a5ebc19ac8b8a4cdbeeb36a6734bc05b46b639b7b8650749065b3f2a6db834fdb2,2018-06-14 07:55:00,CLEAR,DAYLIGHT,DRY,ON SCENE,06/14/2018 08:11:00 AM,41.972219793,-87.706075526,POINT (-87.706075526126 41.972219792811),C,6,2018,07:55:00
0997c205435ba7352c199d2c638b777284699755e034c389bd5c7fd90f39a4905545a1e9b6585ab6b239d8ea9350f932e9bbad19f14e5f6446c0fa5a886644dc,2017-08-15 17:20:00,CLEAR,DAYLIGHT,DRY,ON SCENE,08/15/2017 05:25:00 PM,41.866040588,-87.754701912,POINT (-87.754701911918 41.866040587815),C,8,2017,17:20:00
09c48c487c3f479047cdbe4a9ee959588f48e41f29ebdb55e08e2d0f5224df401e78fc806b2788d55214bfe02661d53fce2d7f1cfba9ae75da036c13eb2d99ca,2018-01-23 06:40:00,RAIN,DAWN,WET,ON SCENE,01/23/2018 06:43:00 AM,41.894979511,-87.62439997,POINT (-87.624399970455 41.8949795111),C,1,2018,06:40:00
0a01050b41dcd3d9268f38a129c4958b88e5ef84885d639ac16f0eeb87d88705b4879744d0bf0771dbfa6201d5673e1a9e11b252026de2ed8ba69241ca9f108c,2020-10-15 12:40:00,UNKNOWN,UNKNOWN,UNKNOWN,NOT ON SCENE (DESK REPORT),10/15/2020 01:10:00 PM,41.953370479,-87.747158206,POINT (-87.747158205638 41.953370478911),C,10,2020,12:40:00
0a0abd7c868145c81a341d2620f32dfc3a4d8fa651d92de4f010cbf808dad7bf6de3043fc5fc85fc6f165911ac56ddeed5c24d8a80f97dc615fec9dde7cff980,2024-04-23 08:10:00,CLEAR,DAYLIGHT,DRY,ON SCENE,04/23/2024 08:18:00 AM,41.858493591,-87.70680636,POINT (-87.706806359972 41.858493590924),C,4,2024,08:10:00
0a11f4b552dd8daf8944c1a37f00cf7f4db3f24654cf893b61c0ce503aafb47506972f7f5308d9064b21077c2ee5bd5e61194190e374ebe4ca7eeb8f0ba822d5,2023-11-07 14:38:00,CLEAR,DAYLIGHT,DRY,ON SCENE,11/07/2023 03:20:00 PM,41.943187373,-87.688302021,POINT (-87.688302020702 41.943187373182),C,11,2023,14:38:00
0a1c48cfabbf811eea274ca112b98ad64a33d83ec2358229c20d6f928fa33d7cd0431812f15742ce774f5b71d17e66d20a5f6385b40f0b7603d66bc1c3087f32,2024-01-10 13:55:00,CLEAR,DAYLIGHT,DRY,NOT ON SCENE (DESK REPORT),01/10/2024 05:52:00 PM,41.878966836,-87.629193356,POINT (-87.629193356099 41.878966836146),C,1,2024,13:55:00
0a1d1e9dcd8df41cca8f4790bae3f345c44d700f7af4f910d7e8d4035f0da5b55f2e42b089a45f89568413553667c8a66f9ef0d77df77b5a6c824eca3574d623,2020-01-21 09:05:00,CLEAR,DAYLIGHT,DRY,ON SCENE,01/21/2020 09:10:00 AM,41.741927925,-87.729716209,POINT (-87.729716209037 41.741927924806),C,1,2020,09:05:00
0a20e4cbdbad173482a37d106afb4d2c7a50a8fd16e9582bf2078ea02d0fa6a75b5fdcdc5ccc86980522156b8f3441d1de16c6b727fea0773dc5abc7d60a26c4,2023-02-06 19:01:00,CLEAR,DARKNESS,DRY,ON SCENE,02/06/2023 07:05:00 PM,41.961759122,-87.715460779,POINT (-87.715460778838 41.961759121872),C,2,2023,19:01:00
0a217d8315b618765abc97888a173cb4a6bb3a233c8973781a1c79d91a5337d54f2100286d9602ac922dcd31fdc5d66d5b16d89fdf9239dec2fe5444efccc001,2016-08-30 12:30:00,OTHER,DAYLIGHT,UNKNOWN,NOT ON SCENE (DESK REPORT),08/30/2016 02:25:00 PM,41.821851375,-87.743378412,POINT (-87.743378412139 41.821851375248),C,8,2016,12:30:00
0a372804ee0c6b73bf27b7557e879888be5c23556d1f5fb87f90dc8c245104e9022d3eba47c319f28bc4e670142b64df09fa17608157147690bcdeca3d6b4599,2021-06-21 21:45:00,CLEAR,DUSK,DRY,NOT ON SCENE (DESK REPORT),06/21/2021 10:30:00 PM,41.871688867,-87.666679663,POINT (-87.666679663065 41.871688867148),C,6,2021,21:45:00
0a3c01a7be802f5cb5cedec3ec51e3fa9923edc8afd6a5b94723ccc564958b0f394225bb766b1be4639b82cb757ba51a4bf19b7a1a5ee6f68426791ae670d1de,2022-09-01 07:09:00,CLEAR,DAYLIGHT,DRY,ON SCENE,09/01/2022 07:15:00 AM,41.920625253,-87.663834938,POINT (-87.663834937746 41.920625253098),C,9,2022,07:09:00
0a3e927b0330991791e4dee41e18e69a48839a38f0d2ef4b3cba45584280c59f9ccf218e6e9f1a6603cb63cd7cc49085f2e9c2b5aa2ab5e837c7e7f8487c7d67,2018-10-18 15:30:00,CLEAR,DAYLIGHT,DRY,NOT ON SCENE (DESK REPORT),10/18/2018 04:00:00 PM,41.983023659,-87.783630251,POINT (-87.783630251292 41.983023658824),C,10,2018,15:30:00
0a4a9a926f9510d3036ff8115d418711e4ed533af4873d8095f763ea5c9fb05f7ad674dfc6570cae7faa0d765cd3d8529e736b861635f24daa3f9d382c6cf53f,2017-12-29 10:20:00,CLEAR,DAYLIGHT,WET,ON SCENE,12/29/2017 10:26:00 AM,41.797422274,-87.683417872,POINT (-87.683417872042 41.79742227413),C,12,2017,10:20:00
0a6437b39630134e4d2c62a959bb9f7b5ec58785c69a1381f8c4ca445385fb2e197c2cd37fd91c70802376547ecdcfbb1f83610dd3e915810b01bd42f315b0f4,2024-06-23 16:00:00,CLEAR,DAYLIGHT,DRY,ON SCENE,06/23/2024 08:06:00 PM,41.877461425,-87.703048074,POINT (-87.703048073723 41.877461425304),C,6,2024,16:00:00
0abf47c836eb8e15e7559b6ce3a77c76052e0aef847f4de861df5a956ab886fc1932ff9a531d2b3468d2fb1f994f2345123ac6b765cebd7ac17b4fb6337f4d3d,2022-12-20 17:05:00,UNKNOWN,UNKNOWN,UNKNOWN,NOT ON SCENE (DESK REPORT),12/20/2022 06:05:00 PM,41.786931652,-87.64511245,POINT (-87.64511244991 41.786931651847),C,12,2022,17:05:00
0adb38fab8f40a478000f5f87e21033da5eae49951b68160767bab8c3969897240c807cbc03e05f1376dafd64fb25a5c6e88f32322195ae4519e951e0823ee46,2023-10-01 15:40:00,CLEAR,DAYLIGHT,DRY,ON SCENE,10/01/2023 04:28:00 PM,41.966436043,-87.716743621,POINT (-87.716743620908 41.966436042826),C,10,2023,15:40:00
0ae4ebd82a71e8fe792c5f490f109b6777fbb3908b1c2a4b8ffe2e8c6dc74d231750f56a0547e6f8a039d5943aff31076c960b0cd9aac7fef8d25db3d09049cc,2021-05-21 10:40:00,CLEAR,DAWN,DRY,ON SCENE,05/21/2021 10:45:00 AM,41.887119245,-87.64853295,POINT (-87.648532949719 41.887119244864),C,5,2021,10:40:00
0aeb2c6ba3b3744266d64849f23bf29a59816b22ec7f5dd6d4aacf5ccf17f139edd7a9235d4a5b14e9ec044ac42c7fc89092e9620a300abf0fcb4281574838d1,2021-09-06 10:50:00,CLEAR,DAYLIGHT,DRY,ON SCENE,09/06/2021 01:15:00 PM,41.883922327,-87.73695665,POINT (-87.73695665041 41.883922327336),C,9,2021,10:50:00
0b12e193482c101fc751c5057df56366c1956542ee88bf919e07153d5e9868cf0a989b28cd5ad879231692562b2677025453c1521fe669012e934e12745e1bb7,2022-07-01 19:26:00,CLEAR,DAYLIGHT,DRY,ON SCENE,07/01/2022 07:28:00 PM,41.952209528,-87.834317863,POINT (-87.834317862655 41.952209527931),C,7,2022,19:26:00
0b3345c1515d1b7076a43eddf45f92ac3d00c8a9da87ece287211a6d5bb9076927c5bb00cb1298b6697e3321071753ff627297b12d49691878c8dfdb87a52a83,2022-05-27 13:50:00,CLEAR,DARKNESS,DRY,ON SCENE,05/27/2022 01:53:00 PM,41.976201139,-87.905309125,POINT (-87.905309125103 41.976201139024),C,5,2022,13:50:00
0ba424aaedc7aa3aa567c2e0484ea9bbcc7a0cb21d3e1972505592aa3e42ea92ff79f2251a46fc0c677fffb0aa69312bab9c3e506de47cfba530ebc04deaa1e9,2023-07-03 14:55:00,CLEAR,DAYLIGHT,DRY,ON SCENE,07/03/2023 03:10:00 PM,41.974539185,-87.811496449,POINT (-87.811496448637 41.974539184831),C,7,2023,14:55:00
0bacd137e92552cf93cfd740316d876f45f152cb7e6ae51a45db1bb758dea5d9f858ad82bde82d828978fdd62a4039894df21c1dbed5fdaa63353decab933ee4,2021-05-19 05:30:00,CLEAR,DAWN,DRY,ON SCENE,05/19/2021 06:45:00 AM,41.870456098,-87.729143545,POINT (-87.729143544846 41.870456098482),C,5,2021,05:30:00
0bbdebfa351c4de9561049fcf9b802020358997fe3991a83cf7b2b1cba83bdcd960e94d50d47ec3089252a3bf31cddc33fafd8c2b342962113a1fadebc0f4cdf,2021-06-21 07:55:00,CLEAR,DAYLIGHT,DRY,ON SCENE,06/21/2021 07:59:00 AM,41.696313684,-87.596632244,POINT (-87.596632243933 41.696313683973),C,6,2021,07:55:00
0bd2cbb20c054889fb8af1fda82fc2a8e7cd95414e2696579780a5ee818a0d3e87637f7ecd713ca4fa64e492e1a02ee29d392931bed515e332445e6935db9fd0,2020-12-12 09:31:00,RAIN,DAYLIGHT,WET,ON SCENE,12/12/2020 10:00:00 AM,41.946521971,-87.70775808,POINT (-87.707758079983 41.946521971142),C,12,2020,09:31:00
0be2b2b84a5cd2997e3669a7c1c75641586a45d02542447165a7ea572ac13af6488821b8c9a50b20a80c0967cc3526fe987e7f5fe49cf2536a2ef3f8ba17b400,2021-08-07 00:44:00,RAIN,DARKNESS,WET,ON SCENE,08/07/2021 01:02:00 AM,41.676499491,-87.629680499,POINT (-87.62968049932 41.676499491193),C,8,2021,00:44:00