CRASH_RECORD_ID,CRASH_DATE,WEATHER_CONDITION,LIGHTING_CONDITION,ROADWAY_SURFACE_COND,REPORT_TYPE,DATE_POLICE_NOTIFIED,LATITUDE,LONGITUDE,LOCATION,CRASH_TYPE,CRASH_MONTH,CRASH_YEAR,CRASH_TIME
0c1b456bd67c520c3dd071eea6cc42981e45c6e9200bc9fa2e4f4cc529954400e868522c0f862979ff9225ec1469b9ff6251b73bfb781aa799da5aac8c418b82,2020-06-26 15:40:00,RAIN,DAYLIGHT,WET,ON SCENE,06/26/2020 03:47:00 PM,41.947816763,-87.786484916,POINT (-87.786484915573 41.947816763259),C,6,2020,15:40:00
0c1c063b06eb90c1f774a9537fe1cdc607297e971301859b4c71eab9f6fe37c796847aa7153fa0486d0c8e1cf467b2d8c7605feffba5418da9c4d87a9bb59c72,2018-05-01 14:35:00,CLEAR,DAYLIGHT,DRY,ON SCENE,05/01/2018 04:30:00 PM,41.838365008,-87.626917743,POINT (-87.626917743201 41.838365007623),C,5,2018,14:35:00
0c32c9d5362b9f99f9bba9c23a506cace3d1bc3f993df9e695110b66b03bf60f2a0e3825a2eb617e1e205d3a36b8fb7701716dc48561ea86606d857f183baf0f,2022-11-06 17:25:00,UNKNOWN,UNKNOWN,UNKNOWN,NOT ON SCENE (DESK REPORT),11/06/2022 05:35:00 PM,41.940687459,-87.638092129,POINT (-87.638092128602 41.940687458655),C,11,2022,17:25:00
0c70aa6f2e77659ae69cdfa6ba17559bd949358337da64745f8e250e70ca348e898b8b07ee5a64e1c8f484d687b0da290ab5e62259c761f0141945d3bb9ccde7,2018-01-25 08:00:00,CLEAR,DAYLIGHT,WET,ON SCENE,01/25/2018 08:00:00 AM,41.952389887,-87.818358982,POINT (-87.818358981575 41.952389886709),C,1,2018,08:00:00
0ca94b14f4922ec224ddfd4ddbc1e159c501b27305601ba1f0019b36e9066059f6c13d4378aed407ebe25b0631fbbd2467f220114dbea34e0b234460ef29593d,2023-02-28 12:32:00,CLEAR,DAYLIGHT,DRY,ON SCENE,02/28/2023 12:38:00 PM,41.957429417,-87.747574416,POINT (-87.747574416049 41.957429416618),C,2,2023,12:32:00
0cfe1a351f69f63bf34a539fef7adccb1d3184c093b6219bfb370dea5eadba38a3c7cdb673b593684c43fb72cf8ab01fa58787757c8c28e60be128233a96f977,2018-12-16 00:30:00,CLEAR,DARKNESS,OTHER,ON SCENE,12/16/2018 03:09:00 AM,41.685926213,-87.662598326,POINT (-87.662598325637 41.685926213187),C,12,2018,00:30:00
0d0d3c27bf310e5a4353ecac0c507a21bca1afcf0005743d7c03cef548c88a606342f4d48001c58b5644718255c1a67891101b152d2dae39f1843756bffeabe5,2021-08-24 14:34:00,CLEAR,DAYLIGHT,DRY,ON SCENE,08/24/2021 03:50:00 PM,41.967914072,-87.713498313,POINT (-87.713498312774 41.967914072494),C,8,2021,14:34:00
0d1eee7181df34a4b68bbb826849d9e65c753cabba818dc393ed53b858296534f36d8fb0bdbb6ada2748013d552e1f7a5f04be7e91d264febdd5538a6f40c421,2019-01-01 06:13:00,RAIN,DUSK,WET,ON SCENE,01/01/2019 06:13:00 AM,41.726191675,-87.560748423,POINT (-87.560748422829 41.726191675334),C,1,2019,06:13:00
0d34bc555162c3377a5e9ce46e0408df6af4039a3493364f747dde6969e2d24cfefb472be6da306d28e958d8ead32b0a560d207096bc6cca715b338998c17355,2021-08-28 07:30:00,CLEAR,DAYLIGHT,DRY,ON SCENE,08/28/2021 08:30:00 AM,41.759674582,-87.644420239,POINT (-87.644420238889 41.759674581874),C,8,2021,07:30:00
0d3793e16f62a76d90c91e0504a288ae9b8a4c67b10ac5845681c5cbd09891aac0d8845e728ac56dd5ff0676ad83f791431827d1f1c9391ae8fa5c9b94c86294,2024-02-04 15:30:00,CLEAR,DAYLIGHT,DRY,ON SCENE,02/04/2024 03:59:00 PM,41.851961641,-87.699410163,POINT (-87.699410163464 41.851961641246),C,2,2024,15:30:00
0d3c8f1c3ef2c1778aa9422fceec689a42db155db8242a29902e69b2e727d57fed2d1124902d6a0000cf6525617a3659371e46239a6c8aa37c5ca59c9a004dd5,2019-10-28 14:54:00,CLEAR,DAYLIGHT,DRY,ON SCENE,10/28/2019 03:45:00 PM,41.857650697,-87.713804515,POINT (-87.713804515284 41.857650696607),C,10,2019,14:54:00
0d435cc00f4a61ea00215ef7c9312082f830b4412b6a560b1e561eae6d9e9ca306c51d312f06b2f4a5025a5ed9bdd7aa8b5d377519647ac53724047bec6a8f07,2020-02-14 11:00:00,CLEAR,DAYLIGHT,DRY,NOT ON SCENE (DESK REPORT),02/14/2020 01:00:00 PM,41.886740458,-87.681828796,POINT (-87.681828795746 41.886740458367),C,2,2020,11:00:00
0d64489062bc5ed8691572404c9eac9723bc100abc2295c0008c74c1f0219cd8b0ff686774fbfba2f424908c4927361d4b0b3aeec2e54e747fae7c7ec6616d94,2018-11-13 09:50:00,CLEAR,DAYLIGHT,DRY,NOT ON SCENE (DESK REPORT),11/13/2018 10:35:00 AM,41.93220869,-87.698702279,POINT (-87.698702279459 41.932208690473),C,11,2018,09:50:00
0d78274f5d46ecaf1521fc6b966da9e08588e8d20d773889f1aaf93fa7811e1bed1aa870a013f66e9e96ba28704cb0c5c42a12e995a4ec2eff0dbf101e477da5,2017-11-25 18:30:00,UNKNOWN,UNKNOWN,UNKNOWN,ON SCENE,11/25/2017 07:43:00 PM,41.867128977,-87.643943905,POINT (-87.643943904949 41.867128977222),C,11,2017,18:30:00
0dcc5b123edb97bbaacbf61dde90d42276344b7300d1a64fe18807689a4616307fa8710bf5a39c80e8eb6ec0bd0e7e7f0d14b3f67ca7ea876cc351368496ac87,2023-01-09 08:00:00,CLEAR,DAYLIGHT,DRY,ON SCENE,01/09/2023 08:05:00 AM,41.950524789,-87.669268436,POINT (-87.669268436181 41.950524789312),C,1,2023,08:00:00
0deeca2464bcc170782f88b4df08a60ee8e7487cde2ff635c9b90619713ed07c75f9e64f7fa398edb57e0188f2f1eaae0730f92e47ebeca47480385b6fe7d863,2020-12-06 08:35:00,OTHER,DAYLIGHT,WET,ON SCENE,12/06/2020 08:39:00 AM,41.838227006,-87.630172641,POINT (-87.630172640708 41.838227006243),C,12,2020,08:35:00
0e0fe3e463cdbe0ff89498066db050f2d2fdc1d3214959e1124f628dc9bdfce2a5075f72d36a192e454d008b8011714d9411c024606e511368b36fcdf6220684,2022-12-14 13:00:00,RAIN,DAYLIGHT,WET,ON SCENE,12/14/2022 01:00:00 PM,41.903994275,-87.765867358,POINT (-87.76586735817 41.903994275067),C,12,2022,13:00:00
0e185f7f048377bfa84f9a90a1e2d514223e4530d473842f2766a59f89856c0c7de9a524216c9b8e9da3fa272539afef56eea04d58f961eee826279bf7e46b13,2018-08-01 07:40:00,CLEAR,DAYLIGHT,DRY,ON SCENE,08/01/2018 07:45:00 AM,41.884016475,-87.701142758,POINT (-87.701142757538 41.884016475152),C,8,2018,07:40:00
0e1ebfec2f976cc0b996992980102528c85ac7a10a72bdb5674c69ecc637ccb88736d5930ba10a6baf83a9bb8b4b276e679998d498b1b0212adc4dc7fec390ce,2017-09-24 10:40:00,CLEAR,UNKNOWN,DRY,ON SCENE,09/24/2017 12:53:00 PM,41.92869376,-87.758924626,POINT (-87.758924626146 41.928693759514),C,9,2017,10:40:00
0e2e1fa7aa5201a98d8db81a8e6522bd79a8d9cad3a90a04c3bac5e613006fed655ce057977ef0125e611cc176e5be7997e56bce52022c9cf5880e92d28aca1f,2018-12-31 09:18:00,RAIN,DAYLIGHT,WET,ON SCENE,12/31/2018 09:19:00 AM,41.751531548,-87.592236109,POINT (-87.592236108774 41.751531547508),C,12,2018,09:18:00
0e2f39034752ab07a275164838febde142410bec76af188ebc4d5cdfd65eef0762fa02a7936e1adb6cb2200b108e6ed6fc511b3407b1a15aaee671067c421c68,2019-03-20 14:54:00,RAIN,DAYLIGHT,WET,ON SCENE,03/20/2019 02:54:00 PM,41.99228832,-87.700611734,POINT (-87.700611733625 41.992288319775),C,3,2019,14:54:00
0e43eaf2d991aa8b7dc5f41d95c80180da2ea675e2a48e74f8fb4becf94c9e5e6c0c4564962ce23264b074b67b22f9150fa10afdd678795941e6fc966e316ea8,2021-12-30 11:05:00,CLEAR,DAYLIGHT,DRY,ON SCENE,12/30/2021 11:05:00 AM,41.8243967,-87.605290305,POINT (-87.605290305363 41.824396700021),C,12,2021,11:05:00
0e504ab3ee7b3f9dd02b653a66e569f45e41db7f027e5fa89346bc5ea7804919620565ce92cf03a64da883167c4be7557df6f517543d7740b608e23a08b702ca,2019-05-19 09:00:00,CLEAR,DAYLIGHT,DRY,NOT ON SCENE (DESK REPORT),05/19/2019 08:40:00 PM,41.797006854,-87.707269927,POINT (-87.707269926634 41.79700685355),C,5,2019,09:00:00
0e73aeadfe77c874c461c6b6db0bedc02dbd84b3969b91c08beae7b46dad2cf89f044c0c64797987388e2916ed919337e8e2126596a321d4b9de9cba66eb757c,2021-09-02 18:13:00,CLEAR,DAYLIGHT,DRY,ON SCENE,09/02/2021 06:42:00 PM,41.892837136,-87.765169673,POINT (-87.765169672726 41.892837135765),C,9,2021,18:13:00
0e81c00038446d34b5d157b109f6d246ddcbdcd7ed8e85708b5228fefc585f5a402e1313a793194c38a93220f25abf90b1e0f77562fc89340314feb600106817,2020-07-03 12:48:00,CLEAR,DAYLIGHT,DRY,ON SCENE,07/03/2020 12:48:00 PM,41.684825039,-87.654451278,POINT (-87.654451277895 41.68482503897),C,7,2020,12:48:00
0e9819e221cc32a55618cc7d58b4ac4a0665e9fbf3a4386b04488ca10f87903403a344d35a2e802e2c93fd2fc9b6992783c42f3e1f5a65e63492fc9da90d7e98,2024-05-28 05:30:00,CLEAR,DAYLIGHT,DRY,NOT ON SCENE (DESK REPORT),05/28/2024 11:04:00 AM,41.806599948,-87.693155491,POINT (-87.693155491111 41.806599947928),C,5,2024,05:30:00
0ee85f13d69f224de5ce90c910e5e3765aad13b0c6f035a86fde2f78a5b1dbbe4941030e6a1cc1b60cb5a3cb9b03826e6a33bfd65b3936f4787f6643fb1ab092,2024-01-13 09:10:00,SNOW,DAYLIGHT,WET,ON SCENE,01/13/2024 09:10:00 AM,41.778818577,-87.705903575,POINT (-87.70590357549 41.778818577108),C,1,2024,09:10:00
0ef7a1bd03084d78b7f059299dde6dff86c118948d808b8b3d325b454d9479c091d41046a597eb135f555a81f678b933f0ea03cce6902c7ab7371d9c221bbb8f,2022-02-02 08:05:00,SNOW,DAYLIGHT,SNOW OR SLUSH,ON SCENE,02/02/2022 08:11:00 AM,41.785996799,-87.727792634,POINT (-87.727792634374 41.785996799158),C,2,2022,08:05:00
0f01ac2b58e398be4672d99827948b250102841283a38565a8945551035d53220894dccb99044a6951bd23316efe7a95a8f748396e2ae0a9ae4e6219c169622f,2021-03-30 08:00:00,CLEAR,DAYLIGHT,DRY,NOT ON SCENE (DESK REPORT),03/30/2021 08:25:00 AM,41.86464673,-87.686002512,POINT (-87.686002512195 41.864646729616),C,3,2021,08:00:00
0f056463a6dabaf92c872b754b8c204532d8b8e355ab287f1e24a22c742adb743a74696893691e1d4b5f32d66d728296f6456dc0dc9af475cafc024119fe68b4,2022-03-11 17:30:00,CLEAR,DAYLIGHT,DRY,ON SCENE,03/11/2022 05:37:00 PM,41.863194705,-87.690778943,POINT (-87.69077894323 41.863194704569),C,3,2022,17:30:00
0f0e1eb9f8bf295ac79799fbd85cf18f8e8236c1473385b74e177207e27a6a802f5f3e66b10d76a4ea2811a1ca79fef02d9e78765d3d7639ea1884acfaefce30,2022-05-20 19:33:00,CLEAR,DUSK,DRY,ON SCENE,05/20/2022 08:00:00 PM,41.931335671,-87.726818628,POINT (-87.726818627712 41.931335670535),C,5,2022,19:33:00
0f1375372b00f3e89ae7f3653700d28805b58702ec8049c54fde915b7824f82f6570e92b52944618579b8573f331a83f527d10919495cb571837b7e9b6add7ab,2016-11-01 10:20:00,CLEAR,DAYLIGHT,DRY,NOT ON SCENE (DESK REPORT),11/01/2016 10:50:00 AM,41.815081555,-87.724195242,POINT (-87.724195242281 41.815081554911),C,11,2016,10:20:00
0f1749afea67e743c7b431ac3d62bd58688e5c3d72aee2c00ba6f3b3ab8dbcde02611a42ad319ffecec08204c7ab92bd122651fab4c550be3208ff07842b5c0e,2018-11-15 08:30:00,SNOW,DAYLIGHT,SNOW OR SLUSH,ON SCENE,11/15/2018 09:38:00 AM,41.720147719,-87.62384402,POINT (-87.623844019828 41.720147719343),C,11,2018,08:30:00
0f38df63e696d70e0d643109541c2c84a4082eeb6f5767a9f5e4ff9a17d01b658f0c3e56843816b39c5955680df372c377de46ded903f15d807a892489ba2529,2019-12-31 12:53:00,CLEAR,DAYLIGHT,DRY,ON SCENE,12/31/2019 12:55:00 PM,41.788491686,-87.608080462,POINT (-87.608080461882 41.78849168612),C,12,2019,12:53:00
0f43e0aadc12f9308e6dc108b5dc53d3936b200e0bbe3af774d2d6e04d2f5a83cb41036f69b802003df688674c952909530b922aae788272b02a144ae6ec05fa,2021-06-12 06:00:00,CLEAR,DAYLIGHT,DRY,ON SCENE,06/12/2021 06:02:00 AM,41.788710191,-87.674300975,POINT (-87.6743009754 41.788710190515),C,6,2021,06:00:00
0f5d705605728742bef85147efd889fc908594525e9135d78cc39b0ac5051ed98738b556ddc406a6cadd48232ee4760d0f64a379085742ed19586e2d66b514ee,2022-09-14 06:40:00,CLEAR,DAYLIGHT,DRY,ON SCENE,09/14/2022 07:00:00 AM,42.001109251,-87.699885904,POINT (-87.699885904435 42.001109250671),C,9,2022,06:40:00
0f5e2a10ff88897f269c9342b1fef0b09dcdc5d52cd5b891064b21b4a92b419bbf1c73e92fde7afabd0c7889f746914eef8a8aef1da97c9a14282d58f75d36de,2017-09-25 09:17:00,CLEAR,DAYLIGHT,DRY,ON SCENE,09/25/2017 10:26:00 AM,41.903739796,-87.631293179,POINT (-87.63129317947 41.903739796495),C,9,2017,09:17:00
0f6b8bc87482cd4d49a05e2d93a9db78cf8ad02902c5f656ea1160afb78824614ceab4ee6666abcbf2b37897267896c9423b56baae1ac810d78aa94b42293941,2021-10-18 17:35:00,CLEAR,DAYLIGHT,DRY,ON SCENE,10/18/2021 05:37:00 PM,41.94520755,-87.804319903,POINT (-87.804319902995 41.945207550111),C,10,2021,17:35:00
0f6cd6f86c26023833b4791e8f150512aaad79d470f9c912ee28789a09fb50e04a25a879ad0c10e79248c4e4645c457171e75271edf70fad6583977a4f796473,2020-07-24 17:00:00,CLEAR,DAYLIGHT,DRY,ON SCENE,07/24/2020 05:08:00 PM,41.877198791,-87.725426688,POINT (-87.725426687532 41.877198791436),C,7,2020,17:00:00
0f84098606d66a5e43d96478daaf7b504813db5ca49f56446a1dd8b26c4d47eca20f8fb149ce05dc1c0d5ad76ce4004ecc374361279f5efc449819de9f976fdc,2021-09-09 12:30:00,CLEAR,DAYLIGHT,DRY,ON SCENE,09/09/2021 12:32:00 PM,41.92369751,-87.804977184,POINT (-87.804977183639 41.923697510241),C,9,2021,12:30:00
0fc546435e528d06925c8d2e621016bc655531f0ed857800f23f34bb674e33ea1046c403ca633f88f897f0c696bda46db2e92fe8a061b2512e6d612bfea2ccd3,2020-08-02 17:00:00,RAIN,DAYLIGHT,WET,ON SCENE,08/02/2020 05:03:00 PM,41.736255462,-87.622917508,POINT (-87.622917508206 41.73625546179),C,8,2020,17:00:00
0fcc43de074667e90fa8e05ac8476f7ddf3c8dbb3fe40ad6354f77e2753b75a1a185a8411e8e77f42e359f0b16e325ee9d47dbfdd41f08d1c1d888b159118c34,2021-10-09 17:00:00,CLEAR,DAYLIGHT,DRY,NOT ON SCENE (DESK REPORT),10/09/2021 07:00:00 PM,41.939194466,-87.711416257,POINT (-87.711416256597 41.93919446649),C,10,2021,17:00:00
0fd6058e5e98cc24bf0bd4c7ab829a10a395212a0816652fa8845417d7bfe0789645d40f46298d5bdeed69099872d349303c8c380297b9edb65068e7d856e5fe,2023-09-14 18:26:00,CLEAR,DAYLIGHT,DRY,ON SCENE,09/14/2023 07:03:00 PM,41.852769173,-87.638678499,POINT (-87.638678498821 41.852769172801),C,9,2023,18:26:00
0fe7c969ae34ae3bbfb35aecefc5a121dab83392c960b0d9d916ff2f0934d245af7027961fac580be91fbeb962ac6072f3034cbd21cb59abea5d1539df056d40,2024-06-18 14:39:00,CLEAR,DAYLIGHT,DRY,ON SCENE,06/18/2024 03:00:00 PM,41.783269362,-87.645301449,POINT (-87.645301449416 41.783269361907),C,6,2024,14:39:00
0feaf8363377ea3294d252002e9eb7f5c650c0087fffe35c6a6025914d77bb0c9b349a0f78b8ac371e3ba309f306a821fe7a25cede37813c55e855e9e9cb91aa,2022-01-20 11:12:00,CLEAR,DAYLIGHT,DRY,ON SCENE,01/20/2022 11:12:00 AM,41.753638812,-87.566124332,POINT (-87.566124332443 41.753638811696),C,1,2022,11:12:00
1007c82edb87f3593a6022748ffac8925302271f2942dd8bf6b96901e02b9a7ca0de0710f738ccbaa1216b4bd8ac9ce3d22d8bfb8dd3ac22aff786d8eb69af4d,2018-05-20 09:05:00,RAIN,DAYLIGHT,WET,ON SCENE,05/20/2018 09:38:00 AM,41.810773122,-87.691982735,POINT (-87.691982735024 41.810773122472),C,5,2018,09:05:00
100abc95c5f8d381a807c3b2b0d6d3e6720444df8257d2bc805e58f43ae106dff576414341df96929bc67feee1d00a0c54b1488c4cae440a5bcc266567638c9b,2023-08-09 20:16:00,UNKNOWN,UNKNOWN,UNKNOWN,NOT ON SCENE (DESK REPORT),08/09/2023 09:15:00 PM,41.866894193,-87.696059882,POINT (-87.696059882035 41.866894192891),C,8,2023,20:16:00
101e1e2d3e5654a59ae67b0e16c73cebd4f523777454a45529792942c95a3fea326f33564b61f9345ec0db0b5d49b82cfb388ddd7e4fc83f8f140317681c2fb3,2023-05-04 15:00:00,CLEAR,DAYLIGHT,DRY,ON SCENE,05/04/2023 03:15:00 PM,41.81237471,-87.723608404,POINT (-87.723608403774 41.812374710327),C,5,2023,15:00:00
101fa80db42b78496419d7d538ab8604153dd465cdf1356d65470b9067e00042ce9889d6370e274f5d34a7425295e7c40bab1a4f2c5790ebee7dacfb5a17c435,2022-06-10 12:02:00,CLEAR,DAYLIGHT,DRY,ON SCENE,06/10/2022 12:07:00 PM,41.799201684,-87.596782692,POINT (-87.596782691709 41.799201683524),C,6,2022,12:02:00
10213fa6fd5d37274de2cb3092e68e18116db99bf58621da873609835168b14650b84d1699f4ee14df5ddd070b55003f9746154530eec49b8700c54a4afbf6c5,2017-08-04 10:45:00,CLOUDY/OVERCAST,DAYLIGHT,DRY,ON SCENE,08/04/2017 10:55:00 AM,41.755389377,-87.70029918,POINT (-87.700299179988 41.755389377227),C,8,2017,10:45:00
103e51e2a44ce9e83728807f7bcb361587bbbcc990a841414f3efbae7640923ff05569185658b906de1677d42566e527799f82e71b05c85e436626bf6ad846f0,2023-05-02 06:20:00,CLEAR,DAYLIGHT,DRY,ON SCENE,05/02/2023 06:21:00 AM,41.772272403,-87.666325899,POINT (-87.666325899259 41.772272402665),C,5,2023,06:20:00
1043bd1412297938dd1bf14c08a247cb01ddf1f678cf71b693a2f540a3bf5e125982fedff32a8abd4cd294580cbda980bbb5ee08d7882781fa57e85638dd21ff,2024-04-25 15:40:00,CLEAR,DAYLIGHT,DRY,ON SCENE,04/25/2024 03:42:00 PM,41.931068144,-87.686417703,POINT (-87.686417703206 41.931068143948),C,4,2024,15:40:00
1073eb21f8245bd7afa7e5071ca545765808245f2ef51f311ea2d8552f94e0afcec694a30dd10890c77310b9f28eaf0bd070fb0cd17caa6fbd5992fede988f2c,2022-12-10 16:00:00,RAIN,DUSK,DRY,ON SCENE,12/10/2022 04:05:00 PM,41.892094137,-87.611569884,POINT (-87.611569883947 41.892094136862),C,12,2022,16:00:00
10b0528be2699c0d28b4ee378febd3123fedc83928ab23c79e4188810f2afa5bc3100fd2a741bb59e7edd3de7a150dd62f6deee04947fa071f23135d026bb05f,2023-12-16 12:40:00,RAIN,DAYLIGHT,WET,ON SCENE,12/16/2023 12:42:00 PM,41.92266285,-87.677944863,POINT (-87.677944862503 41.922662850493),C,12,2023,12:40:00
10ccae23809a5c5950e5666cc612c8032f1080a7d22145698121f010615c5535b8e26ef163b4afc49af24d89e816e719bc7ae821ea792711bc3d5442bf819b88,2020-02-21 14:09:00,CLEAR,DAYLIGHT,DRY,ON SCENE,02/21/2020 02:18:00 PM,41.87585734,-87.755561179,POINT (-87.755561178729 41.875857340094),C,2,2020,14:09:00
10d7d9052de0b5a0175b74463364a4a679ebf32fc0f6fed2ea9703291fbe449e485cca97a4dadffb1673fdd91aa899ff86e6582a30e6d8cd11e4abacf417d4c7,2019-07-03 16:00:00,CLEAR,DAYLIGHT,DRY,NOT ON SCENE (DESK REPORT),07/03/2019 04:20:00 PM,41.964371966,-87.710646797,POINT (-87.71064679664 41.96437196578),C,7,2019,16:00:00
10e1e9f31ceb6213d9ca75c8501e338776700a058f75e8ce11a2af8a67dcee06e053a45c4a464b6ccb1fa35941e06177c772255655766418773d48e03719ac38,2022-05-27 16:40:00,CLEAR,DAYLIGHT,DRY,ON SCENE,05/27/2022 04:48:00 PM,41.750749996,-87.629792244,POINT (-87.629792244319 41.750749995985),C,5,2022,16:40:00
10fb763f503d78335c43d67a521ba7c9da3783e308be17fc423367e25aee24e2a525928a6ee10b4efa974767ba4185eeafb19cfadf482f03bd97c33e5ac8431b,2022-05-26 09:00:00,CLEAR,DAYLIGHT,DRY,ON SCENE,05/26/2022 09:10:00 AM,41.89092472,-87.61855938,POINT (-87.618559380117 41.890924719552),C,5,2022,09:00:00
10fc425ff7192974e1bdf028452eb8ba5900713dd7ece4a38a4c8554ea21ed039b16950a5b6b644df40ba145cf102543d6a4dc4b2c7c27c2d21f24deda223639,2019-07-21 23:18:00,CLEAR,DARKNESS,WET,ON SCENE,07/21/2019 11:18:00 PM,41.653843303,-87.596459244,POINT (-87.596459244386 41.653843303107),C,7,2019,23:18:00
1106005149f710c24c5056e3e514bb36b827c40549336ee3613362dd23fa9106505be87b8641a55adf3d3dd76585940532b840014c24c2d1941bf28a988ac471,2020-10-25 07:13:00,RAIN,DAWN,WET,NOT ON SCENE (DESK REPORT),10/25/2020 07:30:00 AM,41.945919491,-87.766904594,POINT (-87.766904594263 41.945919490555),C,10,2020,07:13:00
110ed02613e4ed4a6137537578843384c7ec9d152afce4adf1f57360ae59411011e4c852ac06628bf8f627198c0c073b62556e202380b60e49ad336712abc300,2022-06-17 10:30:00,CLEAR,DAYLIGHT,DRY,NOT ON SCENE (DESK REPORT),06/17/2022 11:30:00 AM,41.780291393,-87.618820231,POINT (-87.618820231187 41.780291393174),C,6,2022,10:30:00
111200392f1e3dec1efac6ab68d34df866cb3af7a6f059d1131712f55a3f01ad5217923cf90d6d686b3ad6fcb2e088b3d83303b71a9ae6d212534a4b799a563c,2020-08-29 12:20:00,CLEAR,DAYLIGHT,DRY,ON SCENE,08/29/2020 12:25:00 PM,41.777047249,-87.785982751,POINT (-87.785982750522 41.777047249412),C,8,2020,12:20:00
111f0e7618f6e78c92e319a50e59113a9bb54cb949b91d9b27e6c848106d042591bf05dff5151f5b5515a30c8c9dc93d533b0660b572ed8487e499acd803cbec,2020-10-08 06:43:00,CLEAR,DAYLIGHT,DRY,ON SCENE,10/08/2020 06:46:00 AM,41.797219481,-87.694416082,POINT (-87.694416082352 41.797219480972),C,10,2020,06:43:00
1140224400ac0955ef4baa09743ee2319d25a74dab3fa87a1413c3c21a35ac9109d3c99a087239ef186e27484935685734bca87651e20b165983923b58657ec8,2023-04-12 14:30:00,CLEAR,DAYLIGHT,DRY,ON SCENE,04/12/2023 03:40:00 PM,41.795301281,-87.586945064,POINT (-87.586945063756 41.79530128065),C,4,2023,14:30:00
114a1d02c1ae27d4d70d16b6c9e1a9177c3068b42127016256df2f32ae197a69265722d785de1726b55d3489652d158c6719ef333be28a3a887330a7c53be440,2018-05-10 16:40:00,CLEAR,DAYLIGHT,DRY,ON SCENE,05/10/2018 05:40:00 PM,41.756883534,-87.604042386,POINT (-87.604042386137 41.756883534308),C,5,2018,16:40:00
1157762e974b03b04e8fa5ffa2d9beb8ae1c6bc6ca91e5890304a359e282e9701828dae53ae2ad0b446a531cd39d395bae075088f9a371d7ed5db4cc8c7009d3,2023-04-30 17:48:00,RAIN,DAYLIGHT,WET,ON SCENE,04/30/2023 05:49:00 PM,41.751528662,-87.573479764,POINT (-87.573479763876 41.75152866227),C,4,2023,17:48:00
117a4f142a08d97c60c2745063ac22c87543402bc051a2ec64f8be819906c5662b6ecea58d1697842b147b5c7c7e54bc74a4ad983ddc930dfa5a4730ec62c4c1,2019-03-27 13:00:00,CLEAR,DAYLIGHT,DRY,ON SCENE,03/27/2019 01:10:00 PM,42.003389228,-87.680460709,POINT (-87.68046070936 42.003389227846),C,3,2019,13:00:00
11a476462a6adf5bee55de8b544297c2a162467a5045e25e88f484e43d97c57da79e7c480871572cea638154d08e3e4c4ffa1d20d4b4f59798120808672c72a4,2023-09-19 17:17:00,RAIN,DAYLIGHT,WET,ON SCENE,09/19/2023 05:33:00 PM,41.989896479,-87.660410853,POINT (-87.660410852802 41.989896478601),C,9,2023,17:17:00
11b6a4dc44a97bde92143aad83b2c9f934435e223348f6663905cf674769cc54a726b72fae4128111e0ea83838bb11c805d71706912ee9591cbec820df3548b9,2018-08-30 10:00:00,CLEAR,DAYLIGHT,DRY,NOT ON SCENE (DESK REPORT),09/01/2018 07:30:00 AM,42.00624634,-87.673476163,POINT (-87.673476163328 42.006246340138),C,8,2018,10:00:00
11bf94a88394eb2cf53207a5ead4a7d3d0eeb39f5fc1406cde92995a9aec1e8b872dcf4e203615cf0e553673aec61303294ea4261ba828141f8bc3c3e2b18c64,2018-01-16 19:45:00,CLEAR,"DARKNESS, LIGHTED ROAD",ICE,ON SCENE,01/16/2018 07:52:00 PM,41.999632438,-87.690080925,POINT (-87.690080925006 41.999632438278),C,1,2018,19:45:00
11e437acbc2a6eb168ff035f996bdc07f08e1f3c6ef85ff925fe37ba29e1ec812d322cbd9c834186df8a01316c1409accd008fddca9bd5b6e34fd8c41e89506b,2022-10-10 17:05:00,CLEAR,DAYLIGHT,DRY,ON SCENE,10/10/2022 05:05:00 PM,41.71290057,-87.640714732,POINT (-87.640714731654 41.712900570116),C,10,2022,17:05:00
11f0397b6e264616075c16916fd8b2f5c26ce4a663ba4917921af7d928680f1bfe2581a5e70d96e68fcd71f29cd7f54a1f64f5ed520bf83abe80d29bdc6f084e,2024-02-12 10:50:00,CLEAR,DAYLIGHT,UNKNOWN,NOT ON SCENE (DESK REPORT),02/12/2024 11:13:00 AM,41.971466217,-87.690214627,POINT (-87.690214627436 41.971466216668),C,2,2024,10:50:00
121c070aeb688dd2d37f65ad0fe16f553d35b0df6d0637a770b3477cab9240728ebda5e44b5f5fda45002f0b5fd8d20c574d267ffaa0f195de656f67acdd52ce,2024-02-10 11:00:00,CLEAR,DAYLIGHT,DRY,NOT ON SCENE (DESK REPORT),02/10/2024 12:20:00 PM,41.990179492,-87.733908112,POINT (-87.733908111638 41.990179491911),C,2,2024,11:00:00
123425258edb4a64cff72315fbdc4b39251fa3dcb94f27a9be1671a64bf25ed1f419e9357cf2f10186f28e2e17a19ad2a5f6991d47913b46e3541e28c07dba25,2021-04-11 12:00:00,CLEAR,DAYLIGHT,DRY,NOT ON SCENE (DESK REPORT),04/11/2021 03:30:00 PM,41.869889112,-87.637298225,POINT (-87.637298225176 41.869889112439),C,4,2021,12:00:00