CRASH_RECORD_ID,CRASH_DATE,WEATHER_CONDITION,LIGHTING_CONDITION,ROADWAY_SURFACE_COND,REPORT_TYPE,DATE_POLICE_NOTIFIED,LATITUDE,LONGITUDE,LOCATION,CRASH_TYPE,CRASH_MONTH,CRASH_YEAR,CRASH_TIME
1237e66579aae9b993f994736956ce87b54f8476f815c04d8ccc78d13ce26ebaa96c33ad0e622536eec021a9af8153494a394d7bb1f0758696f165238bce4447,2021-05-21 12:49:00,CLEAR,DAYLIGHT,DRY,ON SCENE,05/21/2021 01:07:00 PM,41.869150842,-87.72036097,POINT (-87.720360969625 41.869150842313),C,5,2021,12:49:00
123c63b696a2e49331d5f4165129eaa7bc7ee14c59b05d195d80f03e8bfc8759aca31ffafb86056705c0b15664094959365729b0d0cbb011af17e248a9350b3c,2021-10-09 21:30:00,CLEAR,DARKNESS,DRY,NOT ON SCENE (DESK REPORT),10/10/2021 11:56:00 AM,41.758250807,-87.617797673,POINT (-87.61779767256 41.758250806572),C,10,2021,21:30:00
1270a611bdd69516c3dbbd02e56ea403252374a61c03017b1f3062809624c90dbe6af90795eaa828475f1125414fd8784dbec2c5d611e8519f7b5da7795069d4,2023-04-24 15:18:00,CLEAR,DAYLIGHT,DRY,ON SCENE,04/24/2023 03:21:00 PM,41.926921318,-87.66806068,POINT (-87.668060680071 41.926921317874),C,4,2023,15:18:00
127cc805ae27f71c25efaf6ec3a908b8f0c83d7b0f0c3f638d5c32ab52df83c05ab6ccc4e6cc5236fd6bd366e74628d7436e69159c256c4285300059e261480b,2020-01-17 13:42:00,CLEAR,DAYLIGHT,DRY,ON SCENE,01/17/2020 01:51:00 PM,41.808896811,-87.637894246,POINT (-87.637894245854 41.808896811071),C,1,2020,13:42:00
12816265b26339e7f31d5a78662ec928b4497b58693a07777ae6ae700bc24c2b764c969a8031bc82df63c19676bdea4abb23fca1978ea7b53b009787020fe937,2018-06-11 08:15:00,RAIN,DAYLIGHT,WET,ON SCENE,06/11/2018 08:24:00 AM,41.81741987,-87.684819476,POINT (-87.684819475725 41.817419869684),C,6,2018,08:15:00
12857cd67153bc50b895df60f19e786fd99d8619ea3b517ed7b9ee665ebab100b1be5599381c20f432d04cc63946ef2075580e3be1c96e1062499a1beab76d74,2021-04-13 10:20:00,CLEAR,DAYLIGHT,DRY,NOT ON SCENE (DESK REPORT),04/13/2021 02:30:00 PM,41.875297501,-87.632926746,POINT (-87.632926746085 41.87529750078),C,4,2021,10:20:00
12ac432457f5d9836c5b42b4c84a4824cef5feb0e3718ebbd17dcc746d7635b08df078bab0eda83d38358e6bbc2910a6cd7153c8f87a4e570647f2e5732be3f4,2016-12-07 16:45:00,CLEAR,DAWN,DRY,NOT ON SCENE (DESK REPORT),12/07/2016 10:10:00 PM,41.735444372,-87.682364939,POINT (-87.68236493934 41.735444372356),C,12,2016,16:45:00
12cce21182d6bf5a4669d590669441651884541c671d987254faf23e7b3a345f6b9f4662947b5cacbcd05595a0441e8a02a1a1ebe203ff09c7653224819cd297,2024-03-19 16:00:00,CLEAR,DAYLIGHT,DRY,ON SCENE,03/19/2024 04:50:00 PM,41.677897017,-87.643837592,POINT (-87.643837591596 41.677897017092),C,3,2024,16:00:00
130fa6ac32216dba2677fca55179b06cdc566ef4c8f4cbd00d3db44b71db7226e8364a9800b37594342851321a62f380e83a20aed0748582111758de3baa005f,2021-05-17 12:54:00,CLEAR,DAYLIGHT,DRY,ON SCENE,05/17/2021 12:58:00 PM,41.837132671,-87.704967115,POINT (-87.704967114787 41.837132671422),C,5,2021,12:54:00
133f90a3c8cdfa183576d1f44db9dbbc77c5b3b09537a3e9aa8c88bb0d85fe03c3207c432141c7ec492fbc01e7714d42181127782a8e68fdc9b3a743be8b0b92,2024-06-08 12:45:00,CLEAR,DAYLIGHT,UNKNOWN,ON SCENE,06/08/2024 12:51:00 PM,41.808525391,-87.605610776,POINT (-87.605610775529 41.808525391487),C,6,2024,12:45:00
135030f73cc020f0930511d540e8bd8ec9f310f963ada456e63f79ab0699f340230b83459ea860ee2a6761b0b1027e06d194afbf269d04a1b6777d71a7fd13f9,2018-11-21 03:20:00,CLEAR,DUSK,DRY,ON SCENE,11/21/2018 09:43:00 AM,41.659129623,-87.6035523,POINT (-87.603552300143 41.659129623085),C,11,2018,03:20:00
13517f06732a4ea42797dc8d9895f78eadd360a5b3f9959ec04684924f59e3adf1c4fad8bfade8bc9da34d36297f1a63f1fc3076612906dbe01bd80482abb511,2023-09-05 11:10:00,CLEAR,DAYLIGHT,DRY,ON SCENE,09/05/2023 11:11:00 AM,41.983151554,-87.67815826,POINT (-87.678158259932 41.983151554227),C,9,2023,11:10:00
1391e2cd1232874f491a04dc148c3d0dd52c5c465eab0c7ca5072e37a09a409fc6625d2904dde24700eb3c8c7ef8647b1913f435d0774baa3d6e6199bb0b2e02,2024-06-17 11:50:00,CLEAR,DAYLIGHT,DRY,ON SCENE,06/17/2024 02:49:00 PM,41.789481325,-87.79747801,POINT (-87.79747801036 41.789481324676),C,6,2024,11:50:00
139c0511e011f04efc017eac27e6e9c7e875b1d1383ffa79ad8d88ba4c1d696b0be22649c0d69cad50fe6475829cbdf08a00d293a8d4a51233da6a6f0ec0047d,2022-07-15 12:20:00,RAIN,DAYLIGHT,WET,ON SCENE,07/15/2022 12:22:00 PM,41.832144031,-87.724395923,POINT (-87.724395923478 41.832144031294),C,7,2022,12:20:00
13a4ebf4cad3e544a4a6b995f03507cdb3f9a18390310ae3a3a028dd755381303162c6813c4c92f24571fa1bcaed331a975225f26dd0857d8d79916cd18dc0e0,2023-09-24 17:20:00,CLEAR,DAYLIGHT,DRY,ON SCENE,09/24/2023 06:12:00 PM,41.786622957,-87.7032112,POINT (-87.703211199798 41.786622957359),C,9,2023,17:20:00
13be57791cc0b6d91ea9f1b2948f4d1c9db324670f4f06e6bfb7120d43356384dbc0d797d103bf7615ce9616fe2448e07444d15b677c4984054bac88bd5fe215,2018-05-18 07:00:00,CLEAR,DAYLIGHT,DRY,ON SCENE,05/18/2018 09:30:00 AM,41.775013614,-87.783878614,POINT (-87.783878614218 41.775013614317),C,5,2018,07:00:00
13d7fcdf9db8a53cea0d616c50ce407734b24f586fbfb9ca1173dd9d9a0461d707fefdb2a35be8632f32acd39de796a5ba340967394e1fb171610c25e5b91d72,2018-03-09 07:58:00,CLEAR,DAYLIGHT,DRY,ON SCENE,03/09/2018 08:08:00 AM,41.805525408,-87.590711936,POINT (-87.590711936475 41.805525408345),C,3,2018,07:58:00
13db50d4ebb7dbacee433bc67d84293a518a3a592fce6223b04d3e5bb2af949c4174a57f4fd2c639c07db032482afedc612ab23c3b8d053a4e46d0968dd31457,2022-12-10 09:38:00,RAIN,DAYLIGHT,WET,NOT ON SCENE (DESK REPORT),12/10/2022 10:30:00 AM,41.899280991,-87.618894512,POINT (-87.618894512302 41.89928099092),C,12,2022,09:38:00
13f3de2cf4776ecc6855e86e34245f72361997a455ef13d1c1ea61854a33fb2a24485732e8379c0ce66ddebd687188ea8a1fd744fa37037db5b8cfab9580ef75,2018-07-17 18:04:00,CLEAR,DAYLIGHT,DRY,ON SCENE,07/17/2018 07:14:00 PM,41.890798214,-87.64225168,POINT (-87.64225167999 41.890798213667),C,7,2018,18:04:00
13f408bdefe281d83618ce5a27503afd47f53e3fc678ba24261f008178da0bec5c4bc587c533ffd732decd478aeb901fce3578ec255adbd0823f52257c194e22,2022-08-02 09:00:00,CLEAR,DAYLIGHT,DRY,NOT ON SCENE (DESK REPORT),08/03/2022 04:22:00 PM,41.779859679,-87.644852782,POINT (-87.644852781595 41.779859679309),C,8,2022,09:00:00
1400d7ac3b53334497c58b52ad75c3f8f52ea8db4d9ffaced7e052cf29e821f67f3b91c92da7d9e7c5d62641406c42d7146119b404c7d9c7da77e9f32b3086bc,2018-07-04 17:00:00,CLEAR,DAYLIGHT,DRY,ON SCENE,07/04/2018 05:00:00 PM,41.90829046,-87.746219365,POINT (-87.746219364567 41.90829045979),C,7,2018,17:00:00
1403295012384a3697dee4080151834c5f2b590f6bb7b9086d1dcd276745ca9dc24664713a6be9557e6e686647f3a9e0388370be7141f2c57791d569523f8d50,2023-12-30 10:00:00,CLEAR,DAYLIGHT,DRY,ON SCENE,12/30/2023 10:05:00 AM,41.978800406,-87.656628292,POINT (-87.65662829164 41.978800405712),C,12,2023,10:00:00
140687b54cba7dbffb6b47b54a20ae362fcd7ff275633039d77185c931a8257e5ff78e1125d1948956fa3c765fed46c4e1866e940151b4ebb9098d166ee57429,2018-01-03 08:00:00,SNOW,DAYLIGHT,WET,ON SCENE,01/03/2018 08:00:00 AM,41.895781082,-87.616499329,POINT (-87.616499329218 41.895781082394),C,1,2018,08:00:00
1409b67de39b25c6f900ee5f61c45e776ff7f9da154a3aee3c092d5f80867864687b4b47dfe95f05aa682cb8fc0ec793c81459e4b91440890294783cd361af85,2019-11-14 09:16:00,CLEAR,DAYLIGHT,ICE,ON SCENE,11/14/2019 09:30:00 AM,41.993672704,-87.680057367,POINT (-87.680057366707 41.99367270402),C,11,2019,09:16:00
1417b0a70523151522ae7c0990ff9bd3c50ae25a9fdfbb85aaddb507161c77746be9681b920355d5ef62cd6735c40c36181760cc0a7c5b24b0bd912d02902927,2021-08-21 16:53:00,CLEAR,DAYLIGHT,DRY,ON SCENE,08/21/2021 05:38:00 PM,41.936541054,-87.778726208,POINT (-87.778726207639 41.936541053881),C,8,2021,16:53:00
14295008d6fcd87ed29ab99b133a9d74281a3050425083135cdda1447c6f9218d3295e7defb9b21c38ab3e25c36a12df174f2738571cd19e3a1fe839ae785793,2020-09-18 15:45:00,CLEAR,DAYLIGHT,DRY,ON SCENE,09/18/2020 03:45:00 PM,41.79831477,-87.741540414,POINT (-87.741540413542 41.798314770056),C,9,2020,15:45:00
1442e06c328174d3859309861cce9ec011e59f56272717b162ee0327da8a6016cebf56e459a36cbfef418ff45815d4e9f0dfa2640de64c1bf39822c8033c98bc,2022-02-22 14:44:00,RAIN,DAYLIGHT,WET,ON SCENE,02/22/2022 03:13:00 PM,41.880661814,-87.64835102,POINT (-87.648351020354 41.880661814148),C,2,2022,14:44:00
144ca42400632e28276faed456ba9cc6c5fccce16aa4cc41a234e935b685bf05c800d013e0699e6dbc7da3d2e32ed041dfcf0cdf58efe53cf1fce33d7543e282,2018-03-13 11:19:00,CLEAR,DAYLIGHT,DRY,NOT ON SCENE (DESK REPORT),03/13/2018 12:38:00 PM,41.871268615,-87.686288384,POINT (-87.686288383906 41.871268614507),C,3,2018,11:19:00
1468f7c72a4a1f875656c06f6d6827e4900976976f2a3b732325e64f30e669bc1e48e5042a3b4d91e985190e1d348e2c78e785b6c8bad3c42ebdb05ca0512251,2021-06-07 12:30:00,RAIN,DAYLIGHT,WET,ON SCENE,06/07/2021 12:32:00 PM,41.952144766,-87.836520188,POINT (-87.836520187551 41.952144766287),C,6,2021,12:30:00
1483b92cb788dcb98707d88f1f0478f39e98cb61109da4aba41cdea2e09d6528df2ff57db751a4f047ecf5e2515e52433bf6c35250f63aed1ae5dd6d5bb03859,2023-04-14 13:05:00,CLEAR,DAYLIGHT,DRY,ON SCENE,04/14/2023 01:09:00 PM,42.004113595,-87.81803471,POINT (-87.818034710045 42.004113595271),C,4,2023,13:05:00
149eb924b21b2d774e31851afd0e8e7b3a522e29b5899aa037dd72e1aacbb5809ac82ee588984528b5ea304ad8465a521fde62c80974699e65cec0a95a2fb824,2018-06-08 15:54:00,CLEAR,DAYLIGHT,DRY,ON SCENE,06/08/2018 05:25:00 PM,41.773047822,-87.605913053,POINT (-87.605913052872 41.773047821886),C,6,2018,15:54:00
14c203ca1c9e44702b6b07c21f6f541fa1fbc9cfcc39c340976675ba9dda3731b257876de97b9917439b4f4de8b42951b6fbf1e8f3085c11a5be6fc197de5fa8,2022-09-10 08:20:00,UNKNOWN,DAYLIGHT,UNKNOWN,NOT ON SCENE (DESK REPORT),09/10/2022 01:15:00 PM,41.751403809,-87.604593053,POINT (-87.604593053256 41.751403809144),C,9,2022,08:20:00
14c9527ac45625909387ad1b58c7bebad47d8dfa26de41dd9e54018613bd527412230a97b97504edf33928568d72abf6b784483d14d717f83c54d65559ebdcfa,2021-07-01 07:09:00,CLEAR,DAYLIGHT,DRY,ON SCENE,07/01/2021 07:15:00 AM,42.004409696,-87.661660978,POINT (-87.661660978477 42.004409696283),C,7,2021,07:09:00
14d6a6be95d1b4c611369f896a22062946dd1242197c589f1dc8c51e5a5db512b0874c34ffd8fb9abfdcfb71036e5d0942ff5619fe2cfc51c43b3b7c1673dab2,2023-05-19 07:15:00,CLEAR,DAYLIGHT,DRY,ON SCENE,05/19/2023 07:15:00 AM,41.791686815,-87.697971768,POINT (-87.697971767961 41.791686814717),C,5,2023,07:15:00
14d7bdec1889998010dcf8f5389309de65d48d9a17397721bc61cb63219973f52f2e9947589066e748307717c684b14aa90ba071a5b7d889d09d55fd9cf0c431,2021-10-25 08:30:00,RAIN,DAYLIGHT,WET,ON SCENE,10/25/2021 08:46:00 AM,41.93192475,-87.706263081,POINT (-87.70626308082 41.931924750282),C,10,2021,08:30:00
14f4aa22d578d39adf0c15695da180852836bc965eb0399a899bc1dd434780bea497e5b61129b4317aa78585dfb4cf077fbf49896c082b3a14d2ca6bb27079dd,2024-02-22 12:50:00,CLEAR,DAYLIGHT,UNKNOWN,NOT ON SCENE (DESK REPORT),02/22/2024 01:15:00 PM,41.924119957,-87.758755204,POINT (-87.758755203917 41.924119957465),C,2,2024,12:50:00
14f5a17d3070debae8fe0a51c01b30c3eb8fa31a30eac46e1b670031bde718a80f49b42a4a8e930e6791c6d66d09c59c7785a8bbf7a6229a4ac8acea41059f05,2024-01-11 09:30:00,CLEAR,DAYLIGHT,DRY,ON SCENE,01/11/2024 09:51:00 AM,41.775364856,-87.584859039,POINT (-87.584859039026 41.77536485571),C,1,2024,09:30:00
14fbcc16e53e0644ef0bdec87efede0a11ead60bd16783e78b63d263399c0a7021daf55c973901cac098b7b2356e2b9887810389022982a928c48c6d2f02c396,2019-10-12 21:09:00,CLEAR,"DARKNESS, LIGHTED ROAD",DRY,ON SCENE,10/12/2019 09:24:00 PM,41.736469113,-87.623024124,POINT (-87.623024124225 41.736469113027),C,10,2019,21:09:00
150b1c9f39105e905ceb9fb2eb316d0f0efcb8001241e5ac054266d3a83d7e26dcaeb9c4c67b54a0258623d903fd0d32db8e77ad3a1b716504e23dc233dafc4a,2023-08-23 08:15:00,CLEAR,DAYLIGHT,DRY,ON SCENE,08/23/2023 08:23:00 AM,41.954254597,-87.70543651,POINT (-87.70543651028 41.954254596877),C,8,2023,08:15:00
15363c64f0bce136178f188d6d5be1b5fcc4f7fdaa4429d1213279864a62f179fa50d019d5c11443abc8de82b6e544eabc2fc1598a2b36613b27903873589cf9,2020-07-15 20:00:00,RAIN,"DARKNESS, LIGHTED ROAD",WET,NOT ON SCENE (DESK REPORT),07/15/2020 08:00:00 PM,41.696232528,-87.595806197,POINT (-87.59580619714 41.696232527674),C,7,2020,20:00:00
1539173805d13fbb50715720529e36858344232d513bec7f50691fc5994bd5ce0ac8a0f05c30aae8ad9d1193ecc5f10d2f35d75e8c25593896e2be14010e6cd1,2020-04-07 15:15:00,CLEAR,DAYLIGHT,DRY,ON SCENE,04/07/2020 03:16:00 PM,41.800193906,-87.745260934,POINT (-87.745260934126 41.80019390603),C,4,2020,15:15:00
1542cb6c7f28d2dc100f53a8c92b6b6df9acac6fb349e99f15fb1334990a75c256831a2faf910b658562c7aaef0d989fa10985d499ecb1b00ac38faf6fb07d2b,2022-01-17 15:13:00,CLEAR,DAYLIGHT,DRY,ON SCENE,01/17/2022 03:13:00 PM,41.769731218,-87.572790957,POINT (-87.572790956754 41.769731218361),C,1,2022,15:13:00
154df4fc9b245a7d0403fcc7339c002f613917e231e15783b538bfbec201a47eded29b0955459fb4757a53c6b15a3c8fb7a097e784128bcc1f71d6454ed443f1,2021-05-17 09:25:00,CLEAR,DAYLIGHT,DRY,ON SCENE,05/17/2021 09:40:00 AM,41.896292655,-87.637313167,POINT (-87.637313167087 41.896292654788),C,5,2021,09:25:00
1556ee895b7a11c370617a63ef5b35e7a3a21c68d8a895b55999e64da310ce0bdc9a38bae4686d6ce29afe51f8261187ce64881c6147a3929377827cdcfde459,2023-07-01 21:57:00,CLEAR,UNKNOWN,UNKNOWN,ON SCENE,07/01/2023 09:57:00 PM,41.800494458,-87.651541356,POINT (-87.651541355552 41.800494458032),C,7,2023,21:57:00
1565ca9a16e7aaecb43385dcc677e7570bea8569435b08b25b077912b4b99b5a218ad869c077b4f302cdd6dcbfad28ca5ebd9ce47d4c790ed7fd9c5cc9b25040,2021-09-22 13:30:00,CLEAR,DAYLIGHT,DRY,NOT ON SCENE (DESK REPORT),09/22/2021 07:00:00 PM,41.896653381,-87.637681658,POINT (-87.637681658139 41.896653380769),C,9,2021,13:30:00
156bb10b2a2e5c08ee6cdeb508ee544f931592d84fe16db0b5518e9be50e2cf873ef5e6fb081b43ecbc36bcd69f732a077e8940632fd8b1eb02ec21ebcd0ad1d,2019-04-07 23:40:00,CLEAR,DARKNESS,DRY,ON SCENE,04/07/2019 11:49:00 PM,41.875008799,-87.686110917,POINT (-87.686110916713 41.875008798853),C,4,2019,23:40:00
156dc27a3da2efaa0fb4e1a530cba8a18368e1d3d8e3320878af3a47fcf51c881ddcae9dddcad374600bcd492e7dcf5ad519b599b951bda78d100ee6f7635076,2021-04-29 10:50:00,CLEAR,DAYLIGHT,WET,ON SCENE,04/29/2021 11:05:00 AM,41.88489392,-87.713672291,POINT (-87.713672290837 41.88489391965),C,4,2021,10:50:00
159ea7bc85ed7aec760c555b30ad6c40c8c012be0ea01f9ae2c281d782e2e79feebf1052af7f2f0a7260db8aa73bff23e01db4cbbf187f667f408de717e32187,2020-03-08 09:40:00,CLEAR,DAYLIGHT,DRY,ON SCENE,03/08/2020 09:45:00 AM,41.749681441,-87.721836296,POINT (-87.721836296149 41.74968144127),C,3,2020,09:40:00
15c0a9c001c0894a0ff17cc993ea9988e51f38335d32e62f031805d238885239b59c24ee479ba8dc24ae351bd82eae80728c73d772ecbcec706b489020c9f0dc,2018-06-28 18:00:00,CLEAR,DAYLIGHT,DRY,ON SCENE,06/28/2018 06:04:00 PM,41.793049865,-87.774371285,POINT (-87.774371285086 41.793049865194),C,6,2018,18:00:00
15c15531bbf1f09caa5cb40c0f94d5e316b7acf0bb42d08852011ce1777bc2d146956350d5c46dc1c8b72e3cf46f2a1e75301a1555ab86fbe8bf3111b3456d8c,2021-09-07 15:20:00,RAIN,DAYLIGHT,WET,NOT ON SCENE (DESK REPORT),09/07/2021 04:00:00 PM,41.793445188,-87.714645851,POINT (-87.714645851304 41.793445188045),C,9,2021,15:20:00
160fd9d6b515dbd1c4cf98d715cc6da3f2b98e289d917f2e2a10d0695cddd37d27ae5f8aaf889f31e853c6af275123d768079fca63b4c1bf4b1d8b877f3f2e13,2017-08-14 06:21:00,CLEAR,DAYLIGHT,DRY,ON SCENE,08/14/2017 06:21:00 AM,41.880058022,-87.769674482,POINT (-87.769674482341 41.88005802164),C,8,2017,06:21:00
16315e0a90644487a2d6d08df0c7927a3254cbe34c4373ba8d8afa31304c665ad198646b5f1f0e1372bf63cccd760c83e226b6ca5b6420b23b36f1e6fc7de51d,2019-10-09 14:30:00,CLEAR,DAYLIGHT,DRY,ON SCENE,10/09/2019 02:45:00 PM,41.889158237,-87.642948945,POINT (-87.642948945011 41.889158237063),C,10,2019,14:30:00
1636473ea8a32dbfbed4b341f2cbe0a5bd3201c1f713cd164011b35c2509fd54ab35f791a69d4aac8326f0c1a2b03e0630b9217ed79ca3df6c465afd073e9765,2020-08-09 23:00:00,UNKNOWN,DARKNESS,UNKNOWN,ON SCENE,08/09/2020 11:33:00 PM,41.80658387,-87.660196689,POINT (-87.660196689362 41.806583869561),C,8,2020,23:00:00
164a579e8894083ad9367c8198a0f8e7ca49cf3ab4104b5bd4154bccd5d5e01da0b455e07399fe488e953c51f88273e9f584d70a0198db301dea85d552b838ba,2022-03-05 02:04:00,CLEAR,UNKNOWN,DRY,ON SCENE,03/05/2022 02:04:00 AM,41.769361336,-87.621940887,POINT (-87.621940887178 41.769361336097),C,3,2022,02:04:00
164da2ff1767ba5288daf527610dc26eff94597bef5e43ba48196b1c223cdb3c575b2d1d1fe4ab1428bc6d5bc6c16049e9d8d817ec06c7aab0abc4da79572488,2019-01-02 17:17:00,CLEAR,"DARKNESS, LIGHTED ROAD",WET,ON SCENE,01/02/2019 05:24:00 PM,41.923853596,-87.767142099,POINT (-87.767142099029 41.923853595764),C,1,2019,17:17:00
16610727a474a693c9041e2a9541ce5bac6384f7972e77cabb0a27852fcc9275e241e535d1e5e1543798e909e217d3336af6c1bc16d6dd5d96e9a55478c963a5,2022-04-17 09:04:00,CLEAR,DAYLIGHT,DRY,ON SCENE,04/17/2022 09:14:00 AM,41.94606768,-87.703980315,POINT (-87.703980314617 41.946067679573),C,4,2022,09:04:00
1668471774747fc03600b8f66e27bcb4ebcf8d3ce920bca7c25dfc97c026bacb449f31c5f9b4d0b49175038b71e031df33a4684006b0dc5ef92b715a2cb7a4be,2024-06-01 17:00:00,RAIN,DAYLIGHT,WET,NOT ON SCENE (DESK REPORT),06/02/2024 02:35:00 AM,41.76187526,-87.619067278,POINT (-87.619067277839 41.761875259882),C,6,2024,17:00:00
166f6ffd1f927fec41f5f35edee1fcac03ad5a23da96e1e19210303596dd5855f52d9d944d0fe0dd922e4a86f973073441aac138e03bcc133d8d72ef62412a89,2022-11-07 00:17:00,CLEAR,UNKNOWN,UNKNOWN,ON SCENE,11/07/2022 11:17:00 AM,41.931041656,-87.791519956,POINT (-87.791519956194 41.931041656489),C,11,2022,00:17:00
16864884e2a473c3957e42bebc7ac2640e385b9d9bf4bc1cb0e75c82693ab6c011f646702e0908647b9e754bb3b8a807df2e7aba5cd95a34b50908101af3dde8,2019-08-08 18:30:00,CLEAR,DAYLIGHT,DRY,ON SCENE,08/08/2019 06:35:00 PM,42.011489651,-87.819979954,POINT (-87.819979954334 42.011489651438),C,8,2019,18:30:00
16aa0045bae2b5df1fcebd35e4e2afc9d24fed77a8d22ca9ab3a99f913d140b9bf93aaeaa55ef16d7c2e83be6d5ab264ff9b7be8ca276c50ab284cdec4f9fccf,2023-02-10 14:48:00,CLEAR,DAYLIGHT,DRY,ON SCENE,02/10/2023 02:59:00 PM,41.764915642,-87.67359644,POINT (-87.673596440497 41.764915641541),C,2,2023,14:48:00
16b6e1f625556e9fa3289d73229f536831a2dae9f919e20ddad63533a028c5880ba8809f6be1ab643299b670e99f8dac9f782bd090010e2f82bf2807ede7ed05,2020-11-18 05:01:00,CLEAR,"DARKNESS, LIGHTED ROAD",DRY,ON SCENE,11/18/2020 05:06:00 AM,41.893605677,-87.707476771,POINT (-87.707476770556 41.893605677048),C,11,2020,05:01:00
16cdcbaed3c64e7adba341592e58a663d0b90f712f50d0e39c83c0420910eb120dcd3040db25388bf3a6a4c001decd932f6cbefe3c230fe84d57643c453bf45a,2019-09-25 07:04:00,CLEAR,DAYLIGHT,WET,ON SCENE,09/25/2019 07:04:00 AM,41.923432291,-87.654192024,POINT (-87.654192023608 41.923432290865),C,9,2019,07:04:00
16d5a6d1f42ccaf44441311a8def276c136c84a77d047b3c41d3d513ffa123c0b09d3800f1229bf6b89a22a0502035664c594950edfb60d08b7356f29944e312,2023-08-24 12:20:00,CLEAR,DAYLIGHT,DRY,ON SCENE,08/24/2023 12:40:00 PM,41.749699577,-87.585957242,POINT (-87.585957241503 41.749699576791),C,8,2023,12:20:00
16e856017cc5219405016e9ba211c6b0f1edda6044936fa0e50ba45250825fa7668b5c46b858933ef6100623386e11dfb25b4366485090bad3b3aac082f65ba9,2018-03-04 16:35:00,CLEAR,DAYLIGHT,DRY,ON SCENE,03/04/2018 04:46:00 PM,41.885423435,-87.722859462,POINT (-87.722859461583 41.885423434766),C,3,2018,16:35:00
16f50a5d14ede7ee47573c8a85cd3ef10bba09a497996abd71c82991b2611f8aebfd5c1ef9a02701efb53eccee5de8af7cf07fedb15d16c43fb6367d9cb758ef,2019-07-06 18:05:00,CLEAR,DAYLIGHT,DRY,ON SCENE,07/06/2019 06:12:00 PM,41.983491115,-87.699317555,POINT (-87.699317554537 41.983491115196),C,7,2019,18:05:00
171903f2e3a6e6ba33b8fec27a063919bb3aca0906fde328098790c7c70b350f84352577b40b7ba8cd66e7064dd50b91a2a60b668daf5d303ba61fbf5265f2e6,2022-02-20 13:40:00,CLEAR,DAYLIGHT,DRY,NOT ON SCENE (DESK REPORT),02/20/2022 02:04:00 PM,41.806565108,-87.684516697,POINT (-87.684516696523 41.806565108314),C,2,2022,13:40:00
17520d6f012b6474b57f71163d68a03f38717308d91ef24caf1e877101e1d393db4fe6de49b1d56a3d2c140bfe0b437f808bcda1b1026196a8e8ed3183196fce,2023-10-22 03:00:00,UNKNOWN,UNKNOWN,UNKNOWN,ON SCENE,10/22/2023 11:49:00 AM,41.93988318,-87.648388044,POINT (-87.648388044053 41.939883179742),C,10,2023,03:00:00
176857a7f9ea256252e0cbc3cb8f35b84e76df1064f3f9d9c2e67938dc5a77611496adceb59fff57fff6f0d385b7e1ba58e737639e8fa590c3a0f3568baad75b,2022-05-19 13:25:00,CLEAR,DAYLIGHT,DRY,ON SCENE,05/19/2022 01:55:00 PM,41.923744997,-87.800599134,POINT (-87.800599134165 41.923744997183),C,5,2022,13:25:00
1769a963598e23e0253256141100607882bb43e2891ee9763f8172a1ee580771dcc809bbfa46f350a59f30b4eb7a2aed2f95580d5087cab7b67f85d03b66a4ad,2019-10-04 16:20:00,CLEAR,DAYLIGHT,DRY,ON SCENE,10/04/2019 04:24:00 PM,41.786629502,-87.680957997,POINT (-87.680957997305 41.786629501586),C,10,2019,16:20:00
17791160274b6253ac3f71add17485bf753e07a6476a49323af1838aa246fde5b8f135b56aa52d6114f67831b141fc303ec59cff42a9d463fa030b8354c9d59c,2022-02-18 15:22:00,SNOW,DAWN,SNOW OR SLUSH,ON SCENE,02/18/2022 04:23:00 PM,41.889079284,-87.632450084,POINT (-87.632450084432 41.889079283982),C,2,2022,15:22:00
178ae21cb32efc7148c381a100cfcef735238558ea8fd1cf4bb0242921b01ff2ddb01bd442b37324be8b8e782bfd3a054f549fa6147fffe792b3155a129b1ebf,2022-08-03 18:56:00,CLEAR,DAYLIGHT,WET,ON SCENE,08/03/2022 07:45:00 PM,41.881826302,-87.650807818,POINT (-87.650807818241 41.881826301772),C,8,2022,18:56:00
178fe4f937f2b40cba551479f84fc1a423e52628adca5b95b7ffa632646f32bfbd799cad0e07fc5db2c5b6dc1a1f77a5a3872c15e02250a6648b5dbb97c37195,2022-06-18 16:00:00,CLEAR,DAYLIGHT,DRY,NOT ON SCENE (DESK REPORT),06/18/2022 04:38:00 PM,41.868605201,-87.681196671,POINT (-87.681196671347 41.868605200589),C,6,2022,16:00:00
17a0d0c0818a897e63ae2da247364c7a67d5314cbafadea2f40c3e7bc7e7410534dc2d87bb53f685a363ae4a0aca7819319c6e14cc7c5695554eb92c5ff7722b,2019-05-30 19:00:00,CLEAR,DAYLIGHT,DRY,ON SCENE,05/30/2019 07:18:00 PM,41.893297169,-87.67609724,POINT (-87.676097239696 41.893297169243),C,5,2019,19:00:00
17b241fdffdcb8fbc0d641772d3773189349b838aebbd86c41d8aadcdb7437affceea585b1fb9e39892e677b8c3b22afe424c5c8f73df6ab4960011ed7a64264,2023-11-10 14:13:00,CLEAR,DAYLIGHT,DRY,ON SCENE,11/10/2023 02:13:00 PM,41.684039223,-87.722281658,POINT (-87.722281657965 41.68403922337),C,11,2023,14:13:00