CRASH_RECORD_ID,CRASH_DATE,WEATHER_CONDITION,LIGHTING_CONDITION,ROADWAY_SURFACE_COND,REPORT_TYPE,DATE_POLICE_NOTIFIED,LATITUDE,LONGITUDE,LOCATION,CRASH_TYPE,CRASH_MONTH,CRASH_YEAR,CRASH_TIME
17c86872b328b1f46b768e5ae35e7ab04043f031ab291a50dc67c7696143a1f334cb9e09d0413a02d313df42d7b1805e2cf754f3878cadc2a422ae0d9cdc247a,2020-11-07 12:30:00,CLEAR,DAYLIGHT,DRY,ON SCENE,11/07/2020 02:55:00 PM,41.818547359,-87.605308367,POINT (-87.605308366984 41.818547358836),C,11,2020,12:30:00
17da7e97f653e50f35e0365e160736f942a893802c75ba4ab9e10a5a0cc0b12d339ff2d9fcb12b4dfdff8ebb80a08857a42376c8614eefcac7fd78d699dbb045,2017-10-07 15:26:00,RAIN,DAYLIGHT,WET,ON SCENE,10/07/2017 03:26:00 PM,41.997735909,-87.69592888,POINT (-87.695928880488 41.997735909101),C,10,2017,15:26:00
180f06ea9b7c9c209bfa634c1fe650886391c3271cdcba23338695c34dcc347e5438ba0389c7a9daec65056763a3ca8c0c0bcce2b0781cf30c36d8175a6b703b,2019-01-06 21:00:00,CLEAR,DUSK,DRY,ON SCENE,01/06/2019 09:08:00 PM,41.910806819,-87.663104934,POINT (-87.66310493406 41.910806819199),C,1,2019,21:00:00
184167a0940e2503d2238bc4b311bd8be8c3a48822a42bf0753ce46c8cfca958a7368315d71b615ae255ed3394c91b25d3473991e0219fa48aa75923b7d44459,2017-06-10 11:07:00,CLEAR,DAYLIGHT,DRY,NOT ON SCENE (DESK REPORT),06/11/2017 01:46:00 PM,41.879836265,-87.728441272,POINT (-87.728441272429 41.879836265224),C,6,2017,11:07:00
1865ad587baf68887968c67fb8bdc287c7b16fbdc99720eee47d08c72ecb03146e554cb79c338b24a1d9cf75567520c90beaf9aa81dcf3e42916122f064da4eb,2018-10-17 08:35:00,CLEAR,DAYLIGHT,DRY,ON SCENE,10/17/2018 08:49:00 AM,41.956119394,-87.747530508,POINT (-87.747530508087 41.956119393578),C,10,2018,08:35:00
1871530f552f8613d12c2f857434c73defecabb57227ff699cec820c4509b37fbc4ce03e927a28a8c395a6e0a057a20d3e0bc2e50a2eeb17a7a5b8a658d61778,2020-09-15 06:23:00,CLEAR,DAWN,DRY,ON SCENE,09/15/2020 06:26:00 AM,41.887044097,-87.770733452,POINT (-87.770733452387 41.887044097033),C,9,2020,06:23:00
18771cc8f9dada46dc423677135ed78a0b5e8c5a7cdda3b532c724e94e483f43e237a6ff6f9b88047936e139a25ab964a29c50157ad5dc6f36770a0e74019bd8,2018-08-19 15:00:00,UNKNOWN,UNKNOWN,UNKNOWN,NOT ON SCENE (DESK REPORT),08/19/2018 03:30:00 PM,41.902396261,-87.74612612,POINT (-87.746126119551 41.902396260608),C,8,2018,15:00:00
1888898c82ed41db04b4d42fd2e23d4c1f224e110a3eab660b7e1ff92d9de6c313cde9fe98d8d70f6519044ffe026bc4d2ec9300f2a5036442c83f717bd392b7,2023-03-15 13:56:00,CLEAR,DAYLIGHT,UNKNOWN,NOT ON SCENE (DESK REPORT),03/15/2023 02:30:00 PM,41.884609597,-87.652258462,POINT (-87.652258462256 41.884609597239),C,3,2023,13:56:00
18b8dff25861a418335375acb55b53880d09dff31c02b10a1a87df2c050d1d1d33907dab55c8e78c2ba0374ccad9d6bff6b1e1652f4e5c2d42de8a83b3b9d16a,2018-09-21 18:25:00,CLEAR,DUSK,DRY,ON SCENE,09/21/2018 06:30:00 PM,41.960619553,-87.764903935,POINT (-87.764903934707 41.960619552722),C,9,2018,18:25:00
18f0514d9e1ed6b660441ab6b521b5e08d30eeebb5b9b8cc8a8f98c1f2fb54e418f55c224147f278f059fe79a20314c41581f8123294750b7deae46006b4bc40,2021-08-21 16:40:00,RAIN,DAYLIGHT,WET,ON SCENE,08/21/2021 04:44:00 PM,41.692438683,-87.64467198,POINT (-87.644671980411 41.692438683107),C,8,2021,16:40:00
18fe77f73924058a9ac17a00d9e1d06c8dd5b79a155b3f8a548ee91c7ab826e4f52fc83647c313252ae165b437ddd35c67b3e778e73943c64c07bdaf798c2a16,2019-04-14 06:00:00,SLEET/HAIL,DAWN,WET,ON SCENE,04/14/2019 07:00:00 AM,41.846671627,-87.680940791,POINT (-87.68094079115 41.846671627398),C,4,2019,06:00:00
191ca22f534873d35a3399fcf42e7a42251b501b5af97e507846d90b61c1124906b83b80524bb3e13965534efba412f8c29e76dd317645140bcb43e5205e6d85,2024-08-23 14:00:00,CLEAR,DAYLIGHT,DRY,ON SCENE,08/23/2024 02:03:00 PM,41.851898927,-87.688007842,POINT (-87.688007842482 41.851898927195),C,8,2024,14:00:00
1928c1134ea24c951674d3625c46f33b55c225046613dee368e6b587f1115df2a2c858787690000898e07d979060b158f20da3cd1e04ba5be018955fb8cb2e44,2023-11-21 10:10:00,RAIN,DAYLIGHT,WET,ON SCENE,11/21/2023 10:12:00 AM,41.703614748,-87.620607453,POINT (-87.620607453376 41.703614748376),C,11,2023,10:10:00
1934388f7de1660b79a42d9638909e1cc94212913b81e8acf94bd9a93027ad4b6546256ebfef87163386dcf9cc595881b77a7c09eac1af5c1cc533187708b9bd,2018-08-09 09:20:00,CLEAR,DAYLIGHT,DRY,ON SCENE,08/09/2018 09:20:00 AM,41.920781087,-87.721196434,POINT (-87.721196434494 41.920781086953),C,8,2018,09:20:00
194a1a7d37bf966e9c115d2b831b892c14b49347f8dc63059e2d52a35cc27b74af6324f784feec221f2ee1d846e7205fe45a4b16fb86bc0c43c16cd48fd6fd3a,2022-05-24 16:15:00,CLEAR,DAWN,UNKNOWN,NOT ON SCENE (DESK REPORT),05/25/2022 06:03:00 AM,41.722577188,-87.675908256,POINT (-87.675908256229 41.72257718832),C,5,2022,16:15:00
195d92afc59f20c1935aa951669307cd05efcb5579415ccbf85dbf9e9fac4a7ec4af9ba3a0faec25cfdd6782af1290b3b14e619194f464e12c743d3db978e4cd,2020-03-09 08:10:00,RAIN,DAYLIGHT,WET,ON SCENE,03/09/2020 08:20:00 AM,41.996077272,-87.7638022,POINT (-87.763802200078 41.996077272466),C,3,2020,08:10:00
197a5c5251cf54792ad9d049c9caa3f7d8a41f066127ac4e25482be183ba93583a907c410eb508cb072f1bde511cfee1e3cdbd5384becacfdf66ebe28da18925,2020-09-26 08:14:00,CLEAR,DAYLIGHT,DRY,ON SCENE,09/26/2020 08:16:00 AM,41.883347676,-87.736219099,POINT (-87.736219099062 41.883347676042),C,9,2020,08:14:00
198c0181ccca966dc91c31969cbd730d8b333d08d513753e8c5a263a0dcc32bf3f42d92686757c88bee0f8f09ccf6eeb772ed5f65efeaa6ec0026f56bf6b5ff6,2024-08-21 15:15:00,CLEAR,DAYLIGHT,DRY,ON SCENE,08/21/2024 03:25:00 PM,41.764469829,-87.690434659,POINT (-87.690434658501 41.764469828514),C,8,2024,15:15:00
199b800f024d23c64d8e231ca01fcb9ff803eeb1738512bd75835939afda54dfad857cc12fd277c7c648567e62fe726002d34631c849def88354458316187d07,2019-01-11 19:44:00,CLEAR,"DARKNESS, LIGHTED ROAD",DRY,ON SCENE,01/11/2019 07:48:00 PM,41.86024819,-87.695287999,POINT (-87.695287998589 41.860248190286),C,1,2019,19:44:00
199ff9eaf2f14adfcb36f6bbd1e0c91a33a0c7a512db89fb2a8108095796ea5144200e0945ea9b8261149aca9ed84568aaa28818aa6e83f3c0583384e957f049,2021-06-19 07:22:00,CLEAR,DAYLIGHT,DRY,ON SCENE,06/19/2021 07:27:00 AM,41.805672205,-87.703760653,POINT (-87.703760653442 41.805672205435),C,6,2021,07:22:00
19aa9b7bf9ada057b6e99051d4db8ee5557b0284b0fa7991892c97ae4504c5fa977b9bda676df4940bbe77e45725e55179d5802b5fd12043aed604e059f98d63,2021-06-15 14:16:00,CLEAR,DAYLIGHT,DRY,ON SCENE,06/15/2021 02:16:00 PM,41.772522133,-87.575393163,POINT (-87.575393162589 41.772522133272),C,6,2021,14:16:00
19c6b30658764ac0e534bc4d54fcc185df9e1a3d0fd295a9ebbdda22a268f5774721f209db338f7a2a8c879ea8a1534e19419702b9824b57e8e363691874d9c3,2020-10-15 14:00:00,CLEAR,DAYLIGHT,DRY,NOT ON SCENE (DESK REPORT),10/15/2020 04:00:00 PM,41.765666333,-87.622817935,POINT (-87.622817934991 41.765666332864),C,10,2020,14:00:00
19e6fc6b9023f0a5cea854c2a0d8519c970b0d1c05d65fdd209fec872a9a2b63843941c72abfec8a625c3c75272180d07161c6cd9a2a65d7588a8db62b437ad5,2018-12-11 07:58:00,CLEAR,DAYLIGHT,DRY,NOT ON SCENE (DESK REPORT),12/11/2018 08:43:00 AM,41.96881949,-87.761456953,POINT (-87.761456953451 41.968819490407),C,12,2018,07:58:00
19fb496ab17610d0a864f392851bc335c5faa84e624a5d0ae0c3e389746a275f94de7d2cdf319ac5566902565ec8127216dd2469a4744ef49c8b2d3988771634,2022-12-16 18:26:00,SNOW,DARKNESS,ICE,ON SCENE,12/16/2022 06:30:00 PM,41.897641776,-87.679697712,POINT (-87.679697712091 41.897641775951),C,12,2022,18:26:00
1a109fe9bd83d3c66bf25641b5e14ec01a4b01cccfbfc14b9dfafb910b9a17fb8551692e9bb64ac61333109fe68e818559ec295130971d615d079ff64ba50a16,2021-05-18 12:00:00,CLEAR,DAYLIGHT,DRY,ON SCENE,05/18/2021 12:20:00 PM,41.745912096,-87.665900577,POINT (-87.665900576512 41.745912096056),C,5,2021,12:00:00
1a1fe6137b4aa7ffc247000e4fc68884f02d5ad63cf0f671dd6eb226cecba6e4859cc33f63660f70d292d4c6fa46e55cc3a35836a4484ea473a475c16349f23e,2021-04-26 16:16:00,CLEAR,DAYLIGHT,DRY,ON SCENE,04/26/2021 04:16:00 PM,41.931679527,-87.743800436,POINT (-87.743800435718 41.931679526504),C,4,2021,16:16:00
1a35d03e4ca76671f92487143cd3fe1fc59f41c6278de7ae92b17776456faf7040b9649ef46178a6a23fe25dcbcf7231d5f16a936252a3af8a48fee51ce4bf8c,2023-08-01 15:26:00,CLEAR,DAYLIGHT,DRY,ON SCENE,08/01/2023 03:59:00 PM,41.844456002,-87.717479872,POINT (-87.717479872469 41.844456002121),C,8,2023,15:26:00
1a38e98a3dafa963739c8d7e7b8a82b0ac3ec643c5d7324a51af28ab7fb372a2996daec9a7c17026f37753ba60d53bd4e1bc167f24441c0ded1195cd5668f8d1,2023-10-24 18:09:00,CLEAR,DAWN,DRY,ON SCENE,10/24/2023 06:24:00 PM,41.87796921,-87.735504658,POINT (-87.735504658135 41.877969209965),C,10,2023,18:09:00
1a5e6551b1c58e9ff8d9b9cdbfce12c105e7155617a9bdf83680ed9d4baca52e406f0632b229ce0ab67d66aca5a5e34b0675974f225ea73a014c800c7e0b8414,2024-02-26 14:57:00,CLEAR,DAYLIGHT,DRY,ON SCENE,02/26/2024 02:57:00 PM,41.779563978,-87.785059228,POINT (-87.785059227697 41.779563978079),C,2,2024,14:57:00
1a6b47fe0698682315e14eb8a733cfcd5342bbb2a82fe1c8db567542e76ca1cd150d0a97092d942416cba5c0ab2a760e5f105c3cdc0921ad5e3698844e4b0df8,2018-09-24 06:57:00,CLEAR,DAYLIGHT,DRY,ON SCENE,09/24/2018 06:59:00 AM,41.939339026,-87.716318578,POINT (-87.71631857756 41.939339025686),C,9,2018,06:57:00
1a96c390d5f442f65174fc2ce4a2bd3c05012c4508128578d4bb9f090dba533ea63d71b01fbae25d3f512087ecb4db7dc7e1603d46dd15982868c0bd9e5d7241,2018-04-17 06:50:00,CLEAR,DAYLIGHT,DRY,NOT ON SCENE (DESK REPORT),04/17/2018 07:01:00 AM,41.874636554,-87.763248539,POINT (-87.763248538669 41.874636553994),C,4,2018,06:50:00
1aa10f26c6e4586b2634293346e884c12c6dc086b6dc32c0424fb947357c59afe2eea8f2b6563ae49abe2295989ff0dcdc6dbcd4ed10663d13c2f42b17675c9d,2017-11-03 17:45:00,CLEAR,DUSK,DRY,ON SCENE,11/03/2017 05:50:00 PM,41.885585061,-87.726074834,POINT (-87.726074834197 41.885585061074),C,11,2017,17:45:00
1aab25cf9d4dda6d7a32e876b2d549c8ce275e104f991b052899a2f7d40c9041567edc96e280d6582392a379712093c16a5159fe2ee2a4a79e7f87c1a847e365,2020-07-01 04:40:00,CLEAR,DUSK,DRY,ON SCENE,07/01/2020 04:45:00 AM,41.808369549,-87.684019397,POINT (-87.684019396719 41.808369548854),C,7,2020,04:40:00
1aadd4d4f038798e27cca1d4c0cdbe33a7f99d19fec02f2f0ced727b6ee0a4004a44aa10b7d530a7b8c1a7da1eef8656d78d8759e6d0efef6c7f9f1f8bde0e8a,2019-05-23 15:45:00,CLEAR,DAYLIGHT,DRY,NOT ON SCENE (DESK REPORT),05/24/2019 07:00:00 PM,41.779344404,-87.666829101,POINT (-87.666829100609 41.779344404195),C,5,2019,15:45:00
1ab3f71282ef454d6db54c0422d367a2349aab7d7793cfc169937761241fd071c2340aa0c4b0b717e292c65b57bea2db5a04d103cd53e595719418aa57bc5572,2019-06-07 16:38:00,CLEAR,DAYLIGHT,DRY,ON SCENE,06/07/2019 04:40:00 PM,41.750321121,-87.658189053,POINT (-87.658189052916 41.750321120572),C,6,2019,16:38:00
1abb2f4a273e75f9b62081f9eb5eeee07412b536f43bbeef53cd0339ef1a5d04530749551ac4ec18d767f11a7c46b514cb8442d597d5f4ed5489deb6acb48fa0,2023-10-30 13:30:00,CLEAR,DAYLIGHT,DRY,ON SCENE,10/30/2023 01:40:00 PM,41.676182214,-87.601277269,POINT (-87.601277268579 41.676182213658),C,10,2023,13:30:00
1abdecf16ec1384469a797647953cca9cdf4be5255c058fa4ef50313706c0eb10b945694ce8957b8d0ef2b9b8aa70f8486a9768d46f548a7683e1c0002db8b5f,2023-03-26 13:25:00,CLEAR,DAYLIGHT,DRY,ON SCENE,03/26/2023 01:26:00 PM,41.810223248,-87.674691976,POINT (-87.674691975845 41.810223248453),C,3,2023,13:25:00
1ad0b28e4019c5de4918ec25d8b70ee0f3920a9ac9e6504f7274153c3241d2c5c643227ec2b87e4d916a6175a4d06df13c97fa8f5901f482d074d78eb9c5c2d9,2022-06-01 16:25:00,CLEAR,UNKNOWN,DRY,ON SCENE,06/01/2022 04:25:00 PM,41.943027237,-87.654054809,POINT (-87.654054808991 41.943027237438),C,6,2022,16:25:00
1ad7ebe2ddf59145a9031d531575dc51e97fcf445f4454cf836e3f8ad6c8f64932eedf07e5ab2e151114ed2b18a46660fbd651280bf086a190f4d0638b9d3a5e,2023-05-19 08:50:00,CLEAR,DAYLIGHT,DRY,ON SCENE,05/19/2023 08:54:00 AM,41.660530379,-87.57881696,POINT (-87.578816960162 41.660530379111),C,5,2023,08:50:00
1af2b0fd22fa7c24e9937cbff7fb8c8c68e2be78b32d3238ef39549204622866561d7426a7d24b10a20e3908f8928613d868d927a61cf31c38db70f288e2c7c8,2023-03-16 09:00:00,CLOUDY/OVERCAST,DAYLIGHT,UNKNOWN,ON SCENE,03/16/2023 09:33:00 AM,41.868889711,-87.639098928,POINT (-87.639098928088 41.868889711112),C,3,2023,09:00:00
1afcf29e845c74c404f90171d38fe1f469a77da03cbcb3d0267eb0dc166af4dbec5429b4ad845aa296c35afff22ccb7369c421afdd9b8fd8250a01eb496bb097,2020-11-09 20:56:00,CLEAR,DARKNESS,DRY,ON SCENE,11/09/2020 09:02:00 PM,41.891538491,-87.629486408,POINT (-87.629486407789 41.891538491228),C,11,2020,20:56:00
1b08aae3b163d49f5c9bff24a5dd346b8b751938e48abcde76f4f93023b8ee57efe631fa4d996ece28377b0fcb4ae952747ef9f78eb5c174860b9d674880ff70,2019-02-05 06:30:00,CLEAR,DUSK,WET,ON SCENE,02/05/2019 06:31:00 AM,41.931398285,-87.763939793,POINT (-87.763939792602 41.931398284843),C,2,2019,06:30:00
1b40342db67d05427db160187b4a7363b190df0ed9dce9924fba9bf837e20281802290bfa6aee3fe5dc09c341c80aaa240312553f883aed387d396293dabb708,2021-05-06 10:15:00,RAIN,DAYLIGHT,WET,ON SCENE,05/06/2021 10:15:00 AM,41.975762574,-87.787934296,POINT (-87.787934295511 41.975762574472),C,5,2021,10:15:00
1b570ab1c54e99fab6793e7bfef52c7e7d022a062238b1b5537a17307ca4c01a7281ffa20e1bcc9f51be1b248f80cfdd114a6b2aae96c15b7ac4adb16242ec2d,2020-02-10 14:00:00,CLEAR,DAYLIGHT,DRY,ON SCENE,02/10/2020 02:10:00 PM,41.923913598,-87.729056075,POINT (-87.729056074622 41.923913597708),C,2,2020,14:00:00
1b62f1e61e367443a53d6afed15f0a6e5122d66c7d8b2801ea2efa4e8bc9f1d407a6a4d6d58d8e8cd2dbfde89aa90b3dd8d5782c1cc03c1530a2ea06ea4ffce8,2018-01-03 14:03:00,SNOW,DAYLIGHT,UNKNOWN,ON SCENE,01/03/2018 02:53:00 PM,41.998228254,-87.667104466,POINT (-87.667104466469 41.998228253767),C,1,2018,14:03:00
1b71fbbe273097691b85d245e4cdf02fa6ee23db92fbfb3539f766450605e35d212259def91713d496fe612a5c1901b1e359a12ca370ac481fa3e165a060c96f,2024-06-01 17:00:00,RAIN,DAYLIGHT,WET,NOT ON SCENE (DESK REPORT),06/01/2024 05:30:00 PM,41.968623008,-87.736531933,POINT (-87.736531932764 41.968623008357),C,6,2024,17:00:00
1b7338eb29e52efa0a40dfef9550a6ce6a58fcd952b1a7bcd3d512ea917e555e65a07681186a51d1824823ab87a6a6639a406666a3d43fb7bf2115524712646a,2020-04-28 15:25:00,CLEAR,DAYLIGHT,DRY,ON SCENE,04/28/2020 03:45:00 PM,41.899065278,-87.767823963,POINT (-87.767823962944 41.899065277779),C,4,2020,15:25:00
1b98191f303908527f1268ce51b7e054472544d83c75e9f229fb68fcb13a92c50cd80cafe60f133a18f1827a4aef4547d135915bcf1b7afaacb9ec7a96d0c7c8,2020-02-26 18:31:00,CLEAR,DUSK,DRY,NOT ON SCENE (DESK REPORT),02/26/2020 06:51:00 PM,41.793313448,-87.711047304,POINT (-87.711047304354 41.793313448268),C,2,2020,18:31:00
1bd4a8b85be182668bd2a09184f6217b44b7e8453c84687521bdb303b6b7c848d62f4255fb0d05335d7bb4b58b26fcdd3ed50c2e651d70c585bacc76355aed1b,2020-12-22 14:24:00,CLEAR,DAYLIGHT,DRY,ON SCENE,12/22/2020 02:25:00 PM,41.803004743,-87.669836183,POINT (-87.669836183175 41.80300474271),C,12,2020,14:24:00
1bd91e23075940106ecb734c9597ccc6aae39c3ba526da642701d1f9f9c1ab7c4a72866554fe4ba2dcc42800e0dcf0632a497e6cc14bdbaf38e074fbef237343,2024-06-02 18:14:00,CLEAR,DAYLIGHT,DRY,ON SCENE,06/02/2024 06:17:00 PM,41.907628382,-87.751734699,POINT (-87.751734698586 41.907628382245),C,6,2024,18:14:00
1bde0316de4b23649165531259d41c89a11294bcbb888a07fc12557a917500d495f315bd4181a34100ff4ebea41fb274389fc5d9fcbec8d3cb75a5463e163c17,2023-02-15 14:00:00,CLEAR,DAYLIGHT,DRY,ON SCENE,02/16/2023 07:45:00 AM,41.882670497,-87.624241539,POINT (-87.624241538569 41.882670496958),C,2,2023,14:00:00
1be1578352ed8f79dfdb7c8e4162faa04aafb61d25acfecb6d9c75173b2e0d89a13201b467706474742793b1bbccac662a3b10fd0d46dada45b69eff59523164,2020-12-04 16:00:00,CLEAR,DAYLIGHT,DRY,NOT ON SCENE (DESK REPORT),12/04/2020 04:30:00 PM,41.808186308,-87.707433691,POINT (-87.707433690546 41.808186307541),C,12,2020,16:00:00
1c01fb70baaf91731c270768bc3566c9b4863db31ed8f6dec25a615d1b6eca36d58c2d772c1abbfaac4f5c631b5239cd03e0e3226c121dc91e840ee61364daf9,2019-02-01 13:35:00,CLEAR,DAYLIGHT,WET,NOT ON SCENE (DESK REPORT),02/01/2019 07:20:00 PM,41.801100329,-87.693942961,POINT (-87.693942961285 41.801100328604),C,2,2019,13:35:00
1c0ff62b9f7b9a3b48164d0a233f940775a643f9e1ffdf6698b06694046fdfbc0a805b71777a1405880becc900aad60e8c0d5c62915e624874261a5af1dce69a,2019-08-29 22:06:00,CLEAR,DARKNESS,DRY,ON SCENE,08/29/2019 10:08:00 PM,41.997243166,-87.810199487,POINT (-87.810199487072 41.997243165811),C,8,2019,22:06:00
1c2529bc65e6323f5c3a38edb32895be32b638d24f035c07db522cb12838d28c35e08f75a393e6317d3760df8314e545f37b4048dee6e54b04bef8a2f1eabc95,2018-08-24 19:34:00,CLEAR,DAWN,DRY,ON SCENE,08/24/2018 07:41:00 PM,41.855526795,-87.705507894,POINT (-87.705507894173 41.855526794701),C,8,2018,19:34:00
1c34763adabf56d36bdf33806e026a5f6794b1e7a3ca5c43ca4d7ef8d9bd13c70989498247ef0428df9ee1f83f66863bd254e5042510c7c462ff2fe4812468ac,2021-12-31 13:30:00,UNKNOWN,DAYLIGHT,UNKNOWN,NOT ON SCENE (DESK REPORT),12/31/2021 02:00:00 PM,41.779976879,-87.637567756,POINT (-87.637567755839 41.77997687947),C,12,2021,13:30:00
1c42670ba547b9f3e33a99d19a723e64ab2d8f95b6a536ed74d3289988e2d22ac361a510378bfe7361718913ab1c02b591bb894af895deae9a9aba2dd4e9c4b2,2022-12-22 13:00:00,CLEAR,"DARKNESS, LIGHTED ROAD",SNOW OR SLUSH,NOT ON SCENE (DESK REPORT),12/24/2022 08:00:00 PM,41.976201139,-87.905309125,POINT (-87.905309125103 41.976201139024),C,12,2022,13:00:00
1c509ee9bcc3cfdf60123afd3437bd2615a81202fd72999124f7dcfeee47eb576faa828f60087a40e9355dba380255ce8e43ec69cab35a3de87a5e10962eba86,2021-04-11 21:00:00,UNKNOWN,UNKNOWN,UNKNOWN,ON SCENE,04/12/2021 02:45:00 PM,41.707956411,-87.535138981,POINT (-87.535138981124 41.707956410794),C,4,2021,21:00:00
1c6f438d75b3d18eccc5f308a83d1a7fb8c4b9a287ef9dd11699c85eed6fb7edc37e239a1bc232e8c0eea65e5935243cf4cd6d15ebfcf4f6d7dc14b9e910710d,2017-08-16 20:00:00,RAIN,DUSK,WET,ON SCENE,08/17/2017 01:30:00 PM,41.74108427,-87.738974851,POINT (-87.738974851137 41.741084269977),C,8,2017,20:00:00
1c97dad141dc131214126cb8edc52e2f2c1c158f2910cda0c3ec9d7504f0ddc20423a4f969921931411bf756a54c5d16c5ada1b8a1295d4cbba4828c332f0c8c,2022-05-26 14:00:00,CLEAR,DAYLIGHT,DRY,ON SCENE,05/26/2022 02:31:00 PM,41.93936473,-87.767555532,POINT (-87.767555531943 41.939364729992),C,5,2022,14:00:00
1ca838f79a25b86c05e579b6170fc50b4d6c50dc7ac4cfcec540899aa13973bb126c829fae3052ced508be3b6b64e07b062ff2d8caa6c80961704b3a69497050,2024-08-22 18:30:00,CLEAR,DAYLIGHT,UNKNOWN,NOT ON SCENE (DESK REPORT),08/22/2024 07:00:00 PM,41.83842648,-87.625463161,POINT (-87.625463160626 41.838426480279),C,8,2024,18:30:00
1cb67ecd67e6fc0fa7283243acbef2437b68cb86f887cf744191c1209a404481682b0c42a8cb128873221ab19f681afcbbc3df34265ce72eefb25a1fef2cf0a5,2021-02-20 00:56:00,SNOW,"DARKNESS, LIGHTED ROAD",ICE,ON SCENE,02/20/2021 12:56:00 AM,41.968831063,-87.724272534,POINT (-87.724272534306 41.968831062686),C,2,2021,00:56:00
1cfa993c159da492a1eb7bd0c77ecbec326a8412ecd12d626cd6970259e1cb422739b747b9a4f696d9e03100c2851cd73fa2760a45423934d0c943e051aaefe1,2020-06-05 13:53:00,CLEAR,DAYLIGHT,DRY,ON SCENE,06/05/2020 01:55:00 PM,41.903154646,-87.67250395,POINT (-87.672503949795 41.903154646131),C,6,2020,13:53:00
1d13b1b5f1981bcef37e9d337904ac48334fccaa8041132d67113dd0a84d39f8fce21d097b03bea6a10465f7291c6f8c0f1f93e8511361e5e8432baca9820f54,2021-08-15 18:00:00,CLEAR,DAYLIGHT,DRY,ON SCENE,08/15/2021 06:02:00 PM,41.994641657,-87.660555736,POINT (-87.660555735853 41.994641656952),C,8,2021,18:00:00
1d29ce2d5cefaf234c9353296e3a6442aa3644cb6d4c166ad4bd9a7214d03ca4e48eb5e3a258d2004d26fa6461592fe2fb9383cfe4a885ca3d3a57a60fae2426,2024-05-29 18:00:00,CLEAR,DAYLIGHT,DRY,ON SCENE,05/29/2024 06:02:00 PM,41.769100555,-87.657717391,POINT (-87.657717390763 41.769100555047),C,5,2024,18:00:00
1d4f243f93e1294ef66d233d3fb5340c283a644feb5f8bcd3bb188fdfa5028deb8be730cdf6eeb7bad0e829c9e4f5f9e7b0250724cd621a8642a3ca065934a88,2022-09-02 22:25:00,CLEAR,DUSK,DRY,NOT ON SCENE (DESK REPORT),09/03/2022 06:00:00 PM,41.986543164,-87.665066858,POINT (-87.665066857507 41.986543164024),C,9,2022,22:25:00
1d8e40e0158f1ba8cf943063f28cce46f6b5bc44252d95857b586d8602cbb87667f0881f67b73aadb1daafe9246f84caa7c6a5db43dc0f61ec33b00386d401cb,2023-01-04 13:00:00,RAIN,DAYLIGHT,WET,ON SCENE,01/04/2023 01:46:00 PM,41.924026306,-87.669357601,POINT (-87.669357600729 41.924026306083),C,1,2023,13:00:00
1d9b5bb3bbd9b41a735aa15669dd5adb8da39da0aa1fbc14ec0a4f3966dae8909daf221acc2ff7ee7b5024cb0ff3715705683ed4b4f1493d54709515d8eb4837,2021-09-03 17:00:00,CLEAR,DAYLIGHT,DRY,ON SCENE,09/04/2021 09:43:00 AM,41.850534564,-87.726668868,POINT (-87.726668868156 41.850534563859),C,9,2021,17:00:00
1daa7fed2dc82f1c1d276d0ccba0b28c1214a8fe029a1a6c4bf3888417d420ec25d83a119b13af830e1eecc9a0abf1c5436b63c283b54a14e56a25ed89469b7c,2020-05-08 13:00:00,CLEAR,DAYLIGHT,DRY,ON SCENE,05/08/2020 01:00:00 PM,41.717688321,-87.646703115,POINT (-87.646703114867 41.717688320839),C,5,2020,13:00:00
1dcec59f155d6a71c3a7025e7a908ed38e5d77742a285ba1e0f37c47ddaae51098d4ced307928eedf50dcf2d2deb798a2370f5421679e4070263f55ec925ad30,2022-05-27 12:50:00,CLEAR,DAYLIGHT,DRY,ON SCENE,05/27/2022 12:50:00 PM,41.909168801,-87.770602524,POINT (-87.770602523606 41.90916880134),C,5,2022,12:50:00
1dd0834ab3be4486cf29f9cff948b7200f715be877b5f18b72b52295f475427a3383e66c3fdb5134ef3b92db92db89656bc74f2fdab30f19e7d9e4ca9f56ed7a,2024-04-29 17:10:00,CLEAR,DAYLIGHT,DRY,ON SCENE,04/29/2024 05:15:00 PM,41.791587992,-87.59337988,POINT (-87.593379879698 41.791587992143),C,4,2024,17:10:00
1e03b7af76656ccb62453d86bf29ffc7ec9d7268cefca1bd28c6c2ec470ba90d2c2655cf6d652fe5160d7552837a16938c4afb438c2a45ed7a4406fc9d3cd6be,2018-11-04 11:45:00,RAIN,DAYLIGHT,WET,ON SCENE,11/04/2018 11:51:00 AM,41.707899886,-87.584822889,POINT (-87.584822888781 41.707899886453),C,11,2018,11:45:00
1e235a2833bd601bb59ae408838d7cbeeb8c4cb66a98f5beb46a81e8bff3a47e82de6e5be8f551ece59af06865db8752f3dbd38e5836baa838d456c17111db4c,2024-06-29 13:30:00,CLEAR,DAYLIGHT,DRY,NOT ON SCENE (DESK REPORT),06/29/2024 02:15:00 PM,41.96820321,-87.741738165,POINT (-87.74173816498 41.968203210101),C,6,2024,13:30:00
1e47a7c878550d4ca14032d38378348503f614f48e3eb3f1cbdd79c7c2702f913f14e280bb92d7a8aa46354570ac30ca3ba51c29216c35267f114bd62675495c,2021-12-10 15:55:00,RAIN,DARKNESS,WET,ON SCENE,12/10/2021 05:00:00 PM,41.97345076,-87.65295404,POINT (-87.652954039908 41.973450759648),C,12,2021,15:55:00