CRASH_RECORD_ID,CRASH_DATE,WEATHER_CONDITION,LIGHTING_CONDITION,ROADWAY_SURFACE_COND,REPORT_TYPE,DATE_POLICE_NOTIFIED,LATITUDE,LONGITUDE,LOCATION,CRASH_TYPE,CRASH_MONTH,CRASH_YEAR,CRASH_TIME
1e58e24fdd6a2e3595bd7467941e27831a802f7d63c9db0e5512316fd82b338b38205ceab388b07d363b6d1d2345d9bf90a6eb2e1d24de913794cb3a76fa196e,2017-12-26 12:20:00,CLEAR,DAYLIGHT,DRY,ON SCENE,12/26/2017 12:25:00 PM,41.775505759,-87.683691462,POINT (-87.683691462002 41.775505758518),C,12,2017,12:20:00
1e63060e0754806fa1419d0c7b8508e6b389754dea9bd9dd0780bad2c8ef6820dcca566269c93f5af398dfddb4a3ea2b73de6d73e774b7297a7a6c7f6bf007e1,2018-01-22 11:30:00,RAIN,DAYLIGHT,WET,ON SCENE,01/22/2018 11:34:00 AM,41.803915562,-87.609800481,POINT (-87.609800480586 41.803915562466),C,1,2018,11:30:00
1e7da07063787cab57214112f47911ed2036d3ec4cdb0a40fdb74ceefc86d4bd36dfba432940806fef4a2c11d70f52d6556ae77106eda2dd7bd74f32bcb8e288,2023-04-28 16:45:00,CLEAR,DAYLIGHT,DRY,NOT ON SCENE (DESK REPORT),04/28/2023 06:00:00 PM,41.886005833,-87.620828957,POINT (-87.620828956741 41.886005833425),C,4,2023,16:45:00
1e8aaccdaf260422c57776ffb9a8c90a365119a4ecc92a00fb6d923c118663994edad316c893433fd4317a955020d6ce1040b486d44ab68957729694c662a660,2023-04-18 14:59:00,CLEAR,DAYLIGHT,DRY,ON SCENE,04/18/2023 03:05:00 PM,41.842567447,-87.706261199,POINT (-87.70626119931 41.842567446633),C,4,2023,14:59:00
1ebcc326facf3a961fc996e781b4407aed7a00750a1e618e67d9c71c4ed4bdc4ce947007f019d0e15500fbdbeb195776d9cc75676a3704b3c0fb5f4cc0b13eba,2017-11-30 14:30:00,CLEAR,DAYLIGHT,DRY,ON SCENE,11/30/2017 03:15:00 PM,41.909181301,-87.659344057,POINT (-87.659344056525 41.909181301222),C,11,2017,14:30:00
1ec2bd0b64c2ec38b2b4228fca2f8f37d1b0c08ffb1f764fb41405eae008e996b7ae0a70ee10ed339e52c5422d36b143cdb032c2cbf1fdc318c0aed232220b7c,2024-08-25 13:22:00,CLEAR,DAYLIGHT,DRY,ON SCENE,08/25/2024 03:04:00 PM,41.909764527,-87.743376296,POINT (-87.743376295706 41.909764527033),C,8,2024,13:22:00
1f10f68a8a1f62fb70a6ed58dbd171e86b2b6bd3fc7e56b7eba035ce819ccab8881d70cb0758e88761194c8c2243534e4af188db1176327a8702f7ae02c8d8f7,2022-06-16 09:50:00,CLEAR,DAYLIGHT,DRY,ON SCENE,06/16/2022 09:55:00 AM,41.885657413,-87.731165678,POINT (-87.731165677817 41.885657413431),C,6,2022,09:50:00
1f161ebb3282b398b8607189af44c95fd19e2f8d18802acb4f6e728a33d4808fce25849fd8c2fddfb7b3551d4ac522d8c4f69328ee6836bc706cb5a0d0135baf,2022-06-10 15:00:00,CLEAR,DUSK,DRY,NOT ON SCENE (DESK REPORT),06/14/2022 10:00:00 AM,41.982189885,-87.668651628,POINT (-87.668651627961 41.982189884614),C,6,2022,15:00:00
1f52fee6b14b4eef1a82420bb60445b993cc93d3245c3321bbe71b711ad1426c4c3b4e172d7bebcbb2d9bf34caf7e714254a6e2d89ae2b805dc42f0749945b85,2023-06-20 14:44:00,CLEAR,DAYLIGHT,DRY,ON SCENE,06/20/2023 03:21:00 PM,41.997936606,-87.671840803,POINT (-87.671840802874 41.997936606449),C,6,2023,14:44:00
1f5fa24fa4030edc1ddf0cbfda03d6cd4b68fa29375e65e5f9818e310752e0c3a5c01008f7658405751d3de2d7270b1d312ad0337b332c21c1a01dbe10c81bdd,2020-09-03 17:00:00,CLEAR,DAYLIGHT,DRY,ON SCENE,09/03/2020 05:02:00 PM,41.744683714,-87.5529083,POINT (-87.552908299823 41.744683713847),C,9,2020,17:00:00
1f645e58bb5ffcbb31d0045551894a8ed81e674255f4e6050aef9b3ddb963995df200b8ea51eefba400874a7ed28e8533e56ab7f2b79636275112a8b85efbd62,2021-10-20 17:00:00,CLEAR,DAYLIGHT,DRY,ON SCENE,10/20/2021 05:15:00 PM,41.750376542,-87.654552369,POINT (-87.654552368893 41.750376542494),C,10,2021,17:00:00
1f7d07d942774521c606b7f08f939226b1b63e30b78805762ce669b4493891263314d2fc77e9d83c1e2e96180dd8e14a3cfc2f24a30d857e65df695b30f1f747,2017-05-22 15:50:00,CLEAR,DAYLIGHT,DRY,NOT ON SCENE (DESK REPORT),05/22/2017 04:20:00 PM,41.924602104,-87.725950606,POINT (-87.725950606183 41.924602103712),C,5,2017,15:50:00
1fb4cad8beeaf956a41d0df2e97bd914f666efd3fae04a5867c1ac9cefa292c111058249c098ab60886186f9ce120d71fb856c865b674c9fa2897798d3b706fe,2023-06-07 08:15:00,UNKNOWN,UNKNOWN,UNKNOWN,NOT ON SCENE (DESK REPORT),06/07/2023 04:40:00 PM,41.997461409,-87.787858245,POINT (-87.787858244695 41.997461409149),C,6,2023,08:15:00
1ff6a5d46b792d15d6e345beff3e48262f4906b13a7c08e8df9c37213aaf628541966b3c72ad382f5339763f67036da3bb269764252b581a68a65ff18035c16e,2018-09-21 08:05:00,CLEAR,DAYLIGHT,DRY,NOT ON SCENE (DESK REPORT),09/21/2018 03:45:00 PM,41.799132118,-87.690433139,POINT (-87.690433139174 41.799132118493),C,9,2018,08:05:00
1ffe3d18d8253fb26902ee012652268415cc27efe2c76c51419e280b3170d7f8df82fff7bcf682a8d74655af97dafaa8a7ccfdaa302a973e010d86ceba435e1c,2018-09-02 13:30:00,RAIN,DAYLIGHT,DRY,ON SCENE,09/02/2018 04:10:00 PM,41.789734911,-87.728111161,POINT (-87.728111161153 41.789734911039),C,9,2018,13:30:00
2019fa9ecf48070c9cdc212a8c483a2b96f7db85a3c3cac1b175267ffc6c6828df849d5eb3d34896e56f93583a634ccf82f5dc37e5ab192b4b695e7183848cfd,2022-06-09 17:45:00,CLEAR,DAYLIGHT,DRY,ON SCENE,06/09/2022 05:50:00 PM,41.73718405,-87.574457044,POINT (-87.574457043713 41.737184050332),C,6,2022,17:45:00
206a431a7d7602877d6ead3acbba82dd3fa72354dd97b70e61df967b64953ae4cb6e2c21490d72dab8c691ba14fcce6a60750657fd9bc648a68b54b42475b650,2022-08-14 11:20:00,CLEAR,DAYLIGHT,DRY,NOT ON SCENE (DESK REPORT),08/14/2022 11:30:00 AM,41.692693911,-87.623241463,POINT (-87.623241462789 41.692693911069),C,8,2022,11:20:00
206fd4ff5b0f02d44c06c815ca124f348013fa25225c6eb3cb2947f54eea4e33b3621b0e7686d5e52f353c36cef07c5acea72b11054d78bb36df10da6302d8d3,2024-03-25 18:07:00,CLOUDY/OVERCAST,DUSK,UNKNOWN,ON SCENE,03/25/2024 06:12:00 PM,41.960692944,-87.740596297,POINT (-87.740596296503 41.960692943678),C,3,2024,18:07:00
2070a93de13050256f835ab879dfec8fbe3f77ae2c631806e43060a270e5627709e04e3a7e284d1e092c7605aed57d740196a3edd2a6e47a59a2f85f5ab672a1,2019-03-14 13:15:00,RAIN,DAYLIGHT,WET,ON SCENE,03/14/2019 01:20:00 PM,41.999763484,-87.671324292,POINT (-87.67132429221 41.999763484238),C,3,2019,13:15:00
2082cce3f398b6b9892679ae3d75f5569cb2b11117fff2885596ee57f5cfc9844ebb7822a214830d535bcf2cdfdf70cf1bf946e3aa39daf15a3bfe92de8b5afe,2021-05-14 16:00:00,CLEAR,DAYLIGHT,DRY,NOT ON SCENE (DESK REPORT),05/14/2021 04:30:00 PM,41.856774939,-87.666267963,POINT (-87.66626796303 41.856774938551),C,5,2021,16:00:00
20868cd901db70667630d9775b41aa90fddf45b3091a5b988cb31a00d9669f675c15bdfeb3cb221065703131b7786054f224df41293e80301a561f21efb50ca4,2018-10-30 13:25:00,CLEAR,DAYLIGHT,DRY,ON SCENE,10/30/2018 01:29:00 PM,41.691483413,-87.713210503,POINT (-87.713210503336 41.691483413458),C,10,2018,13:25:00
2092fd2b2ed46b1050849b98b632f67d10867dce2234a9e0fe7f3cb448eac7c047e56502c3ee325f7d8e1ac40db588a5ec6af9976fe38046b907a3e125ca91be,2020-12-02 12:09:00,CLEAR,DAYLIGHT,DRY,ON SCENE,12/02/2020 12:09:00 PM,42.015842432,-87.69816985,POINT (-87.698169849754 42.015842431992),C,12,2020,12:09:00
2098dca243c2140026f8c6f706781784f035e0d2553ed9517ac823a3d257e57d016185cffcf19a0f409056dd29d4d932f655e85f302e543a82f07f2e7812b8e7,2021-05-20 10:30:00,CLEAR,DAYLIGHT,DRY,ON SCENE,05/20/2021 10:36:00 AM,41.869144726,-87.682058105,POINT (-87.682058105485 41.86914472579),C,5,2021,10:30:00
20a8624c45d94b8c592745084e3ef3cdf604a1de7f89cd308133a8b1bcf2649e1cba30969627f47b1ccf8bc853cd233c95a7028eaa72d2d6f41c6988b30250ae,2021-10-08 15:26:00,UNKNOWN,UNKNOWN,UNKNOWN,NOT ON SCENE (DESK REPORT),10/08/2021 04:35:00 PM,41.968520412,-87.787951501,POINT (-87.787951500862 41.968520411965),C,10,2021,15:26:00
20bcbbbbfbb584c7eb039240208ab971c88c4eb2d804cac867111117eb4fed5f8fd6adafaf2fe79179be328a528cd66d3a6c363f7c9ee191d4e7935741cc7f56,2021-07-07 11:15:00,CLEAR,DAYLIGHT,DRY,NOT ON SCENE (DESK REPORT),07/08/2021 10:35:00 AM,41.812865518,-87.619187748,POINT (-87.619187747734 41.812865517798),C,7,2021,11:15:00
20be812d40f6141122aa822eb4cd851669c3eed6b6804328fcd58964e81d3a51241689e06ce25b0f7e08cdcea738329ea07e8d91ba7030b26ab16da9e00b9fb8,2022-12-16 07:30:00,CLEAR,DAYLIGHT,DRY,ON SCENE,12/16/2022 07:54:00 AM,41.779152451,-87.698330615,POINT (-87.698330615168 41.779152450501),C,12,2022,07:30:00
20fadd8aa85ab75e24bfef9912050dcaab73661e9e4ec53b69a99d8acc42181e7190b5933d1ef3de576d58457cafdb6a7912e6384c61d0657bf704c36863ef6f,2018-02-12 15:17:00,CLEAR,DAYLIGHT,DRY,ON SCENE,02/12/2018 03:17:00 PM,41.937220525,-87.727279226,POINT (-87.727279226006 41.93722052475),C,2,2018,15:17:00
2102989764b764942c3b71470388d2cce334c1c433d1cd9ec01fcb92387629ebd0f18f78a3da997f654e44ab2e37e7ee274bcfd3df2a544f6b281ddba3c3afaa,2022-03-05 10:25:00,CLEAR,DAYLIGHT,DRY,ON SCENE,03/05/2022 10:36:00 AM,41.932089558,-87.711837139,POINT (-87.711837139148 41.932089557988),C,3,2022,10:25:00
2110134ab8a82f94062a96c66e01495f8b8591b8aace02541a35410ffdbd7a732e8f6912d29bb64d45ccab4412e2739f0e1cd36b6a09741f23b2abfd84f818a7,2022-06-08 11:25:00,CLEAR,DAYLIGHT,DRY,ON SCENE,06/08/2022 11:30:00 AM,41.864355543,-87.642238984,POINT (-87.6422389845 41.864355542778),C,6,2022,11:25:00
211ed005b7ed8301b4e8a1f6cefaf661dd2190e183dee1e79c0ac157e6e52b841fd4b82f74675bac4cc21c1aea748a0e750be0c11c26ec6fe6beadbf89ca4609,2024-05-07 18:30:00,CLEAR,DAYLIGHT,UNKNOWN,NOT ON SCENE (DESK REPORT),05/10/2024 02:25:00 PM,41.946796704,-87.674995254,POINT (-87.67499525438 41.94679670367),C,5,2024,18:30:00
21202996a7396a5650145416314178b14e3e7c68e49b0a71588495486f4b114a4f7e71ed35fc8e4d1bb3b84c56c3afbfd6037b528a3cc2647f61b418b7896825,2023-01-31 00:22:00,SNOW,"DARKNESS, LIGHTED ROAD",SNOW OR SLUSH,ON SCENE,01/31/2023 12:38:00 AM,41.938362382,-87.790006288,POINT (-87.790006288159 41.938362381507),C,1,2023,00:22:00
2148032f8c319c6a72b41430afeb5096dd563804e14f46bfa1b9ab5639fd6189acf24ca825a45cd5ae06a871823f02857b93335746e5675ad0b14334fdc2b1c7,2019-11-07 16:35:00,CLEAR,DAYLIGHT,DRY,ON SCENE,11/07/2019 04:45:00 PM,41.786362853,-87.801142252,POINT (-87.801142251698 41.786362852687),C,11,2019,16:35:00
21509e1843046b02f1cf512ae2f6c931ddcfa147863ba4d3f43222b9801611a024bdfb3b0677bb378b08606a7808e7eb19905325cc61c77317c64b7b265f6a80,2019-02-03 14:35:00,OTHER,DAYLIGHT,WET,ON SCENE,02/03/2019 02:40:00 PM,41.927102469,-87.764723057,POINT (-87.764723056583 41.927102468762),C,2,2019,14:35:00
21522d1dbabbc16be2717fe3b4477dba543218bec88502ca134b2d402a4db81d28ff241be38ca8c057d3b6dc29f21aab3c004c07b61aec3d4cd0a4209d06b1d3,2018-03-01 07:00:00,RAIN,DAWN,WET,ON SCENE,03/01/2018 07:04:00 AM,41.954234217,-87.733841202,POINT (-87.733841202336 41.95423421743),C,3,2018,07:00:00
217a2c9f3e7a7f0dffc83429ca43cf57d1e9694fa49b666fb357dfe8527dab6eb938a7331c89c992a0f7794977932dac0f5cff65d51b996988f9d21c57bca081,2023-04-21 17:45:00,CLEAR,DAYLIGHT,DRY,NOT ON SCENE (DESK REPORT),04/21/2023 06:35:00 PM,41.908764909,-87.762300103,POINT (-87.762300102916 41.90876490887),C,4,2023,17:45:00
21ab620e9064651dfad2b0e44b8198ab17f3e3e8f5ca079bd1cc25adb27d83f32faa6f3925449b8e00f3e5131ce468d5b31ba6e76fc6313d1c122d2612f18dae,2017-10-24 14:53:00,RAIN,DAYLIGHT,WET,ON SCENE,10/24/2017 03:05:00 PM,41.764913136,-87.673683245,POINT (-87.673683244833 41.764913136072),C,10,2017,14:53:00
22373520aef8d689e956ba6e04c83fcd302afeaaade0b5970f0d756bd1fd6f17610ddc4cc416e474eca88ecfe5af78d83c1476c2e682c096bb6073091c02d2ee,2020-06-06 12:04:00,CLEAR,DAYLIGHT,DRY,ON SCENE,06/06/2020 12:05:00 PM,41.763662765,-87.576393389,POINT (-87.576393388908 41.763662764986),C,6,2020,12:04:00
224c14f12c0c3bf643a05859eb9ad54b1e99c489af9a6413723e927fb94bdfe689c59ccbeb58b4dfa8412bf7e278619f36bddcbeccd13f03b690bfea47f2b072,2021-11-06 11:45:00,CLEAR,DAYLIGHT,DRY,ON SCENE,11/06/2021 11:50:00 AM,41.749712345,-87.722066502,POINT (-87.722066501803 41.749712345169),C,11,2021,11:45:00
225dfbf0a2b3c261f45da0e708bd7e04f4c550055307dbb83c260e167cd1a526e6cbf9f166c09b8abcec15de89dea12049e689b639ff658ba29c7c5061b039fd,2017-09-11 15:00:00,CLEAR,DAYLIGHT,DRY,ON SCENE,09/11/2017 03:27:00 PM,41.76458527,-87.696762493,POINT (-87.696762492692 41.764585270463),C,9,2017,15:00:00
2284a1a4ecaf05f854cff6ad1ad3ca8895cfb3aa4af5b559c0555359c19272d12ea7f634dda6a7de2e33e0fb082a8663dc5cd796847554c4169f4c3875b2535a,2020-04-10 13:13:00,CLEAR,DAYLIGHT,DRY,ON SCENE,04/10/2020 01:15:00 PM,41.90003995,-87.717539676,POINT (-87.717539675758 41.900039949963),C,4,2020,13:13:00
22aa0006eb5d52ea22346e26611985f413830fd134a5280020f66b8aa5e048af4acc83332eed61268a4c70238a72893ea92fce4b7b22094fe3f47d2e3813266d,2022-02-06 19:17:00,CLEAR,DARKNESS,DRY,ON SCENE,02/06/2022 08:00:00 PM,41.965971894,-87.759281578,POINT (-87.759281578283 41.965971894072),C,2,2022,19:17:00
22cb3eb08751ae76727dcba55ff29ab2c56d05d9f18ba8793fda544e7a80a6ebbb897da39dcf9ad81c630faa48b546dde015bde3750085b4bdd10af162ff1178,2019-05-30 06:21:00,RAIN,DAYLIGHT,WET,ON SCENE,05/30/2019 06:21:00 AM,41.724395495,-87.590744932,POINT (-87.590744932001 41.724395494699),C,5,2019,06:21:00
2301025a02e36f1905a735067028e48d60026659992bb6561533d077ebf77ec8d1bf02e12d81bd1cb6ad02330ce182a205dbe86463a867a47d1f088e205abdb1,2022-07-14 09:51:00,CLEAR,DAYLIGHT,DRY,ON SCENE,07/14/2022 09:52:00 AM,41.750844358,-87.663305541,POINT (-87.663305540717 41.750844357671),C,7,2022,09:51:00
230a3508d8112a3fe30b8326585d3d7b16b7edf3151e7b0a6a1652c4a8ced748a4a29c989ebd462448dacabb13112c96d312cf610472e832d16651f03762a061,2022-08-15 10:15:00,CLEAR,DAYLIGHT,DRY,ON SCENE,08/15/2022 10:18:00 AM,41.859166929,-87.726332847,POINT (-87.726332847351 41.859166929289),C,8,2022,10:15:00
2328cf74813264ac81101aa8140dc5d98b04e349df614b832e631a0b69dd9e16370eb340ac0acf95b71c9635175c001df5acc63060f4f188708504f536169eb0,2023-10-30 17:42:00,CLEAR,DUSK,DRY,ON SCENE,10/30/2023 05:42:00 PM,41.70698079,-87.559498782,POINT (-87.55949878187 41.706980790246),C,10,2023,17:42:00
233a60f6d1d5252df8e7f3871d65ed157344610ece46717a8ef09066b9728500eee7fc3427d347e0797da803024ad82762c802e73c51ff4623eda554aeee3449,2021-03-29 15:55:00,CLEAR,DAYLIGHT,DRY,ON SCENE,03/29/2021 03:57:00 PM,41.68432945,-87.720223684,POINT (-87.720223683932 41.684329450086),C,3,2021,15:55:00
238e3231ec6147df2cfbf7a7b33994def62c6db7cb77765e352e5e023d9fd8f2dc85a8f0c68829bff96184ecd8f4c19e23820b0952f0b3e964cb8c98c2e02d92,2024-07-09 19:45:00,RAIN,DUSK,WET,ON SCENE,07/09/2024 07:47:00 PM,41.89601896,-87.677178616,POINT (-87.677178615507 41.896018960386),C,7,2024,19:45:00
23c389f9d988c389aa405d61fe223c2082111d120f36ed2e6527daa9a489877323001956325a9006cbc702ad83d7363988d61b0d894346f02d4c0f23288d9be7,2023-05-04 18:08:00,CLEAR,DAYLIGHT,DRY,ON SCENE,05/04/2023 06:10:00 PM,41.856768761,-87.646759794,POINT (-87.646759793871 41.85676876077),C,5,2023,18:08:00
23cef06b07c1f8eaed9b0f5d38fd43b389c840b7d004f28d40846dcbc3e70840e5b44ead7b0baa05922c8fc7da20d4b486acf30b9ca21f5f88f6897c2d6af92e,2023-05-08 13:21:00,CLEAR,DAYLIGHT,DRY,ON SCENE,05/08/2023 01:24:00 PM,41.958709105,-87.708313315,POINT (-87.708313314865 41.958709105331),C,5,2023,13:21:00
23d8583ddddce3c5ef2874948fcae6881ac73558c8cef08b9be762e04ed3cc719ebc429390a0e11816d7e364a5cdb9b51c71a2d690a8aed296dda3429a95d5da,2018-12-09 17:25:00,CLEAR,"DARKNESS, LIGHTED ROAD",DRY,ON SCENE,12/09/2018 05:31:00 PM,41.878052103,-87.64756642,POINT (-87.647566420315 41.87805210288),C,12,2018,17:25:00
23dd4f2b08235ca132816388245f07ba5f1b12e4cb38341181e6a6522db310cbd43fe76eb6090336c778594d11c64a56a203680bc49b4333c976c11efd26d563,2016-08-06 11:16:00,CLEAR,DAYLIGHT,DRY,ON SCENE,08/06/2016 11:22:00 AM,41.765883223,-87.584640253,POINT (-87.58464025324 41.765883222557),C,8,2016,11:16:00
23e8cb5ab5a2dff53b5dbb00611d02df5f3fa7313a3566a47c340eadde10d43ae1fce4956f183908855ca7ff361f7c2df3bf808bfc8c8c783be50ad98ca31952,2022-09-30 13:03:00,CLEAR,DAYLIGHT,DRY,ON SCENE,09/30/2022 01:26:00 PM,41.703149008,-87.55946203,POINT (-87.559462030037 41.70314900828),C,9,2022,13:03:00
23ebf73c370941e9eb91c045ee70ba43c974a86bb35430f142e0e8296f0f72ed2f72d9f0bff229b1ddf32d6972ab779da0f6cdb2c98017352f0385e7653b333a,2023-06-15 16:03:00,CLEAR,DAYLIGHT,DRY,ON SCENE,06/15/2023 04:06:00 PM,41.998849953,-87.763104681,POINT (-87.763104681418 41.998849952587),C,6,2023,16:03:00
23fee2006c35a6eeebcf47566fb1e991053e6de71e0302716d0ee64b0aa9f7d5e07247bbb31227c7f75ca4a9acf399b5a0e83f68f91fddcc10b139f1b677f635,2019-12-13 07:20:00,CLEAR,DAYLIGHT,DRY,ON SCENE,12/13/2019 07:23:00 AM,41.792453607,-87.77191646,POINT (-87.771916459887 41.792453607177),C,12,2019,07:20:00
24359eaa08e22f1e795a946699e1ebaa309826fed4c6bd31e2960bc45edbefc85ca6f65bac6fbb7fe3f77d184f7bf720656c03023bc5beab6324c60c9f0718ee,2021-03-07 10:55:00,CLEAR,DAYLIGHT,DRY,ON SCENE,03/07/2021 11:08:00 AM,41.793581478,-87.723316449,POINT (-87.723316449473 41.793581477747),C,3,2021,10:55:00
243b00a3db3ae6877ff8a851bf1bb72b73f2748ce5aeef969bad459986e7e9165411b3ae02a545be5bb38c9ac9347eb39518ce168a4e432129ca84927f8a9486,2016-02-04 16:30:00,UNKNOWN,UNKNOWN,UNKNOWN,NOT ON SCENE (DESK REPORT),02/04/2016 05:05:00 PM,41.800380834,-87.728330904,POINT (-87.728330903937 41.800380834212),C,2,2016,16:30:00
245a52b7cc0f441bb608bc9275b29698d9e845c05a955519375e454967da30d0beb5fac91ea9272028f69ef4b891fb90009047e45fe250ccbd6049e633858325,2024-06-16 06:30:00,CLEAR,DAYLIGHT,DRY,ON SCENE,06/16/2024 06:30:00 AM,41.766603022,-87.566323723,POINT (-87.566323722736 41.766603022169),C,6,2024,06:30:00
246606e079a1849cc65cb6b7a881a0232d08086151bc01dc996e678aaa739b9a48240237005ce8a991d7a2cd4d2f583648f97ec0e16a7f5a46590d5821df2ff7,2020-02-27 08:47:00,CLEAR,DAYLIGHT,DRY,ON SCENE,02/27/2020 09:00:00 AM,41.957229975,-87.7384167,POINT (-87.738416700413 41.957229975337),C,2,2020,08:47:00
248f8c0d07f37e7f9c9dd5c85c2b8b005c42cb1fc04c9c589ebc7409c557e0d1b93b6e864c9b3b62cc76f5a4b5bad9cdad3c1564f4f62d6064732644d7292b43,2020-10-08 17:55:00,CLEAR,DAWN,DRY,ON SCENE,10/08/2020 06:08:00 PM,41.766407801,-87.683224607,POINT (-87.683224606527 41.766407800865),C,10,2020,17:55:00
24b5e4f26126d8dde2d7860dbaa1c2e25ae031008be374a29800881bcf19df9e3ba0619239f479fe233bccb7b4c8d4c2e5117bdc0c476c59a47fe65a700c4abd,2023-01-26 08:10:00,CLEAR,DAYLIGHT,ICE,ON SCENE,01/26/2023 08:30:00 AM,41.873333542,-87.73045757,POINT (-87.730457569527 41.873333541554),C,1,2023,08:10:00
24d5eafe894322730aeb9342afccfb6a1ea18e7ec6aef32079ec1d65ce522cc8390d68722af2e7a2151a0c105980f9a46f3731a950178c16e03f422addf76273,2020-08-28 07:30:00,CLEAR,DAYLIGHT,DRY,ON SCENE,08/28/2020 07:54:00 AM,41.881487486,-87.769948346,POINT (-87.769948346211 41.881487485709),C,8,2020,07:30:00
24e51330de50e7d55045a43233788506801f4bc08fd8a3e71a0d4e59b654348e79e9d4a17f98886932b39dc8fce8bf4042a269c60e1624a3a31f5defe6e679c3,2021-11-17 09:00:00,CLOUDY/OVERCAST,DUSK,OTHER,ON SCENE,11/17/2021 09:01:00 AM,41.88327916,-87.738162964,POINT (-87.738162964219 41.883279160049),C,11,2021,09:00:00
24f212625ae97c170a8ec6a4cff0e22a0d7ecca22eaa1f1d22d987c480e229d06b76fc2b76ab536b1c2e1f0ea07376e6e0c76ddab8324a0d7b7ba4c0e40ec219,2017-07-15 21:15:00,CLEAR,"DARKNESS, LIGHTED ROAD",DRY,NOT ON SCENE (DESK REPORT),07/15/2017 09:20:00 PM,41.966053417,-87.728114561,POINT (-87.728114561023 41.966053417064),C,7,2017,21:15:00
253494fe13be7648ff2238a430a139eeed6f7c62610ccdf95c5ed965551c2974d651c816bf9badc4b3ed354c233e1a9fd0941e53a9794158decfe9c89a907576,2023-07-11 09:32:00,CLEAR,DAYLIGHT,DRY,ON SCENE,07/11/2023 09:51:00 AM,41.739088147,-87.551608067,POINT (-87.551608066601 41.739088146549),C,7,2023,09:32:00
25355f287f447c4af8760a64b0678c1e40c4cdbbcf331beea056f9769dfa425c0ba4115181cd117154bb5d052065582eba8f12b43d8ab5ccdb525c8637cf73a9,2024-06-06 18:40:00,CLEAR,DAYLIGHT,DRY,ON SCENE,06/06/2024 06:55:00 PM,41.762620763,-87.705946214,POINT (-87.705946213684 41.76262076284),C,6,2024,18:40:00
254e0068f81a8241a97f6b633d5952feb24c1c7aac439bff954ae792f2d3d5d5e412ee002db17cd0df91963f1f842a991025765ebaf7a547d84fc0fcbb46583b,2024-02-27 12:15:00,CLEAR,DAYLIGHT,DRY,ON SCENE,02/27/2024 12:35:00 PM,41.77855965,-87.721873461,POINT (-87.721873461333 41.778559650433),C,2,2024,12:15:00
25822938ac73a44dc4cf32c0b26c46168e1cd901ff014c30807b7c919f48546974f7b2616f5e549ba0a9dcaa3e7186ea3d494c69d2de31ceb9c559d57445de5e,2018-11-03 13:50:00,CLEAR,DAYLIGHT,DRY,ON SCENE,11/03/2018 02:00:00 PM,41.877720207,-87.654690001,POINT (-87.654690001107 41.877720207181),C,11,2018,13:50:00
2596cf4f8dfa7455388155b58dde3caf8f6fb05c064a5dcb91bc5514824519aff6ae342e758db7f41a38bb0ae902c0703caf202d262c16da68d317ba4efb9d5c,2021-11-12 17:00:00,SNOW,DUSK,WET,ON SCENE,11/12/2021 05:04:00 PM,41.863261797,-87.73502544,POINT (-87.735025439698 41.863261796864),C,11,2021,17:00:00
25debf9a535c285e959794a88cbfef7d4f513d47707129fa8071a3d3641a43365a3c7d5218694d176ce3852ad49c85a772f48270ec6b308205b23b8cbc0f35a5,2024-01-02 05:55:00,UNKNOWN,DAWN,UNKNOWN,ON SCENE,01/03/2024 10:11:00 AM,41.869174724,-87.625237316,POINT (-87.62523731593 41.869174723573),C,1,2024,05:55:00
25e118ab148b7cca5f8b1b72db535ba5ce5ef15b57858bd2f5e48cb2b6168ded526f894b46e4138283ec68b25961603e5158416bac170f045d3015d99645e322,2023-02-25 17:50:00,CLEAR,DUSK,DRY,ON SCENE,02/25/2023 05:52:00 PM,41.713667681,-87.653625279,POINT (-87.653625278964 41.713667681349),C,2,2023,17:50:00
2606578bb78106c4a373fc12cf20b8548296443440482c14ff6a1f0d418fc712d6d2f09c6cd854334a680551926781de7783fdfd9e0e63b6233a2cd1fdad89a2,2018-08-22 07:00:00,CLEAR,DAYLIGHT,DRY,ON SCENE,08/22/2018 07:05:00 AM,41.735874943,-87.635351422,POINT (-87.635351421944 41.735874943053),C,8,2018,07:00:00
260f443daad782b36cb1cae366383b39e154b3417a60fe2e5ab33cbf824b02b27bc6150d48464fe3d3f8ccb33be80cb69544ff15e21291e55eb930037fbcadad,2018-02-06 16:15:00,CLEAR,DAYLIGHT,DRY,NOT ON SCENE (DESK REPORT),02/06/2018 06:11:00 PM,41.774861477,-87.62856721,POINT (-87.628567209896 41.774861476548),C,2,2018,16:15:00
261f761eaeeab2211baa691c29f9278a4b5c066d2c9fa2bf8ee2b09d39f90575dfe5ecae65e50caa00e1db7869f09baade426207f3c3862c87c72480a4bbf897,2022-12-18 14:54:00,CLEAR,DAYLIGHT,DRY,ON SCENE,12/18/2022 02:54:00 PM,41.864852286,-87.619325168,POINT (-87.619325167671 41.864852285542),C,12,2022,14:54:00
26309026aca87e0dfcc85dcef0b237a960fe95dafe994e483c67fb8a890c7b895de0084789969240a835ebba2eb23d558df567e583d54255f9b7222148ad4384,2020-12-17 07:45:00,CLOUDY/OVERCAST,DAYLIGHT,DRY,ON SCENE,12/17/2020 07:50:00 AM,41.830951882,-87.621532816,POINT (-87.621532816141 41.830951881672),C,12,2020,07:45:00