CRASH_RECORD_ID,CRASH_DATE,WEATHER_CONDITION,LIGHTING_CONDITION,ROADWAY_SURFACE_COND,REPORT_TYPE,DATE_POLICE_NOTIFIED,LATITUDE,LONGITUDE,LOCATION,CRASH_TYPE,CRASH_MONTH,CRASH_YEAR,CRASH_TIME
26317cd8131774b65d15aaccf23eeb4cd3c65babf599cda215565b3a58f55019c8c95e77c1d5adf0e53a2ffc253929a8d4c6cb28a37d3aeba86f093a19d445ce,2022-05-16 15:00:00,CLEAR,DAYLIGHT,DRY,ON SCENE,05/16/2022 03:32:00 PM,41.955623216,-87.68866131,POINT (-87.688661310385 41.955623215977),C,5,2022,15:00:00
26686bf3a229a84c707a6f6fc7e1f3b32a2fa21f2686456b5588759c37966dbfd0d75a5c5a55823f17b97615b630be51d2600fb5943a50f8d7e3e8fbff5ef6ea,2021-12-06 18:00:00,CLEAR,DUSK,DRY,ON SCENE,12/06/2021 06:15:00 PM,41.896879832,-87.680639876,POINT (-87.680639875875 41.896879832267),C,12,2021,18:00:00
269d3631e604c7f99ea169290036df9a450540b1dadb8130c412a3cf70b23780b3e0f62dea8494897a5d85bdb51a54641a24b9a1b8ea7ecd10817a3a31d1a2ea,2018-05-09 18:09:00,RAIN,DAYLIGHT,WET,ON SCENE,05/09/2018 06:13:00 PM,41.924044715,-87.802739692,POINT (-87.802739691977 41.924044715456),C,5,2018,18:09:00
2738f5d3fbc922c231c4667585b077db1243ad9ff6d5608c1e2459718d7eccc0098f8313f745546fd0bf3be75f8a94d9d33919082b79177a3cf70d8cf86b7054,2020-02-08 13:00:00,CLEAR,DAYLIGHT,DRY,NOT ON SCENE (DESK REPORT),02/08/2020 01:42:00 PM,41.948633207,-87.747304801,POINT (-87.747304801458 41.948633207496),C,2,2020,13:00:00
2769b0d9f6670a03e8168dcefb5f3eb1e3a4865e2c454edc7ceb607393a6e4249a66861008b6700286c9685fbfdf6fd76d7e50c807b7639e32b5b23789402b5d,2022-07-23 08:20:00,RAIN,DAWN,WET,ON SCENE,07/23/2022 08:20:00 AM,41.745938012,-87.618159866,POINT (-87.61815986643 41.745938011939),C,7,2022,08:20:00
279b74e331fdb2018da33bc615b2165fa3449e8947978d7b77b92d225749a2391439c0015693bda7b620bbaa577715a8f9438453f89182da5b07a49d600ad65e,2024-05-14 17:20:00,CLEAR,DAYLIGHT,DRY,NOT ON SCENE (DESK REPORT),05/14/2024 05:55:00 PM,41.896609389,-87.760190983,POINT (-87.760190982806 41.896609388751),C,5,2024,17:20:00
27adeedc1e9821971d9e765d22dc9e2cc546da1e14848a446b65bd1baa898080d31b0eb41a569831cd2f5477de405c5f84ab7692f9e69012d2fe09e8d948f3a3,2022-11-19 15:00:00,CLEAR,DAYLIGHT,DRY,ON SCENE,11/19/2022 03:13:00 PM,41.872454008,-87.677442178,POINT (-87.677442178262 41.87245400823),C,11,2022,15:00:00
27b83b5b1c32ba6b33e7207f564b9d94e70f380ef7729ad1ebf7a76c8c7f45ed8012f1b06ccb38f214f2af648a7f34ab1e461c3dafeec5b0003f17a921be51df,2019-02-28 16:46:00,CLEAR,DAYLIGHT,DRY,ON SCENE,02/28/2019 04:57:00 PM,41.910588952,-87.662841089,POINT (-87.662841089433 41.910588952288),C,2,2019,16:46:00
27c4a979d6b453b99838bc6680e88ef8c018c2142f0438dcd5d1f88f5f717f3eb13487b23a7ad1d6a0e8fee20cb9c147e0034d37edc0dbb56391c58636c96a62,2023-05-13 11:20:00,CLEAR,DAYLIGHT,DRY,ON SCENE,05/13/2023 11:32:00 AM,41.817299688,-87.686095469,POINT (-87.686095468994 41.817299687804),C,5,2023,11:20:00
27ced9171b77fa33e69a4a15b3be6009b1ee83de652d0b9d15117ff9f8c9f7565e7b71e077daa7bab595290472f326b8ccd66a57d75e41371fefbbc6a6842ec5,2020-06-29 17:30:00,RAIN,DUSK,WET,ON SCENE,06/29/2020 11:36:00 PM,41.753044193,-87.602944332,POINT (-87.602944332486 41.753044193113),C,6,2020,17:30:00
27f5cea2ba528ced0abc46405da7ae4bb6d6905bdf10219822dc43d11af6b7b730775796ea944a4ca8f1424bb0874835ecee9c54b455e83a185d9eef8d521245,2022-04-01 14:00:00,CLEAR,DAYLIGHT,DRY,ON SCENE,04/01/2022 02:05:00 PM,41.909026147,-87.803102137,POINT (-87.803102136727 41.909026146509),C,4,2022,14:00:00
2811c5edc023f5c92b4952c70380cb6d0e86e426bd6f22844f661b88ee0d7b86bfc2217fc7655a85ffbf09ab793845863a2a91f8b43cd981804f2890204fc9fd,2024-05-09 12:30:00,OTHER,DAYLIGHT,DRY,ON SCENE,05/09/2024 12:30:00 PM,41.721489245,-87.649696606,POINT (-87.649696606023 41.72148924475),C,5,2024,12:30:00
28164eb3723b1685f08f80bde840e6f4bedc7ea8e7d5410fe10da6415a793bb3b216ef7159539b5a0b480998ebac27cf853cf4d3dbf193f11501582def57c552,2020-01-03 16:00:00,CLEAR,DAYLIGHT,DRY,NOT ON SCENE (DESK REPORT),01/03/2020 04:30:00 PM,41.748629737,-87.664378222,POINT (-87.6643782222 41.748629736815),C,1,2020,16:00:00
282386098b7f7d8c911694634888152c4e456f9db754a508d6722a6061f914be1de15af89b0bc4ae5e3d24e1d24003a8c3542a79d970762be6b551ac8b325dc7,2022-07-22 16:30:00,CLEAR,DAYLIGHT,DRY,NOT ON SCENE (DESK REPORT),07/22/2022 06:15:00 PM,41.73504969,-87.71669832,POINT (-87.716698319605 41.735049690431),C,7,2022,16:30:00
283ecdce709ddf0451c8b14b44b934efde2b3ed98ede6a6308d001afbef862a62c6e8e32204131e979efbe33dabb7fd6fef1033ab93904d6210a1cde4a9c1d93,2020-10-01 16:07:00,CLEAR,DAYLIGHT,WET,ON SCENE,10/01/2020 04:08:00 PM,41.920185111,-87.785189157,POINT (-87.785189157449 41.92018511061),C,10,2020,16:07:00
2840a06080b32cd27aeea7c328b0de2203c6a72f063825add1ca3a324a028776836a728c82742d154dd7f7874cfc3535e1026e43c0e1ec8bbd3f158513fa6ab3,2020-03-15 09:00:00,CLEAR,DAYLIGHT,DRY,ON SCENE,03/15/2020 09:05:00 AM,41.691928977,-87.528320756,POINT (-87.528320756172 41.691928977306),C,3,2020,09:00:00
2863c3ddaa4d51cae8de0a75d1b82e9e3f3dadefdb4d44915d02b009fb88f08091d62c8def668543661f115bf12b65cb880cc42ec0f6b91eee21eb55d19407a4,2021-03-21 14:56:00,CLEAR,DAYLIGHT,DRY,ON SCENE,03/21/2021 02:58:00 PM,41.808378408,-87.684570717,POINT (-87.684570716896 41.808378407947),C,3,2021,14:56:00
286a0c285d4d6627cfd265d8d235a4065bffd68908fef52eb3019fa1a12736d83b67a1119eeb1a947f915c1f2dc1bffa57d4f989aa3627e68fb7fd3987af9cd6,2021-05-28 15:00:00,CLEAR,DAYLIGHT,WET,NOT ON SCENE (DESK REPORT),05/28/2021 03:20:00 PM,41.851654369,-87.724882975,POINT (-87.724882975308 41.851654368676),C,5,2021,15:00:00
288e9688448f2f0d91f48bd58c2785d96c57ae5718488dbe0350e4eb21cf5888ac0d58f898577b059942f1fc5a3a25b13147502a2d7e708b9b0281e06067c3e3,2019-11-26 21:20:00,RAIN,DARKNESS,WET,ON SCENE,11/26/2019 09:30:00 PM,41.952745178,-87.78640479,POINT (-87.786404789751 41.952745178383),C,11,2019,21:20:00
28cbc256d5676a231eda81fcd1b94bbdbbecd4ad89883ca1eda86d8c08a9d8e75366d5fb5c4ca8e1d1c17b2e293eebf9cbded9b8f7b78ab1e05adeab060ae776,2020-08-16 00:56:00,CLEAR,DARKNESS,DRY,NOT ON SCENE (DESK REPORT),08/16/2020 01:25:00 AM,41.765281804,-87.646364441,POINT (-87.646364441207 41.765281803929),C,8,2020,00:56:00
28ecdf07460b2fc71627a5e8003c8cf89fde8abff108f5463422967785ac47feb3a6b0c873e64f356eccdfd5ac9b6fc50c39f57f5b130228bee3e420e47200d4,2020-08-08 19:40:00,CLEAR,DAYLIGHT,DRY,ON SCENE,08/08/2020 07:48:00 PM,41.880859714,-87.723859378,POINT (-87.723859378134 41.880859713945),C,8,2020,19:40:00
290bcd39a11d26a15d21c87bbab8f4de5ed2cb124ca1c382bedc437ba45048c650818ca07020fb7ddd887d2cff9a5a9920810ff795053b566e0817b3b331221c,2020-06-06 17:56:00,CLEAR,DAYLIGHT,DRY,ON SCENE,06/06/2020 05:56:00 PM,41.762048011,-87.621535262,POINT (-87.621535262243 41.762048010722),C,6,2020,17:56:00
2916efd0aaf4411c8695e26b6543a199f8885c325dd32d8a45ff92c76e96376761b0b05a5bbb9cefc41f47d1331b7f520313fd262229ad247cd4e2228da1b5ba,2020-03-13 13:15:00,CLEAR,DAYLIGHT,DRY,ON SCENE,03/13/2020 01:18:00 PM,41.890569536,-87.630951616,POINT (-87.630951616403 41.890569536476),C,3,2020,13:15:00
292070097104a8c2087e936077432bb5b7edf12d69373725d41957e2c9c891ba545e83f9d022d3989630fb9ecd1a5c714d1ded5197da23879d9161048a0d5575,2022-06-23 13:10:00,CLEAR,DAYLIGHT,DRY,ON SCENE,06/23/2022 01:10:00 PM,41.774603177,-87.660583719,POINT (-87.660583718722 41.774603177481),C,6,2022,13:10:00
294405e50b3bb75aeb070e5daa5d23af05a5777c35bfc7de4939d988a2c65df9c03f6817e2b6618f7a96171aee40201376cc5a10344ca91ab349bbe6298f120d,2022-01-25 15:28:00,CLEAR,DAYLIGHT,SNOW OR SLUSH,ON SCENE,01/25/2022 03:31:00 PM,41.910505084,-87.668769777,POINT (-87.668769777113 41.910505083985),C,1,2022,15:28:00
2952a536568043f73fe202715fcc262be96d84b28a8179bcb3683a24a94660defcd38d1394898f9bae0994882e9cacb131202c201656700e261d1d4d75da1aca,2017-11-04 19:18:00,RAIN,UNKNOWN,WET,ON SCENE,11/04/2017 07:47:00 PM,41.923730831,-87.751071213,POINT (-87.751071213323 41.923730831043),C,11,2017,19:18:00
296d5f58a78b3ae5ce52f6317f56ae83eb464df402d73b5d5c152a87983a3991f7db1bf3e8482c5842617d72bebc00c6af710358adf11d2efef5cacab1c6eaf8,2019-06-01 14:40:00,CLEAR,DAYLIGHT,DRY,ON SCENE,06/01/2019 02:45:00 PM,42.012070421,-87.694805923,POINT (-87.694805923462 42.01207042083),C,6,2019,14:40:00
296d630d23da5af0a4652f3503cfcf13dacfec61e5f270e35b81ae7aa599fcc3558f0bbdada2d6d0d7305577134d6badcf01425e8cdc8f8f6c1a8e09bea7ffc4,2019-03-06 15:00:00,CLEAR,DAYLIGHT,DRY,ON SCENE,03/07/2019 01:00:00 PM,41.755248846,-87.605455,POINT (-87.605454999814 41.755248845526),C,3,2019,15:00:00
2988234cf6b56ef983598d9f088eb085edb383e6420d61d872e08bfa4343634c930ca8be1b100aee4d2d728e20c90ff6f87f1219761d3b01e2e87282ca86db0e,2022-05-13 23:15:00,CLEAR,UNKNOWN,UNKNOWN,NOT ON SCENE (DESK REPORT),05/14/2022 01:00:00 AM,41.892748209,-87.614686796,POINT (-87.614686796014 41.892748209238),C,5,2022,23:15:00
299c430c02285498661c3e46bc522bb8344077d65a7d87e513239514b708a9ff758d4b07c2bdb8347a52c1ee062b74ffc0309620592d5535bbb75b8d8c214673,2023-09-08 15:55:00,CLOUDY/OVERCAST,DAYLIGHT,DRY,ON SCENE,09/08/2023 03:59:00 PM,41.839185224,-87.70335127,POINT (-87.703351270155 41.839185223631),C,9,2023,15:55:00
29b09eaee39ef7d86ff564a42d018cbcd860727059997db23627839a14a6e8e9c1b55b6e68e14459110cac6e91876ac9256a197954638dee8a91c653dd36fda4,2022-05-16 00:53:00,CLEAR,DARKNESS,DRY,ON SCENE,05/16/2022 12:54:00 AM,41.665126191,-87.630790576,POINT (-87.63079057621 41.665126190981),C,5,2022,00:53:00
29b788a33463403f4ec6489017e01d1e7105130d4d69acb065c7e8df24db53c4c48d06a6436e1a816aa1378a7553e59eca6e3fc6c4407430958a65b53ce262e7,2019-08-06 07:32:00,CLEAR,DAYLIGHT,DRY,ON SCENE,08/06/2019 07:51:00 AM,41.843535213,-87.685244643,POINT (-87.685244643371 41.843535212827),C,8,2019,07:32:00
29bec176a9d1f458990ec992c7647ffb84f49c19d5ff418539b488a71bd940248e43c451ca135e30fa0ac7ea94674a645dd7911231bb16f98c180d2d6fb90d05,2019-06-11 09:30:00,CLEAR,UNKNOWN,DRY,ON SCENE,06/11/2019 09:58:00 AM,41.65572134,-87.613335387,POINT (-87.613335386693 41.655721339963),C,6,2019,09:30:00
29ed199e71441f6092ca2bd641fd0422a3698dc6c9e7032d194ecb61c3f085492bcdaa279000aeb29db176a08b4b557036f0bbac7630bb6e07591165085a0168,2021-01-25 01:32:00,UNKNOWN,UNKNOWN,UNKNOWN,NOT ON SCENE (DESK REPORT),01/25/2021 09:22:00 AM,41.687633235,-87.65747813,POINT (-87.657478130053 41.68763323509),C,1,2021,01:32:00
29fe0257ce37c5041b0a24648402831f3330cd1dc5d010a33d598807b687a449af936d129c139f08c0bcd9c18e87a9a2c2208d077950c95e208265880a555347,2021-05-17 07:45:00,CLEAR,DAYLIGHT,DRY,ON SCENE,05/17/2021 07:50:00 AM,41.944316616,-87.810467707,POINT (-87.810467706965 41.944316615755),C,5,2021,07:45:00
29fee55b53c1fa226758d7ada7dae9e00cb918154d9f97b5903032f85a5131940540188da4fd2407e2f604bb10435ebec5d53191eb0a46c5634dc954b10d1161,2023-09-06 11:00:00,CLEAR,DAYLIGHT,DRY,ON SCENE,09/06/2023 11:00:00 AM,41.835553784,-87.646070715,POINT (-87.646070715012 41.835553784375),C,9,2023,11:00:00
2a18a4f447186832f0691826fca24178ac721cee36317ed433edc31c2f7b17c535b6585f7a0204f64bf9082e8392947e7494582aec3c670d6e66381b002e91d0,2019-12-17 13:46:00,CLEAR,DAYLIGHT,DRY,ON SCENE,12/17/2019 01:47:00 PM,41.924474403,-87.7366331,POINT (-87.736633099743 41.924474403387),C,12,2019,13:46:00
2a1c18642fc4448b63a3d8ca88161cc233b3b03c99ef77bac36cb235b9fb7cd45987a923e95173a29a46938a394975b56ae3f1177427c0753f2eafef26e70740,2024-07-03 01:38:00,CLEAR,"DARKNESS, LIGHTED ROAD",DRY,ON SCENE,07/03/2024 01:52:00 AM,41.78507649,-87.722790649,POINT (-87.722790648656 41.78507649032),C,7,2024,01:38:00
2a2303675af6a32129656371a79ad7023599c92a46f898f677d50418626c9d8beec51aaa41012b84c2a694eb341e154ac572a32ba6790fea39b39eea5895dfcf,2021-07-15 19:31:00,CLEAR,DAYLIGHT,DRY,ON SCENE,07/15/2021 07:35:00 PM,41.977215195,-87.806862112,POINT (-87.806862112306 41.977215194639),C,7,2021,19:31:00
2a3fbfc3a47920c17db830a6d2845e62b4723482847831c418c3d4ac340778c5c2437a0aac949b2384e2e92debeaec9f9f19d01829d26ea2d89aec4e9e4af881,2024-07-23 12:00:00,CLEAR,DAYLIGHT,DRY,ON SCENE,07/23/2024 12:00:00 PM,41.815921877,-87.653233369,POINT (-87.653233368586 41.815921877044),C,7,2024,12:00:00
2a47568e99bb0ff355e9ebc7967ac856311a55fb3944674c51dd592c532696c59c9dc869b855bde94852da5c184ab9814981d0ec725bae83414815fad63d8881,2018-04-13 06:45:00,CLEAR,DAYLIGHT,DRY,ON SCENE,04/13/2018 06:50:00 AM,41.852970829,-87.692066683,POINT (-87.692066682545 41.852970828677),C,4,2018,06:45:00
2a4d221043aa697b0ddd0dcf732098073f019a2003a310d6a3df116395cabc59e50ae759dcab5a0bf7e969a9667854d32020607d841c3abcb72bf7dc4f20bb72,2024-08-11 00:49:00,UNKNOWN,UNKNOWN,UNKNOWN,NOT ON SCENE (DESK REPORT),08/11/2024 01:38:00 AM,41.70265705,-87.546492265,POINT (-87.546492264669 41.702657050439),C,8,2024,00:49:00
2a504bece2b198289a3f7cbec4c0419c783e82a0c2327c851d9204fce65ac1ad72f58ad2ca6ae375d73293e3e3f5ec48717f4e09318f8bf0dfbfaa8248950e5c,2018-04-29 18:55:00,CLEAR,DAYLIGHT,DRY,ON SCENE,04/29/2018 07:01:00 PM,41.902645603,-87.716461738,POINT (-87.716461737735 41.902645603082),C,4,2018,18:55:00
2a930081323e4cc107d871e8fe09bd5641478da3b95b7eb353b74dbfd09263376bf9b85732b47dfe6e320c8e44726b1a2c47b3afb83347c984dd7cabe3e448b1,2018-08-30 17:30:00,CLEAR,DAYLIGHT,DRY,ON SCENE,08/30/2018 05:45:00 PM,41.981867448,-87.806793832,POINT (-87.806793831788 41.981867447605),C,8,2018,17:30:00
2aa19538507c88b38c67c35df998fed110e8d867ebec3426547001f94f3fe456c29fa926d233bf6e97f3330229c4450fff5314cf36a7618b73461838494c615f,2023-06-17 10:00:00,CLEAR,DAYLIGHT,DRY,ON SCENE,06/26/2023 02:15:00 PM,41.830701687,-87.623395346,POINT (-87.623395345899 41.830701687298),C,6,2023,10:00:00
2ab6bf7f98aa88ec2ad376b5f9eb7d51d9814c2fb8958f2eea88f3733054b2dffde161322f11c7965e89c06a5a9b4564568ac2eabb6da1b99b4353079c16b813,2017-05-03 08:45:00,CLEAR,DAYLIGHT,DRY,ON SCENE,05/03/2017 08:45:00 AM,41.765771977,-87.660346288,POINT (-87.660346287997 41.765771977066),C,5,2017,08:45:00
2ad0e509a6d4f8aade3fd4d54835c86b10a53da18a3fca8c9906f4aa2ac075229aad4451837642367673094134fd5ff2151c4ec6718482a45daccbc33d0cbf1f,2018-12-21 15:33:00,CLEAR,DAYLIGHT,DRY,ON SCENE,12/21/2018 03:45:00 PM,41.765270399,-87.645781731,POINT (-87.64578173059 41.765270399177),C,12,2018,15:33:00
2ad8d450dbf8fe0b595e2b0be388ae2ca8fd37bd4e3d1f20addbcce1163e92e2ef3ba8defbd555d525aba5a89117d19d4b034e2c52d1570ea677f9138e7c9f3f,2020-01-25 11:08:00,SNOW,DAYLIGHT,WET,ON SCENE,01/25/2020 11:10:00 AM,41.819441426,-87.665375545,POINT (-87.665375544909 41.819441426296),C,1,2020,11:08:00
2ae01280603ae874d04595e53d834d2c7ac18467cc7c74797b1060c98ebaa6612d88f9710cdcf96b7725a419a84b4c871afd5e4e9117f8aca51a905f429555a6,2022-10-01 09:23:00,CLEAR,DAYLIGHT,DRY,ON SCENE,10/01/2022 09:23:00 AM,41.886759323,-87.725988169,POINT (-87.725988168821 41.886759323426),C,10,2022,09:23:00
2aefefa43239696225eeaa0098f9dd872119ee43255b9c423348ea791dc50a6309d969e2d0d962c46fe2cc51d64ef6bc838477d5a732ab67b49253e4d06f3b4c,2018-02-23 19:50:00,CLEAR,UNKNOWN,UNKNOWN,ON SCENE,02/23/2018 07:52:00 PM,41.787297196,-87.62404376,POINT (-87.624043759619 41.787297196035),C,2,2018,19:50:00
2b09bf99d0f2b6f049f0fb5d748e772be41f54ec8b07123f493401228f9aea0809c13ba708485fb82cb217a6e13441f858af340eaaef53a6d54bda89d0fb6b42,2024-03-24 04:00:00,CLEAR,DAWN,DRY,ON SCENE,03/24/2024 11:24:00 AM,41.896749062,-87.715282656,POINT (-87.715282655772 41.896749061549),C,3,2024,04:00:00
2b161d15f0f65ba076e136b58b37a9fb171b27f136df3138cd75372e922b5fbed912d8a973b7a55aa7df958765802753775c3865e5b89fb9e0c93f05af2298f2,2018-10-07 10:00:00,RAIN,DAYLIGHT,WET,ON SCENE,10/07/2018 10:00:00 AM,41.796549812,-87.704720674,POINT (-87.704720673865 41.796549812042),C,10,2018,10:00:00
2b4a03f89f5cafa3e050a9bd39a59438dd6511a962ad9452671e281775c53fcd85ed3bc55ed6c2076a80cd907ad20c6747e5dbabb74f709ec874611a688a7813,2022-05-29 17:00:00,CLEAR,DAYLIGHT,DRY,NOT ON SCENE (DESK REPORT),06/01/2022 07:25:00 PM,41.879387334,-87.627063652,POINT (-87.627063652354 41.87938733398),C,5,2022,17:00:00
2b55a52627b11a40cac20b82ba5a30f01636bef16b8018a67966b199edd3b88b15723f93c8570a1a708d7e9daa10e07080bcfa1caef0b2992127a21c163b4dd6,2018-02-25 14:00:00,CLEAR,DAYLIGHT,DRY,NOT ON SCENE (DESK REPORT),02/28/2018 12:07:00 PM,41.931021006,-87.676864018,POINT (-87.676864018134 41.931021005798),C,2,2018,14:00:00
2b65499366346d99ada907eaf257cbad236b90b28c260414cbdc1748e62e5ed09cea1f429872e855a4da7808befa0afacb81c3270981bd1359b3198d9c8b32c1,2022-12-23 10:30:00,SNOW,DAYLIGHT,SNOW OR SLUSH,ON SCENE,12/23/2022 10:38:00 AM,41.862169312,-87.712712588,POINT (-87.71271258801 41.862169312343),C,12,2022,10:30:00
2b89e764fbf3afc3981c92089d0e131f0b00bf17d489a338eb72d8c4d3cc5993f71fb88de801b50c792c2ad72e30ef47129371e6bddeb1fa8c38a50b9d316aa5,2018-06-18 15:28:00,CLEAR,DAYLIGHT,DRY,ON SCENE,06/18/2018 03:31:00 PM,41.997388721,-87.763921519,POINT (-87.76392151928 41.997388720503),C,6,2018,15:28:00
2b9741ad0fc2a09304bb5e6dda0e652f6b930fd3062852e9945b80ebdc7135888f24e12c9bdb4827e3e6d29f1a20847d5b625115e84966e1b91b6185841cfd6e,2018-10-22 01:00:00,CLEAR,DAYLIGHT,DRY,ON SCENE,10/22/2018 07:30:00 AM,41.803971979,-87.751554473,POINT (-87.751554472646 41.803971978792),C,10,2018,01:00:00
2ba24927a36d9d61afe7b9fb23e253a881df6e488822483737844a747c1dbc447ecbd2ded5fa092416887aaaddc213c56c0086340774bb92d5ba9ca42acfd91c,2023-02-22 15:15:00,RAIN,DAWN,WET,ON SCENE,02/22/2023 03:36:00 PM,41.802358501,-87.606487279,POINT (-87.606487279438 41.802358501195),C,2,2023,15:15:00
2bb4fdc81d45c28aaa2bb69fac12da47a12cacda3028718dc410b1c4724455e9bbf96e68b64b8ee5359b8bb2fa8305881fff1283caf67ed4a1ad105207d4ecb2,2022-04-22 07:50:00,RAIN,DAYLIGHT,WET,ON SCENE,04/22/2022 07:55:00 AM,41.978230081,-87.71010447,POINT (-87.710104469508 41.978230080943),C,4,2022,07:50:00
2bbe0d7514a64b270a5702a7474b59e95136f5bec1b81a798a02d01f1a6c172d013e3505a60e4a888df7d3d6326fbf93ab7af160233d398b4680311e3016d456,2021-10-06 13:09:00,CLEAR,DAYLIGHT,DRY,ON SCENE,10/06/2021 01:09:00 PM,41.910513798,-87.668141799,POINT (-87.668141798856 41.910513797558),C,10,2021,13:09:00
2bd7f22ce55916e09f8a1c70bc2c55ac02514199f1ea39c0486bf45df4bd083590f4124dbe720207e7842bc21d0e28824cf69bca57e469795fa77a6d09cb88ff,2019-07-10 14:35:00,CLEAR,DAYLIGHT,DRY,ON SCENE,07/10/2019 02:37:00 PM,41.889394475,-87.765333987,POINT (-87.765333986717 41.889394475053),C,7,2019,14:35:00
2bf143e3e2ce35ba88a2fb6b13abceb1d6e7af0d0c09bc445e80eb91f79438b86bfbb60363834910ec343e960a26ff29bbc2b1954cd65ad22a9483a492a1e603,2023-09-30 15:12:00,CLEAR,DAYLIGHT,DRY,ON SCENE,09/30/2023 03:15:00 PM,41.893378495,-87.624067721,POINT (-87.62406772102 41.893378494908),C,9,2023,15:12:00
2c0036ada03cbe40244af1faf4462b4c2910865116a1671f7297d9ffd8298700e0eb9d67586e278ac9a229a91d7c72579cb8c3d6e8b4aa005ffa843c1b9e6789,2022-11-22 13:00:00,CLEAR,DAYLIGHT,DRY,ON SCENE,11/22/2022 01:02:00 PM,41.7996599,-87.588342062,POINT (-87.588342062314 41.799659899583),C,11,2022,13:00:00
2c03e9b5433238190ebca84eb5636142dc62b3e15af61b28dcbf32710cf67fbd3a2770eca86549c53c38e9d649fb0395f1742ae5a3369199678f5c7bab42ed6a,2020-09-16 07:55:00,CLEAR,DAYLIGHT,DRY,ON SCENE,09/16/2020 08:00:00 AM,41.91656843,-87.735228206,POINT (-87.73522820563 41.916568430196),C,9,2020,07:55:00
2c31c82a9d18e2b7947fa0b6ed18b0fdbd730a7d51e05b0599094a3aa546df7dc6f855852bd45f2bb929a2bd90405f143c877ede7c8cd7400582f6ddd4dc8034,2019-12-22 14:03:00,CLEAR,DAYLIGHT,DRY,ON SCENE,12/22/2019 02:03:00 PM,41.838204055,-87.689402876,POINT (-87.689402875518 41.838204054664),C,12,2019,14:03:00
2c8385890bdbc171bee17965326e6baf3254f03382bff7b812d16cbebe74752d4a0c9a1f8e20080d1e976805db91b597d03cb4e17e7e03198f2b31449ba58d77,2020-04-27 11:20:00,CLEAR,DAYLIGHT,DRY,ON SCENE,04/27/2020 11:30:00 AM,41.657000765,-87.597513935,POINT (-87.597513934798 41.657000764734),C,4,2020,11:20:00
2c843eeb275927986861ffae58e32ee5797be57da5470e119773b1d5dd3d77c280501db8dfd99045021faea2d3f8d288b7d2cae7c94e3b04a7e82bc475f66df6,2022-11-10 10:15:00,CLEAR,DAYLIGHT,DRY,ON SCENE,11/10/2022 10:23:00 AM,41.813694951,-87.704658015,POINT (-87.704658015436 41.813694950921),C,11,2022,10:15:00
2c8d3b25603c6c7bfd35fd7fae4692706f11dab5878ea645b1e9b55936645c1d23f01d4e2700c77ce0771afef181601e67078575341dc3b73122470d639503b9,2021-04-13 15:20:00,CLEAR,DAYLIGHT,DRY,ON SCENE,04/13/2021 03:30:00 PM,41.76571748,-87.620349644,POINT (-87.620349643544 41.765717479994),C,4,2021,15:20:00
2c9cad43681c0c28f4dd8518dd485c398867757504a9a0080a8b79ff8c2e3c38319c66b7404dcec921a958d26a4721d0ece1bdf8bbc8df7dbb5666153dd37b55,2019-12-16 07:10:00,CLEAR,DAWN,WET,ON SCENE,12/16/2019 07:16:00 AM,41.778349892,-87.752069714,POINT (-87.752069714228 41.778349891866),C,12,2019,07:10:00
2ca22f90ca3bc675a78289a1fcaffe0fdfaa42fd521c791ff8b334b296d7704a9353b12ab6abea7eefeaf667427a24106db41420fd187fcca3ebfd19c313db34,2024-08-08 21:07:00,CLEAR,DARKNESS,DRY,ON SCENE,08/08/2024 09:07:00 PM,41.967802489,-87.718384486,POINT (-87.718384486301 41.967802488517),C,8,2024,21:07:00
2cb2966cb66d05c16a3d459bfdc5829ed902e5d2a508fac4a038bc70054210594bf18baea191cc473a38ff572593b64a9785e65fd7bd84e6b3be5c0a7d103a15,2024-04-28 17:00:00,CLOUDY/OVERCAST,DAYLIGHT,DRY,ON SCENE,04/28/2024 05:18:00 PM,41.677968543,-87.683320266,POINT (-87.683320265784 41.677968542655),C,4,2024,17:00:00
2ce217887b74a9928a884898b328727faf11f1a592c8b6f11f56999d95f0a8ccb35dcbf3dd88b54f8e2700d01aa436c243e5afb81bcfa65038a6e5eab3fe91d8,2019-03-11 14:56:00,CLEAR,DAYLIGHT,DRY,ON SCENE,03/11/2019 03:22:00 PM,41.810224709,-87.675074419,POINT (-87.675074419207 41.810224708684),C,3,2019,14:56:00
2ce3b9a830b09bf2cfee3c8d73faf3d90aa7c3cf083588648786326be9146a79f71accea4124d5a90fe340cad6998f33e64dfa470e6bc3c9b29e8c5a43163acc,2022-05-12 15:40:00,CLEAR,DAYLIGHT,DRY,NOT ON SCENE (DESK REPORT),05/12/2022 05:50:00 PM,41.757979865,-87.741506543,POINT (-87.741506543174 41.757979864663),C,5,2022,15:40:00
2ce7bebc0d04c275075d2dfc9102e189db01033258415a07745c9bcb5720dbfdba6ccda0a2ceb6dcde631f46687644a60367e73cd251c3d4be8b48f67765386c,2022-03-31 15:45:00,CLEAR,DAYLIGHT,DRY,ON SCENE,03/31/2022 04:00:00 PM,41.908002955,-87.648050617,POINT (-87.648050617433 41.908002954608),C,3,2022,15:45:00