CRASH_RECORD_ID,CRASH_DATE,WEATHER_CONDITION,LIGHTING_CONDITION,ROADWAY_SURFACE_COND,REPORT_TYPE,DATE_POLICE_NOTIFIED,LATITUDE,LONGITUDE,LOCATION,CRASH_TYPE,CRASH_MONTH,CRASH_YEAR,CRASH_TIME
2cea04ab9b4f3d9c833452764e7d1a864956e6f750c0d1d0340db4543a26be66b7cb8d5d90214eb36e6d41b7b01ed312b85f2410d3151063e9eb82ff666e96b8,2019-02-01 09:20:00,CLEAR,DAYLIGHT,SNOW OR SLUSH,ON SCENE,02/01/2019 09:31:00 AM,41.799085095,-87.602967086,POINT (-87.602967085739 41.799085095103),C,2,2019,09:20:00
2cf42d58b082025b564cbca3e1e8c209447d4657d32e17688663efb0e8290d4ca4f988f1e6a8a8c4b8cc0a356080a1018df57c9fd0982a84a634da4afe50f658,2023-01-19 11:30:00,CLEAR,DAYLIGHT,DRY,NOT ON SCENE (DESK REPORT),01/25/2023 10:32:00 AM,41.78653882,-87.672368481,POINT (-87.672368480639 41.786538820151),C,1,2023,11:30:00
2cf76ad45f982aef1fc25fccddce01ed0bdd67ecbfd3bf56835964c67e8f187ada70fe84d3b9bf354f26bd8204b48d69b729b0245318eddb15835403e8ebd5e7,2022-12-22 14:29:00,CLEAR,DAYLIGHT,SNOW OR SLUSH,ON SCENE,12/22/2022 03:57:00 PM,41.907852299,-87.719069575,POINT (-87.719069575381 41.907852299247),C,12,2022,14:29:00
2d07e08e52d5286491d9c0378204f5808de5604242d7b5b48092c8d74b3c600334f6cea8474136a378965a984016d995b2b578d334074ba109f98b3fdcb74a57,2024-02-14 18:45:00,CLEAR,"DARKNESS, LIGHTED ROAD",DRY,ON SCENE,02/14/2024 06:57:00 PM,41.961421726,-87.68874698,POINT (-87.688746979839 41.961421726406),C,2,2024,18:45:00
2d1080e258658cadbfd39b3ee1731994101cf9cdfa62cb7176e2f8cad86e30e3b8b5d30af5ba1bc2ee1ac5b9aa90952de9553c9d5be165533cc7f70b5b6ae1dc,2019-03-23 07:20:00,CLEAR,DAWN,DRY,ON SCENE,03/23/2019 07:23:00 AM,41.975221622,-87.74840339,POINT (-87.748403390016 41.975221622499),C,3,2019,07:20:00
2d10e06e2cd4f47fff0ac7335ed965a4a0ea477ba5558503162e3b8067a3f140e60760616141ef6d5c379fa2c433a87298b9f58e63578902fb939216a2f875ba,2021-12-17 15:00:00,CLEAR,DAYLIGHT,DRY,NOT ON SCENE (DESK REPORT),12/17/2021 04:00:00 PM,41.86060109,-87.725152669,POINT (-87.725152669266 41.860601090054),C,12,2021,15:00:00
2d1678ee234d7a0d9f376182d93d3530ae950a16267545169c94e32b5496d761a765fe5cb387844836bd6db307a13660c844c5514c38b38f0763ba9e5911e2a9,2022-07-04 13:18:00,CLEAR,DAYLIGHT,DRY,ON SCENE,07/04/2022 01:29:00 PM,41.878151251,-87.633583119,POINT (-87.633583118736 41.878151251296),C,7,2022,13:18:00
2d2bc9dc03ea40d5da98255d58244c27e3e97a13dec300c1bf4934918ac58a6ba611f29d916a9feb3cc4ae7098bda20320cf2e0c8f277a81777fa449323001c7,2024-08-03 23:30:00,CLEAR,"DARKNESS, LIGHTED ROAD",DRY,ON SCENE,08/04/2024 12:06:00 AM,41.753016261,-87.600230087,POINT (-87.600230086916 41.753016260939),C,8,2024,23:30:00
2d329e7f382f0288715ce9a34ba6badd513de9544af54d093df11e605d0d435e53fb855366bcb794f9e8a72b669d15b411afe990d8284888535e71b07b687ec5,2018-10-07 16:00:00,CLEAR,DAYLIGHT,DRY,NOT ON SCENE (DESK REPORT),10/07/2018 04:11:00 PM,41.767691883,-87.722337651,POINT (-87.72233765074 41.767691882839),C,10,2018,16:00:00
2d3b74aa1b8df5df96347889f0934ea326c94b93aa3b755337d41dd1222f24ad9c16175f8a44fcb156f3c3e0cd84ce7606a138e9f51706d72ab88bfca000409e,2018-07-10 18:17:00,CLEAR,DAYLIGHT,DRY,ON SCENE,07/10/2018 06:37:00 PM,41.722354448,-87.575778064,POINT (-87.575778064147 41.722354448293),C,7,2018,18:17:00
2d4aefd4c15cb28a5f510de7a0c91d7575c385b7506a6d9ae9266168cdded86a61395a95c29aa67598db97fbfbe6cf0447ac9e57a4bfa8691695ee176e2e61d9,2019-11-06 17:13:00,CLEAR,"DARKNESS, LIGHTED ROAD",DRY,ON SCENE,11/06/2019 05:31:00 PM,41.961781715,-87.691291723,POINT (-87.691291722694 41.961781714617),C,11,2019,17:13:00
2d585f0e665fbc985563fa157844d0bb7616033cd7245f29993d4d5deedbfd230a76ba1872cf9beb6a65d93c32fa1a59603ae595d89a2f5cd6f40fd5f01e82f8,2017-01-12 20:30:00,UNKNOWN,UNKNOWN,UNKNOWN,NOT ON SCENE (DESK REPORT),01/12/2017 08:45:00 PM,41.937338437,-87.644456472,POINT (-87.644456471505 41.937338437309),C,1,2017,20:30:00
2d709e8ab4c0483c8d6b5ae6054778ffadce59a485ef33b61656f30468b51836dda012850a8cf2085dca678794e3e2bfe6cefc54e38b9e3da07e26d7f0bbd88c,2021-07-22 13:30:00,CLEAR,DUSK,DRY,ON SCENE,07/22/2021 07:00:00 PM,41.751194338,-87.605367326,POINT (-87.60536732633 41.751194338222),C,7,2021,13:30:00
2d7fa6d038035d80a766009685246ea0a5edb6380d8248985d7ce84bd00862ec4d25b165c4adc143fe0fcfc2021280b47bcf3ebfda4b18db1354254fcd03ee6e,2018-10-03 14:40:00,CLEAR,DAYLIGHT,DRY,ON SCENE,10/03/2018 02:44:00 PM,41.721312761,-87.551206123,POINT (-87.55120612349 41.721312760686),C,10,2018,14:40:00
2d8edcc5066efeba59057706dd61aa0c08dffd89908da5fb75d55f2159a7082cee4a70e60f0b70028dfca937de089da51c188a3bbb14c0187c273d1e28f24006,2018-07-23 17:51:00,CLEAR,DAYLIGHT,DRY,ON SCENE,07/23/2018 05:54:00 PM,41.746336857,-87.655906892,POINT (-87.655906891972 41.746336856925),C,7,2018,17:51:00
2d900f76f02d289440c14b956a85c452871d9ffedf20b57d14bd17862b63d1365944933a6a539ded7c2e0e87a01b9a548abfeab4c1b6a208c38f8ebb6a7bb890,2022-04-10 21:05:00,UNKNOWN,UNKNOWN,UNKNOWN,NOT ON SCENE (DESK REPORT),04/10/2022 09:30:00 PM,41.722375907,-87.575499903,POINT (-87.575499903328 41.722375907041),C,4,2022,21:05:00
2d9b9ecdfde327dadef3182744b6de1fbe5f66c8ca7568b83629bb4ba9f6b8b69485b5446c3b2b4a933e4cf02a8056996007579163f443b9a239629d073a7e08,2020-02-12 19:10:00,RAIN,DARKNESS,WET,ON SCENE,02/12/2020 07:30:00 PM,41.955873713,-87.747522296,POINT (-87.747522296124 41.955873713109),C,2,2020,19:10:00
2dfc4a94c8e957a04ca2b3519939ae63bb01e87fb89a643e3aa5e865ef397dff24d2a4b9347c7656c57c96e14dd9448901d13a6011dfe243969cbc65c6e80ad3,2023-10-06 13:55:00,RAIN,DAYLIGHT,WET,ON SCENE,10/06/2023 02:25:00 PM,41.96814688,-87.726498537,POINT (-87.726498536986 41.968146880216),C,10,2023,13:55:00
2e032f2c2f89774025d1b3ac0b959f8efe75d40bc646ba0c63c506fa686372b497c3410243a3a10c801ac2ef536b590a5dd469e21217114e7319daa8480f852f,2021-12-29 17:10:00,UNKNOWN,UNKNOWN,UNKNOWN,ON SCENE,12/29/2021 05:13:00 PM,41.883171371,-87.635488515,POINT (-87.635488515369 41.883171371147),C,12,2021,17:10:00
2e3b89f82cba75b7106762f5eed70be2e6b2b22512df94964ef4f2311be3888ef805ae4132e451e7d9a5eff3328f853da25cea85695ef1dd088320f8119d123a,2018-05-10 07:00:00,CLEAR,DAYLIGHT,DRY,NOT ON SCENE (DESK REPORT),05/11/2018 03:16:00 PM,41.94239478,-87.756954815,POINT (-87.756954814727 41.94239478016),C,5,2018,07:00:00
2e5f5656b9810bae8764a951888858480507bc4578f566a6c98ec931c0cbce79b0fd8c8837d579cdcb349cb97a6cfb39d27c3206f87ff01659ad1c39d6baed00,2022-06-20 16:15:00,CLEAR,DAYLIGHT,DRY,NOT ON SCENE (DESK REPORT),06/20/2022 04:53:00 PM,41.809025442,-87.712270029,POINT (-87.712270028923 41.809025441944),C,6,2022,16:15:00
2e8d8a4ea389bb755a712a017467197295e8b46f8b2426028f376363281d928ebaf6dc4a19e3cbb903c0171ffc59af811958c10c4d1ccee1cc0e47e917f33b45,2018-03-22 10:00:00,CLEAR,DAYLIGHT,DRY,ON SCENE,03/22/2018 10:00:00 AM,41.780507631,-87.718049914,POINT (-87.718049914212 41.780507631392),C,3,2018,10:00:00
2e9003402379dd651c64d38de06b7f00e22b72e7b1c3525498b82fc27ff2884b22194edde2d9668f8531184c4a54d9e6f30af6c41bb0ee7ecb503f84cd933f44,2018-12-05 08:23:00,CLEAR,DAYLIGHT,SNOW OR SLUSH,ON SCENE,12/05/2018 08:24:00 AM,41.649787972,-87.540036379,POINT (-87.540036378874 41.649787972172),C,12,2018,08:23:00
2e989847e78744dafb6a23e17f7b5b9119645292d11118ca2dd1aa912469067eb3646e8eb422139ecc6f781bf813d511409859766827aca669b5a6b4040c9cdb,2024-03-28 08:32:00,CLEAR,DAYLIGHT,DRY,ON SCENE,03/28/2024 08:33:00 AM,41.74353392,-87.669481608,POINT (-87.669481608355 41.743533920036),C,3,2024,08:32:00
2ecb1b1cf3ba14dc33a0bd18651368884dad720b54acef9e2a206c9d658bbd26d3f3fe04452b89591898de328ac38e57e52d8836a3183bfdcb796116adf3672c,2022-06-13 12:00:00,CLEAR,DAYLIGHT,DRY,ON SCENE,06/13/2022 03:35:00 PM,41.820089823,-87.613306091,POINT (-87.613306090855 41.820089822838),C,6,2022,12:00:00
2ed9995a3c7c60c7ab813161bbb597bedeb6ea30f0e85a4089740aa5b6d33d83bac3a39dca4a4a03052485f56e9aa2a82b45aaf17d097e49b4eccad1d03fac1c,2016-11-19 13:00:00,CLEAR,DAYLIGHT,UNKNOWN,NOT ON SCENE (DESK REPORT),11/19/2016 01:35:00 PM,41.954490372,-87.662105594,POINT (-87.662105593576 41.954490371527),C,11,2016,13:00:00
2f14ac9e8b62b6957aa04b2c968d208b0345555474063b450e28e5a7327493fbadcb5c99ebfed56e265489ebe228b888950d1a2fe98c79662b59e974f56dfafc,2023-12-07 12:20:00,CLEAR,DAYLIGHT,WET,ON SCENE,12/07/2023 12:26:00 PM,41.889066784,-87.633217447,POINT (-87.633217446553 41.889066784471),C,12,2023,12:20:00
2f20bb133b63b7e0b9fb75fdb14f93b2efd7bad307ffe8445a72bb0e7a799d947ef62a659f15fb7c5144a5273902eea6302b3957d80369bfe68d0008263a899e,2024-02-29 15:10:00,CLEAR,DAYLIGHT,DRY,ON SCENE,02/29/2024 03:10:00 PM,41.751539172,-87.552745936,POINT (-87.552745935772 41.751539171677),C,2,2024,15:10:00
2f3a61fc5e51cbd5d261b196f76ce83618cc343250d6e13bf6ecd92a29eec54d92fd3c63cda2ad6dda42373dae3f3cefadaaeb7a9a0bceaf61a0d47231a4a159,2018-09-30 04:33:00,CLEAR,"DARKNESS, LIGHTED ROAD",DRY,ON SCENE,09/30/2018 04:33:00 AM,41.880349814,-87.765274674,POINT (-87.765274674126 41.880349814022),C,9,2018,04:33:00
2f57dedcd4b1d19ae3333d2be372fdfc4ebc66ff2dbab808be5ae6e7053cbabfe8656f7fd143abf583637dbe16bdcaa155f5697d61541e6c930d4c480f04bbee,2024-05-11 10:00:00,OTHER,DAYLIGHT,DRY,NOT ON SCENE (DESK REPORT),05/11/2024 02:50:00 PM,41.853838222,-87.634611067,POINT (-87.634611066744 41.853838221619),C,5,2024,10:00:00
2f622389aa1d0eab1ba64248399b3aa590bdf931198f29cedf5aa94cae5fab80d28fd14800d0d646504c1b3e0c9e4815bbf1bf113eb6decb4f8ff489edad3725,2018-01-13 11:55:00,CLEAR,DAYLIGHT,DRY,ON SCENE,01/13/2018 12:00:00 PM,41.927432881,-87.785439751,POINT (-87.785439750945 41.927432880843),C,1,2018,11:55:00
2f7feffae2f0afe10c030b2a111702db473cfd2b7aecbc3b26960417e14d650fb57bdc7f4eca806ebfcd98440f197f2eb1ef8d040162890f8829ecf88228c13b,2023-08-21 11:30:00,CLEAR,DAYLIGHT,DRY,NOT ON SCENE (DESK REPORT),08/21/2023 12:30:00 PM,41.93916408,-87.747022901,POINT (-87.747022901371 41.939164079993),C,8,2023,11:30:00
2f8b454d32721a578810c8af49ed9240f19be4979d0a971a8a79cc47c57f0bbb612c9776f5885d8d42159a3aa6ca6ade913c869e6a98c0d0ca1ced31ee2789c7,2018-12-14 20:45:00,UNKNOWN,UNKNOWN,UNKNOWN,NOT ON SCENE (DESK REPORT),12/15/2018 04:20:00 PM,41.751603226,-87.586565425,POINT (-87.58656542529 41.751603225932),C,12,2018,20:45:00
2fe378d872ea05e6fdec58904b3bf50c89cdde764c523a023371db022ff1aca60d1909c832a4ea296f1f36a51547ceb9f52c38ae33f9df970c3b105484916afd,2024-04-13 14:15:00,CLEAR,DAYLIGHT,DRY,ON SCENE,04/13/2024 02:15:00 PM,41.997518303,-87.708224164,POINT (-87.708224163769 41.997518303002),C,4,2024,14:15:00
303b3053bc0f86de59442a8220a5bce469577d6be6860b18ee826dea65d62d5b7fe03543694d2dda1aaa07d54350ad6fabf5226042ee17ac9ba93216869d5277,2024-04-26 16:30:00,RAIN,DAYLIGHT,WET,ON SCENE,04/26/2024 04:37:00 PM,41.941068615,-87.641498394,POINT (-87.641498393945 41.941068615276),C,4,2024,16:30:00
303d6060fe45ca58463bc87412cbb838fb999342dfe3ce5f3a3f8d8f0cc92779136d0cac66ce277994e5bfb2e5633b6ff77d1f8f89c7d0e6cf26dcf9d4a1a402,2020-06-20 07:00:00,CLEAR,UNKNOWN,DRY,ON SCENE,06/20/2020 03:30:00 PM,41.848256966,-87.70462725,POINT (-87.704627250331 41.848256966306),C,6,2020,07:00:00
30508ea13e5fa312c6b999a72f7530804a7be461bbe971b3a9fe32c1479ffe71a53e5793b3e408307ce66029d62b146b9faa9e9aa0e6260f4fcdc5b61ff8af93,2020-12-04 08:30:00,CLEAR,DAYLIGHT,DRY,ON SCENE,12/04/2020 09:34:00 AM,41.750189434,-87.549088517,POINT (-87.549088517191 41.75018943386),C,12,2020,08:30:00
3079d0dcf1a527c064a5965fa4115e7442b4a9f8975dbdc822f2acaf54b5efd619465c859c3fe6708e297ddce5df803528517e04eea66c88ae520334e1a7f571,2021-09-19 15:00:00,UNKNOWN,UNKNOWN,UNKNOWN,ON SCENE,09/19/2021 04:00:00 PM,41.713999876,-87.615303343,POINT (-87.615303343069 41.713999875987),C,9,2021,15:00:00
307e7b3491ac5ad5b3ec6b6936a1d4fdd24700b68115c5c0dbd1b38d0a8eb3bd83d176cbfd7f54b89413824626a55184555fcc14c49078aecd73f9019e83227a,2023-11-24 15:37:00,CLEAR,DAWN,DRY,ON SCENE,11/24/2023 04:16:00 PM,41.897470294,-87.626094892,POINT (-87.626094892205 41.897470293981),C,11,2023,15:37:00
309d2bab8e9281deb8fa58be2d1ae5e475643fa3bad06510d242550eb4273cdc7223cab8228c25855f944afbd238618f5ba415e150625cdb89f96a6f6ce9809d,2019-09-30 09:20:00,CLEAR,DAYLIGHT,DRY,ON SCENE,09/30/2019 09:28:00 AM,41.969394222,-87.761887172,POINT (-87.761887172396 41.969394221758),C,9,2019,09:20:00
30ca403199e618989334fc4a5292b41602e2219bc108db7eadd6f83f9c60837e2d8b5c512e703fdff5efeefc1a1dc2776b6f35f13343d342027858f328c96fa6,2023-06-29 19:35:00,FOG/SMOKE/HAZE,DAYLIGHT,UNKNOWN,ON SCENE,06/29/2023 07:40:00 PM,41.74570414,-87.605228204,POINT (-87.605228203638 41.745704140078),C,6,2023,19:35:00
30cc2f8e03eb0f70068f9c57dee30ff17098732dc2cca3660b9a4c4a3dbf364b4f65883d5a3f9b5cbea72b48110af3b1ec8b75a4664cea3bef8b92fe3e079065,2019-06-13 12:20:00,CLEAR,DAYLIGHT,DRY,ON SCENE,06/13/2019 12:36:00 PM,41.921544924,-87.658985222,POINT (-87.658985222342 41.921544923612),C,6,2019,12:20:00
30de1cf5dbecee2348dce5ed06298147d02327f5ce984be77e8576dbd4568ad09536626b4d72516c7a9eedbd906d94feb6f0177b2c5115b14be2b5b46b6c8f6e,2019-04-29 15:30:00,CLEAR,DAYLIGHT,DRY,ON SCENE,04/29/2019 03:32:00 PM,41.799614441,-87.718581489,POINT (-87.718581489238 41.799614441364),C,4,2019,15:30:00
30e153ffbe61876bbb347589f02d6dbb100f66ad26373268ff95dcf5d7f8c099f966e2c9312e850f52d8238913661361009b0e83856297b7cef94318ae2a18ff,2023-10-28 10:15:00,CLEAR,DAYLIGHT,DRY,ON SCENE,10/28/2023 10:44:00 AM,41.802639399,-87.666183819,POINT (-87.666183819431 41.802639399069),C,10,2023,10:15:00
30ed6703160d63a03a2e2af085b5d0471c0d0a6f10dd96abde004657d8b70bc7974478db6cf6ccc036aadaebd4ca9940f71b17617264533956422b6b4b7bb455,2019-08-03 12:45:00,CLEAR,DAYLIGHT,DRY,ON SCENE,08/03/2019 01:10:00 PM,41.707156862,-87.620070478,POINT (-87.620070478051 41.707156861607),C,8,2019,12:45:00
30f01b9359110c799ee3ef3fb02b3a48d33913d9126be42da318cc4ee16c024b9b3ca4843d7c310461e8bf83ed8ad102a4e5228bacb05fa7680c1b8b90056ff8,2021-01-20 11:15:00,CLEAR,DAYLIGHT,UNKNOWN,ON SCENE,01/20/2021 11:16:00 AM,41.759704386,-87.653831532,POINT (-87.653831532333 41.759704385692),C,1,2021,11:15:00
30f0fc6b52f11faf68eb46d8b79b1c3d1f4e9c0c461bfd89af9f374513a7a087dfb906030dc6c2159017599dc8db87e5070b012b04f4b738337525f5252a1cc1,2018-12-31 08:28:00,RAIN,DAWN,WET,ON SCENE,12/31/2018 08:31:00 AM,41.708107889,-87.666379632,POINT (-87.666379632046 41.708107888774),C,12,2018,08:28:00
311197c2660f05a4ee61f83c54c23e6870a6e3452a595651e76de0fcce7f95e93e805e0098ec5c9e07e7de46da0d5d85c26833db0c67ec9f81c7cd06bcff8b78,2018-06-13 13:24:00,CLEAR,DAYLIGHT,DRY,ON SCENE,06/13/2018 01:50:00 PM,41.786857687,-87.664336671,POINT (-87.66433667069 41.786857687317),C,6,2018,13:24:00
311f44f13b68b7d49cfa4782293356a72a7f74536d0750ed6fa3722fd8899545c3d0fcb26746fbaa8ec393d049236f19f2312f1d945aa0ac0ec2422a85a43845,2023-06-08 09:05:00,CLEAR,DAYLIGHT,DRY,ON SCENE,06/08/2023 09:06:00 AM,41.792918003,-87.756345259,POINT (-87.756345258543 41.792918003114),C,6,2023,09:05:00
312c3824f9d79e3f752e3a957e0be5cc8f3855eedf3461a919ef8cfcb720d260a5eab1fbe51b0fdfb6e991afa54acd174bb93a9d3df6c737b82bb0f2fef4c359,2019-01-29 09:05:00,SNOW,DAYLIGHT,ICE,ON SCENE,01/29/2019 09:06:00 AM,41.986677892,-87.839358609,POINT (-87.839358609257 41.986677891905),C,1,2019,09:05:00
3139b5a1a5f18da956778110e6897538358f33270235ff678a62c6e59f539524bcffbd171dbc85c93a1d36cbfd6bb7a194fcaba7c46be11cc01472ec806ad67a,2019-08-01 19:05:00,CLEAR,DAYLIGHT,DRY,ON SCENE,08/01/2019 07:14:00 PM,41.794352467,-87.77198774,POINT (-87.771987740078 41.79435246678),C,8,2019,19:05:00
314594e15511cd039995b5e0a4a7e22a32c35c1e734b0e72630db384b9fbc980b6c85e2cf7e0e1d0976c8910acb1a073d77c45fe4ff34c2029fb836e8ef42ca6,2022-12-23 11:30:00,SNOW,DAYLIGHT,SNOW OR SLUSH,NOT ON SCENE (DESK REPORT),12/23/2022 01:00:00 PM,41.825748328,-87.617974008,POINT (-87.617974007541 41.825748327719),C,12,2022,11:30:00
3146f410b69de5057e8465338dfa49912ca9549b6b4b18c4e4e3e544818639d50e91516f499acfbd17bfb3ec2613f0c4382884309b3d4def0db263dd8610d2f8,2017-02-28 17:50:00,RAIN,DARKNESS,WET,ON SCENE,02/28/2017 05:50:00 PM,41.778968862,-87.605752077,POINT (-87.605752077236 41.778968861667),C,2,2017,17:50:00
318e4c6e7627d8dca7ef2c13bb9bc4ef926ff6f852a2fd8015f355dfbf9f98acaf76446a39efc4e0f6dcf51c64ab488fe14e8fde4d29c9ebccf6d0efba7b5dec,2021-11-06 12:41:00,CLEAR,DAYLIGHT,DRY,ON SCENE,11/06/2021 01:21:00 PM,42.00969798,-87.674274325,POINT (-87.674274324848 42.009697980489),C,11,2021,12:41:00
319f626f0bd3ef9be376d2aa917df00d5a0c6c47fe27f0d921df64a13bfc88dba9dfb8d33cde3658be8ddf8171a2d0b456478d0216a3a2f7cbed151b6d82d577,2020-03-05 14:05:00,UNKNOWN,UNKNOWN,UNKNOWN,NOT ON SCENE (DESK REPORT),03/05/2020 02:15:00 PM,41.975257338,-87.747841434,POINT (-87.747841433843 41.975257337683),C,3,2020,14:05:00
31a45d160de6b3e1d400aeb9be8e6aa04aa2e5b8f1317acbda652d53bc284eba3c53348b1cbcefe359ee7a374cd65ece5635c82524e4dfd9a1f07d8dc5894efe,2021-10-08 08:53:00,CLEAR,DAYLIGHT,DRY,ON SCENE,10/08/2021 09:53:00 AM,41.936399745,-87.726960337,POINT (-87.726960336977 41.936399744558),C,10,2021,08:53:00
31a7c8cc9e2ddc3114fdeeb4954df248bec2e1d69646bbf21fcb8e49282264cf797fe3bc95727640db8c847c4334c06af95da78860cda9469530e8e450a00b54,2019-09-13 16:35:00,CLEAR,DAYLIGHT,DRY,ON SCENE,09/13/2019 04:45:00 PM,41.748242645,-87.682950381,POINT (-87.682950380591 41.748242644771),C,9,2019,16:35:00
31b8fe2e4c42e77eb23c24570b1f35b42745e67f6cc9aea7fdcf2e8a9a771739ead59cd4c78d1b12c459070aee5e718f10d7aa382934baf9297cbee51b4a8312,2023-10-18 17:43:00,CLEAR,DAYLIGHT,DRY,ON SCENE,10/18/2023 05:53:00 PM,41.895070516,-87.750561563,POINT (-87.750561563456 41.895070516225),C,10,2023,17:43:00
31b9c20ba28c7d5699678aed8ac61a3a4e61e4b83fc23143ae1d2d84d7b8bdb7c1d5f52bd49788e84bfe5299222f778fb16726859cbde4468474eeb5b08d3d91,2018-03-19 16:40:00,CLEAR,DAYLIGHT,DRY,ON SCENE,03/19/2018 04:41:00 PM,41.87735669,-87.678433483,POINT (-87.678433483181 41.877356689857),C,3,2018,16:40:00
31baeee994d86c14c5b2ae5493ef881c3ae8fab22402e7d515fa8ebd79bd451ae0608f76e970d33753b7811fd57329feb5404a03f77fd54c31aa3e2083538fb1,2020-08-10 16:40:00,RAIN,DAYLIGHT,WET,NOT ON SCENE (DESK REPORT),08/10/2020 05:40:00 PM,41.892861675,-87.759307012,POINT (-87.759307012224 41.892861674877),C,8,2020,16:40:00
31beb76711320393addb0acff68ee7a8690a24d2ed8407f16af3fbbc0bbe390ca65d6d2e8c37ed7b18614b3c327f2bd51d76b3471651dc09e7d0aa6118af095f,2022-02-08 15:49:00,CLEAR,DAYLIGHT,DRY,ON SCENE,02/08/2022 04:26:00 PM,41.774964998,-87.722812227,POINT (-87.722812226815 41.774964998435),C,2,2022,15:49:00
31c19902a298b68296e332a4417c0de5cc979ba5b837e9301f52af75e4958202dc4f1cc1b661d727ae421992994c4e5d1cbbcec0c25e4237b871760ba4290d0f,2020-01-02 11:35:00,CLEAR,DAYLIGHT,DRY,ON SCENE,01/02/2020 11:38:00 AM,41.89121196,-87.655385501,POINT (-87.65538550127 41.891211960237),C,1,2020,11:35:00
31d22d01ba1c50f25368d94e458b0d224c97549944181629dfaa8d3249310e78f13e70334d5141335783eca10c1933d5298edad77a8b4bcf55e43f522d33f61e,2020-03-07 14:00:00,CLEAR,DAYLIGHT,DRY,ON SCENE,03/07/2020 02:30:00 PM,41.978810139,-87.689411352,POINT (-87.689411352478 41.978810138845),C,3,2020,14:00:00
31f83fa1c4dd9183f4b5fbc83abe114dda2ed652439538c1bb6006db08fc4d514c299a747788351b14e61602898b657de6493a8b0ab4b1de03785cd2baf5cd91,2022-11-05 08:50:00,RAIN,DAYLIGHT,WET,ON SCENE,11/05/2022 09:23:00 AM,41.900752974,-87.624235,POINT (-87.62423499978 41.900752974042),C,11,2022,08:50:00
320445f967f37af7712c008687eb429a72609ef23efa36b4e73e5e5a313da9d6e7407c03c9caf8c57763e3a45a713987c7ce74917881c57591aee5567dee916f,2018-02-20 16:02:00,RAIN,DAYLIGHT,WET,ON SCENE,02/20/2018 04:10:00 PM,41.684137815,-87.705561226,POINT (-87.705561225812 41.684137814857),C,2,2018,16:02:00
320a39792a74ef964bd6e80f8d21e73a1d67223248b29183f28fe4882fffc27459e3a45d175bfcd727ac2db88201787d826d2ef36b761d8928cee9ce3e326c56,2024-02-29 08:26:00,CLEAR,DAYLIGHT,DRY,ON SCENE,02/29/2024 08:26:00 AM,41.901082234,-87.640969478,POINT (-87.640969478113 41.901082234042),C,2,2024,08:26:00
321472c0ef90356b4f5c434f47b6745089ffc7e372405aa1d80f6da851dfbef34f49af39c8029d81ee66b5db42bcb251af94ba5bc5acd4e6ca7311b32c8dfaa9,2020-09-22 16:07:00,CLEAR,DAYLIGHT,DRY,ON SCENE,09/22/2020 04:34:00 PM,41.764283912,-87.576406669,POINT (-87.576406669444 41.764283911619),C,9,2020,16:07:00
32157629bfbd0f659868c35f1d47e819262527c97676a7c5f05bcb46bfdf396573920461dc5ca8beb0d7d3fb233249cb3466b4c7f6a7a6ea92868b5d8e68df13,2023-06-14 14:00:00,CLEAR,DAYLIGHT,DRY,ON SCENE,06/14/2023 02:00:00 PM,41.755029854,-87.584545491,POINT (-87.584545491395 41.755029854411),C,6,2023,14:00:00
32207a0ef270f127d081aed33abcba0e0613f59049d95b0838a4be1ba8b5162927ccc4c29bb5b04c7967f2631a6366fd8d061534aa31df8ceb81843c1864b5f9,2021-11-05 12:35:00,CLEAR,DAYLIGHT,DRY,ON SCENE,11/05/2021 12:35:00 PM,42.016872177,-87.675208683,POINT (-87.675208682541 42.016872176602),C,11,2021,12:35:00
32228236dd9a1250b8490b2a92a92c4ec18c87a2ecba869669c08ddf71d1b5eda1083f7cc3f49dd7714cf51888250c2404df7ddceb04ad389f16d3c3eaca1166,2023-01-16 13:30:00,RAIN,DAYLIGHT,WET,NOT ON SCENE (DESK REPORT),01/24/2023 10:25:00 AM,41.80790245,-87.716375968,POINT (-87.716375968062 41.807902449705),C,1,2023,13:30:00
32441431dc4993778753730e1114c749849bbd8004d8d190d5a43820093c1a2cbc9b6ea56231bd5bc39128ee5bba4d6e37daeb46ad369175dafe9168da02afdc,2023-12-28 19:59:00,RAIN,DARKNESS,DRY,ON SCENE,12/28/2023 08:40:00 PM,41.809774438,-87.594811313,POINT (-87.594811312823 41.809774438124),C,12,2023,19:59:00
32564385639b71cdef53b4e61d5ba1563f262d27baed067e37a8ececf4751b36fe61c1097a62432a51e5529acaf2eb743b01a66301c8a05d220a13f68df69728,2019-07-22 17:15:00,CLEAR,DAYLIGHT,DRY,ON SCENE,07/22/2019 05:40:00 PM,41.75007083,-87.586887613,POINT (-87.586887612633 41.750070830311),C,7,2019,17:15:00
326edf1af112a77169dc477b89caa915e7fe0590172cb765ca213eef50e576a124f4d3993fc0dcb9f15163aa8308ff50b98d58bf88aa6b9ec36d1965f2bca548,2021-07-11 07:00:00,RAIN,DARKNESS,WET,ON SCENE,07/11/2021 08:07:00 AM,41.821794785,-87.617087825,POINT (-87.617087825252 41.821794785015),C,7,2021,07:00:00
32798a91fe7a07fc4d6034862fd8fe3fb568e7dda8baf31af839c93788e6aee9a9f867cde6975cae91e3c3e1bb4eef1c68718c1703ad3b1e2006cac589a886fc,2021-03-23 08:23:00,CLEAR,DAYLIGHT,DRY,ON SCENE,03/23/2021 08:28:00 AM,41.893676537,-87.686927228,POINT (-87.686927228179 41.893676537404),C,3,2021,08:23:00