CRASH_RECORD_ID,CRASH_DATE,WEATHER_CONDITION,LIGHTING_CONDITION,ROADWAY_SURFACE_COND,REPORT_TYPE,DATE_POLICE_NOTIFIED,LATITUDE,LONGITUDE,LOCATION,CRASH_TYPE,CRASH_MONTH,CRASH_YEAR,CRASH_TIME
327d6f7e48b26aceac1a7f137d4f828461bf7b623214f6fde31685e89fab365c9bcc44c251c5cb5e1d7be34150d0c21b0ff11ac4e9bf9c21407e50675d64c90f,2024-01-27 22:20:00,RAIN,"DARKNESS, LIGHTED ROAD",WET,ON SCENE,01/27/2024 10:22:00 PM,41.899322279,-87.618738433,POINT (-87.618738433114 41.899322278833),C,1,2024,22:20:00
329a223844a5d18b43be7f126800c65ced06614f526d1ee6b601b2734e7c2e0959aa2eaecf317e4c3221b9ba93845f6329f463515c0116a294ae285dd71ec3f7,2020-09-17 13:30:00,CLEAR,DAYLIGHT,DRY,NOT ON SCENE (DESK REPORT),09/17/2020 04:30:00 PM,41.848019881,-87.733779005,POINT (-87.733779005471 41.848019880888),C,9,2020,13:30:00
329bc91202ec1ab4095471e066c3c56dba629fb667170f9b4f634ec2eef323a53065aeadad8db7fd188e358e11b70071731662fa69fb5db86e5c751807f6ff72,2018-07-02 16:15:00,CLEAR,DAYLIGHT,DRY,NOT ON SCENE (DESK REPORT),07/02/2018 04:30:00 PM,41.76849324,-87.661636159,POINT (-87.661636158662 41.768493239952),C,7,2018,16:15:00
32a0fdc1e61db0231ffb47b7598baf4b997fad2d155917b65fd93375f4277335ab211f15bc0b7fe1981803a1a0b1b83895b2c343bbbe72faf0287ecbfb23b197,2020-08-28 11:55:00,CLEAR,DAYLIGHT,DRY,ON SCENE,08/28/2020 11:55:00 AM,41.909628624,-87.754448097,POINT (-87.754448096559 41.909628624153),C,8,2020,11:55:00
32c425ead1a1e9d44816a21e8770f5f5a503d976b0ee25de09fce8094b3125245a414a7e87dcd68ebb29306d2109ba4ff789290f443e7383c30662bdbb0ea679,2018-11-08 12:40:00,CLEAR,DAYLIGHT,DRY,ON SCENE,11/08/2018 12:43:00 PM,41.894085381,-87.62040431,POINT (-87.620404310022 41.894085380663),C,11,2018,12:40:00
332ed2c9c28bf834d3a02ffa3a444e3303eae362723c39c631259547a430f52ae87a6c9664bb869158d342dfd536ff7ea54118005c0f29a91e3876536f46d4c1,2021-07-29 12:50:00,CLEAR,DAYLIGHT,DRY,ON SCENE,07/29/2021 01:05:00 PM,41.755916555,-87.612469877,POINT (-87.612469877406 41.755916554617),C,7,2021,12:50:00
3344ab257408117817971cebb8b5d5dd109680ab3a0f71c8cd0afe94d47a55282b916421e7efb25abe4965fe6fe07e6d984c971f7b12fa2fbc15fd8e2eb16ae7,2023-09-14 19:20:00,CLEAR,DAWN,DRY,ON SCENE,09/14/2023 11:08:00 PM,41.813641687,-87.694514538,POINT (-87.694514537586 41.813641687374),C,9,2023,19:20:00
33569382a6d21c11905db78aef032e6c2da7638e6964f164e344b0966eafd45a59dbefb8e7b8be6fee30b538d6276065cda6ec54169ca4f94717637f5a9f0a12,2023-08-28 12:48:00,CLEAR,DAYLIGHT,DRY,ON SCENE,08/28/2023 12:48:00 PM,41.758805489,-87.595674477,POINT (-87.595674477098 41.758805488858),C,8,2023,12:48:00
336243e4c2bae4c778d26b75bdd69518a6cf66965eaf5160a1112143e836c15a28dc5cd1460bfe9446344c4c3838ee8c10bc775a671cd3d371346bed6127ea79,2019-07-27 12:09:00,CLEAR,DAYLIGHT,DRY,ON SCENE,07/27/2019 12:09:00 PM,41.648519054,-87.544881253,POINT (-87.544881252562 41.648519053665),C,7,2019,12:09:00
336a32c3d51c1b026c00420472ec1d54dd8b105090c28aefa89170145f61be312d02d65274177755fc0ed1afe96576b37558ec7142d64ae46a8cd2cb33b8bae3,2018-02-12 09:00:00,CLEAR,DAYLIGHT,WET,ON SCENE,02/12/2018 09:05:00 AM,41.939459164,-87.705496969,POINT (-87.705496968981 41.939459164148),C,2,2018,09:00:00
3375ad05a2cc19750eb590924780154758b1e6e124ea5838ed64c77a0a83e2f2753535235f8a4786d39dd6abb2a428ee4c3d524692f1e1af202496e2687e84d7,2022-04-18 15:09:00,CLEAR,DAYLIGHT,DRY,NOT ON SCENE (DESK REPORT),04/18/2022 05:15:00 PM,41.807699479,-87.729850032,POINT (-87.729850031579 41.807699478935),C,4,2022,15:09:00
33a297384af3c185393a93d0553ea6c573c11af7b201b1ca358ad7ded2ab6a246ff3b33c9234e9b62b6ea7980a3d607ac312e54867f3a78f94925fd56b7482e6,2020-10-04 16:00:00,CLEAR,DAYLIGHT,UNKNOWN,ON SCENE,10/04/2020 06:50:00 PM,41.743976548,-87.557462097,POINT (-87.55746209653 41.74397654811),C,10,2020,16:00:00
33da56b6f3d1ea9f002234aee97403b5421ac375be9ddac43e3f6441812922a0ce6564d27de1e83b0ec8748f1632847fe5f37f192e330055c22910effb9b6ef8,2020-08-18 05:29:00,CLEAR,DAYLIGHT,DRY,ON SCENE,09/09/2020 01:30:00 PM,41.743650291,-87.645200497,POINT (-87.645200497142 41.743650291225),C,8,2020,05:29:00
33dc7ecd2600d7b2055f46ba2fd9dc32590132945c10b0ce4d1f712648b60461b0fc1a28d922d41c224b989b6131f913d465ae657c06e68d39c3e0b51b4c83b6,2018-05-28 02:00:00,CLEAR,DUSK,DRY,NOT ON SCENE (DESK REPORT),05/28/2018 02:25:00 AM,41.866967466,-87.668967098,POINT (-87.668967097994 41.866967466182),C,5,2018,02:00:00
341166e3d67f6ff1869f91add448c648677a1420762becff28edfdce7e0be6317f97feeca9f994afe598ba4933d1a25d417e6f9430c451cbd44b25767b57081b,2021-06-21 14:23:00,CLEAR,DAYLIGHT,DRY,ON SCENE,06/21/2021 03:20:00 PM,41.749759769,-87.664490393,POINT (-87.664490392731 41.749759769348),C,6,2021,14:23:00
3412ef9cfde042577c60c47f4a1393a6b55d7b814e826203c0db0852980e0f23175424866b004ac8d8ec7589e0d099c447aab417213308830ccd2de39b149083,2024-04-04 14:20:00,CLEAR,DAYLIGHT,UNKNOWN,NOT ON SCENE (DESK REPORT),04/04/2024 05:10:00 PM,41.890043662,-87.731298274,POINT (-87.731298273911 41.890043661724),C,4,2024,14:20:00
3423bf19a707550adea4280bee9aae3f7c3371914952664ae6a084a24fdde6574706a64bbaf5efce47be518733146f7dddcec1bb0bf63e1ade5d3ab4eacbc68f,2019-09-12 10:17:00,CLEAR,DAYLIGHT,WET,ON SCENE,09/12/2019 10:17:00 AM,41.909630668,-87.647519239,POINT (-87.647519239003 41.909630668091),C,9,2019,10:17:00
342e8d313a88d16e10c20cbce080f7bdd0e6b7067558f629e3bfa2c966198bc9a31eaca1902bbbedcffe8ddda6bb7cf0fe7e8e14b70d99bbed8ddcc76406ed56,2022-12-02 11:05:00,CLEAR,DAYLIGHT,DRY,ON SCENE,12/02/2022 11:57:00 AM,41.728126723,-87.682255169,POINT (-87.682255168994 41.728126722675),C,12,2022,11:05:00
345a8fa4269d68423000ada198f57c91888b2eed10ea9ef8fa6e1eca87c5df71a84b76774bd92b187e1e4b07b3ef93a4fdb7a07185a111daf707046ad3b630c5,2018-11-05 19:30:00,CLEAR,DUSK,DRY,NOT ON SCENE (DESK REPORT),11/05/2018 07:52:00 PM,41.922112857,-87.806047723,POINT (-87.806047723217 41.922112857283),C,11,2018,19:30:00
3460cb436a2b3ed73e7e3dd948f944dece7ce5d5d40e885b36ca60c2e4ec2e52dd99fa59b53b55b431a9770bb57ebfdd94853163f5640f4988aee559b3443298,2019-11-25 14:00:00,CLEAR,DAYLIGHT,DRY,NOT ON SCENE (DESK REPORT),11/25/2019 05:05:00 PM,41.979428255,-87.659805855,POINT (-87.659805854713 41.979428254922),C,11,2019,14:00:00
3498664a755346b5a15c070484513a5dc09d5c8a7e9e49b199cde1253b6874acacd362075f7126ff16dad31b92226c125deed0061b73bd8d74b77160bcac0d01,2017-12-06 21:50:00,CLEAR,"DARKNESS, LIGHTED ROAD",DRY,ON SCENE,12/06/2017 10:04:00 PM,41.780004701,-87.635975592,POINT (-87.635975592449 41.780004700896),C,12,2017,21:50:00
34af8d7e961fb06013c403a751e7332bfe36ca371d50b50ed5c01ee92474039666697880036f1cd36b797d76678e2d61216243b90fd6f62d4ca14541531ccef6,2020-10-22 15:15:00,CLEAR,DAYLIGHT,DRY,NOT ON SCENE (DESK REPORT),10/22/2020 03:35:00 PM,41.80801181,-87.721187355,POINT (-87.721187355318 41.808011809509),C,10,2020,15:15:00
34b244b6ade602e494c236feef2bc25bc4b516a32dcf2773f492417889e37a414dc7b4acc71f8dcecf4dda5150cb0794c2d8d6834f45cbd30a0ba1b4120cb1af,2021-10-29 06:30:00,RAIN,DUSK,WET,NOT ON SCENE (DESK REPORT),10/29/2021 09:20:00 AM,41.778255545,-87.756988521,POINT (-87.75698852067 41.778255544779),C,10,2021,06:30:00
34ea9eb8e7645a2705b99f347b686ee4fa137958cfd4f5bee48bf1454f31b35fb08b09cb9ce1dbc2af4670ef8d71075ca5210c19b1665a89ae08a81c066da8cd,2022-07-23 16:07:00,CLEAR,DAYLIGHT,DRY,ON SCENE,07/23/2022 04:14:00 PM,41.699846928,-87.642467301,POINT (-87.642467301253 41.699846928381),C,7,2022,16:07:00
3513c0a8a2a4a6b3af35bdbbb6294e506e3c3d9633422e6fd01f1ba90e40fda1934547213dcc0f4508963fd18bc1c95310b54fe3211fb0089d764d75ef435bb3,2021-01-17 22:12:00,CLEAR,"DARKNESS, LIGHTED ROAD",WET,ON SCENE,01/17/2021 10:12:00 PM,41.793946631,-87.683896646,POINT (-87.68389664564 41.793946631416),C,1,2021,22:12:00
3516b5bcfa22e8ec9a1bf9cdc1ef377732247e4ea7fa2f4f70f3f2f291dbcef7770f57cef50d7baa70a55500c660219e252b17ff4c418213372984caa6afff9a,2021-05-27 12:10:00,CLEAR,DAYLIGHT,DRY,ON SCENE,05/27/2021 12:29:00 PM,41.911039864,-87.64754324,POINT (-87.647543240442 41.911039864132),C,5,2021,12:10:00
3517ef2ee9f2e8500b5a9ec94a36e3aef436692ed2647619451e5a513af41299fe76f00a661c3355c8f60709a05ae679192f43aec60c48b9d6f440d1cbc71f46,2022-07-14 17:00:00,CLEAR,DAYLIGHT,UNKNOWN,NOT ON SCENE (DESK REPORT),07/14/2022 08:30:00 PM,41.975924372,-87.67932463,POINT (-87.679324630236 41.975924372075),C,7,2022,17:00:00
351fb61546c1239f547a5c2a91b38b188a9b386a0265a908f97c11c73cc583879767947c2a57e7651d6a2f0d47a0ca4648e3b11238e7dee6cb709985fe5cc963,2023-11-29 16:03:00,CLEAR,DUSK,DRY,ON SCENE,11/29/2023 04:12:00 PM,41.970763707,-87.75719078,POINT (-87.757190780263 41.970763707407),C,11,2023,16:03:00
353e0ef540c760b781fdcbb6a6970daa73bd4430baf9d23f98059892ee98bdcdfd70e0b15381104344c44306eab641f511b6c144c7a4fb222916b968a651775f,2024-03-08 06:33:00,RAIN,UNKNOWN,WET,ON SCENE,03/08/2024 06:33:00 AM,41.931688919,-87.743016947,POINT (-87.743016946831 41.931688919351),C,3,2024,06:33:00
35746239cc6322126e0a2f68265efcad2b90a3e030bd9a940f62940f3bbc92eef98f759a5f25d52c4cb37269e178a5a99af54ff6681743af5c02877c737a1071,2022-06-28 10:40:00,CLEAR,DAYLIGHT,DRY,ON SCENE,06/28/2022 10:46:00 AM,41.913737659,-87.726305319,POINT (-87.726305318847 41.913737658762),C,6,2022,10:40:00
3575618f21ea09b2fb93c90840c29c371696b0418e6ee433938c172bf0dabafb4d963d3bd2adf24d774372a5a834e2904b9def5316ecc8ee2cc89920f7e426fe,2022-09-22 16:39:00,CLEAR,DAYLIGHT,DRY,ON SCENE,09/22/2022 05:00:00 PM,41.784672908,-87.694826562,POINT (-87.694826561538 41.784672908369),C,9,2022,16:39:00
3579f87fae6e5e3876bd7f07964a7bc8ae8931ee7b775b987a368b093e07efd7577efe8de5c5ed6b5e43529d9071bf0ba1047999fae6b54ca099ed42a5ed4179,2019-06-04 15:50:00,CLEAR,DAYLIGHT,DRY,ON SCENE,06/04/2019 03:52:00 PM,41.968654687,-87.697093021,POINT (-87.697093021164 41.968654687194),C,6,2019,15:50:00
358cc0f354654f19e4d91a11f13def677c30374452f3ba82319a35d236fab0338b058fc8690c3a760efc89cf175f76e7cb3832c7f0d69317cb526df3256f87c1,2024-08-16 14:21:00,CLEAR,UNKNOWN,DRY,ON SCENE,08/16/2024 02:21:00 PM,41.996810371,-87.688780915,POINT (-87.688780914687 41.996810370826),C,8,2024,14:21:00
359b42f7acd458f8a4a0ea0f8ed8b476a221821b7e43091a876698655c5250a7bac4913de6f387a64b4e000a4f8a70b2b6f213ea604036effba896c74ba2351b,2018-06-28 10:30:00,CLEAR,DAYLIGHT,DRY,ON SCENE,06/28/2018 10:30:00 AM,42.019148993,-87.665429639,POINT (-87.665429638865 42.019148993434),C,6,2018,10:30:00
35bb0dd2e17d1dadf9c277f6041c0aa4b27885c06e35b22a0e38586ff5b18c2a54a343a732feffa14cc4933e4fd2f2a207b390af3ad8d96baab82caf486e7646,2022-08-28 19:00:00,CLEAR,DAYLIGHT,DRY,ON SCENE,08/28/2022 07:28:00 PM,41.798772584,-87.74149891,POINT (-87.741498909738 41.798772584162),C,8,2022,19:00:00
35c07abcbed3b7a7ab41be1036097841596286993cd39d37b1ad75b1b8115ffd739092df66acec95a8560e0b2bc68f0c596c0b177ae2b7da1ee7fbdef4496b54,2023-04-26 06:45:00,CLEAR,DAYLIGHT,DRY,ON SCENE,04/26/2023 09:35:00 AM,41.677820711,-87.64938832,POINT (-87.649388320459 41.677820710886),C,4,2023,06:45:00
35d1b547a53c44cb60c1f148355534faac0fae353b8b689da80887ad3097b49766f31cab80c9f64abb45f5ee317baa8a0a3b73964b955eb4186d8c104162a368,2024-04-03 15:20:00,RAIN,DAYLIGHT,WET,ON SCENE,04/03/2024 03:42:00 PM,41.872456249,-87.676581296,POINT (-87.676581295909 41.872456248645),C,4,2024,15:20:00
35d3153b7370e05dde6e99793d425197ccda7ce51737a402fc3eb4725bfdf9e0d29cab65e75b293c1e5193118e22a965b8c6e10ecf23ba4de333f79b53b15bc6,2023-11-12 12:15:00,CLEAR,DAYLIGHT,DRY,ON SCENE,11/12/2023 12:45:00 PM,41.813914311,-87.723664942,POINT (-87.723664941947 41.813914311347),C,11,2023,12:15:00
35f89cf8a128e76c5600d879b62dc3aea52705ebc922a2546a55980da190ff67f8a86bd28be0a5cd4b8b2ea1b8780c6460654fdea7351fadf9cc3908245569b0,2023-09-18 12:00:00,CLEAR,DAYLIGHT,DRY,ON SCENE,09/18/2023 12:01:00 PM,41.744224347,-87.635787199,POINT (-87.635787198948 41.744224346704),C,9,2023,12:00:00
3603a4049c223e4de81de73d4db6c549ff455267ec623347a931a4a726d927891ba00db417414774bd67189152b7549fe8f920bd005b5e0427d27ef36bbce1e9,2024-04-08 19:00:00,CLEAR,DUSK,DRY,ON SCENE,04/08/2024 07:04:00 PM,41.973368386,-87.65888197,POINT (-87.658881969524 41.973368385843),C,4,2024,19:00:00
36538f63e7ff2b56bbe7d616f24664baab7799827d151eaab0bbde2ed51c87d95cdc658297b341815e784b8d8d8752303530dca20238047755d6eda334aa9ba5,2019-08-03 12:08:00,CLEAR,DAYLIGHT,DRY,ON SCENE,08/03/2019 12:10:00 PM,41.904182163,-87.75493497,POINT (-87.754934970205 41.904182162989),C,8,2019,12:08:00
365e08995a5f5d890fae348cc923228bced7cd51cd97db3ead940b655dd1f65cf35afd9607de808dd0eb47e8f3063929249cab6272c1e0aa383a1b5b02e4fc60,2018-06-23 09:09:00,UNKNOWN,UNKNOWN,UNKNOWN,ON SCENE,06/23/2018 09:10:00 AM,41.84063084,-87.728040752,POINT (-87.728040751764 41.840630839592),C,6,2018,09:09:00
366d8fc7ef51668e79b294c86e5fa277279037fff880f6cec6b50eb6c5d2a8825f9a92137eabeabc28ac71b2d9cb2c162eb04b8a9d6b14ffe2471cfe06dbc4da,2022-05-05 16:40:00,RAIN,DAYLIGHT,WET,ON SCENE,05/05/2022 04:44:00 PM,41.741238405,-87.714492266,POINT (-87.714492266332 41.741238404792),C,5,2022,16:40:00
36726c3d966c55b897b08b5d4f81689c207dc7f0350301061cc17676236295b7ea14b090d3888baaf02f4e4b54dba1a56c86e5005b7b85faf8acdf8a4b33e8e9,2023-08-29 06:36:00,CLEAR,DAYLIGHT,DRY,ON SCENE,08/29/2023 06:40:00 AM,41.881418881,-87.662482981,POINT (-87.662482980676 41.88141888121),C,8,2023,06:36:00
3681fc0a52d6bb99fd97974eccbde49a6920a3903e93ced7cdf5e2c93f697ce3c126eeae30647a175ec9f49b4be1a880235f6ac6bf0ceda79d02166bf0f60fd5,2018-08-31 10:50:00,CLEAR,DAYLIGHT,DRY,ON SCENE,08/31/2018 10:51:00 AM,41.811261436,-87.606749972,POINT (-87.606749972034 41.811261436387),C,8,2018,10:50:00
368a297f0819702c8080d5ca65f28e5cdca030fd36182c45b778c848c242e0f42606454e19ef9d909153620be63c8f1a08da28521ad24e2ed3f39ee5b5f0dc5b,2020-10-26 07:42:00,CLEAR,DAYLIGHT,DRY,ON SCENE,10/26/2020 07:42:00 AM,41.88198557,-87.725854585,POINT (-87.72585458505 41.88198557029),C,10,2020,07:42:00
36991991aad3b51c4ef2e9522f33ffbc10443cbbb113a86f7d39ea909ae3394940a36e18e3c7e3a094557a6cf8ded7c98d5d8f1f6f08e0adca45808a6e086192,2023-12-11 07:51:00,CLEAR,DAYLIGHT,DRY,ON SCENE,12/11/2023 08:30:00 AM,41.765287601,-87.62475475,POINT (-87.624754750499 41.76528760148),C,12,2023,07:51:00
36a1417fd8533e54a8d8f070e052eabe988a7c85436a4effb6646ab76dc27c1294849e6fde697c405a22abdaa404fc4ce75f7da6c75163d9833ec8e0522ed468,2023-12-16 17:00:00,RAIN,DAYLIGHT,WET,ON SCENE,12/16/2023 05:05:00 PM,41.828355106,-87.704400621,POINT (-87.704400620843 41.828355106082),C,12,2023,17:00:00
36a226c5baae22837411a4d4812f92e1947f4757872ff6e469e2723339d0f12e15a2986540a25e9c45ec1b9976707479de41b881ef3e25334ed7829ec1109124,2021-01-05 00:05:00,CLEAR,DARKNESS,UNKNOWN,ON SCENE,01/05/2021 10:50:00 AM,41.89234714,-87.629007409,POINT (-87.629007409126 41.892347139749),C,1,2021,00:05:00
36acc47b86aeabd301182bf2a704f51afcb3993e64cdb6b9f0f34d72ba2b09c5eb04f4387d886f655b6317c1baa177cb91a4dd00829c9a975ea086915d0492fb,2017-09-30 17:00:00,CLEAR,DAWN,DRY,ON SCENE,09/30/2017 05:00:00 PM,41.880468498,-87.756134003,POINT (-87.756134003346 41.880468497667),C,9,2017,17:00:00
36c2a1f9fabcebb4a1c23ef7231f5785963ad0b1738032fc04f64d2b458a3d940d268faba5f7c0f6b50166577e4ddb20a9e599f7c7d4efa62a443971a6d00075,2021-08-09 11:40:00,RAIN,DAYLIGHT,WET,ON SCENE,08/09/2021 11:45:00 AM,41.957905451,-87.732456956,POINT (-87.73245695558 41.95790545144),C,8,2021,11:40:00
36c39e80e48defc0716a0efc195149b3a97b902d7f9654d4bb61cb69e2130faefe19769f251de53b8d403cdbc3fc8082bc308a0a9205df1283eb7d4bd8f64925,2019-06-08 12:50:00,CLEAR,DAYLIGHT,DRY,ON SCENE,06/08/2019 12:50:00 PM,41.968890075,-87.713230892,POINT (-87.713230891531 41.968890075084),C,6,2019,12:50:00
36e9fe945bb315811ab5bb64568fe7a090064d4a9ddabb10a0425cdc93209f57055740da52ab09f15a08868a1aa462b7abfc6e3aea1bbb5c75d845a4fff72d36,2015-12-20 19:30:00,CLEAR,"DARKNESS, LIGHTED ROAD",DRY,NOT ON SCENE (DESK REPORT),12/20/2015 09:25:00 PM,41.874977782,-87.753426196,POINT (-87.753426195825 41.874977782103),C,12,2015,19:30:00
371d08df904d4fe4924145f9e06f59a6c8135f66f671716a6798b8ea6706364b104f89857bef87e7b60a45bad99bcd746c54f50f50a68b5969dafe9c281df9e0,2024-08-14 21:00:00,CLEAR,DARKNESS,DRY,ON SCENE,08/14/2024 09:43:00 PM,41.955999882,-87.753405834,POINT (-87.75340583366 41.95599988183),C,8,2024,21:00:00
373b66344a986638ec2eaba1c82e6cdc85fea4b4176306749aca01db54170bed90ea03201e806309a3206034ee8a023e3ea7f61e97cbd986275542869bee89ec,2017-09-30 11:00:00,CLEAR,DAYLIGHT,DRY,NOT ON SCENE (DESK REPORT),09/30/2017 02:40:00 PM,41.751436807,-87.60148817,POINT (-87.601488169794 41.75143680671),C,9,2017,11:00:00
374b0283aaf19226a16c9f464421cdd3cf4ad8704f20d3a5a22e5595e10de9303dfe3d0c7a3f171f878c0a01ffb8b0a31adb9e35cb990b687902a4be08d401e2,2017-06-02 18:21:00,CLEAR,DAYLIGHT,DRY,ON SCENE,06/02/2017 06:30:00 PM,41.969234507,-87.652119825,POINT (-87.652119824734 41.969234507421),C,6,2017,18:21:00
3754f57f4d6d9216ba7b3e3ec4fda12e0bf2e55c372851149d7cbacc4dd87a5be114f84773d0adf77e2dad114e6deb74f29d42c286c9c3e7ecec5b0033f746e6,2024-04-23 16:20:00,RAIN,DAYLIGHT,WET,ON SCENE,04/23/2024 04:22:00 PM,41.838545732,-87.65279298,POINT (-87.652792979654 41.838545732093),C,4,2024,16:20:00
37748f3d4a443d13f1729c932394869d2c660aadf940f0ae0a3ed221f9e8fa075174eab9b599154bcc8447ea2384ecee2bfad4b1c437dea93154e76056f89978,2023-10-22 15:03:00,CLEAR,DAYLIGHT,DRY,ON SCENE,10/22/2023 03:17:00 PM,41.994714275,-87.71371841,POINT (-87.713718410086 41.994714274976),C,10,2023,15:03:00
377dd8d026a3f8ac880928139cae67181f49863c3365a5c378551664132039777cce16bae8f5690bfb8d6880dfa94b3460891fcaa288dcb93bc8ffbcad0a0f60,2020-01-08 15:14:00,CLEAR,DAYLIGHT,DRY,ON SCENE,01/08/2020 03:16:00 PM,41.953091268,-87.765195569,POINT (-87.765195568592 41.953091267848),C,1,2020,15:14:00
378a8efba62e0d1d27ece2da7e3439ead36bba046ce08765bf6547a65cb420a42927fe2922581cebf933dd6861947546f642b732070a39f5e1827e66492e82a6,2019-09-24 22:45:00,CLEAR,DUSK,DRY,NOT ON SCENE (DESK REPORT),09/24/2019 11:15:00 PM,41.848378175,-87.666109967,POINT (-87.666109967096 41.848378174507),C,9,2019,22:45:00
37b5f6c5b681c90928f0ad8a0216ae86d5dada40e40cae79a08e13be7d87c72263d8251d51a8ee2a71c9bc2f08ffdfcc21c32c48f6daba8ea051a315fa0bb2cb,2023-08-15 13:30:00,CLEAR,DAYLIGHT,DRY,ON SCENE,08/15/2023 01:35:00 PM,41.692051515,-87.658651007,POINT (-87.658651007442 41.692051515119),C,8,2023,13:30:00
37ea825aa79d2844966a0a2dcadac9966f6e79c49d3d1a1614adc5b7c78fcf86d0943b49fd51a65a504930464401083b992f7f31fe63755976426ee19a878131,2021-05-13 17:01:00,CLEAR,DAYLIGHT,DRY,ON SCENE,05/13/2021 05:01:00 PM,41.924283504,-87.751351964,POINT (-87.751351963724 41.92428350376),C,5,2021,17:01:00
381120756ced5ea958363ca628db06c522e548529d9c30d175f3a16cdf4b642475a8833d397d73ee408743e923a5bf1e331398646da66f65a33dd1386ae9e137,2021-08-21 12:30:00,CLEAR,DAYLIGHT,DRY,ON SCENE,08/21/2021 01:20:00 PM,41.921570252,-87.701809546,POINT (-87.701809546442 41.921570251782),C,8,2021,12:30:00
3838443ca9ca4c2d1f88ad34e67a4adfdbb2753a61073bd0ce2dc484c348b28870999e7ab5357d58ff24354f68a985943b69eddc25cc415fd81c3502182dcebb,2021-07-05 17:40:00,CLEAR,DAYLIGHT,DRY,ON SCENE,07/05/2021 05:40:00 PM,41.92527325,-87.79514623,POINT (-87.795146229611 41.925273249594),C,7,2021,17:40:00
3849bea466bc8a134773f76b2f85332a87bf4f2c390afb96df11d64f3b1ae9512b1bbb8ee3c20373528e4f9e65c935bb0278d81cb2dcc71d6f65b68361402ef7,2022-12-03 18:15:00,CLEAR,DARKNESS,DRY,ON SCENE,12/03/2022 06:17:00 PM,41.94757825,-87.708924244,POINT (-87.70892424432 41.947578250337),C,12,2022,18:15:00
384e9f8549ca398c8b2f60e6773a982a991640ad2a156664a3e9070d3f702af05e10b232fd08f2bed39b623f8eedf48ebc973a11bdd45f17fa9d1fcb00662dc0,2017-09-06 08:14:00,CLEAR,DAYLIGHT,DRY,NOT ON SCENE (DESK REPORT),09/06/2017 09:18:00 AM,41.848186322,-87.71008096,POINT (-87.710080960218 41.848186322399),C,9,2017,08:14:00
3859dff87df7b8e7f57bcb8ad88ffe10e0a4cb9fb28d8ef54fe8329f4e847519dc8626ac27ab1444e27b698bd91053a3a50d741b49c1963db446920f7da964e6,2024-06-09 09:54:00,CLEAR,DAYLIGHT,DRY,ON SCENE,06/09/2024 10:00:00 AM,41.961876907,-87.767139154,POINT (-87.767139154035 41.961876907113),C,6,2024,09:54:00
3869e40f17a4153eb338867131a120c9307b4458be564592e068cc24ca0a970633b981c49abf1709843f31a0e440b65f858509582d7621f69180125203922a46,2022-11-04 13:55:00,OTHER,DAYLIGHT,UNKNOWN,NOT ON SCENE (DESK REPORT),11/04/2022 08:19:00 PM,41.871459803,-87.629727476,POINT (-87.629727476204 41.871459802919),C,11,2022,13:55:00
38b082bb89b960c321b34a5041efe54484efcc4410611b5f45b9753c2aab4fdc5708609de97d15dad80653e1682168774683fa7d10aec154a342f0786c727547,2018-07-14 18:10:00,CLEAR,DAYLIGHT,DRY,ON SCENE,07/14/2018 06:15:00 PM,41.937879871,-87.671177633,POINT (-87.671177633025 41.937879870523),C,7,2018,18:10:00
38cd359447be50761d8e5b70a85fe479f65279a263c8dc90fa93dcc90e184d6d2587bc6bfac17c3e6429972131b220af68726f58e510991e7e2685c0d8d0520d,2023-02-09 01:30:00,RAIN,"DARKNESS, LIGHTED ROAD",WET,ON SCENE,02/09/2023 01:43:00 AM,41.765738128,-87.675843137,POINT (-87.675843137401 41.765738127834),C,2,2023,01:30:00
38d1183c877b5bb6aada7d218ba5e776d50620934de39ff3f2cdf653a465ab9b4f7408dd6402f816c327ec06afaa99359dfa2ecfe86990bd3cf9d922aba48aff,2018-11-10 12:10:00,CLEAR,DAYLIGHT,DRY,ON SCENE,11/14/2018 12:30:00 PM,41.79799187,-87.723443741,POINT (-87.723443740796 41.797991869962),C,11,2018,12:10:00
38eabea589412998329354f72f4c994868470d0e375b1824b3ed40852d90fa6580f193b5a80d6e4403202c2a5a64fb8cfc2691dfed24e206753ea9cac16c6443,2019-11-13 14:50:00,OTHER,DAYLIGHT,ICE,NOT ON SCENE (DESK REPORT),11/13/2019 04:30:00 PM,41.992467671,-87.655531428,POINT (-87.655531427841 41.992467670509),C,11,2019,14:50:00
38f2ad332a35d3738a2dc2b5f4cf33b50a2b0301a367277877d3ab1e65f6d65156855ffb9f6146ad007bfc17fe4a34acc5a2de62492dc650077dac2da790d641,2018-03-16 06:15:00,UNKNOWN,UNKNOWN,UNKNOWN,NOT ON SCENE (DESK REPORT),03/16/2018 02:20:00 PM,41.938647637,-87.806916922,POINT (-87.806916922101 41.938647636631),C,3,2018,06:15:00
390a32aba27d0034103a0ed3d9e8a97c33d599a8258d97a68463e0797e54987ce09b94a33aeca235725da9e4502e31af8a3b13f3c7138f1c12cad0211158013e,2021-04-28 19:00:00,CLEAR,DAYLIGHT,DRY,ON SCENE,04/28/2021 07:00:00 PM,41.925027153,-87.669246777,POINT (-87.669246776856 41.925027153392),C,4,2021,19:00:00