CRASH_RECORD_ID,CRASH_DATE,WEATHER_CONDITION,LIGHTING_CONDITION,ROADWAY_SURFACE_COND,REPORT_TYPE,DATE_POLICE_NOTIFIED,LATITUDE,LONGITUDE,LOCATION,CRASH_TYPE,CRASH_MONTH,CRASH_YEAR,CRASH_TIME
3919f9c86cd4c9cd233362eca2b0e4516b086bab3aefa8f363e80b675d04eb38d44669e11c9c4c69b01141e3152471ae78c16ee2d4565eba7abf1e0feccdb354,2017-08-16 10:23:00,CLEAR,DAYLIGHT,DRY,ON SCENE,08/16/2017 10:24:00 AM,41.807605202,-87.735754882,POINT (-87.7357548823 41.807605201838),C,8,2017,10:23:00
392a7c222d67fa18450b952b1a363f26110fe23333dd84d2f4cc0e338403daf98285c4dec8b8a9f3cc91cdf40cb4830d0057ffc9dc64d9d28c16f322b53e982a,2024-01-07 19:30:00,UNKNOWN,UNKNOWN,UNKNOWN,NOT ON SCENE (DESK REPORT),01/07/2024 08:15:00 PM,41.893519042,-87.620153263,POINT (-87.620153263459 41.893519042362),C,1,2024,19:30:00
392b99fb7fb75f89400ecf9060ac330df62b576e8401218c57ab52f7b3d0269006ac67f01496fce0a470b754876a1c9a67a261b4f2612e7103c7e20d648b9f92,2017-11-11 06:30:00,CLEAR,DUSK,ICE,ON SCENE,11/11/2017 06:30:00 AM,41.977983907,-87.716179205,POINT (-87.716179204572 41.977983907081),C,11,2017,06:30:00
392cf27280aa1384fe7da6418578a1905a61dc8cafa63e3bece3cc8bf433ac7881b9359963a38d7ff90149fa0bcd688319588772fbdc6bf0568f33e09d07b645,2022-07-09 17:29:00,CLEAR,DAYLIGHT,UNKNOWN,ON SCENE,07/09/2022 05:39:00 PM,41.758244893,-87.629467286,POINT (-87.629467285689 41.758244893048),C,7,2022,17:29:00
392f1a9b0381ab7da1db7efc7169a2398044aa3cce2e822945729db6cfa398c35dba27b6af9b87015a665105e8346435b5a80f3f4725a2afd36682d22d5e1f26,2019-01-19 09:50:00,SNOW,DAYLIGHT,SNOW OR SLUSH,ON SCENE,01/19/2019 10:15:00 AM,41.714988821,-87.644202162,POINT (-87.644202161632 41.71498882126),C,1,2019,09:50:00
395a452219edc548095e6777ea80ce26c861d5f3fb3d67769fe51065167f606e6edbb0e1c38e4d132b8d07a873d1d4f67dafdf99b6903c51436dbbc4c08df289,2019-11-13 08:45:00,CLEAR,DAYLIGHT,UNKNOWN,ON SCENE,11/14/2019 02:35:00 AM,41.847339898,-87.729423029,POINT (-87.729423028724 41.847339898005),C,11,2019,08:45:00
395ad0d3b605bdaa4751d99ec757ee4f0867c84b38ccbbdb3c35205cf54783ce8f9697812c456b232b9a20b24ba90f9796f44ab94e23f89609335b75e184b2fc,2020-08-04 19:01:00,CLEAR,DUSK,DRY,ON SCENE,08/04/2020 07:01:00 PM,41.759516862,-87.662204919,POINT (-87.66220491945 41.759516861548),C,8,2020,19:01:00
395c85fe1e911130732a417d950054df943d65eee81dcca402a94947152e9d6f9e1d7616a6a57080c99ae1be5a3a778648f96d778a455d1dd1a687020628e0bb,2023-11-21 17:38:00,CLEAR,DUSK,DRY,ON SCENE,11/21/2023 05:52:00 PM,41.962392714,-87.728012185,POINT (-87.728012184971 41.962392713702),C,11,2023,17:38:00
398370c18a2614b7d310f2d09974d1f7e134b86b3a88652fb1046bad4f8eecaaf2cc203852b8d265ec77ba446f1aeab2a7115a9e893fc82ec2c4122a902f2671,2024-06-25 12:25:00,UNKNOWN,UNKNOWN,UNKNOWN,NOT ON SCENE (DESK REPORT),06/26/2024 11:45:00 AM,41.864521194,-87.6393041,POINT (-87.639304099636 41.864521193744),C,6,2024,12:25:00
399331d17ec05dc5ae958958a63cda89f5c52e6f2ed978918f770e17cfc1c07dea76dab706b16ee0f72937e6e12ad3ab713bef28c666d77090884299a70ad129,2019-10-22 20:45:00,CLEAR,"DARKNESS, LIGHTED ROAD",DRY,ON SCENE,10/22/2019 08:52:00 PM,41.959187237,-87.714244293,POINT (-87.714244292898 41.95918723699),C,10,2019,20:45:00
39b1313d382c63da104223ef99ee9f7bac193d7028fd09c89babb0049f903cd3949fd8ac2c86a4fe1f7a896e41be72797fccfceb33746845d49e1fb7609bd486,2024-04-07 06:00:00,CLEAR,DAYLIGHT,DRY,ON SCENE,04/07/2024 06:45:00 AM,41.925084655,-87.70708175,POINT (-87.70708174982 41.925084655161),C,4,2024,06:00:00
39c5006341c744f501be0f8642a3f341e0c515caf187d7aa6783362a6d32863baee738d3be5eaf2a48eb057d2f899847a617c4e627c101b50c45bd183fec5be2,2018-11-27 15:00:00,SNOW,DAYLIGHT,SNOW OR SLUSH,ON SCENE,11/28/2018 03:22:00 PM,41.830701687,-87.623395346,POINT (-87.623395345899 41.830701687298),C,11,2018,15:00:00
39d3f43b1954704bf13b4b241fb671343471ded2ddfd0ae1ea6a52512b44537aa53cf43f160f87f368b387eae318d99f6af9f215a63be5d4595f22f0d5c536c6,2021-08-13 19:30:00,CLEAR,DUSK,DRY,ON SCENE,08/13/2021 08:06:00 PM,41.758406463,-87.609104168,POINT (-87.609104168154 41.758406462888),C,8,2021,19:30:00
39e82ac144bf3f3316d97dcf342bd7c300a203e32245702570e5c0a4ceb3e8cbf3bdeb8c55eb9f1f235033f17e055505f495d2025a6523e876df31f01f3a8ea2,2019-08-16 08:30:00,CLEAR,DAYLIGHT,DRY,ON SCENE,08/16/2019 08:30:00 AM,41.994793386,-87.88270766,POINT (-87.882707659516 41.994793386112),C,8,2019,08:30:00
3a16e40a5ea4cee1f5526edea55e1dff6cf9927405736e85aee668bed861a6bd56a190397cdc2e0492873c0528d1e4b27638dd01c818e828ec2f93eab10bb668,2019-01-15 23:30:00,CLEAR,"DARKNESS, LIGHTED ROAD",DRY,NOT ON SCENE (DESK REPORT),01/16/2019 12:12:00 AM,41.881951876,-87.636620349,POINT (-87.636620349402 41.881951876486),C,1,2019,23:30:00
3a28385e13cd5e2179be229e5aa2348711caf1f564034fa775e6e6ba0e1dc2b8f5f094790303c52d052132b6781c93fe26b949b76a6ce07ef06f0debb43dd1cf,2017-03-22 08:40:00,CLEAR,DAYLIGHT,DRY,ON SCENE,03/22/2017 08:50:00 AM,41.878388292,-87.624399166,POINT (-87.624399166392 41.878388292432),C,3,2017,08:40:00
3a39007e1b87aca44516758e2fa6dd656e7da29327d562156fa474b6027e2fd4fe592ca6f311eafbe5ee636b6f7f5603de4479da1d1a1ac1b3cd0a5fecc4f9cc,2024-06-23 00:10:00,RAIN,DARKNESS,WET,NOT ON SCENE (DESK REPORT),06/24/2024 02:00:00 PM,41.681528365,-87.642179476,POINT (-87.642179476285 41.68152836459),C,6,2024,00:10:00
3a4a78315a42f7c6c1a31f1c67aff422f335d28bb5e595f8dee559cc4a54b8a39bb0df64a660a0ee598583c31fa582415f5980066b6d77c4a31f3ae0a61b1a13,2023-07-10 16:00:00,CLEAR,DAYLIGHT,DRY,NOT ON SCENE (DESK REPORT),07/10/2023 07:15:00 PM,41.819034002,-87.600417804,POINT (-87.600417803908 41.819034001577),C,7,2023,16:00:00
3a4b613d10657e3f98f886b961a9b8fb26f3fa593a7ea66055f67076c33216caf1692fc20ec20356cb24b36d0754f46a4ebbefb4dfaf673e3be3ff9891319a72,2022-04-19 10:35:00,CLEAR,DAYLIGHT,DRY,ON SCENE,04/19/2022 10:41:00 AM,41.911707112,-87.805715051,POINT (-87.80571505133 41.911707112108),C,4,2022,10:35:00
3a61aeccb34971282e5fc65a25aad8e3cc6ce3708e4a5fe8e26218321c62a1298b3ce53b3ea6dc5a2c901306d4cdaa09d6185b10e1735ef26d3366192a42e678,2019-10-23 09:23:00,CLEAR,DAYLIGHT,DRY,ON SCENE,10/23/2019 09:36:00 AM,41.932176636,-87.678009054,POINT (-87.678009053887 41.932176636385),C,10,2019,09:23:00
3aa328ca5f1ace6be566d026afd0c16e972f5feee26c1b3b68536e03239ca7f768e405d28ab8a8b8ec7966c3d36990791eadd828439227414cbcbbacb99a6679,2020-06-09 18:00:00,RAIN,DAYLIGHT,WET,ON SCENE,06/19/2020 06:45:00 PM,41.721431205,-87.637212812,POINT (-87.63721281227 41.721431204631),C,6,2020,18:00:00
3ab7a7b32a17fb417232d21726af0ce73f410d0b46a8769d51b63514c756960390d1cf2f35bc906bbd6f8007bf1b0a0f9db97887b9e99364cf39f54973d195e6,2021-04-21 17:45:00,CLEAR,DAYLIGHT,DRY,ON SCENE,04/22/2021 04:00:00 PM,41.997465614,-87.787452726,POINT (-87.78745272642 41.997465614163),C,4,2021,17:45:00
3ac814fe90933bbd0e1b924632f25f079ee9d74ae322659d4c6a38b3e3d2d414bc63667d84224898b0587ceab1112d3332701e13fdc42ecceea1ead9c8a77f83,2022-09-01 15:20:00,CLEAR,DAYLIGHT,DRY,ON SCENE,09/01/2022 03:30:00 PM,41.89548303,-87.725381768,POINT (-87.725381768493 41.895483029594),C,9,2022,15:20:00
3ae373e9810a720dacfad8a49460b9cb8fe395783ab4fabc248d67fc8764cbbb1013372b0de43c37838407070487cfdf161b0fd3d573761ed6517d96449fb74c,2020-05-14 11:40:00,RAIN,DAYLIGHT,WET,ON SCENE,05/14/2020 11:45:00 AM,41.900958919,-87.619928174,POINT (-87.619928173678 41.900958919109),C,5,2020,11:40:00
3b0248fc7398006be2c5fe205cc352d49452cdf55ffbde8828f17727aaa7ebc179d846a8c47d31c086e5dcbf5b79818506376c61261c0dc8ed6c51fea198661a,2023-09-21 12:00:00,CLEAR,DAYLIGHT,DRY,ON SCENE,09/21/2023 12:08:00 PM,41.924028224,-87.742494712,POINT (-87.742494712227 41.924028223872),C,9,2023,12:00:00
3b5129c763f2dbf53dc6252bfd6d4cb51856589e39ada3a47b46efb1292a27a89de07b634e6ee62203071a5891666a043c2ad56de4ddce54ec16d6598edadeed,2023-05-24 17:00:00,CLEAR,DAYLIGHT,DRY,ON SCENE,05/24/2023 05:09:00 PM,41.965651338,-87.687436176,POINT (-87.687436175687 41.965651338476),C,5,2023,17:00:00
3b79b2450f0c2e44f36637cf8f3bedba5c69cab7cbf5255502a5c7cf6e18899d93b712beab6edd944bfa5a78d5c5b0df0230708c774f5708f35c87d0ed997806,2017-07-06 12:00:00,UNKNOWN,DAYLIGHT,UNKNOWN,ON SCENE,07/10/2017 06:00:00 PM,41.86762759,-87.686412626,POINT (-87.686412625598 41.867627590376),C,7,2017,12:00:00
3b9c60c27abc6be15f47c92b76c199196c7365fefdf50988620ced14d3d4dc09aaeeda271dbb28fb58a870273564ced08f5601a957d13f78c7c8dcf7953bcb73,2020-08-13 13:13:00,CLEAR,DAYLIGHT,DRY,ON SCENE,08/13/2020 01:20:00 PM,41.894321623,-87.620096661,POINT (-87.620096661238 41.894321623032),C,8,2020,13:13:00
3ba29fbb0faf4cd7fc3da6501278ce23eeb3ba533fb73f0130f29f23c5d8ead3b4e0ff42851a4fb2c2a70ecf50c70ea8b145bf258a4adc07a381fb067c2309b2,2020-07-08 05:50:00,CLEAR,DAYLIGHT,DRY,ON SCENE,07/08/2020 06:00:00 AM,41.856176742,-87.717744867,POINT (-87.717744867389 41.856176742283),C,7,2020,05:50:00
3bafa9b994f1bd7fe30962971e09e5e50ccd96945a5b0acde2a5451167b4581de1cea57a0162829b3c52862198b0efdbc50fa1c23af1c3ed266bda35b930f82e,2019-02-01 09:35:00,CLEAR,DAYLIGHT,ICE,NOT ON SCENE (DESK REPORT),02/01/2019 10:05:00 AM,41.951902534,-87.646357318,POINT (-87.646357317784 41.951902534305),C,2,2019,09:35:00
3bb668276515ae0c87cd9af855d6c74901cb194585d837210dd4a8125ed03744cc6916fbf3180aa51d40a3a0b2faca55ae23b10558d592f2b6d356291ea7e000,2017-06-20 14:30:00,CLEAR,DAYLIGHT,DRY,NOT ON SCENE (DESK REPORT),06/20/2017 03:05:00 PM,41.938617463,-87.766648297,POINT (-87.766648296838 41.938617463273),C,6,2017,14:30:00
3bb803d89cf584752d5ce80d4defe3a1a30b2548d28dedd57445af344d5099c8a6d475fb7c4f5f995b91167c43f8b13d65e844cf710c0c869d62324198629f06,2019-01-13 10:50:00,SNOW,DAYLIGHT,ICE,ON SCENE,01/13/2019 10:55:00 AM,41.967602301,-87.704633329,POINT (-87.704633328984 41.967602301411),C,1,2019,10:50:00
3bd3587ea3373216c5f97262d27ad47223778de8492cc69290be8f8b1d1d4ecf47683c1e0e6e1b004fa9334b3341a3b1d23a63d183f6a7cae989db5c6d202aa8,2023-03-06 13:00:00,UNKNOWN,DAYLIGHT,WET,NOT ON SCENE (DESK REPORT),03/07/2023 01:30:00 PM,41.984733935,-87.656793985,POINT (-87.656793985453 41.98473393466),C,3,2023,13:00:00
3be068dbe0d1bfa5518eafb028d551f1d6017c5f84d171adeeecfc67afe29424842cc371b11feb11de8740fa4cfbdef27058b42421557a351eb5a228cb87f26c,2017-11-28 12:08:00,CLEAR,DAYLIGHT,DRY,ON SCENE,11/28/2017 12:48:00 PM,41.993313389,-87.712366868,POINT (-87.712366868469 41.993313389137),C,11,2017,12:08:00
3beba627536790df7d7e64cb8e5ac807ff62c9f695ae6886523c73cfa6763adc2976c254619caf8360cfff617027863e77dd236d493c56bcaf4ff41fb197ba50,2019-04-11 15:00:00,CLEAR,DAYLIGHT,DRY,NOT ON SCENE (DESK REPORT),04/11/2019 07:30:00 PM,41.958885048,-87.757450938,POINT (-87.757450937962 41.958885048452),C,4,2019,15:00:00
3c0256c42729fb809a4e8a77a696e0db218266aded8e6261f800e7e53a99a10863f76debd3d8a0738102087a90faa6534b041d8b3dc998e7a2b2d2e5276dcc3f,2021-10-07 17:08:00,RAIN,DAYLIGHT,WET,ON SCENE,10/07/2021 05:09:00 PM,41.678037829,-87.61459082,POINT (-87.61459082026 41.678037828982),C,10,2021,17:08:00
3c178e69b2f169c4580b4cddfe24dec58abad8b25b2efc0afd6bf45a0c9618bd2c95c2e5941b3144fef954c1f36e82362cbeccd49fbbd2f6167b17dba819be02,2020-04-11 02:21:00,CLEAR,DARKNESS,DRY,ON SCENE,04/11/2020 02:21:00 AM,41.760024974,-87.630029372,POINT (-87.630029372239 41.760024973649),C,4,2020,02:21:00
3c4d7c8644a9ff1c9caeb044ef745b0c96a1a1fbf0479e28edbb347bab0e8caaf3929fe1eb055eeb2b24e557fbe48eb1deba3c6c5b55ee3c079af4e3aa5d59f6,2021-04-21 15:48:00,CLEAR,DAYLIGHT,DRY,ON SCENE,04/21/2021 03:55:00 PM,41.803315591,-87.585287418,POINT (-87.585287418104 41.803315590602),C,4,2021,15:48:00
3c617284da0a3db6aa101f6d0336e6455cc9b5c40b17cc6f13fb4f10c6915bf99d37b32db481144507c094676cb2632dc445888f83c9a46760251d97455ca536,2023-02-03 08:40:00,CLEAR,DAYLIGHT,DRY,ON SCENE,02/03/2023 08:40:00 AM,41.827637978,-87.608708355,POINT (-87.60870835511 41.827637978027),C,2,2023,08:40:00
3c67c6101145bb81b7bb1c3e6a6117c558b6ecada838ad84bbf181fdf2b75d254597bb565145b779a99b7f142c15d07d28b187e70b5a6b9f886dc8263248af59,2023-12-08 07:00:00,CLEAR,DUSK,DRY,ON SCENE,12/08/2023 09:30:00 AM,41.763547109,-87.575018901,POINT (-87.57501890114 41.763547109457),C,12,2023,07:00:00
3c7f70a405fb1b62698b175530d4d41885b56c396ec2728e40cce5564623697dc730f154184ba1cba5fe548579833110db5693a6d43818f33b6a5621b88a3f9a,2016-12-23 12:25:00,CLEAR,DAYLIGHT,DRY,NOT ON SCENE (DESK REPORT),12/23/2016 03:00:00 PM,41.780148264,-87.614552135,POINT (-87.614552135332 41.780148264311),C,12,2016,12:25:00
3c8308526738f48193900fa5ccdda447515b5705a16db9844a817154a6f99b9d6e2f961ffd1180b29ee438c1af8ea7e00c2b37dc05a9afb9fd1a6a5bca06447a,2021-03-13 15:40:00,CLEAR,DAYLIGHT,DRY,ON SCENE,03/13/2021 03:45:00 PM,41.801296201,-87.708845687,POINT (-87.70884568715 41.80129620087),C,3,2021,15:40:00
3c8f6c097c37eaa9710e0cefdf5005333af5688ba6963f94f0b7977d9ed1c25e681b584a241daa9b04e8a6468c0da19da0d284572801327dc106b80af03b8588,2018-02-14 08:45:00,CLEAR,DAYLIGHT,WET,ON SCENE,02/14/2018 08:59:00 AM,41.779235217,-87.692743789,POINT (-87.692743788854 41.779235217318),C,2,2018,08:45:00
3cb0238a7b1b021dbdf0c50ef8072b48ef6f8a8466eda36bd7084c6f3ec4301b0fb40ae07ac897ab885724a3eafec0a4193f5df24e8f78e985d43e7c5a05f1d7,2024-01-23 17:09:00,SNOW,DUSK,SNOW OR SLUSH,ON SCENE,01/23/2024 05:19:00 PM,41.746250713,-87.63645652,POINT (-87.636456519884 41.74625071309),C,1,2024,17:09:00
3cbe060df47197fbd6b59280139bbbd2fd53bb859be5e63a3385e458ed19643df0814e943b470c5f90bc38f6da6233e758897dec063e405181b456e946545954,2019-05-07 09:50:00,CLEAR,DAYLIGHT,DRY,ON SCENE,05/07/2019 10:10:00 AM,41.885544406,-87.661375276,POINT (-87.661375276172 41.885544406455),C,5,2019,09:50:00
3cc45e29d5e0ca6a7d3b5f63efe60eb6746efc353f73f7a578b745b99ce62f29af2751626b23ec8feda32cf570e2390ee6b562b83886229de54fc782a349e656,2021-10-02 16:02:00,RAIN,DARKNESS,WET,ON SCENE,10/02/2021 04:04:00 PM,41.867521937,-87.627522975,POINT (-87.627522975034 41.867521937068),C,10,2021,16:02:00
3cd88f5e826f763ea8939039765b1cf916d2666b1b4f45d1929639947aaf96a9c8030808b0ee1455b7cdf42698e494ec6b763edb67d0a42fbd0d526940246101,2022-08-03 09:20:00,CLEAR,DAYLIGHT,DRY,ON SCENE,08/03/2022 09:50:00 AM,41.93848094,-87.751926409,POINT (-87.751926409038 41.938480940432),C,8,2022,09:20:00
3d0b81ea58f5bfe321a55d10dcb37d246d77b0c52f4e017403436342a02c355e481a7e7d3b842ef68700b6598442da89c7bb66821803c23ec8f4e406d345485e,2023-01-01 03:00:00,RAIN,UNKNOWN,WET,ON SCENE,01/01/2023 03:54:00 AM,41.945528333,-87.65300141,POINT (-87.65300141036 41.945528333086),C,1,2023,03:00:00
3d2e3795d8c2cdf2b7ee5fb6027b22f3739a75204c48d9e4fcb744626ff09415be233765cb45efc475059400750d3e92bbf9ebd7aa62ba4d4871557bc17771b1,2024-06-08 20:03:00,CLEAR,DAYLIGHT,DRY,ON SCENE,06/08/2024 08:22:00 PM,41.79540054,-87.695213398,POINT (-87.695213398308 41.795400540194),C,6,2024,20:03:00
3d6a1c683360531acfc0266682b3402288a7358556cc9dee2fe8ce7b8b8718d73562066945da379d7c8d818c6679f9550f2abb3deb664aa5fb4284aba9550018,2017-01-13 03:52:00,CLEAR,DARKNESS,ICE,ON SCENE,01/13/2017 03:52:00 AM,41.761212637,-87.650229201,POINT (-87.650229200695 41.761212636585),C,1,2017,03:52:00
3d9cd0a23e9b9c3a0bd57e9afddb7f990850d0e5a41999f70dfc564b8c77226ebc7de535ad83985b758120dbc5bdd21c3c69609ea372f9e5300107772ecaedb1,2023-12-09 16:20:00,CLEAR,DAYLIGHT,DRY,ON SCENE,12/09/2023 04:49:00 PM,41.743227905,-87.602433199,POINT (-87.602433198892 41.743227904964),C,12,2023,16:20:00
3da1ac4350b728b5ce934242bc3cc0038aca94ea2d4dd8e33a322eed30639b4f7a50e58d3202fb6156925ea143794b44a235feb93b78069bd7213aa9910636fd,2021-04-04 15:30:00,CLEAR,DAYLIGHT,DRY,ON SCENE,04/04/2021 03:35:00 PM,41.968572772,-87.707787701,POINT (-87.707787701272 41.968572772124),C,4,2021,15:30:00
3da5e7c7542cdd3d47153f7389b7f757f48fd6f56c7e997afa5598c1d6f8f37146b3be6addd9672c5c26a421735fedfebcfe3e90a34fb98d0d4832622004ea97,2023-10-25 16:30:00,RAIN,DAYLIGHT,WET,ON SCENE,10/25/2023 04:32:00 PM,41.792482647,-87.644965905,POINT (-87.644965904718 41.792482647024),C,10,2023,16:30:00
3db7e19f7585c0c30aeb1b65f3ef09c227ab0f0554a7e0749770d6d866e859b0bf94d3471c9ca7959d3b085ef149cb761243115c4aa17e1f73f1779126ec6718,2022-11-09 16:20:00,CLEAR,DUSK,DRY,ON SCENE,11/09/2022 04:20:00 PM,41.777473187,-87.787430774,POINT (-87.787430774341 41.77747318716),C,11,2022,16:20:00
3dd2164aba5f8afb599686425da4277cfa128295d9d988f6e82bd6fba2fcf68418fcf1bcd309568e876d80047a83ed9aad777a1fd83ee8c5d3ba865cb0e85bd4,2022-04-23 14:00:00,CLEAR,DAYLIGHT,DRY,NOT ON SCENE (DESK REPORT),04/23/2022 02:17:00 PM,41.975729935,-87.768626581,POINT (-87.768626581471 41.975729934848),C,4,2022,14:00:00
3de42a6ca29ceab4dd070765b0eff5acd1895cca9b051176bd50452a67e964831f9c1b9fd07d68529d9e717fca90b048799ae8af95d3f829211dd64efdb94947,2020-06-21 16:04:00,CLEAR,DAYLIGHT,DRY,ON SCENE,06/21/2020 04:11:00 PM,41.801297756,-87.74039219,POINT (-87.740392189663 41.801297755741),C,6,2020,16:04:00
3e0101c585d3de5b3acba76a1a510cf92517656fe851e6fa639ccb0dfa0e6f9256319efb7ce0bcd6e97b653d736003639b51ad0de9841c744effc5be4ec81f2d,2020-05-23 20:05:00,CLEAR,DUSK,DRY,ON SCENE,05/23/2020 08:10:00 PM,41.927572405,-87.761891448,POINT (-87.761891448436 41.927572405124),C,5,2020,20:05:00
3e0f1656dd6515357be0c38e55e7027597d03d58f1e8e77a91fde72688149488b70b546916835d69b8e1546e77e0fe9d94fb31064a4878211d47efddf99423ca,2022-11-27 17:45:00,CLEAR,"DARKNESS, LIGHTED ROAD",WET,ON SCENE,11/27/2022 05:50:00 PM,41.900398787,-87.746678212,POINT (-87.746678212179 41.900398787364),C,11,2022,17:45:00
3e164486bd744bbd6a162fe1d6c99d28ae638f030ac8ff044fca3e93849529a3ecf10bbaeeb6d4ca15e87ee420f84f2742b21a976635b5e2f2d4e98e1d97c443,2023-06-26 11:55:00,CLEAR,DAYLIGHT,DRY,ON SCENE,06/26/2023 12:29:00 PM,41.912340862,-87.667694323,POINT (-87.667694323208 41.912340861614),C,6,2023,11:55:00
3e2ed388cb7502757b9e4436d560ccb6834273cd35c1c35374c8b2c45ef4098daac359b14890e4711595212b880b29c9cac37ec2d7ae6bcbb842f5e67492650d,2024-03-23 11:00:00,CLEAR,DAYLIGHT,DRY,ON SCENE,03/23/2024 11:38:00 AM,41.655857836,-87.596658905,POINT (-87.596658905411 41.655857835948),C,3,2024,11:00:00
3e30f0938767dcac5c1390a1c13378a5ef04419337cdc9aa32020f890bf211d11bcf827d84756eaade6f4aab2b9b52a339f77c3ba7e1e13a91a09ab0833e78eb,2022-10-14 09:45:00,CLEAR,DAYLIGHT,DRY,ON SCENE,10/14/2022 10:10:00 AM,41.921779974,-87.643663142,POINT (-87.643663141885 41.921779974421),C,10,2022,09:45:00
3e34632efbcc57ef0fb97dbc514bcfb6451568f50d11e789b70eef9e714462454c6da40f84677355bb646d2e3ccdeb7dd52626c67551c684b3e0be88ba5cd2df,2021-06-19 08:40:00,CLEAR,DAYLIGHT,DRY,ON SCENE,06/19/2021 08:45:00 AM,41.892728006,-87.627962144,POINT (-87.627962144243 41.892728005627),C,6,2021,08:40:00
3e433cc8b2dc1fdd85ff1273e69d13592a5f5be64f54395d10e3a79bffb7b610d7cbdbc514ce22da91089b8328106fc59a5bb98b9f5aac0ddca010c0e30a0fd7,2023-10-20 10:40:00,CLEAR,DAYLIGHT,DRY,ON SCENE,10/20/2023 10:47:00 AM,41.963085425,-87.654908051,POINT (-87.654908050753 41.963085424799),C,10,2023,10:40:00
3e492181d651d19b337220417d7da02621ddcad4d783a607dd1584674ea0425259e7fb6ab4e1613221b57e8d5029046e25bc53c82457cb29a854fdbf2f0c34d5,2019-09-20 07:50:00,CLEAR,DAYLIGHT,DRY,ON SCENE,09/20/2019 07:55:00 AM,41.857739402,-87.641279692,POINT (-87.64127969203 41.85773940206),C,9,2019,07:50:00
3e4d139ced6d10bf1765094db5b32ab9d833864e10df9ddde74ed462d611619d10cd7c9e0791f2d83d37a5de14d76934c57b20590fe2d9124778bece393c546b,2022-08-02 16:25:00,CLEAR,DAYLIGHT,DRY,ON SCENE,08/02/2022 04:25:00 PM,41.850058528,-87.705355172,POINT (-87.705355171731 41.85005852797),C,8,2022,16:25:00
3e6b016b6fc067a22edf75759c43b106fbc49b6c43ba67b02edaaf5d83647f5844e9abed5a09b13566fd1ba0b7757d01e71a2881563cebe6d87071b5fe2c2a82,2023-02-27 09:28:00,RAIN,DAYLIGHT,WET,ON SCENE,02/27/2023 09:46:00 AM,41.860039996,-87.666356734,POINT (-87.666356734191 41.860039996166),C,2,2023,09:28:00
3e6da80cdfb1a178bd65dfd7709931b1595d887697a6f883d949f08226cbedf8f6b43f642ac8cf7956df8c287a5ed5e24c1b5cd64ad7ae94c130200c4ce14bbd,2024-01-24 08:56:00,FOG/SMOKE/HAZE,DAYLIGHT,WET,NOT ON SCENE (DESK REPORT),01/24/2024 04:40:00 PM,41.881982186,-87.62564147,POINT (-87.625641469716 41.881982186245),C,1,2024,08:56:00
3e9440275c31417dfd30df77cca029127a80e87dc1e934b3c27e32fbeed92406f19165780f7007332ff8524464b0b4c0390e311919a16dabfd3546193fd3e524,2022-11-04 15:00:00,RAIN,DAYLIGHT,WET,ON SCENE,11/04/2022 04:00:00 PM,41.89753336,-87.765343627,POINT (-87.765343627149 41.897533360425),C,11,2022,15:00:00
3e9a0f73b2e404ec5f14a0b983c89c7b7743cae886d51f394ead10be51ea4d9f3744edb95b8a7c21cbf72fa49c6130c7a2a169d3d5cfad33d2edaa7a4987901c,2022-03-30 18:40:00,RAIN,DAYLIGHT,WET,ON SCENE,03/30/2022 06:56:00 PM,41.750733576,-87.645319622,POINT (-87.645319622031 41.750733576145),C,3,2022,18:40:00
3ea1556a3d75312aa8d9987cb893e2c8d3fd18510938b9502518b1c562eef440ed4f89a2d1103aa30ae90fb008de1ba70479302d61cdde3326333404b71f733b,2023-11-01 11:54:00,CLEAR,DAYLIGHT,WET,ON SCENE,11/01/2023 11:55:00 AM,41.91013224,-87.694600394,POINT (-87.694600393866 41.910132240414),C,11,2023,11:54:00
3eaf20d465c051ab2690c05489b06b8c4380eee592ee242789082a6d36463ab5bdd94b338d4ddc55753c07be6842e9dcd3ae5a9b58c8b86fcca2ff9f9a3fab12,2018-05-17 15:00:00,CLEAR,DAYLIGHT,DRY,NOT ON SCENE (DESK REPORT),05/17/2018 06:45:00 PM,41.785819725,-87.725552653,POINT (-87.725552653292 41.785819725441),C,5,2018,15:00:00
3ebe761a5b2e469e9b5e7890c82ea59d7e8a8a0e7868b695e5001231a123ba251695feb27532099266d05c50e096d2401891d460f2e8644fe07d81230bf79e3e,2017-10-09 00:35:00,CLEAR,"DARKNESS, LIGHTED ROAD",DRY,ON SCENE,10/09/2017 12:51:00 AM,42.01660559,-87.684230753,POINT (-87.684230752685 42.016605590104),C,10,2017,00:35:00
3ed6202e3799cb26f273327e490a8f45c719fb41b9a4e98f5313ec8df46ef54c849f27a73b5fea0381abeb80f640c3905e1fdb0e6c09531e7946672372a6c0f1,2022-03-15 11:28:00,CLEAR,DAYLIGHT,DRY,ON SCENE,03/15/2022 11:30:00 AM,41.750820871,-87.626139308,POINT (-87.62613930784 41.750820870663),C,3,2022,11:28:00
3f080f6a88b3c215fe5b9fac9db0999fc7d1788b04c77037bc882a6b2d3d8f65c5a2a2148d60c9834d5a56a29a9a09de459f1b24ae1f886761a0d926e3506571,2016-03-07 06:30:00,UNKNOWN,UNKNOWN,UNKNOWN,NOT ON SCENE (DESK REPORT),03/07/2016 06:10:00 PM,41.943667319,-87.789178754,POINT (-87.789178753545 41.943667319042),C,3,2016,06:30:00