CRASH_RECORD_ID,CRASH_DATE,WEATHER_CONDITION,LIGHTING_CONDITION,ROADWAY_SURFACE_COND,REPORT_TYPE,DATE_POLICE_NOTIFIED,LATITUDE,LONGITUDE,LOCATION,CRASH_TYPE,CRASH_MONTH,CRASH_YEAR,CRASH_TIME
3f0ce42e6e5e43e4688ffd0e2e3f1e76c4f8e4d6e333c31523e2dde3376dd37ab45e8d32cf9371f0ec94ac53d89f8fdc09288d2b850b0f16d278efce69febe87,2024-01-10 07:28:00,CLEAR,DAWN,WET,ON SCENE,01/10/2024 07:35:00 AM,41.707853557,-87.573856663,POINT (-87.573856663416 41.707853557303),C,1,2024,07:28:00
3f109dab851dddba8cb8e340342d5caba6c33ae8578191aa6e98a7dddcd88b8febb81eb34116f102bd16e5aa9f5d7ba6c3d1124e3b9a48a4fbcc1e05f8f16a5d,2023-02-22 11:05:00,RAIN,DAYLIGHT,WET,ON SCENE,02/22/2023 11:10:00 AM,41.698987276,-87.530601136,POINT (-87.530601136478 41.69898727637),C,2,2023,11:05:00
3f23b0446e9a84a326091a862d99df4f4178848514a79a9efa247182e0816ecd6812ad3f6e5586d5db93855fd208d84b191a3c70603f5816037fabee5701d3bf,2024-08-14 09:20:00,CLEAR,DAYLIGHT,DRY,ON SCENE,08/14/2024 09:26:00 AM,41.949435296,-87.700408596,POINT (-87.700408596152 41.949435295721),C,8,2024,09:20:00
3f3751058ec1a2c6c217cfce99bacbb006182a3144dcd2b3efb9a043b6c6496958987f1180995d3e2efb6c493f28c32f423aa1a40802831a5e72bab8df11c7e4,2020-03-12 12:54:00,CLEAR,DAYLIGHT,DRY,ON SCENE,03/12/2020 12:54:00 PM,41.991710272,-87.660521945,POINT (-87.660521945147 41.991710272011),C,3,2020,12:54:00
3f3a430d4918bef24370c37edd1193b6dd5f6789d0f0fd80cfc2863b8f6e0fca31fcd75194f3a8dcfdebd4a11231b1a397de55185916be138ae101d8077e8def,2021-05-27 12:30:00,CLEAR,DAYLIGHT,DRY,ON SCENE,05/27/2021 12:51:00 PM,41.894875342,-87.62247475,POINT (-87.622474750024 41.894875342355),C,5,2021,12:30:00
3f42690aef52bc861de391165a48eb1e3eb487fadd8eb0e33a5965c9f8a2a457ac146860e47bfa26228ed6cb48067172c0f0e88b28a301fdc897d7ffb3dd368d,2021-07-15 23:57:00,RAIN,"DARKNESS, LIGHTED ROAD",WET,ON SCENE,07/15/2021 11:57:00 PM,41.695111892,-87.63117695,POINT (-87.631176950209 41.695111891761),C,7,2021,23:57:00
3f5ea0f68e924852288e95a70896ae3c0349962428d7abfb2e36bae4eac0642458814dda2fbc1f6d8e46605744f8c73746a1ba5c30b21a71a3f0849444ec6bb5,2022-12-10 06:00:00,UNKNOWN,UNKNOWN,UNKNOWN,ON SCENE,12/10/2022 11:27:00 AM,41.799727047,-87.624070611,POINT (-87.624070611471 41.799727046699),C,12,2022,06:00:00
3f6580d9d581d52599f8ae7561dfce2ca00e50aee85c9222a3acb2ac73afb82f79b431265d0957ae6009e1a9393fe9b3a02b61895463934e205a21127dd3c193,2022-03-06 12:15:00,CLEAR,DAYLIGHT,DRY,ON SCENE,03/06/2022 12:25:00 PM,41.92514196,-87.677424716,POINT (-87.677424715705 41.925141959594),C,3,2022,12:15:00
3f7efb5bb88ecdb920537459b8dc2b808c171df9c5a7d5275e44d2cbec699e8d5155a26265a7c70afbd2962422979be35e829b62e8444965f7b8fcf3c3a63941,2023-04-01 15:30:00,CLEAR,DAYLIGHT,DRY,ON SCENE,04/01/2023 03:48:00 PM,41.931846467,-87.644732737,POINT (-87.644732736971 41.93184646651),C,4,2023,15:30:00
3f902057920b3ef06c7b04cae359e874b0169576f0faadfa5a0b6d3819cdb9478426f7a745b969d1636280ef2aaef77aad3c4962f5b619c1a626396fbd8df278,2024-05-21 09:15:00,CLEAR,DAYLIGHT,DRY,NOT ON SCENE (DESK REPORT),05/21/2024 09:25:00 AM,41.855987707,-87.711396684,POINT (-87.711396684388 41.855987706586),C,5,2024,09:15:00
3f93d1df89aef4b9f2a137fec3e13cfc103ed83a4663a253c0736be798341fef2a87053bd9fb535c601f7c945fd4e97e1a94806ed15e08a1de38c0714de26fba,2020-01-26 15:47:00,CLEAR,DAYLIGHT,DRY,ON SCENE,01/26/2020 03:47:00 PM,41.82008085,-87.619968883,POINT (-87.619968882705 41.820080850332),C,1,2020,15:47:00
3f94b3b6b7c4c1e46e6983c5e15a303da71d7127031920d826206b1ccd1d78308fcacfe860a8f7384039ba2395ba47a746397c8978d3b5315c4d4cd6aea62c7c,2023-07-01 08:23:00,CLEAR,DAYLIGHT,DRY,ON SCENE,07/01/2023 08:27:00 AM,41.899729699,-87.634173759,POINT (-87.63417375919 41.89972969912),C,7,2023,08:23:00
3f9d1705f1924c4165e28415afe3d5b987b521d7362b41b40e7e92acb18b24b2c775d6cdcf9fb1c1523c0eb9f0513ec3ef5c12edd80900d98c2b14039cdecc1d,2024-05-14 17:34:00,CLEAR,DAWN,DRY,ON SCENE,05/14/2024 05:48:00 PM,41.948920177,-87.669139471,POINT (-87.669139471467 41.948920177151),C,5,2024,17:34:00
3fc4dc52cb5ecf219b097e871c5191e66ce9aeaebcfac09c8de9308292bbe84038b0d5d4fd60f66bf835b0515264c99271e6262fbbd4731d6b2d7ebf4ec6846a,2024-06-15 06:30:00,CLEAR,DAYLIGHT,DRY,NOT ON SCENE (DESK REPORT),06/15/2024 02:54:00 PM,41.99702498,-87.703112013,POINT (-87.703112013042 41.997024980238),C,6,2024,06:30:00
3fcd46c0e3aba82d4d7bd19f0c767c4a4ff41fe512d03f5631d5cb07395cf48dda1eeaac4e2f9b10ee7d9f33635b45b3dd2e6e2ac557fdcbb9efac37399869fb,2021-09-06 02:00:00,CLEAR,DARKNESS,DRY,ON SCENE,09/06/2021 01:50:00 PM,41.685542782,-87.612371039,POINT (-87.612371038772 41.685542781831),C,9,2021,02:00:00
3fcddc56aaa602b329d41ef0ca4fecc043a0825e5da3d59185b6c533bc6451c1ca15357371114526ad5ccea153660b1a80b9c3ed0486913fd28b99818f8fb510,2024-04-26 20:35:00,CLEAR,DUSK,WET,ON SCENE,04/26/2024 08:36:00 PM,41.905812035,-87.692911692,POINT (-87.692911691664 41.905812034772),C,4,2024,20:35:00
3fd5c06805714e887a0f4d9c3604258f2d68cbd79d16412c12de3d8f0f8e92da0d1160142062ce82868c56c1c51c67adcc31f93db2f17cb949d58b40c5b590b1,2022-08-25 15:13:00,CLEAR,DAYLIGHT,WET,ON SCENE,08/27/2022 08:26:00 AM,41.783001189,-87.588520867,POINT (-87.588520866849 41.783001189235),C,8,2022,15:13:00
3fe022e6f3d491218cea50a7ec8f91ff610637cc884168b1853677fcb5e650e91a2602afd19e3312b6d4b1c794e644b261e71c027795f7fea9e9856794e69cec,2022-08-31 19:15:00,CLEAR,"DARKNESS, LIGHTED ROAD",DRY,NOT ON SCENE (DESK REPORT),08/31/2022 10:05:00 PM,41.783144424,-87.731294315,POINT (-87.731294314745 41.783144423693),C,8,2022,19:15:00
3fe93db2aa9befde747ac6c4e0511e2373098a6ff420ab3baa702b95362f46236d92e378ab8224b49e6bbb7f4a725413427afbd0d0451cafa7643b089c3ec868,2023-07-22 14:00:00,UNKNOWN,UNKNOWN,UNKNOWN,NOT ON SCENE (DESK REPORT),07/24/2023 04:23:00 PM,41.772264082,-87.675082806,POINT (-87.675082805625 41.772264082406),C,7,2023,14:00:00
3ff7eae23d3ac099e8017f86380fbe72101f4588f490414c048e736aabaecc89a43d51dde9b95a8d51d40c3131db6b925991f3db51b9ce6f3b0938c19ee39986,2020-01-09 07:45:00,OTHER,DAYLIGHT,OTHER,ON SCENE,01/09/2020 08:15:00 AM,41.735233414,-87.734948143,POINT (-87.734948142746 41.735233414333),C,1,2020,07:45:00
3ff904d5a7630972a2c0d38a4a2de4e956e25025b503ef19ef540ff54789349895f24cd9e20385b869d49c44b7ac16f15d558b2c1238ca677289f8e4a7dc7274,2017-10-02 16:20:00,CLEAR,DUSK,DRY,NOT ON SCENE (DESK REPORT),10/02/2017 07:14:00 PM,41.791839603,-87.800889308,POINT (-87.800889308113 41.791839602501),C,10,2017,16:20:00
3ffaf845ac47ca2cfc95587ef794622039a25d3570845992fd3b4661813779cbe5f820633b69811f110113fc7986e5068e85b1159799328c9970e1d6185a03d6,2020-09-25 11:30:00,CLEAR,DAYLIGHT,DRY,ON SCENE,09/25/2020 11:36:00 AM,41.808976991,-87.645656689,POINT (-87.645656688873 41.808976990618),C,9,2020,11:30:00
3ffdd66b6cc9521daffc11b6e5489a3cdc1a9f5056224e7cfcaf7205a8771bcafd16bdad84f955005519b4399b7c84405db37805489d56a8b83d64a10e34d512,2024-08-15 15:30:00,CLEAR,DAYLIGHT,DRY,NOT ON SCENE (DESK REPORT),08/15/2024 04:10:00 PM,41.997544483,-87.694362125,POINT (-87.694362125288 41.997544483322),C,8,2024,15:30:00
40225d39f160fd8995955e42e0f5683567c2f705fd9d8ec2897c1e73e5d48acb4baa972a292d6b4476f7198adc7e92827730a37cf7f1a9b3fb6f0349e5a35cb6,2018-09-27 12:00:00,UNKNOWN,DAYLIGHT,UNKNOWN,NOT ON SCENE (DESK REPORT),09/27/2018 12:20:00 PM,41.968959763,-87.656287403,POINT (-87.656287402894 41.968959763171),C,9,2018,12:00:00
406915019f70a3ddf77d03e1cb34f98c9a4a6b0543dafde59453e71e8421a1a50ce547bf460e093da02cb63182606a974c40fb9044fa31a87dde1226d1e5ec38,2022-03-29 13:00:00,CLEAR,DAYLIGHT,DRY,ON SCENE,03/29/2022 01:05:00 PM,41.799451172,-87.590581636,POINT (-87.590581636237 41.799451172365),C,3,2022,13:00:00
406b3f351a734ceb233c78f7322ff8e000c4dc1b42e43713b6636c20273ab76d8db691d9345e2f15d5c7a9a1e177212393b13d834e7058df7a54a3b9ee03b5ee,2021-01-27 13:35:00,CLEAR,DAYLIGHT,WET,ON SCENE,01/27/2021 01:36:00 PM,41.996811809,-87.787546685,POINT (-87.787546684907 41.99681180921),C,1,2021,13:35:00
408f9c9250ce06649811ac6fed7fa1d0ac838dedf8e2169a825948dfb00e8f223c2c6543f34be508fe7f45cd63f48c6e551cae774c7e7595e47c7cad02151103,2018-11-11 14:40:00,CLEAR,DAYLIGHT,DRY,ON SCENE,11/11/2018 02:43:00 PM,41.884499683,-87.658689479,POINT (-87.658689478823 41.884499683165),C,11,2018,14:40:00
40964fc9dc1a8c87d7701bd6895dc6525967fb478068ab7f46b220f9c2f9c702a1347c58ce0d43580b03844b4fccbb8222a84609d4b761a1a27991d90be22bca,2021-08-17 12:07:00,CLEAR,DAYLIGHT,DRY,ON SCENE,08/17/2021 12:07:00 PM,41.993891676,-87.689610392,POINT (-87.689610391926 41.993891676212),C,8,2021,12:07:00
40f8639ccce70005f3998c27471b9508a13413dbbb6de3d4656baf05b87927b790b8a8f1f0f294a0132613cb7ff082bad714e23f15dd703dc21f2afd1edd9111,2018-02-07 06:45:00,SNOW,DAYLIGHT,SNOW OR SLUSH,ON SCENE,02/07/2018 07:49:00 AM,41.81018905,-87.695426032,POINT (-87.695426032199 41.810189049567),C,2,2018,06:45:00
40e4b87aa5755e47b3fa0573f82378d27a4a91310a7e85b189e6f9dd062342996ad6358d84d7cd3ced772915f6bd065276468836155d9659abdc84a3c2a97590,2024-07-03 19:10:00,CLEAR,DAYLIGHT,DRY,ON SCENE,07/03/2024 07:12:00 PM,41.763479791,-87.645157229,POINT (-87.645157229327 41.763479790632),C,7,2024,19:10:00
40e4c09503e07ca4a197bfb9f060a222e1c818f8d47c7d53b00e944802efb0a7f16e85e2361052da1b944c57d4d1fd541888fe012904683e2bd4be4ea5f048a5,2023-08-16 17:18:00,CLEAR,DAYLIGHT,DRY,ON SCENE,08/16/2023 06:15:00 PM,41.771390589,-87.730317397,POINT (-87.730317396981 41.771390589077),C,8,2023,17:18:00
40f5c1fec45222bdb5ab2c1afd28541408d3e670580a9031d12684c9dc0873d81585573f5b907a775bb9c596c9464d2f1f347c4788659af1008907b02c828659,2023-11-13 11:30:00,CLEAR,DAYLIGHT,DRY,ON SCENE,11/13/2023 11:50:00 AM,41.936239611,-87.650130275,POINT (-87.650130274721 41.936239611254),C,11,2023,11:30:00
4101b24db5def3c9afd2bc0bc09d75ce5c9ad61da2e266595d5f66b0e2edfb7326c92971a062b1d199625174281e570d06a80f8f282593639bda1c156ab1f456,2018-10-28 17:45:00,CLEAR,DAWN,WET,NOT ON SCENE (DESK REPORT),10/28/2018 05:56:00 PM,41.767573099,-87.741825012,POINT (-87.741825011909 41.767573099349),C,10,2018,17:45:00
4106d05ee261f405f9af421d5b7260ad3644a40c2c6d66212d8d0ab5084c6d9ac48d86741b34430b0a9da812dd1eb34682125186ed9862eaa309a63d7a32a7be,2018-12-26 09:30:00,CLEAR,DAYLIGHT,DRY,ON SCENE,12/26/2018 10:30:00 AM,41.773301483,-87.581265793,POINT (-87.581265792795 41.773301483086),C,12,2018,09:30:00
41482a61be3a43f6a95300d0c18e2010fc785034b312a6b9ef25264e1e5a9211f606db06dd838489ae0971282ac735a02bc1c5c098b32d0f0798d40743caeadb,2018-02-23 08:00:00,CLOUDY/OVERCAST,DAYLIGHT,WET,NOT ON SCENE (DESK REPORT),02/23/2018 08:42:00 AM,41.997145458,-87.797052909,POINT (-87.797052909274 41.997145457567),C,2,2018,08:00:00
418f0ee8514bb4c80f19cfa1b2c6f1fa41dcf5ba94ff290be841c8c183595a99455d001a863f9ae9ecdb538851ea5dc32dfb18897b3f0be34cba25a1cc4fad8b,2024-01-26 15:10:00,RAIN,DAYLIGHT,WET,ON SCENE,01/26/2024 03:10:00 PM,41.982732557,-87.669940681,POINT (-87.669940680643 41.982732556796),C,1,2024,15:10:00
419cc3da4f085b8fa1cb9c46749be2c5f3f7b7c4ca0361accfe43d839a7cf7ae2d368ed915f0cffbb856e6ca4b8f5efada559e776a0bd9d78a1bf9800fde70c5,2023-03-07 09:35:00,UNKNOWN,UNKNOWN,UNKNOWN,NOT ON SCENE (DESK REPORT),03/07/2023 06:30:00 PM,41.925547526,-87.648618348,POINT (-87.648618347942 41.9255475255),C,3,2023,09:35:00
41f071c55de324ea9c98a7de2779a2391551696ccb59cfa50abab64483defe264bccedee09468ba94c8b6413dc0bcb75aa9bb4794c494b90b718001a8eef9937,2018-01-03 13:17:00,SNOW,DAYLIGHT,ICE,ON SCENE,01/03/2018 01:18:00 PM,42.014132671,-87.682494082,POINT (-87.682494081568 42.014132671073),C,1,2018,13:17:00
423cbefb831f8be9dcabde0511b6dffebb662ef87aa09e7b82de3844cd3d1c9f4c7e8070c5b26754e1832d497b28099a95967240ec5f19e75474be9abc09d63e,2024-08-19 10:20:00,CLEAR,DAYLIGHT,DRY,NOT ON SCENE (DESK REPORT),08/19/2024 11:20:00 AM,41.911002519,-87.649964847,POINT (-87.649964847196 41.911002519307),C,8,2024,10:20:00
424891726772ad008eddeb273485c25ee01b48838a3c29f7b103f4075c4b337921b990d9e7953722621a41f29fd535876e6667cb1757b437fa6b8ec54425bd60,2024-08-10 16:35:00,CLEAR,DAYLIGHT,DRY,ON SCENE,08/10/2024 04:35:00 PM,41.791859986,-87.790195247,POINT (-87.790195247455 41.791859986255),C,8,2024,16:35:00
42490ef6100651716a1cc66a9a4d06be3d23ce48654f724ac156c160ec625438af3caa7512506d4afeb3fe3be7c7508695eee93c6cfd5386e8bc49fd6212ce9c,2024-03-29 18:58:00,CLEAR,DAYLIGHT,DRY,ON SCENE,03/29/2024 07:01:00 PM,41.800367347,-87.614730054,POINT (-87.614730053647 41.800367346531),C,3,2024,18:58:00
425af61186f8086d110e9952d80ecf8e96ef2781f227fc8014f5894257df69190f2377f81211863656081b9e36f2558141e2963395a99442d0da52a3e91c55f2,2024-04-09 20:56:00,UNKNOWN,UNKNOWN,UNKNOWN,NOT ON SCENE (DESK REPORT),04/10/2024 03:00:00 PM,41.995494279,-87.660286371,POINT (-87.660286370815 41.995494279444),C,4,2024,20:56:00
42646d952f4e3c33a28ef6dbfc2298316bc19a466db747dd896549954c4a9a3a3ef34bf00bf17add2a2a68cda35471750dc13360dd1a55ebc3acffa01f3efe91,2022-03-17 12:37:00,CLEAR,DAYLIGHT,DRY,ON SCENE,03/17/2022 12:38:00 PM,41.966389438,-87.740618602,POINT (-87.740618601653 41.966389437871),C,3,2022,12:37:00
427781dd27008163b34fbe4fe6be9ad686c4f5414e091cd4353e44d6fe3280b9f3fbdac6b33f3fd2bbd11ea0b8e9bf8e65384cd979578b8b43d3cc514e63f882,2020-10-30 11:50:00,CLEAR,DAYLIGHT,DRY,ON SCENE,10/30/2020 12:00:00 PM,41.968724349,-87.688968727,POINT (-87.688968726996 41.968724348822),C,10,2020,11:50:00
42b31190ccf9db09273c2ca5829c11124d0de2e9b46131875a15f61e6b5d8eced4108f497bd42584b133578be4c69f5fc76a0560a2dfe7af711b179b7cd5b4a7,2019-01-08 13:13:00,CLEAR,DAYLIGHT,DRY,ON SCENE,01/08/2019 02:43:00 PM,41.829982559,-87.694510793,POINT (-87.694510792603 41.829982559245),C,1,2019,13:13:00
42f6c1beb38547894fb171d26a2de874fc29c528c8f34f35d6c2965e1d2cc20e327decb355a6659f7d68b6fa03195c620f37473e9b3c8a875dbe8d82f44bebd4,2018-07-07 12:02:00,CLEAR,DAYLIGHT,DRY,ON SCENE,07/07/2018 12:05:00 PM,41.997215755,-87.713183197,POINT (-87.713183197195 41.997215755206),C,7,2018,12:02:00
4320e14478f44911181ac2b15c09a1a8366ba4bfe4dcc1b75d6c0a16bc89fb716696dccb48350dff0a57d7cad081189fe06cd4b90682a74a86c04d0994ed5ada,2018-10-11 11:10:00,CLEAR,DAYLIGHT,DRY,ON SCENE,10/11/2018 11:24:00 AM,41.747079451,-87.702464673,POINT (-87.702464672784 41.747079451428),C,10,2018,11:10:00
43280e14ba7edf47417f1e63750f170549789b6b9cf0d536b11c7baa82f3bc6830e55e46d72a63c4e85f4afef88fc868e1cd800a14cb58a592a293a476e11689,2021-11-06 13:20:00,UNKNOWN,UNKNOWN,UNKNOWN,NOT ON SCENE (DESK REPORT),11/09/2021 06:20:00 PM,41.994433805,-87.785024103,POINT (-87.785024103132 41.994433805138),C,11,2021,13:20:00
4339e7b638e23342b011849d0651eab4a3e026d7f29e3311d25d2f5cd18c3cdc5a1b3501316b280b5cc4f03f9444f91ef41a4a406377b6d9d7bdaf0d0c825f54,2018-01-07 07:15:00,CLEAR,DAYLIGHT,DRY,ON SCENE,01/07/2018 11:15:00 AM,41.906821261,-87.68429141,POINT (-87.684291409707 41.906821261149),C,1,2018,07:15:00
435a251566de351ed095daa3cdd73372b473488852a38e6207226f56f604b7f6e3416fa2ee9715b45b0bc2fdaebba219889bace1d6d7a5f28cbcadf24a397058,2023-08-30 13:00:00,CLEAR,DAYLIGHT,DRY,ON SCENE,08/30/2023 01:10:00 PM,41.733795495,-87.555012022,POINT (-87.55501202181 41.733795495497),C,8,2023,13:00:00
4399631b88b3ce1c0aa1bf9141e97bde29c1ac0ecb29784f7dece73d0e192c611cc91abb90689aae44aeda7b208a3b894aea49a052357461185298f45e0aacf1,2019-06-03 12:45:00,CLEAR,DAYLIGHT,DRY,ON SCENE,06/03/2019 12:55:00 PM,41.814539491,-87.723689836,POINT (-87.723689835546 41.814539491498),C,6,2019,12:45:00
43a43bf3173cb351e69dff845068f15ce27b7e73a532187f5a62829980fd6e480211583bdd401c61f2a723d448e2056e72b2ef8f927366a67adab9018705fdce,2022-12-15 18:00:00,UNKNOWN,UNKNOWN,UNKNOWN,NOT ON SCENE (DESK REPORT),12/20/2022 04:54:00 PM,41.891658154,-87.636879185,POINT (-87.636879185368 41.89165815401),C,12,2022,18:00:00
43b62c081b8016f35572725237ad1efaea0277dc93d1b26c5aab83fda1a1ee517b4dc9c8682591482b3a87b16789176722c867f3c12596d9e9dc1796d14dd0dd,2021-08-21 17:30:00,UNKNOWN,UNKNOWN,UNKNOWN,NOT ON SCENE (DESK REPORT),08/21/2021 06:20:00 PM,41.773144879,-87.722769385,POINT (-87.722769384571 41.773144879199),C,8,2021,17:30:00
43bfaa59b8df7a7ea3e40e901f074cc305e5ec9df938ceb6607ab09a9c25baf81ccad8d58f6700f7e1ac5910cb8d06166cd4aecbfcd961e5fa3d888a3460d92c,2022-02-01 08:52:00,CLEAR,DAYLIGHT,SNOW OR SLUSH,ON SCENE,02/01/2022 08:53:00 AM,41.974549383,-87.777132378,POINT (-87.77713237756 41.974549383316),C,2,2022,08:52:00
43c272e99b1c0078ca12571d40b1e90fb4523c7d956cbca49d5f9e68116b7fd2f95f25ae8765e18b2382a927f9f928db09f070869d65cf1c32998601af71a6d1,2023-05-15 17:00:00,UNKNOWN,DAYLIGHT,UNKNOWN,NOT ON SCENE (DESK REPORT),06/19/2023 12:01:00 PM,41.734026633,-87.653138185,POINT (-87.653138185344 41.734026633253),C,5,2023,17:00:00
43c34e756d07aff661471d24ca6952331975eb52c16e36e07d9b646874fa9ff9f3c4a012968907d83126211f506d914c97a3f04e11c1852f4455b4c7f2bc5b39,2021-03-18 05:55:00,RAIN,"DARKNESS, LIGHTED ROAD",WET,ON SCENE,03/18/2021 06:00:00 AM,41.673788357,-87.57352974,POINT (-87.573529740308 41.673788357453),C,3,2021,05:55:00
43da051f90c9cb7628bc6bb4c3bc53d25f5fa4887183376a3bc16e26bd16e18643a2176c3d408242e5817236b193d4af66badd2a6961615fe38ff79d71a4d92e,2023-09-26 16:10:00,CLEAR,DAYLIGHT,DRY,NOT ON SCENE (DESK REPORT),09/26/2023 04:41:00 PM,41.778722488,-87.726486874,POINT (-87.726486873604 41.778722488434),C,9,2023,16:10:00
43dec8d99a0cda38b634c794ec30d98a0cfb1730c44bcbd9c7a51f6c0e161195c33165f756ab78ba9fc120d2170dbb1c5e2b5dedacb49aa47095f8ed84900a55,2020-06-06 12:10:00,CLEAR,DAYLIGHT,DRY,ON SCENE,06/06/2020 12:11:00 PM,41.795367296,-87.723075906,POINT (-87.723075906168 41.795367296385),C,6,2020,12:10:00
441efdbe15be57f613344ebe0b7ba1c7b885affd5b92be221f5300a57d4aa18eca6bea777611167d98c796b7df59694e7d0a3e4244b359f6b075f9d1a06d340c,2023-05-04 09:10:00,UNKNOWN,UNKNOWN,UNKNOWN,NOT ON SCENE (DESK REPORT),05/04/2023 09:30:00 AM,41.977975386,-87.692718062,POINT (-87.692718062104 41.977975386088),C,5,2023,09:10:00
4436e80dcbc6ed2d34f58ee5e636b8c4ee7f106c9e76411d9426dacda865ab77ec7ae178514b75002935109a2313d4fc0c89fd74bd61797f40423ce0b65e6c17,2020-09-11 08:50:00,RAIN,DAYLIGHT,WET,ON SCENE,09/11/2020 08:51:00 AM,41.744160231,-87.585228487,POINT (-87.585228487235 41.744160230994),C,9,2020,08:50:00
44a371d7344c4f57c927d77791a1426d442e58cb6c7ee5654ccf11868b7ef1c8e2d54fa66285dba7f4abdf502a89b0f95329275cc0a48f6c2d6b9fc818c4c1e9,2022-12-04 05:28:00,CLEAR,"DARKNESS, LIGHTED ROAD",DRY,ON SCENE,12/04/2022 05:30:00 AM,41.892473708,-87.636961801,POINT (-87.636961800769 41.892473708201),C,12,2022,05:28:00
44acc4586c6dfb70908248be6ad487e66591fb40b0b8cf81377784c028e7e2457529e1a2dc5cfd2b7c9fa16d18f929ec95e71f64ea6cbd1347e5ef78b75fd5b9,2023-01-27 12:00:00,CLEAR,DAYLIGHT,DRY,NOT ON SCENE (DESK REPORT),01/27/2023 09:15:00 PM,41.8941336,-87.61817915,POINT (-87.61817914958 41.894133600184),C,1,2023,12:00:00
44cee477076fe4fbe84459b85e976613ec75eef0e7fd31c9b5845aa3447246ce2525cc23073898b015326f20c72fc39c9549c2fc211d460bffb5bf6859e66480,2020-08-17 11:00:00,CLEAR,DAYLIGHT,DRY,ON SCENE,08/17/2020 11:26:00 AM,41.86200407,-87.731015538,POINT (-87.731015538278 41.862004069925),C,8,2020,11:00:00
44e2160d1f770915bfe84d2df3d274960950446335b33dddfef401137a32747afaf7f9baa8ff698a80da8fdcc9b9e17a93ea3b2283e5f6601a911e259b0e3165,2024-06-12 09:30:00,CLEAR,DAYLIGHT,DRY,ON SCENE,06/12/2024 09:36:00 AM,42.011333048,-87.682586432,POINT (-87.682586431591 42.011333047766),C,6,2024,09:30:00
45291cbf93d0e74503de9d932ecae16c293e0d1aae343fcedd5d2190542f4fcfdcae5624adb47bf2f7b0bf418a7e6d8163e68e02af3ec314d7b14aa6dd460353,2020-04-13 16:30:00,CLEAR,DAYLIGHT,DRY,NOT ON SCENE (DESK REPORT),05/05/2020 11:00:00 AM,41.99468531,-87.68255801,POINT (-87.682558010168 41.994685310475),C,4,2020,16:30:00
45403185bc0693475f4327a39b63725b22f820b408edde1ae1cb969a793230313e9346a66712f3cf6faa07f69cca85ee3120393326da55d135aa66c43badf15e,2018-01-05 14:29:00,CLEAR,DAYLIGHT,DRY,ON SCENE,01/05/2018 03:00:00 PM,41.735505646,-87.702192624,POINT (-87.702192624457 41.735505646235),C,1,2018,14:29:00
4545068b72f1ac3a351772c02fcd8e46524c8274a3c56f92d9d17a96d49b33857519c8febb5f5e3edfb7d21f517586b9ff4b2b105a84ee484b57fff629acef6c,2021-04-08 16:33:00,RAIN,DAYLIGHT,WET,ON SCENE,04/08/2021 04:36:00 PM,41.975569244,-87.71471227,POINT (-87.714712269781 41.975569243532),C,4,2021,16:33:00
454dda2163e32ac63cf6b5074bd57f945fa38d57145cabbbb68c9eb4eb151dea3df02fe51fe429e48366d7cadcc156b8185b4d42e8a1e5cc5c7d33e8411e57e4,2021-10-26 15:45:00,CLEAR,DARKNESS,DRY,ON SCENE,10/26/2021 03:52:00 PM,41.947130269,-87.705536156,POINT (-87.705536156321 41.947130269332),C,10,2021,15:45:00
4562cc62f740cb0a1136c45a107af6471e89ef010a8444029fb08c0a48b07b279bf74e272e2b9a394a7d6effc9be28a1726a65c4c98609613b76487b549e092a,2019-10-11 19:00:00,RAIN,DARKNESS,WET,ON SCENE,10/11/2019 07:13:00 PM,41.75139742,-87.583854836,POINT (-87.583854835679 41.751397419554),C,10,2019,19:00:00
4593b30b2fe72b2df988cce525beadfc98728443d954e46ce0f455ca8a08c47d7f4abb3ba00979bf9c6a6b77a027dd8c1a9a2b0f2c84abd1c5ecb5bac4a35717,2023-06-06 14:20:00,CLEAR,DAYLIGHT,UNKNOWN,NOT ON SCENE (DESK REPORT),06/06/2023 02:56:00 PM,41.759852161,-87.644422208,POINT (-87.644422208067 41.759852160596),C,6,2023,14:20:00
45d18bb424541466e3e2d6eb5da678e7ca19fd78c184009fe2a3b8085e966c1f72c2fdbfd8d866abe7e55c574e5ddfc9d8f1ed1462c9733a358105e7c365cbd9,2021-06-20 17:50:00,CLEAR,DAYLIGHT,DRY,ON SCENE,06/20/2021 05:50:00 PM,41.70703034,-87.625323133,POINT (-87.62532313343 41.707030339884),C,6,2021,17:50:00
45e457e3bf2f07d47862981ad354538844e8b05d85d32bff7f82de9ec634394fd10ea8ca6ba1ee173c4ed8d51d0e8d40534563e0f009e417bdd58e6613b9bea0,2019-08-25 05:20:00,CLEAR,DARKNESS,DRY,ON SCENE,08/25/2019 06:15:00 AM,41.789613831,-87.730347529,POINT (-87.730347529104 41.789613830714),C,8,2019,05:20:00
45e5e9dca6c80c62d1abdf42ae924cf5556679b3361541579fdf0d775856261b4c69073ed5df9c3346b7290faedb6965bed9d875729462564cbcb8e8e499417c,2022-03-15 14:00:00,CLEAR,DAYLIGHT,DRY,NOT ON SCENE (DESK REPORT),03/17/2022 02:01:00 PM,41.794849958,-87.767280356,POINT (-87.767280356289 41.794849958048),C,3,2022,14:00:00