CRASH_RECORD_ID,CRASH_DATE,WEATHER_CONDITION,LIGHTING_CONDITION,ROADWAY_SURFACE_COND,REPORT_TYPE,DATE_POLICE_NOTIFIED,LATITUDE,LONGITUDE,LOCATION,CRASH_TYPE,CRASH_MONTH,CRASH_YEAR,CRASH_TIME
45eec3af7c02d5863f34b115b231e02199766eecbeae8870c989ff6b4a44c84a30e20859099ba1733af8993179753d76e7d14500d8d583cbb3918b821e7cc271,2022-04-14 12:11:00,CLEAR,DAYLIGHT,DRY,ON SCENE,04/14/2022 12:41:00 PM,41.787670224,-87.598394884,POINT (-87.598394884217 41.78767022355),C,4,2022,12:11:00
45faa7a7c6c39021583cbaed6ecd705e6e83b02af466cbe241d36f9d7ddc899f30f84fe626d782da18f0fa671137b436ac14e5104a2015a7ce075706302fb663,2024-01-11 11:59:00,CLEAR,DAYLIGHT,WET,ON SCENE,01/11/2024 12:13:00 PM,41.902082794,-87.716459285,POINT (-87.716459284985 41.902082794173),C,1,2024,11:59:00
45fff705c0308fa4b8e9453ac5be459803af5cac537930cf8371b604dacba93ba710dddade69f6f581558984a96d7de93b194110804b6b5fa7f4cc46b1751a50,2022-08-17 09:10:00,CLEAR,DAYLIGHT,DRY,ON SCENE,08/17/2022 09:10:00 AM,41.778749425,-87.724130258,POINT (-87.724130258335 41.778749424651),C,8,2022,09:10:00
460374ddd8544460502589a26e8f7723f5dd474b929f8ea8fd18244dc7c2fd90d04341a8dc5b4f12e406d0a5d68cc6e59f94b7df9c3659af078f99553b23a48a,2023-01-21 07:25:00,CLEAR,DAYLIGHT,DRY,ON SCENE,01/21/2023 07:27:00 AM,41.80223871,-87.613995727,POINT (-87.613995727141 41.802238709769),C,1,2023,07:25:00
46104c280ca3911ead54786c42d42e1fbfac89f3f49a70718103cf0a1c3ccf2ebf777d7c790ee1be76d25d08b59a79f21dfba2a7c96e8bc5596fc10e0bcce377,2023-05-08 11:28:00,RAIN,DAYLIGHT,WET,ON SCENE,05/08/2023 11:28:00 AM,41.944070087,-87.674044283,POINT (-87.674044282909 41.94407008681),C,5,2023,11:28:00
46115be3746cf51c5755944f4a429688905febc5b9c53de6e39527af0482ab859608630a02b3ae5aa589fee9203c44d94aa688e1b222fa1ad55058c5addc43c7,2024-07-16 14:10:00,CLEAR,DAYLIGHT,DRY,NOT ON SCENE (DESK REPORT),07/16/2024 02:54:00 PM,41.721515797,-87.631048578,POINT (-87.631048578479 41.721515796592),C,7,2024,14:10:00
4636d6e401f373bb6e832f40cfa727817a8cbd276d382d3dc6a1e73f70fe95b1036ec15e92f37191ca28fab67f67a77f13ad066c1e32d5329d3498ef8dd7c7cc,2019-07-11 13:19:00,CLEAR,DAYLIGHT,DRY,ON SCENE,07/11/2019 01:20:00 PM,41.786845271,-87.776073046,POINT (-87.776073045951 41.786845270606),C,7,2019,13:19:00
464d0edd1bad064c62ddc64a81c478510d63e8036d9efac447247af4e2e2c14fe79f8f93776d62679ed65515f855aacf04d58f5c06429c7e315ed796b9b0cd44,2018-02-10 00:40:00,SNOW,"DARKNESS, LIGHTED ROAD",SNOW OR SLUSH,ON SCENE,02/10/2018 12:40:00 AM,41.797453291,-87.791868276,POINT (-87.791868276172 41.797453290514),C,2,2018,00:40:00
46620ec73dbb64d0497efcf839d49e23ef639ff471d5dd9bc0cc65ea1739a24157cda639650f135f04d47c20abd2176ddafc3e285811fef4b95cf3861295b8c5,2018-10-10 07:50:00,CLEAR,DAYLIGHT,DRY,NOT ON SCENE (DESK REPORT),10/15/2018 08:14:00 PM,41.774853038,-87.7434563,POINT (-87.743456299904 41.774853037794),C,10,2018,07:50:00
46748d17cfd64238e3feaeb7f3228033707b1d90eab821b24ced0039141db51de2eb01dd3c9208630d62d09d147ed6941be90db5af2a67138a4373864621796e,2020-09-07 13:30:00,CLEAR,DAYLIGHT,DRY,NOT ON SCENE (DESK REPORT),09/07/2020 02:30:00 PM,41.990506299,-87.70734767,POINT (-87.707347669762 41.990506298579),C,9,2020,13:30:00
4683346e8a1f34b2591360a36c15efb6adf660fd9f60b9631b70092896ba38df935faee161257e90cfa9a2072aafdc9847a2be0cf069130ebdff158bdb56726b,2021-10-25 12:50:00,RAIN,DAYLIGHT,WET,ON SCENE,10/25/2021 12:51:00 PM,41.997096061,-87.765988169,POINT (-87.765988168883 41.997096061408),C,10,2021,12:50:00
4689c5b2d61e656d96f74395d13ccc4acc235f18d26394a3a4c953bd0e2a6fa353ad3ed9ee58826831b3c25bce3ab4c73d1fcf0a8cb6c8462160875c43ea6ae9,2023-03-16 21:59:00,CLEAR,DUSK,DRY,NOT ON SCENE (DESK REPORT),03/17/2023 08:00:00 PM,41.861948835,-87.63922114,POINT (-87.639221139667 41.86194883473),C,3,2023,21:59:00
4691e96d3af94313044fe04a6f57e7715d8dab98d1d6855689a47adfc2940808781a6a7a6645a83034889db4da6f244eaf4d6da4591e2d3cbdce3b6d56c0796a,2022-08-08 10:15:00,RAIN,DAYLIGHT,DRY,ON SCENE,08/08/2022 10:20:00 AM,41.956931352,-87.723674696,POINT (-87.723674695812 41.956931352056),C,8,2022,10:15:00
46a020eaf90990169aaaeefe3e4d7cdad983a93e4a87e13784c601359715d5f3902553f08724cbd05c1877ae4f4d95da3e677c2dcb958c30e3da54608e9c3045,2024-02-16 15:00:00,CLEAR,DAYLIGHT,UNKNOWN,ON SCENE,02/16/2024 03:18:00 PM,41.807668163,-87.732299,POINT (-87.732299000022 41.807668162566),C,2,2024,15:00:00
46b6aa5f4c38fd367b7006adbecdf56241dfd94296cef688bf7b1e9352f4c55837dbbe073a6ccf3c5cff4885bb845922642ab4ae47862efd6f632ec4eb856789,2024-08-16 12:45:00,CLEAR,DAYLIGHT,DRY,ON SCENE,08/16/2024 12:46:00 PM,41.993782022,-87.78430121,POINT (-87.78430121016 41.993782021995),C,8,2024,12:45:00
46ba6ca2a603acaaad0afe759821c4467113c7557da04a1de7cd57ee48ddc7d35de928e58c6eeb76a05e92194ce2fa7284e99d9bcb78a1363e537ad32fcffacf,2020-10-30 13:00:00,CLEAR,DAYLIGHT,DRY,ON SCENE,10/30/2020 01:07:00 PM,41.741637638,-87.643841227,POINT (-87.643841226877 41.741637638237),C,10,2020,13:00:00
46bbad7f97d5e8771ccf2ea2a00d7e208e816e0ad46f789e4c0adca31dd98ac600c1715e588e4c176799213e9831f5c293f95cd7af7b57dac4a53b87cfad1420,2021-06-01 20:07:00,CLEAR,DARKNESS,DRY,ON SCENE,06/01/2021 08:15:00 PM,41.833981989,-87.618327971,POINT (-87.61832797071 41.833981988716),C,6,2021,20:07:00
46c57b8cd3c9ec61d85bcb099b2c50acc538704bc85a3e83b43a770b5cb9cec359eaaa40251dc7c6aa6f64211e9d1b6a938660608f352160643f97ed51f6d31a,2022-03-02 16:30:00,CLEAR,DAWN,DRY,NOT ON SCENE (DESK REPORT),03/02/2022 04:30:00 PM,41.808047272,-87.704118822,POINT (-87.704118822299 41.80804727165),C,3,2022,16:30:00
46c8ab37c79d55fbfbe594fdaf9985a942428de01b20c8a7dbf665ab4b5220025fc7f898f247f911509e0b9cea8bb1a9063f301285e590191090c14d82d840d6,2023-04-29 13:00:00,RAIN,DAYLIGHT,WET,NOT ON SCENE (DESK REPORT),04/29/2023 03:03:00 PM,41.803206715,-87.669755952,POINT (-87.669755951719 41.803206714647),C,4,2023,13:00:00
46ea637daff7a56f3780386fc474527e9e605ce40b3db60a64db41c404ca6a012cc67f5b2149cf187d96b2d72ab9a03cea216ee85bfe35b5a505011f4de3f721,2024-07-11 10:05:00,CLEAR,DAYLIGHT,DRY,ON SCENE,07/11/2024 10:06:00 AM,41.88424821,-87.699266401,POINT (-87.699266400729 41.884248209666),C,7,2024,10:05:00
470645bf976c37d22720633750135ded4e54f282323cdaeaf03c12358fc6c60f28f6bd5b3abc0019c59750a8c7d3f56a22919add2da44b14cebc1d97c9ef8363,2023-08-18 14:21:00,CLEAR,DAYLIGHT,DRY,ON SCENE,08/18/2023 02:21:00 PM,41.889202826,-87.754690285,POINT (-87.754690284742 41.889202826034),C,8,2023,14:21:00
4709b311ba3b297d254a66bfa04477c9d6b168e59715020754d29800359cf31d0237298d6a05a8480c91c9b212c08f2d74e95803d19912d3dc7225721e05632d,2020-07-26 16:30:00,CLEAR,DAYLIGHT,DRY,ON SCENE,07/26/2020 04:40:00 PM,41.881069374,-87.685307553,POINT (-87.68530755272 41.881069374222),C,7,2020,16:30:00
4750d04d7a70370783e4a92b06967ac48e1c85245de644830a2b38cfdc3194276f2cc35fbe05e4c551560a1ffe9b73997e690489c22c250402fcf18757b435af,2021-12-21 18:00:00,CLEAR,DAYLIGHT,DRY,NOT ON SCENE (DESK REPORT),12/21/2021 06:22:00 PM,41.978807624,-87.836735085,POINT (-87.836735084783 41.978807623905),C,12,2021,18:00:00
4753677dbfa3dec49d70acb8b51d43460c12a009d8d6ef5d54b9d87826010140df88a63083fe4ba3dde2cc76b4bfa24c1a20ea5872772793ab19c75d47580738,2019-06-05 07:35:00,CLEAR,DAYLIGHT,WET,ON SCENE,06/05/2019 07:38:00 AM,41.977964161,-87.792677464,POINT (-87.792677463665 41.977964161292),C,6,2019,07:35:00
4773331c27c8806de9a7dbf08b86a558d95f07a1478418be49e52008668fea05909fe6d62912e3ccde31c6a34f9a439d03754e738367e7fa2276e264c714ba20,2018-06-05 09:20:00,CLEAR,DAYLIGHT,DRY,ON SCENE,06/05/2018 09:24:00 AM,41.875033466,-87.692559367,POINT (-87.692559367258 41.875033465887),C,6,2018,09:20:00
477c9df6f71857e99d5517e08b091a3fbd060c514309475151f0edda604e44df6933c4bde5b5abb50a05c38a25c76f6e5be4946e51bded056725fc2b29195afa,2018-12-14 09:17:00,CLEAR,DAYLIGHT,WET,ON SCENE,12/14/2018 09:19:00 AM,41.81297966,-87.624707127,POINT (-87.624707127334 41.812979659555),C,12,2018,09:17:00
55ef432a7b1410f1336dd778abb6e9eecb5cdfdb401ae47af3943376d366ff510c122adbaca853e2a30bd3ae8c25465a6a4ebcaccc32a7542613513e755e3049,2017-12-01 18:30:00,CLEAR,DARKNESS,DRY,ON SCENE,12/01/2017 06:38:00 PM,41.902567233,-87.739439844,POINT (-87.739439844452 41.90256723283),C,12,2017,18:30:00
478ce55bdda3b359e1cd7e486024fac5992033f9976d9d870b838b4e92116ce6b5ccefb3c3ffea21bd8863af09fe23250dd4e26e7d3649aa6094d2e888ae8dfa,2020-12-10 17:15:00,CLEAR,DAWN,DRY,ON SCENE,12/11/2020 08:00:00 PM,41.816438805,-87.629586596,POINT (-87.629586596136 41.816438804918),C,12,2020,17:15:00
4796e1c444014e3d353b4d7507f5afb003a61910c2d6e46925374e7a509fc2aab810f2fab52c75e670bfa1cedc842deb93c2801ebd3dff816bad70ac87588516,2021-05-19 09:30:00,RAIN,DAYLIGHT,WET,ON SCENE,05/19/2021 09:35:00 AM,41.789112548,-87.703579727,POINT (-87.703579726608 41.789112548017),C,5,2021,09:30:00
479baafa6a59eec3a574e02b8e6eb224050ac6556fb276a5bf10b33a92aa371bba1aed34a4451e6174e77ab62d54e2185a75093b10f9a1c7c273ace192d01f31,2023-05-28 18:00:00,UNKNOWN,UNKNOWN,UNKNOWN,NOT ON SCENE (DESK REPORT),05/28/2023 06:40:00 PM,41.991533947,-87.673395409,POINT (-87.673395409319 41.991533947018),C,5,2023,18:00:00
47bf99d29a839c3d6c982fd9ea6c1e7e24286015b113fffe56fb4d4ba9053634dd7baf00febacba77a3694392a17429cc276e290d407414761a111c6718fc4e8,2018-04-08 18:45:00,CLEAR,DAYLIGHT,DRY,NOT ON SCENE (DESK REPORT),04/08/2018 07:08:00 PM,41.749640911,-87.74124877,POINT (-87.741248769578 41.74964091079),C,4,2018,18:45:00
47d84462798e64aad689f0e8916ce5723250373959fe09565ebda849e847bff882e29d4067c1612ad0d63c45ff8ae23dc32aa314bcc9c8ec2580085e8f0f538f,2018-05-03 12:00:00,CLEAR,DAYLIGHT,DRY,ON SCENE,05/03/2018 12:09:00 PM,41.813969782,-87.664960509,POINT (-87.664960509109 41.813969782477),C,5,2018,12:00:00
47f10fcd785ff6af4d3adbda387a5cbcc1ddf0b6651ac19f3b8f38f2f95004abfdd065f6ef5b615947baf5d4ac9af2a1c1a24c309b8eb59b29a1ad800dc070e3,2021-11-30 13:00:00,CLEAR,DAYLIGHT,DRY,ON SCENE,11/30/2021 02:10:00 PM,41.875388797,-87.642527141,POINT (-87.642527141402 41.87538879718),C,11,2021,13:00:00
4823ef363933fa2fca4541137b95680503f2a125c9e0f1764dfaebf195fc40e4639ed7c5909cc865103e693f03f5a4f17bfa8a42804578f7e8c42a0f9273282a,2018-02-04 09:00:00,SNOW,DAYLIGHT,WET,ON SCENE,02/04/2018 11:55:00 AM,41.755158748,-87.566152634,POINT (-87.566152633779 41.755158747966),C,2,2018,09:00:00
482cc6a83ce234c7684a439bcbbb7ca9f8b657eee81971fecd764a4ca864615062767c872c5e35303354009927f2b5402dc64c71fa1967788fb773b7e6bb243c,2020-06-06 12:20:00,CLEAR,DAYLIGHT,DRY,ON SCENE,06/06/2020 12:25:00 PM,41.947144392,-87.746625628,POINT (-87.746625627926 41.947144392167),C,6,2020,12:20:00
4831d48bb789ca99c6546bfd5a175af8a2cacf834b368ee7d9f69c2676ac58a0d78a87111c6d5ea04225e99e68f0dc337f929570c40657784a10045224d65188,2019-08-03 18:55:00,CLEAR,DAYLIGHT,DRY,ON SCENE,08/03/2019 07:42:00 PM,41.848587034,-87.68037202,POINT (-87.680372020195 41.848587034449),C,8,2019,18:55:00
485aa9bbe7cd686dccb8ee20f5b50bdd3622f1d8e2c6f0ec6a90bc931f79e35d6aa59736bb03ca66d0f664c728388afada6dab381cd5983a09cc2263fd19849b,2023-08-14 17:30:00,RAIN,DAWN,WET,NOT ON SCENE (DESK REPORT),08/15/2023 01:36:00 PM,41.780008277,-87.625522512,POINT (-87.625522511916 41.780008277408),C,8,2023,17:30:00
4866f4a31b6c537309e30ebfa28fef5c5450fafec8499ab9f1027ff2b9a6d9be9cc53041e70064db98b66eb168d98c321bf38400974e510891e50ea2925441e2,2022-06-23 18:17:00,CLEAR,DAYLIGHT,DRY,ON SCENE,06/23/2022 06:36:00 PM,41.932431354,-87.675186034,POINT (-87.675186034226 41.932431354312),C,6,2022,18:17:00
48725c78e46546e17bf5982d7da893b9fa9030f5232528dd3a6cdd32e444c27b2e04cd3be17547a7a6105765ccee56b6842d125f128d7714569eb3a0808f93a9,2019-02-13 13:00:00,CLEAR,DAYLIGHT,DRY,ON SCENE,02/13/2019 01:03:00 PM,41.786848365,-87.703216713,POINT (-87.703216713217 41.786848364589),C,2,2019,13:00:00
488b81f8a390f0af371e7e950ba5c3fbccb522a07afc7f4e759e9a0356dfcda07381d23107f0af9150eebc4d87e3f5f8207e35b8c426addd4cc8f5e66011605c,2021-02-18 07:35:00,SNOW,DAYLIGHT,SNOW OR SLUSH,ON SCENE,02/18/2021 07:46:00 AM,41.963631621,-87.740059928,POINT (-87.740059927847 41.963631620712),C,2,2021,07:35:00
488f661877ce85d9a5fc9e746da107a460a3db4400ee154d804606ec5d57f2acce31c93edffa3ed129b0bd29cac8131fd4fd75318fd8e1636d4db7b55c511582,2019-08-11 17:41:00,CLEAR,DAYLIGHT,DRY,ON SCENE,08/11/2019 05:41:00 PM,42.002036422,-87.672125465,POINT (-87.672125465101 42.002036421729),C,8,2019,17:41:00
48a1f31133bd106dacdb59daa2e94d16b927f10544fca70629deaa5cbeab888437c83821015c7881d67aab5401138967c71557a1651ca4cbfbfdb0c370d95f61,2021-05-02 09:11:00,CLEAR,DAYLIGHT,DRY,ON SCENE,05/02/2021 09:11:00 AM,41.866056958,-87.659246271,POINT (-87.659246271284 41.866056957616),C,5,2021,09:11:00
48a9b885bc367e85f47bf2f9ed60fb8aa04420fba4b0039554703604c3cf4621fa7465ca85f1a5e6641e0e7751908211202b82ec10313c48fa9f2a6a816b797a,2021-02-13 15:45:00,SNOW,DAYLIGHT,SNOW OR SLUSH,NOT ON SCENE (DESK REPORT),02/13/2021 04:00:00 PM,41.684672952,-87.663642431,POINT (-87.663642430862 41.684672952086),C,2,2021,15:45:00
48b161a253aeac0428e805f112ebae813b459a78906f22465970a0e93616ad825aff69b9f00d8456f508b6a0bfd321b46a62cd0b4ed290bc03c96e3c6fe9b55a,2021-08-17 14:30:00,CLEAR,DAYLIGHT,DRY,ON SCENE,08/17/2021 03:46:00 PM,41.812772668,-87.664930198,POINT (-87.664930198189 41.812772667861),C,8,2021,14:30:00
48b502f429651e61af9ef7a9dbfe4629a43fcd91bf08e262af2eca29273a581788d37916f36f4b89a1ca264122f5ffc9d182daefb55314dfb5af50a3220c14fe,2020-10-31 12:30:00,CLEAR,DAYLIGHT,DRY,ON SCENE,10/31/2020 12:36:00 PM,41.844741607,-87.699727403,POINT (-87.699727402898 41.844741606907),C,10,2020,12:30:00
48bb0ace3b04331441a7cd5f8aa164931878adb827e669f34689962ba8d89e984d97bb6865261ce0a8b3300a1f1e421a1ebf4bd7beef08b5a4307c87ee24196e,2024-01-27 22:00:00,RAIN,DAWN,WET,ON SCENE,01/27/2024 10:14:00 PM,41.979316508,-87.709838452,POINT (-87.70983845218 41.979316508146),C,1,2024,22:00:00
48c53e5dde95034b4d50ea3a5f244a109f491dbd4c8d3979800261ae2e36feb9d26166dba6d6fdfcae25d6a041fe1377845fe3984c7d60f7648e77a905affbdc,2017-07-02 02:00:00,CLEAR,DAYLIGHT,DRY,NOT ON SCENE (DESK REPORT),07/02/2017 03:00:00 AM,41.992937504,-87.660210326,POINT (-87.660210326281 41.992937504215),C,7,2017,02:00:00
48c7898930b99a72159170dac6c853926f8a7a65f743f476490b9928334580bc0f466611f144f5b20190564f91369922b334346d34927814a3e4bf424f4d9236,2023-08-18 10:25:00,CLEAR,DAYLIGHT,DRY,ON SCENE,08/18/2023 10:30:00 AM,41.963425754,-87.701125621,POINT (-87.701125620725 41.963425754283),C,8,2023,10:25:00
48cfd8afd872af918bd3e00edcfc93ef45a811695117f4632abffe5760f6140dbced4fcc8d500fa6091fab45bc7aa51cd0362fe6e6348e9a50d9d2a6cadcc45d,2017-07-28 00:30:00,CLEAR,DAYLIGHT,DRY,NOT ON SCENE (DESK REPORT),07/29/2017 10:50:00 AM,41.809657473,-87.603752289,POINT (-87.603752288947 41.809657472989),C,7,2017,00:30:00
48d86d97c007a9048dcce9ab3bde7422ca882c84a3a703cccf5192777eed8a0491215ad62f1810e6725fccc48c8154c4fcc362986937cc534bd2d23c19304b25,2021-05-15 16:00:00,RAIN,DAYLIGHT,WET,ON SCENE,05/15/2021 06:28:00 PM,41.801954647,-87.618682957,POINT (-87.618682957422 41.801954646548),C,5,2021,16:00:00
49072f1c37ce963ec441c500fd3757cd415b1bcdc1a7e46911c81c69ac6d3cacde4b3feb11299623e2fe9455ff03bfa5fe6650b90bada66e538dd4ae0a8d3e43,2020-08-17 16:55:00,CLEAR,DAYLIGHT,DRY,ON SCENE,08/17/2020 05:15:00 PM,41.994793386,-87.88270766,POINT (-87.882707659516 41.994793386112),C,8,2020,16:55:00
490bf749809c36407b6a19b2eb2d73a64a00644492a9eaac893562906df81018d182a637e36f6d81c82c366aac30484ee8f2741d054636197cc495ab9deee402,2021-09-20 10:49:00,CLEAR,DAYLIGHT,DRY,ON SCENE,09/20/2021 10:50:00 AM,42.001509334,-87.662839122,POINT (-87.662839121927 42.001509333549),C,9,2021,10:49:00
491686cabceb37ac3990ef39001838cc9f800884fc1530e40b902ac7beee4299418d17b40c39450f19866506b84803ec91e60affa7d5be22ae22fd0498bb8fcc,2022-05-09 09:46:00,CLEAR,DAYLIGHT,DRY,ON SCENE,05/09/2022 09:46:00 AM,41.96783,-87.767330741,POINT (-87.767330740918 41.967829999529),C,5,2022,09:46:00
492d328767f5a0449e175c1115c50337d4e7857f61f366c4f736dca254b9e29391128da66adb0344a6db67e774d8709b6852b7d46352564239db0858a4409997,2024-07-03 21:52:00,CLEAR,DUSK,DRY,ON SCENE,07/03/2024 09:52:00 PM,41.892931103,-87.726156828,POINT (-87.726156827911 41.892931102846),C,7,2024,21:52:00
4930263e4c48595ce754adbb79e6fe5b54a6560bbef1c733c063c6d70e888be41bbd8d63fbc8390df256c0fb8c0a65f575ebcea6fba77807214dd3ba9242775f,2019-03-22 16:10:00,CLEAR,DAYLIGHT,DRY,ON SCENE,03/22/2019 04:15:00 PM,41.685141063,-87.646090671,POINT (-87.646090671499 41.685141062542),C,3,2019,16:10:00
4952cd2431f161c1647ef839a7953f34d6b12f6f2a244fae6739a06f6519d7fa11eebe0df957666405769e306d987e1da84fb3703aa6117fec17bb15b4fbd1c0,2023-08-04 11:00:00,CLEAR,DAYLIGHT,DRY,ON SCENE,08/04/2023 11:11:00 AM,41.870836141,-87.724837722,POINT (-87.724837722203 41.870836140723),C,8,2023,11:00:00
49578c46bc6639812eae93f1bd2e542119296d1571db8f6bd920d4b51130a4d1c9e839240e900d25a8151605e6c9524b466683faf5d658633aa57aa81653b424,2019-03-20 15:00:00,CLEAR,DAYLIGHT,DRY,NOT ON SCENE (DESK REPORT),03/20/2019 07:25:00 PM,41.96497072,-87.66115881,POINT (-87.661158809767 41.964970720425),C,3,2019,15:00:00
495c61a2543c737d1c94cfe96deeb44faf9c5408bdd3e22b7ce2ab706a6569d0b1d3573f72f835c53cf131104abb241e541394ad47f47a8ab72a1e8d07a2f4d8,2023-07-03 13:00:00,CLEAR,DAYLIGHT,DRY,NOT ON SCENE (DESK REPORT),07/03/2023 03:35:00 PM,41.809628698,-87.607369738,POINT (-87.607369737858 41.809628697878),C,7,2023,13:00:00
49718ead448134856280ae79ad2b4c9d6d77f1c0d2569705dc0494a5adfa58e8c721c8e70b1df91df67fc33aa8f21ea6c541671f67c36c7025460cc7a6de027c,2021-03-14 11:45:00,CLOUDY/OVERCAST,DAYLIGHT,DRY,ON SCENE,03/14/2021 11:53:00 AM,41.751618682,-87.583725099,POINT (-87.583725099143 41.751618681797),C,3,2021,11:45:00
497afe0a92f0d2d10ab6f4c37a5d4567941d28f96f2993edf26e9d4361e625bed2294ae2145cfa331a1c9b05c3c736fe7e5cf905d766263874d8f0870386a48f,2020-12-31 11:30:00,CLEAR,DAYLIGHT,ICE,NOT ON SCENE (DESK REPORT),12/31/2020 12:05:00 PM,41.851908367,-87.702875989,POINT (-87.702875988997 41.851908367483),C,12,2020,11:30:00
4990469a539fe437db2b29ee0ee5e885fa878118ed2a417090aabd54600d1bdfb0516e2e0b20ebbaa973f367a4cb63ab496bc9c4f63832d2e62a30647e159e88,2019-11-20 23:10:00,CLEAR,DARKNESS,DRY,ON SCENE,11/20/2019 11:11:00 PM,41.758265621,-87.593070538,POINT (-87.593070538348 41.758265620959),C,11,2019,23:10:00
4990f74fb52d773957098a5f35361faf47d898934da0711062aa69516ba74736024b1bf6f6304a2f25bf60158a15d60479727d3612c2f9189af80144834edabc,2022-01-22 18:32:00,CLEAR,DUSK,DRY,ON SCENE,01/22/2022 06:50:00 PM,41.795817017,-87.691564703,POINT (-87.691564702832 41.795817017009),C,1,2022,18:32:00
49ce0151100e12888dea6a026e187b0d606151985cfeede3de13889850f919623c82bc6b89762d92a0296921b097b5243b281f4df3d3d07242e7ff7a41446277,2021-02-18 17:38:00,OTHER,DUSK,ICE,ON SCENE,02/18/2021 05:38:00 PM,41.878822242,-87.745362815,POINT (-87.745362815077 41.8788222419),C,2,2021,17:38:00
49d1c83983399963d8ccfb8e755f4e82ce5c30d402580d330925019654edfd7fb17f5cae3d6294e3a23d30db6439b3e9dc2e1d0c679efe5ef7ee739ef0ea116d,2019-07-25 18:39:00,CLEAR,DAYLIGHT,DRY,ON SCENE,07/25/2019 06:40:00 PM,41.974216814,-87.653067111,POINT (-87.653067110641 41.974216813897),C,7,2019,18:39:00
49d533ed2bd7b64d100c03fe37629619de8aa5ef42c42f67309b94a95ab2f84a6d5ba5d5a9271785d27042afdb35c020f3cb6104b72ab6879a18795f24a07659,2024-04-29 16:24:00,CLEAR,DAYLIGHT,DRY,ON SCENE,04/29/2024 04:39:00 PM,41.733027676,-87.596394894,POINT (-87.5963948942 41.733027676455),C,4,2024,16:24:00
49d645faa69f02836503a15f41ccb8d73b9c0a069b1071acdfd52018b3de174a7f1c7e3fb7e94384f1ca7cf8624cff018aaaac3071be18376a508593be5f6084,2023-12-17 08:14:00,RAIN,DAYLIGHT,WET,ON SCENE,12/17/2023 08:20:00 AM,41.900134254,-87.619250482,POINT (-87.619250482035 41.900134254418),C,12,2023,08:14:00
4a0fa85dd9e4e3fae83c4edc562cacb06d8636f2391e4809b9b2f5751191a349f4c86ed54c81ca19c51753b513556ee1486853c250f1d614a2eeb0da22ff3231,2021-02-06 18:15:00,SNOW,DARKNESS,SNOW OR SLUSH,ON SCENE,02/06/2021 06:27:00 PM,41.793175403,-87.631949864,POINT (-87.631949863844 41.793175403034),C,2,2021,18:15:00
4a167546413fdd790ac83ab3c01ced38f8fe6c200450c647c7f1fe3426f7c4e2f3aee1f82c12aab3c908da4db7ac46608fd3c0b58c59c2f47c6bc2bb330bf032,2019-12-09 14:40:00,RAIN,DAYLIGHT,WET,ON SCENE,12/09/2019 02:45:00 PM,41.91998899,-87.772075911,POINT (-87.772075910822 41.919988989711),C,12,2019,14:40:00
4a28dbd021323ecb12d9109cf41c0cb9c473f636863e1f28d97c77f16baaa094376d9edcd772a463fe2948582b170525ac4613b29c718ac9f7b059a4d38f4b3e,2018-08-26 10:40:00,CLEAR,DAYLIGHT,DRY,ON SCENE,08/26/2018 11:00:00 AM,41.977042435,-87.694236097,POINT (-87.694236097188 41.977042435446),C,8,2018,10:40:00
4a2b2f791a5f5411ca21713c27a281e3be31dbe8eadd28b86a0e48c970155df01244fcb25c9245023aa9bb65a8b46bc27727c8428984ba407446b9b38d3315ce,2017-10-28 14:15:00,CLEAR,DAYLIGHT,DRY,ON SCENE,10/28/2017 02:39:00 PM,41.969115369,-87.660979992,POINT (-87.6609799919 41.969115368512),C,10,2017,14:15:00
4a2e7d7456dc37ffca23383b376baabf16641bd15bdf04a8464fdd342aa891c6929587c401e5705a2d24112d3a04b097a2c612e13afdfe8defdd7218851ec184,2022-05-03 13:45:00,RAIN,DAYLIGHT,WET,ON SCENE,05/03/2022 01:45:00 PM,41.937845357,-87.662864536,POINT (-87.662864536493 41.937845357149),C,5,2022,13:45:00
4a58d96d9b819cfa0cf482742a52841194a77c1669cff83663416647a3290a72318d039cde4e7ea634b1eb4e04bb181804e786978c652d0cb8b2a8add8d02b43,2024-02-19 17:32:00,CLEAR,DUSK,DRY,ON SCENE,02/19/2024 06:33:00 PM,41.873932846,-87.735376231,POINT (-87.735376231386 41.873932845698),C,2,2024,17:32:00
4a5b9414d7c867a61d465ebb61e349bd7c331f1f0b0ac2d10f5493b6a51cb044f4a3e4a1327d1e476c512bd23adcce86ca38b6d9b04fd02fdef6cf315e270624,2021-03-29 01:43:00,CLEAR,DARKNESS,DRY,ON SCENE,03/29/2021 08:02:00 PM,41.70765647,-87.5399765,POINT (-87.539976499884 41.707656469991),C,3,2021,01:43:00
4a62006bbbf497bf6452b09e62df2e588de88037b86017fae1a52927c0c0987b3726729e0d60e02f8ad1bd40b6c791e3662754f70ca147a122b4bc70e126ff3a,2018-10-29 07:35:00,CLEAR,DAYLIGHT,DRY,ON SCENE,10/29/2018 07:37:00 AM,41.771895147,-87.698232147,POINT (-87.698232146856 41.771895147319),C,10,2018,07:35:00