CRASH_RECORD_ID,CRASH_DATE,WEATHER_CONDITION,LIGHTING_CONDITION,ROADWAY_SURFACE_COND,REPORT_TYPE,DATE_POLICE_NOTIFIED,LATITUDE,LONGITUDE,LOCATION,CRASH_TYPE,CRASH_MONTH,CRASH_YEAR,CRASH_TIME
4a69fe2138468f3b560d32c49fd0e617c8525c2d9c9a4637198083ab4dd04ce2fc0959d76d397c75182299b67f6e877ede8dd2c89e214e4885474760035e8acc,2018-04-09 18:00:00,SNOW,DUSK,WET,NOT ON SCENE (DESK REPORT),04/09/2018 07:00:00 PM,41.947391995,-87.796629324,POINT (-87.79662932437 41.947391995328),C,4,2018,18:00:00
4a702e8d67ee97b8c6cb258f8a706a25fc824677d6f9b85dd271dcd41178afe4e9930e535e006424a228381659adcffeed5ae6c056b5f368e9b4c97e320184c4,2022-05-13 09:54:00,CLEAR,DAYLIGHT,DRY,ON SCENE,05/13/2022 09:54:00 AM,41.721931793,-87.618201095,POINT (-87.618201094875 41.721931792696),C,5,2022,09:54:00
4a8ab60061fe87ab04d9d59a1a160e7258191795d981fadd767ad2f91f843aa82f05ceff690ef3be5f26043778c6a1cac83f4986b6badd9509c6985a5361cb71,2018-08-29 12:15:00,RAIN,DAYLIGHT,WET,ON SCENE,08/29/2018 12:19:00 PM,41.955545676,-87.653391039,POINT (-87.653391039481 41.955545676109),C,8,2018,12:15:00
4ab735bcedfdea6c8ea9b07616aa661259b680237f384a32cc1086ad84fcffa613aa746786d377f8718488fc6a6e1b0d63880078d15dc1fac580f635891d31ee,2017-12-16 16:20:00,CLEAR,DAYLIGHT,DRY,ON SCENE,12/16/2017 06:00:00 PM,41.807500465,-87.74545551,POINT (-87.745455510008 41.807500465165),C,12,2017,16:20:00
4ab840c241c9530ce3d2cdfde09991d3652154e1177244a4d48e6d411d6e22fc7c9cc79bdfd990ac9270f4b084ed83acc9b7a508477d78c3a389c6e55d96671d,2023-02-01 07:15:00,CLEAR,DAYLIGHT,DRY,ON SCENE,02/01/2023 07:30:00 AM,41.717450058,-87.630828798,POINT (-87.630828797991 41.717450058195),C,2,2023,07:15:00
4adb25a19b5349da66a29a258f4a2635ee557728f667d88a09414f081817820bc126138647ded2ff97bf35e11c41a42dc8c6f25a0faf1705e16ddf1f829eb45f,2023-04-16 00:00:00,RAIN,DARKNESS,WET,ON SCENE,04/16/2023 02:30:00 PM,41.694466124,-87.710840758,POINT (-87.710840758221 41.694466124243),C,4,2023,00:00:00
4aeefa5f0582629ef95cb9268ce14496df15387e5cf403f2a01e2b5a73eb3294dc801e8b72cfaa521a4c2d58ed16cfc0310b9b6e5537592eb18b6ec6cd937c80,2024-07-05 18:56:00,CLEAR,DAYLIGHT,DRY,ON SCENE,07/05/2024 07:00:00 PM,41.84556923,-87.6364243,POINT (-87.636424299977 41.845569230248),C,7,2024,18:56:00
4af111e3b30999336838c0f94be3d8efb5f97558dd9078ce120c6f1d669b6a11320033de849c592a4672207f86619904aabad946b2298fa7453bc3c38e15b129,2021-05-01 15:30:00,CLEAR,DAYLIGHT,DRY,ON SCENE,05/01/2021 04:25:00 PM,41.772620517,-87.668764775,POINT (-87.668764774592 41.77262051689),C,5,2021,15:30:00
4af1eda6fc6e38721e3d044002d266a47f0692694c90af68cf5bf618bc0fe34388d29b4a61d3d81e86aed4ac262d70a56e41ad05b50d252148ebb46ba3bbbd58,2018-01-10 09:30:00,RAIN,DAYLIGHT,WET,ON SCENE,01/10/2018 09:33:00 AM,41.857881894,-87.653896641,POINT (-87.653896640947 41.857881894306),C,1,2018,09:30:00
4b68cf09e554816f2961523b220108a75cc45ad751e8573d06cc30cee4be0ffb6494b62dc841cc55eb9fe07467b4808a647e897ddc0f6164e49bb5a1fcb04487,2021-01-08 15:30:00,SNOW,DAYLIGHT,WET,ON SCENE,01/08/2021 03:50:00 PM,41.735937615,-87.645451079,POINT (-87.64545107881 41.735937614506),C,1,2021,15:30:00
4b7382b9a2581487527a129ad68839d394ee43976e20d7e04a76293787d630f81372a28ad6933993275c2999095b33d8be4525ce86e21a7a307a4a359a76d78d,2023-06-09 17:30:00,CLEAR,DAYLIGHT,DRY,ON SCENE,06/09/2023 05:59:00 PM,41.950060306,-87.712661799,POINT (-87.712661798585 41.950060306088),C,6,2023,17:30:00
4b7f7997d36d7f1d9488044f6a2e15b9e9ebdf0f07d2611ce2fb429839768d7e81363839f11234fc6f4c103c1091f3419b8819f701673c584f111b30251e1290,2024-01-20 18:17:00,SNOW,DARKNESS,SNOW OR SLUSH,ON SCENE,01/20/2024 06:17:00 PM,41.790473587,-87.652497189,POINT (-87.652497188615 41.790473587089),C,1,2024,18:17:00
4ba725a3179e98d55c0d7d6288f8ea5c72de4dd49108da1d48b94ee499947e7130fbc4e920acbb6568b5c7debeb50585e461511757e42ff402a4e467b70ee9a6,2021-09-26 14:56:00,CLEAR,DAYLIGHT,DRY,ON SCENE,09/26/2021 02:56:00 PM,41.965038469,-87.639497278,POINT (-87.639497278389 41.965038469299),C,9,2021,14:56:00
4babd595a4acceaa58659330c6ccd49cd3e3fd9a641c587db66971a9364f0956258159ea8f61d62d18ced7f520112fab9a9ee2bd93a6cfcd51076a0ef953fa46,2024-05-17 11:47:00,CLEAR,DAYLIGHT,DRY,ON SCENE,05/17/2024 11:47:00 AM,41.68607159,-87.600583825,POINT (-87.600583824506 41.686071590121),C,5,2024,11:47:00
4baeff4739eebdf12bba212cbc6c9e2b9b4143751e73f3401422e4c70ba620f6ecba6aa8f65e29f9549e7cf12d3d9ce508b694f7395376925a35b337a3d5a10e,2019-01-23 09:52:00,SNOW,DAYLIGHT,SNOW OR SLUSH,ON SCENE,01/23/2019 10:10:00 AM,42.012551608,-87.673158148,POINT (-87.673158148077 42.012551608009),C,1,2019,09:52:00
4bde161b12afa02c03890f6b999d143b9a86c914765323c92c399c87c99fa9f9b08c9ca00c13d671b399f6b9a4e3e05f9fcbdd2fcb61f4d8f59801e6a7adbf4b,2019-06-09 11:41:00,RAIN,DAYLIGHT,WET,ON SCENE,06/09/2019 11:42:00 AM,41.729306313,-87.551091337,POINT (-87.551091336937 41.729306312645),C,6,2019,11:41:00
4be742708662d3fb1eeacff9451c6337afd1e6626d2c4250503f4eb929576d1fa50447e03ea6a39c24bd319ae75f2c77214ca044a40ce17e77a8e84001c48462,2018-05-01 19:53:00,CLEAR,DAYLIGHT,DRY,ON SCENE,05/01/2018 08:03:00 PM,41.84561607,-87.64317017,POINT (-87.643170170151 41.845616069828),C,5,2018,19:53:00
4bed4e032ee541f7a4018dfd32c87987698835c32c15597b6a9107de7fda7998bc6883b0f8aa6fb6620ef1b82c07700fe0998cb731f186e9fa68fb8043957d4b,2024-06-30 10:18:00,CLEAR,DAYLIGHT,DRY,ON SCENE,06/30/2024 10:40:00 AM,41.797116424,-87.752549546,POINT (-87.752549545733 41.797116423822),C,6,2024,10:18:00
4c0c401814da58ebe8d4d1528c90feffb47fbce22e510a94d33a19fa3f95b9b12edceea9c20a00552ac83aebc3a78ab6a482d18dfd56e4eda658cfe1300c54e4,2022-08-08 21:30:00,CLEAR,DAWN,DRY,ON SCENE,08/08/2022 09:30:00 PM,41.778064593,-87.755490375,POINT (-87.755490374584 41.778064592876),C,8,2022,21:30:00
4c1fe5902f798927d8af54a8e33f5ea9e4ba901c9ba91d77d694f01c07a9b132d76269b4588d0cc35b481e861a7e5008276a58afd7fc9a52b4dd639695d91c0b,2021-03-25 11:45:00,CLEAR,DAYLIGHT,DRY,ON SCENE,03/25/2021 02:30:00 PM,41.722354448,-87.575778064,POINT (-87.575778064147 41.722354448293),C,3,2021,11:45:00
4c2ff07b336367a43f0dc0fdba5fdde03c5a8197e631ab265bd08cecf6aed235470fd5236f16f020b1e6dee90b1f320d8ef7529c0aa0cbb7f857b0e441a7bf78,2022-03-15 09:45:00,CLEAR,DAYLIGHT,DRY,ON SCENE,03/15/2022 09:50:00 AM,41.660283894,-87.58866624,POINT (-87.58866623998 41.660283893596),C,3,2022,09:45:00
4c4596c003d0af67778196af8d2c29b18f4259f332fa26e50713184d83659b757c764d5905d1da5acbbc13ddb9eb9a3f2ed726683087f8f96048e42d51250374,2022-11-04 15:00:00,RAIN,DAYLIGHT,WET,ON SCENE,11/04/2022 03:15:00 PM,41.96262684,-87.750098477,POINT (-87.750098476814 41.962626840395),C,11,2022,15:00:00
4c5e226fbc1c0193cd9989de0909441d26d5ad610077f7f6bcb61e6754dd277ba73b06776c68d25f208e1deb7c6489f9b8d969b19293f14848acfb1587e76eb3,2023-10-26 17:00:00,RAIN,DAYLIGHT,WET,ON SCENE,10/26/2023 05:10:00 PM,41.99502233,-87.884612889,POINT (-87.884612888742 41.995022330494),C,10,2023,17:00:00
4c7801c3ebf80225d7225638792d1d44cfe289309686f390a713094b082d34b3498f837259af627d05320e9f5b378e2d5c45d6a645f194335f78fbebfebbf5e8,2022-01-25 16:20:00,UNKNOWN,UNKNOWN,UNKNOWN,NOT ON SCENE (DESK REPORT),01/25/2022 06:00:00 PM,41.991928756,-87.655296396,POINT (-87.655296395584 41.991928755946),C,1,2022,16:20:00
4c7a719b87b770f7d39e1fac9fd4a8ec73c7f598d5e9d4edb59993900efe1898c9f69b9f09be6bd1090d3d852e4d0f4eb752d529e8e7e4e6cf084a81a336ea28,2018-05-20 13:10:00,CLOUDY/OVERCAST,DAYLIGHT,DRY,ON SCENE,05/20/2018 01:18:00 PM,41.786929561,-87.710829056,POINT (-87.710829056165 41.786929560847),C,5,2018,13:10:00
4c89acbf9072822bd98cc347ed2de013e777d46e755e9769b04c3d0e991480ad110e096c1c7faf8aaac88701be31cfb5b5eb724b9e2f40c5e1b7058521662281,2020-06-13 01:00:00,CLEAR,"DARKNESS, LIGHTED ROAD",DRY,ON SCENE,06/13/2020 01:06:00 AM,41.875675672,-87.764844599,POINT (-87.764844598992 41.875675672316),C,6,2020,01:00:00
4ca76fc144cad3befe4f73e6a385feb58499622e74c7d436a407810a11da0a70e66072530edbd0edcd8a9d6b53d25ce4aa2f0db6475b041dbb379ad1e2ab574b,2022-10-18 15:10:00,CLEAR,DAYLIGHT,DRY,ON SCENE,10/18/2022 03:15:00 PM,41.746808409,-87.664500401,POINT (-87.664500401496 41.746808409404),C,10,2022,15:10:00
4caba1c5c400a30fe5dd1082bd6f8f733b4656491e72a01b6dd6b8aa78dbd307edddd808b777261ae853d4c73db09cbd292df2f4a649e089790aced132afdc3c,2020-12-07 16:25:00,CLEAR,DAYLIGHT,DRY,ON SCENE,12/07/2020 04:27:00 PM,41.95390785,-87.741910939,POINT (-87.741910938594 41.953907849708),C,12,2020,16:25:00
4ccb03701191f5eb9f979306f9e87536c2a2690bf9d5f1a06deb9fbacdef7131274508b96f17ed972e1d409837d1da438bc6f9c825c7118b116e2bfa6c4bd081,2022-07-28 20:10:00,CLEAR,DUSK,DRY,ON SCENE,07/28/2022 08:35:00 PM,41.759578063,-87.585118684,POINT (-87.5851186838 41.759578062617),C,7,2022,20:10:00
4ce899317f9d8110963ba3e4ce8694203b6017eedf0b8da235c0292878447025dc6b9002c9d38474d778d769c5751772158701b16182a5e55bb651158d1f07e6,2021-10-13 12:12:00,CLEAR,DAYLIGHT,OTHER,ON SCENE,10/13/2021 12:13:00 PM,41.976617031,-87.841393822,POINT (-87.841393821842 41.976617030818),C,10,2021,12:12:00
4d01c886eba899701dfc63ee1c2a95368b2b691e9e0abb14419f07cc4f2014b6e25d017ce6c3a5683d047f4dc8312e152e261fb9a95b57f74eedd864cd04ac47,2021-09-17 17:30:00,CLEAR,DAYLIGHT,DRY,ON SCENE,09/17/2021 06:00:00 PM,41.657454359,-87.549407301,POINT (-87.549407301174 41.657454358846),C,9,2021,17:30:00
4d09dd1b21cf2ecedfb9bf0f9a605931c27319a71644665cac4af0ae711b583715a11edc0afd6521104244adcb66de61b64c6c11031b979d1d4c3cae5ac27be0,2024-05-11 02:33:00,RAIN,"DARKNESS, LIGHTED ROAD",WET,ON SCENE,05/11/2024 02:37:00 AM,41.938247188,-87.795846662,POINT (-87.79584666169 41.938247188296),C,5,2024,02:33:00
4d104a126414c2a66aec5382b223ce6d9f2fe51904159c1a71ea3d35df098208bee36e7eafdac794505aae85ede360c6081649930e084b8a4f3f84453d808b5d,2022-11-18 13:15:00,UNKNOWN,UNKNOWN,UNKNOWN,NOT ON SCENE (DESK REPORT),11/18/2022 03:00:00 PM,41.89668041,-87.620128222,POINT (-87.620128221898 41.89668040968),C,11,2022,13:15:00
4d3e6a55be52e1fb32a5d3cfeee1a71e9dbc365c8dcf33fa52f683656d4a08e27f62545036e65dbf4a7a695c30a496b6fbd10af5ea95e9612f7b3c41f8b6a078,2022-11-13 12:38:00,CLEAR,DAYLIGHT,DRY,NOT ON SCENE (DESK REPORT),11/14/2022 01:14:00 PM,41.902040683,-87.765148813,POINT (-87.765148813353 41.902040683188),C,11,2022,12:38:00
4d4d90c2e9f816bdeba8509e401ff157b2222b8aacd8a543feccf73c993c87c802c01999d45a7727f506daed3c7a9720c69eb66a869101051f2dbaf0a01ea9bb,2019-06-02 02:12:00,CLEAR,DARKNESS,DRY,ON SCENE,06/02/2019 02:12:00 AM,41.659756857,-87.618169014,POINT (-87.618169014117 41.659756857245),C,6,2019,02:12:00
4d6025475f290588d446533f3122ca950662011471a53a71127fae706b5a52cbac21740ec44d2a59c28e27de7dfc3b9e36030cfbe794ea20e4d4a5380987aa37,2023-08-23 14:20:00,UNKNOWN,UNKNOWN,UNKNOWN,NOT ON SCENE (DESK REPORT),08/23/2023 02:35:00 PM,41.765643457,-87.612781348,POINT (-87.61278134814 41.76564345694),C,8,2023,14:20:00
4d6b620e70545844ebc1eda1e811ca928e69a1e9c27c941d3d6693e62e5fc17cf811228a9cbb77bf052fafb4d56b3ca615c9d57fa82e48c848dd0ad3b3ab885d,2020-06-21 15:03:00,CLEAR,DAYLIGHT,DRY,ON SCENE,06/21/2020 03:10:00 PM,41.952206384,-87.804964602,POINT (-87.804964602383 41.952206383967),C,6,2020,15:03:00
4d88861d172d902aab4ab30df84db716343e246604ec2b42c8426a4fcd4f695fb47da2cf55cd799c4735b8cff726b12d20d80b1269deff7f520f1e6963d8f185,2021-07-08 08:40:00,CLEAR,DAYLIGHT,DRY,ON SCENE,07/08/2021 08:45:00 AM,41.817263392,-87.743508696,POINT (-87.743508695601 41.817263392384),C,7,2021,08:40:00
4dab10f1c6d3342c8273c0df81ca9383f2315f23327483d47c88de60e3bc2d32d8ada964c4eacd006639c0cc2a1ccd870206a8046596617b4d9fc09d5037a277,2017-12-18 15:25:00,CLEAR,DAYLIGHT,DRY,ON SCENE,12/18/2017 03:25:00 PM,41.779155973,-87.677506996,POINT (-87.677506996355 41.779155972829),C,12,2017,15:25:00
4dd7a2cdedbff033834aa8aa1148a1b1938423ff6062fce9c7e8aa8564d0fed01b19134a4b370fd7a6b1e2c67f15751aec0dfe20bf24ce9fd6d8c069bcd1c22e,2020-06-13 17:10:00,CLEAR,DAYLIGHT,DRY,ON SCENE,06/13/2020 05:14:00 PM,41.88234808,-87.764784475,POINT (-87.764784474593 41.882348079553),C,6,2020,17:10:00
4e05f03df2ab8686a68fcce69f1174569d3ae41f6096d393dcb2eb8d6ddbc3b4f01c271804b9758aa07a004008400c6de5000ae85dd9b5bdae05b14e24e9eec0,2022-10-08 11:20:00,CLEAR,DAYLIGHT,DRY,ON SCENE,10/08/2022 11:22:00 AM,41.771482784,-87.722639835,POINT (-87.722639835183 41.771482784393),C,10,2022,11:20:00
4e07327e28c08e3c91505549c63379849b9dba6ddf092ce35099b957bbc8a27b345d753f90b72b79c05a06aa21b0eef50405395e1e71e7df858a990f221346ed,2021-07-12 02:00:00,CLEAR,DAYLIGHT,DRY,NOT ON SCENE (DESK REPORT),07/12/2021 06:50:00 PM,41.795718502,-87.668421375,POINT (-87.668421374579 41.795718502318),C,7,2021,02:00:00
4e1712d1177b2059c6c22ad40f57c52792109b12a79d52dc8c3d792ed0935f5030b7754f7073b2e0b183a4fb8db3cf8ef0b1a8298e336c9be8d6cde63a226aed,2022-05-30 19:35:00,CLEAR,DAYLIGHT,DRY,ON SCENE,05/30/2022 08:00:00 PM,41.817703881,-87.643574809,POINT (-87.643574808563 41.817703881104),C,5,2022,19:35:00
4e1a53a85c41c6066ab5b3ea700009d597583f93c3da6e1c530960b6c5edcb4cb3478dce4a5cf0c1266b1a3955ab87facdbc61078e87ce01316bf639da12bde6,2021-12-17 12:57:00,CLEAR,DAYLIGHT,DRY,ON SCENE,12/17/2021 01:07:00 PM,41.692559763,-87.621193695,POINT (-87.621193695398 41.692559762592),C,12,2021,12:57:00
4e22127f2088a46b4a594ab6bbdfe0a2d4ae785e920b765d48501037c6def8279dbd7d3d843a4b5fc174dc989d407416e3f07c5866cd4ec070caf38aeea7f2c1,2018-03-09 15:00:00,CLEAR,DAYLIGHT,DRY,ON SCENE,03/09/2018 04:00:00 PM,41.808250804,-87.70283187,POINT (-87.702831870423 41.808250804109),C,3,2018,15:00:00
4e28603e7bb45731c7c50c24b66d865dff62eaa48d22770417a7a680c556de256f0ba2c9277f7196564a46bcabad46b962a7407a0b74279aea1c620a5a3e629a,2019-07-23 17:20:00,CLEAR,DAYLIGHT,DRY,ON SCENE,07/23/2019 05:25:00 PM,41.785732808,-87.738438323,POINT (-87.738438322686 41.785732807652),C,7,2019,17:20:00
4e61fb0ae23fa72ddcb4dcda212c7b1f267d729ec0b54854c2176c4ab1b78af20bcafd4c646d63155e39a724ece3446e11e91dcb376c5ce2743a88111c221aaa,2020-12-02 12:35:00,CLEAR,DAYLIGHT,DRY,ON SCENE,12/02/2020 12:35:00 PM,41.946057604,-87.70823011,POINT (-87.708230109805 41.946057604016),C,12,2020,12:35:00
4e6dced6814b293458c1b028298d8dd804a48c6bd269cdba8e8f30df32ce2da447b294ba1007428a34499e625f1b2226f4b35f6f6e24156e3b5a6c5b1a7eceff,2023-03-20 19:30:00,CLEAR,DUSK,DRY,ON SCENE,03/20/2023 08:30:00 PM,42.022371903,-87.670081275,POINT (-87.670081275093 42.022371902859),C,3,2023,19:30:00
4e7feed5a87128d016ce0d404f005c6a2159d7d9bfceacf60fccc8db53387f0386e5bac73e76050678988fc2f1aa86c9cf1412f36aaccf946486fc3e2090defe,2023-11-06 09:55:00,UNKNOWN,UNKNOWN,UNKNOWN,NOT ON SCENE (DESK REPORT),11/09/2023 01:05:00 PM,41.95318685,-87.757265735,POINT (-87.757265734676 41.953186849643),C,11,2023,09:55:00
4e8ae68df57a4a097919b18ab38f79544ef619e096d2cbeb86efc99dda032cf930860091274074673b23931bf4eb0f3e488e5cbdc03311562df3d0d4a75f3369,2021-07-18 16:43:00,CLEAR,DAYLIGHT,DRY,ON SCENE,07/18/2021 04:45:00 PM,41.945813215,-87.776652162,POINT (-87.776652161564 41.94581321467),C,7,2021,16:43:00
4ea4cfc27554710fd003d10f40bb8876b2857c8bbdeb6f0f41cc2255e45e8ad82f3b59fafd2fcbfa69e85cce95281ef3d8288e8111d3c78db7fa98c329518840,2023-01-19 13:25:00,RAIN,DAYLIGHT,WET,ON SCENE,01/19/2023 02:26:00 PM,41.902428559,-87.755925163,POINT (-87.755925162872 41.902428558943),C,1,2023,13:25:00
4ee692ba54330dc1ee44e7d7276739c8f39e963fe70eb1e5e561801f43b1866ba3202967d6bd26d29655f9e0c56b2914daa98445e2e62c197c5ea6bd8f67cc5f,2020-08-07 17:05:00,CLEAR,DAYLIGHT,DRY,NOT ON SCENE (DESK REPORT),08/07/2020 05:25:00 PM,41.786929186,-87.65921043,POINT (-87.659210430422 41.786929186284),C,8,2020,17:05:00
4ef28c7e21fb42c3f79d7a529c98183735e674233fc3f09bab00740f7741926ae5bf973aab92f2552428ac801bd6e5e59dc3a8098c4bf57f658d59265334389e,2023-05-26 16:00:00,CLEAR,DAYLIGHT,DRY,ON SCENE,05/26/2023 04:10:00 PM,41.974242755,-87.805757033,POINT (-87.805757032865 41.974242754965),C,5,2023,16:00:00
4ef4183c3f3dd148382f38d055ebaf801ff41259cde9506163abf0df4224d6eb8bd0b284b0465fa79c9984c82be8567f98975bad6d8c7cddc1bfac3a9b2de440,2019-09-03 09:15:00,RAIN,DUSK,WET,ON SCENE,09/03/2019 09:18:00 AM,41.78278146,-87.588547289,POINT (-87.588547289114 41.782781459825),C,9,2019,09:15:00
4f0cb7e989d067618e837da373f4dd1cac8e71ae935172470d75a5c8e4543209c40ed6f2fa25cd5d022d5ed5c65487960475aec5f768fd36f37bde8a4274015a,2019-04-15 17:50:00,CLEAR,DAYLIGHT,DRY,ON SCENE,04/15/2019 05:53:00 PM,41.873049908,-87.755361201,POINT (-87.755361201358 41.873049907831),C,4,2019,17:50:00
4f19617572dbecf48f205cfaf5feab91fe5eb50527969fe08c8924db0f6b45998f838f09dcb5866b7f08cc7472e9a756363c71123c93c5da149febb8192e5a15,2017-12-16 11:45:00,CLEAR,DAYLIGHT,DRY,NOT ON SCENE (DESK REPORT),12/16/2017 12:00:00 PM,41.721320769,-87.66292119,POINT (-87.662921189917 41.721320769301),C,12,2017,11:45:00
4f2a247de955539bb964aabdbfdd746e5bb2eb8006dfbbda5d380653282c9088312412fc490e998798387521949b6386b18b3ac303bb0d5a68f0ddf283503b18,2023-03-06 12:25:00,CLEAR,DAYLIGHT,WET,ON SCENE,03/06/2023 12:30:00 PM,41.950638711,-87.807048656,POINT (-87.807048655792 41.950638711206),C,3,2023,12:25:00
4f476acc94077b593dba2b7eec1fd3b6363c062d58163d5087dd9363c50369fac3a9fd00a9254e323b3bf7d96b651f3537ecf17d176a4cf778f2e6d3d5e03292,2023-03-12 10:51:00,RAIN,DAYLIGHT,SNOW OR SLUSH,ON SCENE,03/12/2023 10:52:00 AM,41.900947667,-87.619335176,POINT (-87.619335175935 41.900947667149),C,3,2023,10:51:00
4f71da338d8b629ed60d7fc70ce7631b440262c13611ea24afa5520eb2eb19e87a11f1e8837c89b28b08d84575aa6ebe4803f633debe2aacdc68035f6a8194de,2018-05-12 11:58:00,CLEAR,DAYLIGHT,DRY,ON SCENE,05/12/2018 12:03:00 PM,41.97766889,-87.792510583,POINT (-87.792510582561 41.977668889556),C,5,2018,11:58:00
4f8eba17f32c5dbe477cda31b036f9a62f97534ff3e92c32db0d45e789b464d4f558ed345f4c8cc881582a6bc483cdf576b981ea430ab986b1a4a32e694f5f07,2020-01-14 16:00:00,CLEAR,DAYLIGHT,UNKNOWN,ON SCENE,01/14/2020 04:17:00 PM,41.879272839,-87.634103198,POINT (-87.634103198378 41.879272838777),C,1,2020,16:00:00
4fba64daeef187f7d244c2085617c5013ede1f6a7feb094e26056220938cb58287adcf58e5aaa0fa5fb3131cb5ba2ce7f58d2f289306133bffa73c58693ed3be,2019-12-31 18:30:00,SNOW,DARKNESS,DRY,NOT ON SCENE (DESK REPORT),12/31/2019 06:50:00 PM,41.713448687,-87.562106708,POINT (-87.56210670788 41.713448686835),C,12,2019,18:30:00
4fec7d66d032fde9771fabcc06e2db7c77e783cdb2328cbf5a548a5f0dab2d3b3758e4a611708c61c8273e0a84c2e12519cd89b70303e9a2689b9eba5eca3b98,2020-06-22 15:00:00,CLEAR,DAYLIGHT,DRY,ON SCENE,06/22/2020 04:00:00 PM,41.710895406,-87.641872416,POINT (-87.641872415531 41.710895405872),C,6,2020,15:00:00
4ff95d9651e7eadd793ad5a8fc3896608cb2783a37c6df680f70848618cfc63669b78ddd3c922350ab6b5d3c48e6d8eebe81ad52c5e73a8fcc0af6407b6b354a,2023-09-07 21:10:00,UNKNOWN,UNKNOWN,UNKNOWN,NOT ON SCENE (DESK REPORT),09/07/2023 09:25:00 PM,41.866298341,-87.705519651,POINT (-87.705519651182 41.866298340803),C,9,2023,21:10:00
5001faeb223b0cf2ceb6fad328d1749ebc49fd577016097bbbdd4b8a6a6653f0449e591a941d3cba15952ca37d545a4ba9923c8959939b9181e8d086472e19cf,2019-02-08 09:25:00,CLEAR,DAYLIGHT,DRY,NOT ON SCENE (DESK REPORT),02/08/2019 10:00:00 AM,41.758783819,-87.576286649,POINT (-87.576286649151 41.758783819129),C,2,2019,09:25:00
5004a7883c272d616c6c2e7ebbe913d43d21fd0a2a5cc2c1085656244af1b2a245367a0685acd699f9f786d3ba42e5cf71e7c181e42f490fd1c6f64296de2f9b,2019-02-23 16:34:00,RAIN,DAYLIGHT,WET,ON SCENE,02/23/2019 04:34:00 PM,41.896814039,-87.626277823,POINT (-87.626277823438 41.896814039218),C,2,2019,16:34:00
500f8349955e46a9af8ef9fa76beff7c0b3020fad6e4d3ff55a880353cb09f1f56dd70f80edc0e0eea09d1ec0292c4f350c5892e4bd3e04ef5da04042cd0d6cb,2023-08-24 07:20:00,CLEAR,DAYLIGHT,DRY,ON SCENE,08/24/2023 07:30:00 AM,41.918286666,-87.67534301,POINT (-87.675343010105 41.91828666612),C,8,2023,07:20:00
50242c9697cddecdce27c9daebf1514b86383ebe7afde9f28bbd8eb23c679737b467ef1db6c4fa72c7978e4af01f2f12e652f1b6573c64b576841b9336af2739,2021-01-01 15:29:00,RAIN,DAYLIGHT,SNOW OR SLUSH,ON SCENE,01/01/2021 03:43:00 PM,41.745694855,-87.617926739,POINT (-87.617926738978 41.745694854864),C,1,2021,15:29:00
5035ec329b32742900733566e8a7057ac79e6422e516b0be6099fd869395cdba0d808f5a62fa63ce74ce5caf796330d47b92de60f7a4f6f7ba23e6426333c4ad,2024-01-11 12:48:00,CLEAR,DAYLIGHT,DRY,ON SCENE,01/11/2024 01:19:00 PM,41.981137297,-87.660147517,POINT (-87.660147517145 41.981137296772),C,1,2024,12:48:00
503b859e68acfee5cecaa7e8d373cea92f005495e129605aa9c7071d64a0ead8d67e5ff7499d034c6ddef3456fcea75488ebd0d0d8139ef9b6ae1ed12d9d534e,2024-02-29 05:55:00,CLEAR,"DARKNESS, LIGHTED ROAD",DRY,ON SCENE,02/29/2024 09:21:00 AM,41.869174724,-87.625237316,POINT (-87.62523731593 41.869174723573),C,2,2024,05:55:00
5042433880f4ceb163477a1bebeb24e0657dd610682b9a635a057eaff1c237785b14414610161763deb5e9ca98a123a76ea43fdd5772f6df95b97e782e2c0b66,2019-06-09 01:45:00,CLEAR,"DARKNESS, LIGHTED ROAD",DRY,ON SCENE,06/09/2019 02:11:00 AM,41.917882766,-87.667655089,POINT (-87.66765508921 41.917882766001),C,6,2019,01:45:00
5048b1c443c4816ae74c267dcc9d3efac1e127502e6517a453965967163ea6701ba4eb04df81072f0870129a762c19ce472123a2036d5b80ed559d2f6a8bf04e,2019-06-26 10:35:00,CLEAR,DAYLIGHT,DRY,ON SCENE,06/26/2019 10:40:00 AM,41.772188732,-87.6734876,POINT (-87.673487600205 41.772188731751),C,6,2019,10:35:00
505098a34af0b3f7b11ae89158509cc6584fba220f31ceebbdbd2d31ae0e44696e39bf370221f4ba5560bf7fc00fa7ec0b4eb1da4b85302944166ef03aa21874,2020-03-14 08:40:00,CLEAR,DAYLIGHT,DRY,ON SCENE,03/14/2020 08:49:00 AM,41.938942942,-87.746328433,POINT (-87.746328432673 41.93894294232),C,3,2020,08:40:00
5054953f5519dd9219a46cf69f3e966a42883eb47a842a2b89ce53cb131013738ae9622941d97ca79abfc8ecab200aa94d2cf2c15f943bbeb0e8bcd7c5f58401,2017-12-07 08:27:00,CLEAR,DAYLIGHT,DRY,ON SCENE,12/07/2017 08:32:00 AM,41.903531562,-87.726472397,POINT (-87.726472397307 41.903531562088),C,12,2017,08:27:00
5081f06667ef348911dc1a972794e2758024d0aaca5cc55e4e518574e6e48e11e7b070c933ec5964c6004384ebcfbc68fe4f19ec135595db3f9d96ff97d2dd08,2019-09-05 07:39:00,CLEAR,DAYLIGHT,DRY,ON SCENE,09/05/2019 07:39:00 AM,41.869592425,-87.730333975,POINT (-87.730333974969 41.869592425261),C,9,2019,07:39:00