CRASH_RECORD_ID,CRASH_DATE,WEATHER_CONDITION,LIGHTING_CONDITION,ROADWAY_SURFACE_COND,REPORT_TYPE,DATE_POLICE_NOTIFIED,LATITUDE,LONGITUDE,LOCATION,CRASH_TYPE,CRASH_MONTH,CRASH_YEAR,CRASH_TIME
50cb73a053faeabca097488549e4da4831f1973601d432a1b7222877f8ac526563611401cda82bcbf7c21d875e71bbacd155a75ffda4661ce9900f1d79048a47,2018-10-24 16:26:00,CLEAR,DAYLIGHT,DRY,ON SCENE,10/24/2018 04:53:00 PM,41.898483532,-87.620346239,POINT (-87.620346239012 41.898483532462),C,10,2018,16:26:00
50fbf9c8aba690d12d213de2e704d740ebc88445ddbf53ffbe4255d04bca608e292044b323e9fa2f1e875a867a1b5b39d6af78c449f6038a604c738d6277920f,2024-08-19 11:20:00,CLEAR,DAYLIGHT,DRY,ON SCENE,08/19/2024 11:24:00 AM,41.938749816,-87.766358869,POINT (-87.766358868595 41.9387498163),C,8,2024,11:20:00
510dc941decd8860fc0213cfede7371fe87d8a99cbcbb00779a3efdee910fc73e54a0d84b57a671fb93a936dd0b3ad2f32aba953db1dfd3ad49ee91e4eb40980,2018-08-13 17:40:00,CLEAR,DAYLIGHT,DRY,ON SCENE,08/13/2018 05:42:00 PM,41.913342468,-87.681822481,POINT (-87.681822480813 41.913342468232),C,8,2018,17:40:00
51274ec30c25ae9e41d29c05527cc929e68ba1dfa422cc0ca67e93dd2020f79ec91b90ecc17decc9ff367de85008bc54a3654eeb4866efb5f65bdda13c595996,2024-06-07 17:30:00,CLEAR,DAYLIGHT,DRY,ON SCENE,06/07/2024 05:43:00 PM,41.906845774,-87.726575683,POINT (-87.726575683458 41.906845774286),C,6,2024,17:30:00
51379bbbf6b631ecdb53c4511c55ffc997ce3b457f998ff25dfd5805c12677069b492e769de4f0b3a958716146da80e99215efaead13f47fea832916871943a1,2019-08-12 19:33:00,RAIN,DUSK,WET,ON SCENE,08/12/2019 07:36:00 PM,41.765469066,-87.62475894,POINT (-87.624758940498 41.765469066053),C,8,2019,19:33:00
513a1d065b5f0f607290176911f8d8c28fa17e5645c28fc97899c15219a60b9cdadbca020387be4340830be8e5447650ab0928a9322d6d9d07dc2f2903a87888,2022-08-11 14:45:00,CLEAR,DAYLIGHT,DRY,NOT ON SCENE (DESK REPORT),08/11/2022 04:45:00 PM,41.955192458,-87.679836471,POINT (-87.679836470938 41.955192458142),C,8,2022,14:45:00
513e59ccfe299980a01c31894b289b7afc0552be80ad192fb9260f7d0054c4c88c0be693cf53fb80ede3397f889d8a04fd9f8492ebf8112fdccc1d62ec22c0c2,2024-05-15 15:46:00,CLEAR,DAYLIGHT,DRY,ON SCENE,05/15/2024 04:17:00 PM,41.77775031,-87.78365075,POINT (-87.78365075023 41.777750310418),C,5,2024,15:46:00
51425879352da8a96ed50ba61bcf65923de1d8d116116eeb07e325bd134e98a8b9b1feef3c59f90426f78a857a2cc5b01e38d4c1e834d4f40c340cd4c119f37d,2019-07-31 16:15:00,CLEAR,DAYLIGHT,DRY,NOT ON SCENE (DESK REPORT),07/31/2019 06:40:00 PM,41.908775118,-87.721772299,POINT (-87.72177229925 41.908775118396),C,7,2019,16:15:00
5155b35b975dfcc97bce0ca1edccf80e1e39c6c71a1667e64b020fd3a7c627d7a9fca2e1757723bde50d0e35f5784c3281244ec2d4a4a27213a1bafb40fb0d2c,2023-09-24 13:28:00,CLEAR,DAYLIGHT,DRY,ON SCENE,09/24/2023 01:28:00 PM,41.969324946,-87.788145885,POINT (-87.788145885054 41.969324945928),C,9,2023,13:28:00
51531cccdfa9b11e0b4d335504471334c0bd7a0e5f70e4c457eef40443319dfa62717894d5787b1dd3535e20e186458c26b95eab112eeb843a75d59c8dbd7f43,2024-03-30 18:42:00,CLEAR,DAWN,DRY,ON SCENE,03/30/2024 06:43:00 PM,41.984258754,-87.660869719,POINT (-87.660869719061 41.98425875359),C,3,2024,18:42:00
51710bb81f1fad3afb45276a2e09e435ae41ee8842d176a7f285601836c310b1c889fec78e7657a2dbaa70c6b5aba7c711dc3af5940da20b391eb66140bbe2d4,2023-10-07 17:13:00,CLEAR,DAYLIGHT,DRY,ON SCENE,10/07/2023 05:14:00 PM,41.93564766,-87.729399708,POINT (-87.729399708375 41.935647659933),C,10,2023,17:13:00
5178fca7fae72a30ee8ff2cdcfced1898c70990627ed3714f431dabd021a025eaa6f2358aa8371e66695bb8265e2d0dd192f14fee752f126da54688c8f4d0a86,2022-09-21 08:25:00,CLEAR,DAYLIGHT,DRY,ON SCENE,09/21/2022 08:27:00 AM,41.960674866,-87.74230608,POINT (-87.742306079756 41.960674865913),C,9,2022,08:25:00
51961270eb95eb130244b52506f01169b7d0e59dad25f52ec93935a5b72c298185b901bf50b2bc1097826168339e32d6bd70451d50b38239d1ec3f5c465ea7c1,2018-11-07 15:50:00,CLEAR,DUSK,UNKNOWN,NOT ON SCENE (DESK REPORT),11/07/2018 04:23:00 PM,41.931248624,-87.776028612,POINT (-87.776028611725 41.931248623643),C,11,2018,15:50:00
51ae6ac908536b0f550af2fbbc7154b302d3fa7359b4b90bbe8a5f74e44d3fed09abdc13029e7f883826f20e0849b52aa963eba00df3f93e78005e32393ff009,2021-06-16 18:40:00,CLEAR,DAYLIGHT,DRY,ON SCENE,06/16/2021 07:11:00 PM,41.9145756,-87.655759346,POINT (-87.655759346341 41.914575600375),C,6,2021,18:40:00
51db736a88a25a7a87b4ea4a95616aae7027413b0f7ea708748382a91dc6da69ab77bae56acc57c5bfdd842075d9c5a26b4ef35c115bf22acb08eaf8237c2617,2017-09-16 17:24:00,CLEAR,DAYLIGHT,DRY,NOT ON SCENE (DESK REPORT),09/16/2017 05:58:00 PM,41.741784142,-87.721519739,POINT (-87.721519739174 41.741784142299),C,9,2017,17:24:00
51e967586cb084c98c056569bb825723e6b94f131c2b79dba59b7d611ed355c14017e95265eea91a61ef58d1dbaa02363afd0778e94a92f69f943ace0580a5d2,2021-02-19 13:50:00,CLEAR,DAYLIGHT,SNOW OR SLUSH,ON SCENE,02/19/2021 02:50:00 PM,41.997594737,-87.760710857,POINT (-87.760710856955 41.997594736579),C,2,2021,13:50:00
51f8ea7a867fbb6fb938c71d154444e2976c345530640340c6256d565dc7e5a19a428110a1066607ed5ea9054a5f30add5a8906e4aed6abc2d9752824fe4d666,2020-02-03 22:15:00,CLEAR,DAWN,DRY,NOT ON SCENE (DESK REPORT),02/03/2020 10:20:00 PM,41.895661729,-87.706710741,POINT (-87.706710740738 41.895661728843),C,2,2020,22:15:00
520ba2790b21c8d28172b00d55dacedc03d61a43b373d15b0c6b30d9ee8655a1586d3bcaecc3406995b4acd7557eb683b230a7b70b1738345e0e425c6c41f754,2021-01-15 19:30:00,RAIN,DARKNESS,WET,ON SCENE,01/15/2021 08:17:00 PM,41.823664547,-87.621676753,POINT (-87.621676752689 41.823664546517),C,1,2021,19:30:00
5215ecb5836bad9327c279b78c59fefdfa764f5e648a25e5f1f63420d81653ca314674bd2d7eece498d71c0b0e4fd84a128ae6d90dbea7883e7767e26fab7eeb,2020-08-26 13:45:00,CLEAR,DAYLIGHT,DRY,ON SCENE,08/26/2020 01:57:00 PM,41.88438874,-87.625402693,POINT (-87.625402693423 41.884388739663),C,8,2020,13:45:00
52291adbd1c22e775ed5815a945c52b10f4bc42e2036e5e724b5a574bbd30fbe7fa8af8682e9e1f0d781cb1f34ad3ecab6e9956b62566e9003e46e2bac92f461,2018-04-15 06:35:00,RAIN,DAYLIGHT,WET,ON SCENE,04/15/2018 07:01:00 AM,41.94720538,-87.795910886,POINT (-87.795910885533 41.947205380114),C,4,2018,06:35:00
5256ca66c765458f7b99c41557912d813aef7537c343f4e23e126a7679724ed7ba0b837e57fd6461e7e3ff3a753a46aa9c96a5ae3b18239d07b5cdf40ebad7f8,2021-07-15 13:46:00,CLEAR,DAYLIGHT,DRY,ON SCENE,07/15/2021 01:47:00 PM,41.706569658,-87.663238477,POINT (-87.663238476644 41.706569658471),C,7,2021,13:46:00
527202e5a57aba6e9b54200f23490f236d6a4e937aaf1d38298b69fe6255aa2e4a76e03e4e33eef8b6741126a069b8c992eab0c3e85f7d1caf42964961ea5c92,2020-06-13 22:00:00,CLEAR,DARKNESS,DRY,ON SCENE,06/14/2020 08:46:00 PM,41.782694875,-87.639557961,POINT (-87.639557961146 41.782694875245),C,6,2020,22:00:00
527c461515a1c0f00fe3e909fba250872089b0fa344eb35bbff9a6cad259bcf83d2ed49951ec8c6e0060181c614a898b4c34c02350648a5e2a89c41055f24f18,2024-06-18 13:30:00,CLEAR,DAYLIGHT,DRY,ON SCENE,06/18/2024 01:40:00 PM,41.93747888,-87.773897695,POINT (-87.77389769478 41.937478879665),C,6,2024,13:30:00
52851f33ea6988373f5b22189d36bc915e57995688ed7f61f969d67f98655c3f00b05f0bea641ebbd9bf3e75c57e3133cfcc84ceb79997daa9584a8111f4f88c,2019-11-23 00:38:00,CLEAR,"DARKNESS, LIGHTED ROAD",DRY,ON SCENE,11/23/2019 12:41:00 AM,41.894724415,-87.631125859,POINT (-87.631125858699 41.894724415452),C,11,2019,00:38:00
5288f92292dbc139eaaca72de0c4aa6a284e2fb43ee5238cb1fc1263a41737f33bcb3448d4195b76f2fd5fce595637834ae10c8ffd4446bc3a262475be1de246,2020-09-08 10:47:00,RAIN,DAYLIGHT,WET,ON SCENE,09/08/2020 10:57:00 AM,41.847968588,-87.697287123,POINT (-87.697287123089 41.847968588061),C,9,2020,10:47:00
528cd942f3efdf3f06319d2164735fb32cb169b537b05ed714c55d116d8a931fbca02a0ce2948a69a61cb42d3e33281991f663d437b1b43a63d7973fbc0dc61e,2020-02-28 07:55:00,CLEAR,DAYLIGHT,DRY,ON SCENE,02/28/2020 07:58:00 AM,41.77744866,-87.664310649,POINT (-87.66431064855 41.777448660016),C,2,2020,07:55:00
52a4ee4f2f6fd50d5be2a65e3e69884335011e446636f3355cc8f69de956a83944eecaee096150148e0c57cb119cb73e36a6e6fce787e5b816c217fbc5d276b3,2023-06-27 19:35:00,FOG/SMOKE/HAZE,DUSK,UNKNOWN,ON SCENE,06/27/2023 07:40:00 PM,41.883570016,-87.615596536,POINT (-87.615596536437 41.883570015542),C,6,2023,19:35:00
52c6e3e6c5cc15b40583f1e5bdc6dbb026a0bcc0f8e192b6825702935397a65586551c65bf2d82854fa96483e41129b72e80feed1666a78b0f059e996e48968d,2018-05-27 19:00:00,CLEAR,DAYLIGHT,DRY,NOT ON SCENE (DESK REPORT),05/27/2018 07:40:00 PM,41.961927801,-87.647008824,POINT (-87.647008823696 41.961927800876),C,5,2018,19:00:00
52d388b099cf08ac5223ab04d5d383c8f6a54cbde8c34c9513e53ab1903a5fe1dcab0561d2439b26f17fb28bbc77440ff09072e62fe9db7ac2fce5034f09fce0,2016-09-12 17:40:00,CLEAR,DAYLIGHT,DRY,ON SCENE,09/12/2016 06:20:00 PM,41.893861564,-87.635559505,POINT (-87.635559505015 41.893861564422),C,9,2016,17:40:00
52f75d93f9f1c4886f97c4396f59dc72685b3bc8fc1dbeeea774f358ffbdc810c15a2cc0d69572a91d27a224a1b56d64a2e3845ca465801490da1432cec5ca89,2019-03-08 13:35:00,CLEAR,DAYLIGHT,DRY,ON SCENE,03/08/2019 01:40:00 PM,41.990362917,-87.674547476,POINT (-87.67454747596 41.990362917077),C,3,2019,13:35:00
531d726a7b263bc89ae7b153dd2cf2e771bd42cdc2b8f87f3a99eab637251729c6a1c5bb00a68769d9d152a7c2492b04b63416797f5942bbbf53040ee7bc4160,2023-07-12 19:13:00,RAIN,DAYLIGHT,WET,ON SCENE,07/12/2023 07:22:00 PM,41.95125643,-87.812948956,POINT (-87.812948955913 41.951256430118),C,7,2023,19:13:00
531e9a9126943920d0ef725e4200288111ba546ca4801e47a3904c99a2e3f11aece819a9a69ea525575f378430b27675efebf5818caefe38c33526fd524e1cb2,2019-08-05 07:27:00,CLEAR,DAYLIGHT,DRY,ON SCENE,08/05/2019 07:35:00 AM,41.899969272,-87.657996241,POINT (-87.657996240663 41.899969272083),C,8,2019,07:27:00
532f48b3d43ea8a0ee1c9da411c37e954eaf0e707b14d79bf696336ffc7141b1d1a791bf3828049864b65ed946f787f4ddee1ea12b042ca07651e56a40b1caa5,2021-05-28 07:25:00,RAIN,DAYLIGHT,WET,ON SCENE,05/28/2021 07:36:00 AM,41.848492582,-87.675538659,POINT (-87.675538659126 41.848492582236),C,5,2021,07:25:00
537a7b0d9555c2c9e2de9f617f663d3f992a42708a9cbe57124bc07784bbda15eb44ba22742c27e13f06daed6a208205c7381ba509707dcf480718d38444334c,2021-11-16 15:39:00,CLEAR,DAYLIGHT,DRY,ON SCENE,11/16/2021 03:55:00 PM,41.794925251,-87.599424325,POINT (-87.599424325227 41.794925250989),C,11,2021,15:39:00
537c86b7a9af8e3faa4b963258094b7bf4a5d4ec548e6f4fba39d2691aadccc772451fccd5cc6f0009e62895d3065e038a41bea8e74b2aa84db57d8f9fb2cb20,2020-02-24 10:00:00,CLEAR,DAYLIGHT,DRY,NOT ON SCENE (DESK REPORT),02/24/2020 10:50:00 AM,41.89032343,-87.667271602,POINT (-87.667271602142 41.890323429564),C,2,2020,10:00:00
53c7e352fe4509f914b0cbb496b4704354cc4c1b7c1e961ee7f6cf82f0d0dfc780e6986f9ce2ed16adea9e571c67a4a4aed17d0e9926deda166f5a5469be2f81,2018-04-14 20:55:00,RAIN,DARKNESS,WET,ON SCENE,04/14/2018 09:00:00 PM,41.769843627,-87.695739379,POINT (-87.695739378713 41.76984362742),C,4,2018,20:55:00
53d50e1ec1f4826945227193a815a6f5064b2dd4561074f912a4edbba0eb77ad2377d2bece9545c2dd387a9281992290ea8e0f1954f40788a2f8dc291f2bafb0,2022-08-04 17:24:00,CLEAR,DAYLIGHT,DRY,ON SCENE,08/04/2022 06:10:00 PM,41.662097627,-87.641528978,POINT (-87.641528977604 41.662097627143),C,8,2022,17:24:00
53d694fa820f002b8853f5de5cc1bd75d7098c97ed9091e25c8b3b87afcc513c582d66704d3651f0025867be5ece2e5ba8a6b277eac711f1c4c93ccc574cb796,2018-09-03 17:20:00,RAIN,DAYLIGHT,WET,NOT ON SCENE (DESK REPORT),09/03/2018 07:30:00 PM,41.946630692,-87.716244629,POINT (-87.716244628937 41.946630691823),C,9,2018,17:20:00
53dfd866133f0aeceb942caf8998aae62255e96f87b2185722f51ef2d8a4e99c31490d546d8b7036f247d5cd048c3e9a530158b1444480eb3fbf1004f6c95be0,2019-06-18 14:15:00,CLEAR,DAYLIGHT,DRY,ON SCENE,06/18/2019 02:54:00 PM,41.852879711,-87.682178793,POINT (-87.682178793173 41.852879711239),C,6,2019,14:15:00
53eb4f0fcd487d213bb840725e79987aae0e9f1e8651fff2344c53dcdbd9d0bb9cf93a46c9f03a310fa90660c509c9fbfa7621c3529bb39c2a1d405bf6471cce,2019-01-04 15:00:00,UNKNOWN,UNKNOWN,UNKNOWN,NOT ON SCENE (DESK REPORT),01/05/2019 04:00:00 PM,41.701364725,-87.642807537,POINT (-87.642807537152 41.701364724583),C,1,2019,15:00:00
53f5a969f03d1d35236a30e88551673bb1821a65597f887b340794e46829f7518e9acfdfe88c2419086c0d2f7f2ec895a67bd839ed6a4e07d0a91c6b322fa136,2020-11-30 14:07:00,CLEAR,DAYLIGHT,DRY,ON SCENE,11/30/2020 02:10:00 PM,41.784321586,-87.716745792,POINT (-87.71674579203 41.784321586313),C,11,2020,14:07:00
54009512854dd65dcda745b9a5c4a79a7111f12976b8febd0ef012c5b801362f08cccd6412d04f8a991daad82f9a8648c155f1138cc57f0fa6da434152efebf3,2021-10-09 19:15:00,CLEAR,DUSK,DRY,NOT ON SCENE (DESK REPORT),10/09/2021 08:14:00 PM,41.851210028,-87.724742047,POINT (-87.724742046864 41.851210027782),C,10,2021,19:15:00
54104b6c4858f415aa1b4fc1618bf73e184d637bece23ffb8bbdb99f1d4561a94c45283567192152b1305390463b24f9b73fa0f7f10d4124f6375a352b001aa1,2021-12-07 15:40:00,CLEAR,DUSK,DRY,NOT ON SCENE (DESK REPORT),12/07/2021 05:00:00 PM,41.736177708,-87.644066349,POINT (-87.644066348654 41.736177707595),C,12,2021,15:40:00
5412bc33c5b0234abe1c17b8829d97e30c7a9d0e4e874ab42ea8d3197f732a0ca7ec5f28e767297ef273173c86cbfd76beda34c27a7c5edeeffe765b6a22736b,2020-05-02 08:08:00,CLEAR,DAYLIGHT,DRY,ON SCENE,05/02/2020 08:10:00 AM,41.866106307,-87.721940127,POINT (-87.721940126903 41.866106306584),C,5,2020,08:08:00
542886c029c0eb20e133de0ca4571e90052c620c409d533e8d75ff32c33f8e087b7c11af0bc9e1a9cf354771de3f5c95743f5335b0b7c791ff8fb1289d68695d,2023-06-16 03:20:00,CLEAR,"DARKNESS, LIGHTED ROAD",DRY,ON SCENE,06/16/2023 03:20:00 AM,41.79968743,-87.646664074,POINT (-87.646664074101 41.799687429694),C,6,2023,03:20:00
5429176da25e7f2b00be4e5d01f7e2a096d7c4012855798cabdf733cb19d53c075e3294643eb0fd03ab817312b09ec1d079526a33b6c33bee8b7ad9ee1658186,2022-08-11 03:00:00,UNKNOWN,UNKNOWN,UNKNOWN,ON SCENE,08/11/2022 03:00:00 AM,41.849935702,-87.699181958,POINT (-87.69918195822 41.849935701608),C,8,2022,03:00:00
5432375b0a3ce435072b9927f399042ab0f1e3252f4d2e4cf88d2fcaed7e80a3ee7e43e4cc0fe14604fd58e4db0ca6df4fbce28ea3f7940ff7a0482ca870f0fe,2021-07-18 04:40:00,UNKNOWN,DARKNESS,UNKNOWN,ON SCENE,07/18/2021 09:32:00 AM,41.945397069,-87.792467447,POINT (-87.792467446601 41.945397068822),C,7,2021,04:40:00
5438e0fb40ceffd9da8a0f65e65a8b75821993f651f6c08d8bc5476240fafc391305e6facf56bea98d17b5fc2175aa388c63bfa5e8d8116b128f6aff0ddcd63a,2022-12-09 14:18:00,RAIN,DUSK,WET,ON SCENE,12/09/2022 02:48:00 PM,41.868619525,-87.744985353,POINT (-87.74498535329 41.868619525104),C,12,2022,14:18:00
544aa6ab8f75d38b487964be2d96f36381aedbef6eba7c3bdcd642e28bfebcc3c0d1354b3c6aea63f76ff498692e8483ac9e646cfbbcc4ba2b18db1764b18bc4,2024-06-27 19:16:00,CLEAR,DAYLIGHT,DRY,ON SCENE,06/27/2024 07:40:00 PM,41.851277609,-87.678123815,POINT (-87.678123815237 41.851277608969),C,6,2024,19:16:00
544d55b71095435789dd320e55a3bf1e0efbea56fc68d8c9f24e26ef78a088dd85a0363064103a4f44ba403afdd65b3cb22fc72745cd055d8a62f8c6cdcfda1e,2024-02-28 10:05:00,OTHER,DAYLIGHT,UNKNOWN,NOT ON SCENE (DESK REPORT),02/28/2024 11:22:00 AM,41.807986174,-87.70589331,POINT (-87.705893309714 41.807986173605),C,2,2024,10:05:00
545b4ff3235291dfa40afe77a1e9e00233731d9c9de918787f4a08fc51f189e4ad37e7ab235256b1a1fbd02af0b20e1907f4abc1e4ba82fff83de97fd84cfa59,2018-09-21 08:00:00,CLEAR,DAYLIGHT,DRY,ON SCENE,09/21/2018 09:00:00 AM,41.809420044,-87.621296235,POINT (-87.621296234781 41.809420043619),C,9,2018,08:00:00
545d8eb6e20215ff2fd931263c2d33947e81ee00da832a3863b3c0b1af45ba62b014165fb36448222cc2216d1f73fdb2f37dbc8647c702dd37b59cb91378ecb1,2021-09-15 15:05:00,CLEAR,DAYLIGHT,DRY,ON SCENE,09/15/2021 03:52:00 PM,41.930833915,-87.789133788,POINT (-87.789133787544 41.93083391524),C,9,2021,15:05:00
54671aaee0a0104771c3703ec8be6be61431a696a97cfd6d6ee3ff442241b8201522ff120904be902dd5e15fb7bf372ca06302dddbc072dc97b187ebe8dcb747,2020-09-24 12:40:00,CLEAR,DAYLIGHT,DRY,ON SCENE,09/24/2020 12:50:00 PM,41.973379727,-87.6784465,POINT (-87.678446500204 41.973379727356),C,9,2020,12:40:00
546f7025aa4e7bc919028974ff6e1e0d8ef63fda10729e077ce16639580ca5b23bdb62bef0d8175bfd6a1bf066dbf4b648ce1eb3bc7fb17391038b695f0d9a5c,2020-03-10 09:00:00,CLEAR,DAYLIGHT,DRY,ON SCENE,03/10/2020 09:18:00 AM,41.853792899,-87.717583704,POINT (-87.717583704478 41.853792899132),C,3,2020,09:00:00
54784efaa751a81ef41572e1e39a9805455dcd5a977ac086484bcf5e6ab482cacf1b9bba8e8641e00a9ea329cfaf0ccb88450e9c41809ff3232123886fe158d2,2023-02-02 08:45:00,CLEAR,DAYLIGHT,DRY,ON SCENE,02/02/2023 08:45:00 AM,41.774850878,-87.605746069,POINT (-87.605746068621 41.774850878129),C,2,2023,08:45:00
548ba4a7e2518a31ba74364d3afc2a7a9f6ee7beaaa9b3d7d9530ce7fbf229af5eb2d8941106e349ee808387ffc4d253480ba29793764b04e8eee13993d00f8e,2018-12-30 00:00:00,UNKNOWN,UNKNOWN,UNKNOWN,NOT ON SCENE (DESK REPORT),01/08/2019 11:10:00 AM,41.932424137,-87.694107786,POINT (-87.694107785845 41.93242413671),C,12,2018,00:00:00
548dc5e2099560a55632c7caa9a2025aa532b3f22f4c2eca1d0a9e10e800dbcfba7f518a85658bcb83a872855261c2c65fc4176e03a16547a6255f52868a855f,2019-08-12 13:43:00,CLEAR,DAYLIGHT,DRY,ON SCENE,08/12/2019 02:29:00 PM,41.928962604,-87.806282804,POINT (-87.806282803607 41.928962604248),C,8,2019,13:43:00
54a585c6a59f3205e1b501354e0734417daca5f8829861d001138814a79e4749c6ecfec3c127487ee420f4fce8ff0354bcaa605489774d677b019a0efea05ec1,2023-04-20 07:15:00,CLEAR,DAYLIGHT,DRY,ON SCENE,04/20/2023 07:39:00 AM,41.91645028,-87.765583142,POINT (-87.765583142477 41.916450279755),C,4,2023,07:15:00
54a62b7c0ba05a1192c7f32b74789232ebe0d81a23dd7922f0ca0d2b2335d1e2ea8da11a87be103b14ccef25aa29c70cda0ae7d9caa35bceddb04c4813f53547,2019-03-29 16:18:00,CLEAR,DAYLIGHT,DRY,NOT ON SCENE (DESK REPORT),03/29/2019 04:30:00 PM,41.90217476,-87.637917753,POINT (-87.637917753429 41.902174760342),C,3,2019,16:18:00
54b3f12306f1786d3346daafe8bc9e34191bca604cc22ba216637962d6c22557ff34596eba65e1ea0e688cba8d1cb45e9ea86650218d0c619018ea2a70847784,2021-09-08 11:35:00,CLEAR,DAYLIGHT,DRY,ON SCENE,09/08/2021 11:43:00 AM,41.974633803,-87.698452446,POINT (-87.698452445678 41.974633802735),C,9,2021,11:35:00
54d1aea1220b647cbf61fb803b0d68fe0632b595fd8f9a5dc1f29167e33f0cb92e858e9fab7f3e2fd7d45303062ceaf0a810402297001556e23e2baf8e86d429,2022-05-04 16:10:00,CLEAR,DAYLIGHT,DRY,ON SCENE,05/04/2022 04:15:00 PM,41.84440733,-87.705099849,POINT (-87.705099849405 41.844407330023),C,5,2022,16:10:00
54d45814bff9813c81b78c967242741bdc05305967e44fcd086e8a50d4aac56be1bd16db609a3c45e3d1f2f7bb6b0cbd82139aac01d4d690a1a6bbed1adb5470,2018-01-13 14:00:00,CLEAR,DAYLIGHT,DRY,NOT ON SCENE (DESK REPORT),01/13/2018 04:05:00 PM,41.749339,-87.722052091,POINT (-87.722052090915 41.749339000082),C,1,2018,14:00:00
54f770852f6498c91b9ccade0bf8974806e33dc35421c93d8deb4b0d264e43b40697f7965b734135878562ebfd86f8b116d2f489087d8cdc6c866088c6787cfc,2019-06-10 12:40:00,CLEAR,DAYLIGHT,DRY,ON SCENE,06/10/2019 12:43:00 PM,41.967670953,-87.76450248,POINT (-87.764502479675 41.967670952968),C,6,2019,12:40:00
54ffad5a394a37a5ff94a84d88d07e4760bd30e8aa91c7914ef313363e122a42e284e3108bba06fc76e4b4c5585329d38fd79a84a24f6e19ec9c56cff2459d3e,2023-12-22 15:40:00,RAIN,DAYLIGHT,WET,ON SCENE,12/22/2023 03:58:00 PM,41.915939463,-87.750800888,POINT (-87.750800887866 41.915939463036),C,12,2023,15:40:00
551c9da9d2d65abc323798879911a159058e90a0471719f24d74e58c59abc4f4f070cb64d77d175d65dfd13aac23850107969e521f6ae0fc814d675c157dea25,2020-11-21 18:45:00,CLEAR,DARKNESS,DRY,ON SCENE,11/21/2020 06:46:00 PM,41.801969065,-87.629900321,POINT (-87.629900320719 41.801969064831),C,11,2020,18:45:00
551e646c4ffb9ad89645801d5b939a38cc8087a15bec68761d17e22e27559495ee2b0f1f6a626327fd6528d5df2fccf32cdb67252fe1aeb4b7a34ff92c5b0983,2023-02-28 15:05:00,CLEAR,DAYLIGHT,DRY,ON SCENE,02/28/2023 03:05:00 PM,41.885524165,-87.770758603,POINT (-87.770758603141 41.885524165356),C,2,2023,15:05:00
5524b7e2bc39ea1ea3686c8ede300e2363bb5f1124542443c95c6f45bf539022c37603924a0ae486e5c5e5809a49b82614ca0be4519c97ae29344086bc40eb0b,2019-06-25 13:30:00,CLEAR,DAYLIGHT,DRY,ON SCENE,06/25/2019 02:57:00 PM,41.813024732,-87.732903216,POINT (-87.73290321649 41.813024731581),C,6,2019,13:30:00
555880831299196d00cd51b4233eff54d0c247e88aef6b43ee2932de23e94791b7f2882d74186c5a7aa59e1a4df431116f4e0438dba7f25f504c41ef9466536a,2018-03-05 11:15:00,CLEAR,DAYLIGHT,DRY,ON SCENE,03/05/2018 11:34:00 AM,41.968947785,-87.672836038,POINT (-87.672836037692 41.968947784867),C,3,2018,11:15:00
557d0241cc3a0c08fafc16db32dbac58736445227b348a24de6a8fde5b3bc2d9cb9393faa94b2da221af410fd213070d251d6ab70c8c111dce06336a99ddb5b3,2019-09-29 11:05:00,RAIN,DAYLIGHT,WET,NOT ON SCENE (DESK REPORT),09/29/2019 11:17:00 AM,41.691761007,-87.693659545,POINT (-87.693659544885 41.691761007358),C,9,2019,11:05:00
558dcb893c7b072ac362012844f8ba9aafa31a607c97e4daf496266584f91eeca44e25c4e0cc865ae70b55a219fc19410ed8d73e6ebb59fee29df524b062bab3,2018-05-12 15:09:00,RAIN,DAYLIGHT,WET,ON SCENE,05/12/2018 03:30:00 PM,41.952895402,-87.793732892,POINT (-87.793732891899 41.952895402337),C,5,2018,15:09:00
558fd94d93c22783fa773ab22d758751482c581c1686e9a00d8835560eefdcc523de882b70d897c3e65b4d3a95b7fba3cd5355a8022e17ac79af33d1630f49f4,2018-05-09 07:35:00,RAIN,DAYLIGHT,WET,ON SCENE,05/09/2018 07:35:00 AM,41.967809831,-87.727867623,POINT (-87.727867622948 41.967809830722),C,5,2018,07:35:00
5591617a23f879f0585ab06d4d534bfd769c6ef5dd0186ba0cd61506cc679b5dc64dbee7a453f4755e5609d326aefd6dc2398cecaee6c8a5b1a9be7039fac0ea,2020-04-13 10:11:00,CLEAR,DAYLIGHT,DRY,ON SCENE,04/13/2020 10:12:00 AM,41.799048614,-87.707792241,POINT (-87.707792240961 41.799048613532),C,4,2020,10:11:00
55a2e87741c933e5395a7e26065e7af26551e3ef43beb554033178d9a065d4db9e6b40fba3d48ed6ecfe8819be6d0cbe7e134d577995705b6725cbe8574ed9db,2023-09-09 20:15:00,CLEAR,DAYLIGHT,DRY,ON SCENE,09/10/2023 07:00:00 AM,41.871035008,-87.687791912,POINT (-87.687791912302 41.871035007844),C,9,2023,20:15:00
55c5d92805b8f16e255194742d913977d1ad253bb8f77a25505bfb9a588a9ae94edd8f5ceb1c123e14ec64bbc37b3728b05ce487c541205278ce15f8d6bfaeae,2019-09-05 17:40:00,CLEAR,DAYLIGHT,DRY,ON SCENE,09/05/2019 05:47:00 PM,41.720855656,-87.680317969,POINT (-87.680317969239 41.720855656061),C,9,2019,17:40:00