CRASH_RECORD_ID,CRASH_DATE,WEATHER_CONDITION,LIGHTING_CONDITION,ROADWAY_SURFACE_COND,REPORT_TYPE,DATE_POLICE_NOTIFIED,LATITUDE,LONGITUDE,LOCATION,CRASH_TYPE,CRASH_MONTH,CRASH_YEAR,CRASH_TIME
55cb7caf1092d32c3b082a7b402660e5e96704ca3515174339d728d769c310665103c3d406cbfb762b50ae59a9ea9ccb2463e603aee55d5f574e70726d7f5663,2021-10-18 18:45:00,CLEAR,DAWN,DRY,ON SCENE,10/18/2021 06:55:00 PM,41.94313887,-87.776124762,POINT (-87.776124762237 41.943138869833),C,10,2021,18:45:00
55f8be55b5eb715a1c92b99d3208dcaf731c71f91549b2322f6178f9b423e684612501287ece3f10d3785f0603ee80219cb9a1fe9e87503bb778eee7e480e818,2023-04-09 14:30:00,CLEAR,DAWN,DRY,NOT ON SCENE (DESK REPORT),04/24/2023 02:49:00 PM,41.940189546,-87.639701981,POINT (-87.639701980874 41.940189546244),C,4,2023,14:30:00
56109dda9918e7cf1d04a1b441ff3b99c10f83a723cca8200e3f853b1daa1d527c44be42baa318aebbb827c308bb9447cca998f6f17eaf62629a5e7d4c7de234,2021-09-02 08:50:00,CLEAR,DAYLIGHT,UNKNOWN,ON SCENE,09/02/2021 08:55:00 AM,41.88198557,-87.725854585,POINT (-87.72585458505 41.88198557029),C,9,2021,08:50:00
56370c35ba0defbe4de89c9cc6fdc16bd429645e5cdc211ccafd85cd0a7a85602e948c9d7bdd924ba7f7f7871d886d3c7a9a3ef4cbe819b01b0bf3f62b666c10,2023-08-26 12:45:00,CLEAR,DAYLIGHT,DRY,ON SCENE,08/26/2023 12:45:00 PM,42.004969513,-87.699431171,POINT (-87.699431170624 42.004969512832),C,8,2023,12:45:00
563f720e6975d0d0a718322d71107ab82bf091d05c1aeac8b92df66abad2cd5ed44862ad4c1054991f830ad72713c600990fafbfc67a66d72766ff58398ab066,2021-04-19 18:07:00,RAIN,DAYLIGHT,WET,ON SCENE,04/19/2021 06:09:00 PM,41.722287513,-87.681959959,POINT (-87.681959959105 41.722287512571),C,4,2021,18:07:00
565f33f0b6dec05d9588fa10b0b4acb1dc74ef9a7dddf07560b8ceada3ad0d0d00f305220918d2063a037e06f4dea4986467b461c17d616a9249ab3c9ebee103,2022-06-29 17:30:00,CLEAR,DAYLIGHT,DRY,ON SCENE,06/29/2022 05:51:00 PM,41.965212514,-87.758621261,POINT (-87.758621260522 41.965212514014),C,6,2022,17:30:00
566cb6c210b5e4b2b6aa5a14819a85d3752a74b100cbb088a2a6085e620b706c9830546c8b8f5c15a41a65ff8db3f694fef13874c89b833c1a5fe10727b261bd,2018-06-04 10:50:00,CLEAR,DAYLIGHT,DRY,ON SCENE,06/04/2018 10:55:00 AM,41.945152403,-87.672650354,POINT (-87.672650354463 41.9451524031),C,6,2018,10:50:00
567b84810f067de633dcdf9ea8efa55b75648a227075ef61f8bacf10e93fe6db9c83f12c88033a3724c49d16ca7a8371232370e4183d6292bb5baa927c04537c,2022-12-13 16:00:00,CLEAR,DARKNESS,DRY,ON SCENE,12/13/2022 04:16:00 PM,41.866864958,-87.671204549,POINT (-87.671204549319 41.866864957567),C,12,2022,16:00:00
567da25f1e7282f121ff4924fedaaf67dc2608a8d1b5f02bfd70ba198b552237e34194aabfe17ae4f3643d8f51656290e553b4d5f921b687f368cef85e5c013d,2020-08-13 02:52:00,CLEAR,"DARKNESS, LIGHTED ROAD",DRY,ON SCENE,08/13/2020 02:52:00 AM,41.824741618,-87.61143901,POINT (-87.611439009604 41.82474161838),C,8,2020,02:52:00
568677e1784d9d29664b9e3c4379128c4424dcfe128b6388ad55452da9acef265e710f7ebe2d2c7c6f18c45775f1a742966b3fe56ee6748e5e2349603bc35b12,2020-11-04 13:08:00,CLEAR,DAYLIGHT,DRY,ON SCENE,11/04/2020 01:12:00 PM,41.721326987,-87.662533658,POINT (-87.66253365849 41.721326986728),C,11,2020,13:08:00
56877bcb1c5a3670de195d5c32cdef80a5e9d1ffa497213bd3b78c2ff2de52df1b89e81449547fcad5541380e9143844d81c175bcf5001e6dadcf4a712f85f2f,2020-06-21 19:25:00,CLEAR,DAYLIGHT,DRY,ON SCENE,06/21/2020 07:33:00 PM,41.894769419,-87.761973893,POINT (-87.761973892923 41.894769418766),C,6,2020,19:25:00
569bbeb9ea17dde8d04ae96bacd2a9a11c7415555e8301f3522fcbce1480869fabff06a92e3387d2ce9532564fb7c3f9adafd459d3fe13cb4f42fd2223cdbff8,2020-06-21 18:05:00,CLEAR,DAYLIGHT,DRY,ON SCENE,06/21/2020 06:29:00 PM,41.874659101,-87.761440246,POINT (-87.761440245629 41.874659101001),C,6,2020,18:05:00
56b68d8faa8210c8d7c7ed9bbd61e1d74256911faecd270604b2fb26c47ffbe3bfce15865bba3849da2c26d03ac4295ab97e365227da424ef9dd88fd31013eef,2022-01-19 14:20:00,CLEAR,DAYLIGHT,DRY,ON SCENE,01/19/2022 02:37:00 PM,41.817379587,-87.699606934,POINT (-87.699606933912 41.817379586676),C,1,2022,14:20:00
56c4a928a5e5288998217bce597ab48becaf9d9bd41c1bcd147afc1c55a7851079c784773905e7231bd22f4d281fcd7e3801d34d6787b99af1d880d7fe70a4ce,2024-05-21 18:40:00,CLEAR,DAYLIGHT,DRY,ON SCENE,05/21/2024 06:46:00 PM,41.930295459,-87.685818742,POINT (-87.685818741592 41.930295458606),C,5,2024,18:40:00
56c77970048f3910697a71bf03232d54b8b87c5a7a990fb5e0602bb7ad727b7bb6eabee3ea9d135c0dc298e3b676b1eb211daec1bf6d47191e17c12c76ca66db,2020-12-10 17:13:00,CLEAR,DARKNESS,DRY,ON SCENE,12/10/2020 05:15:00 PM,41.766604981,-87.683442655,POINT (-87.683442655135 41.766604981269),C,12,2020,17:13:00
56e59835b47356f2f20acb165f77d6d5375c3560fb5e4ccb9beb12ae3f3fd311bdcdc37aba7d39e52f3d3266c86e2412c82125faae934c6193ff2979a1770074,2022-09-10 20:00:00,CLEAR,DARKNESS,DRY,ON SCENE,09/11/2022 11:00:00 AM,41.997519135,-87.695765002,POINT (-87.695765002227 41.997519134624),C,9,2022,20:00:00
56e9b0e99bae18e60de0bea5237ff4a685e74bad2cca6a648d262007de89bc95f0f8d03bbce3cf0b9b1f69a3c1ca16cc8fa1fa9f8a801b5d4252154d477d1cdb,2023-04-29 18:40:00,CLEAR,DAYLIGHT,DRY,ON SCENE,04/29/2023 07:05:00 PM,41.943500226,-87.649850516,POINT (-87.649850515735 41.943500226376),C,4,2023,18:40:00
56f015109b9817c181cd1f15e609ee03144995ffa9951d8c0613b22f67b400c4fc8d538837eb49e7d48e5915bda2aa49bb2cb013717c27e6b0dc699cafd788d9,2023-06-29 08:00:00,CLEAR,DAYLIGHT,DRY,ON SCENE,06/29/2023 11:29:00 AM,41.767074087,-87.713010655,POINT (-87.713010655316 41.767074087451),C,6,2023,08:00:00
5715b7c167d048ff5c6b4d2139f092ce48d900b5b885713f89f4c54959e4253ff95b8240d42d4610ee79496fb9e49b88dca3a9b7ee67a461c3d13c1c3840cbec,2021-07-02 17:45:00,CLEAR,DAYLIGHT,DRY,ON SCENE,07/02/2021 05:45:00 PM,41.793362277,-87.681326901,POINT (-87.681326900929 41.793362276932),C,7,2021,17:45:00
572f5e48fd5cd083f082c2a329ec90cb059aa13b51e3588a505949226db4fe09262cfb6b9c07a500c8ec6d0e91e3fd70e8b5f19b7ecb3907a9eb88638b09cb5f,2019-06-11 20:06:00,CLEAR,DUSK,DRY,ON SCENE,06/11/2019 08:32:00 PM,41.77328619,-87.605919103,POINT (-87.60591910261 41.773286190051),C,6,2019,20:06:00
573ae1dc2ced6b266bc2b840500e3fa8f09e0efe13e53d47381dffb85359fd44c54f9dc63a060df43e0b85fede1593e9e53e3e216c5782fc985d67203cf5b6a1,2018-07-01 12:15:00,CLEAR,DAYLIGHT,DRY,ON SCENE,07/01/2018 12:16:00 PM,42.01762647,-87.672169836,POINT (-87.672169836276 42.017626469706),C,7,2018,12:15:00
573db4d71058f614d8662eea33988b9a232beb9331f4a6ec2b8ffe50752c1de4ab4d28ae3d1a2b761c445155fa0194d5dc817e6a321e8ed0705a4f9e630f8fd2,2023-10-14 16:24:00,RAIN,DAYLIGHT,WET,ON SCENE,10/14/2023 04:24:00 PM,41.79413322,-87.664645263,POINT (-87.664645263203 41.794133220224),C,10,2023,16:24:00
57424af592667df255a6feb8aa9efc702b1aa2c71cf57f26c82b3a7d0afa0fa65fe89c53db3649b3af44a8e7052835b545dd8514fbb17ab97761f3a711ff2a84,2020-05-10 19:00:00,RAIN,DAYLIGHT,WET,ON SCENE,05/10/2020 07:00:00 PM,41.890734793,-87.675721814,POINT (-87.675721813564 41.890734793358),C,5,2020,19:00:00
5758cfb49ed6fdb3fb49ea53eb59b3824ffe199a1e51451293171b8de9d4cceafdaddb7182ea4f0cd2faf409573532a357483f6484c73e28034b0c673acd0724,2021-06-19 17:47:00,CLEAR,DAYLIGHT,DRY,ON SCENE,06/19/2021 05:55:00 PM,41.655715094,-87.605274954,POINT (-87.605274954441 41.655715094334),C,6,2021,17:47:00
5762f5415d2ce90af87b530ef1633b604bfa34b9e8bee8168f8ea614c955f470ba5d54a6bce3fae29aafeeccf5f2f7c58c953a3731f0b95ad4bbc4ca3d8d2280,2021-05-06 17:34:00,UNKNOWN,UNKNOWN,UNKNOWN,NOT ON SCENE (DESK REPORT),05/06/2021 06:05:00 PM,41.953763075,-87.747453941,POINT (-87.747453941137 41.953763074799),C,5,2021,17:34:00
57823ef41959beab5dbeccf1757b5129ef8641ec0dac9b51faf3e660c67d1a19b6d009cdfa7af336440e347e6790325b2dd7941caec6db0d43d22678a22e384b,2021-05-04 13:30:00,UNKNOWN,UNKNOWN,UNKNOWN,NOT ON SCENE (DESK REPORT),05/06/2021 01:55:00 PM,41.975694886,-87.792867345,POINT (-87.792867345377 41.975694885883),C,5,2021,13:30:00
578e764ab9053c1ef032874a6451d12e132672708b756a98fa54ab9b689ef1e720d05bfd83c11ef738fa4350e60b93e91f6d0d4cb7bdab1b9273c0da8bc262c3,2021-04-27 22:00:00,UNKNOWN,UNKNOWN,UNKNOWN,NOT ON SCENE (DESK REPORT),04/29/2021 01:50:00 PM,41.778987189,-87.708863815,POINT (-87.708863815297 41.778987188969),C,4,2021,22:00:00
57b24d86c28d53940840644afa48209a597bbed8e50f7dc30037a72e47dd9f138557576ac37d9363d0f243069d2f83f755f3f745fdc46aaf747548436ccdb0dc,2022-08-14 03:06:00,CLEAR,DARKNESS,DRY,ON SCENE,08/14/2022 03:14:00 AM,41.918051369,-87.719822847,POINT (-87.71982284716 41.918051369068),C,8,2022,03:06:00
57c91fb0409518f3b695b63a02d8ccd7b9e7ec8b36ca410b9416ef59446af463abb83b0af6aaf5e51fa6b3ed61b231df59eef4cab725ce2f6a959501a3854c30,2020-08-11 22:12:00,CLEAR,DARKNESS,DRY,ON SCENE,08/11/2020 10:30:00 PM,41.93788913,-87.806497619,POINT (-87.806497618671 41.937889129814),C,8,2020,22:12:00
57e08ca78f7adb644a764d425fa082cabe0c695cb2c4bda4325049f0e936de0af50bea548ce58f89bc122cbd23291f76fc401141cae78b5c2d7f3eb28c0831ac,2024-05-31 18:29:00,CLEAR,DAYLIGHT,DRY,ON SCENE,05/31/2024 06:29:00 PM,41.736537573,-87.672954512,POINT (-87.672954512002 41.736537573203),C,5,2024,18:29:00
581c77122a57ee16548c64ec43a6f260eaa07516efa3e7ad4e214dcdcff0a7b6713b665ae78633484afa769bf0b83c571b4da50e336541f01aa44054e72479cb,2019-12-14 11:35:00,CLEAR,DAYLIGHT,DRY,ON SCENE,12/14/2019 11:50:00 AM,41.727429387,-87.643229495,POINT (-87.643229494804 41.727429386855),C,12,2019,11:35:00
581e0fd401be8ef422272fee22042766526a5bff2709be06d52a86d4b2ec20d4e502132c5b7dbf698319bf6ff30c7d509d996fa868c75da8dc28ceb6548bafaa,2022-02-02 00:33:00,SNOW,"DARKNESS, LIGHTED ROAD",SNOW OR SLUSH,ON SCENE,02/02/2022 12:36:00 AM,41.904375694,-87.755969856,POINT (-87.7559698558 41.904375694155),C,2,2022,00:33:00
583c27c64e7494602066cd5613d33fa33de1a49d030f4d1b6ec9de2b18e4114a0f2574133098424fc735dcc52d14d8afdf5489042ee04dcffa33609ee33d6904,2018-10-02 09:46:00,CLEAR,DAYLIGHT,DRY,ON SCENE,10/02/2018 09:46:00 AM,41.884455049,-87.629308657,POINT (-87.629308657242 41.884455048597),C,10,2018,09:46:00
588e463a55dd94436768ea5040ce35697bf5da779390d366a9db96781a0d2a461f3ad14a9fd6be0ae9f795c611f85b8d91d783d61f35395bcf737a111f3d1c87,2022-07-18 14:30:00,CLEAR,DAYLIGHT,DRY,ON SCENE,07/18/2022 04:04:00 PM,41.92110246,-87.712810133,POINT (-87.712810132505 41.921102460373),C,7,2022,14:30:00
58aab6d16990fc053c2ac278db9a342114ff98de9714baedccb51eb195b8755d127f80da5a7a6aba218149ea93fb55f9376fbf5e0023ff92423957c6b5264dad,2024-02-14 05:00:00,CLEAR,DARKNESS,DRY,ON SCENE,02/14/2024 05:11:00 AM,41.852235132,-87.679102568,POINT (-87.679102568294 41.852235131921),C,2,2024,05:00:00
58baf71c95bab246c287c6b87bfa6aef8a1b6e5279c5e3a80462035f868db8496540910768c5550db16ff05f33dba2e60e01030a0a00ccc3f449a572305d17e6,2022-05-08 08:00:00,CLEAR,DAYLIGHT,DRY,ON SCENE,05/08/2022 04:23:00 PM,41.76764566,-87.574042048,POINT (-87.574042047554 41.767645660239),C,5,2022,08:00:00
58bf9a6d26a5241dda7010832f84a2fe5719c6d69b0c6ac985f32c38b9126460c45c89a2734dd56841335653e05c4609256d0abb39023f3f97b51b9a4eafdec9,2018-12-24 16:38:00,CLEAR,DAYLIGHT,DRY,ON SCENE,12/24/2018 05:00:00 PM,41.732590137,-87.625485775,POINT (-87.625485774693 41.732590136822),C,12,2018,16:38:00
58cb9d4e6c75185f8cca5f5b505e464062cff5ad87ce255191b65c6d7ab66493537814d128dff8fa9461a4cfd40800996e70c8f57af4f25364de7aa2f17b8090,2021-06-09 17:02:00,CLEAR,DAYLIGHT,DRY,ON SCENE,06/09/2021 05:09:00 PM,41.882108816,-87.766490948,POINT (-87.76649094764 41.882108815827),C,6,2021,17:02:00
58d9080dc89b363cd1683a37f6e916e2b1a35d18cf160b6e9db1aeee0eb20c9fd3ae3b7b392f6421ea8b5007a8599b26134e5cf5cdad99b63613792ed024657f,2023-06-13 15:43:00,RAIN,DAYLIGHT,WET,ON SCENE,06/13/2023 03:43:00 PM,41.766465193,-87.649152683,POINT (-87.649152683461 41.766465193102),C,6,2023,15:43:00
58e905119005a92b54dad303a8330758898452a07faf8e6b41246462c439117d8cf2675dfe3218f1d12acb47248956a08301d249cb2465edea5dcb918c0d3bb2,2024-04-27 18:51:00,CLEAR,DAYLIGHT,DRY,ON SCENE,04/27/2024 07:16:00 PM,41.90857261,-87.746229789,POINT (-87.746229789183 41.908572609669),C,4,2024,18:51:00
5912316fcc4b2194f03480dba465603160880bf2819655b1ffc7f6d828cdd812c3685af8dec55b86d55ed5c8c40f00fd3ad93a1364ca7fa2b8e77c0c0b72607d,2017-12-10 10:00:00,CLEAR,DAYLIGHT,WET,ON SCENE,12/10/2017 10:00:00 AM,42.014354953,-87.670107885,POINT (-87.670107884507 42.014354952884),C,12,2017,10:00:00
59301de6bc2c96b82c62126707dd8b7b1974329915f99bfdea76e40097e6af08a96e78a177aa1548e2d52c4bb3ed8c31fd8e7c14e0681a5ef6b61244c338bc10,2022-05-21 00:19:00,RAIN,DARKNESS,WET,ON SCENE,05/21/2022 12:38:00 AM,41.874545216,-87.627464099,POINT (-87.627464099076 41.874545215885),C,5,2022,00:19:00
59634678dd08fe097a98715479f5bacf680546726a113ac9fff8d2958902fe67b3cc53146a493af749d028d44cea8a9a660cf756aaf84f6aec1b515bd461c2e9,2023-11-17 21:45:00,CLEAR,DUSK,DRY,NOT ON SCENE (DESK REPORT),11/17/2023 11:45:00 PM,41.896509293,-87.647755827,POINT (-87.647755827185 41.896509292938),C,11,2023,21:45:00
598e2892006f2755a673b1bb8ea57ac1764ff93415547913a6989266b71dfcb62f6e8c8735b1384588ca5ce6da041ddaff7ded2163f1355bf7caec7d013ddf39,2024-03-30 12:30:00,CLEAR,DAYLIGHT,DRY,ON SCENE,03/30/2024 12:36:00 PM,41.728580629,-87.642045528,POINT (-87.642045527957 41.728580628878),C,3,2024,12:30:00
59a71b0f58745b9939487dff7850f5edcbc102c89476d5f5564cadccde10ad66e19e2c1d8a3832af0c5f1a07678e039787273b646ce7f14f3267ff28fdbac0df,2022-10-31 07:48:00,RAIN,DAYLIGHT,WET,ON SCENE,10/31/2022 07:48:00 AM,41.691958018,-87.676477535,POINT (-87.676477535494 41.691958018253),C,10,2022,07:48:00
59c01055b0a82db77d39032ef6c7c1587260940876cfa892e79055df30e54a452398378aa65b2941ae8b7381614d0a539dfd493bf345ffd7041048571e830c6d,2018-02-20 12:52:00,RAIN,DAYLIGHT,WET,NOT ON SCENE (DESK REPORT),02/20/2018 02:30:00 PM,41.736006565,-87.645341819,POINT (-87.64534181898 41.736006564585),C,2,2018,12:52:00
5a1812d3dacb415e38554f628856f055b25b3ec92a11ef5e5e8f8f3ad519d89fe58015263902e6d5ec829ccd35ba35f8a3d6ed1aa819e9b3e047ed7682bf66a9,2024-02-14 15:10:00,UNKNOWN,UNKNOWN,UNKNOWN,NOT ON SCENE (DESK REPORT),02/14/2024 06:38:00 PM,41.881995198,-87.627647245,POINT (-87.62764724523 41.881995197635),C,2,2024,15:10:00
5a4d20a88226d125b0f11dff0cb027676ed1669010ef2dce0019821a4085992ec480ccf868eb58a7e8619a9810c7d2d98672ba3aa882c4bfa9146069f96d0227,2021-07-27 14:40:00,CLEAR,DAYLIGHT,DRY,ON SCENE,07/27/2021 02:50:00 PM,41.688978591,-87.720092961,POINT (-87.720092961159 41.688978591204),C,7,2021,14:40:00
5a5fff632cb597a83b88eb76bd79e29995e83da2b2b7228308e4ba2aac6636d265591005b08ac02851f1aea1db1d158fd0d9854f074385e2c8e66f6beaa08a8a,2019-02-28 16:18:00,CLEAR,DAYLIGHT,DRY,ON SCENE,02/28/2019 04:18:00 PM,41.869049305,-87.673512347,POINT (-87.673512346542 41.86904930494),C,2,2019,16:18:00
5a66ee9f908c5011ae2997f4391605c494640ce32d6c6e2fbfe73b8cf7151ff542f3937c8a98bc873b4b48695712ab0a043da17560b8608e9e7a3f148d0b14fa,2018-03-10 17:15:00,CLEAR,DUSK,DRY,ON SCENE,03/10/2018 05:15:00 PM,41.750095325,-87.6752792,POINT (-87.675279199578 41.750095325092),C,3,2018,17:15:00
5a6c5278ecc02e698cfbf7a9cd7dd81ce267a75f6bf0c57a755ac52f8c73965b67e172b1cffb65b31581b5c878c4861e4b03b2b57176550024f4afacf66680fa,2024-01-08 14:54:00,CLEAR,DAYLIGHT,DRY,ON SCENE,01/08/2024 03:45:00 PM,41.929866887,-87.749140479,POINT (-87.749140479181 41.929866887013),C,1,2024,14:54:00
5a9dfdc68c5e96d4275860fde673ede2205fa5a0fffc262e8d3a311db03a194fa71314b492e35a80be2489a0808a5211bc5101a40357690364e237bf3aad2837,2019-08-28 20:05:00,CLEAR,DARKNESS,DRY,NOT ON SCENE (DESK REPORT),08/28/2019 08:39:00 PM,41.80072726,-87.703910217,POINT (-87.703910217369 41.800727259896),C,8,2019,20:05:00
5aa86fc393b79cf24ad430aa9274ca141bd0542116d7dad5501f22f549180c9e1239c7e102ec9256dbb9572c99f3b50590fcb021574f402e809886e3403a5da2,2023-09-13 14:30:00,CLEAR,DAYLIGHT,DRY,ON SCENE,09/13/2023 02:40:00 PM,41.833916887,-87.648487014,POINT (-87.648487013521 41.833916887225),C,9,2023,14:30:00
5aaa51eacd9bfa0df497eb407064dd01ba01287478155d6dd7b9c968a924de5acab4a9774da5e4e9923bfd24a4a1865ec53e103033aaceea10f346fc8c6e67ab,2018-10-18 12:05:00,CLEAR,DAYLIGHT,DRY,ON SCENE,10/18/2018 12:05:00 PM,41.945523239,-87.81199188,POINT (-87.811991880345 41.945523238789),C,10,2018,12:05:00
5ac88a0f0e1782c426d9c9ded6d78923e2944074598bc8846dde51a068eedf80c3808249f3610925cd0ed04744befb2029076bd93eff0bf7293a3d6b122c34e1,2024-05-19 19:38:00,CLEAR,DARKNESS,DRY,ON SCENE,05/19/2024 11:54:00 PM,41.754474445,-87.709517136,POINT (-87.709517135532 41.754474444859),C,5,2024,19:38:00
5acd13795480e72d8b1dd3a6c859cabda7ed036d66831329e56ef40cdfba69c6a2b7cab32eec71d2a40bea36ee339b72635640d8d56d4d7b1b45de3e9d44d81c,2022-12-09 19:23:00,RAIN,DARKNESS,WET,NOT ON SCENE (DESK REPORT),12/10/2022 10:25:00 AM,41.88326589,-87.616269526,POINT (-87.616269526281 41.883265889838),C,12,2022,19:23:00
5ad025df64d03a53a72776c4e4ee123bd3de6878c845c4ace78310c7ebf63dab79f1aeca42310d7049f82eb9195e148cc8513e0bf860d26717fff747390678b2,2017-09-01 11:00:00,CLEAR,DAYLIGHT,DRY,NOT ON SCENE (DESK REPORT),09/07/2017 05:26:00 PM,41.901642657,-87.627773404,POINT (-87.627773404227 41.901642657124),C,9,2017,11:00:00
5ae119b6c6856756ff9265d5c8ba618128d93e2145f6e55902853ec87b082ed41b807086904a1530025013d8f0fc1584fe44e5976a32fe79eb906669aa2c2f97,2018-10-14 00:30:00,CLEAR,DARKNESS,UNKNOWN,ON SCENE,10/14/2018 01:21:00 AM,41.750172379,-87.555229531,POINT (-87.55522953102 41.750172378733),C,10,2018,00:30:00
5aefaf5e4c3324841a8e594f893027211a1b768ce70ad5367978222a4e7e092dde1657c4c34ca41d14d9493eb10674514ddb6fa695b61eb361ed058312947dad,2019-07-27 15:00:00,CLEAR,DAYLIGHT,DRY,NOT ON SCENE (DESK REPORT),07/27/2019 04:04:00 PM,41.779253606,-87.722924191,POINT (-87.722924190517 41.779253606367),C,7,2019,15:00:00
5b2e36bc6572a72583ce27ea38ab9153dda4c47ccbcb0500254e2dc251b2f9ae04e050229819bd7012af6d5c3ecbdeb4a57a5d6c70c021fea8345b160e64746b,2019-04-04 11:58:00,RAIN,DAYLIGHT,WET,ON SCENE,04/04/2019 11:58:00 AM,41.855573646,-87.711404857,POINT (-87.711404856934 41.855573645653),C,4,2019,11:58:00
5b45217dbe83104e7eb1fd26566639b5731475fb4845b25984122cf68a532b4b2247b950a0212dc0f8c6c0ce0cd10b54730741dde50a887e104256824927eb87,2018-07-18 14:50:00,CLEAR,DAYLIGHT,DRY,ON SCENE,07/18/2018 02:53:00 PM,42.003738578,-87.816750584,POINT (-87.816750583551 42.003738577524),C,7,2018,14:50:00
5b726c9d4f8195d308de75809c0c90c109ca008ddfa43684a2513c72e3edd859524b198c77281c485da2944af1006b3fa7d7b7218f4e89d82190a36d50e24956,2021-02-22 10:20:00,CLEAR,DAYLIGHT,ICE,ON SCENE,02/22/2021 10:24:00 AM,41.974647998,-87.80712789,POINT (-87.807127890417 41.974647997741),C,2,2021,10:20:00
5b7ad9306e1592360823a6e40846e22ab06de505574277aee007e47b9d83f8d16ac3fc18b5fa5c7ac644424018a5ba096da9dabaacda12a10e2c3567d9437777,2021-07-17 19:01:00,CLEAR,DAYLIGHT,DRY,ON SCENE,07/17/2021 07:01:00 PM,41.764112263,-87.595950755,POINT (-87.595950754968 41.764112263391),C,7,2021,19:01:00
5b800b04838cf515104521245c5eb6db8130458881f8988033b708134504df3f7dbf9eddb3a13bd5504bb26f79a93697205702a013359839b922e1622f1d5b38,2021-08-11 12:05:00,RAIN,DAYLIGHT,WET,ON SCENE,08/11/2021 12:11:00 PM,41.852909174,-87.637875908,POINT (-87.637875908169 41.852909174497),C,8,2021,12:05:00
5b8282fd9cae09fbd11d2505c399f76c469b33662250e889e082e8f843c6d5cc833d7bfb8d2cf22a6b685e65a1d8bb12cf218d3a10863245fdd92383d79421e3,2020-12-29 17:00:00,SNOW,DAWN,SNOW OR SLUSH,ON SCENE,12/29/2020 05:10:00 PM,41.747188444,-87.625862809,POINT (-87.625862808928 41.747188444365),C,12,2020,17:00:00
5b967584016d5a7969b58c91b4e15c0d2cc1f8eb7dc78364ba63c0570c522c9f2c17fe14cd0f7696b7d3ed1833137f68344062f88f5788e7d527e90cb9e547c5,2022-10-16 15:48:00,CLEAR,DAYLIGHT,DRY,ON SCENE,10/16/2022 05:30:00 PM,41.714118868,-87.643145408,POINT (-87.643145408182 41.71411886809),C,10,2022,15:48:00
5ba5bdb917d6e639dd647a8bad50f6f992bd80b85b8aa3e1ace0ec505ec08cc1588f65de50899e4c2707eccc53b2dd27a6253ca95a6ed0abfd12c4594f32f6f6,2024-04-11 13:00:00,CLEAR,DAYLIGHT,DRY,ON SCENE,04/11/2024 01:00:00 PM,41.820669449,-87.743655869,POINT (-87.74365586894 41.820669449112),C,4,2024,13:00:00
5bcea7a9036be4b09cfeb0913e8cb5a4e25abd8c234e0eba3d95f30d074d78e86dae10eeef4928c9be84fd5eca92a93a01c8cbccbb8c751c8a5f971e2ba67ed0,2019-09-10 12:01:00,CLEAR,DAYLIGHT,DRY,ON SCENE,09/10/2019 12:10:00 PM,41.830838116,-87.614624888,POINT (-87.614624887683 41.830838116221),C,9,2019,12:01:00
5bd7efb828fb2c16c4caa04d5e47ab175b3b3eb75dc3a46f24a8bcbac5237202a5dd7a0e65de4563765a370e2f361f9baec0e271e93fdd26fe3d827f45380359,2017-08-12 12:15:00,CLEAR,DAYLIGHT,WET,NOT ON SCENE (DESK REPORT),08/12/2017 12:34:00 PM,41.784639324,-87.683935941,POINT (-87.683935940773 41.784639323944),C,8,2017,12:15:00
5bf1d6b04298e74c1df9701c9d9f38dc3f4a4a3e3875db6df9fe5869c4c164df44748a71eb026fb41efd7975a3313335d617e87594b0c416a934ec21014b3a21,2021-07-05 17:15:00,CLEAR,DAYLIGHT,DRY,NOT ON SCENE (DESK REPORT),07/05/2021 05:45:00 PM,41.909600386,-87.739356467,POINT (-87.739356466533 41.909600386011),C,7,2021,17:15:00
5c0e07ef6f31d62d81420791bfc156b3e322fdb68d2719c7e16a5051e6f60dff45f58cf538c9b37d5aee88abd7f93fd86254e43afc9b4be12e5c20d2b3b89c07,2024-01-18 14:50:00,CLEAR,DAYLIGHT,DRY,ON SCENE,01/18/2024 02:53:00 PM,41.85198384,-87.685785704,POINT (-87.685785704205 41.851983839573),C,1,2024,14:50:00
5c348bdd38f563ac52da756276045a5af51d3f94e3320cc2c2ff24abd99724d0acdf5840523a72c5d1411eac7f8ddf1da23e2d242fb6f6849f3620215dd4bf37,2024-04-30 19:15:00,CLEAR,DAYLIGHT,DRY,ON SCENE,04/30/2024 07:15:00 PM,41.928803526,-87.719701355,POINT (-87.719701355207 41.928803526449),C,4,2024,19:15:00
5c354fe03e46e2b6bb56fa742b3495e6900aabc496d01b7a9bc2f14b8fc4e9fe5251cb2acac1a28f9f7e645c96983e6a25dbb36aee549b9c31f6864ef8bcde16,2019-05-04 11:35:00,CLEAR,DAYLIGHT,DRY,NOT ON SCENE (DESK REPORT),05/04/2019 02:25:00 PM,41.939786501,-87.655039264,POINT (-87.655039263808 41.939786501351),C,5,2019,11:35:00
5c3ed6e0cb75ffede66081fdedaef1c7dbbc1ec3111dcbffff06489911114ba3f59673b496c4c29db7f3978dba2c3e4dc71afe7a657356faabd79a9763bab597,2021-01-20 09:50:00,SNOW,DAYLIGHT,SNOW OR SLUSH,ON SCENE,01/20/2021 09:50:00 AM,41.718624938,-87.57690185,POINT (-87.576901849678 41.718624938476),C,1,2021,09:50:00