CRASH_RECORD_ID,CRASH_DATE,WEATHER_CONDITION,LIGHTING_CONDITION,ROADWAY_SURFACE_COND,REPORT_TYPE,DATE_POLICE_NOTIFIED,LATITUDE,LONGITUDE,LOCATION,CRASH_TYPE,CRASH_MONTH,CRASH_YEAR,CRASH_TIME
5c597fa7e83cabd0c972fa0759f64c42ba7381b25be0151d161bdb33d1d3d35755d655402924b4c4441e90f452869cded2b576be76f73935703b050640f1992c,2019-07-26 13:43:00,CLEAR,DAYLIGHT,DRY,NOT ON SCENE (DESK REPORT),07/26/2019 02:25:00 PM,41.930838596,-87.790162306,POINT (-87.790162306481 41.930838596487),C,7,2019,13:43:00
5c603dfdea2ee165771703736150a80115526b7fd92cdedaadfa92d047611ac7409e7174ef4c14a8b17bcbc53894349ecf76a92a6144f94f81e31894238147bf,2019-09-06 19:48:00,CLEAR,DARKNESS,DRY,ON SCENE,09/06/2019 07:48:00 PM,41.837883074,-87.654949741,POINT (-87.654949741211 41.837883073862),C,9,2019,19:48:00
5c6b9c4a7da5f4a6bb25af6ffc93439c3cf7be29b261fd8a24b64ef28758bc460d2a99eeb591c7df3f51aa5f9630efb1294fd9a2d49bd22955c8c07ba87ea733,2016-08-19 11:10:00,CLEAR,DAYLIGHT,WET,NOT ON SCENE (DESK REPORT),08/19/2016 11:45:00 AM,41.717458856,-87.678380132,POINT (-87.678380132136 41.717458856266),C,8,2016,11:10:00
5c84477248513e6e3aa5284c9e699a49f75dd4e148c77bbcdfb20447032a308e0ebeaa7a3edff3df187697adfde91eb4e143f4f28116435be509afbe68b3a016,2023-09-30 17:45:00,CLEAR,DARKNESS,DRY,ON SCENE,09/30/2023 05:55:00 PM,41.73522061,-87.707112414,POINT (-87.707112413749 41.735220609584),C,9,2023,17:45:00
5ca2d660cf92921a90245d12cd3db35b2500e589f2b64a6e502d119984c438490341c8862b8161c96bec94541656be563ad29a5a53331033c2afa6403635e048,2023-08-27 19:40:00,CLEAR,"DARKNESS, LIGHTED ROAD",DRY,NOT ON SCENE (DESK REPORT),08/27/2023 08:01:00 PM,41.786655415,-87.684998587,POINT (-87.684998587311 41.78665541486),C,8,2023,19:40:00
5cd19b8c67271bcc651d62b5f3c8d7c246cf64ee29616ef0dcac6d8b04c0182707cf9ef8d99f5743cd6ab33c980f8727d9d6d962cb5d1b50398a78e0b54fe69f,2021-02-09 09:41:00,CLEAR,DAYLIGHT,SNOW OR SLUSH,ON SCENE,02/09/2021 10:00:00 AM,41.77763444,-87.777738283,POINT (-87.777738282619 41.777634440032),C,2,2021,09:41:00
5d0770fd00fd59747ede48aeb16aec76d52ce59d706177d405eb80e7dfd97b1630ef2b298e36c2b0922f799c86d62910c846f80d3e19ba70995ea1ed64b5e7dc,2019-06-29 14:15:00,CLEAR,DAYLIGHT,DRY,ON SCENE,06/29/2019 02:20:00 PM,41.921178384,-87.663579385,POINT (-87.66357938529 41.921178383613),C,6,2019,14:15:00
5d164eff653112cad384eb7853a42c0245c3f9b7238f0641caf821455667cc61424f503d95e4ee0132560861ccbc617c0e3968a53aecd080d1c60dd00e131235,2018-05-14 15:35:00,CLEAR,DAYLIGHT,DRY,ON SCENE,05/14/2018 03:38:00 PM,41.803843809,-87.614400503,POINT (-87.614400502587 41.803843808586),C,5,2018,15:35:00
5d26794ecda27f13f7bc603a33f070c492c7988418de4f25fda9ff1c9701ca7fd3277e9d2c9be2ac2a4195d45ffa1c44709a8d17110efe61129b4f6a9eb9c7ec,2018-02-08 18:00:00,SNOW,"DARKNESS, LIGHTED ROAD",WET,ON SCENE,02/08/2018 06:36:00 PM,41.992937504,-87.660210326,POINT (-87.660210326281 41.992937504215),C,2,2018,18:00:00
5d32de33a2cf3607756464379046a6ba629f5fa9a65185c654ade0c8c586e32ff4741fc2ce9c3893059331fea7556b88ffc00e7ae713173f5f1b43b643caedca,2024-07-15 00:11:00,RAIN,DAWN,WET,ON SCENE,07/15/2024 02:50:00 AM,41.85357266,-87.717254289,POINT (-87.717254289067 41.853572660013),C,7,2024,00:11:00
5d4f6a5e1b8291e9dfaca16ba2e2e9f7e1251a3ce1566b6986e2e6273cc5c78a9e95d5b837c7a6fbe71ca1263b373ebe9058983b75e299284e59835c7187e903,2019-06-04 15:13:00,CLEAR,DAYLIGHT,WET,ON SCENE,06/04/2019 03:15:00 PM,41.98675498,-87.710098656,POINT (-87.710098656087 41.986754980288),C,6,2019,15:13:00
5d55516109d10e2c13426c76501c3e7b56c796db7eecd25ae82ed24d2ef3e507156081576dccb069861500958be8969f05fd47bd9c30452c59a697d6337e7609,2022-05-10 16:58:00,CLEAR,DAYLIGHT,DRY,ON SCENE,05/10/2022 05:03:00 PM,41.772153695,-87.659102599,POINT (-87.659102598887 41.772153695454),C,5,2022,16:58:00
5d653597c403adc1939c45cbcf36ce648fae0f332c920f501b8975ba032566616f23448f606c9d89f29da338d9adbf0037ed4505d10e0bb59ab739e65e83af28,2022-02-16 18:44:00,CLEAR,DARKNESS,WET,NOT ON SCENE (DESK REPORT),02/16/2022 07:49:00 PM,41.762128176,-87.617381815,POINT (-87.617381815385 41.762128175859),C,2,2022,18:44:00
5d8af4de4c4e2f611582c9bce6373c035c41a01406208f243265864ba19c2017df4dbc599a365107b11aea27ad5cb133ae90ec5330ec847b488a1a00fffc1e76,2019-07-10 16:00:00,CLEAR,DAYLIGHT,DRY,ON SCENE,07/10/2019 04:35:00 PM,41.770237956,-87.710289864,POINT (-87.710289863703 41.770237955786),C,7,2019,16:00:00
5d8d920044623864befd717931a1235e59a37a8295b8fb6b92fe88bc5fe166d827f8d22e974f0c3a682eefa790683ab7c6d978436e82e92c0c6450d4d7b78160,2024-02-12 13:48:00,CLEAR,DAYLIGHT,DRY,ON SCENE,02/12/2024 02:09:00 PM,41.946250497,-87.746039208,POINT (-87.746039208353 41.946250497218),C,2,2024,13:48:00
5d9a11ab100d9bede4a10e461d712e925ced61fe847a2246372adec4a2620954b77c15ce0c95de1a9de3595445e881350ebf3204c66b254231909d87054d9ab4,2020-12-18 09:00:00,CLEAR,DAYLIGHT,DRY,ON SCENE,12/18/2020 09:05:00 AM,41.953172595,-87.75849178,POINT (-87.758491779984 41.953172594539),C,12,2020,09:00:00
5d9b5323b0c287a7a1f74047e6792738850d3c1ba1fcd88a588a02410f948e4a512a52f24f1e4b4f26fac64a0ea024618d7793eaf06a0352922c2f51da6e69ee,2021-10-29 07:50:00,RAIN,DAYLIGHT,WET,ON SCENE,10/29/2021 07:50:00 AM,41.947120292,-87.667594921,POINT (-87.667594920509 41.947120292442),C,10,2021,07:50:00
5dacd4730a19c554644860c2545feaa5514ab883bbe522fd7839c912da1b74bab0ddfbebc604dba99b9e9f3bde23a7381e3e61cd41b8c298b20b8218c80b67b2,2019-09-18 14:25:00,CLEAR,DAYLIGHT,DRY,ON SCENE,09/18/2019 02:35:00 PM,41.980203234,-87.806831118,POINT (-87.806831118316 41.980203233751),C,9,2019,14:25:00
5db46ea951adac57a0a5b0054effcd17f11f949ce44e4738536799b824a8805ea346b8409982ced1e1f09308c2875faa04b608a1d7b0a5534020fcfe3283b2df,2023-08-12 15:40:00,CLEAR,DAYLIGHT,DRY,ON SCENE,08/12/2023 03:42:00 PM,41.885477756,-87.66504166,POINT (-87.665041660447 41.885477756077),C,8,2023,15:40:00
5db5b6a7fcc0c7eb001964fad0d0c6d8aa2c1f9630e38e97f49616ad7866cd00f6aeb17eb2c9b8df97b1c8dc61e04bd296502429244e184136dc33a73ce33dca,2019-05-22 00:58:00,RAIN,"DARKNESS, LIGHTED ROAD",WET,ON SCENE,05/22/2019 12:58:00 AM,41.865789768,-87.644921165,POINT (-87.644921164628 41.865789767562),C,5,2019,00:58:00
5dbb44cd3210a116f03a056c71a3fe5798c43d2a6e0634fef3dcb950f894a1263482f1a1c2fdef076a2eaf3efa189801b54401bc5d26890f46fe7050fa8c68ec,2019-06-04 07:55:00,CLEAR,DAYLIGHT,DRY,ON SCENE,06/04/2019 08:00:00 AM,41.995012499,-87.821696499,POINT (-87.82169649907 41.995012499482),C,6,2019,07:55:00
5deadee6666460c1406259ca661a6deca7060735fb1bf3d0549a3b2fb00c595ebb449099a9cd5fc3ef55d96289981df02befeadd2b1bac0ef2982bbade8fe22e,2024-06-08 19:40:00,RAIN,DAYLIGHT,WET,ON SCENE,06/08/2024 07:50:00 PM,41.910786719,-87.649738716,POINT (-87.649738716022 41.910786719094),C,6,2024,19:40:00
5df009994c48913e4946b8fa1ac1d25c58f9f39171df3edafe4583273622c5d24bba4a8a6277e0a0b63c54a702817fc2c6e294618fca4c0549b935bd6be4449a,2018-01-06 15:53:00,CLEAR,DAYLIGHT,DRY,ON SCENE,01/06/2018 03:53:00 PM,41.874537312,-87.725596902,POINT (-87.725596901652 41.874537312209),C,1,2018,15:53:00
5df248b686a3255bf357fefa413d854bd1b68f87a09cb166a5d841c46d5fe37c4a570c995593a51b944ed86389d9cbbda09432127a60fac5d5c0f3476d5c6d11,2022-06-10 15:21:00,CLOUDY/OVERCAST,DAYLIGHT,WET,ON SCENE,06/10/2022 03:42:00 PM,41.834973063,-87.724454782,POINT (-87.724454781786 41.834973062794),C,6,2022,15:21:00
5e106af7760a98f37fc7838388cef3cec2be290a6d8645257d403ab1510d5e2ebc7dba070cc30cd9ad082102cbbe006b6c7b5d07287a243536104b66f06c9e69,2020-10-21 15:45:00,CLEAR,DAYLIGHT,DRY,ON SCENE,10/21/2020 04:59:00 PM,41.909741671,-87.745637481,POINT (-87.745637481111 41.909741671332),C,10,2020,15:45:00
5e1802c56820bc3450933f02a035e249850d763e36d7930efe943f54c80858eca395c46736499ab69de28af535dc40a3b86db04889a272bb614235f9449a3f38,2024-05-05 15:30:00,CLEAR,DAYLIGHT,DRY,ON SCENE,05/05/2024 03:51:00 PM,41.809437601,-87.670002749,POINT (-87.670002749109 41.80943760145),C,5,2024,15:30:00
5e310b1770124a5cee78725d858d0fb121c68513c505ca39c16c53972edbd2412ef8b003c33c36e90efdc42395caa16f4bdfeb4e69c18ef58abb83378b0c7b0b,2022-06-22 16:10:00,CLEAR,DAYLIGHT,DRY,ON SCENE,06/22/2022 04:13:00 PM,41.898444565,-87.759365823,POINT (-87.759365823469 41.898444564857),C,6,2022,16:10:00
5e46831c98ee4073ed4cf683ad4f1cd07806a89148f9f54b1bd5dfcdc210f6d39375c0f35940aa0eeaca3e8cd3681df8cae1ced2090068e726ec6aa40b11667b,2021-09-10 09:55:00,CLEAR,DAYLIGHT,DRY,ON SCENE,09/10/2021 09:59:00 AM,41.823032276,-87.666178679,POINT (-87.666178678938 41.823032276382),C,9,2021,09:55:00
5e494a7309c9c574e775b9aa4d23a77ad2ef748e161b59c0bbb53d8ca9e293a16d2f8782a7f0bf8cd7f10d68e582770728fa9ee232484455918c4fddaec550ef,2021-10-23 02:00:00,UNKNOWN,DARKNESS,UNKNOWN,ON SCENE,10/23/2021 12:00:00 PM,41.91128651,-87.750950034,POINT (-87.7509500337 41.911286510278),C,10,2021,02:00:00
5e63eca8aaac0424bd4b14a5b3c1afdeeac3b9927a0bf0a0b142a8d82283f4b000f1e9f33be674b9536a7a69a90249c3ea6d13cd632c0fffe93fb7af172de59b,2024-06-16 19:45:00,CLEAR,UNKNOWN,DRY,ON SCENE,06/18/2024 04:40:00 PM,41.689445248,-87.657128447,POINT (-87.657128446826 41.689445248083),C,6,2024,19:45:00
5e67e696f1b0e0ebb602bceb22102ad99e164fa4268f5b5e619a64ca159b75fc584c628dc074898e3040bc883bd63816cd6dbe6301036f7b00ccd0f97b9f3cfe,2020-04-15 17:20:00,CLEAR,DAYLIGHT,DRY,NOT ON SCENE (DESK REPORT),04/15/2020 06:20:00 PM,41.735897985,-87.643176251,POINT (-87.643176251179 41.735897985492),C,4,2020,17:20:00
5e77375f8e43ac4ef4c46c292b108e1a1592693f209aa92af4b4460378ca66afc4e891b0419326a1630b5f0bd53c6a890b2b039750378450927f05c4c8441576,2022-02-07 16:13:00,CLEAR,DAYLIGHT,DRY,ON SCENE,02/07/2022 04:43:00 PM,41.805735129,-87.740806974,POINT (-87.740806974346 41.80573512915),C,2,2022,16:13:00
5e777a716e88bcade46083f05912392899c464ca456114d6e6c36ba03907a201bd09db7d192141a64f41e7aabfee337e2ef90b8f1fb56b05726c553085ed6850,2022-01-18 14:41:00,CLEAR,DAYLIGHT,DRY,ON SCENE,01/18/2022 02:46:00 PM,41.968656137,-87.678438479,POINT (-87.678438478953 41.968656137319),C,1,2022,14:41:00
5e7fa68f1df3c965c4282f8cd289ec8b77bf14b515fd354dd771227d71b8a0832fb0ea0f9ed1b132d6c311019199041cdc92fc52a7ec912ee6795bc32a521212,2023-05-31 18:15:00,CLEAR,DAYLIGHT,DRY,NOT ON SCENE (DESK REPORT),06/01/2023 05:40:00 PM,41.972702522,-87.65991573,POINT (-87.659915730223 41.972702521692),C,5,2023,18:15:00
5e93ba2597f6e8b72aed2b7b1e38288fc52735fd9bc709be776c2d9522d1f9c68b336a8860cdb768d113b91f86a168f9c65cae45e74dab12c5ceac2215a9be11,2022-09-15 18:15:00,CLEAR,DAYLIGHT,DRY,NOT ON SCENE (DESK REPORT),09/16/2022 03:15:00 PM,41.830227042,-87.72405846,POINT (-87.724058459741 41.83022704248),C,9,2022,18:15:00
5e9ac6a62eda644fcd0126a42be6fe866d4a62378274dadc98e408fb98f2ef363856c86c247cfe49a8d8546e69d0bc36a1ca3bb7a5f580c70eba3d8a902fd11b,2018-10-28 14:45:00,RAIN,DAYLIGHT,WET,ON SCENE,10/28/2018 02:50:00 PM,41.881225663,-87.768012399,POINT (-87.768012399135 41.881225663377),C,10,2018,14:45:00
5ea2e60b1137d5d988769b3bff2c31c6068759cc382e825ef0789f4903a98fafffd8cd25b3b8a8edb2cd2f93acd2a57b550a15ae365567b1f546bae45b50b0bc,2021-05-12 19:11:00,CLEAR,DUSK,DRY,ON SCENE,05/12/2021 07:34:00 PM,41.747689798,-87.669288836,POINT (-87.669288836236 41.747689797971),C,5,2021,19:11:00
5ed33c161b7a809ae0a273b346138730e829fc2c960caab8de4afc61a683aa530cefef319a5fa469334e9a8c7c9c437b2dd6efa7621beb2de36e46cc0e16fba5,2021-11-13 04:00:00,CLEAR,UNKNOWN,UNKNOWN,ON SCENE,11/13/2021 04:05:00 AM,41.655706367,-87.596961358,POINT (-87.596961357585 41.655706367495),C,11,2021,04:00:00
5f1668743e81a0565f6803ac5831222c3eaad1ea63d14fba8dd48b7e9dd5670e3dec2a33707d33ccff01a69e2ace184ecbd0684e56fd1284e20c56556938887b,2017-08-30 08:00:00,CLEAR,DAYLIGHT,DRY,ON SCENE,08/30/2017 08:10:00 AM,41.779589311,-87.663888128,POINT (-87.663888128193 41.779589311105),C,8,2017,08:00:00
5f24456c2cfb880af6fbcdb7408dfb75753b1317ef882d52fc2787448c552e7886eda10cd8185643bb303c3ddaa4019d899c840225886dd2f01db4e86f96eb16,2021-12-18 19:59:00,CLEAR,"DARKNESS, LIGHTED ROAD",UNKNOWN,ON SCENE,12/18/2021 07:59:00 PM,41.91093474,-87.649337013,POINT (-87.649337013437 41.910934740184),C,12,2021,19:59:00
5f4bd2ffca54450b0d3b6ff4ad629c075d6378c55c2921bbcd4688e155bbaff7688c8ed3ca74d66e6c85bdcaf81238ed943af9af3694a6522d39f3f3d0f29fe5,2019-01-09 12:55:00,CLEAR,DAYLIGHT,DRY,ON SCENE,01/09/2019 03:00:00 PM,41.932608881,-87.649067755,POINT (-87.649067754812 41.932608880671),C,1,2019,12:55:00
5f578b2a655512692b8a6997a18229cc37ef6d7fc599df16e48b2056658cefa36e866af14cd358fa6eb900d77974afaecf0f53615e14e4890851a09321428f44,2023-12-13 06:50:00,CLEAR,DAYLIGHT,DRY,ON SCENE,12/13/2023 07:05:00 AM,41.775550724,-87.57162344,POINT (-87.571623439549 41.775550724353),C,12,2023,06:50:00
5f65eb23b131e6a9ec3832998245628bae5385ffa2337626e8a558d6f048aab61e3f53f6b39afad781e3d7239c177d99b0f0b8d25bda368c3e4765c86791ecd1,2023-03-12 19:34:00,RAIN,DARKNESS,WET,ON SCENE,03/12/2023 07:34:00 PM,41.921614362,-87.695481429,POINT (-87.695481429135 41.921614362232),C,3,2023,19:34:00
5f6c7a7afe60feac917c99a9148558980822e6f3f20b9559eae205e6bd0844f6d34f1df72f0fe8a46773287c38b425ef6b2084a02d6194267c457c5f3cdff71d,2021-08-13 10:30:00,CLEAR,DAYLIGHT,DRY,ON SCENE,08/13/2021 10:45:00 AM,41.976201139,-87.905309125,POINT (-87.905309125103 41.976201139024),C,8,2021,10:30:00
5f9d1466f3a71f3bdad1f8800bb339c532a84c9e7d4512bdf1e8b303d2a707bc79644f343100dc298ac1dd008bf943f36e62ace2fa8664c0401121686044cf1f,2024-08-25 13:06:00,CLEAR,DAYLIGHT,DRY,ON SCENE,08/25/2024 03:09:00 PM,41.810229475,-87.691420869,POINT (-87.691420869268 41.810229474598),C,8,2024,13:06:00
5f9e8730c993e96fdff532ff28e8e4c8613c348f4ed77c5b2839d8b0683cb3d8606ebbf334f8dd4d9dd932c25903950455c5418fddfa768c72338113dfb19c04,2019-07-16 18:49:00,CLEAR,DAYLIGHT,DRY,ON SCENE,07/16/2019 07:10:00 PM,41.892448923,-87.622763166,POINT (-87.622763165872 41.892448922517),C,7,2019,18:49:00
5fbd1a4362fc93a14990ad277feec7a73432f1036b982a5a88aa6909047966c72f99f9ab529c7c11df877286ae95e2a3667b023af50acc66620e83283b27099a,2018-08-16 17:59:00,CLEAR,DAYLIGHT,DRY,ON SCENE,08/16/2018 05:59:00 PM,41.731639396,-87.563491889,POINT (-87.563491888934 41.731639395768),C,8,2018,17:59:00
5fc42cbabfc35d1b9cc6b1e0ddbaeae35d3d6131e6413df7eab6a99bba7fcd1448958ed2bab7cb2c531cea3804e13d1faf462b2f700acdb6cf6ab26231a6e2ed,2019-08-30 14:38:00,CLEAR,DAYLIGHT,DRY,ON SCENE,08/30/2019 02:40:00 PM,41.849352786,-87.719665751,POINT (-87.719665751229 41.84935278584),C,8,2019,14:38:00
5fdd09942bce97cb672384aa0951dc2c60442eaa984cbdb67ca061dadc9f67c78856bd8a9944bf197bba7e21b0ae75f90e6a346e85dcbd2846acbdbd977753a7,2023-12-01 11:57:00,RAIN,DAYLIGHT,WET,ON SCENE,12/01/2023 11:57:00 AM,41.774694542,-87.742013301,POINT (-87.742013300808 41.774694541589),C,12,2023,11:57:00
5fefee04a5fb1d14daf995b3e5ba8de636fa711177da1601c1e4cb4c3184a5b5f60bdd11f7ec376e97adac7b495ae3531242d503cfd68447bfe3203e90c58d6f,2017-12-28 16:30:00,SNOW,DUSK,SNOW OR SLUSH,ON SCENE,12/28/2017 04:45:00 PM,41.805096802,-87.723355733,POINT (-87.723355733376 41.805096801839),C,12,2017,16:30:00
6015885cf9d4c93c847e3666e562aee8bf5d6bf16ade812b2ffcdedce86df61996add32aa46ba8802d927931036f62c19fd928bc1e55ecddeec1b1f771fc25e1,2018-01-04 09:00:00,CLEAR,DAYLIGHT,ICE,ON SCENE,01/04/2018 09:03:00 AM,41.903369609,-87.686889586,POINT (-87.68688958589 41.903369608569),C,1,2018,09:00:00
601bb2ea5e381eb8faa332a3c9658f6ce894d802fa42f54d6644e37ba3f523af61e6077affb128fb3b20433077357e9c855bcd443a4d4a5bc447b11316944324,2021-09-01 14:10:00,CLEAR,DAYLIGHT,DRY,ON SCENE,09/01/2021 02:11:00 PM,41.685480193,-87.618490111,POINT (-87.618490111038 41.685480193264),C,9,2021,14:10:00
6024555cedf454c0fc283ef935c35434467da7436170f7b3ea2dd11bee8b035091d36f2a98dde89447996dc46e6c6a613065f2c72911c467f44b69969c06a7a4,2020-03-16 10:38:00,CLEAR,DAYLIGHT,WET,ON SCENE,03/16/2020 11:09:00 AM,41.830783662,-87.635295783,POINT (-87.635295783045 41.830783662283),C,3,2020,10:38:00
60459c8a3cd1ee97a1dcbded5866a162af38fdcdb289cb7b5ac71cbe3e35f3808e273ec4fffd2bc3e1a045470d6feca48ace6093d5b17f49133eafa3796e993f,2022-09-08 13:45:00,CLEAR,DAYLIGHT,DRY,ON SCENE,09/08/2022 02:00:00 PM,41.944881074,-87.712805089,POINT (-87.712805088759 41.944881073845),C,9,2022,13:45:00
607877d27d088d202c1a2795ad876f9b9197cb2cdb755f55e7892154895b9d5cc35f34522e53bd02b1b228e8ddea5d755b919c45f91d2b5331e89c9a0c329642,2023-10-12 03:00:00,UNKNOWN,UNKNOWN,UNKNOWN,NOT ON SCENE (DESK REPORT),10/12/2023 02:30:00 PM,41.790538941,-87.647636265,POINT (-87.64763626527 41.790538940702),C,10,2023,03:00:00
609048c894232dbffca0ff4e00c7501fac813c1fdbd8ea3e7f86d8d379a354753aef6c6cf44ca4f068086bbf0692cd3b9c49760d686a5dcde7f6a3eff6c4e622,2024-06-14 08:12:00,CLEAR,DAYLIGHT,DRY,ON SCENE,06/14/2024 08:16:00 AM,41.816081214,-87.656213588,POINT (-87.656213587593 41.816081214443),C,6,2024,08:12:00
60a53505d548cae5b4d0e1028e69ecef2a4feede5dc9685c44d40d64aa61b9865059e8c29dcb29ea4583614ca93272a6a13ee9015138ad8bc6bc94a81201ddc7,2021-12-18 15:00:00,CLEAR,DAYLIGHT,DRY,ON SCENE,12/18/2021 03:05:00 PM,41.808542031,-87.723462317,POINT (-87.723462316578 41.808542030755),C,12,2021,15:00:00
60b6f86575a54e574a2c31dbf551177770e91bfc785a63874fa5be6924f85bc0b5b78d9b473ea111cc359b7f549ec9d921ce281d12c74af882816ad142e12685,2019-09-26 12:15:00,CLEAR,DAYLIGHT,DRY,ON SCENE,09/26/2019 12:20:00 PM,41.925144439,-87.712265836,POINT (-87.712265836068 41.925144439087),C,9,2019,12:15:00
60cff2b755550260e10d55b7226b8a72e478dbb8d62e174fa88d913d522f92b50f69b0bd7f88bd10c44c5f1a9f0c90602807b6eb387d85323570e10908afd55f,2022-02-12 01:50:00,SNOW,"DARKNESS, LIGHTED ROAD",UNKNOWN,ON SCENE,02/12/2022 02:12:00 AM,41.671798261,-87.540066234,POINT (-87.540066233709 41.671798260526),C,2,2022,01:50:00
60d297b7075ff3bbac47d58c79225e5090dfc80f4663cf2e754ce2e5a5f43d238420eede776c8d1d065d8ba793166d87991ddbd1155c032cbe2faaadb4ebe1c0,2023-10-20 15:32:00,CLEAR,DAYLIGHT,DRY,ON SCENE,10/20/2023 03:36:00 PM,41.92428626,-87.678007869,POINT (-87.678007869094 41.924286259954),C,10,2023,15:32:00
60e511508e40ea872c23e07ab72920a48154ceb996fa2786d510bb7ff19f0fdde91159ca74f397c923739039b8ffba3a749dac6c14ac3be3bc1e1588d71462f7,2018-03-07 16:08:00,CLEAR,DAYLIGHT,DRY,ON SCENE,03/07/2018 04:45:00 PM,41.948987377,-87.807284184,POINT (-87.807284183553 41.948987377046),C,3,2018,16:08:00
60ea6d0f1a24e249ed92f15f47d29bb7c660a884dc40ed5754ca9324ef45c9f8068cf12c5f85b411a934b22f9f7ed752be833c9b8f1e8590e5fe821f91498c4a,2019-12-11 14:00:00,CLEAR,DAYLIGHT,DRY,ON SCENE,12/11/2019 02:05:00 PM,41.791404722,-87.591741585,POINT (-87.591741584625 41.791404721837),C,12,2019,14:00:00
60ec4f6ec3f2b47c2f5a1806fd428d436d504a05033ef0dce89bc068916919af599b1b1b115649378ff09d29c6de2eeffdae76e01c0eb7bc23aa222ddfc74641,2024-07-03 17:42:00,CLEAR,DAYLIGHT,DRY,ON SCENE,07/03/2024 05:42:00 PM,41.74423723,-87.600286572,POINT (-87.600286572278 41.744237230365),C,7,2024,17:42:00
60ecb6060d44755a297447e1a99c87519a937e019f5f3a756d7f50f8f63b5eb37ef4dc8c692abb7a5b39e17b7e3e5aa56d7c49ff3bcd2055316ceb49a73f35ef,2018-10-10 14:15:00,RAIN,DAYLIGHT,WET,ON SCENE,10/10/2018 02:20:00 PM,41.80868691,-87.650276349,POINT (-87.650276349291 41.808686909847),C,10,2018,14:15:00
60f2e29200f08727c152e1e8250bfd66d3f4db1ee91abd5941d04daf3da5f56ee2c228c5980487fd251ce077b47e9474c762b8399d84b478f026924e1d1ebfcb,2020-12-25 10:34:00,CLEAR,DAYLIGHT,DRY,ON SCENE,12/25/2020 10:34:00 AM,41.761973593,-87.68424309,POINT (-87.684243089912 41.761973592646),C,12,2020,10:34:00
610d6f7b7d6a2cd4a51690e1f7984722983a21265ffd87c21738713b2b51d0227416ef8f5d5312489d94ee79a184cba03c6e928d3f3160a830a5a1b86ca0d25c,2024-07-24 11:28:00,CLEAR,DAYLIGHT,DRY,ON SCENE,07/24/2024 11:29:00 AM,41.988217875,-87.728720097,POINT (-87.72872009667 41.988217874886),C,7,2024,11:28:00
6115da729b3ff54a5d41c9ddd8b9e1e464ed7f42f2f59e2f29b6cb9c2c3fdcf34672fd0db9848d19ba9bcf49dee2e86a7ffc4d97769d3a03711eac2762cae6b8,2020-03-13 22:00:00,CLEAR,DARKNESS,DRY,NOT ON SCENE (DESK REPORT),03/18/2020 07:55:00 PM,41.976201139,-87.905309125,POINT (-87.905309125103 41.976201139024),C,3,2020,22:00:00
611b6c40972ccf4aba2310666b1856015975f256f6194fe294253e8b7f61f3d3b1de3006685c5c67a27662911490270a6b23b173dac495e15845c7e1d506e99f,2019-09-07 11:18:00,CLEAR,DAYLIGHT,DRY,ON SCENE,09/07/2019 11:36:00 AM,41.755794552,-87.658581983,POINT (-87.658581982712 41.755794552089),C,9,2019,11:18:00
613100e2976280b200d518c2448d94a4ab37261f2a9b667db673800e9dfbb8b91a4d68b52b3f08b84e1fbfb064e125644707a5ec7f258c513bd3349b0ae42a49,2023-09-13 18:00:00,CLEAR,DAYLIGHT,DRY,ON SCENE,09/13/2023 06:20:00 PM,41.72223496,-87.58461147,POINT (-87.584611469545 41.722234960447),C,9,2023,18:00:00
613636c80b429d2bcb6e021cd0479c72c81f99edc661162e335fbba92240f93fa998db565cbf4a7e050cda5c98ae7e8937a4af5de24369419e46355a1de051b8,2018-04-27 11:00:00,CLEAR,DAYLIGHT,DRY,ON SCENE,04/27/2018 11:10:00 AM,41.808164037,-87.661455019,POINT (-87.661455018598 41.808164037215),C,4,2018,11:00:00
6136f0f4a145df972daf0e2d6cb1e7138cfd334e44826c4e7df9708048917ea9ceb7911e7e944c9e84223abf6b2be90501ec4e4780bdbc046e975ba853310b9c,2024-04-14 09:30:00,CLEAR,DAYLIGHT,DRY,NOT ON SCENE (DESK REPORT),04/14/2024 09:45:00 AM,41.85010031,-87.685914295,POINT (-87.685914294757 41.850100309813),C,4,2024,09:30:00
61384e15eeab3dc36c9cf06bc01b50a0b4ea32dd691d6841542a27b2e7e905b5df088dd77d06d8f1c3b3456e46e922ed0815f5784e2b459b8af0b18d91cff543,2023-04-29 22:20:00,UNKNOWN,UNKNOWN,UNKNOWN,NOT ON SCENE (DESK REPORT),04/29/2023 10:30:00 PM,41.681055836,-87.538250676,POINT (-87.538250676397 41.681055835937),C,4,2023,22:20:00
6176ed0f2b555db91592e46184fc1258d2b370d87a7d66540b831efc7189adeec84f5e982d29ee8cd76c6291804a25b9f09789793409e9d9faff9a6c982f27fb,2022-06-07 17:15:00,CLEAR,DAYLIGHT,DRY,ON SCENE,06/07/2022 05:16:00 PM,41.792316025,-87.664601497,POINT (-87.664601496681 41.792316025211),C,6,2022,17:15:00
618bf211753330c0a4616d8a7c51603819d493022db78d0de8b3a8d4c1a638e5870c79030254f3dee50151133e1916aba5f4dfae5d20829a10c048e2235e30b3,2022-05-26 09:10:00,CLEAR,DAYLIGHT,DRY,ON SCENE,05/26/2022 09:22:00 AM,41.854116956,-87.6299841,POINT (-87.629984099626 41.854116956037),C,5,2022,09:10:00