CRASH_RECORD_ID,CRASH_DATE,WEATHER_CONDITION,LIGHTING_CONDITION,ROADWAY_SURFACE_COND,REPORT_TYPE,DATE_POLICE_NOTIFIED,LATITUDE,LONGITUDE,LOCATION,CRASH_TYPE,CRASH_MONTH,CRASH_YEAR,CRASH_TIME
61a795c74bb5bdeb48b3788d4de0dfd95d566b8c2a1f791cfdbcd09248166c1b76a5f8b3fb061f86132bb5b15ec63da5f4f861e4b6ca7ddad21ffd25cb92b371,2019-05-03 07:25:00,CLEAR,DAYLIGHT,DRY,NOT ON SCENE (DESK REPORT),05/03/2019 08:25:00 AM,41.902801954,-87.67983683,POINT (-87.679836829756 41.902801953786),C,5,2019,07:25:00
61e2432bb612cce693a3d86184db80920585da1a578350d9869640492c2a0ee087a44dd0ca9dbd4e0250f7ab53d326dcc726a207964a7dbc52086113c49b9685,2023-06-20 23:34:00,CLEAR,"DARKNESS, LIGHTED ROAD",DRY,ON SCENE,06/20/2023 11:34:00 PM,41.997639559,-87.68872054,POINT (-87.688720539875 41.997639558745),C,6,2023,23:34:00
620eddb032c26e7d90c5311641a77d31b54e8ad7f0005b3226a517975293445a4add85e2cf3c5879573bc771741198166dcda9531c619c86693cc75022d1e66e,2023-09-15 23:30:00,CLEAR,DUSK,DRY,NOT ON SCENE (DESK REPORT),09/16/2023 11:55:00 PM,41.884416172,-87.653214847,POINT (-87.653214846931 41.884416171921),C,9,2023,23:30:00
6220f4e8e3e4862a735f52c9c463322d2e8288938ce32dcbdfc0b3e5d7e45df5930d5816887aae7a79f3425fcf37f63be9420d5595c08c225fc9dc25bb13712a,2020-02-17 11:20:00,CLEAR,DAYLIGHT,DRY,ON SCENE,02/17/2020 11:30:00 AM,41.86605599,-87.644931325,POINT (-87.644931325381 41.866055989724),C,2,2020,11:20:00
622755521fbcffff0b592744362ab15425fcb28a79e32454c0b7d22b444aa5af7faaa9c10ac6fbc10aed45140d0a3fc7247831055fc6fab7da91e9344d18447d,2022-05-26 17:00:00,UNKNOWN,DAYLIGHT,UNKNOWN,NOT ON SCENE (DESK REPORT),05/26/2022 06:25:00 PM,41.809735038,-87.59831556,POINT (-87.59831555985 41.809735038379),C,5,2022,17:00:00
622f0e95233342d3140b36ff7f410af63ed95ede0198d3d08d721744648a4bb6bb05795b13523491726936591995ec35fd03c33e17db064ea59ad24e20d8e58b,2024-08-09 12:00:00,CLEAR,DAYLIGHT,DRY,ON SCENE,08/09/2024 12:13:00 PM,41.778104438,-87.706336817,POINT (-87.706336817439 41.778104437629),C,8,2024,12:00:00
62376be5cd056398979b1a931db663b50d29d8f145182dfc42f706220647041e83d136c7ef69a4a5464654e2782f25749646fc8f926c928286f02dd792c9ec0b,2016-12-15 16:37:00,CLEAR,DAYLIGHT,DRY,NOT ON SCENE (DESK REPORT),12/15/2016 05:50:00 PM,41.775946062,-87.649692727,POINT (-87.649692726716 41.775946061555),C,12,2016,16:37:00
623a501bebaac4d4cfd7cd4259f13b9095ecdbf378cafeee90cc967e239c7e9db7eac3dd9b478783576691183482e266851c99ef6a3b300196935c239ddb61f3,2019-03-01 11:24:00,CLEAR,DAYLIGHT,ICE,ON SCENE,03/01/2019 11:30:00 AM,41.725799607,-87.605633831,POINT (-87.605633831313 41.72579960741),C,3,2019,11:24:00
623d48e1e6b6bb6a25acc1448e3da01fe0140c49c88962eb08498b2aa296f33f80260d396bba4e9814c687bf0bc1af581e4945a4a934f5afe8ef0e513b9efc2d,2019-07-01 09:35:00,CLEAR,DAYLIGHT,DRY,ON SCENE,07/01/2019 09:50:00 AM,41.76082334,-87.69184832,POINT (-87.691848319505 41.760823340315),C,7,2019,09:35:00
624ddee4398a6787137a88d5a290322bd609c7c9ad8041af3c19c01845ae87e9b98b5b2b433d4af5c0f53546e4d8ea5e6ff87a5c1710f740862ae8d29d5c3811,2023-08-13 04:28:00,CLEAR,DAWN,DRY,ON SCENE,08/13/2023 04:28:00 AM,41.895627643,-87.757922011,POINT (-87.757922011324 41.895627643133),C,8,2023,04:28:00
625102c43f264b744957ab7e8046550295d2f58fc0539e043ddc629cf6660fa1b49189831724fcc53badaacab040f5daee84060aea24d0314edbc53f9172661c,2019-07-08 06:45:00,CLEAR,DAYLIGHT,DRY,ON SCENE,07/08/2019 06:50:00 AM,41.646281952,-87.616436254,POINT (-87.616436253927 41.646281951812),C,7,2019,06:45:00
6260d75d20c5d6deaf2af13846c783a1feb37fe1eaffed9d26fabfcd1d228fc5d51840aaf82fc211ba9de40a11ce8ff35fc91f3f40fa2926f8a9a976806a8681,2023-07-14 22:49:00,RAIN,"DARKNESS, LIGHTED ROAD",WET,ON SCENE,07/14/2023 10:49:00 PM,41.977838745,-87.672977264,POINT (-87.672977263661 41.97783874535),C,7,2023,22:49:00
6277d05b95b23437b88ebba6041155a9973dcc1e87ef9970855af70ec15e50f48e55b5defee722bd19cddc66025ed50a5bc48387a8c2bb688600a715d4865c1f,2022-02-24 15:33:00,SNOW,DAYLIGHT,DRY,ON SCENE,02/24/2022 03:45:00 PM,41.791602988,-87.592003157,POINT (-87.592003156788 41.791602988233),C,2,2022,15:33:00
62a445325e25f532e12ff9d47f57ea3f1b73635c75012139b5aa471043d6b1465bc0bb05a45d1ea8d20aca0e3f1e5183a994ff74eb74d7d0290bb989e02c72b2,2021-03-25 14:41:00,CLEAR,DAYLIGHT,DRY,ON SCENE,03/25/2021 03:22:00 PM,41.853118149,-87.618622047,POINT (-87.618622047417 41.853118148982),C,3,2021,14:41:00
62a72b43e7775ae3e55b6630a28c19e4a1b17c8b7c15c2dabcc601a6de44fa537cbc91b3b4d4fa267afcb0ef36b676536ad65c106fe540d13a587a087ac206f1,2023-11-09 11:59:00,CLEAR,DAYLIGHT,DRY,ON SCENE,11/09/2023 12:11:00 PM,41.838799589,-87.713355557,POINT (-87.713355556914 41.838799588751),C,11,2023,11:59:00
62d03e7082309b4759c0d7c41a965df5f5b10af2b2f08f551a60985896fde031934e1484b0de6f190361eb7a2c50cbc0d9f9ef974afbc10a4a168e53bc206b0d,2018-02-27 17:25:00,CLEAR,DAWN,DRY,NOT ON SCENE (DESK REPORT),02/27/2018 05:37:00 PM,41.786155308,-87.703493141,POINT (-87.703493140571 41.786155307863),C,2,2018,17:25:00
62d5a36ab3092887c274d0fc4d12b0908018b4224d9a6c1a8fd6d016cd6df89215004d5dd38e78e7d449eebe673f64b9e51c3715708c515e8b9c911aeefdb03f,2017-05-05 15:02:00,CLEAR,DAYLIGHT,DRY,ON SCENE,05/05/2017 03:02:00 PM,41.894998776,-87.760798052,POINT (-87.760798052427 41.894998775791),C,5,2017,15:02:00
62eafa29be2cadc3dfc38da2e1079e3a0d85d51b1fcb963d57aa5d465d3559c2f8c23c7d7313d351845e13360801d6127c59651c968d68767dd4838223b6a396,2019-08-14 15:50:00,RAIN,DAYLIGHT,WET,ON SCENE,08/14/2019 03:54:00 PM,41.771324421,-87.736174026,POINT (-87.736174026344 41.771324421366),C,8,2019,15:50:00
62f9de06dc0093448751866dbcbcae2a1007275d2b9d591b95ab327a0816b456d17cc52a122f8fc069b15144fd93665ca26ad8bc691a6445e3b48a6bd563b17d,2021-05-12 20:15:00,CLEAR,DARKNESS,DRY,NOT ON SCENE (DESK REPORT),05/12/2021 08:35:00 PM,41.730741396,-87.643612278,POINT (-87.643612277572 41.730741396308),C,5,2021,20:15:00
630344ecbe9879499f9dde275203c65955542e6f2e5a31357d8f2091e377743e31b81fcfca25531b7ebfaf266f9588a365a7a0b1dc3eb36904682a5a6b06b977,2022-05-18 07:45:00,CLEAR,DAYLIGHT,DRY,NOT ON SCENE (DESK REPORT),05/18/2022 06:25:00 PM,41.837583715,-87.675297065,POINT (-87.675297065207 41.837583715003),C,5,2022,07:45:00
6317ef260fcbcfdd9e858ad54d730969d779c4cd867c61ebef4c7d19b266c69823281279b789075ca5d335056f86e91095499832eb346a6ca2660dad90234dbb,2018-08-12 18:00:00,CLEAR,DAYLIGHT,DRY,ON SCENE,08/12/2018 07:15:00 PM,41.762344099,-87.581905852,POINT (-87.581905851988 41.762344098532),C,8,2018,18:00:00
6327bccbf4bc1e0bcfb426a94ed32f738f8d64ce5dd55db1f06dd739c162a2f5e518993c6b5e61d890c56902b5c67cd010e243c0b2688633ebfcab13c5262982,2018-05-22 15:45:00,CLEAR,DAYLIGHT,DRY,ON SCENE,05/22/2018 04:01:00 PM,41.876045603,-87.744229665,POINT (-87.744229665395 41.876045603229),C,5,2018,15:45:00
63310cd867857870a0626e70318cf3abe429e07a6faa4b20994ada2400c1ac8de5812a56ea63b3e6ecfbd4518e6b406944ea7061e718149ae1ca6c4f173f8106,2022-01-10 10:00:00,CLEAR,UNKNOWN,ICE,ON SCENE,01/10/2022 01:00:00 PM,41.977534238,-87.840651419,POINT (-87.840651418535 41.977534237832),C,1,2022,10:00:00
6346bb371a7578badb0a5204f5c7a849ddbfbe3ec276ceb6d3dbf66e124cba9f339c10e70109a24d1ad10d3832e022bb768d701dd655861752bdde76177b7f75,2021-06-26 19:28:00,RAIN,DUSK,DRY,NOT ON SCENE (DESK REPORT),06/26/2021 08:56:00 PM,41.792164368,-87.708568154,POINT (-87.708568154132 41.792164368177),C,6,2021,19:28:00
637e779a83b3d83a433894bb08bd1628a3254a6a23378dfc4d02ff1bbd1e5e8d0dcdbf27523b5894775f0d712b773d0de91bfbc5f9264eed042820f46a0ccdab,2023-02-05 11:15:00,CLEAR,DAYLIGHT,DRY,ON SCENE,02/05/2023 11:30:00 AM,41.779115297,-87.683724004,POINT (-87.68372400386 41.779115297212),C,2,2023,11:15:00
6389fb06781959fb32cfe4b64fee559158a54ddf5761281e06d72f7dcfa78c676c9fc44b8b4d441e4b55a2ee4c54ee903827ce81c31b0f60402424fdbaed1a6c,2022-12-27 11:40:00,SNOW,DAYLIGHT,SNOW OR SLUSH,ON SCENE,12/27/2022 11:44:00 AM,41.771838807,-87.567142977,POINT (-87.567142977156 41.771838807482),C,12,2022,11:40:00
6393056387660807e40ce1536a25ff5cb7d8d07c88eca98405bb25f141b84e50dfedb5e141c894a354054f8ba6ba59cf26f47bc9cd39c8281437125517430d58,2022-11-16 15:00:00,CLEAR,DAYLIGHT,UNKNOWN,NOT ON SCENE (DESK REPORT),11/16/2022 05:30:00 PM,41.772634626,-87.62527215,POINT (-87.62527215003 41.77263462564),C,11,2022,15:00:00
639649517a1a7b2b8b666b6c419e03861975e3b5228163a973f7aad1ff32e5494e8d223a007032e4e109d6df34a6a98aaed0cdebb5ef5cb197414c236c8e5aa5,2020-03-11 10:30:00,CLEAR,DAYLIGHT,DRY,ON SCENE,03/11/2020 10:32:00 AM,41.884586267,-87.631010446,POINT (-87.631010445886 41.884586267155),C,3,2020,10:30:00
6399e72cd125619e86257fa643b2d89a3e5be89f265c5b390c31635a378e3bde1538cda411a1df3a4c67034d64bf937ac332c32395d39d4debb3633b99cc6227,2023-06-16 15:40:00,CLEAR,DAYLIGHT,DRY,ON SCENE,06/16/2023 03:46:00 PM,41.982631847,-87.765762617,POINT (-87.765762617428 41.982631847284),C,6,2023,15:40:00
639ee3fee03d1ef418600fbc110bc6fa7f80fc7645a64cd8f80c930953e2a32ca6a604e2587a98ed20ceab6ea25825b75f0b9062c6081dd6bbf7f5d1265c90ee,2023-06-03 18:25:00,CLEAR,DAWN,DRY,ON SCENE,06/03/2023 06:29:00 PM,41.775165686,-87.595999766,POINT (-87.595999765505 41.775165686276),C,6,2023,18:25:00
63acff08c2f453fc86a0ed337b30e91eb75d90c27998f0b7c8410bba672f821eb3fcd61da6c94c79c0146212dfb2d1ce8278ad1c63bc7da8b55b1afa1ca44d0e,2018-01-02 18:00:00,CLEAR,DARKNESS,DRY,ON SCENE,01/03/2018 10:00:00 AM,41.900223798,-87.71539896,POINT (-87.715398960499 41.900223798083),C,1,2018,18:00:00
63ddd4517f276127f24c118694c139388cfca49702f64b1d2b22ed27538503dad8b8ee0b0f7938a75644bdb9b27d80660cf295aa4d6d76684ff668ca3bd0203b,2023-08-29 15:30:00,CLEAR,DAYLIGHT,DRY,ON SCENE,08/29/2023 03:31:00 PM,41.946151984,-87.736320178,POINT (-87.736320177767 41.946151984068),C,8,2023,15:30:00
63ef3272e8d88e1771a6d7c657e8d21322a24d1cd3db2d9d3301a0bc130d069cde180063e7c3ab62c6a0db54df34264eb18731daf4614456bac1c0ba084177cf,2020-05-06 06:35:00,CLEAR,DAYLIGHT,DRY,ON SCENE,05/06/2020 08:05:00 AM,41.85472482,-87.720941222,POINT (-87.720941222278 41.854724819979),C,5,2020,06:35:00
6400139391acb9a47800ceb108183e2381392af3243cfe9f0e6ea7ed7671d520361fb66c0a2d44a3e46cbb0435f0451772ac7f356b34a0f8f1318f8672a09daa,2019-11-02 00:19:00,OTHER,"DARKNESS, LIGHTED ROAD",DRY,ON SCENE,11/02/2019 12:19:00 AM,41.735810344,-87.634939019,POINT (-87.634939019115 41.73581034435),C,11,2019,00:19:00
6416be0d280a323acf8d2595d77fe54b3f6a5ee6cc23041c0dea0b0206539e56c6bc0b95afe522bb574f0dc80afdd2ad8199341dc99427aaf9be6145f81fb442,2020-05-01 09:50:00,CLEAR,DAYLIGHT,DRY,ON SCENE,05/01/2020 09:52:00 AM,41.77153538,-87.576591983,POINT (-87.576591982646 41.77153537983),C,5,2020,09:50:00
6425f9a5690d651c3c06ba508437bf8a7532e772fd69ceff5b26d1afe1196c673790e5c8cd60b9b16091cb8f7eda373323f473c2f0151c30d89e581c7f5ba904,2019-06-14 11:30:00,CLEAR,DAYLIGHT,DRY,ON SCENE,06/14/2019 11:42:00 AM,41.878155377,-87.639499956,POINT (-87.639499956282 41.878155377048),C,6,2019,11:30:00
64303d31b4c1fa19a02c2957857efa8f7854e6d39730a3b9198af8cdfe2906158fb98f4db025428917520bc42617704da6c586da8b5895c06ea33f916c71f6c8,2023-10-10 04:44:00,CLEAR,UNKNOWN,DRY,ON SCENE,10/10/2023 04:44:00 AM,41.885257194,-87.633769796,POINT (-87.633769796011 41.885257194054),C,10,2023,04:44:00
64487caf174c8d74676483b84279eb6770b74084add11aeb623e9ceb4f293f66c482cc263477cfe4b4793c03493dc3387f7d4fda28683d78f4023617859a29b8,2020-09-17 08:00:00,CLEAR,DAYLIGHT,DRY,ON SCENE,09/17/2020 08:16:00 AM,41.943261404,-87.719822558,POINT (-87.719822558153 41.943261404276),C,9,2020,08:00:00
64604fd4fb993704c131d7c1379656f9cdb4931b4d0c05dc75af3b71a775e0765e5000a344c701bb994f660699c49ad666e6386acbbbaccb51af5b68e0dfa21b,2024-02-29 10:35:00,CLEAR,DAYLIGHT,DRY,ON SCENE,02/29/2024 12:15:00 PM,41.893996942,-87.642296026,POINT (-87.642296026108 41.893996942404),C,2,2024,10:35:00
64621b0d988c746eab288f4fff1f3e6e2a86c8836bbfd17ab8c08ed2f734badba0b7aaaa54ac106c4326811027bd140ec78236b85b02188c0b6a1d1f7661cf52,2019-03-31 19:00:00,CLEAR,UNKNOWN,DRY,ON SCENE,04/01/2019 10:00:00 AM,41.766904926,-87.577402455,POINT (-87.577402454836 41.766904925964),C,3,2019,19:00:00
649601f263c3917dfe653ed755fe9e979124bc04c67d8202195b637d218385114eca70a304ecc99e0fdc074ae79c90f0333cb99034a5c0f38b564083612401ea,2020-10-13 22:10:00,CLEAR,DARKNESS,DRY,NOT ON SCENE (DESK REPORT),10/15/2020 08:43:00 PM,41.777749166,-87.78377295,POINT (-87.78377295031 41.777749166346),C,10,2020,22:10:00
64c5e96629fcb5e6eaa0530e864769030214978e86f5209a73927c6c468d55a43f63441503647cca5481d877a46a789a75d65a381ece98a6acacb2a33c733a7a,2022-06-14 17:30:00,CLEAR,DAYLIGHT,DRY,NOT ON SCENE (DESK REPORT),06/14/2022 05:55:00 PM,41.77672514,-87.778207267,POINT (-87.778207267246 41.776725139919),C,6,2022,17:30:00
6538521032d73f579eb3df675d53e8028f3231eecd9418c383afdb94b03df9f934cc8f805ead5a1144bc08e79ba2b2326ea8ef7546058639e7fa7f25f8d71611,2020-07-30 11:16:00,CLEAR,DAYLIGHT,DRY,ON SCENE,07/30/2020 11:16:00 AM,41.876496296,-87.764576473,POINT (-87.764576472777 41.876496295825),C,7,2020,11:16:00
654a3a6fecdb47d336c57de5f5a1bec29dad475b6d6af75164a00e2d513c51551a6512c257ededa3278ff8bc9c00bec3e8139c45bb2e427cc62296ad85b92d69,2022-12-20 17:30:00,CLEAR,DARKNESS,DRY,ON SCENE,12/20/2022 07:11:00 PM,41.707056187,-87.640553081,POINT (-87.640553081473 41.707056186524),C,12,2022,17:30:00
65774d477a3c2b72ee57f9cd5ae64d2763857c6035f773d1f773d061a760d6edf7b2cfd1903a1054412a425d7e76fbfd927c535a882f4bb6da7ce6d5bd9516f0,2022-07-21 13:07:00,CLEAR,DAYLIGHT,DRY,ON SCENE,07/21/2022 01:20:00 PM,41.963908937,-87.638636248,POINT (-87.6386362484 41.963908937342),C,7,2022,13:07:00
658871c8c3cc8b96d72f8263d0cf70d7857cbd2768c76f8698107ba6dfd1e05632de14f1d6f1dac516f52c3fdce23ae868ec51456e73d7a1ff12926723a38416,2022-08-01 09:04:00,CLEAR,DAYLIGHT,DRY,ON SCENE,08/01/2022 09:43:00 AM,41.882806227,-87.629281496,POINT (-87.629281495683 41.882806226618),C,8,2022,09:04:00
65c01da9d4fb5760508cbf93faf3a79ebc84f25e8b97abe281f8b8a9470a829221eacd326c1487b9ad015d5bf9ed65e994993b94c4d840bcb057c097151ed9eb,2023-10-04 14:20:00,UNKNOWN,UNKNOWN,UNKNOWN,NOT ON SCENE (DESK REPORT),10/04/2023 02:35:00 PM,41.964369294,-87.756253587,POINT (-87.756253586514 41.964369293687),C,10,2023,14:20:00
65eff9b81de4f044b1ec298f813eb965407d0317f125098453f6c65b2de6a110345b0a74bdc4cf8fb92c648d2f0b054683c5ca6661f6ac0055d14c5176857085,2019-06-12 16:24:00,CLOUDY/OVERCAST,DAYLIGHT,WET,ON SCENE,06/12/2019 04:24:00 PM,41.83971681,-87.730361343,POINT (-87.730361342822 41.839716809595),C,6,2019,16:24:00
65f3dce487b43f82e4859a0bb530e063aab523a810d4667133fe1514cc0a8fa3066cfe698d1bbe195a62d6a07dec6889196824c77ae41da259925638018f4902,2024-07-11 08:00:00,CLEAR,DAYLIGHT,DRY,ON SCENE,07/11/2024 08:13:00 AM,41.891274315,-87.73738778,POINT (-87.737387780481 41.891274314528),C,7,2024,08:00:00
66013a10151bb38342a0ea34e0b0a734c133e040338a849c30594e0f39dc36593abefbc60ae17e7f64d48b7dba120246a99a1be861682364d186eb5fdb8054fb,2021-08-13 17:42:00,CLEAR,DAYLIGHT,DRY,ON SCENE,08/13/2021 06:12:00 PM,41.75100395,-87.615036556,POINT (-87.615036555789 41.751003950246),C,8,2021,17:42:00
661380dbbc9fb1c8342fabb27342a67374d4ec4858402c060169ecebb6eb686014d6321e53e98ff76ae684e6874f9f8b8cea58d6c2d170c3fd83b3974f3de283,2020-03-26 11:16:00,CLEAR,DAYLIGHT,DRY,ON SCENE,03/26/2020 11:20:00 AM,41.775140858,-87.586441972,POINT (-87.586441971694 41.775140857742),C,3,2020,11:16:00
661c0e5826d9d9e2c311390095e294a5e7f766317e733194bfbdcda195cfc3e43726aa23bc3cff0b348ced9d7f9d6299a907b3259685e02499fc8f7d806ca7e9,2022-11-15 16:40:00,UNKNOWN,UNKNOWN,UNKNOWN,NOT ON SCENE (DESK REPORT),11/15/2022 05:50:00 PM,41.779795144,-87.635365896,POINT (-87.635365896383 41.779795144159),C,11,2022,16:40:00
662678f2559a38d9530749528beeda9fe24f046568a4243e1d1f44a3eae31aaf16b15082261e7e7d99eb0a5731ff249a55667c6247958db023748c02fddea2c3,2020-07-06 14:23:00,CLEAR,DAYLIGHT,DRY,ON SCENE,07/06/2020 02:30:00 PM,41.758727998,-87.741535662,POINT (-87.741535662317 41.75872799769),C,7,2020,14:23:00
6627e8e257d4a0134f635c9f7d1830d2fde27707559a03f95d52800214c5983a5f1561956e3b56ec109d413d4a5670dd6a73f5757abc52f7bef0a2500ed63225,2018-07-19 17:00:00,CLEAR,DAYLIGHT,DRY,ON SCENE,07/19/2018 05:40:00 PM,41.895569068,-87.716468505,POINT (-87.716468504622 41.895569067671),C,7,2018,17:00:00
663b3da9e3ca71ec0133fc7b01924cfd7886abab14026eaec046ce2e733e3aaccb6d8aa49eeae73fc2d827b5c04aa6303b4bff5109b9fe5f0d50e87b9b386880,2024-08-23 12:25:00,CLEAR,DAYLIGHT,DRY,ON SCENE,08/23/2024 12:36:00 PM,41.948992567,-87.806990187,POINT (-87.806990187119 41.94899256714),C,8,2024,12:25:00
664337d018d68d13e3c70c7120b03255aa83d87f93b1c3e92b2d34d4cfb23b2ef5e9ebe25b2d72bd256f00540bd6a97772fcd9e8ed6d6d97c5275098e701a229,2022-08-31 05:17:00,CLEAR,DARKNESS,DRY,ON SCENE,08/31/2022 05:17:00 AM,41.737094291,-87.644930527,POINT (-87.644930527307 41.73709429076),C,8,2022,05:17:00
66476f50b1b1091edbdd5a501594e9b3451f7cc3362c0676adc5d4b90bea620d847a8b364f47e2e06221b5517258de402304eb191d282f0314a4182bdd160107,2023-08-29 07:35:00,CLEAR,DAYLIGHT,DRY,NOT ON SCENE (DESK REPORT),08/29/2023 04:24:00 PM,41.95078291,-87.727562613,POINT (-87.727562613328 41.950782909601),C,8,2023,07:35:00
664b5c8520673af1a377660e45e331c1f707f9755e8ad2a527bea28223c97d158f441246d651fa193305d538b7ac264174deefd99c919f71a89907c17bf0a30d,2019-12-18 13:00:00,CLEAR,DAYLIGHT,UNKNOWN,ON SCENE,12/18/2019 01:55:00 PM,41.902205904,-87.634986698,POINT (-87.634986698105 41.902205903547),C,12,2019,13:00:00
666ea806c35c3fcacef7ec6c23c8b2a7bed9704d7174bbd7e11e47f55699b26d92c893a850289b4de2fcfdb0d9564089f2f919bb50e2162300b873943691c73d,2022-12-14 18:57:00,RAIN,DARKNESS,WET,ON SCENE,12/14/2022 06:57:00 PM,41.888526714,-87.631191374,POINT (-87.631191374354 41.888526713886),C,12,2022,18:57:00
66c4984df934df5b0cdb40ea2a7ed797e58d062bb938601e26e7b3b4143473f4457749f931861e9a8a48e411a38be2e7642f19b4436b403e7713d680c6044390,2021-12-20 16:10:00,CLEAR,"DARKNESS, LIGHTED ROAD",DRY,ON SCENE,12/20/2021 04:10:00 PM,41.952042407,-87.807094743,POINT (-87.807094742545 41.952042407433),C,12,2021,16:10:00
66c8677e1ced0c20fcb95c75711aeac2be716c5b336cff1a97503b590433804b93fac717e73780adebd504adb021674bfcd84ffb799b945689c2e951b0e177dc,2024-08-07 08:55:00,CLEAR,DAYLIGHT,DRY,NOT ON SCENE (DESK REPORT),08/07/2024 09:30:00 AM,41.809615926,-87.608484736,POINT (-87.608484736448 41.809615926101),C,8,2024,08:55:00
66f22f6791206410a07069f382ebb39ae6c7d3c1234c81ab175baf0ab26e988184a50f3f385ae0888df8c1691a89fdf9456fcc67c7f66e1e704e37c105b42fe5,2020-09-21 08:05:00,CLEAR,DAYLIGHT,DRY,ON SCENE,09/21/2020 09:05:00 AM,41.937590705,-87.73612624,POINT (-87.736126240338 41.937590705397),C,9,2020,08:05:00
671d0c4a9a4400d2166e3a5ae8f5e06884f1b484ce5076e62e226416a34a79cd2908bb8c5d8818f638195c19c08498ad8d0665a128a4883d3c41c1f9890b0386,2020-05-13 14:00:00,CLEAR,DAYLIGHT,UNKNOWN,NOT ON SCENE (DESK REPORT),05/14/2020 12:10:00 PM,41.736795458,-87.586272509,POINT (-87.586272509131 41.736795457643),C,5,2020,14:00:00
672e2d41032cecba0a006d526945fa2e969c3dc4ea22311c54d3ff8e4586a382e1ef211bf8c7e105d67c596226d663644666c2b6d24191b094e928aa3aac9ded,2024-04-03 09:35:00,RAIN,DAYLIGHT,WET,ON SCENE,04/03/2024 10:02:00 AM,41.997501479,-87.784032046,POINT (-87.78403204585 41.997501479314),C,4,2024,09:35:00
6735ce2ca02963322f0c7803578a32e07bf99b71dcd5157bf219920b811eaa3b8e8a7ac3d6e0fba01e536a510523fbae193778d3d8f112f8c6de2027d115fe62,2018-02-19 09:45:00,RAIN,DAYLIGHT,WET,ON SCENE,02/19/2018 09:50:00 AM,41.7135479,-87.559647471,POINT (-87.559647470504 41.713547900261),C,2,2018,09:45:00
673bef4446c1a601ded803a9c149bdc0bc8717ca8332c44bd5e1167f0a03a157ec77ca2a470d93bf46119cb06862dfd0eee58736f42e6149224dac8497d843d2,2023-03-17 05:05:00,RAIN,DUSK,WET,ON SCENE,03/17/2023 05:17:00 AM,41.976201139,-87.905309125,POINT (-87.905309125103 41.976201139024),C,3,2023,05:05:00
6747dfa980b99fd6984905b765e9508500813ea22af24b79233584f3622266f57a09eb61861cf98ca81e929159734beb9e988807a99b366a4b17b61a8a33f4a4,2019-02-22 23:25:00,CLEAR,DARKNESS,DRY,ON SCENE,02/22/2019 11:30:00 PM,41.946315036,-87.723493943,POINT (-87.723493943071 41.946315035836),C,2,2019,23:25:00
6755563c5495aa4a3a2270951d820fd3152f2c0640c45cfebb27b429538f0248d1ca1a81281dfeddb2b1a318dc5ca2664fa151c9cafa1303e98da99f9e4de882,2023-10-09 17:08:00,CLEAR,DAYLIGHT,UNKNOWN,ON SCENE,10/09/2023 05:12:00 PM,41.722591468,-87.574290979,POINT (-87.574290978926 41.722591468011),C,10,2023,17:08:00
6758a4da791be1c658a9ef72665191d265cc06d34d5e2beae1ab7a79c0f415233bcfa1a7f0cbd4b42f258fc14221f7ba1cac81f35956cacd06e5e8360db29682,2022-06-12 02:00:00,UNKNOWN,DARKNESS,UNKNOWN,ON SCENE,06/12/2022 09:00:00 AM,41.800393719,-87.752595234,POINT (-87.752595233666 41.800393718745),C,6,2022,02:00:00
6763a02a30d5e827b719701032a19a8a8997fe14c8cc07aa657bb6d7c69039376117930bd2dac89ffebd85fcc3e89b2e0c67931548e3c85d5c77cdee1c6f9b5f,2019-04-14 23:00:00,SNOW,UNKNOWN,WET,ON SCENE,04/15/2019 11:53:00 AM,41.743977099,-87.565971848,POINT (-87.565971847824 41.743977099112),C,4,2019,23:00:00
6796b50207da0a2de2bc66971a737c21d6f47cb3d5ed161b470d034f727c1637087dda0749ae54a514f6de98f110b378f14a8518e83da967c2e5c9b5c7fd2e09,2022-02-28 17:37:00,CLEAR,DAYLIGHT,DRY,ON SCENE,02/28/2022 05:37:00 PM,41.964908163,-87.688939911,POINT (-87.688939910998 41.964908163223),C,2,2022,17:37:00
67c20d11be54c7ae2e3a4f0331739892665787e412a593e693210f520ed0b2f25343f3c0e64170274b84f6d1ddaff19353c4f6856d683c0fe218b3a856fe3a22,2020-12-23 09:45:00,CLOUDY/OVERCAST,DAYLIGHT,DRY,ON SCENE,12/23/2020 09:57:00 AM,41.792679159,-87.790514541,POINT (-87.790514540977 41.79267915936),C,12,2020,09:45:00
67cffa6edc5235b1bc2f0df258b5dd4efe79d7b43065bce8e188c1ba7c514cd314beb9f101d70c3e2ac4fac270379eeac8d799a63959ac1ccae39d25c6030dc5,2017-07-03 19:28:00,CLEAR,DAYLIGHT,DRY,NOT ON SCENE (DESK REPORT),07/03/2017 07:40:00 PM,41.839206832,-87.646453546,POINT (-87.646453545641 41.839206832287),C,7,2017,19:28:00
67d4f23a61b6b7e0e353b919479b986573c3b78b01af214b8a155c284da8806d9f1c6729aa6e2dcea962b077a08b18e9943ef59937e802089337c0e1ea2ee268,2022-07-22 13:40:00,CLEAR,DAYLIGHT,DRY,ON SCENE,07/22/2022 02:56:00 PM,41.99897954,-87.814107335,POINT (-87.814107334616 41.998979539526),C,7,2022,13:40:00