CRASH_RECORD_ID,CRASH_DATE,WEATHER_CONDITION,LIGHTING_CONDITION,ROADWAY_SURFACE_COND,REPORT_TYPE,DATE_POLICE_NOTIFIED,LATITUDE,LONGITUDE,LOCATION,CRASH_TYPE,CRASH_MONTH,CRASH_YEAR,CRASH_TIME
67e1a6d7620d436e63004d271b69f6d358c02221cecc5fcdef98b8da4b1cdc28c41687c5a2f4d52821a936ef9da8a21b55fccada1faee0d839c1e38891f564ea,2017-06-03 17:13:00,CLEAR,DAYLIGHT,DRY,NOT ON SCENE (DESK REPORT),06/04/2017 01:45:00 PM,41.930905699,-87.806351305,POINT (-87.806351304739 41.930905698546),C,6,2017,17:13:00
67efd74c50532559ff8fb6204a8fac670851782fa92c8bf8f5b9e7b4ac6f497b6b1c5e52df0b7454999c0f19fa1d8894168d1532aa0815df738cc94d5a752396,2023-01-16 02:30:00,CLEAR,DARKNESS,DRY,ON SCENE,01/16/2023 02:32:00 AM,41.981341581,-87.713538854,POINT (-87.713538854073 41.981341580709),C,1,2023,02:30:00
680b512597b92e56d40c9b7b295ea691e046884bcfaa286bfba3cb2ce5a9166b9cbd972e28553f8d91dec93aafeeffb0d0db20f4b4458dfe3644b80e5496dbca,2021-05-10 14:55:00,CLEAR,DAYLIGHT,DRY,ON SCENE,05/10/2021 02:58:00 PM,41.991517567,-87.706866975,POINT (-87.706866975458 41.991517566925),C,5,2021,14:55:00
6833dbebd8ce157324558d503c98e430ad2fda5386177f9c5fffa9f700adfffb37e087ff79b8a8d47631703e18ae7d6fbb1126b892b50e580069b9ae7c3d5c77,2023-06-20 17:05:00,CLEAR,DAYLIGHT,DRY,ON SCENE,06/20/2023 05:10:00 PM,41.691551688,-87.708806662,POINT (-87.708806661614 41.691551688221),C,6,2023,17:05:00
6841e16caaa0007a3913d2eb4d18b8f00da64f3c70e63b0936154f91682be203c751831c34b0efc2e1d0da09aa06a76508d65ea6e082066696dbea097be4ae2f,2021-02-02 11:25:00,CLEAR,DAYLIGHT,DRY,ON SCENE,02/02/2021 11:31:00 AM,41.931955028,-87.677552088,POINT (-87.677552088007 41.93195502836),C,2,2021,11:25:00
68491f3e4a1cf4d946c682db7e97b10100cbdef791172307a76c3eebd728e46c39f35b25c3e3521388d8c814169a05a3e9f25953e60b9ff046bf5706dcae7db7,2015-11-03 12:00:00,UNKNOWN,DAYLIGHT,UNKNOWN,NOT ON SCENE (DESK REPORT),11/03/2015 01:45:00 PM,41.778540813,-87.742149435,POINT (-87.742149434936 41.778540813227),C,11,2015,12:00:00
6864ee265697234cf55bff2db6fdc2901d94c7cfd601740225729d5c56a55afc054ce720e2d57bc7d73edfbff7207d7ac237cc19e6a6aa554ea351cb45aa8a06,2022-12-29 15:30:00,CLEAR,DAYLIGHT,DRY,ON SCENE,12/29/2022 04:11:00 PM,41.842841587,-87.70238904,POINT (-87.702389039939 41.842841587053),C,12,2022,15:30:00
687548b0c68101a7c7fe12de6994fe24ea424c695f943c7c4915124cc8ccd57eb3e7b68fccc681a67c7acbd05574567ace28912bd57be8fa2486df9333daa83c,2019-06-25 11:15:00,CLEAR,DAYLIGHT,DRY,ON SCENE,06/25/2019 11:27:00 AM,41.90895167,-87.805660976,POINT (-87.805660976302 41.908951669786),C,6,2019,11:15:00
6878891cb19c7f890dab441c6739ccb126b57186b99582353d4012feb9b69ca316ccd20fea01253ac9b56e583e5edba8e551a98daf0ce65246835168f52e92a2,2019-07-01 18:15:00,CLEAR,DAYLIGHT,DRY,NOT ON SCENE (DESK REPORT),07/01/2019 07:15:00 PM,41.771676226,-87.581887699,POINT (-87.581887699027 41.771676225723),C,7,2019,18:15:00
687ab3e62eadb2849f482a12ffc455196f95d47a28f827cdf65bf14583694e04e91c85b98fe06323b179a482a0adc696c637cb4bcabab99832cc6881410197ab,2018-11-18 10:30:00,CLEAR,DAYLIGHT,DRY,NOT ON SCENE (DESK REPORT),11/18/2018 02:50:00 PM,41.929848997,-87.684643784,POINT (-87.684643783527 41.929848996597),C,11,2018,10:30:00
6896f87672fc4a09da95073fa733c23ce22ea3649b49521c47b86d06f6eadfb952bd9f1d86f8052934ca22f3235eef1c4082057d46002192c75c1d0a08d20dfa,2021-01-12 10:10:00,CLEAR,DAYLIGHT,DRY,ON SCENE,01/12/2021 10:12:00 AM,41.871248614,-87.668880307,POINT (-87.668880306573 41.871248614054),C,1,2021,10:10:00
68ae10ee1110027ff7785edb9c0d43928a3c1475682993c83ab63334e471e92bbeb218292fdc1314b26839066affcfc819fb5475a2e9ca1ee096956df17caeb1,2023-02-01 23:00:00,UNKNOWN,UNKNOWN,UNKNOWN,NOT ON SCENE (DESK REPORT),02/02/2023 06:20:00 PM,41.748124269,-87.555733753,POINT (-87.555733752918 41.74812426917),C,2,2023,23:00:00
68c8abd8a5fc48c78210df6b75ea51f30a0d02fe6a41af57c9aab3f9fe9609aab8c2df8a15a26bf6a2e211e66c333e234007f5d618ff3dc6e737447d318ded4c,2020-01-30 18:38:00,CLEAR,DUSK,DRY,ON SCENE,01/30/2020 06:44:00 PM,41.714118868,-87.643145408,POINT (-87.643145408182 41.71411886809),C,1,2020,18:38:00
68f5330ece489cf955ab2e305e27033365ed02832c6f53860989702f47fd96c02468b05098980f508cef1c47792a5befc2944434519c6d53b478175c3e2c98cf,2024-02-26 14:30:00,UNKNOWN,UNKNOWN,UNKNOWN,NOT ON SCENE (DESK REPORT),02/26/2024 04:00:00 PM,41.941298248,-87.813795035,POINT (-87.813795034887 41.941298248259),C,2,2024,14:30:00
6918dfd69edce8b2934336b1b952ea1b4d7415325e617d2e2dbd8141488a5a1b9b5d8f9cb08d6e91b1b76049ae13160e99d445c6e1a275711e0487c1aa1c5d86,2017-04-01 08:46:00,CLEAR,DAYLIGHT,DRY,ON SCENE,04/01/2017 08:55:00 AM,41.768245054,-87.61977388,POINT (-87.619773879929 41.768245054362),C,4,2017,08:46:00
692cf400a61dab9138bfe5f60a0029ae314ddd612704a967e6819b049a6f46d87aa44fda0c91fd368604138b695f8c0d19ffd5e3250ff561053e295df32317e6,2023-11-11 09:35:00,CLEAR,DAYLIGHT,DRY,ON SCENE,11/11/2023 09:35:00 AM,41.942030925,-87.790019085,POINT (-87.790019084676 41.942030924603),C,11,2023,09:35:00
692daa3bba0a6b1603509276c7397bca4c6c8eb48b427bc9e02375f3b1f2f12f953c123c93bfc0f774df71e7b3183489b1da1a042562416b60f0926991811914,2022-04-29 19:05:00,RAIN,DAYLIGHT,WET,ON SCENE,04/29/2022 07:05:00 PM,41.793869948,-87.690086545,POINT (-87.690086545116 41.793869948202),C,4,2022,19:05:00
6955ec4b049d0216162f3a3473af0182c0a2c4e3b5128c4f53de48989a6cf5c66aa55dc77769e2f00b0a2fb97abfc1da37b870fa17158daf4faf75b6ea4eb001,2020-09-17 17:00:00,CLEAR,DAYLIGHT,DRY,NOT ON SCENE (DESK REPORT),09/17/2020 08:03:00 PM,41.895615314,-87.706705325,POINT (-87.706705325106 41.895615313545),C,9,2020,17:00:00
695a6b4eb048bf748bda15b7255ecb5bcd48ee5603cb8f7145b045231272c981485971fba8d01125066fa2209f4f4107232da8659d5b030f27fa2f9361144ec4,2022-03-05 21:30:00,UNKNOWN,UNKNOWN,UNKNOWN,NOT ON SCENE (DESK REPORT),03/06/2022 01:50:00 PM,41.930646009,-87.798055109,POINT (-87.798055109189 41.930646009267),C,3,2022,21:30:00
696a29ed7d3619f1da7224fc05a897b162d2b9505764666b077ec72439a4bac3a16a35c9985806f3326df32821272ee62b2f084ebd52c095061147be0ebf0e28,2018-01-11 08:09:00,RAIN,DAYLIGHT,WET,ON SCENE,01/11/2018 08:09:00 AM,41.961042736,-87.711297094,POINT (-87.711297093842 41.961042736071),C,1,2018,08:09:00
6987a591b0964e998b0be1e8b55d5028cad31890c6c604725544b18153ffa28ed576a4d6aff8b2d9bc52b07e2865f57bf3b71acc7cfbb402f1fd1f79796a409e,2023-03-18 19:10:00,CLEAR,DARKNESS,DRY,ON SCENE,03/18/2023 07:30:00 PM,41.966434432,-87.849093905,POINT (-87.849093904563 41.966434431591),C,3,2023,19:10:00
69b47964d3db7ffda4a47c7455e5969aade9b6aaf80806a9caed8147c9adcd388f345d2351f9cf8505c4066bae21a773a4546407669d73407d6bb01af722e8c7,2019-12-21 03:32:00,RAIN,DARKNESS,WET,ON SCENE,12/21/2019 03:49:00 AM,41.902232814,-87.746856166,POINT (-87.746856165598 41.902232814035),C,12,2019,03:32:00
69e7a9b16bb2e1acc3225a79d0c796a220aa3889e08fce87f502effb6fd7b929236292460c61e7f21126eb2a3c103277c546b7555b8cce718bc11ba71eb9d2b6,2024-08-13 16:20:00,CLEAR,DAYLIGHT,DRY,ON SCENE,08/20/2024 06:56:00 PM,41.879290073,-87.632362725,POINT (-87.6323627253 41.879290073296),C,8,2024,16:20:00
69f61c0b2be06e6b35a504babd9a717c28340b17b9a36be8e48528ffb4a0b160f59b84170a12ab173e04888cd05e8e34c729285468000b11eda232f12a248945,2019-02-28 14:30:00,CLEAR,DAYLIGHT,DRY,ON SCENE,02/28/2019 02:50:00 PM,41.915552192,-87.672847838,POINT (-87.672847838395 41.915552192101),C,2,2019,14:30:00
6a13753f7f2df17a66e215c8dba08fa204a9c8f3af1b1f331e3fb4d6faf57058a59645a39b0c49b3441cc1a71a427694819e9941addce53a31f05931992e4b84,2022-03-22 10:10:00,RAIN,DAYLIGHT,WET,ON SCENE,03/22/2022 10:15:00 AM,41.979006509,-87.758094507,POINT (-87.758094507103 41.97900650898),C,3,2022,10:10:00
6a2d6eae02ee8841a245e5b3cda2069b2461a334e44b3195d92690ab32f59c0df16ab25acfe08c6cbfa54cdeddcd2630f65d7a04c5e7c8a0b8f76d644f35f5c6,2019-05-02 16:40:00,RAIN,DAYLIGHT,WET,ON SCENE,05/02/2019 04:46:00 PM,41.722779212,-87.540782105,POINT (-87.540782104785 41.722779211633),C,5,2019,16:40:00
6a45dfe46bab9973c5bb129253cfd0127a3ce637e09ff4dd3de450c87d5df308887fdfbfec9a660201c42d55439456661ba24be3e1312d17ce3a05e9952845b1,2021-03-14 17:02:00,CLEAR,DAYLIGHT,DRY,ON SCENE,03/14/2021 05:26:00 PM,41.809619617,-87.608218275,POINT (-87.608218274561 41.809619616647),C,3,2021,17:02:00
6a64a0b8634411b4f9505a139e91b859c1759f2a3046cd94337c04ceddc5cd04f733b8ff40ca27f155f86402a24c62eead7deeb5055174e36c4cf08f1edb6f98,2022-06-11 19:17:00,CLEAR,DAYLIGHT,DRY,ON SCENE,06/11/2022 07:17:00 PM,41.95342151,-87.756200177,POINT (-87.756200177075 41.953421510252),C,6,2022,19:17:00
6a68c0930b745a55d0b419cce0e9cdd03bae28b7e817607d793fc3455c82284b09c817b21af2728b318f5d2934824a75e61ade17994a26b7b914d165fc59410b,2018-05-20 16:10:00,CLEAR,DAYLIGHT,DRY,ON SCENE,05/20/2018 04:15:00 PM,41.988589574,-87.667943783,POINT (-87.667943782546 41.988589574011),C,5,2018,16:10:00
6a6d59830afcad9dca391483e5787ebdf4baae26fa24117b4f0954a2ac2758ad5f5c72f9209911a476962c322eb0c0bc6408145f43d3ee535b7b7a6bf44ae4e7,2024-05-22 16:20:00,CLEAR,DAYLIGHT,DRY,ON SCENE,05/22/2024 04:20:00 PM,41.867188849,-87.642333801,POINT (-87.64233380102 41.867188849412),C,5,2024,16:20:00
6a806bc8c171bf1539eeb15729285a156673d533ad54710083075fadbe5234329ade7a96c859b386f3d5ef0e8b7e475688e3f77339384361d458e85a6fd308e8,2021-07-27 10:00:00,CLEAR,DAYLIGHT,DRY,NOT ON SCENE (DESK REPORT),07/27/2021 10:30:00 AM,41.692426498,-87.627101329,POINT (-87.627101328813 41.692426497578),C,7,2021,10:00:00
6aa005a1fcd4880f28bc38b5cce7dd4c73e5905fdb05e1f6a9b16a9214015243ac0d6694624dc9cf2fe1952639f2b2dac24044997d1005d658ab17fe2f017102,2021-09-21 18:00:00,CLEAR,DAYLIGHT,DRY,ON SCENE,09/21/2021 07:00:00 PM,41.775298483,-87.757409427,POINT (-87.757409426775 41.775298482836),C,9,2021,18:00:00
6aa1f74fa36c4fd8c3d3b1bf40515f01bcc421a55e73aaf3c057760eb975f774b79589079b84e6867ce588740f0d4e90f3f22cda43cb9b2ca137ee4e5f8277e5,2022-06-15 19:36:00,CLEAR,DUSK,DRY,ON SCENE,06/15/2022 07:36:00 PM,41.80245093,-87.686569406,POINT (-87.686569406473 41.802450930105),C,6,2022,19:36:00
6af8894a7f5957453cad2c3af3a2d0bae89791ceedeb651a6950c97032ff9187308e992c957e7b3c99454c0acbead4ad9f2cf9dbde3b9c0a6cc267ddb988a8ab,2017-11-22 18:00:00,CLEAR,DUSK,DRY,ON SCENE,11/22/2017 06:39:00 PM,41.800535726,-87.731691497,POINT (-87.731691497046 41.800535725928),C,11,2017,18:00:00
6afe9831caf46d3422847d9f038ecd2ac868965001357926c4b7dde615b54e10c2fd3938904b21e623efa4c08429af146bb8777edb7f50adad954f0edd01062a,2023-01-14 14:42:00,CLEAR,DAYLIGHT,DRY,ON SCENE,01/14/2023 03:35:00 PM,41.994227432,-87.690850547,POINT (-87.690850547434 41.994227432186),C,1,2023,14:42:00
6b09bb52f3ddc17bb26ec26af5091b810bede5bb3fde9f0931a36ed96a082a7b11148d94c4fbe9e2cfc5586e818885059d32b7c64a8a3314b9f3ce5cb97f3793,2023-09-25 20:26:00,CLEAR,"DARKNESS, LIGHTED ROAD",DRY,ON SCENE,09/25/2023 08:27:00 PM,41.907805467,-87.672648089,POINT (-87.672648089139 41.907805467115),C,9,2023,20:26:00
6b2b70d8a94f7020b9e47b4ccf351ce92f10daff2d39c2f086a71a70dacec170246336e372b6a76094da8932400d16bb9b66db42a5d1f049f4538df75b283d77,2020-02-15 12:30:00,CLEAR,DAYLIGHT,WET,ON SCENE,02/15/2020 12:35:00 PM,41.930413036,-87.806332898,POINT (-87.806332897831 41.930413036465),C,2,2020,12:30:00
6b2be98cbad07c20c1f025ec2cc084d71866a1fc006512efa0dfe41bd3bb39314909564cdb49a95c4c2521254c1a4b06b9ec747d7206c0484e338273c20ff141,2021-02-14 14:57:00,CLEAR,DAYLIGHT,DRY,ON SCENE,02/14/2021 02:57:00 PM,41.771948357,-87.576307623,POINT (-87.576307623244 41.771948357089),C,2,2021,14:57:00
6b68e8ecf0c3095509d5be0481731ba76b24f51849d5f37414ebc9421e3bec0ccbd2b60b13f2cea0259cca02d2fcc44952b149a0073d897bff9e988eda2c0ea6,2021-01-18 11:41:00,CLEAR,DAYLIGHT,DRY,ON SCENE,01/18/2021 04:00:00 PM,41.722439476,-87.586185836,POINT (-87.586185836462 41.722439475881),C,1,2021,11:41:00
6b860b129be424d97af8acdf6ad112670ef0fe4b1519305d69e37f943bed28078d646e8aa9b4a56c504664a96821797d450e6f4e2607eebc652dd8f909c26b15,2022-04-29 17:30:00,CLEAR,DUSK,DRY,ON SCENE,04/29/2022 05:45:00 PM,41.968262595,-87.728175316,POINT (-87.72817531576 41.968262595101),C,4,2022,17:30:00
6b8cbb83fbbfe56acde38c14a7ff4af30d8d3f9cc7dbf24c48564da9769d145efea9ca293fa7ad9c982dde236395523226f880944bd2a644b1fcc232e5b1e859,2021-09-20 13:20:00,CLEAR,DAYLIGHT,DRY,ON SCENE,09/20/2021 01:20:00 PM,41.905784748,-87.686954067,POINT (-87.686954066727 41.905784748076),C,9,2021,13:20:00
6b8f18c8f80721d484c367de34919d1500dc48a933b413ba8437dbdef2e2cfc7ddd05426099c4dfff9858d7dfa9ba4008f6002858a3dbd3ac99aed7a689c5910,2019-05-02 16:00:00,RAIN,DAYLIGHT,WET,ON SCENE,05/02/2019 04:24:00 PM,41.734843009,-87.610956155,POINT (-87.610956154663 41.734843008949),C,5,2019,16:00:00
6ba755381e9699fe22e039823c974917a79116605f6b97ae5cb229a16effbb53be1769b7cf71032e30dc68615a25d586d5b7eb496a40494d5c823810f86bed03,2019-04-26 15:45:00,CLEAR,DAYLIGHT,DRY,ON SCENE,04/26/2019 03:56:00 PM,41.886331736,-87.755137766,POINT (-87.755137766199 41.886331735917),C,4,2019,15:45:00
6bae43726025f978aae561be4a57f10cc3d50cb0cde9b52383ac3e9880a6fd39f818f94c0589ec1ac727837ff10a1a9afa0344c4c0cfe194f50276cd27abb641,2020-11-12 12:40:00,CLEAR,DAYLIGHT,DRY,ON SCENE,11/12/2020 12:58:00 PM,41.677519519,-87.668398045,POINT (-87.668398045073 41.677519519214),C,11,2020,12:40:00
6bb4013019d15fcd65fe357fd2fec8c11a2cf1585a305f907d81e256e110513d0baef5a107d8fd974149e8192c1df22164ed17a08635471c838e6d5a036956fc,2021-04-23 17:03:00,CLEAR,DAYLIGHT,DRY,ON SCENE,04/23/2021 05:04:00 PM,41.844754858,-87.67550075,POINT (-87.675500750027 41.844754858468),C,4,2021,17:03:00
6bb885b4361cd87c6d8604d23211d2de63dede4a9c45a5c406ea2d179f777384d6b4c997421b21e5c5a8516c4614bbaa19161ba57c769f322673387424386e05,2018-06-26 08:11:00,RAIN,DAYLIGHT,WET,ON SCENE,06/26/2018 08:22:00 AM,41.827630442,-87.659468543,POINT (-87.659468542554 41.827630441798),C,6,2018,08:11:00
6bc011772ee9ed5ed51ed40d5aec45154819a4d015b1c0970797bec05ffbe39b7fefa7b96c37897640484d3abe3919b8323baff3f339470c086be624c4251833,2021-09-19 13:15:00,CLEAR,DAYLIGHT,DRY,NOT ON SCENE (DESK REPORT),09/19/2021 07:00:00 PM,41.736265607,-87.64003272,POINT (-87.640032719881 41.736265607334),C,9,2021,13:15:00
6bc1708251111cb4b38e4169a2c63d149930b3d98056e6b7b62e66fe03fee12820235214f976ec876d9737ba33504f049d457f470fa877af751c83f53624d447,2020-05-23 11:30:00,CLEAR,DAYLIGHT,DRY,ON SCENE,05/23/2020 11:38:00 AM,41.985359155,-87.658895119,POINT (-87.658895119184 41.985359154669),C,5,2020,11:30:00
6bca4a104586697c22fb0ce0e82d8627b092653f91c005ebf569829ed72033dbae15c708e68075a9903885f93cfb5a055ce573fb8ab799fef38e12d6e2c707ae,2023-09-16 13:02:00,CLEAR,DAYLIGHT,DRY,ON SCENE,09/18/2023 01:02:00 PM,41.774800045,-87.60873117,POINT (-87.608731170301 41.774800045247),C,9,2023,13:02:00
6bf6687532717cd9b34c772da0ccbdb68adebd81eaf98b8c5855dcc38ce7c25d0d593d52d8cf15b9fab4159a4680ef9303afc999040a99ad23b6b81bc6060675,2024-01-30 07:30:00,RAIN,DAYLIGHT,WET,ON SCENE,01/30/2024 07:38:00 AM,41.801439653,-87.663987645,POINT (-87.663987644686 41.801439653202),C,1,2024,07:30:00
6c0381ad8cf010e8fbffb194406f488d0be7044827e276b3fc44afe80e5e07856880d6666b4812402b8f50962032da46b9f23a4cc126e5e685866476222ae941,2019-10-30 12:54:00,RAIN,DAYLIGHT,WET,ON SCENE,10/30/2019 01:00:00 PM,41.802709207,-87.693473155,POINT (-87.693473154603 41.802709206664),C,10,2019,12:54:00
6c0d06140677c7f81e919213e9c7c5301bcd477c185a4db9acaea0edee5da2ff8355fac4119f7d07d7960d56afb1166f673fbafe878831522feec10c88d33bdc,2021-06-23 07:40:00,CLEAR,DAYLIGHT,DRY,ON SCENE,06/23/2021 08:26:00 AM,41.761305471,-87.557705515,POINT (-87.557705515311 41.761305471394),C,6,2021,07:40:00
6c4c5af29e05a726b07731e5243ce6e52365be45379eb61495b289f033b990799cecf1b301903a77e3ee82a03e39444288ce4e177d722c633e83b457123ab156,2021-04-27 19:13:00,CLEAR,DUSK,DRY,ON SCENE,04/27/2021 07:30:00 PM,41.78550585,-87.645997961,POINT (-87.645997961407 41.785505850463),C,4,2021,19:13:00
6c52b477971fd9a7a803508134db7eb4fdfe52e9a497199d0fb7872b4ad158949004685b29efda00d7d3ce26f7cb1b949dbc02ca2d98c320af5661362ec2953b,2023-03-05 19:00:00,CLEAR,DARKNESS,DRY,ON SCENE,03/05/2023 07:25:00 PM,41.866545544,-87.684012457,POINT (-87.684012457202 41.866545543646),C,3,2023,19:00:00
6c7bfa07ff95d1cc9ded55a2944e449ac6af9a825a5aa8b59e7d4e1ecf67de3499597304b38375ce61fc148de20a6e15c9bdad410da1727b70593764798f3b1e,2021-12-08 10:00:00,CLEAR,DAYLIGHT,DRY,ON SCENE,12/08/2021 10:05:00 AM,41.778038376,-87.640674768,POINT (-87.640674768104 41.778038376013),C,12,2021,10:00:00
6c7d00463c2da2fd73861c2c3a17b4f9a209d64e2816eb53820dd40ff1ec848d81d4047327ff693ba0e18d2faef183c8df86863f6228776a7647a763034f93d1,2022-09-19 18:30:00,CLEAR,DAYLIGHT,DRY,ON SCENE,09/19/2022 06:31:00 PM,41.816431403,-87.637565037,POINT (-87.637565037163 41.816431402643),C,9,2022,18:30:00
6c88815341209e3d5fbe1bb2b7db2bc7d58ac054eb23e3e5149e58b9e808b80d69d258a0ee12f7a6b3f62654ca60d1f3882943fb27003619873c75cf97f00fe5,2024-06-19 17:01:00,CLEAR,DAWN,DRY,ON SCENE,06/19/2024 05:41:00 PM,41.940270678,-87.638489907,POINT (-87.63848990741 41.940270677535),C,6,2024,17:01:00
6c90340c731d96ab826b91c309adebc4ee994ee7934b9afbd4ec5762937a5c1dc50b099e22050f9d7317bbd5a79dcbab8242ef0c4e89ca631ff629f6405b5b7c,2021-01-28 14:03:00,CLEAR,DAYLIGHT,DRY,ON SCENE,01/28/2021 02:04:00 PM,41.94574664,-87.768613865,POINT (-87.768613864581 41.945746639617),C,1,2021,14:03:00
6c9aaa1b1ce90ab89ab18fc27c28b6134c8a9718c26cd006ac68ffb4883780051b4af951c978b91931a010915a391730cf555c44d3c78bd0e3b4fd87bd1896c2,2018-12-04 14:00:00,SNOW,DARKNESS,DRY,ON SCENE,12/04/2018 02:10:00 PM,41.892000182,-87.611726263,POINT (-87.611726263137 41.892000181581),C,12,2018,14:00:00
6c9d4f7145160eccc3143a9bdae08d38da922242dfb9c6644748724810d3b8c21d85ea3ad4c9102b3c08a8a1f7a3e274f15fdecf4b3015f721c8fa06e27fc065,2021-04-28 06:35:00,CLOUDY/OVERCAST,DAYLIGHT,WET,ON SCENE,04/28/2021 06:35:00 AM,41.975258067,-87.768806567,POINT (-87.768806567279 41.975258067213),C,4,2021,06:35:00
6ca9ae38f7cfd229c752e14b7746b51d99013b9f7b72deccea330b5b1030d87ee0ef97e0f9b90f82b6569c57631119e5033ffbf7964e0e3bbb2d6f050f7ad456,2022-06-29 09:40:00,CLEAR,DAYLIGHT,DRY,ON SCENE,06/29/2022 09:54:00 AM,42.008889911,-87.673864417,POINT (-87.67386441683 42.008889911185),C,6,2022,09:40:00
6cb3633031856ea162814a2e49e581c0a58a73af7e30a9cd72fb43e6a53c8732ae07ea00f5bf5479a4eabf06161a3bbd296d977bf4f8818cb9b74a9fd8bbc3fd,2017-01-05 07:10:00,CLEAR,DAYLIGHT,DRY,NOT ON SCENE (DESK REPORT),01/05/2017 04:35:00 PM,41.916434982,-87.752053382,POINT (-87.752053381766 41.916434982445),C,1,2017,07:10:00
6cce57cc235f7d36580e85263ef71cade1a66ee01c1695a0e890fd517989bc402ef26520b335ac5a57e60cd9f353a8023a48f0eff3a7f2439d3023708f0d1668,2024-07-29 15:00:00,CLEAR,DAYLIGHT,DRY,ON SCENE,07/29/2024 03:05:00 PM,41.706715445,-87.652741719,POINT (-87.652741718517 41.706715444785),C,7,2024,15:00:00
6cdacb5643f4d2e6ec0f4430860e1133c9a6767e21fc4fca15178d34379642dad3e8808ca4f0286973c342db46375e70d5a16d291286080b72311f653c3c44d6,2024-06-13 15:55:00,RAIN,DAYLIGHT,WET,ON SCENE,06/13/2024 04:01:00 PM,41.713483888,-87.553634508,POINT (-87.553634507518 41.713483888285),C,6,2024,15:55:00
6ceaf6f54f595d846f1254505b20526c1cde6f6344edd3c270e29647d7de9d1c06d199ffb6fa02976bc2fe2799783aa07c7134df1d53d3d7198972f976960bf1,2017-09-02 13:40:00,CLEAR,DAYLIGHT,DRY,NOT ON SCENE (DESK REPORT),09/02/2017 02:47:00 PM,41.784288983,-87.722770785,POINT (-87.722770784778 41.78428898321),C,9,2017,13:40:00
6cecb4262f8710011377f5bab8ed152b618478dca718a801a3b6dc108ca5683e1ac6327e42e48630e589340a5ee41b78b11eef705892f362fc23e005afb6dd1d,2019-09-10 14:33:00,CLEAR,DAYLIGHT,DRY,ON SCENE,09/10/2019 03:04:00 PM,41.838249529,-87.623588365,POINT (-87.623588365364 41.838249529106),C,9,2019,14:33:00
6cfc9eea4c4accc563025630dfb291b7b0b49e0c26808fa892eb4a08dde22e56b28b9e40acf2de2dc6529a72ca51542a3264d26819fbca8422c58a445de77594,2022-07-24 18:43:00,CLEAR,DAYLIGHT,DRY,ON SCENE,07/24/2022 06:46:00 PM,41.735834293,-87.666566381,POINT (-87.666566380757 41.735834293235),C,7,2022,18:43:00
6d12ca544fd72ab87109a161eecfe52dedefc170632db5036edd7509a6e2eebe39b46510dd29fa524c8a5ee157ffa122d1d7f04f09f62861947ad491f58ee2f0,2023-07-29 09:20:00,CLEAR,DAYLIGHT,DRY,ON SCENE,07/29/2023 09:20:00 AM,41.778748906,-87.692018535,POINT (-87.692018534733 41.778748906416),C,7,2023,09:20:00
6d2cc8ad5e53a7b18b0e98e4937f7ace660f6048337bbc547602e76cebd5256453c28d726ab8876e593d99dedbe937f67d29621dce764e1d23e16367a3c486da,2024-05-29 13:25:00,CLEAR,DAYLIGHT,DRY,ON SCENE,05/29/2024 01:27:00 PM,41.823630183,-87.624434948,POINT (-87.624434948275 41.823630182815),C,5,2024,13:25:00
6d61496b8d29a7035846457897bb83e213d6ff2586ee89ecfe7ac3162f07d48171138443b7f1c48e066531ebf3a2b59e9f80034d45b7e1effd6170b83ae612b4,2022-02-19 14:00:00,CLEAR,DAYLIGHT,DRY,ON SCENE,02/19/2022 02:05:00 PM,41.975778246,-87.778242621,POINT (-87.778242620892 41.975778245826),C,2,2022,14:00:00
6d6c9e0e84466eb54e2277e317818d6d418b26b6b430874f3283f4db63d1615154c02e5a0d1f158dc6704c922f1915109ff7844e8ac7cf693f72f80102f30d2b,2020-06-06 17:40:00,CLEAR,DAYLIGHT,DRY,ON SCENE,06/06/2020 05:48:00 PM,41.895802745,-87.750604708,POINT (-87.750604708352 41.895802744531),C,6,2020,17:40:00
6da09eca2885aab53839bb14e91f693710409f5445351fb70309e3f40e17b5e0ecc1abc3b1af6bc7f7af69b59f3d10a049001361a2da3b816aa642c374924b4e,2023-03-23 19:08:00,CLEAR,DARKNESS,DRY,NOT ON SCENE (DESK REPORT),03/23/2023 07:30:00 PM,41.773130286,-87.612569874,POINT (-87.612569874271 41.773130285966),C,3,2023,19:08:00
6da9b76dac1684ba20c1472e7fe7304a9039cdd493f969c0a5b9342f57715b708728b90b421c9cdaf9b1f499ae316cfefa64e4be83512eb6d734bac956806668,2016-01-20 07:17:00,SNOW,DAWN,SNOW OR SLUSH,NOT ON SCENE (DESK REPORT),01/20/2016 07:35:00 AM,41.69537527,-87.683614537,POINT (-87.683614537464 41.6953752704),C,1,2016,07:17:00
6dad727270b80f7b2e0b20d1a1bf1e8f8c249d1a090e161fc141fc16af9e054324d41a61d1dee58dafa56551785b1ee0564b7444e5b1cc0d9d8a5945fdba0c6d,2018-02-11 17:55:00,CLEAR,DUSK,WET,NOT ON SCENE (DESK REPORT),02/11/2018 08:09:00 PM,41.765051802,-87.661435043,POINT (-87.661435043377 41.765051801665),C,2,2018,17:55:00