CRASH_RECORD_ID,CRASH_DATE,WEATHER_CONDITION,LIGHTING_CONDITION,ROADWAY_SURFACE_COND,REPORT_TYPE,DATE_POLICE_NOTIFIED,LATITUDE,LONGITUDE,LOCATION,CRASH_TYPE,CRASH_MONTH,CRASH_YEAR,CRASH_TIME
6dea313510c956d380a38eb3add1868e238baf6eac2b5697471e9768c8106a5915582a50590e430ce6b6b90faaf8a6ec56889462715532dc8d062109f82ee1d7,2023-07-04 11:10:00,CLEAR,"DARKNESS, LIGHTED ROAD",DRY,ON SCENE,07/04/2023 11:30:00 AM,41.927960877,-87.640983767,POINT (-87.64098376661 41.927960877129),C,7,2023,11:10:00
6df2e7e83e324861efb17e470a6a23d0f221da8d0fd4b115a21dde8796321ecc427a443d78d09f636cc321f38d0ae6be170420ca98caa87909b799d7ce9c1a4c,2022-02-01 17:47:00,RAIN,DAYLIGHT,WET,ON SCENE,02/01/2022 05:47:00 PM,41.744398612,-87.576001398,POINT (-87.57600139771 41.744398611658),C,2,2022,17:47:00
6e118e23da5e03acddea932614cfba0e98c27eea373354afa66295bcb0752f6a216352db1e420fdb8539d186c26f21ef7811fe01dff373e79fd318406aebc647,2017-12-15 14:35:00,CLEAR,DAYLIGHT,DRY,ON SCENE,12/15/2017 02:59:00 PM,41.9468234,-87.693532643,POINT (-87.693532642598 41.946823399559),C,12,2017,14:35:00
6e2258d4ec5593b106e3d4b5d0728a24c120059bfc9924753525fc0675dfbc2ada45419ff6ea321388a6a89e7786bd1ec842e2954b10ba166e4483f286f4482d,2020-07-14 12:15:00,CLEAR,DAYLIGHT,DRY,ON SCENE,07/14/2020 12:16:00 PM,41.892094137,-87.611569884,POINT (-87.611569883947 41.892094136862),C,7,2020,12:15:00
6e41f16c257a2014104d8cfd1adfce1b50c699c043ce0c35279da1284df0712a52a007195f057490701e79cc64db1d3670a9275cff20f8d0417eed6a01d68e92,2021-11-30 09:30:00,CLEAR,DAYLIGHT,DRY,ON SCENE,11/30/2021 10:00:00 AM,41.798937536,-87.683516382,POINT (-87.683516382369 41.798937536372),C,11,2021,09:30:00
6e391bc01454bd61c750fcee328a6cf140580fcc816f8eafeb039d3859e8dba20c6d430905179f6a7d8d0391cc57992980cdd66573d24cd484d9073e09758cfa,2016-04-27 07:40:00,CLEAR,DAYLIGHT,DRY,NOT ON SCENE (DESK REPORT),04/27/2016 08:00:00 AM,41.871270208,-87.652414936,POINT (-87.652414936166 41.871270207754),C,4,2016,07:40:00
6e3a8faee85db9c8c55ca3f005efc79016833c8ad61ad77272537efab86e591c07993458d0dd4e74f6e71b5411c32899df659c93de4d2a8b6cbbc1c060badc02,2022-12-12 07:15:00,CLEAR,DAWN,WET,NOT ON SCENE (DESK REPORT),12/12/2022 08:50:00 AM,41.97606059,-87.66973389,POINT (-87.669733889871 41.976060590013),C,12,2022,07:15:00
6e419f59f02f60385e569e54e265d4d02d49e12232ed86a822d0022f38363b421c84506a58eaa8f11c034e80224de38158a2b281cd970001220502e09882f3c8,2020-07-06 02:29:00,CLEAR,DARKNESS,DRY,ON SCENE,07/06/2020 02:30:00 AM,41.898435875,-87.755540319,POINT (-87.755540318528 41.89843587453),C,7,2020,02:29:00
6e4912ea6e8c3c3fdec752777598eacf3d15f7148aa2518c211fa7287ec5ad6260e33c9b8ae157068836d9c9d71cf32a35b3fb74ead1de56d30e4d78bf285ca1,2020-09-02 11:00:00,CLEAR,DAYLIGHT,DRY,ON SCENE,09/02/2020 11:05:00 AM,41.983887596,-87.817951895,POINT (-87.817951895021 41.983887595716),C,9,2020,11:00:00
6e5201c1d19db7441e9f22131932f7b4d9bb5fd5a213f2ae874ce587cbcb174b0c29d2f73c401c3ec027dfbb72b5a2a5cbe2d08bc78fa36f81d19e6a62d9ab8e,2024-07-15 19:55:00,CLEAR,DUSK,DRY,NOT ON SCENE (DESK REPORT),07/15/2024 08:19:00 PM,41.736145128,-87.626917844,POINT (-87.626917843973 41.736145128237),C,7,2024,19:55:00
6e7261bf96d06af284f130b84a06df9233a08faf3c106fc0f2782696e4626305f5fca11d4c5bc3f31b32e0ec3acb1f6442e9650b29caa9b3542b03f180048cf2,2018-01-21 18:40:00,RAIN,DARKNESS,WET,ON SCENE,01/21/2018 06:41:00 PM,41.932179488,-87.701439951,POINT (-87.701439950506 41.9321794884),C,1,2018,18:40:00
6e766ac8047a2608d6c25cefffce705afca57c2c7427ee579e92bb983bb482ce4f55573b5b0b5c8778204da6352e6ae526eb76704e8bce848424de5509eeea89,2024-02-24 09:00:00,OTHER,DAYLIGHT,ICE,ON SCENE,02/24/2024 09:57:00 AM,41.870912519,-87.699810879,POINT (-87.699810879253 41.870912519476),C,2,2024,09:00:00
6ebe335a613025f9869cdad44c18589d7875d7c49c20357c20ff0ca9b00d0550e26ca499db9bd26b230ce635db89b2ea78174a703bed1f62f004c197d2779ff5,2020-04-29 07:36:00,RAIN,DAYLIGHT,WET,ON SCENE,04/29/2020 07:40:00 AM,42.022636109,-87.672253346,POINT (-87.672253345832 42.022636108511),C,4,2020,07:36:00
6ebffbde1dfb17a188eb4e89c34b5af7c498e0b687e87d08145307d791aa199b87731194263ba5dee9f5d1eaf9622bab5014cc80e054a11b9486d469e2aca480,2022-05-14 14:00:00,CLEAR,DAYLIGHT,DRY,ON SCENE,05/14/2022 02:10:00 PM,41.945321356,-87.70548019,POINT (-87.705480189789 41.945321355661),C,5,2022,14:00:00
6ed7825fd8d5add252d9e6d691f5d0cf3c7c60650fdb4164c1dd8cb6e7d9eab705d86855558b4d6190efb507ee7f0bd30ac0b92d635748e379c1796025e7bdd5,2017-05-16 11:04:00,CLEAR,DAYLIGHT,DRY,ON SCENE,05/16/2017 11:15:00 AM,41.784038775,-87.613195974,POINT (-87.613195974387 41.784038774705),C,5,2017,11:04:00
6ee9d89a3198c0d3804b377050449d9ab5db9ca27be94f8eedb418a8b4673de9c833550f522b229dd134680c187f83a222621588c5c20eee1eba0e456bfa5b08,2018-08-09 06:42:00,CLOUDY/OVERCAST,DUSK,DRY,ON SCENE,08/09/2018 07:10:00 PM,41.907710671,-87.762958339,POINT (-87.762958338659 41.907710670982),C,8,2018,06:42:00
6eeac88828b8fbbac815d078a59ec9b0b329e9700abb75acadf5c36ead63900da689be807afe6d1f21ded941e23703195dc2e740e2c4941c910687087431a0fd,2020-06-12 13:45:00,CLEAR,DAYLIGHT,DRY,ON SCENE,06/12/2020 02:00:00 PM,41.997231488,-87.766818256,POINT (-87.766818255859 41.997231488192),C,6,2020,13:45:00
6ef81dbbf61f1b104536771f693ee94af2910802298a00c8859a3253150653d17f5efcb794f0b6176a1692d6f5ec3a28b04f5e1757e3382fd49aa86b166d9c28,2018-10-28 15:15:00,CLEAR,DAYLIGHT,DRY,ON SCENE,10/29/2018 08:30:00 AM,41.856766105,-87.708149846,POINT (-87.708149845536 41.856766104526),C,10,2018,15:15:00
6f0ca9c83a37d3461a6189ac4083f33fd2d5358a8a8eb81d0459aec61d85398e0e4f63eb7bc4d7e725dea16b07e700f7e8bdac63cf8eb5e9ebfca922f94a3c1d,2015-11-16 10:15:00,UNKNOWN,UNKNOWN,UNKNOWN,NOT ON SCENE (DESK REPORT),11/17/2015 03:30:00 PM,41.985141632,-87.662313743,POINT (-87.662313743497 41.985141632309),C,11,2015,10:15:00
6f0cefdb6141899714c65ef8c24ddffc0fad8d3b51ad2593568a8eb88fd108a70655f4bff845b5ef7d8806c2347c286bf839934859b69171eaa3cfee6be6795c,2019-08-08 10:45:00,CLEAR,DAYLIGHT,DRY,ON SCENE,08/08/2019 10:47:00 AM,41.945328025,-87.750932954,POINT (-87.750932953626 41.945328025228),C,8,2019,10:45:00
6f3093ef52f73a0ce31459de152dbe76837bbe50f5573e8469d259e709a3078181ad8eec0fc8acdf46c2660a5f135fd7a17edeca4ec826cb60cb7c053d6b9fa3,2023-09-05 13:08:00,CLEAR,DAYLIGHT,DRY,ON SCENE,09/05/2023 01:08:00 PM,41.99763621,-87.6900271,POINT (-87.690027099534 41.997636209905),C,9,2023,13:08:00
6f4efc33eccbff060988fed662ade0d1a3f1c1c3123be76f5e7c6e51b2b8cc7ff1aa6e3069f9f66b66492aec21d47689aba23d2325ffe4c5ac6e65ea7b662cdd,2023-03-27 16:00:00,CLEAR,DAYLIGHT,DRY,ON SCENE,03/27/2023 04:40:00 PM,41.983364684,-87.656749646,POINT (-87.656749646096 41.983364684081),C,3,2023,16:00:00
6f5b579c98f6e7b473b6f701ef39d5fb318320f7d94b595156b2ca25f96b6a8de8500a5ccbb19d6130e9888885f9485ac430654f1440b9d460abc5d8f5f68ebf,2024-04-21 00:36:00,CLEAR,"DARKNESS, LIGHTED ROAD",DRY,ON SCENE,04/21/2024 12:41:00 AM,41.948738387,-87.712923545,POINT (-87.712923545301 41.948738387401),C,4,2024,00:36:00
6f5f54c978d8fffe335b4f82ead8884ddae10db5894b893ac26c0eb67bc1562ee9016ba55e5c37b3516b4d9ce53e65cea4bbf8a7cf50ccd12fc2b2631636b1bb,2022-08-09 02:45:00,CLEAR,DARKNESS,DRY,ON SCENE,08/09/2022 02:51:00 AM,41.902639803,-87.65490158,POINT (-87.6549015803 41.902639802615),C,8,2022,02:45:00
6f6964b119728abbc26bf1f897ed370c3940829ebf5522a1f9b1946fc6bfdb56e570a398a562a57c43a9263475ea80bf766c8019d2c04c3ba07f59fb04421e64,2020-11-09 12:45:00,CLEAR,DAYLIGHT,DRY,ON SCENE,11/09/2020 12:49:00 PM,41.949423685,-87.766602058,POINT (-87.766602058369 41.949423684569),C,11,2020,12:45:00
6fb6dad53fc1c7bda4b0cc454a8552f5be4fdc53701ac9b04b6867ef6ac583da34836d799265b63936eed7d142c4da3b3d3d56985350b41b0e2ef3d8b4dca05d,2018-10-25 15:01:00,CLEAR,DAYLIGHT,DRY,ON SCENE,10/25/2018 03:02:00 PM,42.00002916,-87.709219245,POINT (-87.70921924506 42.000029159633),C,10,2018,15:01:00
6fc5d75e2a2b1862855abdf7516183625d11965c7d2a04fc899f904fb568b267d7647da8813bed639766f2a2365c93d0a14af98edcff8917bedae671ff5b125a,2021-06-11 08:52:00,CLEAR,DAYLIGHT,DRY,ON SCENE,06/11/2021 09:03:00 AM,41.91077461,-87.665183811,POINT (-87.665183811467 41.91077461027),C,6,2021,08:52:00
6fe62bfc9f190198c268cd5f631f8d879f1bb4fc4b5b0615ecdf8ffe1712381a37acff2431d0b8b64e73fa1d0fe21a368aa54c13f0352f5272d5d57c49aad92a,2020-11-17 11:25:00,CLEAR,DAYLIGHT,DRY,ON SCENE,11/17/2020 11:31:00 AM,41.78320881,-87.703109753,POINT (-87.70310975339 41.783208810444),C,11,2020,11:25:00
6fed6a7502f8e97c43fdba12758772970f8b73e08e5db9e81218a72c81c3c76a3f64495b6756dbb9897a9efb9917b1d4b8791c59f4001fca2d916299dfc17fec,2021-10-30 20:50:00,CLEAR,DAYLIGHT,DRY,ON SCENE,10/30/2021 09:10:00 PM,41.886709222,-87.634710899,POINT (-87.634710899459 41.886709222026),C,10,2021,20:50:00
6fedb9dc76a08eaba89f38f46665d531dee7a6c69d97b568bc188d592812bf29f50a0e92a977eb96eb1f280271a3cd81ad43c8642fa0d67fe5c2a03c2582833c,2023-03-24 14:08:00,CLEAR,DAYLIGHT,DRY,ON SCENE,03/24/2023 02:08:00 PM,41.885157485,-87.627779753,POINT (-87.627779753082 41.885157485258),C,3,2023,14:08:00
701f6ed00a0cfac0244f7de009a68c30e48c1da3bb59cf4e1ef7a6968162bd19a3bc6b4c62f4036a634e332de3782486e8893061e212b9540d46c7b657442b85,2017-08-22 10:29:00,CLEAR,DAYLIGHT,WET,ON SCENE,08/22/2017 10:57:00 AM,41.88078851,-87.769925353,POINT (-87.76992535253 41.880788510457),C,8,2017,10:29:00
703b6191ac05a7b2e46180c69eb5ce809d5f50ec90f49f9c8081786f75769dbb3e1e5922722796e82f8212e4ab7201744ded87996849ba71e12624dcf9a44d84,2022-09-18 17:30:00,CLEAR,DAYLIGHT,DRY,ON SCENE,09/18/2022 05:40:00 PM,41.702877176,-87.555214835,POINT (-87.555214834567 41.702877176062),C,9,2022,17:30:00
703d4fb035c55641ba9edad35674de39649b64414b383aba29dd23a66880975a1152c4c31ad60ddc7b649cd3908117b73fdb32c6347a4e0c10161540a2a81d44,2020-10-04 00:00:00,CLEAR,DAYLIGHT,DRY,ON SCENE,10/04/2020 09:50:00 AM,41.742710584,-87.56943391,POINT (-87.56943391003 41.742710583918),C,10,2020,00:00:00
704d3037df03d659f749286d153d1c0429994d1ce62b65b9295c9801b9f30dd953ae6778b591a99abd5c05f1b906016dd86074cf123aa1ae9e1140c0b3f0e852,2022-03-24 07:40:00,RAIN,DUSK,WET,ON SCENE,03/24/2022 08:00:00 AM,41.758639882,-87.58783875,POINT (-87.587838750218 41.758639881764),C,3,2022,07:40:00
7079e78a9b100b2dc884e3ab77cbcb235ab057ffd8ae4523753a85e4dea1c85fef206a93cc9c52cb315d13008935c0900290f9438c051563cb2289c42cd125ff,2017-01-19 15:30:00,RAIN,DARKNESS,WET,ON SCENE,01/19/2017 05:10:00 PM,41.926207298,-87.655188039,POINT (-87.655188039429 41.926207298483),C,1,2017,15:30:00
707bd9f7a34df1739461a7dda11f2a0bbed055b61a8b7ee0a4b9bd115ef64862c8de1e9764505adf58c5a3d7dc9c81c27cb9c445264734ebc8f4d696b43f529b,2023-01-15 18:09:00,CLEAR,DUSK,DRY,ON SCENE,01/15/2023 06:16:00 PM,41.883068054,-87.640633527,POINT (-87.640633526677 41.883068053945),C,1,2023,18:09:00
7080f155a24bcc4213a1d540d437faecc8b06ff743ee6a2c72282f2a0830c57062a46d68af0b5f61f50ae3df8fcf5308d79e7057b89638ed1d98815ed5ac5cfc,2024-06-30 21:32:00,CLEAR,DUSK,UNKNOWN,ON SCENE,07/01/2024 02:35:00 PM,41.936450168,-87.650552452,POINT (-87.650552452041 41.936450167582),C,6,2024,21:32:00
709d8c537edab580bd5900f40e5f89f0a2e66a383fd2faa63b9b6316c5c703f26a5b59e190a5647a906cea517c2ed61a0032bc9ead3a57ded32f3dd118ff29ed,2020-11-03 09:15:00,CLEAR,DAYLIGHT,DRY,ON SCENE,11/03/2020 09:20:00 AM,41.862242375,-87.68576892,POINT (-87.68576891969 41.86224237483),C,11,2020,09:15:00
70a0978d7793fe81c6f4b62dbca6226ca6d9db288ade275d74c6b27b0e3164410c439366694e9f191d03d02755bca9a8fe4fc7ed7622504cf9c43c97cbd367c5,2023-03-29 12:35:00,CLEAR,DAYLIGHT,DRY,ON SCENE,03/29/2023 04:35:00 PM,41.95433055,-87.684687947,POINT (-87.684687947386 41.954330550155),C,3,2023,12:35:00
70afd59b3bc0a7b02469541fd3620b053536def008f46c15e404a53d91a523401438b8b8bd236306f3f793ffa49f61591dfbb7a33cf196d3be7d49bc4070687f,2020-09-01 05:13:00,CLEAR,DARKNESS,OTHER,ON SCENE,09/01/2020 05:14:00 AM,41.841110175,-87.685425545,POINT (-87.685425544687 41.841110175378),C,9,2020,05:13:00
70cecccf449dff9f69ca995c08163e99885c2e2a84155f5302f1e627647d7e2a3d1ee3a6a98943fb09c4c6cfb73e31aef5fcf02d2bafc1b731e246385685ae55,2022-03-26 18:46:00,CLEAR,DAYLIGHT,DRY,ON SCENE,04/01/2022 12:20:00 PM,41.946616932,-87.691056027,POINT (-87.691056027306 41.946616932302),C,3,2022,18:46:00
70d414d673561dbc6c2a2b849103bff16d99f0991dc427a29f9aa2992a124dd277f5708c68e3c41020efd04d77ff778c88ecf42f26c464e2f741fba18b823294,2019-05-24 08:10:00,UNKNOWN,UNKNOWN,UNKNOWN,NOT ON SCENE (DESK REPORT),05/24/2019 04:40:00 PM,41.909279824,-87.783295677,POINT (-87.783295676684 41.909279824015),C,5,2019,08:10:00
70ded7a255e4f30b6853d8af590972c8043d0122215fbb30944a5929cda4b99adbb19afc37791adb71ef46b5b5ad785bef868f17c97fe156cab79a8673c70f3a,2019-12-04 11:20:00,CLEAR,DAYLIGHT,DRY,ON SCENE,12/04/2019 11:30:00 AM,41.733088211,-87.669306882,POINT (-87.669306881506 41.733088211158),C,12,2019,11:20:00
70fca716a730c64f9372d3df3e96de3aab2d3470919743e9d49a9bda02ac56c32f979415f8e867c7daeb22dd4d426c21fbc6dd1bd4dc7aebf3e733eb8965bc46,2019-01-25 06:40:00,CLEAR,DAWN,DRY,ON SCENE,01/25/2019 06:41:00 AM,41.852623901,-87.64488783,POINT (-87.644887829744 41.852623900678),C,1,2019,06:40:00
70ff03f38e7b6218bb960b80da0b3a821d4a6d8529fbadd7a45b6eae544bf7221c2e81c19ff9f020ba1d02791950b61da465a426f45bab683bd871ed0c6f27dd,2023-01-26 08:00:00,SNOW,DAYLIGHT,SNOW OR SLUSH,ON SCENE,01/26/2023 08:00:00 AM,41.876707855,-87.754784311,POINT (-87.75478431109 41.876707855377),C,1,2023,08:00:00
7124eabededb32347eee3794d122815e48c2a9a6ad08b18514c92cf63b30d8a4296d0c901b636e993f4e87b22b9f277ed16910f3e602998b48611da880e824d1,2018-08-22 13:15:00,CLEAR,DAYLIGHT,DRY,NOT ON SCENE (DESK REPORT),08/22/2018 01:55:00 PM,41.808469737,-87.684573399,POINT (-87.684573398567 41.808469736745),C,8,2018,13:15:00
7140b1171b7d3138a54131c9c07d03be690288ecea5fe5a02388a005d09aee018f9fdfa42b28a54e321dd5d77157ea9228505482380e9e46d46efb3a53482806,2019-09-13 11:30:00,OTHER,UNKNOWN,UNKNOWN,NOT ON SCENE (DESK REPORT),09/13/2019 06:50:00 PM,41.889137271,-87.62843006,POINT (-87.628430059843 41.889137270566),C,9,2019,11:30:00
714f5e395376e32adb52904f5c7428bd915f3c714c28830b7aa7932b5d0b0fd46c46a1a5d1b178b665c459a5105446362062dd0c045810595165bb39a9099217,2022-07-18 17:20:00,CLEAR,DAYLIGHT,DRY,ON SCENE,07/18/2022 05:54:00 PM,41.801033491,-87.684935677,POINT (-87.684935677394 41.801033490933),C,7,2022,17:20:00
71914c55630a7df45f8974daf2cfcbe3b16c163532caac55535ec70184a069be2c154c335d1fd03af5536f9cdd9ab0b0268dadc2aaa03e8e747611871e926010,2022-12-23 18:30:00,SNOW,"DARKNESS, LIGHTED ROAD",SNOW OR SLUSH,ON SCENE,12/23/2022 06:30:00 PM,41.867312194,-87.643434222,POINT (-87.643434222392 41.867312193568),C,12,2022,18:30:00
7198959d0e2856c3b60683f2ab1e8e5c2325d2a3dc80c167db70179da5790c22032451139559c1dc46c6e4d6054d7f94c8f7b062e3b9d1035d14f873a737364e,2017-02-11 18:45:00,CLEAR,DUSK,DRY,ON SCENE,02/11/2017 06:51:00 PM,41.778968862,-87.605752077,POINT (-87.605752077236 41.778968861667),C,2,2017,18:45:00
71a16f4db8cc97a96af265921a3b72247dbc47b56f6bf0ba860879b241c9fde81e3485d720835bac938e174cf1dbbeb94dd67492ba684f8a3cc5d06e8696ac49,2022-10-21 14:00:00,CLEAR,DAYLIGHT,DRY,ON SCENE,10/21/2022 02:03:00 PM,41.931831026,-87.727126873,POINT (-87.727126873005 41.931831025615),C,10,2022,14:00:00
71a484bb2529f9902019c55c19eccee871620a9fd53da45b7efa2ea73b8e9cfd040e664d588f791b3b84e9bcb2226f1bd18d54fd43c3e0f1fa02ac32c1d2a978,2023-03-01 17:00:00,CLEAR,UNKNOWN,DRY,NOT ON SCENE (DESK REPORT),03/02/2023 02:00:00 PM,41.849873984,-87.704117377,POINT (-87.704117376653 41.849873983973),C,3,2023,17:00:00
71c4584b077e4dc174a1d0590d4ec16cc91c9827beb388c4db4aaab322f3daac5ce2ffbc99bf32f1fffb4e6cd4a91c0cc3b347328199d97c534e35dce3ba69db,2017-10-04 17:30:00,CLEAR,DAYLIGHT,DRY,ON SCENE,10/04/2017 05:33:00 PM,41.77937222,-87.664365347,POINT (-87.664365347416 41.779372220485),C,10,2017,17:30:00
71da6eff4166ac023dbfb2872a76e470ed1d8d7fc6064f2d808849d66c47c505485c4cbd8c0ce33d261c4afd374845ebc0b58afdf01cdfaaaaf4e48b1b7bffe3,2024-04-15 09:35:00,CLEAR,DAYLIGHT,DRY,ON SCENE,04/15/2024 09:40:00 AM,41.886695853,-87.662465963,POINT (-87.662465963189 41.886695853342),C,4,2024,09:35:00
71e836468f44bbf39c32e7daeb5315ebf9fc032adbe3908aedcbc613b3df9311d3cdcb2a7f64e09f13fa92d39e86971218d6322ae3d6a1957e16fe4b98000027,2020-02-04 09:55:00,CLEAR,DAYLIGHT,WET,ON SCENE,02/04/2020 10:55:00 AM,41.885731805,-87.678096635,POINT (-87.678096634718 41.885731804581),C,2,2020,09:55:00
7206f01a8e03202ff8e5f23a7c778afbc7e59f0e65a95d8580d46461b15f1b18f4b7593c2946ae8991b8cb673b2014b09b421197e09083d94ececfe57dd51c80,2022-05-22 14:00:00,CLEAR,DAYLIGHT,DRY,ON SCENE,05/22/2022 02:54:00 PM,41.789768261,-87.650050704,POINT (-87.650050704346 41.789768261437),C,5,2022,14:00:00
720e3cd725b8deaa62f36b5cc2ba5f77a541e1a33d851b28815e14f1c139cfe0d89b8b9091fa2c195961e6e3f781a670d08370f3e2de488513d52f7516a499bf,2022-07-11 17:10:00,CLEAR,DAYLIGHT,DRY,ON SCENE,07/11/2022 06:40:00 PM,41.736731548,-87.606717028,POINT (-87.606717027714 41.736731548155),C,7,2022,17:10:00
7224a6c648a77cb9211785d07e46908f08a431c0b1c44493112b7da400c9ab23594e11311eec345d56d0dcc00f8930e530289ac1c76935034969cdc41587e26e,2020-07-15 17:45:00,RAIN,DAYLIGHT,DRY,NOT ON SCENE (DESK REPORT),07/16/2020 05:34:00 PM,41.771428801,-87.58817425,POINT (-87.588174249754 41.771428801153),C,7,2020,17:45:00
722c3dcc60e5008b772fdef73523df390d805218d11da36b09a527458fd5d6ff9c5a5ac155f4fb9fb8d2df9207269bc5b46394b59381c3041ccebb2baef436ca,2019-03-24 14:40:00,RAIN,DAYLIGHT,WET,ON SCENE,03/24/2019 02:45:00 PM,41.736364804,-87.734985274,POINT (-87.734985273822 41.736364804486),C,3,2019,14:40:00
723e8664d06eda77d4ac859da278a9a8af5bfd52dd3edd97fb4c10f83aa927488126c58339dd639ca7e0dc6638a63682ccc91fb6e8cdef9faad79f52cd089338,2023-04-15 18:00:00,CLEAR,DAYLIGHT,DRY,ON SCENE,04/15/2023 06:05:00 PM,41.691860392,-87.685274285,POINT (-87.685274285344 41.69186039215),C,4,2023,18:00:00
7242cead89341ca32dd6882f14cc5652cc18086823e43c796a64ad329a1674335259eec1f75f59ac59a04a2711e91879499faa8ab74cd01d848583102c599b6d,2022-12-08 06:11:00,CLEAR,DAYLIGHT,DRY,ON SCENE,12/08/2022 07:27:00 AM,41.836730827,-87.727930866,POINT (-87.727930866097 41.836730826828),C,12,2022,06:11:00
72475f1b654e0fa805835840a0792c4c792a82421895414ba8d49d37cfa22187fce8e3a1def0279a9e076f1c1a81627ce83942e8ef858465f43f278a16d46e98,2020-03-25 14:00:00,CLEAR,DAYLIGHT,DRY,NOT ON SCENE (DESK REPORT),03/25/2020 03:27:00 PM,41.816388655,-87.7240389,POINT (-87.724038899972 41.816388655242),C,3,2020,14:00:00
724bd1fdec9b9a0e4e6c527ccc8d3dc743979ce2ccdfe973cda11c544e5cef3f9a00be028763d6e2610cb276f3250c31f6365fcaab72b7d47701941c117f869e,2019-02-27 14:50:00,CLEAR,DAYLIGHT,DRY,ON SCENE,02/27/2019 03:00:00 PM,41.702119229,-87.720481409,POINT (-87.720481408904 41.702119229193),C,2,2019,14:50:00
726742b65681f71be730ee5fc7aa3cf1ffaa41ecfc4f90634a7f3acb7ccd354eda9176b7dc23c20b8d3e6acd0a3dd7265a53b213978493b47b69bcb5c6185cdb,2021-04-01 18:00:00,CLEAR,DAYLIGHT,DRY,NOT ON SCENE (DESK REPORT),04/01/2021 06:27:00 PM,41.743052294,-87.673027489,POINT (-87.673027488782 41.743052294022),C,4,2021,18:00:00
726827c0012a3d9e312ca9e68a030675460a4c964896308c635798f504013d6bf8e1ff8c019fe89d632b2b0202a521dc0b10bcca0984b7d150f6675e7cdae685,2024-05-20 01:24:00,CLEAR,"DARKNESS, LIGHTED ROAD",DRY,ON SCENE,05/20/2024 01:26:00 AM,41.88233827,-87.616730499,POINT (-87.616730498602 41.882338269634),C,5,2024,01:24:00
727b88c1c7ed26088bc7c1f3ea8d1eef02a941ed8476a544308ad57c8be9429ff52b1d3365cf9c1260e6f542214b4a46b3468f63d2481b6f83884eb61e136205,2022-04-20 19:54:00,RAIN,DUSK,WET,ON SCENE,04/20/2022 08:59:00 PM,41.936913433,-87.723162965,POINT (-87.723162964959 41.936913433219),C,4,2022,19:54:00
72a33291f72a12a5ef1218232f9c8eb7b286f7afa172b494a5dabf8d0b5df626141501a7a01ad6d81cb15ff57e1845f019fe37aee2e1f04f059079fdbc0ff28b,2020-05-17 17:00:00,RAIN,DAYLIGHT,WET,ON SCENE,05/17/2020 05:03:00 PM,41.75060652,-87.65379975,POINT (-87.653799750308 41.750606519706),C,5,2020,17:00:00
72b5559f61f1ad2df4771bee6271609c09af9c7014a41bb8e35278d04829f133c70568680544f396ef4b42df1ae1a63e4a9de5dda4d506e79b24ea2ce2088ec3,2018-04-16 15:05:00,UNKNOWN,UNKNOWN,UNKNOWN,NOT ON SCENE (DESK REPORT),04/16/2018 04:50:00 PM,41.997226093,-87.790350186,POINT (-87.7903501856 41.997226093475),C,4,2018,15:05:00
72c0553d670cc11d705e7474b2895781ee6d003d4b67d143d70ca60bd8f0b786508b1f0af5ec3b08d7f5237948c9c675ce2658a9eb38fc74465186699b8c736a,2022-08-27 00:37:00,CLEAR,DARKNESS,DRY,ON SCENE,08/27/2022 12:41:00 AM,41.765514411,-87.631735852,POINT (-87.631735851825 41.765514411409),C,8,2022,00:37:00
72c29e34198fb40c0c5d64732754c12357f46a24c0187f65e582c3207d2a5d21d7b38e3cb6d79b784c078f180213513dba05ed11fba5219d560acc5305fe883e,2020-11-27 16:50:00,CLEAR,DAYLIGHT,DRY,ON SCENE,11/27/2020 04:53:00 PM,41.72803366,-87.561016588,POINT (-87.561016587502 41.728033659688),C,11,2020,16:50:00
730433418d1095189000ad28719a543e9fd61da83c3d68de177dcf8a736e176353f61f19f428409629e2266ff21c7f6a9f3e068a602d7ab82a93250d30ffd62a,2021-07-29 15:45:00,CLEAR,DAYLIGHT,DRY,NOT ON SCENE (DESK REPORT),07/29/2021 04:23:00 PM,41.768238477,-87.683486957,POINT (-87.68348695709 41.76823847692),C,7,2021,15:45:00
7314503c767011e78a94ed047db22a67dcb9fe4e758017637cecd0ba0879cfe6561c9d9c50f15799433991c01e6423a94eebe4c52fe32b14e0125d7dbc785511,2016-03-15 19:14:00,CLEAR,DAYLIGHT,WET,ON SCENE,03/15/2016 07:14:00 PM,41.779807057,-87.609420877,POINT (-87.609420877432 41.779807057344),C,3,2016,19:14:00
731722bf279d01351893abc1c3b54421e66a3e86c38ca0796154cc94a69786189728ec8e4ddaaccbbd9f64f4eac40506033621ab208ff4aab0a813ae7cdd11fe,2021-09-21 12:38:00,CLEAR,DAYLIGHT,DRY,ON SCENE,09/21/2021 12:40:00 PM,41.869391026,-87.665311378,POINT (-87.665311378374 41.869391025704),C,9,2021,12:38:00
731f4a14dd71e35dbaec224f12da1e9f55c4df2bb43b1aaf85f2b1e7ce843064b22aedd386fa2a99a9d431436fa8df9cbd53bbda56cd6c01e318a81b06e47ab5,2020-04-05 14:51:00,CLEAR,DAYLIGHT,DRY,ON SCENE,04/05/2020 03:21:00 PM,41.969447637,-87.661200299,POINT (-87.661200298579 41.969447636771),C,4,2020,14:51:00