CRASH_RECORD_ID,CRASH_DATE,WEATHER_CONDITION,LIGHTING_CONDITION,ROADWAY_SURFACE_COND,REPORT_TYPE,DATE_POLICE_NOTIFIED,LATITUDE,LONGITUDE,LOCATION,CRASH_TYPE,CRASH_MONTH,CRASH_YEAR,CRASH_TIME
73237bedb78e33912bd9c9cd985d4f3da442db9dda4947002d945ad82de98fbf29c7763ff08f14910c6572f9fdd5f0e94fe16c4c211e14d884686078713c6a1c,2019-07-22 20:00:00,CLEAR,DUSK,DRY,ON SCENE,07/22/2019 08:23:00 PM,41.856233574,-87.64644926,POINT (-87.646449259812 41.856233574167),C,7,2019,20:00:00
7325a5d48aaac91501ab7a61f8c7f2cab1eef9188be6284159020739c2da3805cc452f0d24ca7bce4f56c90f30b1e7221df13ffad94dfb94dcbceba70a4a9534,2024-07-24 07:30:00,CLEAR,DAYLIGHT,DRY,ON SCENE,07/24/2024 08:01:00 AM,41.912256394,-87.641205768,POINT (-87.641205767773 41.91225639368),C,7,2024,07:30:00
733525456d75f21ab364881132954756ac429b7013aeb2d489c81a3b4cc0d0dbbe9176e83e79a758a73325215c8af397b3c20cc53a7a58f7d2b0ab19ac485d4a,2024-05-01 13:40:00,CLEAR,DAYLIGHT,DRY,ON SCENE,05/01/2024 02:51:00 PM,41.996784706,-87.697319514,POINT (-87.697319513913 41.996784706389),C,5,2024,13:40:00
73461b8cd9e0339ccc8ae7a7ba623f91407b51836bb4f7fad53113bf8a0963b7f552f825605c91a335d04557ea9d883d5f9a7f85e29096b05c1dedb20d908cd4,2022-04-23 19:17:00,CLEAR,DAYLIGHT,DRY,ON SCENE,04/23/2022 07:45:00 PM,41.901638167,-87.718812751,POINT (-87.718812751448 41.901638166598),C,4,2022,19:17:00
73b3c90b4ad5183fff21fa81bf99dcec8fff74c25f52e34ddae8a84e14a014e037646769f864c01d801448638e33d5cd8ef7cb617199c9752d904c01276552c7,2023-07-15 05:00:00,RAIN,DAYLIGHT,WET,ON SCENE,07/15/2023 08:00:00 AM,41.752057371,-87.621554667,POINT (-87.621554667164 41.752057371407),C,7,2023,05:00:00
73b27fc2a08f72f2837efdc0f1cf693839ba1b8ce94b0b98b56ea6872611d895be1fdab1486c82d4a7eb0914ead6b37be7fe3a731e14c74e38e01b62cce5e51c,2021-02-17 12:12:00,SNOW,DAYLIGHT,WET,ON SCENE,02/17/2021 12:30:00 PM,41.90608046,-87.745890879,POINT (-87.745890878556 41.906080460151),C,2,2021,12:12:00
73c112664c1571a3f80bea368759e94cfef617d0d3fdbc882fd1e8f46b9aa1e3f85f1b5bb2dbf288467fcf12ed84072ba2cff4fda3433c5c116dced00b61f2b5,2017-02-20 11:00:00,CLEAR,DAYLIGHT,DRY,NOT ON SCENE (DESK REPORT),02/20/2017 04:05:00 PM,41.755202951,-87.634265207,POINT (-87.634265207449 41.755202950596),C,2,2017,11:00:00
742d1c9ec7c4dbf92c672511d8ab8cac8336833e11225eda145d89c40b823848924ebe5cfd97a052f1d8ed64295909f47ac33903a5fab59a7aab60016c5c2b70,2019-07-19 05:20:00,CLEAR,DAYLIGHT,DRY,ON SCENE,07/19/2019 05:22:00 AM,41.924252626,-87.753562272,POINT (-87.75356227231 41.924252626147),C,7,2019,05:20:00
743a430f2d05c5792b9c4ada4c049285188aecf9d2492fbe142755f28e90b51a182dbc1bf410767c7f0f9fd3e92e7ba1360da340262e90c908ba767be6fe73b5,2024-08-11 11:00:00,CLEAR,DAYLIGHT,DRY,NOT ON SCENE (DESK REPORT),08/11/2024 11:30:00 AM,41.86682801,-87.625963269,POINT (-87.62596326902 41.866828010004),C,8,2024,11:00:00
745461724b6383a022f7296c4f9751d95b99d89818b328e955e1f61fc2230a32fa75c9ac13c66732f262069d3fceb65f653afce883ccd93c3720be42f137cb70,2022-05-10 07:46:00,CLEAR,DAYLIGHT,DRY,ON SCENE,05/10/2022 08:15:00 AM,41.939199797,-87.70978346,POINT (-87.709783460361 41.939199796708),C,5,2022,07:46:00
745c43e5e403e5728f46068f07f00966f3530ff689103f089248b7818c1222928fe6bcd1625618142f70639024a9683513748ef187ed66eda0bc34af8f67e675,2018-01-26 08:00:00,CLEAR,DAYLIGHT,DRY,ON SCENE,01/26/2018 08:10:00 AM,41.894063163,-87.62139584,POINT (-87.621395840247 41.894063162572),C,1,2018,08:00:00
7466c580c297f03c1101a15294b608481f02a8d82302456902f860f978763743e37e3f554b07dc5dc33b952a3a8ff62850ec1f22ab1bb7aa0fbbdba4e909bd52,2024-02-15 09:00:00,CLEAR,DAYLIGHT,WET,ON SCENE,02/15/2024 09:07:00 AM,41.855441369,-87.64642814,POINT (-87.646428139508 41.855441369132),C,2,2024,09:00:00
746990fb96bac3a07057e79502c6e36b4fe435b75efd83ecb235a24ec5d0c001f515c12f8305adaf0b75a29d06200dea7003b7cd312dd02eb58b09940b781377,2019-11-19 13:02:00,RAIN,DAYLIGHT,WET,ON SCENE,11/19/2019 01:02:00 PM,41.837000242,-87.71174291,POINT (-87.711742909865 41.837000241719),C,11,2019,13:02:00
747f24a0644cd5059358c272c04bcf14182ac99779daf9c5737c47e76c45c49bd488ff290ad185746ec41fab66ff33b971ba502e6e4f2c03dd13ae4267ced4c8,2021-05-15 16:05:00,CLEAR,DAYLIGHT,DRY,ON SCENE,05/15/2021 04:05:00 PM,41.875292074,-87.732183262,POINT (-87.732183262356 41.875292073581),C,5,2021,16:05:00
74948ff278ef36ed09df45cbf96c66f2eed118917a952122aeb09f750c545ad9cdce658ebac51926d6a971b2072e2374f24cd059c41eebec978edb423a860741,2024-04-18 10:20:00,CLEAR,DAYLIGHT,DRY,ON SCENE,04/18/2024 10:47:00 AM,41.800963478,-87.703622809,POINT (-87.703622809117 41.800963478135),C,4,2024,10:20:00
74dbc022510ee536ec4910f959e695407f9a5748ecd98d604b38f4157d5c58392756b006a3bdbc1bb7273a66c6eb73aed1125747b2c80605a8bb3873a13b7c8b,2020-02-05 08:07:00,CLEAR,DAYLIGHT,DRY,ON SCENE,02/05/2020 08:07:00 AM,41.70589186,-87.68145763,POINT (-87.681457630087 41.705891860478),C,2,2020,08:07:00
74e00e20a24816605f2ccde9dd6d8ce577e4d3c0fc8407475e4c11521c14b426f21c5d23ca5e2a738e556ddbaac2ef7cc701831ba32253fed78f14103b1b8c2c,2022-06-14 10:38:00,CLEAR,DAYLIGHT,DRY,ON SCENE,06/14/2022 11:05:00 AM,41.976201139,-87.905309125,POINT (-87.905309125103 41.976201139024),C,6,2022,10:38:00
74e15dbd65fcd535c314d1e179bd32f3d7ba79482992598dd0e0522e1c243eb4a3712fb6c29be30d50d60b225e5c0059c3032a6871a7df34fad6f90b506648f4,2020-08-31 14:50:00,CLEAR,DAYLIGHT,DRY,ON SCENE,08/31/2020 02:50:00 PM,41.721388463,-87.657760002,POINT (-87.657760002 41.721388463096),C,8,2020,14:50:00
74f44fb672d51d1e081b05d2ffcee9897135ed5b96d0669a95b0f7d3a181dd234ef495b7aecae5a4f1991c5e65ede937586120e77cc07adb081c1022decb6f14,2019-11-01 07:45:00,CLEAR,DAYLIGHT,WET,ON SCENE,11/01/2019 07:52:00 AM,41.895475966,-87.726218501,POINT (-87.726218501324 41.895475965981),C,11,2019,07:45:00
75182329d3dc85cb0fd4d9b4a16bbccc34aa123fb9e5b3bd08ced4f8dede9b91110475cdbceac62ebc3ad086892d84f10ec1a38589d260e4149b4352c4da83b6,2023-06-20 18:15:00,CLEAR,DAYLIGHT,DRY,NOT ON SCENE (DESK REPORT),06/21/2023 07:00:00 PM,41.893011909,-87.63910207,POINT (-87.639102069954 41.893011908832),C,6,2023,18:15:00
7527bd4402e498c9b28169720240418dab252f0bf59307e87b2ce41b32064e39cdea28a43a4eb566e208ec75bb87ecd62ae927c58e89b73dfde4c787a8bce927,2019-04-13 15:00:00,CLEAR,DAYLIGHT,DRY,ON SCENE,04/13/2019 03:45:00 PM,41.796771654,-87.75890079,POINT (-87.758900789816 41.796771653971),C,4,2019,15:00:00
752c47127c993af59ec0c57f525482bbe3cd2aae9e83b025b2b91011b491f12cfcc2a15a0244d4ed7f6ecf1e9acaf47686ff1d2f7045d3d975ae75ab06c199a9,2021-11-28 16:19:00,CLEAR,DUSK,DRY,NOT ON SCENE (DESK REPORT),11/28/2021 05:23:00 PM,41.921571958,-87.768481042,POINT (-87.768481042381 41.921571957873),C,11,2021,16:19:00
753c3629b99792414380a56fff8cedf0f324caffdb9c41041f5bb101a291725f5037075f4bc8a75e3f9a0089e6f0ea1a2071afff60953eb285c53b724ace74d8,2022-10-25 10:28:00,RAIN,DAYLIGHT,WET,ON SCENE,10/25/2022 10:30:00 AM,41.876141017,-87.691696424,POINT (-87.691696423546 41.876141017286),C,10,2022,10:28:00
7542b8553af098d89f1cc7ce88276a6ec42fadb920e0a5b44491062defbff42d1e316e508587a16ec6ad620741d2f840b4569c1e60d5818aed4f96b4c766c81c,2020-02-08 08:10:00,CLEAR,DAYLIGHT,SNOW OR SLUSH,ON SCENE,02/08/2020 09:45:00 AM,41.811511661,-87.689267569,POINT (-87.689267568936 41.811511661224),C,2,2020,08:10:00
758f42df2f5900bec4755bbbb39f76c426c37e7c9ec828e1b2ffdc4bd6f6984955c1effb93539e999b4f7f6852cac191d0f34dc1d690c1cfb1b2d4fac2cd9017,2019-03-10 14:30:00,CLEAR,DAYLIGHT,DRY,ON SCENE,03/10/2019 03:19:00 PM,41.953114847,-87.76387902,POINT (-87.763879020158 41.953114846576),C,3,2019,14:30:00
75b18eba191d5cef3f4b6b13535cc9297136cc4fe972e1cb2795e71a3af6a1e8a01168a23808dae4be94f1b04352b94f4d9887da85721d8cdd592bdb461201eb,2018-12-15 15:57:00,CLEAR,DUSK,DRY,ON SCENE,12/15/2018 03:58:00 PM,41.773167546,-87.591909581,POINT (-87.591909581332 41.773167546354),C,12,2018,15:57:00
75c29991a52017360705ce2299909c688e9e8d43d4cad6a8b81b1ef2d4993869a13d25c6f6b0857d9c8e9aab2e7e06e386833ae59d9a619f25f63cdd536805a3,2019-02-26 16:15:00,CLEAR,DAYLIGHT,DRY,ON SCENE,02/26/2019 04:20:00 PM,41.712039376,-87.603353916,POINT (-87.603353915725 41.71203937581),C,2,2019,16:15:00
75d90267d75d214d828bfabb41830ddc6eb0504c607f965335ba4c86c69baeaedd9fe163e41644176be03bf6c9d63f4a54f3ce9015384323ea4e8cc476626f6f,2020-06-08 16:07:00,CLEAR,DAYLIGHT,DRY,ON SCENE,06/08/2020 04:37:00 PM,41.754821082,-87.693006466,POINT (-87.693006465881 41.75482108151),C,6,2020,16:07:00
75f292dd1694b6c9ac5831997bc04a68b1b6233198a0a3eb1f0d57c7531451cc016adbf3461dfc2afdff7550b8f7a3b7300522b49b63f20be592ec575c9618e3,2024-08-17 18:36:00,CLEAR,DAYLIGHT,DRY,ON SCENE,08/17/2024 06:40:00 PM,41.810550178,-87.684647952,POINT (-87.68464795233 41.81055017758),C,8,2024,18:36:00
7606ac5d739edd8555e9b53fd57d4417b1bdd65cdb13a2b38ad96f3c720826fe0526c41c92ea1373184b9f6694e516f61cf617bc7cb34810a887731ca8afc3cc,2018-08-30 10:20:00,CLEAR,DAYLIGHT,DRY,ON SCENE,08/30/2018 10:41:00 AM,41.894895973,-87.74569035,POINT (-87.745690349897 41.894895973301),C,8,2018,10:20:00
7609f2ba62c882a6088d6d5fce1f0e6c0070f15d69072ea50c5fd68410607ea63cb6ea821bd00bee21b12a49ec10cacc20872a7a7d6478e84ea5dc20a7764a65,2024-03-08 12:41:00,RAIN,DAYLIGHT,WET,ON SCENE,03/08/2024 12:41:00 PM,41.73814836,-87.624337157,POINT (-87.624337156974 41.738148360267),C,3,2024,12:41:00
762c0f8deb4a71bee6783a8f6a41f5de92f78b9b868ecc6f360342d6bf28cfac091f152b24aa84fe10f57537033a7101d38492c5401ea98300238a744aad3e4b,2020-12-12 15:55:00,CLEAR,DAYLIGHT,DRY,NOT ON SCENE (DESK REPORT),12/12/2020 04:39:00 PM,41.73691189,-87.582603041,POINT (-87.58260304111 41.736911889789),C,12,2020,15:55:00
762ee22e3be58e9fb5d2aec302ad33ace167313c890a8d9079d07fc09eda526206c85535365b305f04d0dd8756d6b382c62984febbe295c0a27507bac8ea7588,2020-07-21 17:14:00,CLEAR,DAYLIGHT,DRY,ON SCENE,07/21/2020 05:15:00 PM,41.851521442,-87.724904787,POINT (-87.72490478675 41.851521442331),C,7,2020,17:14:00
76316833fe2505b615a1bad62f8a6c674f518123c77427c072a651bd6107adf316844bebd4f207d8b80292eb6b47e54a0365b0f67296d077a9eaceb387a5ef87,2018-07-28 16:06:00,CLEAR,DAYLIGHT,DRY,ON SCENE,07/28/2018 04:12:00 PM,41.909418956,-87.627456054,POINT (-87.6274560542 41.909418956491),C,7,2018,16:06:00
7635a08bebdd9a2d3e1970f9cb98d00bd368a85ba8f22703f3bc4973b283fc32c04446bf230656225684ff5638b3a7ae5c11b3d63e66e0b1429bc064144dd326,2021-04-09 13:45:00,CLEAR,DAYLIGHT,DRY,ON SCENE,04/09/2021 02:00:00 PM,41.93959895,-87.66773159,POINT (-87.667731590426 41.939598949675),C,4,2021,13:45:00
76432d01c5d10ed8d3b3a61987715c892340f6ef9323237b8edbd09d36f79cdb5becd64c0918bb1811d0737d9f886ae18fec42b8b9f902bb2f216f32c8f2debc,2020-12-10 15:45:00,CLEAR,DARKNESS,DRY,NOT ON SCENE (DESK REPORT),12/10/2020 04:00:00 PM,41.691892319,-87.682494621,POINT (-87.682494621122 41.691892318544),C,12,2020,15:45:00
7650ced77d3324beafbe0be806fec050c57d0a38db5c2f334c15d7eaa44cc788daea76e81a2f57536abca12a26b8e269c35d0da67fe495353c8c1a59684cce2e,2019-02-24 14:55:00,CLEAR,DAYLIGHT,WET,ON SCENE,02/24/2019 02:58:00 PM,41.865955968,-87.721361003,POINT (-87.721361003477 41.865955967829),C,2,2019,14:55:00
7677269c3a71a3816f01cfcc6f7e7bd3eec87a1907f0a1c6b61220ba9c17f71a636ec691403330fcbf90fde06c0b21894a2d7be7888636263349801218f6a4e3,2017-10-11 08:15:00,RAIN,DAYLIGHT,WET,ON SCENE,10/11/2017 08:20:00 AM,41.884606301,-87.626058862,POINT (-87.626058861676 41.884606301089),C,10,2017,08:15:00
7685ec3769b1e367d91a5f59e1900db96874f40ad0ddd795a2813a79cf120b6a56afea8f5eaea3ae6746a54394d99fc408b447df70871634dc709ee0c01f1172,2024-06-05 16:40:00,CLEAR,DAYLIGHT,DRY,ON SCENE,06/05/2024 04:40:00 PM,41.792211019,-87.781167153,POINT (-87.781167152782 41.792211018658),C,6,2024,16:40:00
7690e1fb3d725900bd7dfb209d4c5324e5bb14d918ae893e0f39619c0e981c8aa28e05c8d060d90c8e22a722b8237ce9974aea8a2f6728ea1b4ae69439e9ecb6,2018-07-04 14:09:00,CLEAR,DAYLIGHT,DRY,ON SCENE,07/04/2018 02:15:00 PM,41.808511597,-87.665117292,POINT (-87.665117291733 41.808511597247),C,7,2018,14:09:00
769361b0229c743ecdf9abb3a5c02d7a943354a5afe5bed8008988e14283524c52ab5ae1bc16f7a957fa1ab30aaf89193b46f51b33f5eb14c89fef7f76940ea8,2020-06-08 11:05:00,CLEAR,DAYLIGHT,DRY,ON SCENE,06/08/2020 11:11:00 AM,41.939507464,-87.687765208,POINT (-87.68776520764 41.939507463765),C,6,2020,11:05:00
76a3787fceddf13c8f0c8afa619f22e9613d240935a93af3f4a00a9b9476718cc0ec3911e9bfa7c7d7a9771a096404367dc5479756b02a333858c0b163c05508,2024-08-19 18:00:00,CLEAR,DAYLIGHT,DRY,NOT ON SCENE (DESK REPORT),08/21/2024 09:00:00 AM,41.873467424,-87.72051086,POINT (-87.72051085957 41.873467423537),C,8,2024,18:00:00
76b363f920e298aecca82a996912361097f811ba41362f797bcf48ed3c2ae2b6133037cc21f2e575c5acd127bf4b8a0c19e2b14fd3ef73d27d52e9b0ef6f7307,2017-01-11 12:10:00,CLOUDY/OVERCAST,DAYLIGHT,WET,ON SCENE,01/11/2017 12:12:00 PM,41.693754682,-87.62807714,POINT (-87.628077139891 41.693754682127),C,1,2017,12:10:00
76c0c5dd01ac2f377681016a5702fad03fa9dc8bc032f5dfad1a76536aa3b4a302e001c29f94834941758a53b3b5042d5b1e48d79a20ab6ef8615b4e3354c3a3,2019-04-02 13:20:00,CLEAR,DAYLIGHT,DRY,ON SCENE,04/02/2019 01:26:00 PM,41.758068532,-87.626516982,POINT (-87.626516982328 41.75806853202),C,4,2019,13:20:00
76e844e0169eba6b6193a153f2c26a7807ef258cbff390b2a500991042afe908370b3fa643c679604dd799509f81ddf2d17ee4d5d9ea0627044a7dc30c08f0a3,2020-09-08 06:35:00,RAIN,DAWN,WET,ON SCENE,09/08/2020 06:42:00 AM,41.886050147,-87.763532804,POINT (-87.763532803975 41.886050146508),C,9,2020,06:35:00
771b457e987345433105465bb2283531dce0be5c2719644e0cfe584e96bc07c1c2e25683e1b3de31534f56a868a47fa5785ebb5921637038b2f55f35cb64edc2,2024-04-08 20:13:00,CLEAR,"DARKNESS, LIGHTED ROAD",DRY,ON SCENE,04/08/2024 08:22:00 PM,41.866931753,-87.671471107,POINT (-87.671471107231 41.86693175309),C,4,2024,20:13:00
775277b49d35d7aa7351a26a6f7894b695cb99b773d8427cae3240220df2996412d4a26d1a68d41b4a60056e11b6a816e7a15448ac3740aa59e4434391b2a6be,2022-01-25 11:20:00,CLEAR,DAYLIGHT,WET,ON SCENE,01/25/2022 11:24:00 AM,42.004885857,-87.689920058,POINT (-87.6899200575 42.004885857336),C,1,2022,11:20:00
7758d973250d15f3058c29a426f1612bfd69b2e45b5218822b21f009f85ab976ab2636c6251f103541a1fffe71700a35e3291aee4b4573ed844284bd4db73e49,2019-01-11 14:45:00,CLEAR,DAYLIGHT,DRY,NOT ON SCENE (DESK REPORT),01/11/2019 05:50:00 PM,41.878590284,-87.664196345,POINT (-87.664196344561 41.878590283519),C,1,2019,14:45:00
77614b802942d3d565d1aea0f8ac58aa8b78221230b3a722af1b554433610d6af2480f7e63d23413df3f50cae69e6c89ee97b4d0bdeb5b6f126c1f831bc7c838,2024-03-28 05:26:00,CLEAR,"DARKNESS, LIGHTED ROAD",DRY,ON SCENE,03/28/2024 05:28:00 AM,41.911624679,-87.740520442,POINT (-87.740520441877 41.91162467933),C,3,2024,05:26:00
77d1ab3dcddfe0f2898452d8d86bc9b4745b2a3224205420d43f136ba5372771295df59a0a5d122c56e798985d73ead5a2910cdce2ed78c6630492a30b3ce2d5,2022-08-16 14:15:00,CLEAR,DAYLIGHT,DRY,NOT ON SCENE (DESK REPORT),08/16/2022 03:20:00 PM,41.735292866,-87.702374183,POINT (-87.70237418261 41.735292866002),C,8,2022,14:15:00
77d5145a74fe2a2e50999d5c31ae973ed6ab1a1d0363dc125b0e391c24e53337eacff35bad95764f343a21be8e5f0a5804a0f601d6fb87c64ffb5012a2703a79,2024-05-24 11:45:00,CLEAR,DAYLIGHT,DRY,ON SCENE,05/24/2024 11:50:00 AM,41.767691883,-87.722337651,POINT (-87.72233765074 41.767691882839),C,5,2024,11:45:00
77d73a50aab05b61f9b28fb3e5337fecb81836b4b97de3966d00eadab52fa4fdeb2881d9161a74a8beb1f7232f58e2bdd9953e41c68dec1ebd9baa09e2722e35,2017-07-03 18:37:00,CLEAR,DAYLIGHT,DRY,ON SCENE,07/03/2017 06:37:00 PM,41.878423173,-87.755141449,POINT (-87.755141448529 41.878423173272),C,7,2017,18:37:00
77d9f56e0fd52d0792e42b74dda1402561c16cd7ee2f840cde014d97dca5188ac66c5895ae11bcb22980f584bfa7a4e081c63765ecc4695e654a0cc80c293aec,2021-03-20 17:45:00,CLEAR,DAYLIGHT,DRY,ON SCENE,03/20/2021 05:46:00 PM,41.906243703,-87.669862281,POINT (-87.669862281285 41.906243703085),C,3,2021,17:45:00
77e49f736ade77330744e46a1c3f9b3a1529b13714b6e43d4ddd2caf434b70f147ac976aa779f332bb8a46b2d67718bb2f15732a26c9c424751ed503f6802127,2023-02-17 08:45:00,CLEAR,DAYLIGHT,ICE,ON SCENE,02/17/2023 09:00:00 AM,41.965024223,-87.673930014,POINT (-87.673930014325 41.965024222602),C,2,2023,08:45:00
77ea60150827c82cebd22e47d1e7a60e0672a6dd87da678b1d164eb2680d20fdc5a2aad829933bc18daea1ccf6bd8035b4fbd4fd28c3d39959e43fdc5c9f18d8,2023-11-25 02:52:00,OTHER,DAWN,DRY,ON SCENE,11/25/2023 02:55:00 AM,41.857670213,-87.630184378,POINT (-87.630184377677 41.85767021299),C,11,2023,02:52:00
780592df90e6ccf8d370bf1e27dd56d928a47bca900ec2d8129f82167fe7ea00f61217588106f13d2222a2b6c83dfcc2d41899e821843d40f370a1814f32867d,2016-01-06 14:15:00,CLEAR,DAYLIGHT,DRY,NOT ON SCENE (DESK REPORT),01/06/2016 03:00:00 PM,41.974958065,-87.84504884,POINT (-87.845048839574 41.974958065018),C,1,2016,14:15:00
781270f7f0956e89f1b820f5ab19cdd91293131331316fe7a790ea9295d5122b5dcce99d03a26a478a0c18d1aaaaa6842f5e3438789c6a9fc301f979baf5356b,2024-04-04 12:00:00,CLEAR,DAYLIGHT,DRY,NOT ON SCENE (DESK REPORT),04/04/2024 12:00:00 PM,41.883452456,-87.649598546,POINT (-87.649598546458 41.883452455942),C,4,2024,12:00:00
781add11832433b193131522fd66d24db5c04fb5b840b2cffb2aa36295d8b31cb8a8f7779a46ae4d379f9610c1221e182dd819900c4a692bcfb6ee9fdaa98f13,2022-06-08 13:07:00,RAIN,DAYLIGHT,WET,ON SCENE,06/08/2022 02:07:00 PM,41.888884115,-87.755525963,POINT (-87.755525963215 41.888884115089),C,6,2022,13:07:00
781d5d84d372fd34cae3e1f652973cdc5f184f67eaab0953feb990d5edbc8030c80b0a6461ac56e6dde1833057c1bd9eac7c2dd8bd9a26bbff175e66e7823cd2,2020-05-13 14:40:00,CLEAR,DAYLIGHT,DRY,ON SCENE,05/13/2020 02:40:00 PM,41.996159701,-87.687241487,POINT (-87.687241486749 41.996159700946),C,5,2020,14:40:00
781debda6889bae34165d0cde714a57a3dae193da3f36dfeab92f5841d21198adcb595508bc15454e7cf54712997b81e5adac24fc64108826d346da7113da03b,2024-07-19 18:39:00,CLEAR,DAYLIGHT,DRY,ON SCENE,07/19/2024 06:40:00 PM,41.772193769,-87.679530279,POINT (-87.679530279206 41.772193768956),C,7,2024,18:39:00
78268a6fbfcf64a0def9b8b5c190714bca1224f924ad879be90a0a91888afce3844fb2599b99e4bd88312c971367ebd849d08e023d553e86d45e26d5d74e28ab,2022-11-23 09:02:00,CLEAR,DAYLIGHT,DRY,ON SCENE,11/23/2022 09:03:00 AM,41.807644843,-87.732799202,POINT (-87.732799202241 41.80764484268),C,11,2022,09:02:00
783e14ef6100892eaa3983a0eb2300458ce60735b858a941760cc91eeb71228ffbefa41d1137822a85ee520ced155681781fe80f06f55c786d44471bf547cd8f,2024-04-16 18:15:00,RAIN,DAYLIGHT,WET,NOT ON SCENE (DESK REPORT),04/16/2024 07:01:00 PM,41.778598323,-87.737274878,POINT (-87.737274878004 41.778598323294),C,4,2024,18:15:00
7858d69d1487d835e81750d3fe7400f249f7402909573d3800b2174f9db8f0a917c6ffcdd81fb54abdcbaf058f8443d4fddd5d7d202f5ba0d216392e2875b757,2018-11-27 09:15:00,SNOW,DAYLIGHT,SNOW OR SLUSH,ON SCENE,11/27/2018 09:30:00 AM,41.798961953,-87.633651056,POINT (-87.633651055753 41.798961952934),C,11,2018,09:15:00
785dc1bdb246411a35edf5872cdc097d6ff8376b7316e22f4db48a47dff3d7dada025549a1baa10b50d15f59cbe814482708aa74759be72e948b4a408dcdcc1f,2019-11-22 16:05:00,CLEAR,DAYLIGHT,UNKNOWN,NOT ON SCENE (DESK REPORT),11/22/2019 04:45:00 PM,41.838743926,-87.610023253,POINT (-87.610023253 41.838743926273),C,11,2019,16:05:00
787025b242599d013a183c7d126ea23e9f62fbed61d7b6717bb22d946a7eb79a79e5c4397b6f66a556e0fbf2d033c0c0e832d91c891295e5446b8d4bad73c869,2022-01-07 10:40:00,CLEAR,DAYLIGHT,ICE,ON SCENE,01/07/2022 10:43:00 AM,41.909431231,-87.677289452,POINT (-87.677289452382 41.909431231176),C,1,2022,10:40:00
78af916cfb9c54c58e52c0038244895e48fdad00c9f537023757551ff9bd41eacaef8e260f51ffab0f375cf519d5915222e4b4332461f429c4f0a3b3bc0e070d,2019-11-05 21:43:00,CLEAR,"DARKNESS, LIGHTED ROAD",DRY,ON SCENE,11/05/2019 09:58:00 PM,41.793293873,-87.695156162,POINT (-87.69515616184 41.793293872709),C,11,2019,21:43:00
78e9988e4ce2035ba3212126a5cf4a3fac9597213ca5be403c648aaccb7060600f11eb278dda32c1f2119c28175218ba71175b4ccd7c50d9330df742b7c5bdd2,2020-07-25 03:20:00,CLEAR,"DARKNESS, LIGHTED ROAD",DRY,ON SCENE,07/25/2020 03:31:00 AM,41.764408905,-87.694186942,POINT (-87.694186941519 41.764408905261),C,7,2020,03:20:00
790f9814ed27400b47fa7898298bc54097b29109639d6ea75529bd9255daa55b842cd84a151a32afb47c2999d56885f61685f06c8cb9589f2fd5419d1ae500f9,2021-07-30 22:30:00,CLEAR,DARKNESS,DRY,NOT ON SCENE (DESK REPORT),07/31/2021 08:09:00 PM,41.811702979,-87.701794717,POINT (-87.701794717316 41.811702978771),C,7,2021,22:30:00
796d6c40d34230dc8b687f8319574f4fc1cfedb5137ef6ec95aee26582cab6aacac72e09e63be5b6093b03d3db38843505ccc908941e7d8ec9b5f6e1ad56ec35,2020-02-14 10:20:00,CLEAR,DAYLIGHT,DRY,ON SCENE,02/14/2020 10:22:00 AM,41.735292323,-87.662906596,POINT (-87.66290659617 41.73529232295),C,2,2020,10:20:00
7989638b5412c28923965ed57f06b16b2b19ae629004cafaf6867f3df3df397cfc8a2e4111df1029085af42dccad3f02608b9d18b280a262cf31cae135fee3d1,2024-02-07 14:00:00,CLEAR,DAYLIGHT,DRY,NOT ON SCENE (DESK REPORT),02/07/2024 03:40:00 PM,41.876673353,-87.727839966,POINT (-87.727839965978 41.876673353191),C,2,2024,14:00:00
7999b7dce3ee8a4091feb4a6d2f568863325751563339ba2bc241d207db3c23465b22512d3449273c5a2987e8f90cfc1300d0db24a57949ed86b8b8149a4578f,2022-11-29 09:30:00,CLEAR,DAYLIGHT,DRY,ON SCENE,11/29/2022 09:40:00 AM,41.801080593,-87.592227261,POINT (-87.592227260853 41.801080593425),C,11,2022,09:30:00
79bae442ed51df33e9cbf70a17d9e38c9e06e03ca23eaf0218a5c3ecef6a12e6a03262485398b140cbd16c1bb5182ec26c84310720b4c592bf12b4a4d7d232d2,2019-01-21 15:30:00,SNOW,DAYLIGHT,DRY,ON SCENE,01/21/2019 04:30:00 PM,41.941227207,-87.74678519,POINT (-87.746785189753 41.941227207154),C,1,2019,15:30:00
79c151c6a1c90f870dc4cb6d34495e08642fcafa8fc98487318f5d54b3d6a32529244edf1a65da89729ec832b6df1692118b3e94678dda20b8af33191e2e524f,2021-05-06 19:08:00,CLEAR,DAYLIGHT,DRY,ON SCENE,05/06/2021 07:13:00 PM,41.895053985,-87.745661762,POINT (-87.745661761541 41.895053985434),C,5,2021,19:08:00
79d0108955e0a03093158b9c07173af9ff52e62d4048b17a6e0a92228733b2be8e83dcc37381628e4a3c6ea8d96b8dda8a0622fd93dbbb47fdbb2edf5e4c6318,2022-08-31 10:14:00,CLEAR,DAYLIGHT,DRY,ON SCENE,08/31/2022 10:43:00 AM,41.924467393,-87.7191387,POINT (-87.719138699608 41.924467393021),C,8,2022,10:14:00