CRASH_RECORD_ID,CRASH_DATE,WEATHER_CONDITION,LIGHTING_CONDITION,ROADWAY_SURFACE_COND,REPORT_TYPE,DATE_POLICE_NOTIFIED,LATITUDE,LONGITUDE,LOCATION,CRASH_TYPE,CRASH_MONTH,CRASH_YEAR,CRASH_TIME
7a13aa6bf8f1e97ac036bf92f0855e7496d1017eb9034a3d1e6b6cc76f4ed2fc5763b80a31fbb13fd8ae64418763df7b4f3e4b5a09ca84137b0535da518514f3,2021-10-30 06:00:00,RAIN,DUSK,WET,ON SCENE,10/30/2021 06:43:00 AM,41.995930777,-87.695984375,POINT (-87.695984374737 41.99593077658),C,10,2021,06:00:00
7a1516a8fd14eb84ed8d1b917d16022e51476ba9d94d65eccdb81f57a031a63d8f538b9e8c628b3248f541047fd22ff1c3a5f9470941770f56b70f397c55c870,2023-03-22 11:30:00,CLEAR,DAYLIGHT,DRY,ON SCENE,03/22/2023 11:38:00 AM,41.844534517,-87.711785312,POINT (-87.711785311745 41.844534516893),C,3,2023,11:30:00
7a40155a2380e03232b59dbf10d8cc90401c6d1d6ab74063e6c78c81e6baf299601599aa695214c010d8ce330bce33fa3234ef3083c3f6ce75893e853f18de4f,2023-11-26 14:30:00,SNOW,DAYLIGHT,WET,ON SCENE,11/26/2023 02:35:00 PM,41.707222612,-87.612607953,POINT (-87.612607952611 41.707222611835),C,11,2023,14:30:00
7a4aae65b9f89a359fb66f327d25ceb1a499e06419cef5aa2185c197f542e103842f04dd4fa21c40018aab93a579a67a287bec5566c25cca6c27bc56809ac139,2022-04-19 07:40:00,CLEAR,DAYLIGHT,DRY,ON SCENE,04/19/2022 07:43:00 AM,41.774989243,-87.609310757,POINT (-87.609310756687 41.774989243481),C,4,2022,07:40:00
7a5b78bc55df683eceae16612e8df767f102e9ac67e3813dbc5953993997bb65fa5bc7ce63cf72eecff1363550784926f1356ba41b2e645715a5b1e677878322,2019-07-24 02:15:00,CLEAR,DAYLIGHT,DRY,NOT ON SCENE (DESK REPORT),07/25/2019 04:20:00 AM,41.830537679,-87.619178369,POINT (-87.619178369387 41.830537679037),C,7,2019,02:15:00
7a738045a83adfc8f3b0f568d88291fde3660d5874588ee6b9a57495440feab6fcfad3c0a86b41590c397108d8baec5e0e1921531215056bc3183a082db4cae7,2019-11-20 17:00:00,CLEAR,DARKNESS,DRY,NOT ON SCENE (DESK REPORT),11/20/2019 05:25:00 PM,42.007779349,-87.666939861,POINT (-87.666939861437 42.007779349379),C,11,2019,17:00:00
7a9273e1f69fdda57bffdce6f0e8b953cc91e625e249c210c9622e288df7977f0ae39fdcb8a1b8ebbf876b239d221815363592c172aa315bb314d08e3487880b,2020-01-05 13:52:00,CLEAR,DAYLIGHT,DRY,ON SCENE,01/05/2020 02:19:00 PM,41.938057771,-87.644480813,POINT (-87.644480812583 41.938057771229),C,1,2020,13:52:00
7a937f168ecc8fe36ad44e521de5014c33c634f419a3a9cd2c4d7995f2de2aafaad1ce1f1a776d8e0e85ec0d5ee9458574e12c0bb8112001a8f6a66c183f17af,2021-01-16 01:45:00,CLEAR,"DARKNESS, LIGHTED ROAD",DRY,ON SCENE,01/16/2021 02:00:00 AM,41.971983862,-87.70812551,POINT (-87.708125509922 41.97198386234),C,1,2021,01:45:00
7a94d176b3f3a0a10a200f489c96a7ba07a0cc8146f5f677dd7a92fa17898b30d11e98fa98c1ed2ed921cd4b7f387106bed8c179a018c15cfa0d29319c8c8b8b,2020-11-06 00:30:00,CLEAR,DARKNESS,DRY,ON SCENE,11/06/2020 12:58:00 AM,41.735760342,-87.657593094,POINT (-87.657593093798 41.735760341614),C,11,2020,00:30:00
7aad480ce8a777babf94dc695ba4eba610ac7c675ea5de2e171220ef7d9eb275896b6574a8f2d0323b8e3c60a08ef45ed014dd7ca833c8be3bed08d1251932e0,2020-12-22 13:00:00,CLEAR,DAYLIGHT,DRY,ON SCENE,12/22/2020 01:10:00 PM,41.722158964,-87.593722022,POINT (-87.593722022 41.72215896424),C,12,2020,13:00:00
7af945385738e152d7a948c3bac4b5de835c4dc98bb967ebd1fc7539164029297b4a49686971f0bc5eaed7f4650b0a22bd46cba16678bea5382e9dd05789ae9a,2024-05-21 00:53:00,CLEAR,UNKNOWN,DRY,ON SCENE,05/21/2024 12:55:00 AM,41.853078001,-87.622384297,POINT (-87.622384296603 41.853078001272),C,5,2024,00:53:00
7b42ee6668c07e3dc5fc1e50a9b74b663f23a8426a0e45948523bc8296f5ec97493d3dfb8cf96fb67da4e0d5f00fd2d83d55af004780d4dccc26dc8a2a0a955b,2021-10-19 20:30:00,CLEAR,"DARKNESS, LIGHTED ROAD",DRY,ON SCENE,10/20/2021 08:38:00 AM,41.882011562,-87.720970748,POINT (-87.720970747972 41.882011561834),C,10,2021,20:30:00
7b5d74ea5ad2bc2f8804e3a52b5862cd66220a07640bc1eb97137496acb1ff19207c87e8f8c49406c7d4ebccfee42af79c9007badea7f5acefbf099b012f8ded,2024-03-27 15:30:00,CLEAR,DAYLIGHT,DRY,ON SCENE,03/27/2024 03:54:00 PM,41.977605672,-87.84632108,POINT (-87.846321079691 41.977605671534),C,3,2024,15:30:00
7b6b34a473999d59615d9b43da6381f1a3f9614e7b47f1adb305a3ed3da762a8b4915e2f13f0db61c9798765354a065f87d6e98ba4ee9fd9d8fc69623765a477,2019-07-21 10:00:00,CLEAR,DAYLIGHT,DRY,ON SCENE,07/21/2019 10:45:00 AM,41.809008384,-87.726224093,POINT (-87.726224093313 41.809008383607),C,7,2019,10:00:00
7b6eaa9d3dc40d23ab28db69aa705e030f5df895aaae9bb8f730d2e4ff8937758e4061ee90dc9aaa0632f76053c19f842009262f72965d4426a9933552e4b209,2024-08-11 00:30:00,CLEAR,DARKNESS,DRY,ON SCENE,08/11/2024 12:39:00 AM,41.762918695,-87.675762925,POINT (-87.675762925126 41.762918694833),C,8,2024,00:30:00
7b95085a5f4e91d63f49662adb930edc3c5f4c88627228efd2a187deb0cc7f48ec96701fd8f7f9cafa1c5a82c8d36d7aa48f48a5e0d0b3d23be72c72a34464eb,2023-12-31 06:12:00,CLEAR,DAYLIGHT,DRY,ON SCENE,12/31/2023 06:13:00 AM,41.721734965,-87.62457092,POINT (-87.624570920334 41.721734965274),C,12,2023,06:12:00
7b979edefe1aad08af414cd8082a8f3d22f0e9fe7fa0f0a568c1d8b1e72253019e4d0fe32c53a40c1514426b079d79df4f78e5bcb55a67a9cecbef69c486bd15,2023-09-28 15:15:00,CLEAR,DAYLIGHT,DRY,NOT ON SCENE (DESK REPORT),09/28/2023 07:00:00 PM,41.756792071,-87.595340123,POINT (-87.595340123126 41.75679207096),C,9,2023,15:15:00
7ba3577b095606cc26c9e00799fe44c7df8adf90431ee4ef5ffefd57de5f07252db0ba7933ce68c5a22a607be9ed1fa76e78f78d417e40e9e6d4d1fb2544af05,2019-05-21 08:15:00,RAIN,DAYLIGHT,WET,ON SCENE,05/21/2019 11:20:00 AM,41.801531444,-87.711279783,POINT (-87.711279783086 41.80153144359),C,5,2019,08:15:00
7badce96987e83fc16baf8219adc4c2ecf9a2c90c94a142e19947b04bd755003898d3501cc846eecc69f84ae4e50486ac95e93c691d4edb0d868d1b92661892f,2023-02-17 10:00:00,SNOW,DAYLIGHT,SNOW OR SLUSH,NOT ON SCENE (DESK REPORT),02/17/2023 10:20:00 AM,41.908913722,-87.665057582,POINT (-87.665057582176 41.908913721607),C,2,2023,10:00:00
7bd81afb723803ea3c7d35eb3fa571e1e7234c40c569787c9c56d44715e44a66f93ae21ab0dc5991020bace12b8e211464ce6ad686379c0ad8a936564e79959d,2023-09-08 00:00:00,UNKNOWN,UNKNOWN,UNKNOWN,ON SCENE,09/12/2023 03:45:00 PM,41.739305904,-87.566198203,POINT (-87.566198202709 41.739305904037),C,9,2023,00:00:00
7be3c230b669617e47b994451069c02c78d8435cc56033b6c21048036b2fbf5161e8ccfb49f7827b2a5da1a5e4d19225389c9ba355c6b0aa9e4c3937992ff1db,2021-05-22 21:20:00,UNKNOWN,UNKNOWN,UNKNOWN,NOT ON SCENE (DESK REPORT),05/22/2021 11:40:00 PM,41.962140154,-87.645936592,POINT (-87.645936592224 41.962140154293),C,5,2021,21:20:00
7bf4f0dd73d3570cf95dcb1c49212652c8a6e94a857315dd67b1217b700fbe2a7809f9e71343e62a752ec997524493debd3341bdc80da69f0497af9f3849e70c,2021-05-14 12:30:00,CLEAR,DAYLIGHT,DRY,ON SCENE,05/14/2021 12:45:00 PM,41.86604105,-87.65599376,POINT (-87.655993759822 41.866041050303),C,5,2021,12:30:00
7c295fea2496c85d254324ccc15304a3828dd2b78bf22b39ef107dfeee005453d385b4a5e532afbaa9a707de5f6e02ff450d3d931a1288513b6af4f2c625ab7e,2019-01-27 14:30:00,CLEAR,DAYLIGHT,DRY,ON SCENE,01/27/2019 02:55:00 PM,41.99526639,-87.786083481,POINT (-87.786083480566 41.995266390265),C,1,2019,14:30:00
7c3f92155f74fe62a760655e9612f78c2cdf4eab5c718207aaff2a2da87063c92a5f9db552851bbeacabeaa1fdd8512207d825e300c1549123a6f0d55c184d13,2023-07-06 11:58:00,CLEAR,DAYLIGHT,DRY,NOT ON SCENE (DESK REPORT),07/06/2023 01:29:00 PM,41.805897649,-87.613559154,POINT (-87.61355915352 41.805897648512),C,7,2023,11:58:00
7c496a9c7896a7c4d3f8bed6d72c531cb639d2383650cc5335ebf91744fc6c94822f12bc239fe06a3e139f1242e858eec90dda9fb21b4bd2ed3f91aee684e8a2,2023-02-11 12:45:00,UNKNOWN,DAYLIGHT,DRY,ON SCENE,02/11/2023 02:43:00 PM,41.726167541,-87.68208156,POINT (-87.682081559827 41.726167540952),C,2,2023,12:45:00
7c5d92a60c813c798473a7baf8d4a32219295f255fe6e80b01bba33ea14111dfca07b9406b85949a5e8f5f5b283c985d5b1776029ee182a626eeb9294ba33bf5,2020-08-03 16:00:00,CLEAR,DAYLIGHT,DRY,ON SCENE,08/03/2020 04:11:00 PM,41.857848936,-87.705574058,POINT (-87.705574058137 41.857848935667),C,8,2020,16:00:00
7c6472c3732824afb0e1abb7df7e35d80be15c01d97d0d6771591c533c9376e9552de39cd34e56aa2bbbdbb720508f73aee4b67755b8037d44397049d5a4ad96,2019-08-21 17:30:00,UNKNOWN,UNKNOWN,UNKNOWN,NOT ON SCENE (DESK REPORT),08/22/2019 01:10:00 PM,41.953966324,-87.836838525,POINT (-87.836838525151 41.953966323507),C,8,2019,17:30:00
7c71f447b98dfe6d44507852e9a6b52376be8c20166c4421cdceaa2369446c6feff12b7f0cbcddfe32daf5a0857fca8c69cf0a20d3bc446e0d186b3f9f35cf3a,2020-08-28 13:00:00,CLEAR,DAYLIGHT,DRY,ON SCENE,08/28/2020 01:05:00 PM,41.744411397,-87.691410081,POINT (-87.691410081088 41.744411397363),C,8,2020,13:00:00
7c7b7d613bc423714a069675bdf7d9e5cbd716f7041acfa15612fb1abdd271a7de08050251f43c0b1fbc2ea9d8d39e9e180490d35d3da7f4d826663cd78c7951,2021-03-13 21:01:00,CLEAR,DARKNESS,DRY,ON SCENE,03/13/2021 09:03:00 PM,41.912696791,-87.775484019,POINT (-87.775484019261 41.912696791446),C,3,2021,21:01:00
7c89eddd7ee89abf8c41c1784fc5c7b951bd8b81f38edc1c3d455d72efa41a664e8e7dff2c399942f67310f1427f69917ab23e443b6463ee4729ab42836be59c,2019-04-30 18:00:00,RAIN,DAYLIGHT,WET,ON SCENE,04/30/2019 07:10:00 PM,41.971897,-87.67644619,POINT (-87.676446189859 41.971896999594),C,4,2019,18:00:00
7c8e21ac7db70aa9708040b0baa6d72ac129b95a2dd9f4dd3bb6c6f6a46756eb4b67736d13ab296dbcd199ced992b627bd850cb276c14174beb20380f020e325,2022-05-19 13:00:00,CLEAR,DAYLIGHT,DRY,NOT ON SCENE (DESK REPORT),05/19/2022 02:41:00 PM,41.797279245,-87.752497968,POINT (-87.752497968492 41.797279245319),C,5,2022,13:00:00
7c8ea504c284dbb5b2d5b1452b524f15c66d56bdaed6c7bf58c33c9ce4e5d7f5a684c32f39cb73ba985c90354a3fd95add781ce73f64c1f1dceaf700c15023de,2020-12-14 07:27:00,CLEAR,DAYLIGHT,DRY,ON SCENE,12/14/2020 07:33:00 AM,41.708377279,-87.663156732,POINT (-87.663156732446 41.708377279079),C,12,2020,07:27:00
7c9bce902f207b67383fd2e89e8ebbd2d1db9762ec76658f5c4cf77be1fb6b5d270de9eeb4d59df5cc7cf6cff96aee19fb3446d68da9a11e91eb72ca38cdc114,2023-03-14 11:40:00,UNKNOWN,UNKNOWN,UNKNOWN,ON SCENE,03/14/2023 01:00:00 PM,41.771325865,-87.722721377,POINT (-87.722721377294 41.771325865209),C,3,2023,11:40:00
7ca66e3b8cd1da3961627d4eaebe08446849ef6f85d4284bc354c556426db1fb9cd65dfa5cb2e3bec9673edf17dd525e5de30b21ec4ec5433b9fadc234c49739,2022-09-18 23:50:00,RAIN,"DARKNESS, LIGHTED ROAD",WET,ON SCENE,09/18/2022 11:55:00 PM,41.999340714,-87.660522709,POINT (-87.66052270852 41.999340713639),C,9,2022,23:50:00
7caae2727589b91c09ec7deb5419573904dc7e0a08be3350714ed5cfad7d1b8b9cb1e4f63a917f96de3c87a7cded79707a53bc0865fb154398cb401b05f8e074,2018-08-11 17:30:00,CLEAR,DAYLIGHT,DRY,ON SCENE,08/11/2018 05:34:00 PM,41.885862105,-87.626858645,POINT (-87.626858645214 41.885862105116),C,8,2018,17:30:00
7cb94f4700de4c6fe9e32dc4f5520328ba2fad2ae3c74b022004d5213054d1d013683eb784d55eeeaab9868d7f2d35235f5c951de3af4a4bd32d63adb3b1f665,2021-10-19 23:40:00,UNKNOWN,UNKNOWN,UNKNOWN,NOT ON SCENE (DESK REPORT),10/20/2021 12:15:00 AM,41.849347545,-87.710201529,POINT (-87.710201529357 41.849347544879),C,10,2021,23:40:00
7cbe542892b0bd05ef718c57b448b1ab8323dd3d82ee71634f14f2f2d59c36f2d57fe838f609d0a507265a4fb4924db39dee17f67516ede2caa0ab1d2f8d9269,2018-07-20 10:10:00,CLOUDY/OVERCAST,DAYLIGHT,DRY,ON SCENE,07/20/2018 10:14:00 AM,41.806572064,-87.742977018,POINT (-87.742977018188 41.806572064393),C,7,2018,10:10:00
7cc4b60e9d345263f3ff08c6611ca532b3a4037aba8c803f5fdbab8c632a7fd6623dc60b7d7f752dc48db21dd42a02cab042fbe11994513343f4b4ab338a1f12,2016-10-25 16:30:00,CLEAR,DAYLIGHT,DRY,ON SCENE,10/25/2016 05:00:00 PM,41.96074302,-87.754152057,POINT (-87.75415205705 41.960743020077),C,10,2016,16:30:00
7ce2e51de6f9ceb3bf5dc887d6fa778842c74fb60688bed1a1f0642f02b2bbb5b5b691602875e1e677c0d34e8a13ce7477f1554635124433804119dbe3e8e179,2021-06-26 13:00:00,RAIN,DAYLIGHT,WET,ON SCENE,06/26/2021 02:05:00 PM,41.85017185,-87.685439872,POINT (-87.685439871789 41.850171850344),C,6,2021,13:00:00
7cedcc975197e3caafb78f26aa41c19b4f37db7a751ab81c66db51c8646cbb15434757908c2e6bb6d7f438737a837ebf103d653a497f5b2f159b152c11fa8ee7,2019-09-10 12:10:00,CLEAR,DAYLIGHT,DRY,ON SCENE,09/10/2019 12:17:00 PM,41.942987046,-87.671331836,POINT (-87.67133183587 41.942987046125),C,9,2019,12:10:00
7d03d3f1bbf4e125e8268e0ea464e959448cd13893c85b97dd39c44a244a7a1ab7f35249e2c754c47d91b0495f9ae2411a3b54612a7fa5c2efd094ffe67f2c40,2023-07-13 23:00:00,CLEAR,"DARKNESS, LIGHTED ROAD",DRY,ON SCENE,07/13/2023 11:00:00 PM,41.829253776,-87.677544407,POINT (-87.677544406685 41.829253775637),C,7,2023,23:00:00
7d258e92389a837a9ee4c7792882430394f0f83a6fcdda81c060ecc3dbd8e783a96d3b5d891f0c6c492e7f9caebb52b14ebf09bb636d7ca8aad35e613cecf595,2018-05-03 14:40:00,CLOUDY/OVERCAST,DAYLIGHT,DRY,ON SCENE,05/03/2018 02:43:00 PM,41.737942308,-87.584950443,POINT (-87.584950443023 41.737942307593),C,5,2018,14:40:00
7d29602f5f94f91c7266b2e35b34ea2f27500a016ee375d50b8f4d0aa07319da581dc683b3a6a1e38c8402e191439bdbc2aa7248055789612a0fe86895bc9f8e,2019-12-02 04:30:00,RAIN,"DARKNESS, LIGHTED ROAD",WET,ON SCENE,12/02/2019 04:35:00 AM,41.732840122,-87.608028345,POINT (-87.608028345093 41.732840121678),C,12,2019,04:30:00
7d3978ada74aa1f7c6656c2dce671cd1c31ba79d6f7b7f2a0e561734f8051ea15414f63964d3465518ca545e57a584140fc561e2f9fdc01a6a5e430ca1f47005,2024-03-08 12:12:00,RAIN,DAYLIGHT,WET,ON SCENE,03/08/2024 12:20:00 PM,41.898313284,-87.775101658,POINT (-87.775101658446 41.89831328386),C,3,2024,12:12:00
7d5e39f7f5aed65254d4f2fae275e2527329886210475bbdc98d1f4b6725a44f679a67b1fd3ab836a71b1181152d337cf434df10fd6e17c8697f9263a2268f1e,2018-06-08 10:15:00,CLEAR,DAYLIGHT,WET,ON SCENE,06/08/2018 10:25:00 AM,41.995652274,-87.676016599,POINT (-87.67601659893 41.995652273948),C,6,2018,10:15:00
7d5fabd39354a59d0227b0ef38460d3a5c436b13f9ef5bf23e223cfa77a0a60896d4944d4f6c9bca386c87e3b61276c2fe33df72822ef48d6ef2ebfda122de41,2019-03-04 20:36:00,CLEAR,DARKNESS,DRY,ON SCENE,03/04/2019 08:43:00 PM,41.877412838,-87.676690896,POINT (-87.676690895903 41.877412837573),C,3,2019,20:36:00
7d6758a137894e5f8eca02bc4381a6508b3ec23df5380821a5d5e714241740615de6106876a436ab0a8ffc81b846a02057bb907fa70780cf0ed7f8d568999c8b,2017-10-18 17:05:00,CLEAR,DAYLIGHT,DRY,ON SCENE,10/18/2017 05:08:00 PM,41.879258117,-87.755768219,POINT (-87.755768218638 41.879258116809),C,10,2017,17:05:00
7d7c8e2b2ace873838fc9024eab1311fdfe0a2935dcb44b81e03133926fbc580a106a22cc6761b9dd6fe61b018eeeb0b25c786f9c0605d210450b5f4d2327120,2023-04-23 18:00:00,CLOUDY/OVERCAST,DAYLIGHT,DRY,ON SCENE,04/23/2023 06:11:00 PM,41.89117892,-87.611707476,POINT (-87.611707475503 41.891178920366),C,4,2023,18:00:00
7d7f45a189d3a169dab1948a000c9508d00f58086402e36c02a51dc9c0c0518652307e3c3e4e0bca9de454ca02001f014d88e4c2b4f98424ac2c437bcd4b9dd8,2024-08-23 14:10:00,CLEAR,DAYLIGHT,DRY,NOT ON SCENE (DESK REPORT),08/23/2024 03:42:00 PM,41.911108988,-87.738580226,POINT (-87.738580226463 41.911108987991),C,8,2024,14:10:00
7db8f13b595d492082d3c7dd3a70e116c23b994c6f642e3bc4f2588a17a3afadebfe86a70224eb40fd32a60c5cb4418cd7b00a9ae8d75311ce4bc62be0eaab0c,2023-12-05 15:45:00,RAIN,DAYLIGHT,WET,NOT ON SCENE (DESK REPORT),12/05/2023 05:14:00 PM,41.792943765,-87.740375955,POINT (-87.740375955088 41.792943765173),C,12,2023,15:45:00
7dbee893d5a12bc345a4cd6ba4151e8db13dcccc1566b68ad0d9222a1f08ba4601c86596f1fa79f8a36ceb3732b28c9f266f51c0a1d8f2dfcb086ba6bf821272,2024-07-13 15:30:00,CLEAR,DAYLIGHT,DRY,ON SCENE,07/13/2024 03:30:00 PM,41.743427333,-87.632181132,POINT (-87.632181132025 41.743427333057),C,7,2024,15:30:00
7dbfcf2810257a6bcba9c42f6e6aea05379d789eed4b31692a5210f415c962eb5d0bcb8c530d6ce0413950e438a511482153f204a9c263fca4d91747eea0b8f8,2020-07-02 19:45:00,CLEAR,DUSK,DRY,NOT ON SCENE (DESK REPORT),07/02/2020 08:30:00 PM,41.966859551,-87.649135042,POINT (-87.649135042071 41.966859550699),C,7,2020,19:45:00
7dcc5e4050630ce5a15a51f29c951c90075e39dbc2677deaa1615bec24d61cf93f4b51fdc09572cf6654a861e99c78d670b94ff053e93499348e2025f2354717,2021-09-11 10:00:00,CLEAR,DAYLIGHT,DRY,ON SCENE,09/11/2021 10:10:00 AM,41.892069494,-87.628224428,POINT (-87.628224428293 41.892069494494),C,9,2021,10:00:00
7e01a7c7e3ec83cc0962a0059e239a01f1bf9de3ccffd4669b1ec767ccf856acf7f9f3b900d2d75fa1d87cff48e23de6e72416221f760aff96dbb46e4a49c60c,2022-10-12 15:00:00,RAIN,DAYLIGHT,WET,ON SCENE,10/12/2022 03:45:00 PM,41.815319835,-87.699483811,POINT (-87.69948381059 41.815319834782),C,10,2022,15:00:00
7e080db654792c1f8fda65a2fd39fe67981a8d0b8bef58b2e20a846969c83d1901a053b1f123807f97c89d469c61abee01ae0f8ef3e582b1d68b3b018aebb04c,2021-03-22 12:30:00,CLEAR,DAYLIGHT,DRY,NOT ON SCENE (DESK REPORT),03/22/2021 02:54:00 PM,41.753452462,-87.564991896,POINT (-87.564991895722 41.75345246177),C,3,2021,12:30:00
7e0f4d5014682a1e4bff1b2395e7b172145d1b3e60df99e038a77fc065184ce9d05c2e9467099adbefdd61ef6643df5eeb987c1e14985fead4c8d1fcb0818131,2023-04-08 01:37:00,UNKNOWN,"DARKNESS, LIGHTED ROAD",DRY,ON SCENE,04/08/2023 01:38:00 AM,42.017245963,-87.667136365,POINT (-87.667136365152 42.017245963095),C,4,2023,01:37:00
7e3fe610c248ca52e88b782748f808e6565a527de73b59d65978b68c4dac739af85f31926a9a7bcafd0d81633e8994c413b7fbb84fde1a71dbdf5fb640d7c852,2020-09-07 14:05:00,CLEAR,DAYLIGHT,DRY,ON SCENE,09/07/2020 02:20:00 PM,41.931913273,-87.725980567,POINT (-87.725980567289 41.931913273072),C,9,2020,14:05:00
7e500e367aff33f926818bcfef748b6f6ba6f6e3fc24237a611c2d8d2f314fd81108e742f3ed519d3a9ff8ff8d37e5bd4ff6b9a7a13b0230e951181b5474d141,2020-09-03 09:02:00,CLEAR,DAYLIGHT,DRY,ON SCENE,09/03/2020 09:12:00 AM,41.897914587,-87.765651748,POINT (-87.765651748173 41.897914587103),C,9,2020,09:02:00
7e68269c1dc6f205debde1617609dc9dd43bfc54f94b9781f72b353da5f8a9f987c70c4398b4c6d44603171954b89b07c8eaf798284aa7dc8a4b5b9e5717f011,2021-03-25 09:24:00,CLEAR,DAYLIGHT,DRY,ON SCENE,03/25/2021 09:54:00 AM,41.767226884,-87.624741995,POINT (-87.62474199523 41.767226884292),C,3,2021,09:24:00
7e8224285425ef538d20890cf2b1ec4a61c6b1432ff52b5c01171943542036d8321f9bcf7f91a88734d051efc363f0a9b5cd43e4334171b30c306143f1164d14,2024-08-02 12:35:00,UNKNOWN,UNKNOWN,UNKNOWN,NOT ON SCENE (DESK REPORT),08/02/2024 02:25:00 PM,41.927477727,-87.641449776,POINT (-87.641449775903 41.927477726852),C,8,2024,12:35:00
7e8e9cfc53f78aff8f58bc8eddf028fbd0b717af591ea5f67e93e45d5bd139dae2f4dcacc2b17f558811212e4b5183183adda14723c0a5eaa7db29b7c1a39e70,2020-06-27 17:59:00,CLEAR,DAYLIGHT,DRY,ON SCENE,06/27/2020 05:59:00 PM,41.777902363,-87.653095565,POINT (-87.653095564933 41.77790236294),C,6,2020,17:59:00
7e98990c2f34eb7c3bcd97ac7f3f3f60893a8826eaf8815e9c51f1ccd6498035c1802c8517a33b674c4e4bcf93b511e71b81abaf44fe82435b956c620ae7e007,2023-07-27 12:14:00,CLEAR,DAYLIGHT,DRY,ON SCENE,07/27/2023 12:16:00 PM,41.924373529,-87.726813678,POINT (-87.726813678073 41.924373528724),C,7,2023,12:14:00
7eabf7dc39d60482aae6ee88fb3b02cc7f2c09df6147c98e60ac828db73aea23d857bacb7835661da900d93eda9ca5628b54e40c6b1e1466c61076ab7a4916de,2023-12-12 10:40:00,CLEAR,DAYLIGHT,DRY,ON SCENE,12/12/2023 12:27:00 PM,41.855032845,-87.676122825,POINT (-87.676122825234 41.855032844591),C,12,2023,10:40:00
7eb2c33600aee26ee73a8a2b530576b3750088b9f8962f7ee65eeacb9ab4e4d6276a87bf20d2e0000bd11dabae3bf9537307d3aa65e5979eae43af6a230bba0e,2018-07-20 14:30:00,CLEAR,DAYLIGHT,DRY,NOT ON SCENE (DESK REPORT),07/25/2018 11:00:00 AM,41.879129569,-87.645610996,POINT (-87.645610995779 41.879129568554),C,7,2018,14:30:00
7ec13bfeccf2367cfb04d0e28bd6e520afdaa4647f7919ee3e3a7f660262b5badca43814e0e8c57334b7a01a1294c66c4352334d2e540c79f598cf262a7f1fd0,2023-11-21 07:42:00,RAIN,DAYLIGHT,WET,ON SCENE,11/21/2023 07:52:00 AM,41.99723093,-87.71219548,POINT (-87.712195480136 41.997230930213),C,11,2023,07:42:00
7ecf345745ac43933b9be208894b5e65b4cd53c6fdb61a55495cff0985d251abd61ef3b66c51a34e728c747e124b10fd1efed10879eb8d4c8339fa860f68d742,2024-04-15 16:20:00,CLEAR,DAYLIGHT,DRY,ON SCENE,04/15/2024 05:25:00 PM,41.709496143,-87.657501169,POINT (-87.657501169194 41.709496142626),C,4,2024,16:20:00
7ee16e1beab175f5009287f7a3482f37ca4a47ac72656c6b1c217c7d486f705cdcd3c31c37c37b7481fc06fa78311542f814dc79d93eaf8b4ddb88c7cbca0561,2019-08-21 18:50:00,CLEAR,DUSK,DRY,ON SCENE,08/21/2019 06:50:00 PM,41.658993908,-87.617323449,POINT (-87.617323449305 41.658993908282),C,8,2019,18:50:00
7ee1ea2962326099048af274e769303184a576e5051b266b2d9e0552ce9b03214f54b380a9b8846b3363c51e79ae1ad439d50283655b7dd7d7fd3367a2935cad,2018-06-21 11:30:00,RAIN,DAYLIGHT,WET,NOT ON SCENE (DESK REPORT),06/21/2018 05:00:00 PM,41.90717643,-87.634737839,POINT (-87.634737839168 41.907176430353),C,6,2018,11:30:00
7f0ab36932b1dc2a5c54cd552049afab77553c41427ff6bd076e0f3b92542902595cb4eb1ac37626f89f67b88fad7c06d145975d878fe56af8e3d65f293d1b49,2019-11-28 20:30:00,CLEAR,DARKNESS,WET,NOT ON SCENE (DESK REPORT),11/28/2019 09:10:00 PM,41.85331692,-87.717914649,POINT (-87.717914649019 41.853316919754),C,11,2019,20:30:00
7f0e9a81df1d630e99ff9bab63cbfe208bf31c4c9353e2f62204e761adfe4d0b19b0478d744f738847c52f71245d18e1bd847b69db2da0d4be78aaf701478de6,2023-05-11 08:20:00,CLEAR,DAYLIGHT,DRY,ON SCENE,05/11/2023 08:50:00 AM,41.997931343,-87.699803729,POINT (-87.699803728789 41.997931343398),C,5,2023,08:20:00
7f13f8360f72f14878c5aec66246e93a68e2355296339ce09d728bf0ed05f0d2a0c00b9e2f5be9435cef6580727fc564d39f2315561a3491953d0704b99553b9,2021-11-12 06:40:00,CLEAR,DAYLIGHT,DRY,NOT ON SCENE (DESK REPORT),11/12/2021 07:50:00 AM,41.744253316,-87.670712907,POINT (-87.670712907493 41.744253315794),C,11,2021,06:40:00
7f1ab003fd3680cd4abf10692cbbc681b45bad72ab08a7fdafbacbc230f57bbb95ba5f1f0e6735f9e0f922f8d4ae04f5c6519f6dd1d46b1909da268103aea6a7,2022-11-09 08:34:00,CLEAR,DAYLIGHT,DRY,ON SCENE,11/09/2022 08:35:00 AM,41.879936828,-87.765004778,POINT (-87.765004778452 41.879936827547),C,11,2022,08:34:00
7f3a9b2da0c0456a4756cb8b3e7bc715b9ab6858fd33e5f0a332538221ab33f1ccf6a4924f17cd3b2298a7cb50a2afc0bbb34341e93ceba3932910da98843d97,2020-09-04 12:58:00,CLEAR,DAYLIGHT,DRY,ON SCENE,09/04/2020 01:00:00 PM,41.938580154,-87.783366777,POINT (-87.783366777477 41.938580153671),C,9,2020,12:58:00