CRASH_RECORD_ID,CRASH_DATE,WEATHER_CONDITION,LIGHTING_CONDITION,ROADWAY_SURFACE_COND,REPORT_TYPE,DATE_POLICE_NOTIFIED,LATITUDE,LONGITUDE,LOCATION,CRASH_TYPE,CRASH_MONTH,CRASH_YEAR,CRASH_TIME
7f4915377ecddb3da14ff0fbfbb4e156b7bf23f73844c1bf3c050d9d64a090827a9f9f99e64d4d8cb49192a015526ccd457263c297983e2a2f1f44d749f98a45,2016-06-30 14:00:00,CLEAR,DAYLIGHT,DRY,NOT ON SCENE (DESK REPORT),06/30/2016 02:45:00 PM,41.893964268,-87.62806283,POINT (-87.628062830006 41.893964268301),C,6,2016,14:00:00
7f54088fe250b82475e60b50b92437ee8b688cc3f27e2356b9522110ef8951b2c637f6ea91d9ab4a05d5014016bc695ad26349ace5143f7f0a313144607b2832,2023-08-08 20:30:00,CLEAR,UNKNOWN,DRY,ON SCENE,08/08/2023 08:40:00 PM,41.940352908,-87.638849175,POINT (-87.63884917492 41.94035290762),C,8,2023,20:30:00
7f548c5954f7fe121ca05ee701476e2bb17b6fe0b37b14f199c07baae41e2ccbba60ce8f4c51b93a352d87dc132e8d79e2d05a2882106056b99ac4a1e4bcdc34,2022-01-03 07:15:00,SNOW,DAYLIGHT,SNOW OR SLUSH,ON SCENE,01/03/2022 07:20:00 AM,41.706483159,-87.670862286,POINT (-87.670862286012 41.706483159216),C,1,2022,07:15:00
7f65df64a254dace65c41d6efe4874ed2dff728a49fc28be22063c334b1a15c50ea957112297ff397ceffde608742acc674fd19e4949dd2ac4d4797a79371a39,2021-07-18 20:12:00,CLEAR,DUSK,DRY,NOT ON SCENE (DESK REPORT),07/18/2021 08:44:00 PM,41.794957445,-87.723356565,POINT (-87.723356564996 41.794957444828),C,7,2021,20:12:00
7f676a6a7aa4a71793775e46f0921cf716eec01d5797fdddd719581bf88ed3d0e15e28bfad9beccc503ca95678e271f15323c7ee3240b5f1f0b28d88526e90e0,2024-04-14 15:30:00,CLEAR,DAYLIGHT,DRY,ON SCENE,04/14/2024 04:40:00 PM,41.770213337,-87.669885274,POINT (-87.669885274296 41.770213337462),C,4,2024,15:30:00
7f6f03222757bfa3e1b9ef8b2a331feab883f53a45b436164e76be0aa2199187796a7c55e17378cb2c963b8776d2fb8990d3cc3c51f802e78f7f0adbc96424c8,2022-05-21 10:11:00,RAIN,DAYLIGHT,WET,ON SCENE,05/21/2022 10:15:00 AM,41.685764504,-87.603287211,POINT (-87.603287211055 41.685764503878),C,5,2022,10:11:00
7f9fadd8f3b0cbe5c5d45a950d1ab840441b28b239d7e58d72deeba78a2cb7cb373b5f59cf70b83b5c1afa0546204e657c6d4c7dd3e1c719866ea549203e6821,2023-09-05 08:00:00,CLEAR,DAYLIGHT,DRY,ON SCENE,09/05/2023 07:54:00 PM,41.853043357,-87.73440609,POINT (-87.734406089779 41.853043357236),C,9,2023,08:00:00
7fa79355d4ffb0626111f683ee848596adb8dfe1ff74363f2523de1a58e84aa8740b95e2394d52f0a2bbde9749ffc6e81d6e4e17e41db23f4be506bcbcbbacfb,2021-11-27 10:05:00,CLEAR,DAYLIGHT,DRY,ON SCENE,11/27/2021 10:13:00 AM,41.960441008,-87.767094471,POINT (-87.767094470963 41.960441007642),C,11,2021,10:05:00
7fba4c09d1794f1afd8ce19717b60ad1d79d85279915fc39e08fb6d53fd5bfeff0d200673144d2932c763072119f0652d599dfeb5eafb7a4fe3c96d4b964575d,2018-10-10 19:45:00,CLEAR,"DARKNESS, LIGHTED ROAD",DRY,ON SCENE,10/10/2018 07:48:00 PM,41.779926518,-87.631979326,POINT (-87.631979325574 41.779926517686),C,10,2018,19:45:00
7fc0ecdfcad9a589b979a2a5a1b8309b362b25d73142cd777fa4dec75c02d48b65befaaf188556a2bf35038b70ac03cda6352a08bfd89318ee3d0b34064b3e43,2023-09-18 16:48:00,CLEAR,DAYLIGHT,DRY,ON SCENE,09/18/2023 04:52:00 PM,41.982567152,-87.67239131,POINT (-87.672391309886 41.9825671524),C,9,2023,16:48:00
7fc25e69021c366beec034c7c24c01cee579fe003c26dc570eabd3694d43c23d2c0e5ded7e241e3f8067e72e5c26e51fa7bb8e1b1da98f9f8be0e32729f735de,2023-05-20 22:30:00,CLEAR,UNKNOWN,DRY,ON SCENE,05/21/2023 01:15:00 PM,41.918960562,-87.767528652,POINT (-87.76752865156 41.918960562231),C,5,2023,22:30:00
7fe2cea13073ea40541c41e50d85f6000d07caf96de68ae9b250e3eb7be42d20d0894146b6d8d73a60a8250b8658e54607fc7f8eb242d8062024f5e0c93082df,2023-10-24 07:45:00,CLEAR,DAWN,DRY,ON SCENE,10/24/2023 07:51:00 AM,41.994054617,-87.660539309,POINT (-87.660539308985 41.994054616659),C,10,2023,07:45:00
7fffdcd7574805784d40633209994f1d8ca86c46eccb770724f6e2f603d245928431cf7284915e6627fa836acd9b6085504c90abe2b2bad8724eeba932b7eaae,2020-11-24 13:59:00,RAIN,DUSK,WET,ON SCENE,11/24/2020 02:03:00 PM,41.673597221,-87.570006441,POINT (-87.570006441373 41.673597220744),C,11,2020,13:59:00
800dc20f78941297c3b1da78e4505a0d30be9b041e782f66978e8b0d36554515d5951f550506fe7e6e6669e8bfdf44e53be828461fd6a0756905254118549ca5,2018-05-15 16:56:00,CLEAR,DAYLIGHT,DRY,ON SCENE,05/15/2018 04:59:00 PM,41.772459688,-87.653159852,POINT (-87.653159852272 41.772459687873),C,5,2018,16:56:00
8010b3a9e316f8c16792cd8ddaafc7084e7f16de24a0738f9df1dd17c535bb2fa3c76e62e3af8914e9a01c152eefcf66ad84bcb8ab4fa21f8c2fc16bd85cc8eb,2019-09-26 16:06:00,CLEAR,DAYLIGHT,DRY,ON SCENE,09/26/2019 04:28:00 PM,41.968454449,-87.694619915,POINT (-87.694619915099 41.968454448637),C,9,2019,16:06:00
801236949635659d40af6700b1c46a16acd5c7110169b3ab30630ee28283ac0f039d8830514150718deee26aa028512452b1020725d5d1f7299748333f6a7d7f,2022-10-27 10:30:00,CLEAR,DAYLIGHT,DRY,NOT ON SCENE (DESK REPORT),10/27/2022 05:05:00 PM,41.785860801,-87.738039676,POINT (-87.738039676383 41.785860800752),C,10,2022,10:30:00
8028169dba73ae0953bf257b5bd8f19ef2e7089e20dc09a25481e0c53fed5a175c8f737df869653d9c1768c559cb612e065ea7faa664a06e45d91537da83285e,2023-04-05 18:53:00,CLEAR,DAYLIGHT,DRY,ON SCENE,04/05/2023 06:53:00 PM,41.784955773,-87.655999797,POINT (-87.655999796814 41.784955772627),C,4,2023,18:53:00
80951ad86f6b26ebd360005b34b356e00af3f2dba3e330e36b3703f6f8ba45373a5efc8f3c7a361d2e478470172c3b18398f42c9011efaab720da29e6caade88,2019-09-21 12:50:00,CLEAR,DAYLIGHT,DRY,ON SCENE,09/21/2019 12:55:00 PM,41.868889711,-87.639098928,POINT (-87.639098928088 41.868889711112),C,9,2019,12:50:00
80af3849316983bae200e0074ca106b2bdc7bf9d8b6df612bf985cb7563442ae3f6a3f8a69d8d1b49baeea2d0fd7600f6ba40020afab4ea491d50631a1a82207,2024-03-11 16:53:00,CLEAR,DAYLIGHT,DRY,ON SCENE,03/11/2024 05:00:00 PM,41.823037257,-87.665703759,POINT (-87.665703759172 41.823037257322),C,3,2024,16:53:00
80caa5568c930aedde6283b3fbefa7aa9cbaeb815e57dd87d1530c9508959609bd3b185d7e189e9fc4bcd43013b193d372c472f22d0fa58975ed6e641cd778fc,2016-10-20 10:40:00,UNKNOWN,DAYLIGHT,UNKNOWN,NOT ON SCENE (DESK REPORT),10/20/2016 06:25:00 PM,41.934036165,-87.644553729,POINT (-87.644553728916 41.934036165104),C,10,2016,10:40:00
80ded8d088c08ac5b5c7594a079850f90c53b7cf8e5dd819c1ebb1fd106de0fa79195d684303e80bbc37492c4ea2d5797383dd00db0b64f2d478440a2604681e,2024-02-28 15:40:00,CLEAR,DAYLIGHT,DRY,ON SCENE,02/28/2024 03:50:00 PM,41.724074784,-87.585303232,POINT (-87.585303232497 41.724074783765),C,2,2024,15:40:00
80ed8c014148001c19778a20035fad9734ecbd25f99c5be11d61669a9d65aa1782a2ab2d78f1e12e4beb10ec6142723bef82c50eee630ae6425caa4675b9d653,2021-02-20 12:17:00,CLEAR,DAYLIGHT,SNOW OR SLUSH,ON SCENE,02/20/2021 12:20:00 PM,41.983391671,-87.781809237,POINT (-87.781809237422 41.983391671448),C,2,2021,12:17:00
80f3bb338895a5244accfc255a3a23940d0c91e96c51986812a3b11707b4271bcebdd871ed163993d02658fb6810ee5e65d9c36598b631c96a6008eb526fdd6b,2021-02-22 09:14:00,SNOW,DAYLIGHT,ICE,ON SCENE,02/22/2021 09:15:00 AM,41.9341401,-87.748194143,POINT (-87.748194142592 41.934140099892),C,2,2021,09:14:00
80f844d83f6a1d740bbda0b1461fa656ebc9bbdaa7fd3755c8f3dca0a7cfbb2c8827e8801c21a7916e4c2ffb758ce1cfc0861e0c7ae591ca2a169df09a025950,2019-07-17 09:17:00,CLEAR,DAYLIGHT,DRY,ON SCENE,07/17/2019 09:17:00 AM,41.728905169,-87.551373917,POINT (-87.551373917099 41.728905169337),C,7,2019,09:17:00
80fdfcec56684dbbbf65139e0e04e9f43967e234ee772888d52ed69452aff05db44d006ed7a6b2d3cc7a99bf134e1ecfb0a3f716e64c968a9dc6d3f03cfdafe8,2018-10-11 13:55:00,CLEAR,DAYLIGHT,DRY,ON SCENE,10/11/2018 02:05:00 PM,41.852991503,-87.635543855,POINT (-87.635543854644 41.852991503101),C,10,2018,13:55:00
810ce8aed979d1e4aa591823a2bf81b2661b7b4a30c438aa87aa743c47056b4ef21c5afd4c331f4d99db8d1f8020e79317a171b3726eb8afba4f457d82668e8f,2017-12-07 21:57:00,CLEAR,DARKNESS,DRY,ON SCENE,12/07/2017 10:01:00 PM,41.956749544,-87.713148869,POINT (-87.713148868698 41.956749544281),C,12,2017,21:57:00
81369fc2d3fa2b7df396e50bbebd1b64fa90bd58ccedc9b87cae038f0013f483e52bbf2a3dc3940ccda7d279ea90aa0bc7396813f5f932504553cc334f17f8d6,2021-02-20 11:10:00,SNOW,DAYLIGHT,SNOW OR SLUSH,ON SCENE,02/20/2021 11:17:00 AM,41.945467599,-87.732058654,POINT (-87.732058654116 41.945467598827),C,2,2021,11:10:00
81510901bb1c41ec02b09ba91f8350ddef6dc2c5e9da30856bdbdcb665fbd9c0662873f63fe9840e9d5a47fbfa4ce2c12a2cdf21acefbf25a7da60a3dc6c1142,2017-09-05 20:00:00,CLEAR,DARKNESS,DRY,ON SCENE,09/05/2017 08:10:00 PM,41.762932064,-87.66998179,POINT (-87.669981789616 41.762932064289),C,9,2017,20:00:00
815f10ab6403b1d765ce5213baecf74770d97e629503e18a5dea500a467bcf713d72c1dba07712a362370a49b0ea97bfc57e99406c9d341410235de033be4f13,2018-11-21 06:20:00,CLEAR,DAWN,DRY,ON SCENE,11/21/2018 06:25:00 AM,41.73554543,-87.672889586,POINT (-87.672889585567 41.735545430196),C,11,2018,06:20:00
8183e8f6b81cd5c32b1452999953bd8858256a3b632b0ee4e676a7bce6a0986eac45817e87c70520116203e045ac1ceb609dd17f2f54358b955c284c250d5ec5,2021-12-22 13:30:00,CLEAR,DAYLIGHT,DRY,NOT ON SCENE (DESK REPORT),12/22/2021 02:30:00 PM,41.997231488,-87.766818256,POINT (-87.766818255859 41.997231488192),C,12,2021,13:30:00
81ac7bc17696582950adb84728ad58993e512310da4bd7fec8d3da2fdfc21a21b957aeceab78191a11a2ee88d20728503193dec0558d0d22397ad19dd6f84455,2018-12-27 15:44:00,RAIN,DAYLIGHT,WET,ON SCENE,12/27/2018 03:44:00 PM,41.895029688,-87.721030235,POINT (-87.721030235175 41.895029687664),C,12,2018,15:44:00
81d16eb101a2dd832ea3a30d523b49226bb49c64b420a5a531a704c12a801437e6cc9bf7358ffd7fd47b0da5f47c3f416655012d2114d329995a7ae075147d0f,2017-11-10 16:16:00,CLEAR,DUSK,DRY,ON SCENE,11/10/2017 04:17:00 PM,41.844137,-87.725196172,POINT (-87.725196171551 41.844137000419),C,11,2017,16:16:00
81e42732c71f57e2fc60cd67fc23bdaffbe1d8a1b82df771468e4f6806d2f1bf972f5b5c1c605d93b5194801266ba3d150e9494eab69ac73c6bc4aa0e74681bd,2019-11-01 09:40:00,CLEAR,DAYLIGHT,DRY,ON SCENE,11/01/2019 09:42:00 AM,41.855175045,-87.645837537,POINT (-87.645837536884 41.855175045097),C,11,2019,09:40:00
81f1fa6d8f3f68f8a3131447af940eed3f3c6270ea62fcdabe6bd8f83a97e390ec07284b42c818b4787805237288265d7438b4d73a97a262468bf0aeb243ce8c,2020-11-14 20:48:00,RAIN,DARKNESS,WET,ON SCENE,11/14/2020 08:50:00 PM,41.773252586,-87.605627002,POINT (-87.605627002178 41.773252586379),C,11,2020,20:48:00
821265aafee631577314f85da92156eaa26a4283104182746d63c23e7a88feacab6ae671588e139579591ad651576388d55460004164b936ae74c9458b997702,2019-09-28 18:00:00,UNKNOWN,UNKNOWN,UNKNOWN,ON SCENE,09/28/2019 07:05:00 PM,41.750972675,-87.61695788,POINT (-87.616957880191 41.750972675255),C,9,2019,18:00:00
8231c066fc0b1b262f83197f5fc755b56b1b46952d5d9a2d1e5c6efbb11c0980bd65a2f81f46e364bd1bddb1612f9465215ed75fb99a4100b468ef06b463ef7d,2023-02-03 11:40:00,CLEAR,DAYLIGHT,DRY,ON SCENE,02/03/2023 11:43:00 AM,42.014975692,-87.675176199,POINT (-87.67517619872 42.014975691711),C,2,2023,11:40:00
823b69b6ab25ade38f18d71a077d1b31843826a0fee131ac24f7fb396633790248e950f8916e197c7732697a1335c8bff72fbfac44ece49dcb3e3ef523398ff4,2021-09-16 10:15:00,CLEAR,DAYLIGHT,DRY,ON SCENE,09/16/2021 10:19:00 AM,41.755048233,-87.561594862,POINT (-87.561594861752 41.755048232742),C,9,2021,10:15:00
823f2dd381cf5aa2f0916bd4097619e55b5847ee11fd7c17ed0461dbd93108481470174ec8bb5582e5c611d82e83eddf65a79fab9beeac1e8c44fe0d7bdc6752,2024-05-20 13:40:00,CLEAR,DAYLIGHT,DRY,ON SCENE,05/20/2024 02:21:00 PM,41.869655184,-87.643885902,POINT (-87.643885902073 41.86965518436),C,5,2024,13:40:00
824a54cdb57f191e236c3c87d95d4cb2c4bc9482c1aaaee173c00a53cd5d7dabadae40e607df76188a19292daf4e37f0905d37e0ef48d1a8f129c84f58edc938,2019-12-29 12:55:00,CLEAR,DAYLIGHT,WET,ON SCENE,12/29/2019 01:12:00 PM,41.765233847,-87.588884568,POINT (-87.588884567504 41.765233846935),C,12,2019,12:55:00
825a078de72f12c1221176e6eef87bb498155cc9d3de782cfe4473ac674055063317f481ac83190b5e92b55342cb56b962a2c2bc0ae9be8f15386e7a266dc00c,2022-07-17 00:00:00,RAIN,"DARKNESS, LIGHTED ROAD",WET,NOT ON SCENE (DESK REPORT),07/18/2022 09:55:00 PM,41.824539662,-87.703570794,POINT (-87.703570793871 41.824539662334),C,7,2022,00:00:00
825bad9ae0e92e060e957b5fef8d78229cfd9e9422f5e3814177c2eb985e0039f1db1cd97391aafed00bcf9799f9295fb33c05ed6d4946814935e59fcf63b129,2023-04-29 04:30:00,CLEAR,DAWN,DRY,ON SCENE,04/29/2023 05:18:00 AM,41.906519619,-87.691042645,POINT (-87.691042644747 41.906519618857),C,4,2023,04:30:00
82b1d40f30cc309a9dfbf04d1a155fffbf816ab49f24b666757f00055ec172cc4bf53daa41362c01440bf84ed9334f80be56140a97fbe3ad21bc1428dbe3f4f1,2021-08-23 14:15:00,CLEAR,DAYLIGHT,DRY,ON SCENE,08/23/2021 03:39:00 PM,41.757246414,-87.59856706,POINT (-87.598567059696 41.757246414228),C,8,2021,14:15:00
82b4932c3c1585f9d683f301e475eae6db97e22784b0190f7081aa0ea9d4a8cd32dc7ccc86246c25a0e45946f4181660317250e66229f4c409ea1429492912b2,2018-04-27 12:08:00,CLEAR,DAYLIGHT,DRY,NOT ON SCENE (DESK REPORT),04/27/2018 01:00:00 PM,41.882410906,-87.63717471,POINT (-87.637174710464 41.882410906485),C,4,2018,12:08:00
82b6d80de9beae55878de5194a5ab4ba45405d447ae648a40a29cc2c9316b5463f0a2fd2c16b3406340e3d9a51bb821a22232bd2a7ebdabd0335fccc93c46509,2017-02-21 13:45:00,CLEAR,DAYLIGHT,DRY,NOT ON SCENE (DESK REPORT),02/21/2017 02:11:00 PM,41.758145526,-87.63152475,POINT (-87.631524750352 41.758145526339),C,2,2017,13:45:00
82b994740a47c9dd20dfa20ff59082d993c5e72aa465169f444b4fd62207d10ee78cff86541800de0bc82da5a846ca68bde64421aa08cd4e41389e8ad6cc2d38,2023-05-14 18:00:00,RAIN,UNKNOWN,WET,ON SCENE,05/14/2023 07:00:00 PM,41.884474274,-87.613561367,POINT (-87.613561367179 41.88447427434),C,5,2023,18:00:00
82fd37e0ab7e116d6ad80e2cafaa2cd5b84fdca7edde6e0f6f331c09ae97056750e912993e1810a394fc87d6e88b1839b417f999af92beb47bbc45c27cc33bbc,2017-12-02 01:40:00,CLEAR,"DARKNESS, LIGHTED ROAD",DRY,ON SCENE,12/02/2017 01:43:00 AM,41.889614302,-87.724842852,POINT (-87.724842852174 41.889614301744),C,12,2017,01:40:00
830a93addc95df22c9a9caf80251dc4175f4e04bd04ba838851291d094c8b2bc69c696bbc20772376244417760b3c26f596ec21a09ebc420995f07095bcd01bd,2020-09-17 14:00:00,CLEAR,DAYLIGHT,DRY,ON SCENE,09/17/2020 02:30:00 PM,41.9305122,-87.76340831,POINT (-87.763408309511 41.930512200447),C,9,2020,14:00:00
8354a94d5fc1b88883e5736912467dc926f9ec0b0484555894ba39410bce77141dc7e7b67ee41a893205940bf5c3471faf06b1ba3eed1bce4931d03336a28fe1,2019-10-20 22:15:00,CLEAR,"DARKNESS, LIGHTED ROAD",DRY,ON SCENE,10/20/2019 10:25:00 PM,41.936544511,-87.746943767,POINT (-87.746943767073 41.936544511167),C,10,2019,22:15:00
8367d4713dbfe93c880b2d3c30e3ade185536b39979b0169bbc87e84874a10f145882574f2a9057e4846d7c4cb58559e92809bde129636bcfd559c255604df28,2021-03-09 09:20:00,CLEAR,DAYLIGHT,DRY,ON SCENE,03/09/2021 09:25:00 AM,41.714554471,-87.681720596,POINT (-87.681720596489 41.714554470687),C,3,2021,09:20:00
836c3703caebfe5d4e20568f4d67b4d1a33e91f0e39ddb784c640fb8cc15843faa7dc3b0718f852f706055e7f08921f28903663525e75a07aa2e22b33dc75925,2023-10-01 16:40:00,CLEAR,DAYLIGHT,DRY,ON SCENE,10/01/2023 04:43:00 PM,41.827519333,-87.682560523,POINT (-87.682560523133 41.82751933273),C,10,2023,16:40:00
83775bb456f26bc4b7fac3be706646ce2c1a4a44a68cd01f2dae70fecbd41e2a9f6b8834e2cd3cf4d062061a26eb421a929e6187897e4e5aadc48d9e3e135302,2021-03-16 09:00:00,CLEAR,DAYLIGHT,DRY,ON SCENE,03/16/2021 09:10:00 AM,41.86660196,-87.679200737,POINT (-87.679200737275 41.866601959764),C,3,2021,09:00:00
838e695504d299c3b796d98da25a49e6709c3a4554610ec6aed4411d5fad7b65072703e05c0940af8110718baa50464ca8909a6e15ac5e274b4a39b775b13854,2019-04-08 11:30:00,CLEAR,DAYLIGHT,DRY,ON SCENE,04/09/2019 10:33:00 AM,41.892187494,-87.744074377,POINT (-87.74407437666 41.892187493824),C,4,2019,11:30:00
839cc6ba1639a852b4ccde63aaf994db04cb610cdc802e7f1ce8e66e4959b389f38c9b2dd717990a8d643c26304aa49ac2602c9521e6b9799180d146b1db34c5,2024-08-23 23:24:00,CLEAR,"DARKNESS, LIGHTED ROAD",DRY,ON SCENE,08/23/2024 11:27:00 PM,41.862364412,-87.708600752,POINT (-87.708600751588 41.862364412178),C,8,2024,23:24:00
83b5eb25e0b02b71fc8483765e9c56e571b7e837bb369371f5c72237e502be9e760447c29bd7dcf743ba95181ee0abe500dba4404895c3117dcd1434edefbb06,2021-01-24 04:39:00,SNOW,"DARKNESS, LIGHTED ROAD",WET,ON SCENE,01/24/2021 04:39:00 AM,41.761878242,-87.644474625,POINT (-87.644474625472 41.761878242433),C,1,2021,04:39:00
83e63b9bdc7e7dd508799cfb143d3702afea5825aa5d3357c2b0a99f98fb9f93795d15fa8ff3fba87e3fc87b59a8c8647f7d8ce80158dc0d4dc0769eb6156ae6,2021-02-09 17:40:00,CLEAR,DUSK,DRY,NOT ON SCENE (DESK REPORT),02/09/2021 06:07:00 PM,41.779037431,-87.692320345,POINT (-87.692320344848 41.779037431186),C,2,2021,17:40:00
83f031e9d330ef0551015e6fbe629d1cdd86f1c9c11cd2782dc3e58561a2d17c5298c18388dba794d4c7e8851ab3c76bed069a37e7964da784fc58f308ac3854,2019-01-05 13:50:00,CLEAR,DAYLIGHT,DRY,ON SCENE,01/05/2019 01:55:00 PM,41.998019258,-87.67701946,POINT (-87.677019460109 41.998019258165),C,1,2019,13:50:00
840fe4463a1430635a2118b10ac6c93b03ebcf26fed27c1e4bbf84e8d2ecc0bf4474b98c9b6344209db39255c7b3979e53c5f81d9a3e8d7b861db75a9db4013b,2023-05-30 08:20:00,CLEAR,DAYLIGHT,DRY,ON SCENE,05/30/2023 10:08:00 AM,41.790692097,-87.604794578,POINT (-87.60479457816 41.790692096732),C,5,2023,08:20:00
844380cad98741c10d3f95c21569e9712abd92017016dc3ed09af6125fe880e86909988042f7fcf2d17034fd24a68f8cbaf01a4a023c98720732bd1b7d28cda2,2020-09-16 11:05:00,CLEAR,DAYLIGHT,DRY,ON SCENE,09/16/2020 11:24:00 AM,41.761460565,-87.571425026,POINT (-87.571425025838 41.761460565016),C,9,2020,11:05:00
8460eda1dc2b3832f47e7d912f4b14a40f061a8802ba22d935f7a754a938f26c93c86171f57308090140af60a0757e0e05f928041f9c8e614233779e5bf81d4c,2018-05-05 09:15:00,CLEAR,DAYLIGHT,DRY,ON SCENE,05/05/2018 09:15:00 AM,41.885417237,-87.658709731,POINT (-87.658709730596 41.885417236899),C,5,2018,09:15:00
8482baa024f9da81b507b06b3b2ba6e88456375ebae61ec75eb7dd3e82fab1096ef52a8ddc65dbce876061566d00b79c5ee7b786475d48461890e01ad09bd495,2023-08-17 13:15:00,CLEAR,DAYLIGHT,DRY,ON SCENE,08/17/2023 01:16:00 PM,41.69143478,-87.668520394,POINT (-87.668520393669 41.691434779531),C,8,2023,13:15:00
848e9001af21af989e449a2fa777150e83d25f2276998c08207dd3a6a56c214b2dba9334e9c5c19de181181fa8fefb2a568c157f14da693547bbb6efa6be221d,2023-02-08 12:46:00,CLEAR,DAYLIGHT,DRY,ON SCENE,02/08/2023 12:48:00 PM,41.96096023,-87.717976192,POINT (-87.71797619183 41.960960230483),C,2,2023,12:46:00
84912b63a21e5dd697a03212d9c641fb1de69c82d355f3de2411bc8a7cc894e10049738f829d8691125ba6d39fa0672c3807d0efd48ceee97eaccb9ce5257116,2017-01-08 14:18:00,CLEAR,DAWN,DRY,NOT ON SCENE (DESK REPORT),01/09/2017 07:19:00 PM,41.784644173,-87.801067601,POINT (-87.801067600606 41.784644172562),C,1,2017,14:18:00
8495ef54022e8319576945e2b63068e8f5573e435e96115f2f268e11dc94604832a023f864674388abd419ee13a56ccf22de40f7310c4aef055ee1f55a212d5a,2020-12-23 17:08:00,RAIN,"DARKNESS, LIGHTED ROAD",WET,ON SCENE,12/23/2020 05:11:00 PM,41.981214068,-87.837867926,POINT (-87.837867925984 41.981214068469),C,12,2020,17:08:00
849e3061a08cb91000e37951ac4db13f4404d01225353ed075b6c4d58944a4535b80ba89dafe5426ed63d139f946d764d8afefd16a006d349d74f7808a2a14ca,2019-08-28 20:37:00,CLEAR,DUSK,DRY,ON SCENE,08/28/2019 08:38:00 PM,41.735258527,-87.704631511,POINT (-87.704631510564 41.73525852675),C,8,2019,20:37:00
84beaf519c59b87446399354e714ccc47e6b3421b7ce8057dc804ff0cb485bd6cd46ec7de40a4eb044c3989d7d439beae622894d32d2b03653bce60f1efde288,2018-08-07 17:00:00,CLEAR,DAYLIGHT,WET,ON SCENE,08/07/2018 05:05:00 PM,41.802990565,-87.606572408,POINT (-87.606572407617 41.802990565468),C,8,2018,17:00:00
84d485c05e1221acb56190c7c818dbdf66326694d361e06e69bbd400458ae4a0207a7a8bd2dc2cd7599883687f23c08192d2f7e9a0c153191999789c3c6980a2,2017-12-01 09:10:00,CLEAR,DAYLIGHT,UNKNOWN,ON SCENE,12/01/2017 10:00:00 AM,41.888984093,-87.644185767,POINT (-87.644185767303 41.888984092641),C,12,2017,09:10:00
84da3ee6270dfc4dd841fdac2e652091c837c5d4bb94992ac307d31bae9b137001853f441aeb22981c42b2ccb226c9ce539b2ae98beb3bd242cbaf8252103ac7,2023-05-22 13:10:00,CLEAR,DAYLIGHT,DRY,ON SCENE,05/22/2023 01:10:00 PM,41.91754479,-87.702680569,POINT (-87.702680569275 41.917544790492),C,5,2023,13:10:00
84e999cddb1493d32ee6d1c46dddfa2f2608e502f0bf262e774c2f944b4817d4075f4592cfe929ca19ec9637a4c985ea412c9c41888c2907c432eb9262b65ce7,2020-09-29 21:22:00,CLEAR,DARKNESS,DRY,ON SCENE,09/29/2020 09:25:00 PM,41.754161137,-87.643734526,POINT (-87.643734526144 41.754161137133),C,9,2020,21:22:00
8504c6503404d9bd6b13c71bfdbd3f31013c45be58dc9f9791bb212324ce5bebe9f770d9977327d14ed13b5e61ce069206d3ec470e5e0216071cc70e5e222593,2020-12-01 14:30:00,CLEAR,DAYLIGHT,DRY,NOT ON SCENE (DESK REPORT),12/02/2020 04:55:00 PM,41.750419197,-87.683004235,POINT (-87.683004235045 41.750419197074),C,12,2020,14:30:00
85092e66bdbfbe214d15a88ba9766b900063a866c690a75126e71422ff055498ada5091836ab916fda458b4d9eca6222407bf3d7f71588b588fda10e742d3945,2020-07-15 15:19:00,CLEAR,DAYLIGHT,DRY,ON SCENE,07/15/2020 04:00:00 PM,41.788264057,-87.684028002,POINT (-87.684028002172 41.788264056992),C,7,2020,15:19:00
851786da157f72b88904bf2a754dadf46c766e110c0dd978c9ffa7391711b46d4d64b0c665843bb59359d045ee90c2901900e301bce5987dd06a9c43ac4a4c86,2020-12-30 12:30:00,CLEAR,DAWN,WET,NOT ON SCENE (DESK REPORT),01/01/2021 02:50:00 PM,41.70758462,-87.604687112,POINT (-87.604687112093 41.707584620213),C,12,2020,12:30:00
851c633fd5e3642bcfc181554a62adc44cfce16a6205e3776e38cae677faa17a361a60c224008621d893dbecb8df255c6866be9b287c6cada5dbe6fd128f48c3,2024-01-26 22:25:00,CLEAR,DAWN,WET,ON SCENE,01/26/2024 11:13:00 PM,42.005080074,-87.689924745,POINT (-87.689924744509 42.005080073905),C,1,2024,22:25:00
85274502ecbb7443d89280d70796c314c9c3fde504fd8a6baae03fca413e4f576b3af03262cdd9381120e2bf74ac20995e53f9644bd7ac7b850f44aa9966d67b,2022-11-01 16:50:00,CLEAR,DAYLIGHT,DRY,ON SCENE,11/01/2022 04:50:00 PM,41.838550508,-87.631832519,POINT (-87.631832518681 41.838550508415),C,11,2022,16:50:00
854da5b4b150ea5e29378beaafc2efeb7dad7aa08db5e5ff05effe18d29949130577ccad7490b7d82ac48fd5995d62058903c22956cc0d8d2121bf309622f727,2019-03-10 15:45:00,CLEAR,DAYLIGHT,DRY,NOT ON SCENE (DESK REPORT),03/10/2019 04:00:00 PM,41.6623102,-87.558204905,POINT (-87.5582049049 41.662310199944),C,3,2019,15:45:00