CRASH_RECORD_ID,CRASH_DATE,WEATHER_CONDITION,LIGHTING_CONDITION,ROADWAY_SURFACE_COND,REPORT_TYPE,DATE_POLICE_NOTIFIED,LATITUDE,LONGITUDE,LOCATION,CRASH_TYPE,CRASH_MONTH,CRASH_YEAR,CRASH_TIME
855066d822e5441eab6e8ae464ce0d6ad784f66c85aa0b830c1f2e5ca04abbfbf6382fb45ae00de98d2a9b8906d3a7baeaccbc5d8209114c396d21fce6d56b63,2016-09-21 07:04:00,CLEAR,DAYLIGHT,DRY,NOT ON SCENE (DESK REPORT),09/21/2016 07:30:00 AM,41.79993993,-87.735568326,POINT (-87.735568325585 41.799939929807),C,9,2016,07:04:00
855c5fb0ee9b00f3a1ff6128c3beb8696febb8339cefc71890340d7eae1c572a0ad24e2ef8e850b5a6cd3088df4c3fa80b40d85796ce0fcdc810cde3ca434645,2021-04-04 16:00:00,CLEAR,DAYLIGHT,DRY,ON SCENE,04/04/2021 04:01:00 PM,41.762526735,-87.566594977,POINT (-87.566594977019 41.762526734679),C,4,2021,16:00:00
8599c4135ba8d6dd5d8c916569ef521abc72122410c8b277464e8a0b025c8bdb7b885cbf02b1502a05214d6c0b8e9c5b50e98171f26f983a07091ab42774864e,2023-03-23 16:43:00,CLEAR,DAYLIGHT,DRY,ON SCENE,03/23/2023 04:48:00 PM,41.99754676,-87.777398953,POINT (-87.777398952566 41.997546759974),C,3,2023,16:43:00
85a0b6f7d36c30f5faea1b9ad0959215af014eabcf20693d80297dad20cd0439e3b8d4eb0ef5667b640e3933414c18a83f0d0d41f19048d840655477c3255f03,2020-02-14 08:30:00,OTHER,DAYLIGHT,ICE,NOT ON SCENE (DESK REPORT),02/14/2020 09:25:00 AM,41.841326801,-87.684519052,POINT (-87.684519051507 41.841326801169),C,2,2020,08:30:00
85b18d3f551507ca41d31cc5541fa4cddf19d1be3f08c70f806d89f153b35d3e2c155410ae71e32aa4cabd0bd5503d3e639def9ef1a4cff3c996d9f470d35888,2023-04-24 18:23:00,CLEAR,DUSK,DRY,ON SCENE,04/24/2023 08:13:00 PM,41.756329469,-87.624638786,POINT (-87.624638785875 41.756329468765),C,4,2023,18:23:00
85b70d3419faf67c9c4af6ae0ab8b3a234d5258ccae89f30fa40f23bedc2845c7789080588a6a6d6e1e8eb1f6778ce3e242e33c5d9bae464d35a3461c3d391c6,2024-04-05 07:23:00,CLOUDY/OVERCAST,DAYLIGHT,DRY,ON SCENE,04/05/2024 07:23:00 AM,41.819190986,-87.629636488,POINT (-87.629636488446 41.819190985754),C,4,2024,07:23:00
85c0b1f87f6c8e915e7ea2040664e2d95592d54f7745cf5ba3ebcc2c5d92c6592fdd9e919ffe83ce6ca28cb99ce07820a12edf3d8f60a9273aa770a527ff35de,2021-08-23 16:40:00,CLEAR,DAYLIGHT,UNKNOWN,ON SCENE,08/23/2021 05:20:00 PM,41.733585282,-87.569414568,POINT (-87.569414568414 41.733585281732),C,8,2021,16:40:00
85d6463f8a1bcca00e0e6fb627a66dd8bceb374cfa29cb8531b4c7819ee4d6c6701e29e3350684380d79888d94afa1f0c8b50fb7d57a44fc8682c4d29935bf12,2022-07-27 17:02:00,UNKNOWN,DAYLIGHT,WET,ON SCENE,07/27/2022 05:17:00 PM,41.789421206,-87.601405641,POINT (-87.601405640995 41.789421206401),C,7,2022,17:02:00
85d7835aa89f948598bf331fbf94e46aa1a591acaff0f3bf6740d225375bb29d65e563ad46d49408549ccc46cbc03f15721a1a4317eddb01814f2d0a1437319d,2019-09-11 15:42:00,CLEAR,DAYLIGHT,DRY,ON SCENE,09/11/2019 03:42:00 PM,41.8946754,-87.770085469,POINT (-87.770085468981 41.894675400146),C,9,2019,15:42:00
85e9de2a26975ca29961c5cb2455aada527e25a0c800c37f0c60e7212fe0e6209f5c940062ed7e9dee6262b501198a03d463cdc997e2b863c88e2f632bd885bd,2020-07-01 20:05:00,CLEAR,DUSK,DRY,NOT ON SCENE (DESK REPORT),07/01/2020 08:30:00 PM,41.862395604,-87.726221436,POINT (-87.726221436316 41.862395603686),C,7,2020,20:05:00
85f1826f08afd42897f5b71b24d7a126719456b64aa93d4756670377f4bd5f96916411415ddb81dd96c4786c6b6c23505be1d54100b0238c2a8c47e642a50e54,2019-06-15 00:30:00,CLEAR,"DARKNESS, LIGHTED ROAD",WET,ON SCENE,06/15/2019 01:45:00 AM,41.815877461,-87.677021716,POINT (-87.677021715583 41.815877461234),C,6,2019,00:30:00
85f6c924db7145bfab00fbe82dd0cb9538f15d2a60e0c2e1375de3b2bd9558542a3149b628b91326166ac09342460645b27184e3e30a4c6b7d4f31e6fe385156,2022-10-03 17:50:00,CLEAR,DUSK,DRY,ON SCENE,10/03/2022 07:10:00 PM,41.976533124,-87.841688582,POINT (-87.841688582115 41.976533124346),C,10,2022,17:50:00
860052d9ba76fd2649b57fdbbe9fdba410420b389bf00c98f1fc38b6202a61e00ed26c4bfb6fa0456a8f3a3555aaaac79e288c19a6c942c1177dcc190e378d10,2020-09-02 16:20:00,CLEAR,DAYLIGHT,DRY,ON SCENE,09/02/2020 04:25:00 PM,41.892619094,-87.657871347,POINT (-87.657871346893 41.892619094128),C,9,2020,16:20:00
8604e5dc4575c55a03f909f86e5a03f6183083bfc31125c95733b34b971f10604df395e940b6e5fe416e3ec1f546d41422daa77d3df3c99da71b13379b349a32,2022-10-29 15:53:00,CLEAR,DAYLIGHT,DRY,ON SCENE,10/29/2022 03:53:00 PM,41.901956473,-87.637338255,POINT (-87.637338254708 41.901956472643),C,10,2022,15:53:00
861a2a41b8945bd40ea4034e990e3b9c84b06a6e5d1502fbe657a2afc9df3afc922e2d827d0e4be5d9af426b0e27bd285c4c04ce9ab48bf15cb85f7766e08ff1,2023-07-17 13:30:00,UNKNOWN,UNKNOWN,UNKNOWN,NOT ON SCENE (DESK REPORT),07/17/2023 02:30:00 PM,41.900673089,-87.62616122,POINT (-87.626161219977 41.900673089475),C,7,2023,13:30:00
86256b9a2f3a4cb3196e9028f6840f4b8a31885ada6625e3c9a417c337f07e1796cf88985ae6eb8bbc3446f82bc0801e97c7caa4d4467ee65a938c12c4fb2ec8,2021-07-29 16:59:00,CLEAR,DAYLIGHT,UNKNOWN,ON SCENE,07/29/2021 05:49:00 PM,41.714977239,-87.598495409,POINT (-87.59849540857 41.714977239021),C,7,2021,16:59:00
865ad567b6841d23773b0f8c4bcf6dd838cace6844d655849d180646c44cd3b1b7de4f31dfbaf80c1bbe4d08a9fe5c33ef69292124ed60c47555a0a16366db70,2019-07-17 14:00:00,CLEAR,DAYLIGHT,DRY,ON SCENE,07/17/2019 02:05:00 PM,41.892457694,-87.622188014,POINT (-87.622188013582 41.892457693884),C,7,2019,14:00:00
865dcc84091a1fcbb980fdf207a08c7a3648957d4d4ea05cd30d1b0d9aa174e60c1ab98552ac283600e973b88d6950ea4dd5c15484f3b1f8c0ca9d09d9fd00f3,2022-08-11 14:30:00,CLEAR,DAYLIGHT,DRY,ON SCENE,08/11/2022 03:51:00 PM,41.915321304,-87.749238674,POINT (-87.749238673718 41.915321304248),C,8,2022,14:30:00
865ee50770f247fdcb8b35a7a7f7a27f4a9e4509fa776826b58de7c706f8ca9364ad1d7308b1c07e495997e6f5a192df264b2533426fed0741f33d40f2964717,2022-01-14 12:28:00,CLEAR,DAYLIGHT,DRY,ON SCENE,01/14/2022 12:31:00 PM,41.765386426,-87.639640762,POINT (-87.639640761723 41.765386425845),C,1,2022,12:28:00
86715b523712b2a63d3e07b7680529dbbd44a3e00247a70c721548bb10583b82478326afd6421065be12e823f250a5c38aee96e1483b2c4b84c31430554deb2a,2017-04-30 03:15:00,RAIN,DARKNESS,WET,NOT ON SCENE (DESK REPORT),04/30/2017 03:35:00 AM,41.895303846,-87.721129104,POINT (-87.721129103593 41.895303846381),C,4,2017,03:15:00
869f37d2b48f12432eb7f8a56f3c28e52fa879de23c90b69e3dc0a0f1141b6baee161d871339f78a6e93dc62650c9cf11156e6139461adef6ae5ade40833b44e,2024-03-01 09:30:00,UNKNOWN,DAYLIGHT,DRY,NOT ON SCENE (DESK REPORT),03/07/2024 07:15:00 PM,41.887557873,-87.628153065,POINT (-87.628153064672 41.887557872813),C,3,2024,09:30:00
86ba8d24105b2c23b69fc9f82dcb093c11d5711f591629a43ea1b07ea3ef5aafad29c443887af4fd793aa5346f4e5ec769c2ae14ced96a2211eb5f187aae7677,2023-05-12 17:05:00,RAIN,DAYLIGHT,WET,ON SCENE,05/12/2023 05:07:00 PM,41.764423869,-87.578165695,POINT (-87.578165694964 41.764423868722),C,5,2023,17:05:00
87102790098cda2fd946e264e1d91bd0b2d66c2938a4c80b706bac62918b196f1dd11fba7f0dcfbc845445577c518af3fec82e09a5a998601177f3ae35a3914d,2024-01-27 10:10:00,RAIN,DAYLIGHT,WET,ON SCENE,01/27/2024 10:18:00 AM,41.854333954,-87.63204756,POINT (-87.63204756042 41.854333954143),C,1,2024,10:10:00
872596f78f60412c28d9fc428546b1ed8954d3ec9e987c932715b5d3b67f519a97f13d56bc8263795503c3282eeeaadc81157a8143c32088665ca064b759d7d3,2022-10-06 05:56:00,CLEAR,DAWN,DRY,ON SCENE,10/06/2022 06:00:00 AM,41.891538491,-87.629486408,POINT (-87.629486407789 41.891538491228),C,10,2022,05:56:00
872d7fbc704a4e383b667a38f0d7dfe4ef053a3afa8ea37aaa96177b9e9e07561c854669ad17eacac506b74e62c11ac202eab31ce7cf2bacb6596359c6525418,2023-12-18 08:30:00,OTHER,DAYLIGHT,DRY,ON SCENE,12/18/2023 09:08:00 AM,41.863470815,-87.660442007,POINT (-87.660442006727 41.863470815354),C,12,2023,08:30:00
873df18c54214047b36655815a1936b44cd62c55c43d9b3d84a1c7c6632b9e279f81fadfb3a8579380500b68f51beeb42f96d573c4e534772042c76a3ef39df4,2021-06-04 10:57:00,CLEAR,DAYLIGHT,DRY,ON SCENE,06/04/2021 11:00:00 AM,41.844311565,-87.705183107,POINT (-87.705183107117 41.844311565435),C,6,2021,10:57:00
8762cb2036d1ea5454ff69906bf073b882517998bdee88f06f595e68c6ae9df2c441277455e2b8b1e58e51bc1dacc2aec447c94309ccdd5c4744fbad43f746a4,2018-05-28 16:50:00,CLEAR,DAYLIGHT,DRY,ON SCENE,05/28/2018 05:18:00 PM,41.996315016,-87.675911176,POINT (-87.675911175685 41.996315015559),C,5,2018,16:50:00
87693d872609538250c57c7b1eafe784ad9162bae379d8017dfe0a924c7f6cf57b22f03416e3013095886598ff33958a1e8f2f1f725c84398afe0567f57fd7b2,2020-05-05 08:00:00,RAIN,DAYLIGHT,WET,ON SCENE,05/05/2020 08:10:00 AM,41.780840018,-87.69270644,POINT (-87.692706440495 41.780840017846),C,5,2020,08:00:00
876e57857bfc61b25ae6b2677b10566cc41bb0ffcbebe5b1e3fb253a80fe09d028549cc59ca734e830e894090e8144eef19413c0a0aa125919c93d6fd4ff01e4,2024-06-26 09:15:00,CLEAR,DAYLIGHT,DRY,ON SCENE,06/26/2024 09:20:00 AM,41.940975922,-87.64763446,POINT (-87.647634460456 41.940975921661),C,6,2024,09:15:00
8773b2c9a8c559edbbc769aa3e2279f4f03583300e4c36daf91ce682bdc9700cd05b6578ec2d04b726b8ec5cb192ea58fe17f87aa33aee3f7866d60beb4dcb5e,2020-08-15 15:28:00,CLEAR,DAYLIGHT,DRY,ON SCENE,08/15/2020 03:28:00 PM,41.997797631,-87.70102396,POINT (-87.701023959984 41.997797630655),C,8,2020,15:28:00
879176e1b7953b0a8c87ba5ff4521698bc0ab0e376574429752c2ef9ceb92e8c5e0d23ac3dd6e5bf092af0ffc9fd583863c1868fa8c97dd633960006d8abaf38,2019-07-17 08:25:00,CLEAR,DAYLIGHT,DRY,ON SCENE,07/17/2019 08:27:00 AM,41.884879967,-87.717256818,POINT (-87.717256818294 41.88487996729),C,7,2019,08:25:00
87f1e9358678e368f28a4df4f5fa2460a4feba8c8961bfd8160ad94b18bb3aea09f5fbbec45d4b6a8802440e1b2a9a570bc3fcabb3205a0b1b7fb201f5d14740,2021-07-24 15:00:00,CLEAR,DAYLIGHT,DRY,NOT ON SCENE (DESK REPORT),07/28/2021 05:12:00 PM,41.736571688,-87.602330765,POINT (-87.602330764938 41.736571688024),C,7,2021,15:00:00
880021be6134d3f3ea53bf2e00803a3ff4264c6f0a0ea82e37ec2a413b4d2e1ea39e47c81697a308bd0428e9d15e946d65e4011d1e87f47cc74bdee217bda1fa,2024-01-17 21:30:00,SNOW,"DARKNESS, LIGHTED ROAD",ICE,ON SCENE,01/17/2024 09:30:00 PM,41.86221161,-87.728577004,POINT (-87.728577003592 41.862211609839),C,1,2024,21:30:00
880d11481fa3c2694bbcc5b966310faaa323035dbe07c1816495bfd61e35a3282e8e190addec63fb71d17dd534d49e86189c28d885af70df588e06dd642770b1,2018-03-24 09:20:00,CLEAR,DAYLIGHT,DRY,ON SCENE,03/24/2018 09:27:00 AM,41.817680117,-87.665333633,POINT (-87.665333633124 41.81768011732),C,3,2018,09:20:00
8811898901a5ce5b2566d163ffd4cdd6c914d1452e994ceea4c1d99c02741502151572025a254d29cf29feb0975c83cfaefb902f5279c945056bbf09e123e3f0,2023-09-13 22:19:00,CLEAR,"DARKNESS, LIGHTED ROAD",DRY,ON SCENE,09/13/2023 10:19:00 PM,41.762400868,-87.578203379,POINT (-87.578203378901 41.762400867962),C,9,2023,22:19:00
88179e3b161b4444b7e138ac1259653101249ce16a703521e33e8e6d4c841004df84903fef64f1874e80dd86eb55438e485b1f09cb2b64eda22324f2684cd7c6,2017-09-15 23:35:00,UNKNOWN,UNKNOWN,UNKNOWN,NOT ON SCENE (DESK REPORT),09/17/2017 07:20:00 PM,41.794560071,-87.631928475,POINT (-87.631928474832 41.794560070768),C,9,2017,23:35:00
8834dab012e7b30a0bd6acbc42328391aae1690ad994a8f9a60b233d09753bd38b98ac822498fe78e59f5fde7c3551cb6ab621f7c39af24bf62c0691661440fc,2023-04-09 08:40:00,CLEAR,DAYLIGHT,DRY,NOT ON SCENE (DESK REPORT),04/09/2023 08:43:00 AM,41.853564416,-87.705159024,POINT (-87.705159023829 41.853564415649),C,4,2023,08:40:00
8852286712e1ac66819534e295ee2ab8712d93512e2ca3b549afc5e1de2aa46f0a9f178765c8bb3690473e1252b1483a35bfa4ec07b27c3ed3664e5832c07f2a,2017-09-29 21:40:00,CLEAR,"DARKNESS, LIGHTED ROAD",DRY,ON SCENE,09/29/2017 09:40:00 PM,41.752019119,-87.552960635,POINT (-87.552960634963 41.752019118746),C,9,2017,21:40:00
886019ad2d8d9274654af844e726c815b11f4403ce27ca9bfd7597242881d06839057b73225778d2cf3de616006a236c7d65fb083eb8861725686e00a2176591,2024-08-12 08:17:00,CLEAR,DAYLIGHT,DRY,ON SCENE,08/12/2024 09:50:00 AM,41.933393116,-87.703640986,POINT (-87.703640986176 41.9333931156),C,8,2024,08:17:00
8866db267398fbcc4ac04173961be5a15cc28365d35cb69b0009fdca1eaed4de03366c857d428078208659dc0ae63d055ba6406548a28121ebca2f4e60190d7e,2018-07-25 13:15:00,CLEAR,DAYLIGHT,DRY,ON SCENE,07/25/2018 01:45:00 PM,41.658292,-87.633572773,POINT (-87.63357277261 41.658292000002),C,7,2018,13:15:00
8881688848bfee15b048e1d372a9bfb06a57f6a1eca0df9b263377359dafbb19d4bfa632449d7037b200e26e248d1e1249f31155bfadc27655672d88eb4466ff,2020-12-11 09:20:00,CLEAR,DAYLIGHT,DRY,ON SCENE,12/11/2020 09:29:00 AM,41.991044402,-87.787732277,POINT (-87.787732277446 41.991044402318),C,12,2020,09:20:00
8888c8fb93d6f27ae2e1902c5b2efbb11b16a9b2c52e184515bf1b1820ff318b24e38520b3c9ce0140de1d14e22442916072a5c846a5f614e4896c294f4aaa0f,2020-06-12 19:20:00,CLEAR,DAYLIGHT,DRY,ON SCENE,06/12/2020 07:25:00 PM,41.975765419,-87.785227726,POINT (-87.785227726148 41.975765419442),C,6,2020,19:20:00
888d66618ac502521933ceff470782678153d7a03d1602dcfacdc3c5adee8a6d97755f1af6a734bd03cdc98d4ef0e900897523daf612cb05c9f2202dd2b2bf39,2023-12-19 12:42:00,CLEAR,DAYLIGHT,DRY,ON SCENE,12/19/2023 12:52:00 PM,41.751036601,-87.625807148,POINT (-87.625807147846 41.751036600941),C,12,2023,12:42:00
88a06aa4ae8dc90b61296ad9630d57d44077f05b36f2e2ec750d133d78a4d340a52ef00eeedf18a3438d7d2a322827db88770ded4b01edc91f0d8f9a867cced2,2016-12-06 18:40:00,CLEAR,DUSK,DRY,NOT ON SCENE (DESK REPORT),12/06/2016 08:05:00 PM,41.816901708,-87.724051536,POINT (-87.724051536308 41.816901707548),C,12,2016,18:40:00
88a6900654937f2a674dec54a9b2f700e0bb4fb7f0470ebe16cda17f2a77f9bd7f6b122e9eac8b6f218537ac9fa917deba1542de9add781f8b0514818906bba9,2022-04-17 11:00:00,CLEAR,DAYLIGHT,DRY,ON SCENE,04/17/2022 11:05:00 AM,41.908002955,-87.648050617,POINT (-87.648050617433 41.908002954608),C,4,2022,11:00:00
88a765c2eea8a9d2105229d514a933589ba5aaf001066029cb134ead02409b89fcd3fe3a100ccf52bec1203359fe78b0778d0f27befeea420d5da58d354a1fc9,2022-06-08 13:50:00,RAIN,DAYLIGHT,WET,NOT ON SCENE (DESK REPORT),06/08/2022 02:30:00 PM,41.86839109,-87.66657797,POINT (-87.666577970207 41.868391090452),C,6,2022,13:50:00
88c8f2ba13611aba661182e2d47da8039566ae81f3c4e4ea4b759b57abc817a86330ce6d250ae019d435e0c1b8fe57d87e0b8eabf1fc177dfa490db85072bf8f,2021-05-10 14:51:00,CLEAR,DAYLIGHT,DRY,ON SCENE,05/10/2021 03:00:00 PM,41.99715271,-87.722724527,POINT (-87.722724526937 41.99715271031),C,5,2021,14:51:00
88d0cb369aa6b4666bf6b4678cabdc8c7e9b2b9e4ce7d07b133970d6900e1131bc5c9ada1c327831dc7d2da929cb50a09fc50a9e38b0d57dd87d753948f4f680,2019-09-23 12:30:00,CLEAR,DAYLIGHT,DRY,ON SCENE,09/23/2019 01:35:00 PM,41.83514681,-87.695111763,POINT (-87.695111763208 41.835146810007),C,9,2019,12:30:00
890694a0912c48a388ee12737d3d61a6c2f0726dfc31bf605cae1036c550460014b063ad7875f6fe5f0feb17d9efbfebae30a0ee29da9b0c997b298f439f6489,2023-10-29 15:09:00,RAIN,DAYLIGHT,WET,ON SCENE,10/29/2023 03:10:00 PM,41.969249364,-87.651101613,POINT (-87.651101612563 41.969249364359),C,10,2023,15:09:00
892821fc6adaa72c6f89c5529365e59160a66d3f495a0fb8bffb6f2c6bf23a62e759fa6ef23336bcfb6a92a734ad724f8c715fbfd6067c69a5c81562dbb36f39,2022-05-13 14:58:00,CLEAR,DAYLIGHT,DRY,ON SCENE,05/13/2022 03:06:00 PM,41.937624894,-87.638734814,POINT (-87.63873481368 41.937624894207),C,5,2022,14:58:00
89772bf7814587433c29bf1bd14a3d5af7060ad39f5dc04ab7724233a7071e380ce912de820215cb0aea72bc9b73ece5ce59f79ae0d8b2047de1b576976fc714,2018-07-09 14:30:00,CLEAR,DAYLIGHT,DRY,NOT ON SCENE (DESK REPORT),07/13/2018 06:48:00 PM,41.734971926,-87.669269716,POINT (-87.669269716271 41.734971925662),C,7,2018,14:30:00
89868495279b922b99ff28d7040fe633fc4bf2e2ad6761908bfb301a4c0d29a518b6c5998526c4b4bfdd995a508071927dafee56d08241c70002fd7e9da56f9e,2022-09-24 08:00:00,CLEAR,UNKNOWN,DRY,NOT ON SCENE (DESK REPORT),09/24/2022 02:30:00 PM,41.691889852,-87.680345186,POINT (-87.680345186481 41.69188985204),C,9,2022,08:00:00
89980d01a9600e324d15cd8975e1e5bc84e324aa6b519c88325de8f70f2411b965d46339e722d11be255c4a72e1944faf252b8802528b4104b91892e73818b90,2021-10-24 19:49:00,RAIN,DARKNESS,WET,ON SCENE,10/24/2021 07:50:00 PM,41.737967707,-87.583198466,POINT (-87.583198465873 41.737967706886),C,10,2021,19:49:00
899b9742b2d5c376f522ffdbeeb70cc997143e2d1622068f7bfc7fb5f378d09f85e866fda60d6683592eb3a14981c193b1486eca138e6a1ae906b5455d73ec7c,2022-10-12 05:50:00,RAIN,DAWN,WET,ON SCENE,10/12/2022 08:02:00 AM,41.876914678,-87.745193272,POINT (-87.745193271853 41.876914678407),C,10,2022,05:50:00
89aec27c80b2e81cbda5394ec99c8a6e81ea87778317bee2a6c08c5a3bc318c85e8f343af497b00fd3a77b3ed56cded083fc5e76b556443a4ad816651ea797f7,2024-08-11 14:50:00,CLEAR,DAYLIGHT,DRY,ON SCENE,08/11/2024 02:55:00 PM,41.793578422,-87.662469751,POINT (-87.662469751036 41.793578421987),C,8,2024,14:50:00
89d36138797bcd40eae6f436033db8061c8d9cf198ecc48e0c71d7705c83dcd3412a27e920f19b0ce7269c58aacbd38227a3d9ef5cd63d4de830e1cb13dc435d,2024-02-01 09:30:00,CLEAR,DAYLIGHT,DRY,ON SCENE,02/01/2024 09:31:00 AM,41.940141417,-87.645005471,POINT (-87.645005470511 41.940141416543),C,2,2024,09:30:00
89d9077636225673509caabdc0a9718f635e1e3c5d90c769ef4c2e9fc46bd2cabf2fcee77d1ea641207ca0c3d9ab96dc2a476ed0bea936440c41b79a1d40b03a,2023-03-01 08:05:00,CLEAR,UNKNOWN,UNKNOWN,ON SCENE,03/01/2023 08:09:00 AM,41.898573509,-87.767891335,POINT (-87.767891335283 41.898573508834),C,3,2023,08:05:00
89e20686d45f026418bde59426d3ba9ed8649fb5994398abc5ba71b338c2a1f11269b49559106b78fa44f05d3b8245c747cbdabca70085dbd78b92ed28a9baa7,2024-08-21 18:57:00,CLEAR,DAYLIGHT,DRY,ON SCENE,08/21/2024 07:10:00 PM,41.960792445,-87.731815056,POINT (-87.731815056415 41.960792445205),C,8,2024,18:57:00
89ea5f1e96b4d3ea8c38e9ac3d74fe2acfcac7dac76a5c131156ab0d2c528e7c0bb23f40e11e8f2f694c760676e41f38fe92e8765e722a578b922d8d9b83f789,2024-01-05 11:53:00,CLEAR,DAYLIGHT,DRY,ON SCENE,01/05/2024 11:53:00 AM,41.755913636,-87.586178291,POINT (-87.586178290691 41.755913635737),C,1,2024,11:53:00
89f26163f1aa7832e718998961aa97c22522e4620edcaefb19652c39849564c90619635844e6afa64deae2bfe27b41959afcf8ff57fdd42a4459a5f6268088c5,2019-02-03 09:24:00,CLEAR,DAYLIGHT,DRY,NOT ON SCENE (DESK REPORT),02/03/2019 03:39:00 PM,41.721701297,-87.633557775,POINT (-87.633557775033 41.721701296874),C,2,2019,09:24:00
8a0908200556c2cc1fa5fb39f3fb6155c722609e9f8af817e629d8d6f1adc90973fe9ebaf735bba57440b971b738a587ad20238dfc9959bbaa63f6f4d0785e5a,2021-05-01 16:00:00,CLEAR,DAYLIGHT,DRY,ON SCENE,05/01/2021 04:34:00 PM,41.801166401,-87.59806874,POINT (-87.598068739553 41.801166400976),C,5,2021,16:00:00
8a3b7fffcf88120f0f7d26a26e1e09d32858b1001e56d91e149c91bcf629e8304e3ff830d6c10464067a07dc2882c5f2f243d04cfb0ab8c1b8f53869575e7ff6,2021-08-09 15:45:00,CLEAR,DAYLIGHT,DRY,ON SCENE,08/09/2021 03:57:00 PM,41.991285715,-87.803699668,POINT (-87.803699668275 41.991285714701),C,8,2021,15:45:00
8a4eaf2050a03ffd0401be63c4ae79fb829dead2309860aa7037bfb6aa14e0ced82577d3f715630cf7ec1b854fb05a4dc9865a8611f30f8fca89e6ae4c807934,2018-08-28 14:45:00,CLEAR,DAYLIGHT,DRY,ON SCENE,08/28/2018 02:49:00 PM,41.781159727,-87.771473478,POINT (-87.771473478205 41.781159727409),C,8,2018,14:45:00
8a514ac77bf4231a5aacdce96dd714e112b0ea6d839dd3723f234bb9dd65a39fb6b299ff7419df17e3c110b7e3e2ddc78ea0e421bfb09a61f9f8578573800c9f,2018-05-03 09:00:00,CLEAR,DAYLIGHT,OTHER,ON SCENE,05/03/2018 09:25:00 AM,41.803383278,-87.591721831,POINT (-87.591721831232 41.803383277547),C,5,2018,09:00:00
8a52b4ee6fa6d736dd25bf98d4c927e8f0142f53f1a09596e470f34d3a54a032de985b869c9a332e77346c19b211c28fc034d699a65836639f5886cb91ffc97d,2019-08-28 14:48:00,CLEAR,DAYLIGHT,DRY,ON SCENE,08/28/2019 03:10:00 PM,41.885821975,-87.676617273,POINT (-87.676617272755 41.885821975202),C,8,2019,14:48:00
8a5e2041fd4e8421bdd7a0c1cc5869e123871ae2ed008af8a0debba79a5f936c3b42830335b2a9062d15a0eaa0c889415a460ef1fcf6055349d09c6c3d8d87f3,2023-03-06 19:32:00,CLEAR,DUSK,UNKNOWN,ON SCENE,03/06/2023 07:38:00 PM,41.722439476,-87.586185836,POINT (-87.586185836462 41.722439475881),C,3,2023,19:32:00
8a8a70f0a445691a0358580bddaade9beb268d4c62bfd397fdecc77b06511ec133cb6edd8552107b53e5da152e3b075b87d73748428541aafadc73238fb7dbad,2022-07-15 22:50:00,RAIN,DARKNESS,WET,ON SCENE,07/16/2022 01:28:00 AM,41.887464397,-87.617860231,POINT (-87.617860231068 41.887464396646),C,7,2022,22:50:00
8a8aa935f56ae2f8436c83cb793737020660e3cb4c9d61cdd1bfe6948a3396baf1700473962c62c72c42ea31543da17972492bb1635bfbb48939575b059ce5d1,2023-09-28 10:42:00,RAIN,DAYLIGHT,WET,ON SCENE,09/28/2023 10:43:00 AM,41.859212707,-87.703903685,POINT (-87.703903684751 41.859212707127),C,9,2023,10:42:00
8afa1b415256e7fb85c13e6917b201c297c036fbcb2ee33e9e48ac1fed280d21f145646b64c3c3e8919643da2841267bd1cf07b044596904915adff089e6fd2c,2019-07-26 17:50:00,CLEAR,DAYLIGHT,DRY,ON SCENE,07/26/2019 05:54:00 PM,41.879390099,-87.757804227,POINT (-87.757804226797 41.879390099034),C,7,2019,17:50:00
8b14885512809e7b4ff5579025e0df6dfb2a1791ed688443d89104e6dbefef4e24565736843155242e618b07309de920390170f3a6efdcd479add0b8749958f7,2023-03-22 14:18:00,CLEAR,DAYLIGHT,DRY,ON SCENE,03/22/2023 03:56:00 PM,41.908071922,-87.681479425,POINT (-87.681479425224 41.90807192199),C,3,2023,14:18:00
8b1b81a24b68c04ce0ec1ccdc0a256c2bc765af354063389257f6d42f5029aa099639de639e20841db91226b24622d081b4ef36d35e0321daf4554e43d5b7d3e,2019-11-16 09:00:00,CLEAR,DAYLIGHT,DRY,ON SCENE,11/16/2019 10:18:00 AM,41.873193609,-87.617228294,POINT (-87.617228294467 41.873193608809),C,11,2019,09:00:00
8b3cd8ed039c7d22772f4dd84e58381f0d9682fa50c28622ac8643cf74262379ef59e7d1e1cd9defbffbb4b08812d15f5bc7fee58f0c3df18dd164bcfeaba6db,2019-07-13 16:45:00,CLEAR,DAYLIGHT,DRY,ON SCENE,07/13/2019 04:52:00 PM,41.775060205,-87.683384108,POINT (-87.683384108058 41.775060205346),C,7,2019,16:45:00
8b5a6e06da530063b47951fa19f43f09aa7372315cc2671b2da5450e209ef8b4f494dd283d8c2fcb7164309567d8409bdf50df7d0e35b4983026b138a23938d3,2022-08-28 19:02:00,SEVERE CROSS WIND GATE,DARKNESS,WET,NOT ON SCENE (DESK REPORT),08/29/2022 02:00:00 PM,42.007262892,-87.807799908,POINT (-87.807799908403 42.00726289238),C,8,2022,19:02:00
8b6633c68e5baf96dbe09ea29dad6aa722570e6b4ca83736eff87f7ec09317dfeda9cc5a6dbc91fa357e67fa48933aae6a0eb8ad4f01b60b7025e8a547da364c,2024-08-11 15:00:00,CLEAR,DAYLIGHT,DRY,ON SCENE,08/11/2024 03:55:00 PM,41.727691926,-87.552716858,POINT (-87.55271685802 41.727691925986),C,8,2024,15:00:00